race_id,field_size,winner_rank,winner_probability,race_logloss
10146908,7,1,0.3159186542034149,1.1522705219412324
10146774,13,1,0.21561485528945923,1.5342615402362443
10147275,7,2,0.21925006806850433,1.5175423372692116
10146842,8,1,0.23946517705917358,1.429347271202873
10146777,12,2,0.22193790972232819,1.5053576221647218
10147277,7,2,0.21027304232120514,1.5593483912651687
10146901,6,1,0.44184595346450806,0.8167939792257087
10150557,6,2,0.3066394031047821,1.1820828044784484
10146843,11,2,0.20640350878238678,1.5779222456045616
10150516,8,4,0.14939425885677338,1.9011664350219728
10147270,6,4,0.18376769125461578,1.6940828665870258
10150498,6,1,0.31191790103912354,1.1650152634945694
10146907,8,4,0.17666226625442505,1.733515469408109
10150774,10,3,0.09890207648277283,2.313625044792556
10150558,12,3,0.17489305138587952,1.7435806268155287
10146836,7,1,0.3795250952243805,0.9688345572592846
10150518,13,1,0.43138015270233154,0.8407655528023174
10146780,11,4,0.0713026225566864,2.6408221702371164
10147276,11,1,0.36614060401916504,1.0047378553660724
10150501,5,1,0.4224780797958374,0.8616177156708631
10146904,9,3,0.17764103412628174,1.7279904271032047
10150775,7,2,0.26357704401016235,1.3334095666021673
10150562,9,4,0.12105248123407364,2.111531098211499
10150914,5,1,0.5085625052452087,0.6761671502114673
10146837,10,3,0.1840287446975708,1.6926633123919597
10150512,13,4,0.048148345202207565,3.033468508883979
10146772,9,6,0.03663017973303795,3.3068827954866093
10147273,7,7,0.03244795650243759,3.4281178115457034
10146905,10,4,0.1281992346048355,2.054169704834486
10150776,4,1,0.39769309759140015,0.922074682736556
10150561,8,2,0.27471038699150085,1.2920378744679906
10150915,5,5,0.08891666680574417,2.420055675904251
10146835,6,1,0.3227734863758087,1.1308044823419738
10146775,9,2,0.2716113328933716,1.3033831577565884
10147456,6,1,0.27542638778686523,1.289434881058109
10147271,9,1,0.424726665019989,0.8563094580911311
10150499,7,2,0.2625838816165924,1.3371846989797813
10146974,8,4,0.05921206995844841,2.8266298734405333
10146903,8,3,0.16839776933193207,1.7814264235090773
10150777,8,1,0.3058282434940338,1.1847316303863298
10150559,10,5,0.07170172780752182,2.6352404339329913
10150918,10,1,0.2789176404476166,1.2768387362678038
10146839,9,2,0.21590687334537506,1.532908106185932
10150514,14,1,0.2761736512184143,1.2867254400289192
10146779,6,1,0.31904125213623047,1.1424348675165454
10147455,10,2,0.14053885638713837,1.962271270527852
10147272,9,2,0.18616607785224915,1.6811161119808231
10150500,6,2,0.2307906299829483,1.4662443431664716
10146975,8,1,0.35725459456443787,1.029306601332712
10146900,8,2,0.21847252547740936,1.521095013874774
10150773,8,7,0.0454680360853672,3.090745703514828
10150563,9,7,0.04924997314810753,3.0108464565802784
10150916,8,2,0.16512136161327362,1.8010745505185202
10146841,13,8,0.04671372100710869,3.0637173457461055
10150515,9,1,0.48333457112312317,0.7270461712945131
10146773,10,1,0.35848698019981384,1.025862937036227
10147458,12,1,0.21943619847297668,1.5166937562679919
10147269,10,9,0.03656471148133278,3.3086716708596744
10150496,9,3,0.18350978195667267,1.6954873052425241
10146906,11,1,0.41250306367874146,0.8855116461350029
10150560,6,1,0.39317256212234497,0.9335066741145692
10150920,6,2,0.2252132147550583,1.4907077043535824
10146840,14,3,0.1405019462108612,1.9625339382696758
10150517,14,1,0.2544505298137665,1.3686488437574156
10146776,10,1,0.20280145108699799,1.5955278520293765
10150544,10,5,0.1255933940410614,2.0747056215456947
10150497,7,1,0.3918560743331909,0.936860663923712
10147460,11,1,0.22009584307670593,1.5136921771491734
10146978,9,3,0.18884088099002838,1.666850518042595
10147274,9,5,0.11642294377088547,2.150525651674982
10146902,10,6,0.06957536190748215,2.665344769895143
10150556,9,1,0.38831445574760437,0.9459398146407821
10150917,10,1,0.25793203711509705,1.3550591507967056
10146838,14,4,0.10637445002794266,2.2407898622270626
10146771,10,9,0.017570624127984047,4.041526855047271
10150545,7,5,0.13264842331409454,2.0200530845293785
10146979,5,1,0.3332172930240631,1.098960470204077
10147457,10,3,0.21498443186283112,1.537189663416521
10147278,12,2,0.1428443044424057,1.9460000219969253
10150919,5,2,0.3101017475128174,1.170854817571337
10150543,10,5,0.11160218715667725,2.1928146310488565
10146977,7,5,0.07771044969558716,2.554765542934503
10147459,12,5,0.07274609804153442,2.620780009536864
10150539,10,4,0.13143420219421387,2.0292489161300282
10147452,14,1,0.3256377875804901,1.1219695963650027
10150540,7,7,0.03676320239901543,3.3032578688849448
10147454,16,1,0.363538920879364,1.0118689151699565
10150541,10,4,0.0844220370054245,2.471926809501404
10147453,12,2,0.20868729054927826,1.5669183649360146
10150542,5,3,0.16358710825443268,1.8104096583191833
10168663,8,3,0.1673380732536316,1.7877391221427754
10168658,10,2,0.24818681180477142,1.393573542978837
10168659,14,1,0.4943932890892029,0.7044239467794813
10168666,11,5,0.10420658439397812,2.2613799616978696
10168661,14,12,0.020389340817928314,3.892743023612407
10172223,5,2,0.3201730251312256,1.1388937257807692
10172322,7,1,0.41740506887435913,0.8736981404876198
10172358,11,3,0.16137246787548065,1.824040120872714
10168664,8,6,0.06148560717701912,2.7889521612008403
10172222,9,1,0.2752304673194885,1.2901464693143054
10172325,11,4,0.10884974151849747,2.2177868659622093
10172357,14,5,0.04471834376454353,3.1073714864977067
10172216,7,4,0.14134809374809265,1.95652968097456
10168665,10,4,0.12906061112880707,2.047473131255474
10172324,11,1,0.416092187166214,0.8768484395064237
10172337,6,4,0.14455343782901764,1.9341060278277211
10172224,4,2,0.3037407696247101,1.1915806728559035
10168660,13,1,0.2985045909881592,1.208969966072916
10172320,14,1,0.2867278754711151,1.2492216821093636
10172353,13,5,0.0628054216504097,2.7677138772214844
10172338,5,3,0.24565213918685913,1.4038388121340384
10172218,8,1,0.3716295063495636,0.9898578716706249
10172326,12,6,0.031171245500445366,3.468259227693684
10172356,8,1,0.35497117042541504,1.035718702873691
10172340,8,3,0.17076338827610016,1.7674763749602314
10172219,8,1,0.3848748803138733,0.9548369837115429
10172321,11,1,0.28094762563705444,1.2695870126536102
10172361,10,4,0.12605492770671844,2.071037532842053
10172339,11,4,0.12438476830720901,2.0843755474339787
10172217,7,3,0.19092124700546265,1.655894255305628
10172323,11,11,0.007089431397616863,4.949150139451456
10172355,10,1,0.31951576471328735,1.14094866455619
10172343,13,1,0.24281635880470276,1.4154498464292689
10172220,9,1,0.23373940587043762,1.4535484343198466
10172327,12,3,0.15100063383579254,1.8904712445879925
10169065,6,3,0.13130101561546326,2.0302627626274203
10172359,8,2,0.298444539308548,1.209171161373373
10172342,7,1,0.5929995775222778,0.5225615924260181
10172221,11,4,0.06787140667438507,2.6901404424699784
10172293,7,3,0.18692132830619812,1.6770674548933393
10169066,7,3,0.198454812169075,1.6171938512736908
10168822,9,2,0.23048251867294312,1.4675802603197947
10172281,5,1,0.3574981391429901,1.028625122056055
10172344,12,1,0.39146068692207336,0.9378701851397864
10172294,7,5,0.09662188589572906,2.3369500013573856
10169067,7,3,0.11741258949041367,2.142061141473665
10172283,5,1,0.3460823893547058,1.0610784127480954
10172341,12,7,0.04026181623339653,3.212351747185041
10172295,9,1,0.3710293173789978,0.9914741969119222
10169068,8,1,0.27988332509994507,1.2733824587264455
10168820,14,2,0.16624093055725098,1.7943171539733365
10172282,8,3,0.18660269677639008,1.6787735384954579
10172296,6,3,0.19560465216636658,1.631659737582628
10169069,8,1,0.2882964015007019,1.2437661562030464
10172285,6,2,0.2676524519920349,1.318065960996461
10172297,8,3,0.1550404578447342,1.8640691777691303
10169063,9,1,0.2976093292236328,1.2119736283168538
10168821,7,1,0.5266282558441162,0.6412603762304491
10172284,7,3,0.17691537737846375,1.732083754638624
10172291,7,5,0.08969705551862717,2.4113173363354634
10169064,11,3,0.14220695197582245,1.9504718740891471
10168823,10,1,0.2773461639881134,1.282488863518985
10172286,6,3,0.17728200554847717,1.7300135626009427
10172292,7,7,0.041394591331481934,3.1846050508526638
10168825,11,3,0.1843418926000595,1.6909631335708772
10172280,7,2,0.20992209017276764,1.5610188162791863
10168818,10,4,0.1243121549487114,2.084959498048328
10172151,5,4,0.22017283737659454,1.5133424166320535
10172117,9,4,0.160514697432518,1.829369767816324
10172152,7,1,0.45099228620529175,0.7963050433833976
10172155,8,2,0.1955624520778656,1.6318755026007332
10172121,15,4,0.10156426578760147,2.2870635203928353
10172156,9,4,0.13310667872428894,2.016604376595863
10172119,12,1,0.38165760040283203,0.9632314063471072
10172306,9,5,0.07972846925258636,2.529128551791806
10172475,7,2,0.23778627812862396,1.4363829998023718
10172318,8,1,0.3116645812988281,1.1658277294037476
10172149,11,2,0.19054965674877167,1.6578424530348077
10172298,7,1,0.3028428852558136,1.1945411384650695
10172118,12,6,0.06770961731672287,2.6925270512990647
10172234,6,2,0.22861889004707336,1.4756988974086542
10172478,5,3,0.22569480538368225,1.4885716110031186
10172316,13,1,0.28619131445884705,1.251094760123061
10172374,7,1,0.37011152505874634,0.993950899683778
10172153,8,1,0.19837605953216553,1.6175907590929122
10176190,8,2,0.20514783263206482,1.5840244249459243
10172303,7,3,0.19796398282051086,1.6196701697812281
10172116,11,7,0.06471603363752365,2.737746293067817
10172232,8,3,0.17133356630802155,1.7641429424215613
10172480,5,3,0.20756220817565918,1.5723241858050439
10176065,10,6,0.034796394407749176,3.3582415065422135
10172365,7,2,0.26483842730522156,1.3286353472257788
10172150,9,2,0.15337428450584412,1.874874040960514
10176191,6,1,0.5836511850357056,0.5384517604979554
10168710,4,1,0.5759694576263428,0.5517006446463845
10172305,13,2,0.20861037075519562,1.56728702166279
10176082,5,1,0.43123742938041687,0.841096460324217
10172122,18,12,0.03251483663916588,3.426058781842
10176202,15,3,0.13688232004642487,1.9886337000501328
10172236,9,5,0.07192251086235046,2.632165977549
10172473,6,1,0.3788726031780243,0.9705552697791803
10176060,9,2,0.2918778359889984,1.2314199341556498
10176045,6,2,0.24072173237800598,1.4241136500345066
10172154,12,2,0.2125851809978485,1.5484125191826854
10176195,5,1,0.5608999729156494,0.5782126907551541
10168711,4,1,0.38606682419776917,0.9517448048174495
10172304,9,1,0.3305469751358032,1.1070064962478898
10176084,8,1,0.48299434781074524,0.7277503276532221
10172115,17,1,0.2896726727485657,1.2390037081398602
10176199,9,2,0.1815250962972641,1.706361363225599
10172474,5,2,0.27532482147216797,1.2898037093571346
10176061,10,2,0.2006266564130783,1.6063095288673748
10172314,9,1,0.24278631806373596,1.4155735720281426
10176041,7,1,0.4146275520324707,0.8803746266962488
10172366,12,1,0.23362992703914642,1.4540169239086351
10176192,6,3,0.19285795092582703,1.6458013666279834
10168712,7,3,0.16555887460708618,1.7984284096175438
10172301,9,1,0.22064080834388733,1.5112192013112997
10176083,9,1,0.24406421184539795,1.4103239250095114
10172114,12,4,0.08232441544532776,2.4970875513179185
10176200,14,1,0.4095965623855591,0.8925825979054384
10172228,9,1,0.42302006483078003,0.8603356664727111
10172479,4,3,0.07411929965019226,2.6020793264737274
10176062,10,3,0.12290910631418228,2.0963101698403244
10172310,9,3,0.19166257977485657,1.6520188499940247
10172663,8,1,0.3916969895362854,0.9372667239761245
10176042,10,4,0.09711163491010666,2.3318940868662006
10172372,8,1,0.2845239043235779,1.2569380067184337
10176194,6,2,0.2775012254714966,1.2819299296918976
10172307,8,1,0.2636566162109375,1.3331077186460032
10176085,11,3,0.14793553948402405,1.9109786441217358
10176198,10,2,0.22683927416801453,1.483513555594495
10172230,11,5,0.04728037118911743,3.051660055045454
10172476,4,1,0.30243873596191406,1.1958765477680877
10176063,10,6,0.08578997850418091,2.45585307996052
10172312,14,2,0.1745031774044037,1.7458123288842056
10172671,9,1,0.4146798551082611,0.8802484899334286
10176043,10,2,0.188275545835495,1.6698487198593943
10172371,11,3,0.10930242389440536,2.213636707518501
10176196,6,2,0.30028796195983887,1.2030133915101695
10168707,8,2,0.21762296557426453,1.5249912292464307
10172302,16,5,0.0710315927863121,2.644630532088793
10176086,11,8,0.023780275136232376,3.7388988177177893
10172608,8,4,0.10298854857683182,2.27313747579904
10176204,8,3,0.15282507240772247,1.8784613292724497
10172235,15,9,0.03842915967106819,3.2589387411272024
10172477,5,4,0.09202231466770172,2.3857241806078826
10176064,10,5,0.11406837403774261,2.170957238118238
10172313,7,2,0.26675406098365784,1.3214281649849189
10172664,14,3,0.12964065372943878,2.042988858069246
10176044,9,5,0.11567128449678421,2.1570028648969917
10172370,10,3,0.19046881794929504,1.658266783118821
10168708,10,7,0.04834850877523422,3.0293198998493827
10176193,6,4,0.11553535610437393,2.158178682405671
10172299,13,1,0.20024342834949493,1.6082215108031521
10176080,12,7,0.045799944549798965,3.08347239856581
10172611,5,3,0.1885916292667389,1.6681712932951231
10176203,8,4,0.10596869885921478,2.244611522258856
10172233,11,10,0.01718500815331936,4.063717894236498
10176066,10,7,0.025329573079943657,3.6757826694357507
10172319,9,3,0.1267450600862503,2.0655776109488366
10172665,10,2,0.2569211721420288,1.3589859643188609
10176046,10,1,0.5333837866783142,0.6285140638748349
10172367,11,3,0.1984577178955078,1.6171792096274198
10168709,8,4,0.10392273217439651,2.2641076158337925
10176189,7,7,0.021835273131728172,3.8242285832275806
10172300,10,1,0.3089688718318939,1.174514745566956
10176081,14,3,0.09225538372993469,2.3831946375482973
10172610,7,4,0.08500523120164871,2.465042480836739
10176197,14,8,0.04436391219496727,3.115328928437181
10172231,12,4,0.13013502955436707,2.039182678710855
10172317,11,1,0.3016888499259949,1.1983590909876538
10172667,10,2,0.2045591026544571,1.5868983347195378
10172373,11,3,0.16258259117603302,1.8165691529383796
10176096,9,1,0.35391345620155334,1.0387028697439156
10172612,10,2,0.10474008321762085,2.2562733956149676
10176201,11,8,0.026998892426490784,3.6119594350602844
10172666,10,1,0.29695311188697815,1.2141810250770189
10172368,10,3,0.1241508424282074,2.086257981483465
10176097,9,2,0.23498642444610596,1.4482275348210742
10172606,9,2,0.2521320581436157,1.377802288479412
10172669,12,4,0.11015065014362335,2.205906303403284
10176099,10,1,0.33917364478111267,1.0812430762519376
10172609,9,4,0.10296226292848587,2.2733927372208966
10172668,15,15,0.007089570630341768,4.949130500167303
10176098,8,1,0.2722608745098114,1.3009945748636995
10172607,10,4,0.09205052256584167,2.385417694340982
10172670,15,4,0.12245197594165802,2.100036358991755
10176100,7,5,0.0940171629190445,2.3642779291334537
10176101,5,1,0.5171986222267151,0.659328295996113
10176095,8,2,0.26635804772377014,1.3229138312313224
10172142,5,3,0.0657859519124031,2.721348960216535
10172139,8,1,0.356047660112381,1.0326906803706237
10172169,11,2,0.20829728245735168,1.568788977092433
10172145,9,2,0.2588546574115753,1.3514885430915335
10172174,4,4,0.13073422014713287,2.0345888705316133
10172140,8,4,0.13533367216587067,2.0000119043629487
10172171,10,4,0.08621007949113846,2.450968176696717
10172141,10,4,0.06324652582406998,2.760715080565776
10172173,6,4,0.13591285049915314,1.9957414038027468
10176069,7,1,0.3660738468170166,1.0049201986734386
10176148,11,2,0.25654634833335876,1.360445935437975
10176340,6,2,0.3787340819835663,0.9709209508079111
10176028,5,4,0.0932118147611618,2.3728807975013284
10172144,10,1,0.28998395800590515,1.237929674752688
10176026,7,1,0.53920578956604,0.6176579821159426
10172168,9,1,0.2684730589389801,1.3150047092147144
10176075,7,5,0.03259995952248573,3.423444232251788
10176154,10,8,0.024137521162629128,3.7239877544747397
10176336,7,5,0.10305356979370117,2.2725063308705957
10172146,11,1,0.2970986068248749,1.213691185771036
10176029,6,3,0.1399385929107666,1.966551574661582
10176020,11,3,0.13078629970550537,2.0341905877575477
10172172,8,2,0.2579597532749176,1.3549517012874732
10176071,9,5,0.13243523240089417,2.0216615651321486
10176149,9,1,0.32291892170906067,1.1303540036499824
10176334,9,4,0.09769156575202942,2.3259400516841424
10172143,11,1,0.31229931116104126,1.1637932203918504
10176030,8,1,0.3546958565711975,1.0364945987729117
10176021,9,1,0.2167367786169052,1.5290716634892005
10176236,8,2,0.2567635476589203,1.3595996656106446
10172170,5,2,0.2288215309381485,1.4748129201533253
10176070,8,1,0.38789379596710205,0.947023698561768
10176150,11,2,0.2136303037405014,1.543508310514604
10176337,10,1,0.4886060655117035,0.7161987061714831
10176031,9,1,0.3121599853038788,1.1642394491861467
10176022,8,2,0.20309124886989594,1.5940998991138824
10176234,11,2,0.23129315674304962,1.4640692962479207
10172175,12,2,0.21618440747261047,1.5316234972261027
10176073,14,2,0.14884169399738312,1.9048719942369643
10176151,10,2,0.22279973328113556,1.5014819680520965
10176339,8,1,0.21988506615161896,1.5146502957256405
10176034,11,2,0.26565900444984436,1.3255417307445456
10176023,8,2,0.25596222281455994,1.3627254125223
10176230,12,1,0.2363813817501068,1.4423087539539765
10176359,6,1,0.33182352781295776,1.1031519941166217
10176072,10,8,0.023630408570170403,3.745220897616656
10176338,9,2,0.26103976368904114,1.343082531964716
10176153,8,2,0.29060742259025574,1.2357819858794632
10176024,8,1,0.2394857406616211,1.4292614018509233
10176033,10,2,0.19092757999897003,1.6558610851447682
10176231,14,3,0.11830825358629227,2.1344617421619003
10176364,13,2,0.25769978761672974,1.3559599854734403
10176074,14,11,0.02041126787662506,3.891668183725978
10176152,8,2,0.27430006861686707,1.2935326308859785
10176333,8,5,0.08025357127189636,2.5225640161317044
10176037,9,2,0.20336560904979706,1.5927498900478556
10176025,8,1,0.5411580801010132,0.6140438430006779
10176232,12,12,0.006464520003646612,5.0414265148902615
10176076,8,4,0.12609484791755676,2.070720893962855
10176155,11,1,0.2883996367454529,1.2434081331232705
10176335,10,9,0.023504991084337234,3.750542493815316
10176032,13,5,0.09591592848300934,2.344283216171604
10176360,15,2,0.17688575387001038,1.732251213167759
10176367,12,1,0.36303338408470154,1.0132604817705213
10176361,10,7,0.05767906829714775,2.8528609390979747
10176366,13,1,0.29815319180488586,1.2101478581042806
10176365,12,3,0.12173756957054138,2.1058876202150247
10176362,12,4,0.09447620064020157,2.359407321277969
10175988,8,2,0.1904599964618683,1.6583130987930077
10179711,9,1,0.342307984828949,1.072044406727273
10175989,5,1,0.41779592633247375,0.8727621801885038
10179717,10,2,0.31459519267082214,1.1564685692413292
10176294,6,1,0.3652225434780121,1.0072484030372106
10175990,8,4,0.10162220895290375,2.2864931756693787
10179715,8,2,0.2731235921382904,1.2978308677879826
10176293,8,1,0.3787374794483185,0.9709119802671669
10179712,9,1,0.3727278709411621,0.986906694125303
10176295,10,2,0.16960127651691437,1.7743050290199096
10175993,12,1,0.22792261838912964,1.4787491006646785
10179713,10,2,0.23968781530857086,1.4284179719228263
10176296,10,1,0.4576101005077362,0.7817377663722642
10175991,7,5,0.0921400859951973,2.3844451861646507
10179716,14,4,0.09819740056991577,2.3207755347468626
10176290,13,3,0.13816829025745392,1.979282842185286
10175987,12,2,0.1381111890077591,1.9796962007934586
10179714,14,1,0.27197352051734924,1.302050568464217
10176291,8,5,0.10043574869632721,2.29823707238737
10176292,14,6,0.0557483546435833,2.8869073821970117
10179522,6,1,0.3034398555755615,1.1925718575587598
10179382,6,1,0.35428720712661743,1.0376473752234605
10179393,8,1,0.28399205207824707,1.2588090268525114
10179529,11,2,0.18125562369823456,1.707846958428085
10179379,7,2,0.17007270455360413,1.7715292595135377
10179396,6,3,0.13849055767059326,1.9769531313423967
10179523,11,2,0.2847350239753723,1.2561962716274986
10179549,4,1,0.4125497341156006,0.8853985129221135
10179376,6,1,0.41967785358428955,0.868267877286942
10179524,13,1,0.3882116973400116,0.9462044764497477
10179390,6,1,0.3566085398197174,1.0311166259438327
10179551,4,4,0.15476764738559723,1.8658303358863353
10179526,10,6,0.021408578380942345,3.843963578354265
10179391,8,2,0.39025625586509705,0.9409516893112451
10179521,9,2,0.20287302136421204,1.595175006174797
10179381,8,3,0.10790847986936569,2.2264718197285545
10179392,8,2,0.20366311073303223,1.591288068207018
10179546,7,1,0.3579038679599762,1.0274908538922607
10179525,12,4,0.12561863660812378,2.0745046553174284
10179380,11,3,0.1594129055738449,1.8362575524539193
10179394,11,3,0.13401514291763306,2.0098024785680106
10179527,12,4,0.11035871505737305,2.204019172892452
10179547,6,1,0.29150843620300293,1.2326863329482602
10179378,8,2,0.21614901721477509,1.5317872146529476
10179395,8,1,0.34359118342399597,1.0683027486191847
10179550,9,3,0.13676369190216064,1.9895007190930984
10179548,8,2,0.15103577077388763,1.8902385776795183
10190307,10,6,0.009333806112408638,4.674112403857033
10179440,12,1,0.3377224802970886,1.085530784966753
10179438,13,1,0.36526569724082947,1.0071302525716395
10190324,9,1,0.6765239834785461,0.3907873797032655
10190314,12,2,0.24373213946819305,1.4116854457654933
10179441,7,1,0.2437649518251419,1.4115508301643567
10190323,11,1,0.49324455857276917,0.7067501659238024
10190272,8,3,0.20508475601673126,1.5843319413040877
10190312,14,8,0.041504018008708954,3.181965036945226
10179446,13,7,0.0529952198266983,2.9375535614466424
10190273,7,1,0.5679617524147034,0.5657011998263007
10190309,12,2,0.1439993679523468,1.937946368635583
10179442,6,1,0.43267714977264404,0.837763441621231
10190430,7,6,0.01796668954193592,4.019235816530025
10190325,10,2,0.24302202463150024,1.4146032034051914
10190271,10,2,0.2577342092990875,1.3558264215928468
10190310,14,1,0.30103474855422974,1.2005295771946127
10190375,6,1,0.3565506339073181,1.0312790186176137
10179445,7,2,0.29214349389076233,1.2305101799857419
10190432,7,2,0.2150399386882782,1.5369315067651468
10190322,12,2,0.19220520555973053,1.6491916987350297
10190267,7,4,0.1879274845123291,1.6716991112406443
10190306,12,3,0.1695193499326706,1.774788199782451
10190376,10,1,0.3093501627445221,1.173281430919866
10179443,6,1,0.23691853880882263,1.4400389150378472
10190429,10,2,0.22060418128967285,1.5113852181734018
10190319,12,2,0.2237124890089035,1.4973935827690648
10190268,5,2,0.2488006055355072,1.3911034842956886
10190550,4,3,0.2738220989704132,1.2952766572942087
10190308,9,4,0.10738711804151535,2.2313150478487285
10190373,9,2,0.2403308004140854,1.4257389696132678
10179439,12,1,0.38286808133125305,0.9600647842993484
10190426,8,1,0.39929941296577454,0.9180437350723829
10190320,9,1,0.2674282193183899,1.3189040876520997
10190269,7,4,0.12871113419532776,2.0501846553378615
10190551,10,1,0.438522070646286,0.8243451362899149
10190370,9,1,0.4449651837348938,0.8097592386747027
10179444,15,6,0.059177469462156296,2.8272143929419453
10190427,10,7,0.01760312169790268,4.039679023467071
10190321,12,3,0.172507643699646,1.7573137321901438
10190270,7,5,0.09923454374074936,2.310269102113897
10190547,12,3,0.18160367012023926,1.70592860310595
10190377,14,4,0.11050393432378769,2.202704153918003
10179447,10,8,0.0424310639500618,3.159874544662494
10190428,8,3,0.18088982999324799,1.7098671071040288
10190371,8,3,0.16131077706813812,1.8244224822692898
10190431,10,1,0.24044333398342133,1.4252708347310445
10190374,7,1,0.3949800729751587,0.9289199635177219
10190548,11,5,0.0742926150560379,2.5997437257913236
10190372,11,6,0.048260919749736786,3.0311331607460366
10190549,13,2,0.16047227382659912,1.8296341000787801
10190553,11,2,0.22166524827480316,1.5065869257751512
10193783,6,4,0.09136038273572922,2.3929433437691885
10193786,8,1,0.20838482677936554,1.568368779914002
10193784,9,4,0.07797207683324814,2.5514045057033496
10193905,8,1,0.3568934500217438,1.0303180010731923
10193787,8,5,0.11437393724918365,2.168282047240037
10193907,7,4,0.07160564512014389,2.6365813656633303
10193788,7,1,0.2804977297782898,1.2711896475341713
10193906,8,1,0.46372267603874207,0.7684685863893286
10193789,12,3,0.16600540280342102,1.795734944146676
10193908,12,2,0.28289520740509033,1.2626787417686618
10193785,7,5,0.08128000795841217,2.5098551972384344
10190900,9,5,0.037414614111185074,3.285693899249225
10193903,12,1,0.2455429881811142,1.4042832424691942
10193790,8,2,0.24255426228046417,1.4165298316542818
10193917,5,5,0.10628107190132141,2.2416680725060676
10190898,12,2,0.21383891999721527,1.5425322576823004
10193904,10,3,0.20056243240833282,1.6066296971226122
10193918,8,3,0.2324468493461609,1.4590936850515723
10190901,11,2,0.2497057467699051,1.3874720672639864
10190899,12,2,0.3529728651046753,1.0413640943952982
10193923,12,2,0.23797282576560974,1.4355987892848254
10190895,8,2,0.23634491860866547,1.4424630214084675
10193921,9,1,0.2800072133541107,1.2729399141657547
10190896,11,1,0.362497478723526,1.0147377599570409
10193916,9,1,0.363405704498291,1.0122354255695487
10190897,13,1,0.2905396521091461,1.2360152159321203
10193919,10,2,0.17528164386749268,1.741361205216011
10193922,11,1,0.37083911895751953,0.9919869520483577
10193739,9,2,0.13599832355976105,1.9951127200885233
10193737,6,2,0.25613492727279663,1.36205091369037
10197707,10,1,0.27020320296287537,1.3085809994816067
10190345,6,2,0.37628644704818726,0.9774045983795101
10197617,6,1,0.40475550293922424,0.9044720906200296
10197730,12,1,0.47921907901763916,0.7355974186628669
10193736,11,1,0.4536582827568054,0.7904110454998775
10197715,8,3,0.12531553208827972,2.076920465558274
10190342,7,1,0.3120112121105194,1.1647161555666816
10197618,8,6,0.06682787090539932,2.7056350563326603
10197725,9,4,0.08954628556966782,2.4129996301780343
10197712,6,1,0.2518939673900604,1.3787470443420184
10190346,10,2,0.26631027460098267,1.3230932041015058
10197727,9,1,0.47248828411102295,0.7497423278879805
10193738,13,5,0.05445421487092972,2.910395024501137
10197709,7,1,0.38381609320640564,0.9575917650567629
10197622,8,1,0.28716084361076355,1.2477127895056266
10197723,12,2,0.2313525378704071,1.463812593858274
10193743,10,1,0.27704107761383057,1.2835894891545936
10197710,15,1,0.28464826941490173,1.2565010032982342
10190340,9,2,0.208462655544281,1.5679953638847821
10197616,7,2,0.264261394739151,1.3308165341050864
10197724,12,1,0.31212449073791504,1.1643531619801186
10193741,9,1,0.27541762590408325,1.2894666936314145
10197708,9,4,0.10631434619426727,2.24135504324593
10190344,10,2,0.16344495117664337,1.8112790353887607
10197621,11,3,0.16170771420001984,1.8219648066723255
10197728,9,4,0.14109182357788086,1.95834436951409
10193742,8,3,0.185553640127182,1.6844112736287162
10197716,15,1,0.22867351770401,1.4754599795684689
10190347,10,2,0.22318404912948608,1.499758515502317
10197623,10,2,0.17188940942287445,1.7609039774332176
10197729,13,3,0.11648544669151306,2.1499889348825647
10197713,10,1,0.2641412317752838,1.3312713500348679
10190343,14,8,0.05752883106470108,2.855469047021844
10197619,9,6,0.0502624474465847,2.9904970523383074
10197726,12,8,0.03239716216921806,3.429684447389664
10197711,16,1,0.2553165853023529,1.3652509928715861
10190341,10,2,0.18068133294582367,1.7110203908384896
10197633,9,3,0.1536916345357895,1.8728070571420323
10197593,6,1,0.35153433680534363,1.0454478860007441
10197714,14,1,0.3055809736251831,1.1855404827078468
10197634,9,4,0.09603060781955719,2.343088306876527
10197589,7,2,0.22078728675842285,1.5105555443237315
10197636,7,3,0.15885108709335327,1.8397880747687616
10197595,6,2,0.2393455058336258,1.4298471398662729
10197635,10,3,0.09985475987195969,2.3040385500315677
10197590,7,3,0.13483868539333344,2.0036761380457855
10197637,9,1,0.40201929211616516,0.9112552011758962
10197591,7,2,0.2820487320423126,1.265675414313037
10197638,8,8,0.048836514353752136,3.019277000964792
10197594,9,1,0.3368659019470215,1.0880703448909341
10197632,8,2,0.1802421659231186,1.7134539660466475
10197483,12,7,0.014261892065405846,4.250164189389108
10197515,7,5,0.09983015805482864,2.3042849563952625
10197479,12,2,0.2304730862379074,1.4676211858880557
10197480,7,2,0.2872718870639801,1.2473261699811113
10197481,9,2,0.19885562360286713,1.6151762271003804
10197517,11,2,0.1762675642967224,1.7357521866708063
10197674,8,2,0.28730058670043945,1.2472262708811939
10197475,14,9,0.026156052947044373,3.6436746450060475
10197575,6,2,0.20031584799289703,1.6078599181577267
10197605,13,5,0.1466282606124878,1.9198547344894252
10197523,13,6,0.07813272625207901,2.5493462797888498
10197579,12,1,0.46656352281570435,0.7623610990137539
10197482,9,4,0.12476328760385513,2.081337036164149
10201163,14,1,0.3235079050064087,1.1285317294621173
10197610,15,3,0.14591117203235626,1.924757253168004
10197804,7,4,0.12079670280218124,2.113646288537859
10197676,7,2,0.25351953506469727,1.372314397520776
10197522,15,2,0.1880168318748474,1.6712237889106825
10197578,7,2,0.18616245687007904,1.6811355624490658
10197477,9,1,0.22310218214988708,1.500125396552098
10201160,10,3,0.141233891248703,1.9573379597160974
10197608,13,6,0.08989790081977844,2.4090806879464983
10197800,13,1,0.23672831058502197,1.4408421642699372
10201091,8,5,0.09883841872215271,2.3142688963491453
10197670,8,4,0.1436356157064438,1.9404756328800892
10197518,16,5,0.0963304415345192,2.339970898661195
10197574,8,4,0.12765920162200928,2.0583910531138625
10200941,9,4,0.1257394701242447,2.0735432100949156
10201149,5,2,0.21193931996822357,1.551455271845749
10197478,9,1,0.25845611095428467,1.3530293829909297
10201162,14,1,0.36972254514694214,0.9950024326242333
10197609,8,2,0.18820467591285706,1.6702252066939267
10197801,8,3,0.1383030116558075,1.9783082642953964
10201093,9,1,0.4310147762298584,0.8416129058700992
10197673,8,2,0.1684393584728241,1.781179484334798
10200937,6,2,0.2699160575866699,1.3096442661496595
10197520,16,5,0.06975269317626953,2.662799247179922
10201150,5,1,0.4998829662799835,0.693381275398037
10197577,9,2,0.19441744685173035,1.6377476438031526
10197476,10,5,0.06653257459402084,2.7100636077353903
10201164,9,1,0.3189661502838135,1.1426702937905322
10197612,10,8,0.008915397338569164,4.719975458994593
10198043,10,2,0.26138660311698914,1.341754729614208
10197805,10,1,0.4081381559371948,0.8961495444028152
10201087,7,2,0.16372749209403992,1.809551866775111
10197672,11,2,0.18774348497390747,1.6726786894784127
10200939,7,1,0.33652815222740173,1.0890734715026054
10197524,16,7,0.03613024577498436,3.3206249313274756
10201153,8,1,0.5141957402229309,0.6651512684652328
10197570,8,2,0.1791495531797409,1.7195343293468108
10197778,5,2,0.19436775147914886,1.6380032881695816
10201159,10,1,0.28995826840400696,1.2380182684116599
10197611,10,3,0.14926289021968842,1.9020461638077302
10198035,8,1,0.29465025663375854,1.2219661967202857
10197798,11,2,0.21788252890110016,1.5237992196811667
10201088,10,1,0.3910687565803528,0.9388718864246313
10197667,10,3,0.15186113119125366,1.884788786316234
10200936,13,8,0.04124343767762184,3.18826326546017
10201151,6,3,0.15167905390262604,1.8859884779511942
10197571,7,4,0.1417028307914734,1.9540231551281424
10197781,12,3,0.15052494406700134,1.893626467217801
10201157,11,4,0.11763148754835129,2.140198528095092
10197606,8,1,0.32825547456741333,1.1139630878959221
10197802,10,7,0.08993729203939438,2.408642606616369
10201092,9,1,0.2575587034225464,1.356507610404083
10197671,10,2,0.20692436397075653,1.5754019439341085
10197969,8,1,0.33067071437835693,1.1066322193767157
10200935,11,1,0.34852492809295654,1.054045521661186
10201152,7,7,0.04395036771893501,3.1246942881297515
10197779,9,3,0.16179054975509644,1.8214526830159306
10197572,9,1,0.26023027300834656,1.3461883745200878
10201161,11,4,0.11605819314718246,2.1536635486057034
10197604,9,1,0.37307700514793396,0.9859704325280162
10198042,7,1,0.4416763186454773,0.8171779759317795
10197803,11,6,0.057004865258932114,2.864618659370292
10201089,13,3,0.18270893394947052,1.699860917234495
10197678,15,7,0.04163269326090813,3.1788695246743313
10200938,15,3,0.17338927090168,1.752216091396159
10197965,10,5,0.08897112309932709,2.419443421456511
10201154,8,1,0.3212912082672119,1.1354073762374621
10197573,12,6,0.0768953338265419,2.565310082770044
10197782,4,2,0.28620317578315735,1.2510533155441415
10201158,11,1,0.3983568847179413,0.9204069802175233
10197613,12,4,0.13728585839271545,1.9856899693809156
10198041,12,1,0.2630484998226166,1.335416853833875
10197806,12,8,0.0248565636575222,3.6946334302285613
10201090,11,1,0.26307952404022217,1.3352989197332972
10197669,11,1,0.33181995153427124,1.1031627718272385
10200940,13,6,0.11098227649927139,2.198384761596338
10197966,10,4,0.12198863178491592,2.1038274206814545
10201148,10,2,0.2233392596244812,1.4990633199852932
10197780,5,1,0.43910691142082214,0.8230123615683483
10197576,13,11,0.02280733361840248,3.7806731448100575
10197607,12,1,0.2698907256126404,1.3097381218581705
10198036,8,4,0.12561734020709991,2.0745149755035763
10197799,10,5,0.07971026003360748,2.529356968301892
10197967,9,1,0.3346012830734253,1.0948156557881545
10197777,11,3,0.13336841762065887,2.0146399230005168
10198039,15,2,0.24448442459106445,1.40860367520037
10197797,13,2,0.14050783216953278,1.9624920467831493
10201134,8,5,0.10389433056116104,2.2643809486683386
10197968,9,3,0.15008774399757385,1.896535195924456
10198044,11,2,0.20894965529441833,1.5656619397932425
10201132,7,4,0.15071453154087067,1.8923677510517467
10197970,12,1,0.28467056155204773,1.2564226916881316
10198037,13,7,0.05401892215013504,2.9184208836094885
10201130,11,3,0.08827634900808334,2.4272830554030222
10197971,10,4,0.1277058720588684,2.058025533767728
10198040,11,4,0.14497335255146027,1.9312053289575208
10201131,13,5,0.07363291084766388,2.608663194936464
10201133,7,4,0.14054521918296814,1.9622259972706035
10201128,8,2,0.21842743456363678,1.521301426866565
10197491,8,1,0.3736410140991211,0.9844597978736862
10197494,14,6,0.07803072035312653,2.550652679150257
10201171,8,2,0.22082656621932983,1.5103776537945024
10197499,8,1,0.3521874248981476,1.043591787992011
10200957,5,1,0.33427977561950684,1.0957769850842984
10201174,4,1,0.5348642468452454,0.6257423084991353
10197493,7,2,0.24365009367465973,1.4120221252286707
10200986,9,7,0.040559567511081696,3.2049835826978317
10201136,8,6,0.020452436059713364,3.889653280863505
10200960,5,3,0.15279118716716766,1.8786830795205602
10201167,6,2,0.2472887933254242,1.3971984215938889
10201240,6,1,0.46883565187454224,0.7575029943904896
10197495,12,9,0.0672391951084137,2.699498940941481
10200990,6,1,0.4410993754863739,0.8184850876818714
10200962,10,1,0.5863332152366638,0.5338670243282907
10201169,8,1,0.5273692607879639,0.6398542911984831
10201241,5,3,0.23882021009922028,1.4320442691384851
10197496,11,2,0.21229934692382812,1.5497579864725328
10200987,9,6,0.05233684927225113,2.950054581012452
10200958,8,1,0.46195125579833984,0.7722959003966462
10201170,8,3,0.1679558902978897,1.7840538918038553
10201242,7,4,0.07586944103240967,2.5787412970982064
10197498,13,8,0.04972856119275093,3.0011758390538716
10200988,10,1,0.3981470465660095,0.920933878198926
10201139,7,1,0.2438197284936905,1.4113261443980065
10200961,8,2,0.17106182873249054,1.76573021629568
10201172,8,1,0.2523505389690399,1.3769361303985035
10201243,5,5,0.07281553745269775,2.6198259200036564
10200984,12,4,0.13511228561401367,2.0016491009631494
10201141,8,2,0.2255525439977646,1.4892021361057073
10200959,7,3,0.21683862805366516,1.5286018516084234
10201173,9,3,0.1933945268392563,1.6430229960569946
10201245,9,2,0.19253160059452057,1.647494979794327
10201300,10,4,0.09168524295091629,2.3893938401408565
10200985,10,7,0.027183441445231438,3.605147261452024
10201135,9,1,0.2884916067123413,1.2430892863086913
10200963,16,4,0.06319640576839447,2.76150785019978
10201168,7,4,0.12256016582250595,2.0991532200003507
10201244,12,2,0.2155202478170395,1.5347004164643991
10200989,13,1,0.2870037853717804,1.2482598738607837
10201138,9,3,0.12476342916488647,2.081335901527881
10204868,9,3,0.13048002123832703,2.036535157898645
10204785,9,3,0.1725599318742752,1.757010671695732
10204936,7,1,0.2659359276294708,1.3244998727885544
10204870,9,2,0.2766748368740082,1.2849123364257216
10204755,7,5,0.07068363577127457,2.649541192965758
10204787,6,2,0.3565758764743805,1.0312082245391285
10204869,12,1,0.3376368284225464,1.085784433280756
10204938,7,2,0.3124721050262451,1.1632400777059568
10204753,7,5,0.04781906679272652,3.040330832141824
10204867,10,1,0.40250182151794434,0.9100556566233384
10204781,7,1,0.4375421106815338,0.8265823248301264
10204937,6,1,0.29256364703178406,1.2290730392910918
10204865,12,5,0.11536452919244766,2.159658344839232
10204782,6,1,0.7044304609298706,0.3503656594991171
10204940,10,2,0.30064061284065247,1.2018397048655853
10204871,11,2,0.18088267743587494,1.7099066488449135
10204754,9,1,0.2988477647304535,1.20782098331002
10204783,6,1,0.3340379297733307,1.0965007302575338
10204939,9,2,0.2430696040391922,1.4144074402813787
10204864,10,2,0.19508805871009827,1.6343042392226559
10204749,13,4,0.12371908128261566,2.0897417569718915
10204784,6,1,0.40253448486328125,0.9099745091145964
10204866,9,4,0.11867184937000275,2.131393163285603
10204935,10,3,0.13627725839614868,1.9930638038253319
10204750,9,1,0.19796468317508698,1.6196666319996211
10204786,7,7,0.061339251697063446,2.791335319635793
10204933,9,2,0.18672651052474976,1.6781102432028436
10204751,9,1,0.4588101804256439,0.7791187047280165
10204934,5,5,0.07828716188669205,2.5473716500070305
10218747,5,1,0.37733253836631775,0.9746284156923827
10218748,9,4,0.07685168087482452,2.5658779370854616
10218749,10,6,0.02734496258199215,3.5992229505517845
10218750,9,1,0.3022613823413849,1.1964631314985892
10218764,8,3,0.17683468759059906,1.7325399512432587
10218753,12,5,0.0975450798869133,2.327440650018279
10218769,7,3,0.20684140920639038,1.5758029184508775
10218752,10,4,0.07999127358198166,2.525837730483165
10218765,9,1,0.501315712928772,0.6905192108417013
10218845,9,1,0.3847416937351227,0.9551830952288131
10218746,8,5,0.11286775767803192,2.1815384316243462
10218770,8,2,0.2303321212530136,1.468233006184352
10218751,9,3,0.1281338930130005,2.0546795226161945
10218768,11,1,0.48206639289855957,0.7296734298146328
10218771,10,1,0.4037443697452545,0.9069733494458962
10218847,11,4,0.13266026973724365,2.0199637815893148
10218766,11,2,0.17810432612895966,1.72538579853257
10218850,12,2,0.20751887559890747,1.5725329767068845
10218834,9,3,0.20129017531871796,1.6030077536937801
10215370,10,5,0.09751354157924652,2.3277640226301077
10218767,12,2,0.25821295380592346,1.3539706321691676
10218849,14,1,0.29185083508491516,1.2315124459867128
10215371,12,4,0.06532026082277298,2.728453017887646
10218836,8,1,0.3632543385028839,1.0126520330300917
10218838,4,1,0.5609161853790283,0.5781837867974777
10215372,11,3,0.1601686030626297,1.8315282494318388
10218839,12,9,0.03669775277376175,3.305039758118956
10215375,8,7,0.06875541061162949,2.6771998457266037
10218837,9,3,0.13370363414287567,2.0121296139207154
10215368,8,1,0.4063328802585602,0.9005825532018523
10218832,11,2,0.2520888149738312,1.377973813190887
10215369,8,1,0.33414772152900696,1.096172103755452
10218833,11,1,0.3117131292819977,1.1656719715624142
10218763,6,1,0.3163893222808838,1.150781791190072
10218757,7,5,0.05202712491154671,2.9559900634895047
10218758,11,3,0.1311936378479004,2.0310808956608786
10222496,10,4,0.12089276313781738,2.1128513814009615
10218762,11,4,0.04822804033756256,3.0318146773344026
10222599,5,2,0.2739957571029663,1.2946426577396315
10222492,9,4,0.1329924613237381,2.017462834143261
10222592,9,3,0.11139306426048279,2.1946902132074
10222624,10,2,0.23532453179359436,1.4467897311669193
10218759,13,5,0.10070919245481491,2.2955181978745887
10222597,8,4,0.1820182502269745,1.7036483209602538
10222493,10,2,0.18702881038188934,1.6764926077812186
10222629,9,3,0.23595133423805237,1.4441297060766192
10222587,6,2,0.24931751191616058,1.3890280465708245
10218760,13,8,0.027699336409568787,3.5863468224090584
10222600,10,2,0.2534826397895813,1.3724599403882862
10222495,9,1,0.31347283720970154,1.1600425663321547
10218761,11,7,0.05326828733086586,2.932414109295326
10222601,12,2,0.23238599300384521,1.4593555268885463
10222626,10,1,0.2793894410133362,1.275148624522159
10222984,9,1,0.24410805106163025,1.4101443194903895
10222627,11,3,0.11320159584283829,2.178585015760849
10222594,13,2,0.2508412301540375,1.3829350891810968
10222490,9,2,0.2286832630634308,1.475417363563494
10222990,6,3,0.16717666387557983,1.7887041581944818
10222630,10,6,0.024224478751420975,3.720391638406007
10222728,5,1,0.3519746959209442,1.0441959925562312
10222595,12,1,0.27329593896865845,1.2972000454023547
10222491,10,2,0.17326679825782776,1.7529226859712652
10222623,8,1,0.3335028290748596,1.0981039306793516
10222593,10,9,0.02844284102320671,3.559858783705547
10222729,5,2,0.26830145716667175,1.3156440904558335
10222598,12,5,0.1015658974647522,2.287047455056948
10222628,10,1,0.41641050577163696,0.8760837125604661
10222494,12,11,0.008195273578166962,4.804197683796648
10222730,5,4,0.1530657708644867,1.8768875750281735
10222591,11,8,0.04050373658537865,3.206361047758088
10222596,12,1,0.2817312479019165,1.2668016840822751
10222731,4,1,0.3162602484226227,1.1511898333860333
10222583,7,1,0.4384767711162567,0.824448442082152
10222584,11,4,0.030285900458693504,3.49707300616332
10222615,4,4,0.07992535084486008,2.5266621943697944
10223044,8,1,0.2510044276714325,1.3822846998807092
10222611,5,1,0.36265161633491516,1.01431264017199
10222585,7,2,0.19321686029434204,1.6439420924071477
10222612,4,2,0.3623484969139099,1.015148831596317
10222581,12,4,0.07233688980340958,2.6264210475294107
10222613,6,5,0.06940113753080368,2.6678520206699377
10222578,7,3,0.15676423907279968,1.8530122642148512
10222614,7,2,0.23341506719589233,1.4549370059609585
10222579,12,1,0.26390206813812256,1.3321771986785473
10222616,8,4,0.13054800033569336,2.036014301183774
10222582,11,2,0.15253761410713196,1.8803440634649198
10222449,6,6,0.06193239986896515,2.781711813467541
10222447,5,1,0.2963208556175232,1.2163124400503487
10222430,13,6,0.0827907845377922,2.4914385216377397
10222444,10,1,0.5113188028335571,0.6707620030103384
10222431,11,1,0.2512463331222534,1.3813214142536476
10222983,9,1,0.33177512884140015,1.1032978623192111
10222636,7,2,0.2353469580411911,1.4466944364737073
10222536,8,1,0.2914475202560425,1.2328953228265083
10222524,13,2,0.1640298217535019,1.8077070277284428
10222448,8,5,0.08243437111377716,2.4957528038720302
10222992,8,4,0.13112521171569824,2.0316025976572694
10222434,9,3,0.153818279504776,1.8719833765362097
10222532,9,3,0.14506271481513977,1.9305891141031506
10222522,9,2,0.16667960584163666,1.7916818371916796
10226429,10,1,0.47338491678237915,0.7478464438750305
10222982,7,5,0.09848973900079727,2.3178029088111725
10222688,5,2,0.2435309737920761,1.4125111421175118
10226341,9,2,0.19707262516021729,1.6241829625453204
10222639,8,1,0.3780035972595215,0.9728515668482509
10222774,5,1,0.3923235833644867,0.9356683119362692
10226383,10,2,0.30539488792419434,1.1861496252892603
10222428,10,1,0.35016822814941406,1.0493415881193109
10226442,5,5,0.047450367361307144,3.048071011884365
10222533,12,1,0.27242010831832886,1.300409888347835
10226478,9,2,0.27283111214637756,1.2989023120583512
10222525,9,2,0.27908754348754883,1.2762297704371115
10226424,11,2,0.26560571789741516,1.3257423333833676
10222443,8,7,0.034154072403907776,3.3768734495946493
10222687,7,1,0.34609344601631165,1.0610464651965001
10226342,11,1,0.27206629514694214,1.3017095102261211
10223000,4,4,0.09686969965696335,2.3343885060238914
10226380,10,4,0.16462752223014832,1.8040697979721352
10222433,10,1,0.17219534516334534,1.7591257189256122
10226489,7,1,0.31255993247032166,1.1629590442888338
10226444,10,1,0.405142217874527,0.9035171182704257
10222534,11,3,0.1510312408208847,1.8902685707130464
10226477,10,3,0.14572222530841827,1.926053035832805
10222519,8,2,0.21287831664085388,1.5470345598935082
10226422,11,1,0.29630139470100403,1.2163781173566452
10222446,9,2,0.19526471197605133,1.6333991436717672
10222685,7,1,0.38721904158592224,0.9487647471393035
10226346,8,1,0.31862154603004456,1.14375125657986
10222637,8,1,0.3929339647293091,0.9341137099098786
10222776,5,1,0.4055863618850708,0.9024214518141923
10226387,13,1,0.3171762228012085,1.1482977516741593
10222429,18,7,0.049208033829927444,3.0116983795879415
10226490,6,3,0.1623717099428177,1.8178670662886143
10222986,10,2,0.26552659273147583,1.326040282368738
10222521,7,1,0.3086439073085785,1.1755670701440355
10226425,12,5,0.10642119497060776,2.2403505210608716
10226439,9,1,0.242738738656044,1.4157695635930918
10222691,11,1,0.3412191569805145,1.0752303190423922
10226347,7,3,0.1253705620765686,2.0764814305223966
10222631,10,8,0.03606712445616722,3.322373508448718
10222777,6,2,0.24635252356529236,1.4009917462236772
10226381,9,2,0.2309032380580902,1.4657565390816885
10222437,16,3,0.1547260880470276,1.8660988992468268
10226491,6,1,0.31733521819114685,1.1477965931985374
10222539,9,2,0.198074072599411,1.6191142142096404
10226474,9,2,0.2032899111509323,1.5931221850050308
10222526,12,1,0.21010887622833252,1.560129424387546
10226440,12,2,0.1737050712108612,1.7503964109346457
10226427,11,2,0.22950896620750427,1.4718131818024045
10222690,13,4,0.11403405666351318,2.171258132539949
10222778,5,3,0.21030306816101074,1.5592056069314497
10226343,8,1,0.2877231538295746,1.2457565325889546
10222638,9,1,0.2943045198917389,1.2231402657507604
10226385,10,3,0.09783022850751877,2.3245216647543216
10226492,9,3,0.14892809092998505,1.9042917007391036
10226443,12,1,0.3327975273132324,1.1002210000109056
10222530,11,1,0.2924450635910034,1.229478446732901
10222948,14,1,0.3178045153617859,1.1463188167935912
10226475,10,1,0.41617125272750854,0.8766584382213919
10222518,9,7,0.06702729314565659,2.702655382156952
10226423,12,7,0.035410188138484955,3.34075569972686
10222998,7,1,0.2508622705936432,1.3828512131882578
10226344,8,2,0.243555948138237,1.412408596370302
10222640,11,5,0.10219959914684296,2.280827523462466
10226384,9,5,0.04390941560268402,3.1256265034771715
10226493,9,1,0.4506535232067108,0.7970564759547797
10226445,12,5,0.10288699716329575,2.274124007943081
10222537,9,2,0.27264848351478577,1.2995719196472262
10226476,10,1,0.2193041443824768,1.5172957255039554
10222520,9,4,0.14416737854480743,1.9367803034074467
10226426,12,11,0.008427958004176617,4.776200765945749
10222436,11,1,0.2310078889131546,1.465303417904283
10222877,12,3,0.14725548028945923,1.9155862395575365
10222997,13,1,0.4529699385166168,0.791929516591555
10226345,12,3,0.1334792971611023,2.0138088906125096
10222632,14,5,0.07227696478366852,2.6272498066181176
10226386,12,5,0.09945681691169739,2.3080317299106965
10226487,9,2,0.22619833052158356,1.48634309586854
10226479,9,6,0.08682016283273697,2.443916393591405
10222531,16,2,0.13890299201011658,1.973979488704258
10226441,12,9,0.03872920200228691,3.2511613897915006
10226428,7,1,0.3001560568809509,1.2034527499744756
10222527,10,1,0.2414126843214035,1.4212474268714506
10226530,10,6,0.04380669817328453,3.1279685469610787
10222879,13,4,0.10094572603702545,2.29317227254376
10222692,9,4,0.10498902201652527,2.2538994865141473
10222634,9,7,0.08611457794904709,2.452076567721974
10226382,10,2,0.27272218465805054,1.2993016405581057
10226488,11,6,0.06907215714454651,2.6726035650884072
10222535,15,13,0.01563454233109951,4.158272560576271
10222985,12,2,0.1962636113166809,1.6282965676970333
10226528,4,1,0.6259490251541138,0.46848634066386946
10222880,12,4,0.1266890913248062,2.0660192938241897
10222684,11,3,0.1609613299369812,1.8265911295739503
10226524,9,3,0.12464611977338791,2.0822765984711107
10222883,13,2,0.21653054654598236,1.5300236489010735
10226525,8,5,0.11493869870901108,2.1633563474473063
10222882,14,4,0.09398055821657181,2.3646673455871654
10226529,10,6,0.04339314624667168,3.137453770930148
10222884,13,2,0.15440259873867035,1.8681918103240995
10226526,11,1,0.32147127389907837,1.1348470895325813
10222885,10,7,0.06583434343338013,2.7206136401349275
10226527,5,4,0.1543208509683609,1.868721396089597
10222473,14,1,0.30603867769241333,1.1840437873296457
10222468,13,1,0.4986732006072998,0.6958043063795402
10222469,9,4,0.14967665076255798,1.8992779732516971
10226360,11,1,0.5429465174674988,0.6107444584340999
10226600,7,2,0.29281920194625854,1.2281999186277324
10222472,9,2,0.2019985169172287,1.5994949236018021
10226588,10,1,0.3116075396537781,1.1660107687000412
10226361,11,4,0.13690496981143951,1.9884682448525737
10226791,5,3,0.21534404158592224,1.535518336376884
10226416,12,1,0.38949739933013916,0.9428980906380687
10222474,13,3,0.1413712203502655,1.9563660798262041
10226590,14,2,0.20679986476898193,1.5760037902698276
10226359,10,1,0.3823896050453186,0.9613152816332626
10226601,11,4,0.08273854106664658,2.4920697508497187
10226793,5,1,0.5410046577453613,0.6143273906618829
10226419,10,4,0.10261618345975876,2.2767596251581788
10222470,12,3,0.1553896814584732,1.8618192431342844
10226591,12,2,0.26220521330833435,1.3386278249046082
10226354,11,1,0.1863429844379425,1.680166300999553
10226597,9,2,0.2433028668165207,1.4134482462102067
10226413,9,5,0.07335406541824341,2.6124573510041236
10226595,9,1,0.2971176207065582,1.2136271892633377
10222471,12,1,0.19979241490364075,1.6104763769335553
10226355,13,5,0.08798906952142715,2.430542682202412
10226598,10,1,0.3110719323158264,1.1677310999271278
10226414,13,3,0.14783938229084015,1.9116288493250342
10226589,12,1,0.26031798124313354,1.3458513904464668
10226603,12,3,0.14465907216072083,1.933375531512715
10226357,11,1,0.2475282847881317,1.3962304215308299
10226592,11,5,0.11764122545719147,2.1401157483394515
10226418,13,1,0.241789773106575,1.4196866365404999
10226599,8,3,0.1631251871585846,1.813237353573518
10226358,14,2,0.2157249003648758,1.5337512924496142
10226593,9,1,0.299653023481369,1.2051300620859
10226415,12,4,0.08927785605192184,2.4160017943928267
10226602,11,2,0.2752246558666229,1.2901675843975196
10226680,10,2,0.27534064650535583,1.2897462333245433
10226356,14,12,0.01985882967710495,3.919106550746741
10226594,9,1,0.3435128927230835,1.0685306346235592
10226421,11,3,0.10955498367547989,2.211328721730036
10226685,10,4,0.10641632229089737,2.2403963088502983
10226682,9,6,0.050090767443180084,2.993918570444693
10226683,11,4,0.10772567987442017,2.228167284296436
10226684,14,9,0.036207448691129684,3.3184904163687814
10226679,13,4,0.15361028909683228,1.873336474204546
10226408,6,1,0.4287787079811096,0.8468143253531902
10226468,5,1,0.41582226753234863,0.8774973515233084
10230254,8,2,0.1484026312828064,1.907826217389834
10226324,5,3,0.15304824709892273,1.8770020667832372
10226499,6,2,0.2637883424758911,1.332608230441508
10226407,7,2,0.20203924179077148,1.5992933341572368
10226473,6,4,0.12136229872703552,2.1089750027316985
10230249,5,1,0.39899468421936035,0.9188071849395177
10226328,6,2,0.2706291079521179,1.3070060008408473
10226405,11,1,0.23169703781604767,1.4623246321915735
10226470,7,3,0.1453578919172287,1.9285563574950584
10226325,8,4,0.08837724477052689,2.426140754572832
10226501,8,4,0.1277569830417633,2.0576253896171686
10226404,11,1,0.4771963953971863,0.7398271424390712
10226471,11,3,0.18213054537773132,1.7030315667341138
10230255,11,2,0.10649936646223068,2.2396162425618
10226326,8,3,0.1877584159374237,1.6725991641098974
10226503,8,5,0.12201584130525589,2.1036043959138495
10226409,12,4,0.1141965463757515,2.169834224111117
10226472,9,2,0.26679664850234985,1.3212685268548394
10230248,10,1,0.4903092086315155,0.7127190488747353
10226327,9,1,0.25941532850265503,1.3493249166997325
10226500,10,2,0.2470327913761139,1.3982341925580555
10226403,10,2,0.17064672708511353,1.7681597829219653
10226466,13,2,0.28173506259918213,1.2667881439745718
10230250,9,1,0.274070143699646,1.2943712064523774
10226329,11,1,0.24602164328098297,1.4023357661028555
10226497,7,1,0.28928661346435547,1.2403373402297955
10226406,18,13,0.029219454154372215,3.5329205533825885
10226467,12,1,0.29508939385414124,1.2204769385326004
10230253,8,1,0.3311891555786133,1.1050655998252867
10226323,8,5,0.07726193219423294,2.5605539130710504
10226498,8,2,0.29802727699279785,1.2105702631327921
10226401,9,4,0.09522468596696854,2.351516064423185
10226469,12,2,0.2215741127729416,1.5069981505496408
10230252,7,2,0.18394750356674194,1.693104868783341
10226402,11,4,0.09995964914560318,2.3029886829694926
10230277,7,2,0.19621475040912628,1.6285455542021348
10230146,7,2,0.1928328275680542,1.6459316438303913
10230278,7,1,0.33756938576698303,1.0859842023420303
10230143,7,3,0.1491684764623642,1.9026788973003506
10230271,11,1,0.3551354706287384,1.0352559548954117
10230265,6,1,0.35938560962677,1.023359345426593
10230154,8,3,0.11709072440862656,2.144806222372971
10230272,13,1,0.38927215337753296,0.943476556907337
10230144,8,1,0.26363566517829895,1.3331871851331454
10230155,8,3,0.20737621188163757,1.57322068657474
10230276,8,4,0.09748724848031998,2.3280336943486466
10230145,8,3,0.1319439560174942,2.025378022178561
10230268,9,2,0.3362155854701996,1.0900027013480227
10230273,6,3,0.17780037224292755,1.7270938622997576
10230156,7,1,0.43660616874694824,0.8287237059075914
10230140,9,1,0.39374709129333496,0.9320464760611099
10230269,8,4,0.08754795044660568,2.435568630614466
10230274,7,4,0.11945273727178574,2.1248344898447007
10230157,11,2,0.30396768450737,1.1908338841888617
10230141,10,1,0.6377868056297302,0.44975121193636125
10230275,9,5,0.08190848678350449,2.5021526697614678
10230270,10,1,0.25885701179504395,1.3514794477451906
10230158,10,1,0.32273736596107483,1.1309163949911285
10230142,9,3,0.15995390713214874,1.8328695856755168
10230266,10,5,0.13806551694869995,1.9800269459902144
10230159,12,6,0.0494670607149601,3.0064482710128435
10230264,12,2,0.14803758263587952,1.9102891007255802
10240898,12,2,0.2306588888168335,1.4668153316032424
10240901,7,1,0.36371204257011414,1.0113928162640187
10240904,8,2,0.20734751224517822,1.5733590902147323
10240899,9,2,0.25893479585647583,1.351179002427719
10241013,6,3,0.19980499148368835,1.6104134306788962
10240900,8,5,0.1251399964094162,2.078322197104455
10240894,7,4,0.15459118783473969,1.8669711442286574
10241011,8,1,0.22234073281288147,1.5035442412709659
10240905,11,6,0.06315097212791443,2.762227036354567
10241025,8,2,0.2787812650203705,1.2773278009893847
10240893,10,1,0.3452836573123932,1.0633890046596342
10241016,7,3,0.2213544249534607,1.5079901292495157
10240951,12,1,0.38654351234436035,0.9505108368402374
10240903,9,5,0.046781931072473526,3.062258238804783
10241020,7,1,0.2911588251590729,1.2338863697756897
10240895,9,3,0.15390661358833313,1.8714092657771124
10240949,6,2,0.20094934105873108,1.604702437222778
10240902,8,6,0.03746740520000458,3.2842839186410355
10241023,9,4,0.1297658532857895,2.042023581079763
10240896,12,1,0.370428204536438,0.9930956329523941
10241012,10,2,0.22262144088745117,1.502282524530083
10240950,7,2,0.19112716615200043,1.6548162811045246
10241024,7,6,0.1305709034204483,2.0358388785354387
10240897,9,6,0.048511702567338943,3.025950220096236
10241010,7,1,0.3308860659599304,1.1059811744609038
10240952,10,6,0.049668118357658386,3.0023920334542513
10241021,11,5,0.04256761819124222,3.156661451112756
10240891,10,1,0.28768426179885864,1.2458917134354952
10241176,9,3,0.2190154641866684,1.5186129389340841
10241014,8,2,0.17466622591018677,1.7448784067473497
10240955,7,4,0.1027042493224144,2.275901786833343
10241022,7,3,0.15869863331317902,1.8407482632500622
10240892,13,1,0.2412915825843811,1.4217491905717778
10241015,10,3,0.11929576843976974,2.126149420417064
10240953,11,2,0.26869678497314453,1.3141717285489674
10241026,9,4,0.17240272462368011,1.7579221167957564
10241175,9,1,0.2155817449092865,1.534415114639301
10240948,11,1,0.38684898614883423,0.9497208787763707
10241019,9,4,0.1188402995467186,2.1299747078025644
10240954,7,5,0.12071360647678375,2.11433442751565
10241171,12,1,0.24310879409313202,1.4142462235174285
10241172,11,2,0.18628078699111938,1.6805001361017111
10241173,13,3,0.1335807889699936,2.013048823353882
10244215,9,1,0.32548826932907104,1.122428856910516
10244221,13,3,0.18473681807518005,1.6888230717660475
10244218,14,1,0.39104247093200684,0.9389391035861582
10244510,7,1,0.38362863659858704,0.9580802865209583
10244214,14,1,0.4201217591762543,0.8672107069178148
10244517,8,3,0.1674538105726242,1.7870477235205604
10244219,12,7,0.07176593691110611,2.6343453317788263
10244513,9,2,0.2870582640171051,1.2480700733138002
10244280,8,3,0.189133420586586,1.6653025839436353
10244217,14,1,0.20857994258403778,1.5674328935598063
10244516,7,3,0.13199199736118317,2.025013984285242
10244281,8,1,0.3162388503551483,1.1512574953559045
10244222,11,4,0.09064372628927231,2.4008185522372436
10244514,9,7,0.043519292026758194,3.134550944334276
10244401,11,3,0.18755777180194855,1.6736683647526847
10244216,12,1,0.28980955481529236,1.2385312792619356
10244240,8,1,0.4127080738544464,0.8850147789198184
10244511,9,9,0.015228083357214928,4.184613966533151
10244277,11,4,0.10533767193555832,2.2505841656499594
10244220,14,5,0.1154399961233139,2.159004398098349
10244404,7,1,0.4948078989982605,0.7035856745688744
10244241,8,1,0.3458676338195801,1.0616991383347092
10244515,8,4,0.1331983506679535,2.015915903325232
10244278,10,7,0.019943660125136375,3.914843974365355
10244402,6,6,0.058082614094018936,2.845888900972613
10244235,8,3,0.16616563498973846,1.79477018695526
10244512,9,3,0.166173055768013,1.7947255290295825
10244284,6,1,0.2762395739555359,1.2864867681998233
10244403,7,2,0.16261184215545654,1.8163892545360438
10244236,12,5,0.038699258118867874,3.2519348491852424
10244509,9,1,0.35618528723716736,1.0323042137601939
10244279,9,2,0.2809698283672333,1.269507987771816
10244406,11,1,0.4209272265434265,0.8652953188082024
10244237,7,1,0.426126629114151,0.8530187254415544
10244331,10,2,0.22359152138233185,1.4979344571037922
10241754,11,2,0.290767103433609,1.235232664090424
10244282,9,5,0.10131233185529709,2.2895471391515594
10244405,7,3,0.1776445358991623,1.7279707146624184
10244324,12,1,0.3310089707374573,1.105609802046472
10244239,12,1,0.2870180308818817,1.2482102398235368
10241758,10,1,0.2975219488143921,1.2122672791905122
10244407,11,11,0.008297882042825222,4.791754972305634
10241756,10,1,0.5912134647369385,0.5255781343420399
10244328,8,1,0.3424117863178253,1.071741212649796
10241751,10,1,0.3121532201766968,1.164261121408111
10244329,10,4,0.1004936546087265,2.297660691697935
10241757,7,1,0.29458650946617126,1.2221825687170906
10244325,10,4,0.10395442694425583,2.263802678338598
10241752,10,4,0.13815096020698547,1.9794082771700872
10244326,9,1,0.2741013169288635,1.2942574711287056
10241755,12,3,0.1693670153617859,1.775687230234814
10244330,8,2,0.25447577238082886,1.3685496444549854
10244262,12,2,0.2629033029079437,1.3359689839629387
10244263,10,1,0.35247892141342163,1.042764455926483
10244264,11,2,0.21446749567985535,1.5395970873887475
10244266,11,1,0.30964094400405884,1.1723418979354454
10248386,10,3,0.12170038372278214,2.1061931259715876
10248270,8,2,0.2731075584888458,1.297889574251101
10248298,7,2,0.24587753415107727,1.4029216956617576
10244259,11,9,0.018587574362754822,3.985261966517662
10248284,9,1,0.4162205159664154,0.8765400727093405
10248391,9,3,0.20585469901561737,1.5805847036494631
10248267,10,4,0.12092174589633942,2.112611670733669
10248295,8,1,0.38600820302963257,0.9518966583710083
10244260,9,4,0.09139776974916458,2.392534201813565
10248286,8,1,0.5441352725028992,0.6085574003484838
10248388,9,1,0.3939000368118286,0.9316581155505247
10248268,8,3,0.14474265277385712,1.932797921856249
10248291,10,1,0.3734099864959717,0.9850783034652196
10244261,14,3,0.1835860013961792,1.6950720488214035
10248290,11,4,0.18011997640132904,1.714132114565158
10248389,12,1,0.48829999566078186,0.7168253168009
10248294,10,1,0.3553033471107483,1.0347833554795502
10248287,9,1,0.3079482316970825,1.177823589040981
10248384,5,3,0.22729149460792542,1.4815219680585765
10248272,10,3,0.09084871411323547,2.3985596381946053
10248292,11,6,0.06492185592651367,2.734570948843669
10248289,12,3,0.13637623190879822,1.9923378016246185
10248387,12,5,0.10841687768697739,2.2217715038769525
10248265,10,3,0.11035212129354477,2.204078923142501
10248296,10,1,0.23214448988437653,1.460395299950263
10248288,8,7,0.07038922607898712,2.6537150661805007
10248390,10,2,0.26150205731391907,1.341313128150864
10248266,14,3,0.1366625428199768,1.9902405828951268
10244685,9,1,0.2851630449295044,1.2546941748211942
10248297,11,2,0.21099747717380524,1.5559091020998004
10248283,16,5,0.07755191624164581,2.556807679907993
10248385,9,3,0.17868298292160034,1.7221420884266843
10244372,6,2,0.22241739928722382,1.5031994854607025
10248269,12,10,0.01507920864969492,4.194438394589965
10244686,11,1,0.44329139590263367,0.8135279466172486
10248293,12,6,0.03856603056192398,3.255383427227329
10248285,6,2,0.3080455958843231,1.177507468379728
10244367,13,1,0.3919074237346649,0.936729631024951
10248354,6,1,0.2980537712574005,1.210481368293079
10244687,10,2,0.23563063144683838,1.445489821025831
10244681,9,2,0.24288196861743927,1.4151796794987637
10248465,5,1,0.39620402455329895,0.9258259868861403
10244365,11,1,0.4985726773738861,0.6960059080827383
10248356,6,2,0.25396671891212463,1.3705520484535274
10244683,10,5,0.07654829323291779,2.5698334532351996
10248466,7,1,0.3686616122722626,0.9978760955925203
10244368,4,1,0.4556961953639984,0.7859289297399151
10248359,8,2,0.21048271656036377,1.5583517358322299
10244682,12,2,0.260850727558136,1.3438069603355818
10248467,7,6,0.06888820976018906,2.675270236647649
10244370,11,5,0.07044712454080582,2.6528928570729
10248352,6,3,0.1600680649280548,1.8321561484073614
10244684,12,5,0.09115029126405716,2.395245582425849
10244371,6,4,0.09598016738891602,2.3436136985556835
10248355,11,4,0.1169465184211731,2.1460385562012085
10248469,13,8,0.029936769977211952,3.5086677890031184
10244364,10,1,0.2387949824333191,1.4321499092702024
10248353,9,4,0.09180473536252975,2.3880913992162505
10244366,10,4,0.13857002556324005,1.9763794813926385
10248358,6,4,0.08346428722143173,2.483336436561107
10248471,9,2,0.17591172456741333,1.7377729747276425
10248470,7,6,0.07235951721668243,2.6261082904413353
10248193,7,1,0.419267863035202,0.8692452720661377
10248231,9,2,0.18160036206245422,1.7059468190809501
10248194,6,1,0.29552793502807617,1.2189919118221315
10248233,8,6,0.07837238162755966,2.5462836888479226
10248195,8,4,0.11261316388845444,2.1837966616865856
10248232,12,4,0.11846765875816345,2.1331152775289413
10248448,7,3,0.18050122261047363,1.7120177277669133
10248308,14,4,0.15676504373550415,1.8530071312799161
10248197,8,4,0.14189480245113373,1.9526693237383188
10248450,5,1,0.33788618445396423,1.0850461725909193
10248229,10,7,0.08347461372613907,2.483212720582843
10248325,7,6,0.027930501848459244,3.5780359311070185
10248312,8,1,0.20948410034179688,1.5631074358565693
10248196,11,6,0.06671685725450516,2.7072976255406735
10248463,12,2,0.17885753512382507,1.721165683195486
10248451,6,1,0.3583426773548126,1.0262655510894534
10251663,8,3,0.14114989340305328,1.9579328794862305
10248230,9,1,0.3408760130405426,1.0762364659380206
10251735,5,1,0.5159120559692383,0.6618189621942705
10248326,11,2,0.34916719794273376,1.0522043943007426
10251688,11,2,0.23916080594062805,1.4306191250945794
10248303,8,1,0.30649229884147644,1.1825626500504887
10248199,11,2,0.15936091542243958,1.8365837407946295
10248455,10,1,0.3519895076751709,1.0441539115692913
10248449,8,3,0.16021154820919037,1.8312601607462733
10251664,6,2,0.2883438766002655,1.2436014951432008
10248227,14,5,0.06470218300819397,2.7379603375778023
10251729,8,2,0.2681635618209839,1.3161581793296433
10248329,9,1,0.5121079683303833,0.669219800528493
10251684,12,1,0.4858708679676056,0.721812394157503
10248309,9,3,0.2134477198123932,1.544363348372619
10248192,11,3,0.1484999805688858,1.9071704515886452
10248457,12,3,0.14327384531497955,1.9429974777987307
10248444,10,9,0.018335551023483276,3.998913424816172
10251662,8,2,0.2630252540111542,1.3355052285581723
10248228,13,4,0.10554147511720657,2.248651274247955
10251733,5,2,0.28143301606178284,1.267860813317192
10248331,8,4,0.1109013706445694,2.199114025418427
10251797,6,3,0.2787232995033264,1.2775357473307836
10251682,13,1,0.32814496755599976,1.114299793983749
10248310,7,2,0.21430464088916779,1.5403567206980473
10248740,8,1,0.23943519592285156,1.4294724794426348
10248445,13,1,0.2545718550682068,1.3681721446559962
10251736,9,1,0.4295852780342102,0.8449350053825686
10248324,10,2,0.21176135540008545,1.5522953204411352
10251798,9,2,0.317317396402359,1.1478527555411568
10251686,13,4,0.11379257589578629,2.1733779975921186
10248304,9,3,0.192901611328125,1.645575005926881
10248460,9,1,0.3757671117782593,0.9787857110579471
10248446,12,3,0.18802481889724731,1.6711813094545653
10251660,8,1,0.43277886509895325,0.8375283855928952
10248475,6,1,0.35052716732025146,1.0483170653250848
10251730,8,5,0.06738539785146713,2.6973269336237045
10248327,11,6,0.08564835041761398,2.4575053139699925
10251794,8,3,0.18711572885513306,1.6760279826660982
10251685,12,3,0.10429584980010986,2.260523708753575
10248305,11,1,0.41550105810165405,0.8782701181154987
10248738,12,1,0.20552100241184235,1.582207048750586
10248456,14,7,0.03228903189301491,3.4330276762961307
10248453,7,2,0.1935240626335144,1.6423534195485399
10251661,11,4,0.10914634168148041,2.215065712979568
10251731,8,2,0.22251620888710022,1.5027553310984092
10248477,4,4,0.11004125326871872,2.2068999537801623
10248332,12,2,0.23889589309692383,1.4317274156858577
10251795,7,2,0.225381538271904,1.4899605872442747
10251683,9,4,0.12900856137275696,2.047876509591998
10248306,14,2,0.14734375476837158,1.9149869543520812
10251761,7,4,0.09671196341514587,2.3360181673691227
10248458,12,1,0.20446746051311493,1.587346433455062
10248447,16,2,0.1732529252767563,1.7530027563403476
10248743,8,2,0.1871127337217331,1.6760439896441852
10251665,6,5,0.04759511351585388,3.045025180244337
10251732,8,4,0.07612770795822144,2.575342981062971
10248476,10,1,0.3269793391227722,1.1178582931918088
10248323,12,5,0.07913046330213547,2.5366573544289084
10251796,9,1,0.2989705502986908,1.2074102044266133
10251687,14,2,0.1704043298959732,1.7695812547221188
10248311,11,1,0.19127066433429718,1.654065763305561
10251762,10,4,0.1167575865983963,2.147655402973495
10248461,16,3,0.14237025380134583,1.9493241936696835
10248742,11,5,0.10917159914970398,2.21483433054494
10248452,7,1,0.30322375893592834,1.1932842676773285
10252473,11,6,0.05441342666745186,2.9111443418338165
10251734,12,2,0.21998679637908936,1.51418775088952
10248472,10,2,0.2233315110206604,1.4990980149075082
10248330,12,7,0.048751767724752426,3.021013821175133
10248307,10,2,0.18215157091617584,1.702916131265133
10251765,8,1,0.20335827767848969,1.5927859408997844
10248744,11,4,0.1180536076426506,2.1366164556240466
10248462,11,5,0.11707235872745514,2.1449630846841696
10248473,5,1,0.3821897506713867,0.961838064198576
10248737,12,4,0.1051221713423729,2.2526320686146746
10248464,13,3,0.16480053961277008,1.8030193871627933
10248474,10,3,0.1724202185869217,1.7578206504426552
10251763,10,3,0.16879186034202576,1.779088918705533
10248739,11,1,0.2964182496070862,1.2159838165815038
10251766,10,5,0.04644724726676941,3.0694380777653563
10248741,13,2,0.1941242218017578,1.63925700626951
10251760,7,1,0.2580009698867798,1.3547919348165012
10248745,14,5,0.10439787805080414,2.2595459289240263
10248240,10,2,0.22678883373737335,1.48373594230277
10248241,14,8,0.028849488124251366,3.545663028845696
10248242,10,4,0.14762313663959503,1.9130926267993438
10251725,6,2,0.2881236970424652,1.2443653874367977
10248243,11,1,0.26240354776382446,1.3378717015621993
10251658,8,1,0.26329565048217773,1.3344777318636487
10251698,10,3,0.15556706488132477,1.86067835492922
10251722,9,5,0.0980188399553299,2.322595574346018
10251753,9,2,0.28978896141052246,1.2386023401918795
10251891,8,5,0.06066938117146492,2.802316136989874
10248244,14,5,0.06597220152616501,2.7185218146782115
10251652,8,2,0.2702580392360687,1.308378075500755
10251802,11,3,0.22247254848480225,1.5029515625838783
10251716,12,2,0.2785651385784149,1.2781033561966781
10251757,11,1,0.38325047492980957,0.9590665220142571
10251890,9,2,0.22229282557964325,1.5037597321286367
10251700,10,1,0.42686015367507935,0.8512988283539434
10248238,10,1,0.4095112979412079,0.8927907864695797
10251653,7,1,0.4607914984226227,0.774809619374335
10251803,13,1,0.4696481227874756,0.7557715395953252
10251754,9,2,0.25302624702453613,1.3742620524555837
10251704,10,1,0.22250951826572418,1.5027853995684697
10248239,14,5,0.08977391570806503,2.410460816825802
10251654,11,1,0.3753858506679535,0.9798008468880848
10251806,11,4,0.07620624452829361,2.574311870456983
10248549,5,3,0.1970515251159668,1.624290035630062
10251720,14,2,0.33170923590660095,1.1034964892606036
10251759,7,6,0.0688418298959732,2.6759437261214742
10251887,11,4,0.09967019408941269,2.3058886026843846
10251703,10,1,0.34177783131599426,1.073594369046557
10251657,12,1,0.418915718793869,0.8700855277563845
10251804,12,3,0.12922431528568268,2.0462055065352156
10248545,7,4,0.10213271528482437,2.2814821811909156
10251721,7,1,0.45496687293052673,0.7875306694278216
10251752,11,4,0.1666489541530609,1.791865749957286
10251888,11,3,0.13925904035568237,1.9714194805177443
10251702,10,3,0.13648827373981476,1.9915165747153356
10251655,10,1,0.23263539373874664,1.45828288478681
10251800,7,4,0.1349097192287445,2.0031494707081046
10248546,7,2,0.19962359964847565,1.6113216873821443
10251719,13,3,0.1474495381116867,1.9142692762338172
10251756,9,8,0.019939694553613663,3.91504283283991
10251892,8,2,0.24724739789962769,1.3973658327020249
10251699,9,5,0.08432943373918533,2.473024320238654
10251656,11,1,0.33453887701034546,1.0950021819211935
10251801,14,9,0.024270862340927124,3.718478728728279
10248547,4,1,0.3259935975074768,1.120877537355905
10251724,10,1,0.38733604550361633,0.9484626281021057
10251758,8,1,0.23987442255020142,1.4276397319517973
10251893,9,1,0.26920250058174133,1.3122913923180741
10251696,10,1,0.30304238200187683,1.1938826086606538
10251960,6,1,0.40213024616241455,0.9109792474094088
10251805,14,4,0.041924599558115005,3.171882522705122
10248548,7,2,0.29421302676200867,1.2234511932022445
10251723,11,10,0.020406605675816536,3.8918966229082796
10251755,9,1,0.3854668438434601,0.9533000978658401
10251889,12,7,0.034250903874635696,3.3740423241218136
10251701,10,1,0.3277880549430847,1.115388053412371
10251957,11,4,0.04781939834356308,3.04032389872155
10251954,8,2,0.23986437916755676,1.4276816021637133
10251955,7,4,0.14538678526878357,1.9283576033721652
10251958,9,4,0.14990544319152832,1.897750562381232
10251956,11,11,0.018087929114699364,4.012510462927274
10251635,9,2,0.3169628381729126,1.1489707417152453
10251578,8,3,0.13272249698638916,2.019494819334876
10251631,11,3,0.1682823896408081,1.7821118199755208
10251632,10,1,0.46513453125953674,0.7654286007015227
10251633,11,5,0.06046268716454506,2.805728845290255
10251637,9,3,0.18081723153591156,1.710268528397848
10251634,9,1,0.35329195857048035,1.0404604857861182
10255489,8,1,0.36868366599082947,0.9978162763484738
10255381,8,2,0.34991881251335144,1.0500541156541123
10255458,8,1,0.4089941382408142,0.894054454971588
10255487,8,1,0.24084565043449402,1.423599005298813
10255375,7,1,0.5451270937919617,0.6067363118874192
10255459,9,1,0.35380667448043823,1.0390046323116202
10255488,9,3,0.20067502558231354,1.6060684674831864
10255376,8,3,0.13301438093185425,2.0172980292985443
10255490,9,5,0.0987875908613205,2.314783280686106
10255513,6,4,0.09474142640829086,2.3566039255697806
10255378,9,1,0.38537630438804626,0.9535350080574606
10255492,12,2,0.27441081404685974,1.2931289741151895
10255457,8,3,0.18424196541309357,1.6915053558480702
10255514,8,1,0.3949359953403473,0.9290315643234913
10255377,11,1,0.36953800916671753,0.9955016773978945
10255454,8,6,0.03752728924155235,3.2826868975525056
10255516,8,2,0.23625460267066956,1.4428452305941684
10255491,7,4,0.08080989122390747,2.515655904809863
10255380,12,2,0.2810780107975006,1.2691230296808318
10255455,11,1,0.4973563849925995,0.6984484374393801
10255493,10,3,0.1819046437740326,1.7042726645149184
10255517,10,1,0.36282292008399963,1.0138403872019166
10255379,9,6,0.07088807970285416,2.646652987888736
10255486,10,1,0.29194340109825134,1.231195327356981
10255456,9,2,0.34357309341430664,1.0683553998128026
10255512,10,7,0.02844950370490551,3.5596245630292467
10255515,9,1,0.3717520833015442,0.9895280896184516
10265284,10,6,0.054467130452394485,2.9101578702227546
10265282,12,3,0.11621840298175812,2.15228407376707
10265283,8,1,0.315682053565979,1.1530197315149162
10265330,10,3,0.2850669324398041,1.255031275620608
10265279,8,2,0.15365859866142273,1.8730220293198656
10265351,12,3,0.11044295132160187,2.2032561689740766
10265305,8,4,0.12032609432935715,2.1175497690547065
10265332,6,4,0.06526405364274979,2.7293138744725183
10265359,6,1,0.4111519455909729,0.8887924355054744
10265280,8,3,0.1338864266872406,2.010763400450527
10265352,9,1,0.31967318058013916,1.1404561157685633
10265308,14,2,0.27674975991249084,1.2846415749186422
10265331,7,3,0.19079183042049408,1.656572338387298
10265357,8,2,0.23317193984985352,1.4559791582899866
10265285,8,1,0.32545924186706543,1.1225180421720788
10265353,7,4,0.1637701839208603,1.809291151477331
10265306,10,1,0.34160375595092773,1.0741038219556636
10265333,5,4,0.17491614818572998,1.7434485731136118
10265358,8,1,0.4582560658454895,0.7803271553712302
10265281,10,4,0.10333030670881271,2.2698245605147283
10265354,8,1,0.34327995777130127,1.0692089613141944
10265307,9,3,0.15629564225673676,1.8560059225784598
10265336,8,5,0.08279760181903839,2.491356181548558
10265361,11,2,0.2248333841562271,1.4923956659554916
10265286,10,5,0.0428757518529892,3.1494488377200085
10265347,12,5,0.04848269373178482,3.026548374990248
10265309,11,3,0.16301144659519196,1.81393485613062
10265335,10,1,0.35477080941200256,1.0362833052909832
10265356,8,3,0.19081665575504303,1.6564422294642351
10265348,8,2,0.260672003030777,1.344492355329406
10265310,11,3,0.14502224326133728,1.93086814652409
10265533,6,5,0.05607285723090172,2.8811034118623504
10265334,10,1,0.21511168777942657,1.5365979076926386
10265360,8,4,0.16009242832660675,1.8320039534981687
10265350,8,3,0.1446693390607834,1.9333045609500694
10265311,14,3,0.14407332241535187,1.9374329255560925
10265536,6,1,0.3799186944961548,0.9677980110070326
10265329,9,3,0.14201641082763672,1.9518126588497735
10265362,10,3,0.1414753496646881,1.9556297843913937
10265349,10,5,0.09462326765060425,2.357851874915446
10265534,9,2,0.2370614856481552,1.439435738379378
10265363,7,2,0.1987627148628235,1.6156435533413835
10265531,8,5,0.05963626131415367,2.819491478606655
10265532,5,3,0.14389783143997192,1.9386517351122217
10265535,8,8,0.0343642383813858,3.37073883727934
10269141,10,1,0.44701525568962097,0.8051625558913966
10269196,11,3,0.1159859374165535,2.154286324392264
10269136,9,3,0.14827172458171844,1.90870871166004
10269194,7,3,0.16157642006874084,1.8227770589580397
10269137,12,4,0.12714369595050812,2.0624373679694803
10269199,10,1,0.3554922342300415,1.0342518746186726
10269138,12,3,0.2084541767835617,1.5680360375158904
10269192,11,1,0.5372459888458252,0.6212992095724045
10269139,15,1,0.270618200302124,1.3070463064454352
10269193,9,1,0.2904356122016907,1.2363733720016081
10266211,9,4,0.1006350889801979,2.2962542851121777
10269140,11,1,0.252011239528656,1.378281591161132
10269195,11,2,0.22195197641849518,1.5052942429501421
10269180,10,4,0.05251258611679077,2.9467024025586164
10266213,11,2,0.2534615695476532,1.372543066860794
10269198,7,1,0.38810065388679504,0.9464905557676881
10266214,9,1,0.2882950007915497,1.2437710147879877
10269197,9,1,0.3513653874397278,1.0459286071137048
10269183,10,3,0.17820659279823303,1.7248117680067052
10269184,7,1,0.3633267879486084,1.01245260740967
10266209,10,2,0.24229465425014496,1.4176007139282343
10269179,11,3,0.14197197556495667,1.9521255960343333
10266212,11,1,0.26599493622779846,1.3242780071192388
10269178,7,1,0.3848173916339874,0.9549863646578978
10266210,12,3,0.12380333989858627,2.0890609409163354
10269182,6,2,0.255451500415802,1.3647227096042513
10269111,9,3,0.17341801524162292,1.7520503259053102
10269108,9,5,0.10907924920320511,2.21568060402069
10269109,14,1,0.2602720558643341,1.3460278263197836
10269104,10,2,0.1968851536512375,1.625134696630614
10269105,10,5,0.10854934900999069,2.2205503798200783
10273007,9,4,0.11080440878868103,2.199988714949013
10273112,9,2,0.3509814739227295,1.0470218377561538
10272917,7,4,0.11563453823328018,2.157320593723525
10269110,10,5,0.10485617816448212,2.2551655995315025
10273014,9,5,0.09906788915395737,2.3119499148361045
10273051,7,2,0.22414220869541168,1.495474568318238
10273110,11,4,0.1534983515739441,1.8740654509445083
10272922,10,2,0.22514808177947998,1.4909969520155533
10269106,11,1,0.2408529818058014,1.423568565638755
10273008,11,2,0.23468329012393951,1.449518375404806
10273117,10,1,0.34165167808532715,1.0739635460585664
10273053,7,3,0.17950931191444397,1.7175281954386759
10272916,8,3,0.18911215662956238,1.665415018606864
10269107,13,1,0.2199975550174713,1.5141388462484802
10273111,11,1,0.5001105666160583,0.6929260717741779
10273010,11,1,0.4217704236507416,0.8632941327635518
10273055,8,1,0.3362528681755066,1.089891818212485
10272918,10,2,0.22909672558307648,1.4736109821474082
10273115,8,1,0.4170551896095276,0.8745367167571967
10273009,15,4,0.13854266703128815,1.97657693558923
10273054,11,1,0.3340981900691986,1.0963203469666394
10273118,8,3,0.1522904485464096,1.88196573577906
10272919,9,1,0.33619457483291626,1.090065194863233
10273011,10,3,0.20978768169879913,1.561659299239418
10273052,9,1,0.5286441445350647,0.6374397681251069
10273113,9,2,0.24190062284469604,1.4192282865670889
10272921,10,3,0.13368633389472961,2.0122590147976234
10273012,14,10,0.03161848708987236,3.4540132949655997
10273114,11,5,0.1172555536031723,2.1433995072919796
10273056,11,1,0.37156984210014343,0.9900184322245942
10272914,10,1,0.2573895752429962,1.3571644848617268
10273013,12,7,0.03566113859415054,3.3336937378883165
10273057,11,2,0.19398947060108185,1.6399513966439192
10273043,4,1,0.4432893395423889,0.81353258547339
10272915,16,5,0.08648330718278885,2.4478038642132387
10269148,9,1,0.4545394480228424,0.7884705748013272
10273047,5,1,0.5229078531265259,0.6483500194909481
10273050,13,8,0.04246356710791588,3.159108815215598
10269149,8,3,0.14839237928390503,1.9078953021017762
10273044,7,1,0.4590005576610565,0.7787038539744944
10269150,6,3,0.15196330845355988,1.8841161790284349
10273045,9,1,0.6717138290405273,0.39792287880076926
10269152,7,6,0.03502956032752991,3.3515629931638165
10273041,5,1,0.3168050944805145,1.149468538108935
10269154,11,5,0.11547701805830002,2.158683746669224
10273046,7,5,0.02996714599430561,3.507653630940009
10269153,9,1,0.40964841842651367,0.8924560031938725
10273042,8,1,0.2520082890987396,1.378293298762718
10269151,10,10,0.02207099087536335,3.8134911627859713
10269155,9,4,0.13261829316616058,2.020280253233114
10272905,9,1,0.3035108745098114,1.1923378387791332
10272925,7,1,0.30229830741882324,1.1963409762239001
10272901,10,6,0.06031883507966995,2.8081108678086113
10272903,7,2,0.18138185143470764,1.7071507935238663
10272924,7,6,0.09225869923830032,2.3831586998213483
10272900,7,5,0.15016165375709534,1.8960428734647472
10273135,7,1,0.335086852312088,1.0933655201262023
10272930,11,4,0.12724238634109497,2.0616614576315477
10273002,4,1,0.48300647735595703,0.7277252147446274
10273143,14,4,0.13513900339603424,2.001451375489162
10272904,14,12,0.009436997584998608,4.6631174018507195
10272927,10,1,0.30596038699150085,1.1842996396858254
10273000,6,1,0.39963316917419434,0.9172082297111138
10273148,14,4,0.09417607635259628,2.362589096187729
10272907,14,1,0.23222120106220245,1.460064908708966
10273138,6,1,0.3246544599533081,1.1249938623942712
10277123,10,2,0.2765062153339386,1.2855219796686315
10276843,7,1,0.4567783772945404,0.7835569569302512
10272931,10,1,0.24642741680145264,1.4006877840263476
10276933,9,4,0.08409018069505692,2.4758654763103265
10273001,6,4,0.14406798779964447,1.937469953330444
10276890,12,4,0.10683029890060425,2.2365136951193882
10272906,13,8,0.05029837042093277,2.9897825995994
10276908,8,3,0.19538509845733643,1.6327828040147097
10273139,7,1,0.3364259898662567,1.089377095050005
10276844,7,1,0.4482003450393677,0.8025149477821224
10272926,13,8,0.06049087643623352,2.805262728024097
10276936,6,1,0.3150096833705902,1.155151899769978
10273004,8,1,0.2777136266231537,1.2811648162904192
10272899,15,2,0.15364904701709747,1.8730841927216726
10273230,7,4,0.13907524943351746,1.972740129504377
10276909,9,3,0.11596044152975082,2.154506167332009
10273140,8,4,0.12949980795383453,2.0440758808256168
10277126,10,3,0.1433248221874237,1.9426417408134473
10276840,10,1,0.32833555340766907,1.1137191648532947
10272932,12,2,0.16117185354232788,1.825284069971804
10276934,9,1,0.4153345227241516,0.878671004605139
10272996,11,1,0.3219204843044281,1.13345070708716
10276899,9,1,0.40985825657844543,0.8919438947195482
10276894,10,1,0.5737444758415222,0.5555711458166575
10273253,5,1,0.35419750213623047,1.0379006057863605
10273144,5,2,0.2652231454849243,1.3271837488945426
10273462,6,4,0.14296336472034454,1.9451668723115116
10273227,8,2,0.18752971291542053,1.6738179772442956
10273131,9,4,0.11110498756170273,2.197279690799614
10276841,9,2,0.32756784558296204,1.116060083276552
10276935,9,1,0.37643906474113464,0.9769990914778617
10272999,8,2,0.16981087625026703,1.7730699538566448
10273256,5,2,0.1714911013841629,1.7632239006951291
10276895,11,1,0.18526732921600342,1.6859554741553444
10273145,8,1,0.2840173542499542,1.2587199361739347
10273463,8,6,0.09287875145673752,2.3764603842244383
10276897,8,2,0.26503509283065796,1.3278930359873662
10273231,7,1,0.2892797291278839,1.2403611381453155
10272929,11,4,0.11710838973522186,2.1446553650420763
10273137,10,3,0.1444639265537262,1.9347254458225158
10277128,9,1,0.3596591055393219,1.0225986252099708
10276842,8,5,0.05568370595574379,2.888067707057651
10276940,9,4,0.08935900777578354,2.4150932279558064
10272995,9,8,0.016870325431227684,4.082199092081115
10273254,4,3,0.16607458889484406,1.795318260852568
10276892,13,2,0.29161617159843445,1.2323168222288838
10273151,12,1,0.27927348017692566,1.275563761570556
10273458,5,3,0.1758454442024231,1.7381498276913303
10276900,9,6,0.07078234851360321,2.6481456241461747
10273228,8,1,0.22708763182163239,1.4824192927291617
10273133,11,1,0.19761249423027039,1.621447265757021
10277124,9,3,0.2242707759141922,1.4949011361174938
10276846,11,7,0.02707650139927864,3.609089034288938
10276938,10,1,0.32661157846450806,1.1189836475600532
10272997,12,3,0.15056820213794708,1.8933391270920716
10273255,6,2,0.3003816604614258,1.2027014113505297
10276893,10,4,0.14228719472885132,1.9499077657861383
10273149,16,7,0.0553000345826149,2.894981745090302
10273465,8,1,0.27629438042640686,1.2862883859262415
10276898,10,4,0.13104410469532013,2.032221335380478
10273233,12,2,0.20664851367473602,1.5767359305267388
10273136,12,1,0.2771497964859009,1.2831971374268911
10277127,10,3,0.15503624081611633,1.8640963776757105
10276848,9,1,0.3521214723587036,1.0437790709864287
10276939,10,1,0.277407705783844,1.2822669928864887
10273003,12,3,0.11654113978147507,2.1495109371410592
10273257,6,2,0.37654492259025574,0.9767179225510332
10276889,9,7,0.04829981550574303,3.0303275380877785
10273152,12,2,0.15355508029460907,1.8736959470378742
10273459,8,1,0.4411144256591797,0.8184509685765305
10276901,6,5,0.09588007628917694,2.3446570737427517
10273229,10,4,0.11354503780603409,2.1755557119047597
10273132,11,3,0.16441719233989716,1.8053482255510285
10277122,9,1,0.20107269287109375,1.604088780229763
10276845,10,1,0.35016030073165894,1.0493642272591677
10276937,15,1,0.1766863465309143,1.733379171850087
10273252,5,5,0.11618640273809433,2.1525594574345197
10272998,12,1,0.19035527110099792,1.6588631049110953
10273150,14,2,0.1290217638015747,2.047774177210559
10273467,10,4,0.09634865820407867,2.3397818104867283
10273232,11,4,0.07589273154735565,2.5784343627056248
10277125,10,8,0.03435875102877617,3.3708985320967044
10273460,10,1,0.32580265402793884,1.1214634366597147
10273466,13,1,0.2450956404209137,1.4061067755466363
10273461,13,1,0.19559268653392792,1.631720911988784
10273464,9,3,0.19159303605556488,1.6523817603712374
10272892,10,6,0.041548121720552444,3.180902963983999
10272863,6,2,0.27303948998451233,1.2981388423003424
10272860,10,3,0.11122902482748032,2.1961639165884344
10272890,10,1,0.3884272277355194,0.9456494427163563
10272862,6,2,0.2948295772075653,1.2213577939589237
10276921,9,1,0.3977375030517578,0.9219630313608913
10272894,11,1,0.3702152967453003,0.9936705594767848
10272861,10,2,0.2559342682361603,1.3628346321747735
10276990,9,1,0.5614468455314636,0.5772381744111769
10276920,7,1,0.34531262516975403,1.063305112353485
10277011,6,2,0.31305840611457825,1.1613655048447435
10272891,12,6,0.05607173964381218,2.881123343042643
10276866,8,3,0.20383062958717346,1.5904658771056457
10276993,10,1,0.32790982723236084,1.1150166253691018
10272864,7,3,0.1597556471824646,1.8341098362243198
10272945,9,1,0.4371187686920166,0.8275503389086301
10277008,8,2,0.2824542224407196,1.2642387859838928
10272893,11,2,0.2781979739665985,1.2794222821699295
10276860,8,2,0.2523954212665558,1.376758289261892
10276995,9,1,0.46317407488822937,0.7696523238747043
10272942,6,2,0.25318643450737,1.3736291663425928
10272859,8,2,0.2225383073091507,1.5026560245134204
10276923,6,3,0.1576063185930252,1.8476550097667073
10277009,9,3,0.1290358453989029,2.0476650419102223
10272895,10,2,0.23277296125888824,1.457691715665453
10276861,5,4,0.1545918881893158,1.8669666138734704
10276870,11,1,0.37381669878959656,0.9839897118991051
10276992,11,1,0.2307845801115036,1.4662705571888572
10272943,7,1,0.33137568831443787,1.104502537228555
10276922,8,4,0.11511006951332092,2.1618664821693185
10277005,9,1,0.3331963121891022,1.099023436610536
10276867,7,3,0.20272096991539001,1.5959247779131078
10276862,8,1,0.502399206161499,0.6883602439219542
10276994,9,1,0.28887099027633667,1.2417750909639385
10272944,10,2,0.2657727599143982,1.3251136213468047
10276918,10,2,0.22305871546268463,1.5003202441399193
10277006,8,4,0.14757117629051208,1.913444668470498
10276872,9,2,0.24254615604877472,1.4165632524941076
10277205,13,3,0.11907902359962463,2.127967942401058
10276864,10,1,0.3163653314113617,1.1508576211168644
10276988,7,2,0.1813780814409256,1.7071715785855035
10272946,10,5,0.060569196939468384,2.8039688164646868
10276917,12,4,0.10083337128162384,2.2942859138327387
10277010,9,3,0.16803427040576935,1.7835873298715814
10276868,8,1,0.2894165515899658,1.2398882736421546
10277201,14,1,0.4020332098007202,0.9112205823306758
10276863,11,3,0.16632358729839325,1.7938200670118216
10276991,9,1,0.22559821605682373,1.4889996669390382
10272947,10,7,0.07141155004501343,2.639295657382877
10276914,16,10,0.04308348149061203,3.144615615413957
10277007,10,1,0.2287905365228653,1.4749483816830118
10276873,11,4,0.1283816546201706,2.052747774724086
10277207,13,1,0.3944478929042816,0.930268231312876
10276989,8,1,0.2959674596786499,1.2175057642192835
10276865,14,1,0.22910089790821075,1.4735927702452922
10276913,8,5,0.11119098961353302,2.1965059291039326
10276869,11,1,0.20195917785167694,1.5996896918470196
10277206,16,1,0.2800062894821167,1.272943213629033
10277202,10,2,0.17897947132587433,1.7204841650485585
10277198,10,4,0.08120214939117432,2.510813561830179
10277199,11,2,0.1398589015007019,1.9671212110150968
10277204,12,2,0.17088313400745392,1.766775382979064
10277200,10,5,0.09681791812181473,2.33492319726514
10276804,5,1,0.4719768464565277,0.7508253487173003
10276833,5,3,0.1322152465581894,2.0233240287274246
10276806,9,2,0.21571454405784607,1.5337993006100434
10276835,8,1,0.29925963282585144,1.2064437451678975
10276834,8,1,0.4375797212123871,0.8264963698704723
10276807,8,1,0.44153961539268494,0.8174875338747821
10276829,10,1,0.313058078289032,1.1613665520158512
10276801,10,1,0.35202422738075256,1.0440552779663346
10276830,10,1,0.49435651302337646,0.7044983358023964
10276802,7,7,0.0433424673974514,3.1386223533118995
10276831,7,1,0.35197657346725464,1.0441906582486107
10276803,11,6,0.04937808960676193,3.008248483404376
10276832,10,5,0.093704953789711,2.3676042225150753
10280126,8,1,0.43340978026390076,0.8360716237664729
10280212,5,5,0.09694159775972366,2.333646566755987
10280125,9,1,0.38891005516052246,0.9444071827663478
10280215,9,1,0.3933773636817932,0.9329859148916446
10280123,9,2,0.2922910451889038,1.2300052430204873
10280209,11,1,0.3615567982196808,1.0173361315516942
10280214,9,4,0.08082161843776703,2.515510794318663
10280122,8,3,0.17454352974891663,1.7455811142996487
10280315,7,2,0.21037426590919495,1.5588671159166136
10280208,10,9,0.029285822063684464,3.5306517686824423
10280124,9,2,0.19863192737102509,1.6163017781014624
10280316,9,4,0.09709826111793518,2.332031812002418
10280210,11,2,0.19431263208389282,1.638286911413545
10280127,8,6,0.04512990638613701,3.098210139460978
10280211,11,2,0.17098097503185272,1.7662029857926784
10280317,6,3,0.22251826524734497,1.5027460897458207
10280128,9,1,0.27303028106689453,1.2981725702893536
10280213,12,11,0.02784724347293377,3.5810212951399927
10280318,5,3,0.19124272465705872,1.6542118480079127
10280129,11,6,0.0675228089094162,2.695289828413172
10280321,10,1,0.24811331927776337,1.3938697046074262
10280319,11,7,0.048556119203567505,3.025035052978683
10290619,10,5,0.1293732076883316,2.0450539686752265
10290616,8,1,0.2909303903579712,1.2346712488173868
10290613,7,1,0.37767088413238525,0.9737321395202894
10290614,8,4,0.10059444606304169,2.2966582309613806
10290642,7,3,0.16759084165096283,1.7862297365145308
10290718,6,2,0.25312408804893494,1.3738754438974632
10290615,13,6,0.07097641378641129,2.645407657322919
10290659,9,1,0.239336758852005,1.429883685952339
10290643,7,1,0.6272950172424316,0.46633832709218925
10290617,10,1,0.21292832493782043,1.54679967254177
10290647,10,2,0.2863200604915619,1.2506450012518202
10290719,10,4,0.12180166691541672,2.1053612381233324
10290612,11,2,0.18795055150985718,1.6715763746327745
10290631,7,3,0.19359152019023895,1.6420049057691912
10290654,13,1,0.4749849736690521,0.7444721098288163
10290645,6,1,0.31246912479400635,1.1632496153459673
10290665,10,2,0.20089855790138245,1.604955185378239
10290722,7,7,0.023340433835983276,3.7575680646365237
10290618,10,4,0.08425092697143555,2.4739557071818794
10290632,9,1,0.3760661482810974,0.9779902247859413
10290657,12,2,0.09688172489404678,2.3342643754568337
10290666,7,5,0.09587275236845016,2.344733462923361
10290646,11,10,0.00911523774266243,4.697807788617609
10290723,8,2,0.2022184282541275,1.5984068378042005
10290667,7,1,0.42970141768455505,0.8446646889640073
10290634,9,6,0.04457170516252518,3.1106560346777474
10290658,13,1,0.40073662996292114,0.9144508505869551
10290641,6,2,0.23226995766162872,1.4598549731754704
10290671,8,1,0.3054081201553345,1.186106297961244
10290716,11,1,0.33532026410102844,1.0926691916038545
10290633,8,1,0.26217982172966003,1.338724668166706
10290655,12,3,0.19576898217201233,1.630819977308124
10290832,5,1,0.3801059424877167,0.9673052690977872
10290644,11,1,0.23247109353542328,1.4589893905641018
10290670,7,2,0.2565509080886841,1.360428161983651
10290635,13,1,0.1834161877632141,1.6959974582609103
10290720,11,1,0.3626217246055603,1.0143950690375898
10290656,13,3,0.15433895587921143,1.8686040830448167
10290672,10,5,0.06586771458387375,2.7201068727888402
10290648,10,8,0.049660902470350266,3.0025373260839516
10290717,10,1,0.3773074150085449,0.9746949993861554
10290668,11,7,0.0738004669547081,2.6063902200961597
10290828,8,2,0.22594060003757477,1.4874831459483009
10290669,10,1,0.3602166771888733,1.0210495475095487
10290721,12,4,0.11666060239076614,2.1484863940254875
10290829,10,1,0.3350611925125122,1.093442099621693
10290830,13,3,0.15772081911563873,1.846928776506367
10290831,11,1,0.213148832321167,1.545764613988283
10290834,16,3,0.13906539976596832,1.972810954589323
10294004,4,1,0.5471975207328796,0.6029454435084765
10294007,5,3,0.13494651019573212,2.002876799832253
10293878,6,3,0.11586203426122665,2.1553551555424857
10293986,7,1,0.38580867648124695,0.9524136891800699
10293925,4,1,0.38959622383117676,0.9426443996858399
10294005,6,1,0.4171357750892639,0.8743435104449799
10293879,10,2,0.35813525319099426,1.0268445617212403
10293984,8,3,0.17515051364898682,1.742109596719551
10293927,10,1,0.2749866545200348,1.291032711511192
10294006,8,2,0.3151295483112335,1.1547714602224541
10293880,8,4,0.1087757796049118,2.2184665832678956
10293992,11,3,0.22458016872406006,1.4935225365509126
10293922,6,5,0.10581232607364655,2.2460882628123167
10294001,8,2,0.19948895275592804,1.611996418842454
10293990,6,2,0.2893783748149872,1.2400201917820426
10294002,8,3,0.13916771113872528,1.9720755181990552
10293926,9,1,0.3653383255004883,1.0069314355445294
10293876,11,4,0.09753385931253433,2.3275556862639895
10293991,10,1,0.44445914030075073,0.810897151086297
10293923,7,1,0.3175179064273834,1.1472210640432259
10293998,9,7,0.04459426552057266,3.110150003994605
10293877,11,5,0.08659729361534119,2.446486715457039
10293989,10,1,0.27620410919189453,1.2866151605220526
10293920,11,2,0.2189446985721588,1.5189360989890062
10293999,8,4,0.16270306706428528,1.8158284138943486
10293881,9,2,0.1737472116947174,1.7501538424661904
10293921,9,3,0.15759295225143433,1.8477398217750796
10293988,10,7,0.039179954677820206,3.2395900232346553
10294000,10,3,0.11168801784515381,2.19204584951898
10293883,10,2,0.2337016761302948,1.453709865318009
10293924,13,1,0.24510374665260315,1.4060737023445722
10293985,11,2,0.15844514966011047,1.8423468044837579
10293916,5,1,0.37596920132637024,0.9782480503131983
10291481,9,3,0.13917797803878784,1.9720017473416904
10294003,12,5,0.0808427631855011,2.515249206111758
10293882,14,3,0.1735963672399521,1.751022403011982
10293915,6,2,0.2257029116153717,1.4885356948636033
10293987,13,9,0.029372474178671837,3.5276972956216874
10291482,11,2,0.2067202776670456,1.5763887151852147
10293917,8,1,0.3798734247684479,0.9679171744640167
10291483,8,4,0.18303167819976807,1.698096036204878
10293911,10,1,0.32465577125549316,1.1249898233321343
10291485,8,2,0.17955972254276276,1.7172474102758661
10293912,10,1,0.25541573762893677,1.364862717748287
10291484,10,2,0.20264355838298798,1.5963067133215563
10293918,5,1,0.2987728714942932,1.208071621363704
10291486,12,2,0.2054262012243271,1.5826684276740006
10293914,7,4,0.13295978307724,2.0177085793651988
10291480,12,1,0.2487206757068634,1.3914247964981812
10293913,5,1,0.29200562834739685,1.2309822017373009
10293825,11,1,0.3859986662864685,0.9519213647396783
10293826,7,7,0.05125497654080391,2.970942562442635
10293819,7,7,0.07435284554958344,2.5989333344534864
10298384,11,5,0.08583440631628036,2.4553353468523915
10293820,14,12,0.019720105454325676,3.926116582239508
10298461,4,2,0.37340492010116577,0.9850918714718602
10293821,14,5,0.0918336808681488,2.3877761546562843
10293824,10,1,0.2815503180027008,1.2674440978106474
10298376,12,1,0.27618876099586487,1.2866707303777185
10298383,13,6,0.09455814212560654,2.358540373089208
10298627,6,1,0.36911746859550476,0.9966403425247673
10298463,13,7,0.05596743896603584,2.882985204387943
10298378,14,2,0.171782985329628,1.7615233119987703
10298629,5,1,0.46832501888275146,0.7585927393152556
10298467,12,2,0.23294584453105927,1.4569492793370808
10298501,13,1,0.30290502309799194,1.194335977732232
10298377,10,1,0.315201997756958,1.1545415829570833
10298464,13,1,0.22492341697216034,1.4919953037290175
10298631,8,3,0.15563400089740753,1.8602481763438898
10298496,6,3,0.2355632185935974,1.4457759574161726
10298381,14,5,0.10664930939674377,2.238209309503054
10298466,8,2,0.22539152204990387,1.4899162909946524
10298632,7,2,0.18244671821594238,1.701297103567881
10298497,12,2,0.16797451674938202,1.7839429970999485
10293840,6,4,0.06790187954902649,2.6896915636661913
10298380,10,1,0.2697022259235382,1.3104367955388903
10298440,5,4,0.12407686561346054,2.0868540214462925
10298498,9,8,0.030629638582468033,3.4857871576694235
10298628,7,3,0.11721155792474747,2.1437747895962183
10293846,6,6,0.03378268703818321,3.3878068255267477
10298438,7,1,0.5060815215110779,0.6810575129657589
10298502,11,1,0.29492127895355225,1.2210468092582896
10298630,5,1,0.3779275417327881,0.9730527902747429
10298439,8,1,0.3261186182498932,1.1204941041340541
10298499,14,9,0.04250895977020264,3.1580404071483685
10293841,12,5,0.1425037682056427,1.9483868360746865
10298441,8,1,0.2955363094806671,1.218963574961395
10293842,7,1,0.2412680983543396,1.4218465224914871
10298500,12,1,0.3068319857120514,1.18145495901701
10298442,6,1,0.32259202003479004,1.131366850004945
10293839,9,1,0.2953469157218933,1.2196046280736907
10298436,11,1,0.2672397494316101,1.3196090855408886
10293844,7,1,0.24125252664089203,1.421911065695016
10298437,8,4,0.130123108625412,2.039274287211913
10293845,6,4,0.14725038409233093,1.9156208480169605
10298314,7,2,0.18604452908039093,1.6817692302634029
10298315,7,2,0.1827053278684616,1.6998806541817673
10298316,5,4,0.133247509598732,2.015546905801404
10298325,11,3,0.2220010906457901,1.505072984303051
10298416,4,3,0.20919987559318542,1.564465141470392
10298474,12,3,0.19186821579933167,1.650946518663383
10298318,8,5,0.07051248848438263,2.65196544322919
10298541,10,4,0.079881452023983,2.527211593033596
10298329,16,6,0.05996496230363846,2.813994848938049
10298418,7,3,0.18387329578399658,1.6935083684434102
10298475,7,1,0.28785160183906555,1.2453102030362484
10298317,10,1,0.2769515812397003,1.28391258504216
10298583,8,2,0.2858785092830658,1.252188351128823
10298533,6,3,0.20371736586093903,1.5910217072430308
10301570,7,1,0.41976940631866455,0.8680497510529042
10298330,12,1,0.3660866320133209,1.0048852740997274
10298420,10,3,0.13206259906291962,2.02447923348465
10301660,8,2,0.2330792397260666,1.456376798570887
10298472,13,4,0.1757158488035202,1.7388870840807633
10298320,7,2,0.2032347172498703,1.5933937252638253
10298579,7,3,0.15894266963005066,1.8392117101467695
10301613,9,2,0.16582971811294556,1.796793811613176
10298539,12,1,0.20398609340190887,1.5897034570600592
10301571,7,1,0.4753566384315491,0.7436899389195074
10301689,8,1,0.3300080895423889,1.1086381110572536
10298411,10,1,0.34513038396835327,1.0638330088003194
10301654,11,1,0.6058940887451172,0.5010500792347232
10298469,13,2,0.1485745906829834,1.9066681526853637
10298327,16,3,0.12439507246017456,2.08429270991033
10298321,8,3,0.15268844366073608,1.8793557496428024
10298582,12,1,0.24087242782115936,1.4234878307845
10301610,8,2,0.316668838262558,1.1498987254079382
10298536,12,1,0.23069852590560913,1.4666435034821013
10301803,7,2,0.29725387692451477,1.213168700857058
10301574,8,3,0.23256397247314453,1.4585899413795342
10301684,9,1,0.4810396432876587,0.7318055937951311
10298413,10,1,0.5178770422935486,0.6580174349890673
10301658,9,3,0.08573579788208008,2.4564848290193995
10298470,11,2,0.21953383088111877,1.5162489313222178
10298693,5,1,0.39396294951438904,0.9314984108714471
10298328,17,2,0.12760530412197113,2.058813340581382
10298584,8,2,0.1934860348701477,1.6425499403304749
10301612,9,1,0.30782318115234375,1.1782297480274113
10298534,9,7,0.05707380175590515,2.8634100809889342
10301806,10,2,0.22738996148109436,1.481088843402228
10301579,12,2,0.23637890815734863,1.4423192184232265
10301685,8,2,0.22590719163417816,1.4876310205382546
10298419,11,9,0.021509598940610886,3.8392559811291878
10298479,9,1,0.2402327060699463,1.4261472167821767
10298689,6,1,0.3114834129810333,1.1664091910294359
10298323,13,8,0.03213842958211899,3.4377027816550036
10298580,10,7,0.05831904336810112,2.8418265945695405
10301611,11,1,0.20037198066711426,1.6075797365771074
10298535,12,2,0.17705366015434265,1.7313024276396438
10301804,12,3,0.1553734987974167,1.8619233910005653
10301572,9,4,0.12267289310693741,2.098233871745565
10301688,10,3,0.12355062365531921,2.091104298763259
10298412,11,2,0.1884932667016983,1.6686929931474543
10301656,12,4,0.12920695543289185,2.0463398544627607
10298473,12,1,0.20367275178432465,1.591240731096877
10298690,8,1,0.38789328932762146,0.9470250046919942
10298585,10,4,0.126169815659523,2.070126536091957
10301608,11,10,0.025001341477036476,3.688825796472074
10298537,12,6,0.06748019903898239,2.695921071709099
10301808,12,1,0.2713567018508911,1.3043210805986465
10301568,11,1,0.3295927345752716,1.1098975243473241
10301686,12,2,0.24032773077487946,1.4257517422533306
10298414,7,1,0.25232604146003723,1.3770332124109126
10301659,11,3,0.18315306305885315,1.697433065579101
10298478,8,1,0.3414078950881958,1.0746773432647148
10298694,5,1,0.3251524865627289,1.1234610172635593
10298587,12,4,0.11048699915409088,2.202857419660298
10301609,11,6,0.0841708704829216,2.474906373850367
10298542,10,7,0.04387550801038742,3.1263990186788098
10301805,12,1,0.2521444261074066,1.3777532361671205
10301569,7,4,0.09746894985437393,2.3282214147305176
10301687,12,3,0.18362866342067719,1.694839694132022
10298417,15,2,0.20742730796337128,1.5729743237569354
10301657,13,9,0.03359467536211014,3.393387695936662
10298477,11,2,0.15993307530879974,1.8329998305715078
10298691,5,2,0.2633873224258423,1.3341296213330038
10298586,9,2,0.18584579229354858,1.6828380228312034
10298540,13,1,0.21683938801288605,1.5285983468920543
10301578,12,2,0.19354034960269928,1.6422692631720837
10301810,12,4,0.0912179946899414,2.394503091168222
10298415,14,1,0.1982228308916092,1.61836347254159
10298471,16,4,0.10029199719429016,2.2996693758885596
10298581,10,2,0.24839991331100464,1.3927152779123886
10301717,8,1,0.2876470685005188,1.2460210069275506
10301789,13,1,0.4572664499282837,0.7824890165719794
10301899,10,1,0.33904072642326355,1.081635041875771
10301522,9,3,0.1846904158592224,1.68907428343611
10301909,10,2,0.24904796481132507,1.3901097713038024
10301791,8,2,0.3633233308792114,1.01246212249625
10301895,8,1,0.3736303150653839,0.9844884328107442
10301591,10,1,0.6243327856063843,0.47107174250544703
10301523,10,1,0.502747654914856,0.6876669148557076
10301910,10,3,0.06680303812026978,2.7060067186313974
10301718,14,4,0.12361082434654236,2.0906171621737926
10301793,11,1,0.5609280467033386,0.5781626406811604
10301893,12,2,0.20346137881278992,1.5922790768146182
10301592,11,2,0.3059101998806,1.1844636845413559
10301524,11,1,0.42004022002220154,0.8674048103319839
10301908,10,3,0.21022768318653107,1.5595641299409828
10301715,14,4,0.1076970100402832,2.228433457133825
10301787,8,2,0.32586297392845154,1.1212783113497482
10301897,8,1,0.292365163564682,1.2297516978598764
10301597,10,1,0.26662084460258484,1.321927687487563
10301520,12,1,0.3369203507900238,1.087908724368403
10301714,14,1,0.6010868549346924,0.5090158375263405
10301911,9,4,0.06213968247175217,2.7783704849151936
10301713,9,2,0.23156458139419556,1.4628964750551692
10301792,10,1,0.275799423456192,1.2880814040667738
10301901,8,5,0.06803467124700546,2.6877378324667323
10301593,10,4,0.16503293812274933,1.801610200017613
10301521,12,1,0.31345659494400024,1.1600943816238667
10301905,9,7,0.02983550913631916,3.512056013085183
10301716,11,1,0.2542860507965088,1.369295461395138
10301794,7,3,0.14070461690425873,1.9610925015816854
10301898,13,5,0.029468581080436707,3.524430631323929
10301594,10,2,0.21481725573539734,1.5379675856103527
10301518,12,2,0.18606676161289215,1.6816497362674736
10301906,10,1,0.2847200334072113,1.2562489204466463
10301790,8,1,0.4433131814002991,0.8134788029556265
10301719,13,1,0.27030086517333984,1.308219624915587
10301892,9,7,0.03549693524837494,3.3383089172591967
10301596,11,11,0.01453873049467802,4.230939121921209
10301519,12,8,0.020348327234387398,3.8947565702565234
10301907,9,1,0.2842600643634796,1.2578657402466167
10301788,10,2,0.2600845992565155,1.3467483191359437
10301720,9,1,0.2792249619960785,1.2757375066602663
10301595,11,3,0.1572003811597824,1.8502339743094207
10301894,14,4,0.07197935879230499,2.631375884507843
10301900,13,2,0.1884690821170807,1.6688213061459625
10302110,9,9,0.01578182354569435,4.148896409677369
10301583,11,1,0.4205353260040283,0.8662267935756716
10305601,8,2,0.2820836901664734,1.2655514784326327
10302108,6,1,0.36723750829696655,1.0017464786741972
10301577,10,1,0.30025744438171387,1.2031150243853161
10305595,11,2,0.26962709426879883,1.3107154069639044
10302103,6,2,0.21131648123264313,1.5543983581939405
10301576,12,2,0.22731730341911316,1.4814084251120807
10305602,12,2,0.14443829655647278,1.934902876075871
10302104,11,2,0.22945550084114075,1.4720461643988534
10301575,10,1,0.31185635924339294,1.165212584223714
10305596,9,2,0.20925764739513397,1.5641890235891647
10302105,8,4,0.116778664290905,2.147474894016229
10305597,8,3,0.18812401592731476,1.670653874443829
10301582,10,4,0.08922697603702545,2.4165718631767232
10302106,8,5,0.08056756854057312,2.5186590858714015
10305598,11,1,0.4197148382663727,0.8681797548087119
10301573,9,4,0.10918551683425903,2.2147068541903345
10305600,8,1,0.2840326130390167,1.258666212769499
10302109,11,6,0.09050357341766357,2.402365943777729
10301580,10,2,0.25260892510414124,1.3759127367360955
10305599,9,2,0.2347812056541443,1.4491012382943105
10302107,8,1,0.37323689460754395,0.9855419547464592
10301581,11,4,0.10255873948335648,2.277319576414202
10305573,8,3,0.2065742164850235,1.5770955292859088
10305621,12,1,0.3889290988445282,0.9443582171571689
10305574,10,1,0.4455999433994293,0.8083337173901002
10305622,11,4,0.10491567105054855,2.254598384360505
10305669,7,1,0.5987657308578491,0.5128848577706561
10305575,7,2,0.25525498390197754,1.3654922965570628
10305619,10,3,0.11257538199424744,2.1841322195579984
10305664,10,1,0.381594181060791,0.9633975883167459
10305620,7,1,0.6020808219909668,0.507363586885871
10305576,7,1,0.3241064250469208,1.1266833447580056
10305665,11,1,0.4973606467247009,0.6984398687068349
10305624,9,2,0.19930577278137207,1.6129150868975146
10305579,9,3,0.17360281944274902,1.750985235858111
10305666,10,1,0.3367413878440857,1.088440038349544
10305623,5,2,0.19813892245292664,1.618786865763706
10305578,11,2,0.21475942432880402,1.53823683396403
10305625,10,4,0.16564716398715973,1.7978952708949556
10305667,10,1,0.3723050653934479,0.9880416925192888
10305577,9,2,0.17737816274166107,1.7294713128411028
10305626,6,3,0.158715158700943,1.8406441380469698
10305670,10,1,0.29083728790283203,1.2349913162924735
10305580,10,5,0.10923037678003311,2.2142960787136734
10305668,14,2,0.17901113629341125,1.7203072611469166
10315554,11,1,0.5470460653305054,0.603222265607816
10315550,12,1,0.36482229828834534,1.0083448979560696
10315551,10,2,0.2576046288013458,1.3563293159640544
10315553,10,1,0.3268192410469055,1.1183480405969657
10315556,10,2,0.20938228070735931,1.5635936034797049
10315555,12,10,0.01229899749159813,4.398237524673577
10315526,6,1,0.30666282773017883,1.182006415956671
10315486,6,2,0.22806136310100555,1.4781405498304834
10315552,12,6,0.07384004443883896,2.605854086961625
10315527,7,2,0.26772886514663696,1.317780507796378
10315557,12,2,0.2300749123096466,1.469350317395411
10315529,9,5,0.08084985613822937,2.5151614723269695
10315512,12,1,0.3777328133583069,0.9735681762612635
10315490,10,7,0.030399372801184654,3.493333302322773
10315530,7,1,0.3297519385814667,1.1094146084589562
10315601,10,4,0.10254516452550888,2.2774519479351927
10315516,9,1,0.3691764175891876,0.9964806527456395
10306664,7,1,0.28323861956596375,1.261465557936031
10315491,8,2,0.21725434064865112,1.5266865350654564
10315528,8,4,0.1041540578007698,2.2618841509129513
10315604,12,2,0.2353653907775879,1.4466161179997923
10315513,9,1,0.426471084356308,0.8522107118720699
10306661,9,4,0.1589551717042923,1.8391330554808831
10315493,9,1,0.2559095025062561,1.3629314028354287
10315532,11,4,0.11357748508453369,2.1752699870166476
10315602,10,6,0.07700463384389877,2.563889679148291
10315514,10,3,0.12460795044898987,2.082582866887609
10306665,8,6,0.05590364709496498,2.8841256577478083
10315488,9,1,0.3340267837047577,1.096534098487734
10315603,10,3,0.20140977203845978,1.6024137793262991
10306668,8,1,0.30130696296691895,1.1996257233654168
10306670,13,5,0.09646356105804443,2.3385899475642695
10306662,11,7,0.03979174420237541,3.2240958203098793
10306663,11,4,0.16183513402938843,1.8211771531256409
10306667,9,9,0.01730632223188877,4.056683397307882
10319222,14,1,0.3729318082332611,0.9863596958018593
10319216,13,2,0.26420798897743225,1.3310186489807863
10319220,14,1,0.2821233868598938,1.2654107616812758
10319225,13,3,0.12947523593902588,2.044265644399072
10319221,11,3,0.11889321357011795,2.129529553700567
10319309,5,4,0.1635686457157135,1.8105225252855426
10319256,7,1,0.27437624335289,1.2932549635806818
10319217,11,3,0.1819591075181961,1.703973301116521
10319312,8,3,0.09876421838998795,2.315019901869483
10319257,6,1,0.5038686394691467,0.685439680856142
10319218,11,6,0.1045195609331131,2.258381039131573
10319310,8,1,0.44385573267936707,0.8122556957477539
10319258,7,1,0.4076269567012787,0.8974028446357145
10319219,14,7,0.05464985966682434,2.906808632216055
10319313,9,4,0.09933392703533173,2.309268104296948
10319259,7,1,0.6240862607955933,0.47146668171228767
10319224,14,1,0.20010533928871155,1.6089113546464302
10319311,7,1,0.3422364592552185,1.0722533794962694
10319262,8,2,0.17387805879116058,1.7494010369958648
10319439,5,1,0.2946348786354065,1.222018388765987
10319315,7,2,0.18461140990257263,1.6895021500338023
10319261,9,1,0.25486576557159424,1.3670182819490069
10319438,5,2,0.26867079734802246,1.3142684505173081
10319316,7,4,0.10397660732269287,2.26358933473071
10315775,8,1,0.2894420325756073,1.2398002349178272
10319260,12,2,0.18197737634181976,1.7038729054461268
10319441,5,1,0.2621723711490631,1.3387530863966615
10319285,8,5,0.0905015766620636,2.4023880067477514
10319314,9,7,0.050547245889902115,2.984846817890069
10315776,13,3,0.18084274232387543,1.7101274523051087
10319440,4,3,0.12041468173265457,2.116813812240535
10315779,6,2,0.24767807126045227,1.3956254758347215
10319317,11,3,0.13789530098438263,1.9812605702936852
10319287,9,2,0.1877724975347519,1.6725241684340177
10315778,16,1,0.3513352572917938,1.0460143624013323
10319291,8,3,0.21263164281845093,1.548193986809623
10315780,11,4,0.17722152173519135,1.7303547936986199
10319289,10,3,0.13550534844398499,1.9987441675300486
10315777,10,2,0.24561159312725067,1.4040038805363384
10319290,7,2,0.24639786779880524,1.400807700774153
10315774,12,5,0.09751564264297485,2.327742476483188
10319288,9,4,0.1250646859407425,2.0789241880043905
10319292,9,1,0.37586697936058044,0.978519976482876
10323048,11,4,0.13005247712135315,2.0398172398151813
10323151,13,6,0.045445721596479416,3.0912365970804414
10319505,4,2,0.2838684022426605,1.2592445205960885
10323376,6,1,0.3174535930156708,1.1474236350625204
10323152,9,2,0.17637339234352112,1.7351519838413676
10319501,9,1,0.33452820777893066,1.0950340747811422
10323375,7,1,0.3359343409538269,1.0908395519425989
10323044,8,1,0.3853484094142914,0.9536073944057053
10319502,8,1,0.4476567804813385,0.8037284551802305
10323372,7,1,0.3220340311527252,1.1330980522124805
10323041,8,4,0.19506710767745972,1.6344116376859528
10323155,14,5,0.0765765979886055,2.5694637582001953
10319497,5,2,0.2952897250652313,1.2197982857403213
10319545,7,3,0.16354957222938538,1.8106391405353415
10323373,8,1,0.47156593203544617,0.7516963520388805
10323045,12,1,0.4407501816749573,0.8192770455092174
10323156,8,2,0.21003837883472443,1.5604650086067462
10319503,6,1,0.2998829483985901,1.2043630524675373
10319546,11,2,0.26089543104171753,1.343635599289778
10323370,5,4,0.1502249836921692,1.8956212173181892
10323043,9,2,0.3661317825317383,1.0047619488252528
10323149,9,4,0.1494082361459732,1.9010728796504899
10319498,13,3,0.0961526408791542,2.341818341082685
10323374,7,2,0.2860264480113983,1.2516709968735562
10323042,7,2,0.1839793473482132,1.692931770345586
10319469,10,4,0.06636892259120941,2.712526365326423
10323150,14,5,0.10395272076129913,2.2638190912707703
10319499,10,2,0.24100318551063538,1.4229451276923837
10319537,5,4,0.16317199170589447,1.8129504706296093
10323117,9,2,0.3216496407985687,1.1342923978720012
10323371,5,1,0.2942782938480377,1.2232293816512125
10323046,9,2,0.30714112520217896,1.180447945808267
10319465,7,1,0.35246890783309937,1.0427928653488756
10323154,9,2,0.23159487545490265,1.462765660234043
10319500,7,3,0.14830687642097473,1.9084716625991702
10323119,4,3,0.20752640068531036,1.5724967151863531
10319544,11,1,0.36641865968704224,1.0039787203854464
10323047,8,1,0.34866467118263245,1.0536446462273226
10319470,10,1,0.44477370381355286,0.8101896569175755
10319504,7,2,0.23677211999893188,1.4406571193947684
10323134,7,2,0.3001334071159363,1.203528212784949
10319542,13,5,0.06339505314826965,2.7583694466356765
10319466,10,1,0.2424985021352768,1.4167597453854206
10323115,6,3,0.09417782723903656,2.362570504734014
10319541,13,2,0.26568880677223206,1.3254295544193986
10319467,9,2,0.27170994877815247,1.3030201464437958
10323123,6,1,0.37861382961273193,0.9712385125784095
10319538,11,8,0.022084319964051247,3.812887426164515
10319468,10,1,0.4431734085083008,0.8137941442021781
10323118,8,6,0.09913650900125504,2.3112574998273767
10319539,9,1,0.26211386919021606,1.3389762544090509
10323116,7,2,0.14684677124023438,1.9183656083668656
10319540,11,10,0.021797800436615944,3.8259462116805176
10323124,7,3,0.1471915990114212,1.9160201462493058
10322960,9,6,0.03291785717010498,3.41373999732997
10322966,14,2,0.2523471713066101,1.3769494756638427
10322922,13,3,0.09333990514278412,2.3715075547157074
10322959,14,1,0.20553703606128693,1.582129037141752
10322917,9,2,0.1557176560163498,1.8597108089067962
10322963,12,1,0.17666380107402802,1.7335067815713208
10327178,6,4,0.15518741309642792,1.8631217757047072
10322964,7,2,0.22001171112060547,1.514074501680179
10327180,9,1,0.28826355934143066,1.243880080726209
10322924,16,1,0.335049569606781,1.093476789127934
10323215,10,3,0.14207227528095245,1.9514193700159166
10323084,10,5,0.07932493835687637,2.5342027186089706
10322967,14,7,0.06925353407859802,2.669981101590896
10323222,7,1,0.4281969964504242,0.8481719172126122
10327181,9,4,0.1530190259218216,1.8771930128906176
10322919,13,1,0.2549230754375458,1.3667934442845358
10323025,7,3,0.15891201794147491,1.8394045761944906
10323206,12,4,0.10496407747268677,2.2541371066685203
10323086,16,1,0.22046983242034912,1.5119944078753682
10323264,5,4,0.1734122335910797,1.7520836658493502
10322962,14,7,0.07623540610074997,2.5739292772130535
10323214,6,4,0.1179732158780098,2.137297664365921
10327176,6,3,0.18176007270812988,1.705067743426709
10323126,7,1,0.31357258558273315,1.1597244127495043
10322921,16,1,0.2703618109226227,1.3079941765825116
10323534,7,1,0.41015782952308655,0.8912132433017386
10323028,9,1,0.3908269703388214,0.9394903480453154
10323207,7,1,0.5137596130371094,0.6659998018389953
10323085,11,5,0.07913022488355637,2.5366603674144055
10323063,6,1,0.4171304404735565,0.8743562992061882
10323252,8,1,0.35832929611206055,1.02630289381597
10323258,10,3,0.16044974327087402,1.8297745114844286
10322958,11,3,0.10920201987028122,2.2145557188618024
10322971,7,2,0.21492356061935425,1.5374728460739644
10323514,9,1,0.2508677840232849,1.3828292355148406
10323216,8,3,0.17318561673164368,1.7533913305767437
10327177,6,1,0.42264464497566223,0.8612235358030182
10323130,6,4,0.13597267866134644,1.9953013056236073
10322920,11,1,0.28387489914894104,1.259221633822207
10323532,10,1,0.2923789918422699,1.2297044010123146
10323023,5,3,0.2126917690038681,1.54791125520282
10323193,8,1,0.36351969838142395,1.0119217926063429
10323203,8,4,0.10334185510873795,2.2697128047771806
10323088,12,6,0.08646421879529953,2.44802460616903
10323064,8,1,0.43789586424827576,0.8257741497312001
10323251,5,4,0.2031581997871399,1.5937702941479117
10322961,14,2,0.13002893328666687,2.039998289546599
10322972,5,4,0.059456802904605865,2.8225052317006023
10323515,9,5,0.10867336392402649,2.2194085569799658
10323219,7,1,0.3332923948764801,1.0987351115810946
10327179,5,3,0.20492993295192719,1.5850871487458111
10323122,8,5,0.08985339850187302,2.4095758422956757
10322925,16,3,0.1281033605337143,2.0549178367489604
10323528,9,2,0.23302291333675385,1.456618489750457
10323031,12,2,0.18942774832248688,1.6637476025066575
10323194,7,3,0.15803982317447662,1.844908232305198
10323200,7,1,0.29873165488243103,1.2082095838731346
10323087,16,4,0.10739268362522125,2.2312632218980206
10323065,7,5,0.04591572284698486,3.080947674885072
10323719,9,5,0.0989408865571022,2.3132327126698375
10323253,8,2,0.33367350697517395,1.0975922881200602
10323262,7,3,0.19537721574306488,1.6328231493294247
10322957,14,8,0.036022208631038666,3.3236196243168274
10322974,7,1,0.35838744044303894,1.0261406419020955
10323517,7,4,0.09892849624156952,2.3133579499892614
10323220,12,1,0.3246348202228546,1.1250543584814827
10323344,5,4,0.18465691804885864,1.6892556726455634
10323131,8,2,0.2550840377807617,1.3661622281920989
10323535,7,2,0.25675758719444275,1.3596228797067091
10323027,15,10,0.04690489545464516,3.0596332282811303
10323204,8,3,0.182205930352211,1.7026177461008412
10323082,13,3,0.15040886402130127,1.8943979328912302
10323066,7,1,0.3092644512653351,1.1735585387598502
10323716,8,2,0.1800657957792282,1.7144329627756882
10323259,12,3,0.1275951862335205,2.0588926342256992
10322969,5,2,0.25046828389167786,1.3844229776839603
10323519,7,1,0.4306851029396057,0.8423780755406701
10323217,14,2,0.16492445766925812,1.8022677422262936
10323345,4,1,0.41354647278785706,0.882985381987457
10323127,7,1,0.30671918392181396,1.181822660350138
10323533,7,2,0.16782663762569427,1.7848237512684233
10323024,12,9,0.02632267400622368,3.6373245817043998
10323201,6,6,0.08662573248147964,2.446158365733163
10323083,9,1,0.23327481746673584,1.4555380463433956
10323068,8,6,0.0630924254655838,2.7631545568054414
10323720,9,2,0.2606518864631653,1.3445695302604885
10323254,10,1,0.24969828128814697,1.3875019648272389
10323261,7,2,0.196430042386055,1.627448929453992
10322970,8,6,0.02950543724000454,3.523180719399465
10323516,7,1,0.294249027967453,1.2233288362713262
10323221,14,1,0.26685473322868347,1.3210508389463977
10323347,6,4,0.11724112182855606,2.1435225945349683
10323132,8,1,0.320459246635437,1.1380001662900288
10323529,10,1,0.41433751583099365,0.8810743816667674
10323030,12,9,0.03612031415104866,3.3208998530445784
10323205,7,2,0.20257450640201569,1.5966475272567755
10323089,16,2,0.12439695745706558,2.084277556716784
10323067,9,2,0.15942934155464172,1.8361544545679938
10323257,6,6,0.026445554569363594,3.6326672040142474
10323265,10,8,0.03703288733959198,3.2959489141125005
10322973,9,2,0.23517847061157227,1.4474106036628118
10323521,7,1,0.34545037150382996,1.0629062886279377
10323213,15,8,0.05940888077020645,2.823311555872799
10323346,7,2,0.32610827684402466,1.1205258152025401
10323133,10,2,0.3608143627643585,1.0193916834807835
10323551,8,2,0.2019612044095993,1.5996796574045336
10323530,11,5,0.08950208872556686,2.4134933162578167
10323029,13,5,0.09151054918766022,2.391301021677817
10323202,10,3,0.1988479644060135,1.615214744212549
10323080,13,3,0.11972669512033463,2.1225436744044592
10323062,9,2,0.1903463900089264,1.6589097613509294
10323718,11,1,0.28099340200424194,1.2694240903360108
10323250,10,8,0.026677465066313744,3.6239360749556693
10323263,11,3,0.12188208848237991,2.104701189448757
10323518,5,1,0.5224220156669617,0.6492795585944408
10323218,11,5,0.06764450669288635,2.6934891295413808
10323349,8,6,0.03180931508541107,3.447996104876621
10323129,10,3,0.1844637393951416,1.6903023692606567
10323550,7,2,0.2051103562116623,1.5842071217038483
10323531,15,3,0.1522219032049179,1.882415933232498
10323081,17,1,0.20258857309818268,1.5965780900504536
10323026,15,1,0.24719399213790894,1.3975818573431755
10323723,8,2,0.19376541674137115,1.6411070436361828
10323260,10,6,0.07398132979869843,2.60394251762856
10323520,5,1,0.40276432037353516,0.9094037010741529
10323552,7,1,0.3588879406452179,1.0247450822701722
10323724,10,1,0.35590097308158875,1.0331027523264609
10323547,7,1,0.37718287110328674,0.9750251399026919
10323722,14,1,0.3532336950302124,1.040625415509768
10323548,12,3,0.15050548315048218,1.893755762563299
10323721,9,3,0.1525275558233261,1.8804100053344015
10323549,9,4,0.13813766837120056,1.9795044942012663
10323725,8,5,0.0875391885638237,2.4356687165812456
10323333,9,3,0.08869202435016632,2.422585310843931
10323593,10,2,0.36120250821113586,1.0183165133572822
10322990,6,3,0.19822971522808075,1.618328742854319
10323360,9,1,0.43965834379196167,0.8217573450773185
10322984,6,1,0.35664039850234985,1.0310272919653523
10323340,9,1,0.4343675971031189,0.8338641054486098
10323589,12,4,0.07848662883043289,2.544827002072432
10322987,7,1,0.5028721690177917,0.6874192783222806
10323361,6,1,0.3960897922515869,0.9261143453210559
10322978,6,1,0.4828774631023407,0.7279923570978223
10323334,6,1,0.5144848227500916,0.6645892231711424
10323073,6,2,0.2079605758190155,1.5704067565773245
10323594,7,4,0.08904741704463959,2.418586275342158
10323363,7,5,0.06314254552125931,2.7623604811556066
10322979,4,3,0.17391608655452728,1.7491823572738099
10323074,6,1,0.42500627040863037,0.8556513562638983
10323336,10,1,0.31903713941574097,1.1424477584733432
10323595,9,4,0.09400155395269394,2.364443965437138
10322989,10,4,0.10451880097389221,2.258388310134024
10323357,8,3,0.23220239579677582,1.4601458919560022
10323075,7,5,0.06767915189266205,2.6929770948994745
10327394,9,1,0.5150675773620605,0.6634571687479948
10322980,7,3,0.236604243516922,1.4413663921932698
10323335,7,3,0.1937578022480011,1.6411463418923795
10323590,9,1,0.2495160549879074,1.3882320172119218
10322991,14,1,0.17072494328022003,1.7677015363639452
10323077,8,3,0.18806853890419006,1.6709488139518782
10327400,14,2,0.19169478118419647,1.6518508531707208
10323358,9,2,0.22729574143886566,1.4815032837198903
10322983,8,2,0.23191791772842407,1.4613717728135616
10323337,11,3,0.15299443900585175,1.8773537046172288
10323591,11,1,0.2374427169561386,1.4378288763624794
10323070,6,4,0.11310932040214539,2.1794004907484243
10322992,12,6,0.045699916779994965,3.0856588020903106
10323362,11,2,0.15101200342178345,1.8903959524671097
10322981,7,2,0.2511216998100281,1.3818175975559766
10323338,11,1,0.26333537697792053,1.3343268615436459
10323592,10,4,0.10599145293235779,2.244396820834668
10323076,9,7,0.07247386127710342,2.6245293162384735
10322986,11,1,0.3250728249549866,1.1237060449692784
10327395,12,2,0.23206369578838348,1.4607433941860066
10323359,9,3,0.1599981039762497,1.832593313966963
10322982,7,1,0.4404662251472473,0.8199215104450486
10323339,8,6,0.0900430679321289,2.407467190532863
10323596,11,7,0.028138117864727974,3.570630114226166
10323071,9,2,0.1313096582889557,2.0301969414376946
10327396,15,8,0.01893567480146885,3.9667075804778684
10323364,12,3,0.17025037109851837,1.7704851542279108
10327397,10,1,0.29575684666633606,1.2182176262095699
10327402,11,1,0.2088267207145691,1.5662504583905452
10327401,14,5,0.08213625103235245,2.4993758126889793
10327067,14,1,0.2736354470252991,1.2959585437846286
10327072,10,1,0.3740580081939697,0.9833443914717821
10327079,9,2,0.22351497411727905,1.4982768688851966
10327074,9,5,0.0943550243973732,2.3606907558311025
10327076,4,1,0.4596005082130432,0.777397627235643
10327073,11,1,0.24211008846759796,1.4183627452429683
10327077,9,1,0.24355435371398926,1.4124151428311
10327070,13,3,0.12352066487073898,2.0913468100231127
10323161,8,1,0.2990608215332031,1.2071083097787743
10327081,8,2,0.22427649796009064,1.4948756224370767
10327295,11,2,0.15187592804431915,1.8846913543261146
10327066,8,4,0.11919306963682175,2.1270106666718096
10323160,7,1,0.31459686160087585,1.156463264247274
10327080,10,2,0.16232341527938843,1.8181645432756948
10327296,9,2,0.20502135157585144,1.5846411512388394
10327068,11,2,0.23376238346099854,1.4534501348433364
10323493,10,1,0.30500802397727966,1.1874171945985497
10323033,8,3,0.1632559448480606,1.8124360958802943
10327107,13,4,0.10449559986591339,2.2586103150100603
10323162,8,5,0.09864157438278198,2.3162624593574166
10327082,8,4,0.14465658366680145,1.9333927341346215
10327292,10,2,0.21456044912338257,1.539163766221175
10323489,9,4,0.1425621658563614,1.9479771227799165
10323037,11,2,0.30648747086524963,1.1825784025319424
10323164,11,4,0.14724180102348328,1.9156791386561278
10327293,14,3,0.1286255121231079,2.0508501033150885
10323486,13,1,0.16822724044322968,1.7824395918616234
10323034,11,3,0.190168559551239,1.6598444445786946
10327108,10,3,0.1390617936849594,1.9728368857538694
10323157,8,8,0.03524792939424515,3.3453484920379455
10327294,15,5,0.08185715973377228,2.502779505150994
10323491,7,3,0.11377525329589844,2.1735302387940747
10323035,11,1,0.4349302649497986,0.8325695712047814
10327111,13,1,0.34349700808525085,1.068576877444272
10323158,12,2,0.2584921717643738,1.352889868802168
10327387,8,1,0.2544030547142029,1.3688354400638774
10327297,13,2,0.14440521597862244,1.935131931440173
10323488,9,5,0.06024039164185524,2.809412194152814
10327109,13,7,0.05534893274307251,2.894097901981367
10327382,10,1,0.21217183768749237,1.5503587775028491
10327383,9,1,0.351148396730423,1.0465463621559403
10327384,10,1,0.19421447813510895,1.6387921731998676
10327385,11,7,0.06215212866663933,2.778170211143096
10327090,10,1,0.574155867099762,0.5548543740544002
10327168,6,3,0.17212092876434326,1.759557974998274
10327092,9,1,0.43754273653030396,0.8265808944573525
10327171,8,3,0.1887437254190445,1.667365134218567
10327087,11,1,0.30413109064102173,1.1902964513103136
10327164,9,1,0.3332889974117279,1.098745305279243
10327088,11,6,0.06942390650510788,2.6675239966499706
10327167,9,2,0.21246153116226196,1.5489943368301917
10327091,11,3,0.15878213942050934,1.8402222086576092
10327169,6,3,0.19347524642944336,1.6426057001246894
10327165,10,3,0.17580629885196686,1.738372464725789
10327086,11,2,0.1475859433412552,1.9133446061662323
10340972,8,4,0.09166384488344193,2.389627253547209
10340979,6,2,0.2652921676635742,1.3269235408389835
10340973,8,1,0.4282183051109314,0.8481221547656481
10340974,7,5,0.05396663770079613,2.91938924370313
10340927,10,1,0.4377005100250244,0.8262203695471625
10340975,14,1,0.23385654389858246,1.4530474118851866
10340983,9,1,0.4227529764175415,0.8609672506190271
10340928,7,1,0.3705368638038635,0.9928023417492128
10340977,8,7,0.03951496630907059,3.2310757849367073
10340987,7,4,0.12947805225849152,2.0442438928354187
10340924,8,4,0.09514860063791275,2.35231539225393
10341059,10,1,0.49980872869491577,0.6935297963582037
10340922,7,2,0.288586288690567,1.2427611435056847
10341054,9,3,0.18624645471572876,1.6806844569869732
10340990,7,1,0.3553463816642761,1.0346622422170302
10340925,11,9,0.028488339856266975,3.5582604032734473
10341055,10,1,0.2975800633430481,1.2120719697220395
10340984,8,1,0.4106682240962982,0.8899696311216884
10340926,11,2,0.16116464138031006,1.8253288192455142
10341021,8,2,0.1838691532611847,1.6935308979219776
10341056,8,1,0.3974085748195648,0.9227903717958362
10340989,9,4,0.09165544807910919,2.3897188620648167
10341019,12,1,0.31810739636421204,1.1453662288022528
10341020,9,1,0.40061381459236145,0.9147573715912316
10341023,10,3,0.1438359171152115,1.9390820935670565
10343995,8,1,0.4089380204677582,0.894191673621195
10344004,8,2,0.2282470464706421,1.4773266994784382
10343961,8,1,0.30659911036491394,1.1822142141633951
10343996,10,1,0.42948511242866516,0.8451682007228131
10344002,7,4,0.06992796808481216,2.66028959410475
10343959,6,1,0.3083887994289398,1.1763939562762897
10343994,11,5,0.08799420297145844,2.4304843419981412
10344000,13,13,0.0038863804657012224,5.550277026051244
10343955,9,2,0.18470346927642822,1.6890036086483755
10341126,8,6,0.06288513541221619,2.7664454641543963
10343989,11,3,0.08401188999414444,2.476796942606394
10344003,7,1,0.3163408935070038,1.1509348699360087
10343960,8,4,0.14149640500545502,1.9554809685434635
10341119,8,1,0.3057955801486969,1.1848384389968034
10343990,12,1,0.27921706438064575,1.2757657911197455
10344005,10,1,0.2977547347545624,1.2114851690946125
10343956,10,2,0.20037882030010223,1.6075456024819434
10341120,10,1,0.27563580870628357,1.2886748182890322
10343997,14,10,0.020155785605311394,3.904263904987999
10343998,9,1,0.34798192977905273,1.0556047264781223
10343957,11,9,0.030584163963794708,3.487272921505263
10341121,11,1,0.34262120723724365,1.0711297941402858
10341123,8,7,0.046328701078891754,3.071993616232126
10344037,10,2,0.20643611252307892,1.5777642969044983
10341122,14,8,0.02717568725347519,3.605432556378358
10344040,6,3,0.14461547136306763,1.9336769807688592
10344044,12,1,0.23819473385810852,1.4346667303737184
10344042,6,1,0.3803950250148773,0.9665450266959048
10344041,9,1,0.3445822298526764,1.0654225236797183
10344038,8,1,0.5184963941574097,0.656822205710103
10343948,7,1,0.2985266447067261,1.2088960881340132
10343949,9,2,0.3407249450683594,1.0766797398884447
10343942,10,4,0.11762676388025284,2.1402386853951687
10350400,10,3,0.13225822150707245,2.0229990437708945
10343943,12,2,0.1879301816225052,1.6716847594770958
10350398,10,1,0.38009291887283325,0.967339532803106
10350564,11,2,0.32977089285850525,1.1093571296996467
10343944,9,2,0.14458876848220825,1.9338616452879516
10350375,12,3,0.07976100593805313,2.5287205413462357
10350592,5,1,0.3728823661804199,0.9864922812490385
10350471,9,1,0.2341308891773224,1.4518749645467453
10350406,9,1,0.2813219428062439,1.268255561529468
10350560,11,2,0.3041921854019165,1.190095588500994
10343947,9,2,0.13854075968265533,1.976590702913068
10350593,7,1,0.40651068091392517,0.9001450750284526
10350474,10,2,0.2388806939125061,1.4317910403373626
10350402,12,2,0.22887420654296875,1.474582742763679
10350567,14,2,0.19005584716796875,1.660437317548341
10350380,11,5,0.09694422781467438,2.3336194368206957
10350590,11,6,0.07898052036762238,2.5385540345454096
10350473,9,1,0.4861697256565094,0.7211974863022531
10350403,12,2,0.2660268247127533,1.3241581305001446
10350562,13,6,0.06594263762235641,2.7189700417995026
10350376,11,5,0.10683103650808334,2.2365067906649374
10350597,11,4,0.10313888639211655,2.2716787874690327
10350467,9,8,0.023407958447933197,3.754679209828415
10350404,7,5,0.08690433204174042,2.442947397070216
10350563,14,2,0.1686096489429474,1.780169005259848
10350377,12,3,0.1526171863079071,1.8798225432235836
10350465,5,1,0.42192888259887695,0.8629185037952102
10350594,11,2,0.20532625913619995,1.583155056968986
10350469,10,1,0.5239925980567932,0.6462777206066801
10350405,9,1,0.3028844892978668,1.19440376959628
10350561,16,1,0.26527196168899536,1.3269997087269758
10350381,11,1,0.24489706754684448,1.4069172891796393
10350466,7,1,0.3222202658653259,1.1325199118146592
10350591,10,3,0.18492622673511505,1.6877983078402528
10350468,10,3,0.1370411366224289,1.9874741309082218
10350566,14,9,0.025569843128323555,3.6663416246871625
10350534,6,2,0.2253427803516388,1.4901325678486455
10350461,10,1,0.33153823018074036,1.1040121511768373
10350383,7,3,0.22007010877132416,1.5138091071629696
10350536,6,3,0.16758684813976288,1.7862535657330127
10350457,7,3,0.21719618141651154,1.5269542720321911
10350389,7,2,0.26190540194511414,1.339771901697548
10350532,6,4,0.12110020220279694,2.111136958706921
10350462,11,5,0.08599524945020676,2.4534632232054405
10350384,10,3,0.14694665372371674,1.917685657906144
10350537,6,1,0.4175387918949127,0.8733778242891781
10350458,10,8,0.025952715426683426,3.6514790341247196
10350390,10,1,0.2741199731826782,1.2941894100951106
10350535,9,1,0.3788888156414032,0.9705124793626224
10350455,8,1,0.2718234956264496,1.3026023364594508
10350385,7,3,0.14283211529254913,1.9460853573555472
10350530,7,2,0.2548885643482208,1.366928831893152
10350459,8,3,0.19083599746227264,1.6563408718183068
10350386,6,1,0.30961066484451294,1.1724396906876557
10350332,8,3,0.16666977107524872,1.7917408429500328
10350345,11,3,0.1756446659564972,1.7392922681865841
10350327,13,1,0.2739768624305725,1.2947116198436774
10350342,12,1,0.2830749452114105,1.262043592330015
10350330,18,10,0.04184983670711517,3.1736673839153124
10350343,14,3,0.14833347499370575,1.908292330470716
10350328,16,5,0.06960154324769974,2.6649685387884485
10350340,14,6,0.044126465916633606,3.120695542373801
10350645,5,2,0.30172622203826904,1.1982352223139718
10350333,12,4,0.11208035796880722,2.1885391830897563
10350551,12,3,0.13242299854755402,2.021753945522254
10350483,15,1,0.1967945247888565,1.6255951159458355
10350542,8,2,0.22479620575904846,1.4925610394010889
10350341,14,3,0.1215924322605133,2.107080546086456
10350648,12,5,0.08375779539346695,2.479826033283594
10353898,8,1,0.4008687734603882,0.9141211534614124
10350329,17,14,0.021524939686059952,3.838543030713618
10353866,7,1,0.3904612362384796,0.9404265816246212
10350478,12,2,0.21899785101413727,1.5186933619346157
10350543,8,2,0.27865806221961975,1.2777698322445772
10350344,11,6,0.0821753442287445,2.4988999704689876
10353889,10,1,0.40282461047172546,0.909254021514282
10350646,9,2,0.2649180293083191,1.3283348242110882
10353895,11,1,0.2520619034767151,1.3780805729202963
10350331,14,1,0.2860074043273926,1.251737579240788
10350557,11,4,0.14647988975048065,1.9208671312753631
10353906,13,1,0.5583876967430115,0.5827017608300519
10350481,9,1,0.24553318321704865,1.404323175028084
10350544,11,2,0.13233351707458496,2.0224298984910862
10353886,11,7,0.053930990397930145,2.9200500052933727
10350500,7,3,0.14002962410449982,1.9659012780106857
10350651,8,3,0.16659988462924957,1.7921602417511378
10353893,8,3,0.1723564714193344,1.75819043859923
10350555,12,2,0.15046124160289764,1.894049758837734
10353862,8,3,0.1765613853931427,1.7340866704789017
10353907,9,2,0.22419272363185883,1.495249223679583
10350477,14,11,0.03331618756055832,3.4017118871806735
10350790,6,4,0.18155637383460999,1.7061890738635894
10361624,7,3,0.2134857475757599,1.5441852046271782
10350541,13,3,0.1102619618177414,2.204896273327505
10353884,12,2,0.21002241969108582,1.5605409935294159
10350497,6,3,0.16587992012500763,1.796491125126814
10350654,14,3,0.17252227663993835,1.7572289109068955
10354092,6,4,0.1576123684644699,1.8476166245332561
10353896,12,1,0.2748144268989563,1.2916592203796993
10350556,12,8,0.037470828741788864,3.2841925489461126
10353863,6,2,0.26416394114494324,1.3311853793844277
10353901,12,1,0.24303489923477173,1.4145502277036128
10350484,11,4,0.11226949095726013,2.1868531286157857
10350792,9,1,0.36069348454475403,1.0197267545993756
10361627,12,2,0.15638376772403717,1.8554422431878712
10350538,10,7,0.06436251848936081,2.7432238263407664
10353891,10,3,0.10653652250766754,2.2392674182769032
10350498,9,1,0.5010759830474854,0.6909975266274755
10350647,13,1,0.2079734057188034,1.570345064576375
10354093,5,5,0.05169243738055229,2.9624437870737013
10353899,10,10,0.01877504400908947,3.9752267373086156
10350674,10,2,0.2357790470123291,1.4448601539775026
10350548,10,4,0.1034342348575592,2.268819280240736
10353864,12,1,0.2153419405221939,1.5355280932011859
10353902,12,8,0.053395677357912064,2.9300254846461895
10350480,7,2,0.1989302933216095,1.6148008004377339
10350784,11,1,0.27494433522224426,1.2911866191783845
10361625,8,1,0.2555851936340332,1.364199486036011
10350539,15,2,0.13832756876945496,1.9781307198339402
10350501,9,2,0.2069404125213623,1.5753243893726896
10350650,7,1,0.2890288233757019,1.2412288609788753
10354091,7,3,0.18966452777385712,1.6624984107024918
10353897,12,6,0.05799156427383423,2.8474577225682394
10350677,10,3,0.1614343672990799,1.823656613352965
10350553,16,3,0.09846259653568268,2.3180785335222223
10353903,9,1,0.31269967555999756,1.1625120520628593
10350479,12,3,0.12741929292678833,2.060272111463262
10350789,10,2,0.20066212117671967,1.6061327745412424
10350495,8,3,0.09479230642318726,2.356067028888029
10350649,12,6,0.033084701746702194,3.4086842863176354
10350676,6,1,0.27388420701026917,1.2950498640678245
10350549,12,2,0.17308612167835236,1.7539659951825604
10350785,8,5,0.13263973593711853,2.0201185784210294
10350679,6,1,0.3842405676841736,0.9564864442058455
10350787,9,5,0.08607121556997299,2.4525802373814103
10353870,7,2,0.24643348157405853,1.4006631735424313
10350675,10,1,0.25618278980255127,1.3618640666292645
10350783,9,2,0.26879942417144775,1.3137898125547536
10350672,9,4,0.15275657176971436,1.878909658813577
10350788,12,3,0.1505267322063446,1.89361458793272
10353872,9,3,0.13473638892173767,2.004435084152104
10353874,9,2,0.2585489749908447,1.3526701446001157
10353876,7,2,0.19274060428142548,1.6464100133484623
10362563,7,1,0.2845097482204437,1.2569877616075296
10362559,10,2,0.2386813759803772,1.432625771386028
10362560,7,2,0.22148925065994263,1.5073812204265054
10362562,12,1,0.29494181275367737,1.22097718700044
10362557,13,2,0.1696934700012207,1.7737615871451302
10354123,6,2,0.26993244886398315,1.3095835406790046
10353928,6,1,0.4076157510280609,0.8974303350336347
10362558,11,6,0.0779203474521637,2.552068160569456
10354106,11,1,0.3100520074367523,1.1710152296490668
10354119,6,1,0.3583815097808838,1.0261571902253828
10353929,13,1,0.30701911449432373,1.1808452711366557
10354136,6,2,0.26461705565452576,1.3294715711226706
10353943,7,3,0.09892928600311279,2.3133499668658852
10354107,6,2,0.2419438362121582,1.419049661528533
10354124,8,6,0.029123837128281593,3.5361982948193273
10354139,14,3,0.08033865690231323,2.5215043678617257
10353930,12,2,0.2083130031824112,1.5687135073999705
10353883,7,1,0.261362224817276,1.3418479992627586
10353840,11,3,0.18285885453224182,1.6990407104444014
10354111,6,1,0.40295571088790894,0.9089286216159101
10353944,9,3,0.18138346076011658,1.7071419209809033
10354137,9,1,0.3556840121746063,1.033712548536895
10354120,9,6,0.036832865327596664,3.3013647528112613
10353885,10,1,0.1824064701795578,1.7015177294953936
10353931,8,3,0.21856722235679626,1.5206616579553724
10353838,12,10,0.014940170571208,4.203701682260445
10354110,8,1,0.21264062821865082,1.548151729644916
10353938,10,2,0.2376042902469635,1.4371486350617013
10354138,12,4,0.13809765875339508,1.9797941719807286
10354121,10,4,0.09339449554681778,2.370922869672274
10353888,10,3,0.1855933964252472,1.6841970388683551
10353933,10,2,0.15550249814987183,1.8610934822194056
10353839,8,7,0.04498666152358055,3.101389243737217
10354112,12,1,0.224568709731102,1.4935735619169337
10353952,8,1,0.4223833680152893,0.8618419223291033
10353939,14,2,0.2125619500875473,1.5485218032804753
10354133,10,1,0.2900751531124115,1.2376152409113441
10354122,9,1,0.3041451871395111,1.190250102310667
10353879,9,1,0.31114235520362854,1.1675047377573242
10354114,6,6,0.05922585725784302,2.8263970544478183
10353841,12,3,0.20198825001716614,1.5995457515046203
10353953,10,3,0.1997109204530716,1.6108843557637031
10353937,10,5,0.08853083848953247,2.4244043301566296
10353880,11,1,0.2692382335662842,1.3121586646757206
10353949,10,1,0.2984843850135803,1.2090376590300689
10353950,10,1,0.3712197244167328,0.9909611425832807
10353954,11,1,0.28976765275001526,1.238675874545543
10358136,13,1,0.3263131082057953,1.1198979039378445
10353911,7,2,0.20428478717803955,1.5882402430831124
10358141,11,1,0.39005932211875916,0.941456443428875
10353792,8,1,0.2157929241657257,1.5334360155477278
10354097,9,3,0.16654635965824127,1.7924815719320215
10358139,10,4,0.14699621498584747,1.9173484409304917
10353795,11,3,0.1413421779870987,1.9565715342789451
10354098,12,1,0.31959235668182373,1.140708980639372
10358140,9,1,0.2842140793800354,1.2580275241520085
10353915,8,1,0.2511965036392212,1.3815197631186322
10353794,11,1,0.4141159653663635,0.8816092347995986
10358138,13,3,0.1274334192276001,2.0601612529151474
10354099,11,2,0.20300567150115967,1.5945213619012624
10353912,8,5,0.04164745286107063,3.178515068036001
10358137,11,1,0.23523618280887604,1.4471652363164773
10353790,13,8,0.041735559701919556,3.17640176291709
10354102,12,1,0.2502366602420807,1.385348167933559
10353909,7,3,0.1856817752122879,1.6837209564612274
10358134,12,4,0.12497081607580185,2.0796750403321096
10354103,11,9,0.03120647370815277,3.4671297150439853
10357979,6,1,0.2842244803905487,1.2579909291310138
10358049,11,2,0.3229427933692932,1.1302800817571497
10357978,8,3,0.20895610749721527,1.5656310610479753
10358117,8,2,0.1898709535598755,1.6614106293670143
10358001,8,1,0.2984282076358795,1.2092258855093172
10358044,7,6,0.04588935896754265,3.0815220195650364
10357980,8,5,0.0741523951292038,2.601632909784279
10358116,9,3,0.13005279004573822,2.039814833678708
10358002,7,2,0.17822058498859406,1.7247332544070686
10358045,11,5,0.07782553136348724,2.5532857350068805
10358118,8,1,0.26596471667289734,1.324391623085295
10357982,10,1,0.28411242365837097,1.2583852612000084
10358003,10,1,0.2686714828014374,1.3142658992443477
10358119,9,1,0.30721911787986755,1.1801940469631325
10358046,8,1,0.35715407133102417,1.0295880179472516
10357981,10,1,0.2718788981437683,1.3023985392419093
10358004,9,6,0.04278673976659775,3.1515270429355002
10358113,8,1,0.30432024598121643,1.1896746913275398
10358050,11,5,0.09930401295423508,2.309569296318214
10357984,13,1,0.3257850706577301,1.1215174075052259
10368188,6,1,0.427753746509552,0.8492076076051704
10368189,4,2,0.23241373896598816,1.4592361379979448
10368190,8,3,0.13753630220890045,1.9838673806568885
10368201,10,2,0.24524760246276855,1.405486956475301
10368193,8,1,0.5652196407318115,0.5705408787192502
10368205,7,3,0.16464103758335114,1.803987704782199
10368220,10,2,0.19536863267421722,1.6328670810506896
10368191,6,1,0.39066675305366516,0.9399003763861841
10368312,9,5,0.11063797026872635,2.2014919371597266
10368203,10,3,0.1486826241016388,1.905941284383848
10368232,10,7,0.025390449911355972,3.6733821634006505
10368223,6,6,0.052653029561042786,2.9440315005373217
10368313,8,3,0.24652808904647827,1.4002793404843608
10368202,6,5,0.11956116557121277,2.1239271927747363
10368227,9,4,0.1338815540075302,2.010799795240511
10368314,9,3,0.15972474217414856,1.8343033066809864
10368199,11,6,0.04032133147120476,3.2108746331649334
10368237,10,3,0.16963446140289307,1.7741093840310411
10368224,9,3,0.18079903721809387,1.7103691561594017
10368311,10,1,0.3057209253311157,1.1850826018845853
10368197,10,2,0.26112669706344604,1.3427495600802988
10368238,10,1,0.24044960737228394,1.425244744146952
10368398,12,2,0.19244447350502014,1.647947616188377
10368221,10,2,0.2601625919342041,1.3464484898255946
10368309,10,2,0.24832481145858765,1.3930176661336477
10368198,10,3,0.14559777081012726,1.9269074537067614
10368233,10,8,0.031093362718820572,3.470760899974951
10368397,14,3,0.1544482707977295,1.8678960555511854
10368222,12,1,0.20317989587783813,1.5936635057815227
10368315,13,3,0.14208385348320007,1.9513378781803936
10368236,10,6,0.032530419528484344,3.425579641915902
10368400,8,4,0.1602623015642166,1.8309434212963216
10368399,9,3,0.17755790054798126,1.7284585229880907
10368402,13,4,0.11124490201473236,2.1960211835724412
10368403,11,4,0.12075301259756088,2.114008037712554
10372120,10,1,0.2729293406009674,1.2985423429357954
10372121,12,4,0.11194450408220291,2.189752029753416
10372181,6,1,0.34717556834220886,1.057924666349833
10372162,8,6,0.06191492825746536,2.7819939610419784
10372122,9,1,0.314727783203125,1.1560471940831107
10372134,9,2,0.2441488653421402,1.4099771358654012
10372182,6,1,0.4912509322166443,0.7108002181584426
10372124,14,10,0.037592604756355286,3.2809479299425592
10372163,11,3,0.1662820279598236,1.7940699686182853
10372128,7,7,0.04209510236978531,3.167823878320296
10372290,10,1,0.3669111132621765,1.0026356584579907
10372184,8,1,0.2598530948162079,1.3476388275881888
10372157,11,4,0.14642632007598877,1.9212329116739482
10372292,12,4,0.12249165028333664,2.0997124122727726
10372129,10,1,0.24706332385540009,1.3981106033276047
10372183,9,2,0.2824481725692749,1.2642602051582434
10372158,12,3,0.16333810985088348,1.8119329329881706
10372295,8,1,0.2944833040237427,1.2225329701164533
10372130,10,2,0.22844140231609344,1.4764755465416766
10372179,8,1,0.35736265778541565,1.029004164688631
10372293,9,1,0.5131988525390625,0.6670918821374217
10372159,10,2,0.2650679051876068,1.3277692398303422
10372131,9,7,0.03877006843686104,3.250106762099386
10369127,10,1,0.49303171038627625,0.7071817857376339
10372294,10,1,0.29330435395240784,1.2265444584024425
10372180,9,5,0.10283779352903366,2.274602352191576
10369128,7,4,0.15835289657115936,1.8429292139566462
10369129,9,8,0.02154850959777832,3.8374486250199586
10372281,4,2,0.44294875860214233,0.8143011846968403
10369130,10,4,0.14174379408359528,1.9537341180480563
10372280,8,5,0.06636951863765717,2.712517384560305
10369131,10,2,0.23546816408634186,1.4461795590106357
10372278,5,1,0.412015438079834,0.8866944592670754
10372276,6,1,0.3451496958732605,1.0637770549767158
10372274,8,1,0.34170299768447876,1.073813347044591
10372279,6,1,0.26215559244155884,1.3388170872078906
10372141,8,2,0.28019285202026367,1.2722771556820547
10372217,6,1,0.33590182662010193,1.0909363443908762
10372212,5,5,0.1000894084572792,2.301691407876785
10372139,9,5,0.08855321258306503,2.4241516355348827
10372216,8,2,0.28252506256103516,1.2639880153005514
10372137,10,3,0.1336432248353958,2.0125815310200137
10372210,9,6,0.07132960110902786,2.64044387489866
10376416,8,3,0.1773916482925415,1.729395288610926
10372142,14,3,0.1353936344385147,1.9995689326186012
10376410,9,2,0.22752100229263306,1.4805127270823393
10372211,10,2,0.3688225746154785,0.9974395781765981
10376396,7,2,0.10989022254943848,2.20827338832344
10376417,11,1,0.6321618556976318,0.4586098168360962
10372138,11,4,0.13689492642879486,1.9885416077923488
10376461,10,1,0.40648218989372253,0.900215164253678
10376403,9,2,0.2670730948448181,1.3202328945845285
10372215,7,6,0.08225663751363754,2.4979111933387137
10376397,11,2,0.18282409012317657,1.699230844601206
10376420,4,3,0.12293589860200882,2.096092209032524
10376455,11,3,0.10434393584728241,2.2600627607337644
10376405,6,6,0.05480041727423668,2.9040574705637874
10376398,8,3,0.18143801391124725,1.7068412047590138
10376459,11,4,0.1060907244682312,2.2434606597263627
10376418,10,1,0.2991207540035248,1.2069079275772048
10376406,9,1,0.22958852350711823,1.4714666005110986
10376395,8,1,0.3063541650772095,1.1830134440902322
10376460,10,3,0.1332068294286728,2.015852250203179
10376421,11,1,0.2047823667526245,1.585807489364289
10376404,9,1,0.2916709780693054,1.23212889944998
10376456,11,3,0.17699399590492249,1.731639468424769
10376399,7,2,0.2258315086364746,1.4879660947675217
10376419,7,5,0.07976813614368439,2.5286311507114845
10376454,10,1,0.3369804322719574,1.087730414790486
10376409,9,2,0.19513754546642303,1.634050607702528
10376392,11,10,0.024814121425151825,3.6963423755603637
10372420,10,1,0.3599296510219574,1.0218466804556474
10376442,9,2,0.2431141883134842,1.4142240352599926
10376448,10,1,0.42352521419525146,0.8591422290111985
10372421,7,1,0.3991248309612274,0.9184810514706695
10376444,6,3,0.17254111170768738,1.7571197421662885
10372415,6,1,0.568601131439209,0.5645760898987529
10376447,6,1,0.3598393499851227,1.0220975971724888
10372422,10,10,0.007003692910075188,4.961317710454759
10376446,8,4,0.13610897958278656,1.9942993936702502
10372417,6,1,0.3768366873264313,0.9759433755036367
10376443,9,2,0.24895307421684265,1.3904908572381451
10372414,5,2,0.2513110935688019,1.3810636906842904
10372419,6,3,0.16705909371376038,1.7894076745837308
10376300,5,4,0.16267555952072144,1.8159974941066421
10376363,10,6,0.0766453668475151,2.5685661210552766
10376302,8,2,0.1971951425075531,1.6235614694316218
10376364,12,2,0.19146345555782318,1.6530583211685168
10376500,11,2,0.14531868696212769,1.9288261071631596
10376483,9,2,0.2227317988872528,1.5017869269136102
10376303,7,1,0.33882811665534973,1.0822623307003167
10376586,10,2,0.22343653440475464,1.4986278676483022
10376367,17,3,0.13811315596103668,1.9796819590851267
10376431,11,1,0.26041337847709656,1.3454849933273014
10376307,5,2,0.2435029298067093,1.4126263044714695
10376577,10,3,0.13482503592967987,2.0037773712676534
10380322,11,4,0.07509572803974152,2.588991605455262
10376366,15,1,0.27507004141807556,1.2907295176793732
10376501,14,1,0.31296306848526,1.1616700874634667
10376480,11,10,0.015000473707914352,4.199673497850958
10376304,7,1,0.32105186581611633,1.1361525931529357
10380418,9,2,0.17479169368743896,1.744160335840341
10376578,8,4,0.143772155046463,1.9395254891179108
10380381,6,1,0.5857549905776978,0.5348536816515294
10380325,7,4,0.14704477787017822,1.9170181272262656
10380411,10,1,0.5690397024154663,0.5638050715159162
10376503,13,7,0.05539748817682266,2.8932210260253215
10376821,11,1,0.31466302275657654,1.1562529817945415
10380407,9,2,0.21313242614269257,1.5458415874801117
10376477,12,3,0.09404601901769638,2.3639710524914532
10376301,10,4,0.130917027592659,2.033191533604308
10380419,9,5,0.08328019082546234,2.4855445633060227
10376540,9,1,0.3748265206813812,0.981291971565763
10376583,9,1,0.24426814913749695,1.4094886852414792
10380382,8,3,0.16617095470428467,1.7947381729386778
10380326,8,4,0.12941646575927734,2.044719658030042
10376434,9,8,0.04072032868862152,3.201027834851487
10380414,11,5,0.0872027650475502,2.439519239309034
10376505,12,2,0.22446219623088837,1.4940479769329031
10376824,11,1,0.25248000025749207,1.3764232403047763
10380402,9,1,0.2887585461139679,1.2421644206526237
10376478,9,1,0.244449183344841,1.40874783074915
10380420,11,5,0.06290020048618317,2.7662059279011215
10376538,8,1,0.27656540274620056,1.285307948029498
10376585,12,6,0.0512930266559124,2.9702004686783776
10380548,6,1,0.2875928282737732,1.2462095899073145
10380379,13,5,0.024576883763074875,3.70594896225186
10380323,10,8,0.025163723155856133,3.6823518789301612
10376430,11,3,0.15764160454273224,1.84743114818181
10380412,11,1,0.5116866230964661,0.6700429055951422
10376498,9,2,0.18900728225708008,1.6659697342040327
10376825,10,1,0.18062004446983337,1.7113596559529296
10380406,12,1,0.23479260504245758,1.4490526862326074
10376481,16,2,0.18057537078857422,1.7116070216702104
10380421,8,2,0.23111963272094727,1.4648198119525087
10376543,9,2,0.2364426851272583,1.4420494466056857
10376579,14,3,0.12263834476470947,2.09851554120968
10380549,7,2,0.2129351943731308,1.5467674113360108
10380380,8,7,0.023009106516838074,3.771865205900071
10380324,10,3,0.20412972569465637,1.5889995769752556
10376435,11,2,0.21820707619190216,1.5223107762652714
10380408,10,8,0.05144239217042923,2.9672926960432844
10376496,13,3,0.12350776046514511,2.091451287113861
10376828,10,1,0.2743670642375946,1.2932884186230278
10380403,10,3,0.2153872549533844,1.5353176852147588
10376479,12,7,0.058754730969667435,2.8343836020567297
10380422,13,12,0.013970687054097652,4.270793926242736
10376541,12,2,0.14571866393089294,1.9260774756259638
10376580,13,2,0.16997218132019043,1.7721204946152427
10380550,7,6,0.07805697619915009,2.5503162548599234
10380376,11,5,0.05747158080339432,2.85646470025658
10380319,10,1,0.30897748470306396,1.1744868697778055
10376436,14,1,0.24918819963932037,1.389546846162256
10380409,14,2,0.20002463459968567,1.6093147470208429
10376497,12,3,0.15059353411197662,1.8931708987214644
10376822,16,9,0.026067238301038742,3.6470759906320653
10376581,9,4,0.13426963984966278,2.0079052631855983
10376542,7,2,0.2418614625930786,1.4193901853718187
10376432,14,3,0.12875208258628845,2.049866564141629
10376823,13,3,0.14382730424404144,1.9391419751962196
10376539,9,1,0.45560091733932495,0.7861380339358847
10376437,14,5,0.09698357433080673,2.3332136516136552
10376819,10,3,0.17184172570705414,1.7611814251896343
10376820,13,7,0.053273119032382965,2.9323234083803422
10376356,11,1,0.3624456822872162,1.0148806578811367
10376351,8,5,0.09256573766469955,2.379836209419188
10376355,12,5,0.11091607064008713,2.1989814840325552
10376352,10,2,0.16171394288539886,1.821926289243184
10380544,7,1,0.27583134174346924,1.2879656806904634
10376353,12,8,0.06593355536460876,2.7191077809555444
10380569,16,2,0.18090984225273132,1.7097564809147925
10380641,9,4,0.08223488926887512,2.498175623310452
10380331,10,5,0.07373960316181183,2.6072152677771148
10380306,6,1,0.42118966579437256,0.8646720341743707
10380541,7,3,0.14203289151191711,1.9516966178374342
10376354,11,2,0.14611820876598358,1.9233393357807298
10380567,10,2,0.17839939892292023,1.7237304281080463
10380330,12,4,0.07196194678544998,2.631617816549102
10380542,4,1,0.3760560154914856,0.9780171693172968
10380307,10,5,0.0848650261759758,2.466693211926154
10380643,8,1,0.3292604982852936,1.1109060534144009
10380566,12,4,0.07930354028940201,2.534472507083106
10380400,11,1,0.3339000940322876,1.0969134504144558
10380332,14,4,0.10942327231168747,2.2125316848195187
10380543,8,4,0.12217261642217636,2.1023203455543835
10380308,7,2,0.24956971406936646,1.3880169877120137
10380639,8,2,0.14385706186294556,1.9389350983373
10380570,10,3,0.16391362249851227,1.8084156819911772
10380335,12,2,0.15414965152740479,1.8698313852597026
10380538,12,1,0.245017409324646,1.4064260124940007
10380310,9,1,0.39166852831840515,0.9373393879299088
10380640,8,3,0.2315489500761032,1.462963980394729
10380563,10,5,0.06179285794496536,2.7839674884304695
10380395,9,2,0.1968313455581665,1.6254080308368972
10380334,15,3,0.18212758004665375,1.7030478482162315
10380311,10,2,0.17081238329410553,1.767189498533861
10380645,9,7,0.0521150566637516,2.95430137650848
10380396,12,8,0.032732706516981125,3.4193805016489036
10380564,11,3,0.11726029962301254,2.1433590322471106
10380336,15,4,0.13488756120204926,2.0033137275657693
10380631,10,1,0.2288159281015396,1.4748374060711562
10380399,12,1,0.33151885867118835,1.104070582071803
10380632,12,7,0.03621203452348709,3.318363769997944
10380636,14,3,0.13534145057201385,1.9999544302510566
10380633,14,4,0.11477402597665787,2.1647900752548246
10380637,14,1,0.23782628774642944,1.4362147552236095
10380375,9,1,0.4587930142879486,0.7791561198935176
10380368,9,3,0.16444756090641022,1.8051635382818723
10383791,10,2,0.24556803703308105,1.4041812335518515
10380371,12,1,0.38056814670562744,0.9660900199356026
10383782,10,2,0.21925479173660278,1.5175207928416279
10383783,9,6,0.053305890411138535,2.931708439636319
10380369,7,3,0.19194814562797546,1.6505300182854312
10383785,8,5,0.12387505173683167,2.088481868678537
10380373,9,5,0.12741050124168396,2.06034111191226
10383789,12,4,0.08328839391469955,2.4854460682716
10380370,8,2,0.18358102440834045,1.6950991590327746
10383784,12,7,0.05871180072426796,2.835114537867837
10383727,9,2,0.29429125785827637,1.2231853290487524
10383780,6,4,0.09553512930870056,2.3482612529698623
10383869,10,6,0.014551365748047829,4.230070423924547
10383875,7,2,0.2914696931838989,1.2328192470910317
10383745,12,1,0.6386280059814453,0.448433144383638
10383730,8,1,0.23140285909175873,1.463595108673313
10383790,8,4,0.09004445374011993,2.407451800149585
10383870,7,2,0.19149941205978394,1.6528705405500452
10383747,11,4,0.11729351431131363,2.1430758163149886
10383729,12,1,0.25674161314964294,1.359685096141688
10383871,10,2,0.25860539078712463,1.3524519668170902
10383777,11,4,0.08973139524459839,2.410934568427203
10383748,9,2,0.2572070360183716,1.3578739307783387
10383728,9,4,0.13139556348323822,2.0295429369473004
10383876,12,2,0.19227755069732666,1.6488153742457121
10383778,9,3,0.20879991352558136,1.5663788371232537
10383746,12,10,0.014808746986091137,4.212537260217491
10383874,12,3,0.17539094388484955,1.7407378315922164
10394528,6,2,0.24451474845409393,1.4084796510108013
10394524,6,1,0.44038358330726624,0.820109151605733
10394525,10,1,0.5125753879547119,0.6683074803392713
10394629,9,1,0.5240227580070496,0.6462201642930437
10394606,11,1,0.4122898280620575,0.8860287107789154
10394549,7,2,0.2610953152179718,1.342869745919938
10394526,8,1,0.2064497023820877,1.577698468249102
10394624,11,1,0.2802961468696594,1.2719085673573247
10394602,13,2,0.20632687211036682,1.5782936099452964
10394547,8,3,0.14008337259292603,1.9655175151027198
10394612,10,2,0.2523956894874573,1.3767572265613184
10394625,12,1,0.3188210427761078,1.143125328045809
10394609,12,1,0.37937629222869873,0.9692267109700272
10394545,9,1,0.26702991127967834,1.32039459959176
10394615,7,1,0.39838674664497375,0.9203320202784138
10394626,8,5,0.0861559808254242,2.4515958950235297
10394601,13,1,0.26755398511886597,1.3184339194792156
10394546,10,3,0.1661887764930725,1.7946309289669684
10394616,10,1,0.2600637376308441,1.346828533275654
10394628,9,3,0.16053356230258942,1.8292522473531472
10394607,12,2,0.21143180131912231,1.553852784886612
10394550,10,3,0.18781119585037231,1.6723180981682477
10394618,13,2,0.19539636373519897,1.632725148885408
10394627,11,6,0.06630063056945801,2.7135558709839946
10394603,13,4,0.12347222864627838,2.091739017461892
10394767,9,2,0.2229474037885666,1.500819392791135
10394544,6,2,0.267673134803772,1.3179886890996657
10394613,11,3,0.21572445333003998,1.5337533646967132
10394604,13,12,0.021081894636154175,3.8593406809723594
10394772,9,7,0.035900939255952835,3.326991820711689
10394771,10,6,0.03550148382782936,3.3381807854072534
10394770,12,5,0.08007252216339111,2.5248225279133494
10394768,11,4,0.135494664311409,1.9988230172132857
10397833,10,3,0.2294662445783615,1.4719993427464477
10397879,10,1,0.35239169001579285,1.0430119663111115
10397828,9,2,0.2332729697227478,1.4555459672639905
10397945,7,1,0.4726027548313141,0.7495000851491666
10397834,9,1,0.42900803685188293,0.8462796263091248
10397880,10,7,0.051558829843997955,2.965031796203637
10397947,5,1,0.3720647990703583,0.9886872488291396
10397824,11,1,0.3747752606868744,0.9814287375016528
10397831,11,2,0.2877597510814667,1.2456293446164568
10397948,9,1,0.4961240291595459,0.7009293247272905
10397881,12,6,0.04909685626626015,3.013960273395233
10397823,10,2,0.2425554245710373,1.416525039787186
10395454,10,1,0.5771138072013855,0.549715792406061
10397835,9,5,0.0688648372888565,2.6756095753709297
10397949,11,4,0.12291913479566574,2.0962285805042598
10397882,11,1,0.23296640813350677,1.456861006910918
10397825,12,2,0.1966318041086197,1.6264223137084832
10395455,8,3,0.20958544313907623,1.5626237796194058
10397946,9,1,0.2505945563316345,1.3839189592954744
10397837,12,9,0.022931993007659912,3.775222268852325
10395458,8,5,0.11349409073591232,2.1760045074168293
10395456,9,2,0.1647678166627884,1.8032179678181635
10397937,7,1,0.35688790678977966,1.0303335330898562
10395457,11,5,0.08069850504398346,2.517035228735523
10397941,8,1,0.3502374291419983,1.0491439855097688
10395459,9,3,0.16995705664157867,1.7722094818333616
10397934,12,1,0.3840920031070709,0.956873163667188
10397935,10,4,0.11153168231248856,2.1934465821435323
10397936,10,4,0.13067440688610077,2.035046493240969
10397940,11,1,0.25554218888282776,1.3643677601405804
10397870,9,5,0.10751664638519287,2.2301095933076405
10397872,6,2,0.2042478322982788,1.588421158281066
10397867,8,6,0.07789565622806549,2.552385088532203
10401834,10,3,0.1411367952823639,1.9580256796161961
10401980,10,4,0.08737700432538986,2.4375231393448864
10401799,8,4,0.12597544491291046,2.071668272666122
10401809,8,5,0.061285823583602905,2.792206725695592
10397868,13,3,0.14136461913585663,1.9564127751048932
10401829,10,1,0.2596794664859772,1.3483072297235996
10401975,9,2,0.11421725898981094,2.169652863671164
10401805,7,1,0.3718084990978241,0.9893763446289415
10401810,9,2,0.2493499219417572,1.3888980600369476
10397869,7,6,0.03801819682121277,3.2696903701582656
10401831,11,1,0.25232306122779846,1.3770450235177707
10401978,10,4,0.11933354288339615,2.1258328252449754
10401801,9,2,0.20374180376529694,1.5909017545890771
10401812,7,1,0.3368087112903595,1.0882401320720911
10401861,12,1,0.36455869674682617,1.009067706898968
10401835,11,2,0.24808691442012787,1.3939761328429134
10401977,8,1,0.3191700875759125,1.142031128399374
10401800,9,1,0.2731176018714905,1.2978528004685124
10401806,8,1,0.3655088543891907,1.006464774670712
10401940,9,3,0.14757640659809113,1.9134092264890432
10401863,11,3,0.13028433918952942,2.038035992485149
10401830,11,1,0.2905912697315216,1.2358375705149818
10401976,10,1,0.31314605474472046,1.1610855687018604
10401803,9,2,0.23475781083106995,1.4492008884714942
10401937,8,1,0.29723408818244934,1.2132352749283066
10401807,12,5,0.09018336236476898,2.4059103216458015
10401857,15,4,0.10861366242170334,2.2199580744070255
10401833,14,6,0.071015864610672,2.6448519816802545
10401981,9,1,0.21648351848125458,1.530240861544777
10401862,11,3,0.148019477725029,1.910411407627169
10401988,6,1,0.4509929120540619,0.796303655669339
10401991,8,2,0.2441028505563736,1.410165623829312
10401992,8,1,0.3962011933326721,0.925833132777063
10401989,6,1,0.30008476972579956,1.2036902784874544
10401990,9,2,0.2527209222316742,1.3754694732718167
10401788,12,2,0.2692769467830658,1.3120148870506472
10401778,12,2,0.19604362547397614,1.6294180655697812
10401919,9,3,0.17939715087413788,1.7181532108986144
10401776,16,2,0.19365906715393066,1.6416560517372838
10401792,14,1,0.20849087834358215,1.5678599876519386
10401777,12,1,0.3715490400791168,0.9900744179397494
10405252,9,2,0.2888827323913574,1.2417344434888582
10401789,14,10,0.017311418429017067,4.0563889704003016
10401837,11,1,0.2802388370037079,1.2721130501025593
10401779,14,9,0.04909581318497658,3.013981518999196
10401925,12,2,0.19571174681186676,1.6311123817935347
10402029,10,1,0.3354795277118683,1.0921943446650921
10405255,7,5,0.07113838195800781,2.6431282571960595
10405399,8,4,0.05705857276916504,2.8636769463177925
10401794,8,2,0.20818470418453217,1.5693295924331787
10405395,10,1,0.4416388273239136,0.817262863690712
10401842,11,3,0.16784262657165527,1.7847284851974512
10401920,8,3,0.13023531436920166,2.0384123542700414
10401774,16,5,0.09279463440179825,2.3773664598077016
10405333,8,1,0.38075074553489685,0.9656103291394543
10405248,11,2,0.17852818965911865,1.7230087649701558
10405400,8,1,0.4680454432964325,0.75918988671774
10401793,16,10,0.02223174273967743,3.806234158231888
10401908,17,2,0.14903469383716583,1.9035761555960244
10405393,12,2,0.25886547565460205,1.3514467512339745
10401843,9,3,0.1744186133146286,1.7462970454807616
10405388,8,1,0.3455410599708557,1.0626438006623404
10401924,12,2,0.16508732736110687,1.8012806883545232
10402033,11,1,0.22863458096981049,1.4756302662281915
10405258,8,1,0.2851894795894623,1.254601478957354
10405402,10,1,0.2893342673778534,1.240172624730637
10405237,11,1,0.3448944389820099,1.0645168827355502
10401912,20,5,0.08363482356071472,2.4812952958549364
10402001,8,4,0.08381390571594238,2.4791563459294528
10405389,8,6,0.08008362352848053,2.5246838961417213
10401841,11,3,0.15094205737113953,1.8908592418278245
10405385,9,3,0.17704494297504425,1.7313516635260502
10401921,15,4,0.08837627619504929,2.426151714190183
10405329,7,1,0.27840298414230347,1.2786856316773674
10402025,17,1,0.31671568751335144,1.1497507923626162
10405247,9,5,0.08272220194339752,2.492267249337939
10405403,10,4,0.11022642999887466,2.2052185743691295
10405232,6,3,0.1694229245185852,1.7753571781835247
10401911,15,3,0.16922304034233093,1.776537668844613
10401997,7,2,0.30218011140823364,1.1967320439888183
10405390,13,3,0.12234313040971756,2.100925637709257
10401839,10,2,0.1850975602865219,1.686872240005368
10402260,11,1,0.2713945209980011,1.3041817197070296
10401923,10,10,0.015492071397602558,4.16742690866464
10405330,11,3,0.16221408545970917,1.8188383009990157
10402026,14,3,0.1252211332321167,2.0776740387768644
10405256,8,5,0.10180874913930893,2.2846592341647254
10405233,9,3,0.16541406512260437,1.7993034629910332
10402419,10,1,0.4189389944076538,0.8700299677328529
10397877,16,6,0.08070903271436691,2.5169047804238196
10401998,12,10,0.019777892157435417,3.9231905228018777
10405394,14,6,0.05639822781085968,2.875317542765067
10401838,13,5,0.08144020289182663,2.5078862348786735
10402258,8,2,0.18272167444229126,1.699791188577216
10405386,7,3,0.19075867533683777,1.6567461297110648
10405334,8,1,0.32237526774406433,1.132038984244907
10402031,15,12,0.02123073674738407,3.852305300742213
10402420,7,1,0.3980836570262909,0.9210931022518708
10405234,8,3,0.161016583442688,1.826247916552478
10397878,13,10,0.03252062946557999,3.4258806382297102
10405383,8,1,0.2652881145477295,1.3269388188882465
10401999,8,3,0.1708672046661377,1.7668686050744076
10402261,9,3,0.18375955522060394,1.6941271410406409
10402423,12,6,0.03270087018609047,3.420353590237574
10405235,9,1,0.2324662059545517,1.4590104152522785
10401909,13,9,0.04242126643657684,3.1601054755864615
10402262,8,5,0.09158873558044434,2.390446988876593
10402421,13,1,0.3055626451969147,1.1856004634642825
10405296,10,1,0.2634885013103485,1.3337455502437954
10402259,9,7,0.03700054809451103,3.296822553082466
10402422,14,6,0.06791075319051743,2.6895608889075246
10405297,11,6,0.03881258890032768,3.249010628783425
10402255,10,5,0.07246161252260208,2.6246983397937065
10405298,8,2,0.17562490701675415,1.7394047683362361
10405292,10,6,0.06390497833490372,2.7503580124188796
10405293,9,2,0.24942728877067566,1.3885878340367324
10401892,9,1,0.3691490590572357,0.9965547624244459
10401896,10,3,0.1416185349225998,1.9546182099426532
10401893,12,4,0.0640527531504631,2.7480482671687687
10401889,8,1,0.33970096707344055,1.0796895569740799
10401886,10,1,0.29055097699165344,1.235976237907208
10405456,11,3,0.1374502331018448,1.9844933684694845
10401895,10,1,0.2276972532272339,1.4797383691067056
10405270,10,3,0.15358951687812805,1.8734717100890217
10401884,7,2,0.21989360451698303,1.5146114654415244
10405323,6,1,0.5788019895553589,0.5467948468510359
10405415,11,1,0.6024702787399292,0.5067169447263198
10401890,8,7,0.0391574427485466,3.240164766093951
10405264,9,4,0.1397334635257721,1.9680185029231512
10401888,8,5,0.08302102982997894,2.4886613318331334
10405317,10,1,0.48897695541381836,0.7154399165608389
10405559,9,4,0.09557875245809555,2.347804738249432
10405420,11,2,0.25775814056396484,1.3557335734064446
10405460,12,7,0.04533718526363373,3.093627716473116
10405280,7,3,0.14410488307476044,1.937213889841847
10405265,10,4,0.12138635665178299,2.108776790100706
10401885,11,4,0.13693468272686005,1.9882512352612913
10405416,13,5,0.05971578136086464,2.8181589491133137
10405318,7,1,0.4993925392627716,0.694362840649797
10405565,8,1,0.41538316011428833,0.8785539073260102
10405283,7,1,0.3108704090118408,1.1683791449230936
10405459,9,2,0.1547158658504486,1.8661649678354841
10405418,13,3,0.16279610991477966,1.8152567205715449
10405266,11,10,0.012786722742021084,4.359347932189379
10401887,10,1,0.18411345779895782,1.6922030929316112
10405281,12,8,0.027357149869203568,3.5987773631012474
10405321,12,10,0.021437887102365494,3.842595496965808
10405561,10,3,0.20914053916931152,1.5647488167844565
10405454,10,2,0.18501625955104828,1.6873115683007391
10405417,10,2,0.19635984301567078,1.627806369264642
10405267,10,1,0.281133770942688,1.26892466974893
10406490,8,2,0.2703394889831543,1.3080767432028801
10405282,12,6,0.025151504203677177,3.6828375749335542
10401882,9,1,0.4124985337257385,0.8855226278179893
10405320,10,8,0.03373173251748085,3.3893162669382964
10405421,10,1,0.24348509311676025,1.4126995575664838
10405564,10,1,0.33626455068588257,1.0898570755870913
10406492,8,1,0.40870535373687744,0.8947607890681024
10405285,12,4,0.1609600931406021,1.8265988134141078
10405557,11,1,0.2822636067867279,1.2649138688354178
10406493,9,1,0.45381757616996765,0.7900599762935039
10405560,11,8,0.05221657454967499,2.952355314383669
10406494,10,5,0.06631123274564743,2.7133959731295043
10405563,12,1,0.21310165524482727,1.5459859724519496
10406495,8,3,0.17696653306484222,1.7317946430156494
10405314,10,1,0.4021635353565216,0.910896468716123
10405309,10,2,0.26052236557006836,1.3450665651591163
10405356,15,2,0.15048913657665253,1.8938643796134014
10405310,6,2,0.19674552977085114,1.6258441122941911
10405348,11,3,0.13848470151424408,1.9769954178366294
10405313,7,1,0.3238515555858612,1.1274700299500147
10405381,8,1,0.31624653935432434,1.151233181753404
10405355,13,2,0.21516408026218414,1.536354377905893
10405308,13,3,0.13393506407737732,2.010400192923509
10405372,9,2,0.25311771035194397,1.3739006401456255
10405351,12,2,0.1818116307258606,1.7047841238953243
10405246,8,3,0.19102756679058075,1.6553375326034026
10405486,8,1,0.40019816160202026,0.9157954505411554
10405316,7,5,0.05939720943570137,2.8235080329140416
10405376,11,4,0.1178150549530983,2.1386392149704103
10409343,11,1,0.2663450837135315,1.3229625037826034
10405350,14,9,0.022656643763184547,3.787302147185934
10405250,6,2,0.3177582025527954,1.1464645547601742
10405315,9,3,0.18312683701515198,1.6975762677790618
10422710,12,3,0.11032634973526001,2.2043124897272413
10422715,11,2,0.35902947187423706,1.024350799506209
10422714,10,9,0.0030446189921349287,5.79437951138481
10427076,6,1,0.5791228413581848,0.5462406626717667
10422711,11,4,0.09671890735626221,2.3359463697176763
10427036,10,3,0.08576935529708862,2.456093500656202
10427073,6,6,0.08278211951255798,2.491543188826998
10427108,11,3,0.09984450042247772,2.304141299029995
10422712,11,1,0.24898315966129303,1.3903700166869257
10422866,11,3,0.13698741793632507,1.987866197252391
10427040,8,1,0.3748290538787842,0.9812852132690494
10427074,6,2,0.2808871269226074,1.2698023738942783
10427109,12,1,0.3424074947834015,1.0717537459838955
10422716,11,5,0.08724936097860336,2.43898504195389
10422865,9,5,0.07613813132047653,2.575206071007232
10427226,6,6,0.07756305485963821,2.556664062332817
10427037,10,6,0.05129970237612724,2.970070328457189
10427077,8,2,0.1959703117609024,1.6297921018320916
10427105,10,5,0.0873304083943367,2.4380565561179086
10422867,14,4,0.10998141765594482,2.2074438578605697
10427221,6,1,0.3358444571495056,1.0911071513521409
10427042,7,1,0.27453863620758057,1.2926632767254873
10427078,7,2,0.17236895859241486,1.7581179915326735
10427107,11,3,0.14585712552070618,1.9251277287318094
10422869,13,1,0.32138147950172424,1.1351264517892197
10427223,10,2,0.1975691318511963,1.6216667211992088
10427038,10,5,0.10375996679067612,2.2656750590330197
10427079,9,3,0.1592641919851303,1.8371908708545757
10427100,12,5,0.08872104436159134,2.4222581645756818
10422872,14,4,0.10983071476221085,2.208815055307121
10427229,9,1,0.25517576932907104,1.365802679789425
10427043,9,1,0.27615320682525635,1.2867994700814853
10427101,11,3,0.18313172459602356,1.697549578541544
10422871,13,5,0.09790442138910294,2.3237635681661435
10427201,10,1,0.33558404445648193,1.0918828488551764
10427202,10,1,0.24184386432170868,1.4194629498025515
10427199,9,3,0.1431337296962738,1.9439759130225782
10427388,7,2,0.27215829491615295,1.3013714153595275
10427206,9,1,0.23824165761470795,1.4344697523191827
10427389,10,1,0.3233572542667389,1.1289975166211066
10427204,8,3,0.1459053009748459,1.9247974911809622
10427390,9,3,0.15514393150806427,1.8634020025616083
10427200,9,3,0.14424094557762146,1.9362701445232784
10427391,9,9,0.019490597769618034,3.9378230953522904
10427205,10,1,0.30300572514533997,1.194003578782165
10427014,7,1,0.30348843336105347,1.1924117800455472
10427016,9,3,0.18025818467140198,1.71336509651702
10427028,12,1,0.4409322738647461,0.818863989331829
10427013,8,2,0.21970202028751373,1.5154831039692473
10427032,8,6,0.0684116780757904,2.6822117368245
10427217,11,3,0.09663926810026169,2.336770118290146
10427254,11,1,0.30155253410339355,1.198811035527702
10427020,13,6,0.06160016730427742,2.787090692467822
10427033,8,2,0.20182128250598907,1.6003727132637897
10427212,11,1,0.22952911257743835,1.4717254053373219
10427189,9,3,0.16416364908218384,1.8068914884323162
10431126,8,1,0.3471001088619232,1.058142042481708
10427018,11,4,0.14042255282402039,1.9630991676407512
10431161,10,3,0.13078244030475616,2.0342200974057523
10427122,12,1,0.3114738464355469,1.1664399043579752
10427029,15,2,0.13891080021858215,1.9739232768912665
10431153,7,1,0.31417083740234375,1.1578183728649736
10427215,13,1,0.40141209959983826,0.9127666995768505
10427186,12,5,0.097803495824337,2.3247949579550666
10427251,9,6,0.05044816806912422,2.9868088446530234
10431124,10,1,0.25993812084198,1.3473116730539485
10427017,15,2,0.13014206290245056,2.0391286336312913
10431163,9,1,0.363120436668396,1.0130207182889461
10427118,15,1,0.13466736674308777,2.004947491115324
10427030,15,14,0.006018666084855795,5.112889624802752
10431156,8,2,0.2101633995771408,1.5598699575977861
10427210,10,3,0.20403115451335907,1.5894825785954176
10427193,11,5,0.05500180274248123,2.900389317150802
10427253,11,6,0.05833222344517708,2.841600620561849
10431305,8,1,0.32624340057373047,1.1201115486763218
10431125,10,8,0.03483928367495537,3.3570096876295428
10427012,15,2,0.14127367734909058,1.9570562957532656
10431157,10,1,0.3004459738731384,1.2024873286143736
10427120,14,4,0.12169654667377472,2.1062246551203034
10427031,16,9,0.03249272704124451,3.4267389980359972
10431150,10,2,0.18395191431045532,1.693080890796428
10427209,13,2,0.1910810023546219,1.6550578447413429
10427547,9,2,0.308551162481308,1.1758676066599871
10427238,6,3,0.1872429996728897,1.6753480422081295
10427190,10,1,0.23958557844161987,1.4288446046958319
10427249,12,6,0.055095307528972626,2.8986907292633903
10431127,10,2,0.311766117811203,1.165501994680008
10431164,12,4,0.06225215643644333,2.7765621026880343
10427115,11,6,0.06977981328964233,2.6624105189272558
10431154,12,1,0.3725816607475281,0.9872990417051825
10427213,14,10,0.027955953031778336,3.577125113445274
10427546,7,1,0.3209194839000702,1.136565016286713
10427239,10,3,0.13495950400829315,2.0027805158527396
10427187,14,1,0.21708257496356964,1.5274774680387393
10427250,11,1,0.27489691972732544,1.2913590889398276
10431308,10,5,0.08886909484863281,2.42059083640084
10431123,8,1,0.4030572175979614,0.9086767479622708
10431158,7,2,0.22022059559822083,1.5131255277402693
10427124,14,6,0.06755900382995605,2.694753932119333
10431151,12,2,0.174336239695549,1.746769432430508
10427211,14,2,0.18994051218032837,1.6610443496334892
10427540,7,1,0.38547807931900024,0.9532709505812459
10427237,12,4,0.11390484869480133,2.1723918396826405
10427188,10,7,0.059478193521499634,2.8221455290434
10427248,12,8,0.05428358539938927,2.913533392413039
10431310,9,4,0.0964108258485794,2.3391367823371487
10431128,10,4,0.11375964432954788,2.1736674394304423
10431162,10,2,0.2579401433467865,1.3550277235091055
10427125,16,16,0.008265456184744835,4.79567035446586
10427214,11,4,0.10221821069717407,2.280645430225123
10427191,12,1,0.2274600863456726,1.4807805006177484
10427246,12,1,0.2773720324039459,1.2823955966457528
10427233,9,6,0.059688374400138855,2.8186180112126586
10427542,9,6,0.09890742599964142,2.313570957230505
10427123,14,5,0.0695090964436531,2.666297650894625
10427235,12,4,0.10257565230131149,2.2771546814119916
10427543,11,8,0.04627736657857895,3.0731022802078125
10427544,11,1,0.320096492767334,1.139132788744464
10431134,9,3,0.17198196053504944,1.7603656882792176
10427541,12,2,0.19668763875961304,1.6261383986751392
10431136,9,3,0.19551678001880646,1.632109071941769
10431130,10,2,0.24107679724693298,1.4226397354773879
10431131,7,3,0.22677285969257355,1.483806380547612
10427054,10,1,0.3047243654727936,1.1883476307369538
10427052,10,1,0.4336529076099396,0.8355108169048444
10427047,8,4,0.10871905833482742,2.2189881705561976
10427138,8,1,0.43030837178230286,0.8432531836394085
10427051,7,2,0.25279268622398376,1.3751855482039599
10427143,10,2,0.18228329718112946,1.7021932241987594
10431040,7,3,0.1799013763666153,1.7153464873233137
10431223,7,1,0.4882585406303406,0.7169102170478912
10427048,6,1,0.40109384059906006,0.9135598625966388
10431451,13,1,0.35222646594047546,1.0434809411081671
10427140,13,1,0.264492005109787,1.329944254568637
10431337,12,1,0.30888763070106506,1.1747777229119027
10431219,8,1,0.46960771083831787,0.7558575905896036
10431038,7,1,0.41771048307418823,0.8729667106567837
10431456,14,3,0.12481258064508438,2.080942021676442
10427141,13,5,0.057279642671346664,2.8598099946287676
10431217,9,1,0.3659451901912689,1.0052717103707252
10431042,9,7,0.018943822011351585,3.966277415840327
10431449,12,10,0.03239245340228081,3.4298298029965464
10427142,10,6,0.06433358043432236,2.743673537804722
10431220,8,6,0.04834563285112381,3.029379384820507
10431339,13,4,0.12052839994430542,2.1158698696354747
10431454,12,2,0.2639772891998291,1.3318922052944717
10431044,7,5,0.07443252205848694,2.5978623082121186
10431439,10,1,0.42550909519195557,0.8544689558929134
10431224,10,9,0.027953939512372017,3.5771971407490506
10427139,7,1,0.24644184112548828,1.4006292519762844
10431452,14,6,0.07199928164482117,2.6310991371711157
10431333,12,1,0.2548488676548004,1.3670845853890046
10431039,8,5,0.09447436779737473,2.359426721514148
10431440,9,1,0.34241145849227905,1.0717421700517205
10431221,5,1,0.32129350304603577,1.135400233898768
10431455,14,2,0.17736677825450897,1.7295354969116299
10431334,14,1,0.22908267378807068,1.4736723196716597
10431442,11,2,0.3785809874534607,0.9713252594988893
10431443,9,4,0.05848655849695206,2.838958320428203
10431441,12,3,0.09912164509296417,2.3114074448158854
10431438,11,3,0.16143956780433655,1.8236243995091597
10431444,10,1,0.4386061429977417,0.8241534371736275
10431328,12,2,0.20018261671066284,1.608525245487995
10434452,9,1,0.46218740940093994,0.7717848220993444
10445312,11,3,0.17865896224975586,1.7222765292456546
10445373,12,1,0.355925053358078,1.0330350945685143
10445314,8,3,0.14846184849739075,1.9074272662225296
10445377,6,2,0.21206481754779816,1.5508633078900456
10445318,14,1,0.4884779155254364,0.716461017271632
10445374,11,2,0.2666900157928467,1.3216682845922294
10445323,14,4,0.10829038172960281,2.2229389402801627
10445294,10,3,0.17303414642810822,1.7542663257637143
10445317,11,5,0.13145311176776886,2.0291050554522143
10445375,5,2,0.2097843587398529,1.5616751389933865
10445357,7,3,0.14599815011024475,1.9241613278318475
10445324,12,1,0.25059306621551514,1.383924905635936
10445296,8,5,0.05680924281477928,2.8680562408810966
10445315,9,1,0.37109604477882385,0.9912943690731003
10445379,16,7,0.07219363003969193,2.6284034635726163
10445354,9,2,0.20036280155181885,1.607625548000045
10445326,9,1,0.38443318009376526,0.9559852890299863
10445293,10,2,0.1610691249370575,1.825921658705771
10445378,11,2,0.1615416705608368,1.8229921475528648
10445355,9,6,0.09817653149366379,2.3209880790098536
10445426,12,4,0.14648698270320892,1.9208187097410767
10445432,16,5,0.11766068637371063,2.1399503360279906
10445425,13,4,0.10597998648881912,2.244505009405554
10448675,10,1,0.3935677409172058,0.9325020762146798
10448650,14,3,0.1424245685338974,1.9489427630470006
10445433,12,1,0.24211324751377106,1.4183496973539536
10448661,6,2,0.2832593619823456,1.2613923276084156
10448677,8,1,0.40727898478507996,0.8982568620618567
10445427,9,4,0.11090368032455444,2.1990931992021165
10448655,9,2,0.2610238492488861,1.3431434994015017
10448671,8,3,0.1648886799812317,1.8024846995520185
10448644,14,1,0.24125707149505615,1.4218922272960213
10445434,8,3,0.16135458648204803,1.8241509352169685
10448656,9,6,0.033450812101364136,3.3976792146349197
10448672,11,1,0.5098299384117126,0.6736780629666255
10448645,13,1,0.3440757393836975,1.0668934732161468
10448621,12,5,0.028531180694699287,3.5567577302912943
10448623,6,2,0.20643556118011475,1.5777669676760686
10454391,9,2,0.20708942413330078,1.5746045783582159
10454395,6,2,0.30629730224609375,1.183199072736573
10454418,7,2,0.2514957785606384,1.380329074630377
10448622,9,1,0.29490140080451965,1.2211142130720876
10454386,7,1,0.31277918815612793,1.1622578065521916
10454220,12,2,0.2406637966632843,1.424354354050337
10454221,8,6,0.029471512883901596,3.5243311471436325
10454208,9,4,0.12998199462890625,2.040359340973528
10454218,8,2,0.22513990104198456,1.4910332875954861
10454209,12,1,0.4082096219062805,0.8959744573352494
10454207,13,2,0.15352894365787506,1.8738661716979572
10454291,7,1,0.3366915285587311,1.0885881133373605
10454225,10,1,0.31275689601898193,1.1623290802571604
10454211,9,4,0.15473590791225433,1.8660354351358326
10457750,10,2,0.17544493079185486,1.74043006997872
10454286,11,3,0.1590804010629654,1.838345537505736
10454222,7,4,0.17483468353748322,1.7439144170363758
10454206,12,9,0.031001459807157516,3.473720985052248
10454396,9,1,0.2667401134967804,1.321480452292064
10457754,10,1,0.3806856870651245,0.965781212662084
10454309,11,7,0.054066333919763565,2.9175435803695575
10454287,12,1,0.38132426142692566,0.964105185957845
10454224,9,3,0.14474698901176453,1.9327679640458002
10454409,13,1,0.314450740814209,1.156927842090776
10454402,11,2,0.19785596430301666,1.6202159660250035
10457914,7,4,0.13158883154392242,2.0280731303798207
10454210,12,8,0.03283759951591492,3.4161810934180883
10454306,13,1,0.30574631690979004,1.184999550571498
10454284,9,2,0.2876896560192108,1.2458729631230974
10454226,7,1,0.26196953654289246,1.3395270547182907
10454412,13,1,0.21058599650859833,1.557861174804539
10457915,8,4,0.08572570979595184,2.4566025007496495
10454212,14,2,0.15180429816246033,1.8851630997807458
10457758,10,1,0.3252815306186676,1.1230642235712767
10454304,10,2,0.26479291915893555,1.3288071956131593
10454285,6,2,0.1577623188495636,1.846665689645802
10454657,7,1,0.4413321614265442,0.8179574865347398
10454217,8,1,0.3041168749332428,1.190343194443332
10454411,8,2,0.20910365879535675,1.5649251748749204
10457729,7,5,0.0446016825735569,3.109983694803217
10454205,14,3,0.18563544750213623,1.6839704881692015
10457753,10,7,0.04741780832409859,3.0487574177997665
10457897,13,1,0.39875784516334534,0.9194009506857863
10454288,16,7,0.056539781391620636,2.8728107931617224
10454653,6,1,0.3398182690143585,1.0793443071684716
10454219,6,1,0.4539085328578949,0.7898595707144926
10454407,15,3,0.13671986758708954,1.989821208672275
10454398,9,3,0.11661844700574875,2.148847809982774
10457917,7,2,0.27898380160331726,1.2766015576157193
10454213,11,5,0.0637483224272728,2.7528124101561526
10457756,13,6,0.0596199594438076,2.8197648709772
10454307,12,3,0.1043710708618164,2.259802740957374
10457890,14,4,0.12711696326732635,2.062647645747903
10454282,11,2,0.1814863085746765,1.7065750629728502
10454376,6,1,0.34749841690063477,1.0569951696692939
10454654,6,3,0.14472520351409912,1.9329184828055916
10454413,14,4,0.130437970161438,2.036857489655283
10457725,11,5,0.08381843566894531,2.4791022996402154
10454403,12,11,0.015102586708962917,4.192889244602991
10457919,6,1,0.28663262724876404,1.2495539276085754
10457757,13,10,0.01687517575919628,4.081911626918004
10454308,12,1,0.22322328388690948,1.4995827354260387
10457891,14,3,0.14977937936782837,1.8985918717946286
10454289,11,4,0.08663308620452881,2.4460734785902245
10454377,7,4,0.11988549679517746,2.1212181851059095
10454659,12,1,0.3916655480861664,0.9373469970262791
10454410,10,2,0.1779133677482605,1.7264585452094678
10457727,12,1,0.4459267556667328,0.8076005654109513
10454399,10,1,0.3170466423034668,1.1487063793243886
10457918,12,1,0.2485189437866211,1.3922362038092715
10454506,10,3,0.08831354975700378,2.4268617317629855
10457748,10,2,0.1529202163219452,1.8778389555463382
10454310,12,2,0.15405169129371643,1.870467075137563
10457896,14,3,0.09477534145116806,2.3562460148305644
10454283,13,2,0.13686682283878326,1.9887469220130938
10454651,10,1,0.37515971064567566,0.9804034486241479
10454379,5,2,0.25182852149009705,1.3790068933730875
10454408,10,3,0.14912930130958557,1.902941555328154
10457726,8,2,0.14849454164505005,1.9072070780139128
10454401,12,4,0.14005936682224274,1.9656888975257814
10457920,10,1,0.25117045640945435,1.3816234611396472
10454507,7,2,0.18889085948467255,1.6665858937625544
10457749,10,2,0.21666577458381653,1.5293993220745024
10454305,14,6,0.05186830833554268,2.959047304693313
10457728,12,3,0.13767369091510773,1.9828689523944492
10457892,13,3,0.13517627120018005,2.001175639651166
10454290,12,2,0.19508400559425354,1.6343250152659234
10454378,5,3,0.2127569317817688,1.5476049302414798
10454658,10,3,0.18753652274608612,1.6737816645612609
10454400,14,1,0.324016273021698,1.1269615390754486
10454414,14,1,0.305158793926239,1.1869230020347983
10457895,14,1,0.3073287606239319,1.1798372228683374
10457767,13,2,0.25445353984832764,1.3686370142801503
10454303,15,3,0.11855659633874893,2.1323648261903383
10454509,8,1,0.3254455029964447,1.122560256860883
10454380,5,1,0.3792155683040619,0.9696504537898589
10454652,10,1,0.28416070342063904,1.258215343742773
10454406,11,5,0.0716080442070961,2.636547862065124
10457768,12,3,0.10229622572660446,2.279882500873252
10454508,9,5,0.06453552097082138,2.740539494041099
10454381,8,2,0.2305682748556137,1.4672082571268137
10454655,14,7,0.06743025779724121,2.696661433059784
10454511,9,8,0.02900988608598709,3.540118607571905
10457769,9,4,0.16303065419197083,1.8138170333294867
10454656,16,10,0.01823660172522068,4.00432462061792
10454510,9,1,0.30346065759658813,1.1925033058914494
10457770,12,2,0.1990939825773239,1.613978291486123
10457771,10,4,0.04725741222500801,3.052145764858645
10457765,12,4,0.09253723919391632,2.3801441295995334
10457766,11,5,0.08163665235042572,2.505476946898055
10454247,11,1,0.2227354645729065,1.5017704692030016
10454193,7,2,0.32476818561553955,1.1246436261831692
10454242,8,1,0.23176001012325287,1.4620528818411462
10454191,9,1,0.5607659816741943,0.5784516054543908
10454248,9,3,0.12239574640989304,2.100495661060922
10454188,10,1,0.268174409866333,1.316117727055431
10454243,11,2,0.2230553925037384,1.5003351414896642
10454362,7,1,0.3220439851284027,1.1330671429889807
10454189,7,6,0.09257858246564865,2.379697454949586
10457906,7,1,0.4103710353374481,0.8906935642793653
10454244,14,1,0.4662536382675171,0.7630255047998287
10454355,9,3,0.21718239784240723,1.5270177354475944
10457884,6,6,0.013083468191325665,4.336405815857704
10454192,10,1,0.22770307958126068,1.4797127812728488
10457738,9,1,0.40721869468688965,0.8984049044684097
10457902,7,5,0.055697888135910034,2.887813047742375
10454245,8,4,0.1231706291437149,2.094184656111978
10454356,10,2,0.22847571969032288,1.476325333854775
10457885,9,2,0.2766917645931244,1.2848511555771607
10457812,7,1,0.48079460859298706,0.7323151092329387
10457737,10,1,0.33489030599594116,1.0939522455670563
10457908,10,2,0.21389995515346527,1.542246872555018
10454246,13,2,0.21292957663536072,1.5467937940666465
10454357,12,1,0.27754291892051697,1.2817796949780642
10457886,8,1,0.6187297701835632,0.4800866602865459
10457811,8,1,0.3041078746318817,1.1903727897577883
10457935,4,3,0.20950931310653687,1.5629870866388433
10457732,9,4,0.12706097960472107,2.0630881533928855
10457903,12,1,0.5663490891456604,0.5685446256254684
10458111,10,2,0.2124730497598648,1.5489401233200524
10454358,12,5,0.08519944548606873,2.4627603535475218
10454241,12,6,0.0180630125105381,4.013888939226182
10457813,6,2,0.2476469725370407,1.395751044787238
10457932,5,3,0.15317165851593018,1.8761960354219434
10457733,11,1,0.2854726314544678,1.2536091162868257
10457904,10,5,0.09870624542236328,2.315607057722272
10458112,10,1,0.25130897760391235,1.381072110423218
10457843,8,1,0.4579726457595825,0.7809458220673444
10454360,14,7,0.03883299231529236,3.248485076263504
10457889,14,2,0.17939995229244232,1.7181375952858917
10457933,5,1,0.3427528440952301,1.0707456627033014
10457736,11,4,0.12003325670957565,2.1199864353496145
10457905,9,2,0.1855030506849289,1.6846839513290204
10458113,8,5,0.10174643993377686,2.2852714436373693
10457844,10,1,0.4499387741088867,0.7986437630102451
10454359,11,3,0.1513468325138092,1.8881811719540273
10457888,14,4,0.08490174263715744,2.4662606601139143
10457809,10,5,0.10288845747709274,2.2741098146681873
10457934,5,1,0.4782574474811554,0.7376060984230532
10457734,12,7,0.0377204492688179,3.277552910661674
10457907,11,5,0.09620676934719086,2.3412555563517317
10458106,13,9,0.03740587830543518,3.2859274129700635
10457845,10,1,0.30389878153800964,1.1910605884849672
10454361,8,3,0.13692805171012878,1.9882996611031363
10457883,12,3,0.11957951635122299,2.1237737201000018
10457810,8,8,0.026898959651589394,3.615667667784332
10457735,12,1,0.30031710863113403,1.2029163338170357
10457901,10,1,0.24103568494319916,1.4228102861490766
10458110,11,1,0.2509615123271942,1.382455688949581
10457846,9,1,0.3790113627910614,0.9701890933700774
10457840,12,1,0.47550737857818604,0.7433728796025006
10457842,11,7,0.024211354553699493,3.7209335594238615
10457841,12,2,0.23121324181556702,1.4644148695352395
10457704,10,2,0.25697991251945496,1.3587573585445778
10461615,12,6,0.06382468342781067,2.751615275869857
10457742,7,1,0.4292796552181244,0.8456466954682923
10457698,8,1,0.2748861014842987,1.2913984435310417
10461608,11,1,0.3543297052383423,1.0375274285751819
10457743,8,2,0.23405691981315613,1.4521909461394364
10461609,14,1,0.5492321252822876,0.5992341121117277
10457746,6,2,0.19960376620292664,1.6114210465306487
10461610,10,3,0.14156518876552582,1.9549949699979998
10457701,10,7,0.05505697429180145,2.8993867337053323
10457744,9,3,0.10028011351823807,2.29978787367994
10461614,11,6,0.06187252327799797,2.7826790867247535
10457700,11,6,0.0433061458170414,3.1394607183171765
10461611,12,2,0.2687069773674011,1.3141337965694313
10457745,10,4,0.1074204072356224,2.231005103452408
10457703,12,3,0.1381196826696396,1.979634703960526
10461612,12,2,0.16772407293319702,1.7854350728509083
10457740,8,3,0.22269068658351898,1.50197152605349
10457702,14,4,0.10867272317409515,2.2194144531057245
10461613,11,1,0.3171631991863251,1.1483388136496058
10457741,12,7,0.025957558304071426,3.6512924476533337
10461581,7,2,0.2839716374874115,1.2588809138101442
10461627,11,3,0.1524507701396942,1.8809135538079655
10461582,10,3,0.19136856496334076,1.6535540508428346
10461629,9,1,0.4591566324234009,0.7783638800233385
10461601,8,1,0.4431140124797821,0.8139281775353859
10461622,10,2,0.27182286977767944,1.3026046388707606
10461599,9,1,0.42043933272361755,0.866455084118868
10461584,9,1,0.3156062662601471,1.1532598351373526
10461600,10,1,0.31890231370925903,1.14287044971098
10461624,11,6,0.10386814922094345,2.264632980126412
10461585,10,5,0.06202129274606705,2.780277521507928
10461625,11,1,0.26533228158950806,1.326772345672358
10461595,10,4,0.13948705792427063,1.96978345676097
10461586,9,3,0.09899434447288513,2.312692557015844
10461626,10,1,0.2542341351509094,1.369499644620168
10461596,11,5,0.10941192507743835,2.212635390570647
10461580,7,4,0.11219757050275803,2.187493939401078
10461628,9,4,0.07740727812051773,2.5586744702424116
10461597,9,2,0.2669106423854828,1.320841349310846
10472317,14,4,0.10071463882923126,2.295464119125486
10472310,10,2,0.2968199849128723,1.2146294353436815
10472311,9,2,0.21775445342063904,1.5243872114695065
10472313,12,2,0.19032691419124603,1.6590120843532647
10472417,7,3,0.21752528846263885,1.5254401664183488
10472358,8,1,0.3292456865310669,1.1109510393372994
10472271,9,5,0.08863446116447449,2.4232345447984267
10472316,14,1,0.417229026556015,0.8741199835968783
10472418,6,1,0.38691264390945435,0.9495563377645375
10472359,9,2,0.167606383562088,1.7861370035802027
10472266,10,2,0.24783921241760254,1.3949750801042857
10472299,10,3,0.15353937447071075,1.8737982336384187
10472312,14,3,0.14848719537258148,1.9072565509043593
10472419,8,1,0.2804761230945587,1.2712666803000698
10472354,11,2,0.3391738831996918,1.0812423733126055
10472267,12,4,0.13557137548923492,1.998257020971704
10472300,7,5,0.05143043026328087,2.9675252532322345
10472314,12,1,0.31938236951828003,1.1413662434777692
10472423,9,3,0.20015287399291992,1.6086738344514435
10472360,7,1,0.40597835183143616,0.901455441414225
10472268,10,2,0.2160966843366623,1.5320293587769063
10472301,10,2,0.20731626451015472,1.5735098038137216
10472455,9,4,0.10758750140666962,2.229450795931888
10472315,12,1,0.24585722386837006,1.4030043023206833
10472421,10,1,0.27619457244873047,1.2866496890011454
10472361,11,8,0.02777542918920517,3.583603491219208
10472270,7,1,0.3377852141857147,1.0853450464790384
10472302,9,4,0.1085200384259224,2.2208204371007723
10472456,11,4,0.13851068913936615,1.9768077784312443
10472422,10,1,0.22040784358978271,1.512275614361194
10472355,8,1,0.28385046124458313,1.2593077244078243
10472269,11,4,0.10632278770208359,2.241275644999104
10472303,12,4,0.13400083780288696,2.0099092267904206
10472457,16,1,0.329119473695755,1.1113344522044522
10472420,8,5,0.08026822656393051,2.522381420468406
10472356,14,2,0.21044865250587463,1.5585135867042095
10472273,10,4,0.07788378745317459,2.5525374677503256
10472297,12,3,0.16230809688568115,1.8182589173160735
10472424,9,1,0.3263929486274719,1.1196532595952986
10472357,12,1,0.24336294829845428,1.41320133557719
10472272,12,6,0.06295647472143173,2.765311668793991
10472298,13,3,0.14544861018657684,1.9279324493524646
10472458,15,1,0.4644703269004822,0.7668576045761315
10472462,9,2,0.18976812064647675,1.6619523697878533
10472459,12,7,0.05621837079524994,2.878511693019172
10472461,15,2,0.19081616401672363,1.656444806487457
10476075,7,5,0.07787396758794785,2.5526635592600186
10476079,14,2,0.16077645123004913,1.8277403805360855
10476073,14,5,0.09325029700994492,2.3724680353700416
10476083,6,2,0.2375233769416809,1.4374892311231497
10476078,14,1,0.24003756046295166,1.4269598659563298
10476084,6,1,0.2578376233577728,1.3554252590252982
10476113,9,8,0.012178816832602024,4.408057161599257
10476076,12,8,0.04133826494216919,3.1859666960454573
10476088,6,4,0.11845072358846664,2.1332582395866586
10476074,14,3,0.17577092349529266,1.738573702772767
10476085,5,2,0.277305006980896,1.282637270335547
10476110,8,1,0.34545159339904785,1.0629027515263516
10476137,7,4,0.048943519592285156,3.0170883070785046
10476080,12,7,0.05677105113863945,2.8687287462295132
10473214,7,1,0.27934888005256653,1.275293812204162
10476115,10,1,0.47448572516441345,0.7455237453374497
10476086,9,3,0.15798737108707428,1.845240178978373
10476131,11,1,0.40027251839637756,0.9156096678599676
10476111,14,2,0.14742769300937653,1.9144174402834258
10473211,9,2,0.2593229413032532,1.3496811163701878
10476087,8,2,0.24683691561222076,1.3990274211015035
10476132,8,4,0.1570734828710556,1.851041539367461
10476114,10,1,0.3440239429473877,1.0670440224395739
10473212,11,1,0.4799819588661194,0.734006761482145
10476090,10,3,0.11300677061080933,2.1803075451549256
10476116,8,1,0.31500890851020813,1.1551543595716158
10476133,10,5,0.056207992136478424,2.878696323359074
10473216,11,1,0.3510322570800781,1.0468771592258217
10476089,8,1,0.46338117122650146,0.7692052996036979
10476112,11,8,0.042918965220451355,3.1484414710058193
10476134,10,2,0.18814720213413239,1.6705306324538283
10473215,9,2,0.21209295094013214,1.5507306525694768
10473209,10,3,0.17118127644062042,1.7650321878406174
10473213,10,1,0.3657034933567047,1.0059324013520419
10473210,12,1,0.29435867071151733,1.222956286793708
10480014,10,1,0.3065725564956665,1.18230082569716
10480032,9,4,0.14347830414772034,1.941571445821134
10480112,8,2,0.27077916264533997,1.306451688299967
10480011,8,1,0.26448917388916016,1.3299549589972228
10480028,13,1,0.37542110681533813,0.9797069315425778
10480247,10,6,0.03866001218557358,3.252949490003513
10480115,6,4,0.11169521510601044,2.1919814108342672
10480015,8,1,0.3366844058036804,1.088609268697056
10480244,7,2,0.2321116179227829,1.4605369112768378
10480033,14,2,0.21044562757015228,1.5585279605546778
10480113,7,2,0.1533583551645279,1.8749779056248528
10480016,10,3,0.17721998691558838,1.730363454194445
10480030,14,2,0.1949576437473297,1.6349729555643915
10480116,7,1,0.3020452857017517,1.1971783201942359
10476280,9,1,0.32778140902519226,1.1154083286639132
10480246,12,6,0.05363619700074196,2.9255311216513964
10480012,10,2,0.24996380507946014,1.3864391512836398
10480034,16,2,0.1775425523519516,1.7285449672373947
10480117,8,2,0.23251959681510925,1.4587807701298934
10480249,11,2,0.1910126656293869,1.6554155409383207
10480017,10,2,0.2044593095779419,1.5873862984664542
10480035,16,2,0.13649767637252808,1.9914476874138962
10480250,9,2,0.1769745945930481,1.7317490900828179
10480118,6,4,0.13119468092918396,2.031072944992278
10476286,9,1,0.5592553019523621,0.5811491981877055
10480013,9,7,0.05579543486237526,2.8860632254439325
10480251,8,1,0.28331828117370605,1.2611843448463544
10480029,15,2,0.14922919869422913,1.9022719086556084
10480114,10,3,0.11301875114440918,2.1802015347051498
10476282,6,2,0.171064555644989,1.7657142753298671
10480010,11,5,0.07076685130596161,2.648364589816391
10480242,10,1,0.25654175877571106,1.3604638253776724
10480145,10,2,0.2596213221549988,1.3485311628756118
10480111,10,2,0.23569101095199585,1.4452336074338539
10476285,9,6,0.048169974237680435,3.0330193931609846
10480031,16,2,0.20249465107917786,1.5970418072082233
10480146,6,1,0.3424026370048523,1.0717679332113437
10476283,10,1,0.36835920810699463,0.9986967079114025
10480150,9,1,0.3695333003997803,0.9955144197865554
10476279,12,1,0.28820809721946716,1.2440724999770199
10480152,8,1,0.5968552827835083,0.5160806023727657
10476284,11,3,0.11215020716190338,2.187916170831684
10480147,12,2,0.15089711546897888,1.8911570289047628
10480151,10,5,0.1174577847123146,2.1416762889982333
10480148,12,3,0.18901418149471283,1.6659332323738718
10480149,12,3,0.1339825838804245,2.0100454585198015
10479993,8,3,0.13802093267440796,1.980349919281663
10480000,13,1,0.24805983901023865,1.3940852755904127
10479994,7,3,0.20601169764995575,1.5798223270962235
10480004,5,1,0.36217355728149414,1.0156317420468755
10480187,16,3,0.16738514602184296,1.787457858305605
10480237,11,1,0.2860858738422394,1.2514632550411053
10480199,11,3,0.17209994792938232,1.7596798783249312
10484043,11,1,0.4530045688152313,0.7918530678651259
10479995,10,2,0.17323096096515656,1.7531295403698584
10484447,7,3,0.16045716404914856,1.8297282626932272
10480075,9,4,0.09950121492147446,2.3075854246260596
10480006,11,2,0.1712944656610489,1.764371182048761
10480245,15,1,0.33498334884643555,1.0936744533284153
10480194,17,3,0.13781484961509705,1.9818441641250621
10484039,9,2,0.22049927711486816,1.5118608624912309
10479996,6,2,0.24242597818374634,1.4170588598043234
10484452,7,4,0.09339649975299835,2.3709014103275403
10480001,10,2,0.1996087282896042,1.6113961871550215
10484148,10,2,0.17044071853160858,1.7693677346141314
10480183,12,4,0.15030191838741302,1.8951092185826877
10480243,10,2,0.20381756126880646,1.5905299927753072
10479997,12,4,0.12317407876253128,2.0941566496746087
10484445,12,2,0.26538553833961487,1.3265716486228685
10480067,10,2,0.21678878366947174,1.5288317465969108
10480005,9,1,0.2952868938446045,1.2198078737278448
10484149,8,2,0.2190462350845337,1.5184724523406792
10484242,7,1,0.4225812554359436,0.8613735301176899
10480186,13,5,0.10535947978496552,2.2503771590596284
10480241,12,2,0.22986172139644623,1.470277362178736
10488246,7,3,0.13937105238437653,1.970615460868418
10480197,11,1,0.4599355459213257,0.7766689168787145
10484161,5,1,0.4120943248271942,0.8865030120809071
10484040,11,3,0.1917724460363388,1.6514457867259704
10479999,13,4,0.1063787117600441,2.2407497995359495
10484446,7,1,0.3804892599582672,0.9662973282068368
10480069,10,1,0.3844148814678192,0.95603288913946
10480002,13,3,0.15330852568149567,1.8753028802900875
10484150,11,1,0.5660540461540222,0.5690657174330009
10484244,7,2,0.2972923219203949,1.2130393753445632
10480190,13,2,0.18531282246112823,1.6857099496978285
10480156,7,2,0.24487359821796417,1.4070131272138
10480504,8,1,0.32377877831459045,1.1276947793719225
10480234,13,6,0.10253550112247467,2.277546187955439
10488241,11,4,0.11282297223806381,2.1819353060601956
10480198,15,7,0.052976805716753006,2.9379010892028816
10484162,4,1,0.40120038390159607,0.9132942660114742
10484041,8,1,0.34125566482543945,1.0751233323996816
10479998,14,5,0.11212233453989029,2.1881647311052252
10484449,12,3,0.14528167247772217,1.929080852096559
10480070,13,1,0.4550474286079407,0.7873536267648916
10480007,16,3,0.17175935208797455,1.7616608976126331
10484151,7,2,0.23946639895439148,1.4293421686150332
10484243,7,3,0.20746272802352905,1.5728035794286963
10480184,15,9,0.046545181423425674,3.067331794614305
10480153,6,2,0.2328931838274002,1.457175369040509
10480507,8,1,0.29815855622291565,1.2101298661125157
10480239,12,9,0.02706022933125496,3.6096901813583724
10480196,11,1,0.2329043447971344,1.4571274470613207
10484163,9,1,0.344172865152359,1.0666112328493198
10484042,9,8,0.04321015626192093,3.1416797127078535
10484451,11,2,0.2128065675497055,1.5473716594452778
10480074,11,1,0.24505016207695007,1.406292346223208
10484152,12,10,0.025822419673204422,3.656512184817168
10484245,7,2,0.25575506687164307,1.3635350625318214
10480185,16,4,0.12484310567378998,2.0806974846558135
10480154,6,4,0.14559029042720795,1.9269588320695223
10480506,8,4,0.08051510900259018,2.519310422695915
10480235,13,5,0.06537561863660812,2.7276058937491556
10488243,7,6,0.04492753744125366,3.1027043661879325
10480201,14,2,0.16562752425670624,1.7980138415625826
10484159,12,3,0.12375582754611969,2.0894447873603217
10484045,9,1,0.4203091859817505,0.8667646814360468
10484450,12,1,0.289147287607193,1.2408190749953367
10480073,11,4,0.10659191012382507,2.238747660150589
10484153,14,3,0.1463095098733902,1.92203097051641
10484246,8,1,0.41277170181274414,0.8848606189747796
10480188,16,3,0.08684598654508591,2.443618998703204
10480155,7,7,0.06098882108926773,2.7970646924348204
10480508,10,5,0.12636645138263702,2.0685692487751197
10480240,15,14,0.015950871631503105,4.138241803501276
10488244,11,3,0.13010022044181824,2.039450199062206
10480193,14,6,0.05897936224937439,2.830567688651528
10484160,9,8,0.03908245638012886,3.242081598610677
10484046,13,9,0.02273205853998661,3.7839790803268136
10484448,12,12,0.015194878913462162,4.186796821486056
10480068,14,4,0.10957702249288559,2.211127575235141
10484147,11,2,0.222818985581398,1.501395560998445
10484241,5,1,0.308453232049942,1.1761850450220355
10480189,13,6,0.057371657341718674,2.8582048721379243
10480157,7,3,0.1432325541973114,1.9432857165118924
10480509,12,1,0.3373575210571289,1.08661201763483
10480238,16,7,0.047314781695604324,3.0509325228843376
10480195,10,9,0.020615577697753906,3.8817082900408533
10484052,7,3,0.20911651849746704,1.5648636775928066
10480071,14,2,0.19147388637065887,1.65300384325949
10480158,7,2,0.22131578624248505,1.5081647003414778
10480510,9,8,0.03154745697975159,3.4562622961039886
10480330,9,4,0.17251189053058624,1.757289114274234
10484054,10,1,0.3645811975002289,1.0090059882806688
10480502,10,4,0.11321163922548294,2.1784962984855696
10480329,11,3,0.1056593507528305,2.2475350319475025
10484048,10,3,0.1699461042881012,1.772273925797056
10480503,10,1,0.240590438246727,1.4246592175166883
10480331,11,1,0.25397947430610657,1.370501825047368
10480505,16,1,0.21843522787094116,1.5212657483434255
10480326,10,4,0.11071521788835526,2.2007939790827913
10484050,10,5,0.10605506598949432,2.2437968292916013
10484053,8,2,0.30554524064064026,1.1856574241309095
10484051,11,5,0.09509040415287018,2.3529272172255964
10480095,9,2,0.20424897968769073,1.5884155406636047
10480099,14,1,0.3085244297981262,1.1759542497991193
10480103,11,3,0.11656970530748367,2.1492658560841
10480059,7,1,0.2946522533893585,1.2219594200459427
10484113,8,1,0.2596803903579712,1.348303671990048
10480102,8,6,0.047240421175956726,3.052505372028945
10484278,6,1,0.4233032763004303,0.8596663915834158
10484567,8,1,0.35006842017173767,1.0496266573986512
10484087,8,5,0.04352905601263046,3.134326609556348
10480060,8,1,0.5017585158348083,0.6896363191830335
10484347,9,3,0.14079636335372925,1.9604406640453829
10480097,12,4,0.11096623539924622,2.1985293095360006
10484082,8,2,0.2537809908390045,1.3712836246983309
10484279,8,1,0.5259166955947876,0.6426124521807574
10484571,5,2,0.34607043862342834,1.0611129448074776
10480053,7,5,0.042019955813884735,3.169610635115461
10480101,10,2,0.22823242843151093,1.4773907463411773
10484109,9,1,0.246134951710701,1.401875309277231
10484349,5,2,0.24261772632598877,1.416268217021216
10484083,6,1,0.5056002736091614,0.6820088949922755
10484284,8,1,0.6062601208686829,0.5004461426534069
10484568,9,2,0.2729361057281494,1.298517556141805
10484093,9,4,0.1369856894016266,1.98787881553245
10480054,6,1,0.26891660690307617,1.3133539589565286
10480098,9,6,0.0493924506008625,3.007957688311597
10484084,10,2,0.17058958113193512,1.7684947177008064
10484280,10,2,0.30771851539611816,1.1785698249314496
10484572,6,3,0.16966328024864197,1.773939510540708
10480100,12,4,0.09061647951602936,2.401119189360843
10480057,9,3,0.19527602195739746,1.6333412240727774
10484110,9,6,0.06957180798053741,2.665395851450713
10484354,5,1,0.2852657437324524,1.2543340990112108
10484085,8,7,0.01355074718594551,4.301313590302532
10484285,12,2,0.19305936992168427,1.6447575212068763
10484573,8,1,0.3201439678668976,1.1389844847787833
10484086,9,6,0.050159111618995667,2.992555093759375
10480055,9,1,0.39066123962402344,0.9399144893571603
10484358,12,3,0.26239460706710815,1.3379057744591212
10484111,8,3,0.13133545219898224,2.030000524987668
10484411,6,1,0.3914051651954651,0.9380120273891353
10484281,12,7,0.05335627496242523,2.9307636893613207
10484079,9,2,0.24431437253952026,1.4092994709322872
10484090,11,1,0.3163696825504303,1.1508438676846293
10484569,7,1,0.43916356563568115,0.822883348430784
10480058,12,1,0.3143766224384308,1.1571635773034996
10484353,10,1,0.34920400381088257,1.052098989415517
10484116,9,2,0.19082289934158325,1.6564095096559375
10484283,12,6,0.0560392327606678,2.881703248530182
10484412,7,1,0.3862161338329315,0.951358134011186
10484091,12,3,0.1457364857196808,1.9259551803854684
10484080,7,7,0.04030327498912811,3.2113225480924292
10484343,8,1,0.2730138301849365,1.2982328250622701
10484570,12,10,0.012278206646442413,4.3999294054911315
10480056,9,6,0.037294935435056686,3.2888977407722004
10484282,11,7,0.059027381241321564,2.829753853896376
10484112,14,3,0.15178810060024261,1.8852698057608632
10484092,11,1,0.2659153640270233,1.3245772011800818
10484413,8,1,0.4271269142627716,0.8506740868177213
10484344,12,1,0.2629566788673401,1.3357659795076482
10484566,10,3,0.10221312195062637,2.2806952146342234
10484409,9,1,0.41753625869750977,0.8733838912825608
10484410,10,1,0.34830141067504883,1.054687051445978
10484129,9,1,0.46985509991645813,0.7553309298617357
10487282,8,1,0.30791035294532776,1.1779466002411074
10484127,6,3,0.22542481124401093,1.4897686069303935
10484126,8,1,0.32690268754959106,1.1180927439655128
10487285,12,3,0.19828416407108307,1.6180541050865778
10484132,9,3,0.1505080610513687,1.8937386344244744
10487286,14,1,0.24619485437870026,1.4016319656179441
10487287,14,1,0.5858893394470215,0.5346243477718362
10484130,6,2,0.156850203871727,1.8524640445584273
10487284,9,4,0.14115622639656067,1.957888013342252
10484128,6,3,0.17000646889209747,1.7719187903493903
10487288,9,2,0.14728860557079315,1.9153613137616112
10484125,12,3,0.12716303765773773,2.062285254755705
10487289,9,1,0.3085177540779114,1.175975887607326
10484133,7,3,0.15486246347427368,1.8652178883993846
10487283,11,2,0.18688452243804932,1.6772643799451783
10487306,6,1,0.32231807708740234,1.1322164039663
10487300,10,1,0.4852995276451111,0.7229889958969892
10487424,7,4,0.11020094156265259,2.2054498381741197
10487259,7,3,0.14219790697097778,1.950535480631463
10487425,7,2,0.20134732127189636,1.6027238956127716
10487258,9,2,0.21893753111362457,1.5189688359125395
10487302,11,1,0.3472038805484772,1.057843119563478
10487254,9,3,0.20658788084983826,1.5770293839889036
10487420,9,4,0.11672421544790268,2.147941259519302
10487303,13,2,0.16920143365859985,1.7766653586863375
10487256,9,1,0.2990931570529938,1.2070001920666809
10487421,7,3,0.17179495096206665,1.761453658908862
10487304,14,1,0.2771341800689697,1.283253485499705
10487422,9,2,0.18817171454429626,1.670400357789908
10487255,9,1,0.27936241030693054,1.275245378408031
10487305,9,3,0.1611120104789734,1.8256554386360342
10487423,6,3,0.17303457856178284,1.754263828377251
10487257,10,3,0.19264699518680573,1.6468958052970868
10497436,10,3,0.19192850589752197,1.6506323414165338
10497432,11,2,0.2128366082906723,1.54723050486923
10497433,11,1,0.36856311559677124,0.9981433049585493
10497635,6,3,0.1178605705499649,2.138252958671437
10497570,8,1,0.27972468733787537,1.2739494190372105
10497437,8,2,0.20978324115276337,1.5616804663212824
10497582,9,4,0.1312473565340042,2.030671518406532
10497636,10,3,0.10338255763053894,2.269319019429939
10497574,9,1,0.2522924840450287,1.3771662135329956
10497434,10,2,0.2587263882160187,1.3519841918378168
10497581,14,1,0.35811594128608704,1.0268984866712043
10497639,6,2,0.1950109302997589,1.6346996691700144
10497571,12,1,0.48493465781211853,0.7237411232816187
10497435,7,3,0.18525570631027222,1.6860182119860356
10497576,7,1,0.25122693181037903,1.3813986375140201
10497572,12,1,0.3182283341884613,1.1449861218244461
10497438,12,5,0.036990586668252945,3.297091813078281
10497577,8,2,0.2774871289730072,1.2819807289505831
10497638,11,5,0.096395343542099,2.3392973820374863
10497575,12,2,0.18376705050468445,1.6940863533318613
10497687,7,1,0.36403384804725647,1.0105084265278041
10497578,11,1,0.22161152958869934,1.5068292966325902
10497637,9,4,0.09761949628591537,2.3266780484840472
10497568,12,3,0.16402339935302734,1.8077461823537424
10497688,11,1,0.5029271245002747,0.687310001087962
10497579,7,1,0.33048346638679504,1.1071986470028756
10497633,10,3,0.16145406663417816,1.8235345938994791
10497573,11,10,0.01821628399193287,4.005439360095581
10497689,12,2,0.31508591771125793,1.154909922708374
10497580,12,2,0.18362098932266235,1.694881486400353
10497634,12,10,0.024538349360227585,3.7075181051960544
10497569,12,4,0.09529618173837662,2.35076553482897
10497690,8,1,0.3218936026096344,1.133534214718806
10497684,12,1,0.2774699926376343,1.2820424862817752
10497686,11,1,0.272696852684021,1.2993945305099166
10497685,14,4,0.12175384908914566,2.1057539028239303
10501122,9,1,0.28708288073539734,1.24798432186215
10501124,6,6,0.03786469250917435,3.2737361971630614
10498369,9,5,0.1249585971236229,2.07977281955731
10501123,8,3,0.12909673154354095,2.0471932986960306
10501144,8,1,0.3716273009777069,0.9898638060175019
10501164,7,5,0.07000298798084259,2.659217352403167
10501125,7,2,0.25405454635620117,1.3702062855850965
10501145,7,5,0.09180101007223129,2.3881319784507418
10501165,7,2,0.21984827518463135,1.5148176288051003
10501186,12,2,0.4313446879386902,0.8408477685030615
10498365,10,4,0.08423445373773575,2.474151252144688
10501126,13,6,0.020963311195373535,3.86498145512782
10501166,6,3,0.15998847782611847,1.8326534799281726
10501187,8,1,0.3458027243614197,1.0618868273330397
10498370,8,1,0.5227366089820862,0.6486775574872289
10501183,8,2,0.3118342161178589,1.1652835909902681
10498367,8,5,0.10369536280632019,2.2662978821397557
10501140,7,3,0.09854009747505188,2.3172917326740765
10498356,7,3,0.2080552726984024,1.5699515004549438
10501189,11,9,0.03547477349638939,3.3389334408362057
10501146,9,1,0.25823551416397095,1.353883264853894
10498368,7,7,0.025621609762310982,3.6643191522348366
10501161,8,2,0.13351181149482727,2.0135653294388858
10498357,10,1,0.5286540985107422,0.6374209390468535
10501188,12,2,0.2630195617675781,1.3355268702259753
10501141,9,5,0.06978753954172134,2.662299801744044
10498363,7,1,0.3153938949108124,1.1539329612961775
10501162,7,3,0.17156489193439484,1.7627937053170735
10501185,12,5,0.0898156464099884,2.4099960826599376
10498358,11,2,0.16960503160953522,1.774282888555354
10501143,11,6,0.05337737128138542,2.9303683816026647
10501167,9,1,0.23240020871162415,1.4592943559341123
10498364,12,4,0.1232462227344513,2.0935711137139514
10501182,11,1,0.2978818416595459,1.2110583756035944
10501147,12,3,0.08727284520864487,2.4387159159704828
10498359,16,5,0.10904920101165771,2.2159561131686973
10501163,7,1,0.39745867252349854,0.9226643187871924
10501148,11,1,0.29324111342430115,1.226760095661169
10498360,9,2,0.2374250590801239,1.4379032460161554
10498361,10,3,0.2193070501089096,1.5172824758355963
10498355,9,1,0.2773474454879761,1.282484242950654
10501311,7,4,0.11238911002874374,2.185788232081554
10501316,14,1,0.44470393657684326,0.8103465292967891
10506649,7,6,0.1003476083278656,2.2991150373285847
10507112,8,7,0.030559780076146126,3.488070511170899
10506624,8,6,0.06067004054784775,2.802305268693759
10506654,11,1,0.37926796078681946,0.9695123031752934
10507111,10,1,0.3033912479877472,1.19273205893154
10506772,13,3,0.15103121101856232,1.890268768038614
10506627,10,3,0.1390673816204071,1.972796703450504
10506618,7,1,0.375227689743042,0.9802222646183474
10506648,14,1,0.3125911355018616,1.1628592187165379
10507105,10,3,0.1573646366596222,1.8491896400353367
10506777,11,1,0.48324719071388245,0.7272269742289957
10506619,6,5,0.07870299369096756,2.542074085006936
10506652,8,3,0.16411714255809784,1.8071748222464252
10507106,7,1,0.3496735692024231,1.0507552191177394
10506621,10,1,0.26763486862182617,1.3181316579391604
10506647,14,1,0.2645842730998993,1.329595465576018
10507108,10,1,0.265972375869751,1.3243628257069526
10506779,13,4,0.09407997131347656,2.363610099748145
10506630,9,1,0.30366823077201843,1.191819519672428
10506620,10,1,0.3366469740867615,1.0887204523373124
10506650,14,1,0.1994549036026001,1.6121671153094779
10507109,11,8,0.02623800002038479,3.64054653654638
10506773,14,8,0.04396858438849449,3.1242798912475434
10506631,8,7,0.06677223742008209,2.706467892312065
10506622,9,3,0.18479011952877045,1.6885345869573043
10506655,10,1,0.3421787619590759,1.0724219826906196
10507110,14,1,0.2132624387741089,1.5452317647728384
10506778,11,3,0.14049427211284637,1.9625885589194663
10506632,11,1,0.22285300493240356,1.5012428955772574
10506623,10,2,0.23359619081020355,1.4541613346241866
10506653,8,5,0.10709195584058762,2.234067413213974
10507107,9,2,0.21907806396484375,1.5183271562206733
10506776,13,2,0.2275608479976654,1.480337612627176
10506626,12,6,0.06100809946656227,2.796748645482698
10506846,8,4,0.12546148896217346,2.0757564283609016
10506651,13,3,0.14787603914737701,1.9113809295070798
10506843,10,1,0.6147759556770325,0.486497377261022
10506839,9,3,0.10034719109535217,2.299119195209254
10506754,10,1,0.48638296127319336,0.7207589792209061
10506844,12,4,0.11489192396402359,2.1637633841170874
10506755,6,4,0.1382768452167511,1.978497478646943
10506841,11,2,0.15978355705738068,1.8339351479568602
10506840,11,6,0.08748387545347214,2.436300783132059
10506757,12,7,0.04994998872280121,2.9967329996573455
10506845,9,1,0.2978159785270691,1.2112795049430456
10506758,12,2,0.2217085361480713,1.5063916599523781
10506842,9,2,0.20439954102039337,1.5876786661522058
10506752,12,7,0.05299989506602287,2.937465345318336
10506759,13,1,0.30451709032058716,1.189028067559605
10506570,6,4,0.1132609024643898,2.178061250251322
10506600,6,4,0.11715776473283768,2.1442338359615394
10506571,6,1,0.3522748351097107,1.0433436264737184
10506681,8,3,0.161454439163208,1.8235322865645953
10506572,6,1,0.31508633494377136,1.154908598522767
10506605,8,2,0.1976202428340912,1.6214080554229815
10506800,15,4,0.11448610574007034,2.1673018105993096
10506894,13,1,0.2796478569507599,1.2742241210703478
10506660,7,4,0.13845294713974,1.9772247429197127
10506598,10,2,0.2707260847091675,1.3066477267930445
10509974,9,5,0.02889607660472393,3.5440494507016598
10506678,18,1,0.2282591611146927,1.4772736239940214
10506808,12,7,0.03589735925197601,3.3270915446342384
10506574,15,1,0.1850004643201828,1.687396944068136
10509738,6,2,0.23732256889343262,1.4383350130529742
10506667,10,3,0.14029650390148163,1.9639972109191834
10506602,11,6,0.03678281232714653,3.3027245992395717
10509968,12,2,0.1672263890504837,1.788406761535957
10506682,8,1,0.2501680552959442,1.38562236577557
10506802,8,2,0.30753692984580994,1.1791601018870945
10509711,8,2,0.22208914160728455,1.5046764389334242
10510009,12,4,0.0911429300904274,2.3953263443277897
10509720,11,3,0.21317076683044434,1.545661712271635
10506576,11,3,0.11382940411567688,2.173054406520553
10509740,9,1,0.4735583961009979,0.7474800453415612
10506661,12,1,0.23672398924827576,1.440860418851224
10506599,9,3,0.1780315637588501,1.7257944199222586
10509970,10,1,0.3466089367866516,1.0595581178822822
10506679,11,1,0.247039332985878,1.3982077121741523
10506809,13,1,0.27887892723083496,1.2769775439230926
10509706,12,2,0.2389533668756485,1.4314868637636673
10506897,9,2,0.18879817426204681,1.6670766955397034
10510008,7,1,0.40073269605636597,0.9144606673233603
10509718,9,3,0.24001620709896088,1.4270488283411615
10506575,11,1,0.4550592601299286,0.7873276264681461
10509736,9,1,0.31269776821136475,1.162518151699664
10506666,11,1,0.26794999837875366,1.3169548890918332
10506611,10,1,0.2710018455982208,1.3056296478000882
10509969,9,2,0.20621995627880096,1.5788119309047712
10506675,15,3,0.12128084897994995,2.1096463569480814
10507067,10,3,0.17926327884197235,1.7188997222351925
10506803,12,6,0.0642172172665596,2.7454839225183996
10506892,13,11,0.02002035826444626,3.9110056099281962
10510010,7,2,0.232866108417511,1.457291632571352
10509719,11,1,0.2749123275279999,1.2913030411350466
10506569,14,12,0.02310972288250923,3.7675018460049032
10509737,9,4,0.13405461609363556,2.0095079792822026
10506664,9,3,0.16417981684207916,1.8067930076547993
10506601,14,1,0.21944522857666016,1.5166526057287883
10509975,12,1,0.23095673322677612,1.465524888052151
10506672,12,3,0.16440513730049133,1.805421548061847
10506747,6,4,0.12394952774047852,2.087880830589047
10507068,12,4,0.1258622109889984,2.0725675339869696
10506806,14,3,0.14258964359760284,1.947784399182061
10509708,8,1,0.31180307269096375,1.1653834677214383
10506893,13,4,0.1112377941608429,2.196085079363117
10509722,9,4,0.09439253062009811,2.3602933337483094
10509741,8,1,0.27309542894363403,1.2979339883077534
10506663,10,2,0.15505662560462952,1.8639649022968805
10509973,12,2,0.1755753606557846,1.739686922798285
10506673,18,1,0.15108829736709595,1.8898908622918582
10507063,10,3,0.19134779274463654,1.6536626023500083
10506748,4,1,0.3780152201652527,0.9728208191857213
10506804,14,7,0.04016777127981186,3.2146903143554715
10509710,12,3,0.1604948192834854,1.8294936155405994
10506898,13,6,0.09206076711416245,2.3853064078647517
10510006,10,2,0.23366647958755493,1.4538604812398506
10509723,7,1,0.39902448654174805,0.9187324941965043
10509742,13,1,0.35910290479660034,1.0241462886806156
10506668,13,7,0.03789680078625679,3.272888582428764
10506937,10,2,0.2075120508670807,1.572565864529898
10509971,11,3,0.15552708506584167,1.8609353820427803
10506676,9,2,0.23460006713867188,1.4498730565792057
10507069,12,1,0.34164586663246155,1.073980556079781
10506751,7,5,0.10676271468400955,2.237146526855932
10506805,7,1,0.22369661927223206,1.4974645233752542
10509709,12,1,0.48476800322532654,0.7240848463528835
10506890,16,6,0.059963226318359375,2.8140237993507777
10510007,10,6,0.07170621305704117,2.635177881615543
10509721,9,4,0.1171843409538269,2.144007020374769
10509739,10,4,0.11897510290145874,2.1288410270754947
10506938,7,7,0.037771426141262054,3.2762023843986716
10506662,16,8,0.059392523020505905,2.8235869356121284
10509972,11,5,0.08051975071430206,2.519252774162904
10506674,11,5,0.0970253050327301,2.3327834578750606
10506749,4,3,0.21362581849098206,1.543529306115538
10506801,16,6,0.05210168659687042,2.9545579584460118
10506896,11,1,0.21053704619407654,1.5580936499235831
10507070,12,7,0.06940233707427979,2.6678347366144837
10509808,9,2,0.2631358206272125,1.3350849518671921
10509743,9,3,0.1355278491973877,1.9985781306485875
10506940,8,5,0.05822305753827095,2.8434738250688607
10506665,15,3,0.1246332973241806,2.082379474587943
10506750,9,1,0.4788205623626709,0.7364293606008423
10507071,12,2,0.18317902088165283,1.6972913481375713
10509811,9,2,0.2673274576663971,1.3192809388292706
10506939,8,3,0.10310503095388412,2.2720070923128524
10507064,16,3,0.1381150633096695,1.979668149137411
10506935,8,5,0.1008799597620964,2.2938239861945413
10507065,16,2,0.13003294169902802,2.0399674629414943
10509812,8,4,0.14107301831245422,1.9584776622753604
10506936,10,2,0.30604374408721924,1.1840272327133856
10507066,15,8,0.034604091197252274,3.3637833612134225
10509806,8,3,0.16814497113227844,1.782928748276812
10509809,7,3,0.1300685554742813,2.039693617724432
10509810,10,1,0.4583626091480255,0.7800946850846815
10509807,10,4,0.05372796207666397,2.9238217039265955
10506609,6,2,0.19177615642547607,1.6514264390390616
10506593,8,2,0.23410151898860931,1.4520004158749291
10506591,11,2,0.2740285098552704,1.2945231274402713
10509773,8,2,0.2776309847831726,1.2814624399240828
10510128,12,1,0.3713788688182831,0.9905325277018725
10506588,8,3,0.16969062387943268,1.7737783594207872
10506643,6,2,0.24047130346298218,1.4251545168757973
10509770,10,5,0.09102971106767654,2.3965693305040694
10510017,11,2,0.1749075949192047,1.7434974735481623
10510131,12,4,0.11283978819847107,2.1817862698576262
10506589,7,2,0.24687349796295166,1.3988792275459616
10510073,9,1,0.3497503399848938,1.0505356933572654
10509733,7,1,0.34930652379989624,1.051805450561921
10506640,8,3,0.19889770448207855,1.6149646342542765
10509767,12,3,0.1677553802728653,1.7852484304830376
10510011,9,5,0.04974876344203949,3.000769671122829
10510126,8,1,0.40889132022857666,0.8943058789618655
10506592,13,4,0.09685105830430984,2.334580961937313
10510058,10,1,0.4422939121723175,0.815780658226281
10509731,4,2,0.2694726884365082,1.311288235376997
10506637,8,4,0.12677587568759918,2.065334509909417
10510012,6,2,0.39207524061203003,0.9363015172730529
10510132,12,3,0.20690785348415375,1.5754817370769096
10510059,9,4,0.09286390990018845,2.3766201919549
10506590,11,1,0.2730540633201599,1.2980854692635693
10506641,9,2,0.23761849105358124,1.4370888702222167
10509769,14,1,0.464599609375,0.7665792994231942
10510014,8,1,0.3200591802597046,1.1392493619757693
10510130,7,2,0.26133888959884644,1.3419372863057797
10510067,11,4,0.13400514423847198,2.0098770899287537
10506607,10,2,0.1675672084093094,1.7863707639592743
10509727,8,5,0.05854572355747223,2.8379472307609426
10506644,11,7,0.06531590223312378,2.7285197465720907
10509765,12,1,0.4491930902004242,0.8003024386929184
10510013,12,1,0.22462372481822968,1.4933286108306227
10510133,7,4,0.11030609905719757,2.2044960590818863
10510232,7,1,0.578034520149231,0.5481216886515573
10510062,10,1,0.486665815114975,0.7201776027131455
10509728,12,1,0.42531058192253113,0.8549355959539423
10506642,8,3,0.12509135901927948,2.0787109364825866
10510016,14,1,0.3267974853515625,1.1184146107885546
10509768,12,1,0.3516523838043213,1.045112137339324
10510068,11,1,0.26674380898475647,1.3214665981239424
10510127,10,4,0.1038782149553299,2.2645360760536573
10510233,9,7,0.018855201080441475,3.970966483760055
10509730,7,3,0.21313616633415222,1.5458240389601139
10506638,10,1,0.30317628383636475,1.1934408478102836
10510018,10,1,0.284816712141037,1.255909420895441
10506885,6,2,0.19552704691886902,1.6320565617147424
10509771,10,1,0.37638044357299805,0.9771548291217661
10510070,14,1,0.35470449924468994,1.0364702326348854
10510134,12,2,0.1942858099937439,1.6384249566926157
10509729,10,1,0.37604495882987976,0.9780465713842641
10510015,11,3,0.1560376137495041,1.8576581870169833
10506639,10,1,0.2813108563423157,1.268294970763862
10506886,5,2,0.25179556012153625,1.3791377900867727
10509766,13,4,0.08393542468547821,2.4777075295258175
10510129,12,4,0.14465390145778656,1.933411276214172
10510235,10,5,0.12824547290802002,2.053809094517088
10506887,8,4,0.12116815894842148,2.1105759548095575
10510237,10,2,0.1690949648618698,1.7772947996186732
10506888,7,3,0.12337982654571533,2.0924876610557797
10510238,11,4,0.06780194491147995,2.691164398437194
10506883,8,3,0.19909614324569702,1.6139674390403538
10510236,12,3,0.15121904015541077,1.8890258962110629
10506884,8,7,0.02936355210840702,3.5280010979351033
10510201,6,5,0.06334854662418365,2.7591033144799972
10510203,13,2,0.22762078046798706,1.4800742783143654
10513897,8,2,0.34596702456474304,1.0614118131923729
10513898,9,1,0.3289504051208496,1.111848283893358
10510204,10,3,0.1726529449224472,1.756471798109753
10513899,8,1,0.2639274299144745,1.3320811003116881
10513901,13,1,0.2919417917728424,1.231200839829051
10510198,6,3,0.1735980361700058,1.7510127892046319
10513902,11,11,0.011760016903281212,4.4430498991588445
10510199,11,7,0.030028223991394043,3.5056175398815244
10513903,12,2,0.20431901514530182,1.5880727068676013
10510200,13,5,0.09724383801221848,2.330533660833286
10513835,9,1,0.44156238436698914,0.8174359679756777
10513906,7,2,0.28107184171676636,1.269144977852505
10513836,10,4,0.10029579699039459,2.299631489275166
10513909,8,2,0.2995799779891968,1.205373858713772
10513837,11,1,0.45332634449005127,0.7911430056050489
10513910,10,4,0.09199902415275574,2.3859773090246152
10513912,5,4,0.13859573006629944,1.9761940003033553
10513832,12,5,0.08654169738292694,2.4471289305237267
10513907,8,1,0.6320189237594604,0.45883594262617794
10513830,10,1,0.2830829322338104,1.2620153775061342
10513908,6,3,0.16139428317546844,1.8239049439999413
10513831,14,4,0.07914036512374878,2.536532229391974
10513911,8,4,0.09722527116537094,2.330724609894373
10513833,11,1,0.37170881032943726,0.989644499163396
10513913,10,1,0.20740081369876862,1.573102059863796
10523594,14,1,0.4414542317390442,0.8176809296819766
10523596,8,1,0.2767527103424072,1.2846309139728471
10523595,12,1,0.3425844609737396,1.0712370502977988
10523788,8,1,0.42500483989715576,0.8556547221292552
10523597,13,2,0.1823827028274536,1.7016480368284863
10523658,11,5,0.0164846982806921,4.1053227052833785
10523791,5,2,0.25944072008132935,1.3492270414653054
10523609,8,2,0.35222017765045166,1.0434987942417755
10523598,11,3,0.1629820466041565,1.8141152277744013
10523655,8,1,0.45495855808258057,0.7875489453165109
10523786,5,4,0.18614381551742554,1.6812357023287918
10523639,6,2,0.2787764072418213,1.2773452261950307
10523592,11,4,0.13124363124370575,2.0306999025452046
10523787,7,1,0.35103219747543335,1.0468773290240343
10523640,11,4,0.14366868138313293,1.940245454096339
10523591,13,2,0.17464801669120789,1.7449826636986825
10523672,8,3,0.16938245296478271,1.7755960855721595
10523784,9,5,0.1076664924621582,2.22871686242743
10523607,10,2,0.15268416702747345,1.87938375892139
10523634,11,1,0.37813758850097656,0.9724971588477852
10523673,9,3,0.1400606334209442,1.965679854267889
10523653,10,4,0.10772839933633804,2.228142040291514
10523789,7,2,0.23844608664512634,1.4336120460097062
10523610,9,5,0.07296545803546906,2.617769127413906
10523635,12,1,0.22271838784217834,1.5018471403582467
10523775,6,3,0.09203655272722244,2.385569468588292
10523674,9,2,0.2113385796546936,1.554293788656672
10523654,11,1,0.24001607298851013,1.4270493870971297
10523785,6,5,0.0670686811208725,2.702038093282226
10523612,11,3,0.12531816959381104,2.0768994188633267
10523636,8,2,0.1867212951183319,1.678138174315783
10523770,16,2,0.2620651125907898,1.3391622847584603
10523675,6,1,0.37348970770835876,0.9848648311253367
10523656,10,2,0.17527972161769867,1.741372171911051
10523790,6,1,0.30421993136405945,1.1900043807114133
10523613,11,6,0.10212205350399017,2.2815865780763063
10523637,10,3,0.1527349352836609,1.8790513091415901
10523771,10,2,0.1401108205318451,1.9653215942758049
10523677,9,7,0.049096543341875076,3.0139666470290276
10523657,5,1,0.4942544996738434,0.7047047129286573
10523638,11,6,0.06601407378911972,2.717887320458878
10523772,9,1,0.3505209684371948,1.0483347499397084
10523773,10,2,0.2645901143550873,1.3295733887131664
10523774,14,6,0.06534676998853683,2.728047266475634
10523776,12,1,0.32169029116630554,1.1341660249678143
10527104,5,4,0.13208837807178497,2.0242840495846943
10527111,11,3,0.08263629674911499,2.4933062670200066
10527105,9,3,0.16467584669589996,1.8037763028508669
10527109,10,1,0.3863857686519623,0.9509190079329014
10527106,10,2,0.2651937007904053,1.3272947736282255
10527110,9,3,0.18757979571819305,1.6735509469402516
10527107,12,5,0.07947532832622528,2.532308641005062
10527108,13,7,0.038904737681150436,3.246639244484479
10527079,9,6,0.07179863750934601,2.6338897793009615
10531314,6,1,0.5245987176895142,0.6451216559108831
10527080,10,2,0.20809076726436615,1.5697809133886678
10531312,7,4,0.09964117407798767,2.3061798054581844
10531311,7,4,0.1434188336133957,1.9419860232243145
10531307,9,3,0.16023798286914825,1.8310951758893512
10527081,10,2,0.2644107937812805,1.3302513481567784
10531309,9,3,0.14989519119262695,1.8978189544907178
10527082,11,2,0.223480686545372,1.498430282329629
10531313,9,3,0.14611192047595978,1.9233823723426413
10531388,10,4,0.14639252424240112,1.9214637426767571
10527076,12,10,0.026200827211141586,3.6419642957691654
10531308,12,2,0.15942513942718506,1.8361808122183172
10527077,9,7,0.0428827740252018,3.149285071560169
10531522,8,1,0.5130921006202698,0.6672999165527093
10531385,11,5,0.050317369401454926,2.9894049453520326
10531310,10,4,0.10851681232452393,2.220850165705731
10527078,9,1,0.27221977710723877,1.3011455348749639
10531384,9,1,0.4439229965209961,0.81210416284987
10531508,8,2,0.22343842685222626,1.49861939795259
10531387,7,1,0.3376869857311249,1.0856358902925791
10531509,8,5,0.12260603904724121,2.0987789985590637
10531389,12,6,0.06097519397735596,2.797288153624763
10531382,10,1,0.2751922011375427,1.2902855122142454
10531514,9,1,0.36894169449806213,0.9971166569167711
10531386,12,1,0.3109152913093567,1.1682347791148395
10531331,8,1,0.7670711278915405,0.2651757467234661
10531515,7,5,0.1285666525363922,2.051307812342276
10531332,7,2,0.24209773540496826,1.4184137690473075
10531337,8,1,0.4415392279624939,0.8174884113280105
10531523,9,2,0.2185855656862259,1.520577736132421
10531336,11,6,0.0558696985244751,2.8847331115436248
10531510,9,4,0.08021359145641327,2.5230623089366695
10531335,11,2,0.17397715151309967,1.748831301533039
10531334,7,2,0.3123115599155426,1.163753999958553
10531333,7,2,0.2108234316110611,1.5567343128420663
10531330,8,1,0.2488093078136444,1.391068507990335
10531215,14,3,0.1575634926557541,1.8479267739776577
10531260,9,4,0.09758959710597992,2.3269843782727855
10531219,9,1,0.3211893141269684,1.1357245660589312
10531368,9,2,0.30051344633102417,1.2022627794821
10531262,8,2,0.2003958523273468,1.60746060695494
10531213,7,1,0.35734981298446655,1.0290401086562426
10531371,15,1,0.225815087556839,1.4880388112665777
10531351,13,2,0.1750645637512207,1.7426004373774107
10531256,9,1,0.3072468042373657,1.1801039317703435
10535114,8,2,0.23062530159950256,1.46696095643968
10531438,8,1,0.3814411759376526,0.9637986316597204
10535045,9,2,0.2040022611618042,1.589624201072858
10531322,7,3,0.12649771571159363,2.0675310285934634
10531222,9,3,0.17160478234291077,1.7625612231854306
10531365,7,5,0.10806608200073242,2.2250123685971213
10531356,11,5,0.10832477360963821,2.2226214012762964
10535115,9,1,0.38559943437576294,0.952956183114657
10531258,7,2,0.24308127164840698,1.4143594403299211
10535048,6,2,0.18387308716773987,1.6935095030093306
10531211,8,7,0.06280165165662766,2.7677739055890584
10535079,7,1,0.6549555063247681,0.42318797492934607
10531364,10,5,0.07104969024658203,2.6443757841025484
10531350,14,4,0.09197480231523514,2.3862406273251104
10531433,8,1,0.2978072464466095,1.2113088257622953
10535118,8,3,0.1362030953168869,1.9936081592629442
10531261,11,8,0.02565886080265045,3.6628663166238793
10535043,7,2,0.2450297325849533,1.4063757183110293
10531316,9,1,0.36107781529426575,1.0186617890460998
10531212,14,14,0.006797598674893379,4.991185865212383
10535080,13,2,0.25796958804130554,1.354913576817312
10531367,11,2,0.1977669894695282,1.6206657621459826
10531401,7,2,0.23657825589179993,1.441476234062657
10531437,7,1,0.36408543586730957,1.0103667249652193
10535190,6,1,0.2996596097946167,1.2051080825283795
10535117,7,1,0.3572991192340851,1.0291819790157466
10531259,10,3,0.1126541867852211,2.1834324464809867
10535044,9,2,0.21084465086460114,1.5566336684990876
10531214,12,3,0.14867450296878815,1.9059959064669485
10535082,11,4,0.12953150272369385,2.0438311631508728
10531362,9,1,0.2190905660390854,1.5182700910937386
10531403,6,1,0.34364694356918335,1.0681404754765298
10531705,7,1,0.25711676478385925,1.3582249595866438
10531352,13,6,0.09432704746723175,2.360987306850179
10535150,9,4,0.16298766434192657,1.814080759923052
10531435,7,5,0.11464317888021469,2.165930766605438
10535194,7,2,0.24037811160087585,1.4255421303795415
10535119,8,3,0.17859256267547607,1.7226482537613625
10531257,14,1,0.22770139575004578,1.479720176155008
10535046,6,2,0.2536129355430603,1.371946050058003
10531317,12,8,0.03818845748901367,3.265221969002594
10531216,13,9,0.021830406039953232,3.8244515085037896
10531370,11,4,0.14267948269844055,1.9471545441046871
10531404,10,4,0.07182087004184723,2.6335801760575315
10531707,6,1,0.3013502061367035,1.1994822150091715
10531349,18,9,0.028283337131142616,3.565482441692733
10535152,10,2,0.20887723565101624,1.5660085888275517
10531434,9,2,0.217850923538208,1.5239442870969029
10535188,6,2,0.24075092375278473,1.4239923913318875
10535120,9,4,0.09285001456737518,2.3767698342919408
10535047,11,2,0.21822626888751984,1.5222228237939652
10531323,13,2,0.2755695879459381,1.2889150944585552
10535084,13,1,0.20940592885017395,1.5634806674308857
10531366,13,11,0.017686663195490837,4.034944415200143
10531405,10,3,0.1937617063522339,1.6411261926913907
10531711,9,1,0.3269166350364685,1.118050079313681
10531353,18,2,0.15594793856143951,1.8582330546021641
10535151,8,3,0.12222659587860107,2.1018786137108614
10531439,10,3,0.1543254852294922,1.8686913665017604
10535191,8,6,0.06988617777824402,2.6608873920965728
10535121,9,8,0.05830443277955055,2.84207715456157
10535049,11,2,0.15166141092777252,1.886104802523211
10531500,8,5,0.09016095846891403,2.4061587785516427
10531318,13,3,0.13425131142139435,2.0080417771388683
10535085,13,8,0.03327544778585434,3.402935457665908
10531369,18,9,0.04504964128136635,3.099990257637265
10531406,9,3,0.178462952375412,1.7233742490214465
10531706,8,4,0.10969703644514084,2.2100329271511825
10531354,16,5,0.0923779085278511,2.381867414116337
10535148,10,3,0.1296541541814804,2.042884726003027
10531441,11,2,0.1870950609445572,1.6761384439951685
10535189,7,1,0.43692028522491455,0.8280045141989089
10535116,9,5,0.08705826848745346,2.441177631782469
10531502,11,1,0.46553555130958557,0.7645668128727771
10535050,9,8,0.034686554223299026,3.3614031534818207
10531315,14,1,0.38506028056144714,0.9543553840637322
10535083,13,2,0.24680723249912262,1.399147682278497
10531363,11,6,0.07796682417392731,2.5514718738749718
10531408,7,4,0.17156760394573212,1.762777897946044
10531708,9,3,0.1562497913837433,1.8562993255105604
10531355,16,16,0.011176957748830318,4.49390096377456
10535149,10,2,0.1837625503540039,1.6941108419753352
10531440,10,8,0.050243526697158813,2.9908735622883
10535070,9,2,0.17878949642181396,1.7215461628127102
10531503,11,1,0.28740596771240234,1.2468595410698327
10531319,13,6,0.07220499962568283,2.628245988587698
10531709,13,3,0.17317397892475128,1.7534585312955497
10535071,8,4,0.12687964737415314,2.0645163003069555
10531499,10,3,0.18556936085224152,1.6843265538725845
10531703,10,1,0.3414098024368286,1.0746717565652495
10535065,10,3,0.11381404101848602,2.1731893816102605
10531497,12,2,0.25733646750450134,1.3573708382780019
10531710,15,3,0.09906081110239029,2.3120213638645484
10531501,12,1,0.27773040533065796,1.281104400815433
10531704,15,11,0.0170209389179945,4.073310991788879
10535068,9,1,0.2833895981311798,1.2609326562411503
10535067,4,3,0.17031417787075043,1.770110442454934
10535069,9,1,0.34611833095550537,1.060974565410821
10531248,5,1,0.4814489185810089,0.7309551414692902
10531244,12,1,0.31898438930511475,1.1426131137423172
10531225,10,6,0.0744754821062088,2.5972853070071835
10531249,14,3,0.1499837338924408,1.8972284314830623
10531218,7,5,0.06924913823604584,2.670044578236945
10531246,13,1,0.39696425199508667,0.9239090477016993
10531226,8,1,0.5963122248649597,0.5169908818642303
10531252,16,15,0.01113065704703331,4.498052081561704
10531304,7,1,0.3566579520702362,1.0309780739407324
10531253,11,1,0.18693271279335022,1.6770065515144585
10531300,10,6,0.0477042980492115,3.0427337792936395
10531221,10,6,0.053456034511327744,2.928895747765435
10531247,14,12,0.014769962057471275,4.215159751333734
10538394,9,1,0.45423197746276855,0.789147247863845
10535210,8,4,0.15677203238010406,1.8529625518975499
10535192,9,7,0.040064796805381775,3.21725721538903
10531301,9,1,0.48513153195381165,0.7233352249079342
10531223,7,5,0.04935183376073837,3.0087803555206905
10531251,16,15,0.012994782067835331,4.343207381492154
10538390,9,2,0.20533038675785065,1.5831349544249649
10535211,4,2,0.23188474774360657,1.461514807717599
10535193,9,3,0.19926941394805908,1.613097530936303
10531217,11,2,0.17504869401454926,1.7426910922516852
10531250,12,6,0.07575827091932297,2.5802076534993623
10538391,9,4,0.11727649718523026,2.143220908400756
10535196,8,5,0.045608628541231155,3.087658357966676
10531224,10,1,0.3511548638343811,1.0465279453143237
10531299,10,1,0.3339889943599701,1.096647237566387
10531243,13,13,0.013253101147711277,4.323523705051203
10538393,8,2,0.16837558150291443,1.7815581906396696
10531220,9,7,0.03822623938322067,3.2642331043251898
10535205,8,2,0.19939443469047546,1.6124703321223561
10535200,7,4,0.14304514229297638,1.94459501816833
10531298,12,2,0.26622650027275085,1.3234078277401935
10538395,9,1,0.30692556500434875,1.1811500200621627
10535206,11,5,0.08991245925426483,2.408918756959739
10535197,10,8,0.02218467742204666,3.8083534346199848
10531302,9,2,0.22101141512393951,1.5095409266537876
10535207,8,1,0.2244529128074646,1.4940893363045893
10538392,14,10,0.03061983361840248,3.4861073225229964
10531487,10,3,0.18067316710948944,1.7110655865470492
10531303,10,6,0.08535320311784744,2.460957301238539
10535199,9,1,0.2923877537250519,1.229674433908853
10535208,12,11,0.018137192353606224,4.009790622811965
10538396,14,1,0.21956561505794525,1.5161041614885231
10531488,6,1,0.29200270771980286,1.230992203743826
10535195,11,2,0.1908106803894043,1.6564735446509278
10535209,12,3,0.07622919231653214,2.5740107883872643
10531489,8,3,0.20998214185237885,1.560732790678868
10531484,10,3,0.107426717877388,2.2309463580373685
10531485,9,3,0.1398821771144867,1.9669548027496129
10531486,10,2,0.2473592758178711,1.3969134412318065
10535129,10,2,0.23720447719097137,1.4388327368639713
10535130,9,5,0.07695109397172928,2.5645852021416538
10535240,5,4,0.16907992959022522,1.7773837197123947
10535216,6,1,0.47762247920036316,0.7389346510089259
10535241,11,3,0.14867623150348663,1.90598428023235
10538270,10,5,0.05406240373849869,2.917616274851186
10535215,9,1,0.423801988363266,0.8584889414098507
10535091,11,2,0.3187454044818878,1.143362599925156
10538268,12,2,0.23010632395744324,1.4692137988006928
10535237,12,2,0.36272385716438293,1.0141134582797264
10535217,7,6,0.042635153979063034,3.1550761552298976
10535086,13,4,0.10919339954853058,2.214634661192901
10538271,12,4,0.09599923342466354,2.343415072705937
10535218,6,2,0.20841482281684875,1.5682248448720026
10535087,13,1,0.21583916246891022,1.5332217668632897
10535313,7,4,0.08081257343292236,2.515622713767753
10535239,12,3,0.14515605568885803,1.929945869169168
10535219,9,3,0.1611374467611313,1.8254975716070028
10538267,12,9,0.02607705630362034,3.646699420087884
10535088,12,10,0.00833482388406992,4.787312892688287
10535320,8,2,0.2402685135602951,1.4259981745364874
10535242,11,1,0.31794437766075134,1.145878824517531
10538272,10,10,0.012143136002123356,4.410991206930076
10535213,8,4,0.09716958552598953,2.3312975225922945
10535089,10,2,0.242926225066185,1.414997482288245
10538269,11,9,0.022829269990324974,3.77971179484633
10535244,11,1,0.33501407504081726,1.0935827329924623
10535214,8,3,0.12247106432914734,2.0998804864572076
10535093,11,3,0.1753978729248047,1.7406983261141395
10538266,10,6,0.07559741288423538,2.582333217490203
10535243,12,6,0.05930205062031746,2.825111393132545
10535315,10,2,0.30358099937438965,1.1921068198249791
10535319,8,1,0.346004843711853,1.061302504855195
10535317,13,3,0.13833753764629364,1.9780586552575854
10535316,7,6,0.0503353625535965,2.9890474160136082
10538400,13,8,0.027681052684783936,3.5870071184361594
10538097,11,1,0.39908087253570557,0.9185911945713107
10538402,7,1,0.36222660541534424,1.0154852811909103
10538096,8,1,0.2853575646877289,1.2540122721432436
10538401,11,1,0.357303649187088,1.0291693007749023
10538091,7,5,0.04342283308506012,3.1367698682713505
10538403,9,1,0.42156875133514404,0.8637724037259915
10538092,13,6,0.047542888671159744,3.0461230559352135
10538399,10,1,0.31965819001197815,1.1405030102863465
10538093,6,2,0.2867876887321472,1.249013097495511
10538397,11,1,0.30668702721595764,1.1819275067155708
10538094,10,5,0.05573786422610283,2.887095574381082
10538398,8,1,0.2870514690876007,1.2480937445010765
10538095,14,1,0.19785743951797485,1.6202085100483095
10548629,11,5,0.07620134204626083,2.5743762042889746
10548631,11,3,0.13424521684646606,2.0080871749320437
10548632,11,2,0.2621464431285858,1.3388519881327516
10548316,6,1,0.3924787938594818,0.9352727716027455
10548234,7,2,0.34613701701164246,1.0609205793890544
10548633,8,3,0.1326369196176529,2.020139811495307
10548276,8,1,0.5270860195159912,0.6403915188724785
10548299,10,1,0.46753832697868347,0.7602739507717012
10548235,7,1,0.4228428304195404,0.8607547282729829
10548634,7,1,0.6073747873306274,0.49860923640121885
10548231,10,5,0.11324258893728256,2.1782229566076685
10548277,7,1,0.23709110915660858,1.439310784898931
10548289,9,4,0.11242678016424179,2.185453112212418
10548238,12,2,0.2753182649612427,1.289827523370557
10548635,5,1,0.3170037269592285,1.148841748204794
10548232,7,4,0.11685433238744736,2.1468271421980876
10548278,9,1,0.3887188732624054,0.9448988874727473
10548293,5,2,0.23384559154510498,1.4530942466231511
10548313,7,7,0.058365222066640854,2.8410350790935066
10548239,9,5,0.09286628663539886,2.3765945985376216
10548636,7,1,0.3861008882522583,0.9516565751389431
10548225,10,3,0.12371665984392166,2.08976132923484
10548273,12,2,0.23149575293064117,1.4631937514960962
10548290,6,4,0.12863346934318542,2.0507882417619197
10548312,8,2,0.25223398208618164,1.3773981219185272
10548236,9,1,0.3173404037952423,1.147780252239736
10548637,8,2,0.18164469301700592,1.705702736172446
10548354,6,1,0.3183899223804474,1.1444784763279845
10548227,8,1,0.4515734910964966,0.7950171483930112
10548279,11,3,0.15593396127223969,1.8583226865379492
10548292,6,5,0.08897276967763901,2.419424914743116
10548315,12,1,0.2521449625492096,1.3777511086513923
10548237,11,4,0.08076182752847672,2.516250856664304
10548348,10,1,0.459778755903244,0.7770098706276983
10548228,10,5,0.11680575460195541,2.1472429409493223
10548274,9,1,0.42458227276802063,0.8566494810131449
10548294,10,5,0.09410693496465683,2.3633235372885344
10548314,12,6,0.05127944424748421,2.970465304036012
10548241,10,3,0.19656062126159668,1.6267843901026746
10548352,8,1,0.36889928579330444,0.9972316104255546
10548230,10,3,0.15244653820991516,1.8809413135136988
10548280,9,4,0.1262865662574768,2.069201619039829
10548296,9,2,0.22438327968120575,1.4943996193342683
10548240,10,1,0.303352415561676,1.1928600616729184
10548349,8,3,0.21915830671787262,1.5179609485788903
10548229,11,4,0.11111769825220108,2.1971652948236526
10548275,11,6,0.06803254038095474,2.6877691532533556
10548291,9,1,0.3949715495109558,0.9289415432295943
10548351,12,2,0.2358095794916153,1.4447306662095079
10548350,12,5,0.09596125781536102,2.3438107333916607
10548355,13,13,0.009182501584291458,4.690455607736684
10548347,13,9,0.025861471891403198,3.6550009895705036
10551861,14,3,0.13995014131069183,1.9664690532984845
10551659,7,1,0.5528088212013245,0.5927430493453486
10551544,9,4,0.07940565794706345,2.5331856544886966
10551865,11,1,0.18972723186016083,1.6621678601025782
10551559,9,1,0.45178502798080444,0.7945488140967001
10551660,7,4,0.138040229678154,1.9802101169015454
10551425,7,3,0.14358098804950714,1.9408560263314494
10551560,10,1,0.4257391691207886,0.8539283992913183
10551863,10,3,0.14528243243694305,1.9290756211736195
10551663,9,2,0.2824200987815857,1.264359604572713
10551545,10,2,0.196940079331398,1.624855762342424
10548379,10,1,0.35633230209350586,1.0318915506607105
10551424,13,2,0.2710334062576294,1.3055131953762424
10551864,11,7,0.05958326905965805,2.820380464795737
10551665,7,6,0.07762234658002853,2.5558999218566467
10551549,6,3,0.20492681860923767,1.5851023459710745
10548375,11,1,0.5674046277999878,0.5666826004898052
10551558,10,1,0.5008581280708313,0.6914323955029231
10551426,10,2,0.2000175267457962,1.6093502825447303
10551661,7,4,0.12180042266845703,2.1053714535279853
10551561,9,1,0.31470197439193726,1.1561292010454152
10551551,10,8,0.019874153658747673,3.9183352025560962
10548381,11,5,0.08810299634933472,2.429248735842707
10551428,10,4,0.10637284815311432,2.2408049211710965
10551664,9,1,0.3407082259654999,1.076728810299377
10551548,9,8,0.028500868007540703,3.557820735766382
10548378,11,1,0.4174896478652954,0.8734955305308677
10551427,13,1,0.4928886592388153,0.707471973774867
10551662,10,9,0.029906759038567543,3.509670769330443
10551546,7,3,0.20244595408439636,1.5972823214683163
10548377,13,2,0.18927979469299316,1.6645289634261844
10551422,12,4,0.12529125809669495,2.077114187297759
10551658,11,5,0.054068274796009064,2.9175076829585667
10551550,11,5,0.09530477970838547,2.3506753152419395
10548380,8,2,0.19561587274074554,1.6316023756925038
10551423,14,5,0.08193521201610565,2.5018264413738764
10548376,12,3,0.22236402332782745,1.5034394953034642
10548373,14,3,0.1966363936662674,1.6263989731095034
10548374,14,1,0.36578911542892456,1.0056982989931593
10556650,11,2,0.22192619740962982,1.5054103964824144
10556615,7,3,0.09085790812969208,2.3984584419217234
10556369,7,2,0.23884636163711548,1.4319347720982118
10556656,7,1,0.3166990876197815,1.1498032063391304
10556616,8,5,0.08514478802680969,2.4634020830620185
10556375,7,4,0.09092036634683609,2.3977712506742352
10556520,14,1,0.6321746110916138,0.45858963962169574
10556652,12,1,0.3062081038951874,1.1834903300892188
10556611,10,3,0.08366141468286514,2.4809774032035112
10556370,7,1,0.23611785471439362,1.4434242142243867
10556518,11,2,0.2639850378036499,1.331862852428083
10556651,11,3,0.1523103564977646,1.8818350207510386
10556617,10,1,0.36953628063201904,0.9955063549647436
10556373,8,1,0.21915201842784882,1.5179896419026087
10556519,13,3,0.13038624823093414,2.0372540934024395
10556653,10,8,0.019096437841653824,3.9582534617598943
10556618,11,6,0.0661560595035553,2.715738790143931
10556368,10,2,0.19812463223934174,1.61885899055753
10556515,9,5,0.10132098197937012,2.2894617620344944
10556657,7,2,0.2567555606365204,1.3596307726221326
10556612,11,3,0.13467052578926086,2.0049240332487495
10556371,9,4,0.0912078320980072,2.3946145073215557
10556517,9,1,0.3208511471748352,1.136777979367865
10556654,13,3,0.09039681404829025,2.403546255033697
10556613,12,1,0.3619435429573059,1.016267038000661
10556372,9,1,0.2461388260126114,1.4018595688413769
10556516,11,1,0.17847958207130432,1.7232810704601964
10556658,14,9,0.039161283522844315,3.2400666854819784
10556614,10,2,0.16517287492752075,1.8007626267307828
10556374,11,9,0.028626633808016777,3.5534177424739264
10556521,13,5,0.08529432117938995,2.4616474013854566
10556655,10,4,0.11477735638618469,2.164761058574613
10556350,6,3,0.13446706533432007,2.0064359773279854
10556351,6,4,0.13400103151798248,2.0099077811654626
10556530,11,5,0.07972737401723862,2.529142288953459
10556355,10,8,0.017634566873311996,4.037894276224489
10556528,12,1,0.30284884572029114,1.194521456953261
10556628,14,1,0.2245420217514038,1.4936924100221283
10556352,11,1,0.5594417452812195,0.5808158758980924
10559698,12,2,0.13321584463119507,2.0157845742626264
10556701,6,6,0.028639240190386772,3.552977466906876
10556497,7,3,0.1299283653497696,2.0407720161735634
10559919,10,4,0.10144959390163422,2.288193215659338
10556627,11,2,0.2110775113105774,1.5555298607805326
10559703,8,2,0.27432140707969666,1.2934548415037335
10556353,12,1,0.4950636029243469,0.7030690339114205
10556500,11,3,0.14577919244766235,1.9256621825710416
10556534,11,4,0.13561467826366425,1.9979376625519174
10556916,7,4,0.12705589830875397,2.063128145195158
10556630,11,5,0.09149689227342606,2.3914502715023107
10559708,14,1,0.47530969977378845,0.7437886878830763
10556704,12,6,0.08287137746810913,2.4904655422235016
10559700,8,1,0.37147217988967896,0.9902813035242962
10556354,12,6,0.062226854264736176,2.7769686318195417
10559746,12,3,0.1834230273962021,1.6959601687198462
10556499,7,1,0.2760615348815918,1.28713148564566
10559921,7,1,0.48283132910728455,0.7280879014181462
10556535,10,1,0.23329642415046692,1.4554454273312523
10559681,8,2,0.18697918951511383,1.6767579543357325
10556907,14,1,0.3321966826915741,1.1020280677300622
10559887,6,2,0.36062702536582947,1.0199110254698125
10559699,12,2,0.28521645069122314,1.2545069108599722
10556356,8,2,0.24030697345733643,1.4258381168632916
10559747,9,4,0.11470946669578552,2.1653527238516683
10559715,8,3,0.16684292256832123,1.7907024926147692
10556501,8,4,0.15663522481918335,1.8538355857311164
10559923,12,3,0.1460506021976471,1.923802126927534
10556531,13,1,0.45073023438453674,0.796886268365914
10559682,9,2,0.22058294713497162,1.5114814773493819
10556917,7,1,0.30338212847709656,1.1927621179651267
10556632,17,1,0.21823664009571075,1.5221752999014218
10559706,7,6,0.0503600537776947,2.9885570019412966
10556698,8,1,0.26616719365119934,1.3236306200928214
10559884,9,1,0.3913152813911438,0.938241697650359
10559701,8,4,0.13112099468708038,2.0316347584932717
10556357,14,6,0.05477634817361832,2.9044967808666073
10559748,8,1,0.20390500128269196,1.5901010735873238
10559716,11,2,0.18024230003356934,1.7134532219898937
10556503,9,2,0.18660502135753632,1.678761081190674
10559924,14,9,0.02631952054798603,3.6374443889528676
10556533,14,4,0.11244373768568039,2.185302291894727
10559685,9,2,0.25296834111213684,1.3744909320286451
10556633,15,1,0.20075762271881104,1.6056569556741063
10556703,13,8,0.04968986660242081,3.001954257967591
10559885,9,2,0.30110347270965576,1.2003013101512745
10559702,11,7,0.024870149791240692,3.694086998215895
10559749,10,3,0.17537812888622284,1.740810899599787
10559717,12,2,0.2478017508983612,1.3951262440398169
10556495,11,3,0.12980656325817108,2.0417099115977937
10556536,9,8,0.06057046353816986,2.8039479050852667
10559920,14,2,0.14337678253650665,1.9422792709228316
10556526,11,1,0.2662961781024933,1.3231461381146825
10559687,12,2,0.18802353739738464,1.67118812506666
10556909,9,2,0.25190094113349915,1.3787193594912144
10556635,11,5,0.06647435575723648,2.7109390334045447
10559707,10,1,0.254742830991745,1.367500748622697
10556818,7,2,0.2637398838996887,1.3327919498101248
10556702,14,9,0.03833232820034027,3.261461660491458
10559696,11,2,0.22039729356765747,1.5123234814173507
10559751,10,9,0.025223731994628906,3.6799699818105354
10559711,14,2,0.15428830683231354,1.86893230451759
10556502,10,3,0.1866007149219513,1.6787841592688841
10556537,7,2,0.18278217315673828,1.6994601457419793
10559916,14,1,0.22725717723369598,1.4816729634367198
10556527,12,2,0.2122740000486374,1.5498773857490138
10559683,11,7,0.06157765910029411,2.787456151169129
10556914,12,1,0.32837390899658203,1.1136023534133737
10556629,18,6,0.08203678578138351,2.500587525221918
10559705,9,1,0.3752998411655426,0.9800299960612285
10556819,11,6,0.049928441643714905,2.997164465777538
10556699,16,1,0.19184210896492004,1.6510825944099397
10559886,9,7,0.07069360464811325,2.649400167765017
10559697,11,6,0.08066826313734055,2.5174100507306316
10559750,9,4,0.11266954243183136,2.1832961479500916
10559712,11,10,0.017312822863459587,4.056307846055573
10556498,11,2,0.19307973980903625,1.6446520157718785
10556538,7,5,0.0725962445139885,2.6228420869468083
10559917,14,11,0.011904876679182053,4.430807157838496
10556529,12,1,0.2270060032606125,1.4827788157684325
10559684,13,2,0.19924582540988922,1.613215913050048
10556911,13,2,0.2250172197818756,1.4915783473422772
10556634,11,4,0.12310813367366791,2.0946921742647695
10556697,11,7,0.08490172773599625,2.466260835624593
10559744,12,1,0.2897341251373291,1.2387915864001149
10556539,8,5,0.07738786190748215,2.5589253335852
10556496,13,1,0.29843631386756897,1.2091987227901475
10556910,9,2,0.22341081500053406,1.4987429825943044
10559686,14,2,0.2484535276889801,1.3924994622462008
10556821,10,2,0.24744628369808197,1.3965617560923234
10559790,10,2,0.27357587218284607,1.2961762835886026
10556540,10,4,0.10388030856847763,2.264515921759987
10556908,13,3,0.14821656048297882,1.9090808282134084
10556822,10,1,0.2921985685825348,1.2303216784368292
10556913,16,6,0.07953011989593506,2.531619462458149
10556823,12,1,0.3147432208061218,1.1559981446339649
10559789,10,7,0.030717432498931885,3.482924951704188
10556915,16,3,0.15635892748832703,1.8556010973267056
10556493,12,6,0.05339141562581062,2.930105302009592
10556489,12,2,0.18485547602176666,1.688180969901054
10556494,9,5,0.06671171635389328,2.707374684006868
10559926,7,3,0.17921677231788635,1.7191591872971754
10556454,15,2,0.26204782724380493,1.3392282451485875
10559800,12,1,0.3389129042625427,1.082012124190696
10560001,12,1,0.42296960949897766,0.8604549476729271
10559934,14,2,0.17762356996536255,1.7280887434608272
10559836,9,1,0.33285966515541077,1.1000343037862967
10556448,9,1,0.2322763353586197,1.4598275154297637
10559795,7,2,0.22422689199447632,1.4950968290853548
10560004,12,2,0.30150172114372253,1.1989795542284627
10559766,7,1,0.4992351830005646,0.6946779856432742
10559928,14,3,0.12298552691936493,2.095688597855298
10559838,11,3,0.13737401366233826,1.9850480461761144
10559771,12,1,0.34613415598869324,1.0609288450024754
10556451,8,2,0.2089242786169052,1.565783395933408
10559797,10,1,0.46679455041885376,0.7618660529762413
10560002,12,2,0.20784024894237518,1.5709855283008691
10559767,11,4,0.11525767296552658,2.160585022614121
10559931,6,4,0.08545471727848053,2.4597686658128564
10559839,12,1,0.2959308326244354,1.2176295255300948
10556450,14,4,0.12934426963329315,2.045277672581578
10559799,10,1,0.414872944355011,0.8797829638081188
10560003,8,1,0.3310598134994507,1.105456214493928
10559761,10,1,0.4372473657131195,0.8272561897713979
10559929,12,1,0.23220175504684448,1.4601486514056332
10559835,7,1,0.3150622844696045,1.1549849312272675
10559772,8,5,0.12191254645586014,2.104451323625037
10556449,13,10,0.01909351535141468,3.958406511973393
10559798,10,4,0.11632249504327774,2.1513888156051206
10559998,11,8,0.052580736577510834,2.94540545107729
10559830,6,5,0.10091043263673782,2.2935219611624196
10559762,14,3,0.19101884961128235,1.6553831667406471
10559927,12,2,0.20599770545959473,1.5798902488002466
10559837,8,2,0.25998154282569885,1.3471446396183846
10556452,11,2,0.25229793787002563,1.3771445966938314
10559796,10,4,0.10374638438224792,2.265805969806312
10559999,12,5,0.08427182585000992,2.4737076827658093
10559831,7,1,0.39860549569129944,0.919783083814045
10559763,13,3,0.15858961641788483,1.841435442177593
10559932,14,1,0.32090529799461365,1.1366092212032541
10559832,10,1,0.27288469672203064,1.298705929344292
10559775,12,2,0.20947198569774628,1.5631652683810637
10556749,9,3,0.15404123067855835,1.8705349807232878
10556447,11,3,0.19481201469898224,1.6357202125761583
10559801,7,5,0.04495297744870186,3.1021382811324854
10559997,10,4,0.1167309507727623,2.14788355829152
10559825,10,1,0.4705170691013336,0.7539230419721773
10559764,11,5,0.0862242728471756,2.450803553396583
10559933,14,2,0.12539876997470856,2.07625645964555
10559833,10,3,0.1729646474123001,1.7546680555846272
10556750,8,1,0.2836974859237671,1.259846798948694
10559802,10,3,0.15302060544490814,1.877182690547204
10560000,10,1,0.3173549473285675,1.1477344238488332
10559826,9,2,0.2525652050971985,1.376085825595711
10559765,8,2,0.296528697013855,1.2156112793463412
10559930,14,2,0.2821628749370575,1.2652708040749983
10559834,14,1,0.3229885995388031,1.1301382519278842
10559776,11,5,0.07990877330303192,2.526869628695549
10556752,7,4,0.17704856395721436,1.7313312114019679
10559828,9,3,0.10079360753297806,2.2946803426874
10559777,12,1,0.19119055569171906,1.6544846745025927
10556751,8,4,0.13131779432296753,2.030134982690172
10559827,12,3,0.18794465065002441,1.6716077709357833
10556754,9,1,0.3492482602596283,1.0519722622185945
10559829,10,2,0.18913578987121582,1.6652900569677973
10556753,9,3,0.21997477114200592,1.5142424158328884
10559695,7,2,0.2872467041015625,1.2474138362910305
10572816,6,3,0.14572694897651672,1.9260206207943307
10559810,9,2,0.34172162413597107,1.0737588378832226
10559688,9,2,0.29539528489112854,1.2194408707890643
10572815,7,1,0.47239840030670166,0.7499325809756251
10559814,8,1,0.4331071972846985,0.8367700128329099
10559689,10,1,0.28607282042503357,1.2515088837009118
10563667,12,1,0.18455597758293152,1.6898024599849888
10559812,11,2,0.23729877173900604,1.4384352915377756
10563674,11,4,0.10928100347518921,2.2138327005957663
10572811,8,1,0.3134915232658386,1.159982958299161
10559811,10,1,0.29569482803344727,1.2184273428635892
10559691,7,2,0.14535348117351532,1.9285867019818723
10563676,9,1,0.3390147387981415,1.081711695266143
10572812,7,4,0.10945933312177658,2.212202185722558
10559806,9,2,0.26358455419540405,1.3333810736874034
10559694,8,4,0.15143530070781708,1.8875968032821766
10563669,11,3,0.1361422836780548,1.9940547366204684
10572813,5,1,0.43863800168037415,0.8240808036135412
10559813,13,8,0.03047831542789936,3.490739817804568
10559690,14,2,0.13850174844264984,1.9768723292997716
10563670,11,8,0.04306694120168686,3.1449996016698916
10572814,6,1,0.35196906328201294,1.0442119956498244
10559809,13,7,0.03367894887924194,3.3908822991436596
10559692,7,4,0.13071684539318085,2.034721780710745
10563668,11,7,0.05181804299354553,2.9600168700274287
10559807,13,2,0.16811825335025787,1.7830876582029145
10563453,6,1,0.43284642696380615,0.8373722860297017
10563451,7,2,0.29897376894950867,1.207399438705745
10563660,7,3,0.15918725728988647,1.8376740509243525
10563450,13,3,0.14348624646663666,1.941516091813809
10563661,8,2,0.32132604718208313,1.1352989480413316
10563663,12,1,0.5323222875595093,0.63050616938218
10563665,10,1,0.4602683484554291,0.7759455933834605
10563446,6,1,0.29483509063720703,1.2213390937384678
10563662,10,2,0.17234767973423004,1.7582414486324824
10563448,11,1,0.23898667097091675,1.4313474986019947
10563666,5,2,0.2792283594608307,1.275725339252099
10563449,9,4,0.09056589752435684,2.401677543808035
10563664,8,6,0.11767623573541641,2.1398181904930778
10563452,13,4,0.12390482425689697,2.0882415544069346
10563659,11,1,0.4263386130332947,0.8525213821763225
10566856,11,6,0.07910523563623428,2.5369762163075387
10572853,9,3,0.11182418465614319,2.1908274209382466
10566866,9,3,0.2099466174840927,1.5609019830362907
10572850,10,2,0.22521242499351501,1.4907112110879845
10566857,8,1,0.26612624526023865,1.3237844765488591
10572846,9,5,0.05922577530145645,2.8263984382427867
10566858,8,1,0.3172319531440735,1.1481220592883374
10572847,11,2,0.18582040071487427,1.6829746593033468
10566862,8,2,0.2560366988182068,1.3624344900182659
10572909,8,1,0.3399605453014374,1.0789257113365331
10572852,7,3,0.1463211476802826,1.9219514312979575
10572898,10,2,0.3098357319831848,1.171713018776322
10566865,6,1,0.36622703075408936,1.0045018352821093
10572907,9,2,0.238540917634964,1.4332144209581381
10572889,5,3,0.24645346403121948,1.4005820902134851
10572851,7,1,0.2692999541759491,1.3119294493244607
10572900,10,1,0.46143558621406555,0.773412809614798
10566863,10,3,0.11146267503499985,2.1940654971736016
10572910,7,3,0.16761621832847595,1.7860783275462164
10572890,8,2,0.3527003824710846,1.042136357331633
10572848,11,1,0.247757226228714,1.3953059387757498
10566859,12,3,0.11211078613996506,2.188267734621391
10572908,9,2,0.22018000483512878,1.5133098633799893
10572891,9,1,0.45712247490882874,0.782803926380561
10572849,12,1,0.229851633310318,1.4703212507716017
10566861,10,2,0.18997494876384735,1.660863064125773
10572990,12,1,0.4851304590702057,0.7233374364417589
10572913,9,1,0.24769537150859833,1.3955556285370692
10572892,9,1,0.2782343626022339,1.2792914894992102
10572902,12,8,0.055056989192962646,2.89938646305553
10572991,8,2,0.20845158398151398,1.5680484758282944
10572912,10,3,0.10952664911746979,2.2115873883996864
10572894,8,3,0.18384915590286255,1.6936396624726868
10572903,12,1,0.2947552502155304,1.2216099272872305
10572906,10,2,0.21061116456985474,1.5577416675352027
10572893,12,3,0.12997116148471832,2.0404426878684543
10572901,12,1,0.30422699451446533,1.1899811637302575
10572911,10,1,0.2667042911052704,1.3216147582900455
10572888,9,1,0.2871468961238861,1.2477613609801697
10572897,13,7,0.05338936671614647,2.9301436780098324
10572992,10,4,0.14507585763931274,1.9304985172268319
10572986,10,6,0.04745624586939812,3.047947132042942
10572987,11,1,0.426906943321228,0.8511892208360147
10575739,8,3,0.1932598054409027,1.6437198531334998
10575804,9,4,0.09761769324541092,2.3266965187407522
10575794,5,1,0.29272931814193726,1.2285069258250652
10575806,7,1,0.6477344036102295,0.43427453762179624
10575740,11,4,0.13393595814704895,2.010393517549187
10575796,7,1,0.41491377353668213,0.879684554949978
10575807,14,4,0.14153170585632324,1.9552315173427062
10575742,11,4,0.0572512149810791,2.860306414396052
10575808,12,2,0.1695018857717514,1.7748912267264616
10575795,8,1,0.41297316551208496,0.8843726626790513
10575743,9,4,0.10974860191345215,2.209562965937589
10575810,12,2,0.22949250042438507,1.4718849279048607
10575790,7,4,0.13939465582370758,1.97044611837978
10575745,12,4,0.09860377013683319,2.316645781422672
10575809,13,2,0.2248101532459259,1.4924989962978161
10573660,9,1,0.3954094350337982,0.927833506532847
10575791,8,6,0.06527569144964218,2.729135571582238
10575805,11,3,0.14852134883403778,1.9070265678801466
10575744,13,10,0.018095718696713448,4.012079904782611
10575792,10,1,0.20304594933986664,1.5943229741260547
10575803,11,2,0.24795986711978912,1.3944883720422985
10575746,11,6,0.05212431401014328,2.954123759426639
10573656,14,1,0.4198332726955414,0.8678976162906021
10573655,15,1,0.27379024028778076,1.2953930121693074
10573657,8,1,0.36938390135765076,0.9959187926819487
10573658,15,14,0.00718527240678668,4.935721846907948
10575702,11,1,0.36191263794898987,1.0163524279141551
10575700,12,3,0.14228807389736176,1.9499015869743626
10580491,10,4,0.10412736982107162,2.262140419368079
10580514,6,2,0.24010081589221954,1.426696377625678
10580567,10,5,0.0325506329536438,3.424958464936167
10580496,8,2,0.28369688987731934,1.2598488999439563
10580614,7,2,0.28193166851997375,1.2660905476187454
10580509,9,1,0.28344619274139404,1.2607329701545849
10580490,9,3,0.16437716782093048,1.8055916878728566
10580464,7,4,0.17349115014076233,1.7516286887303898
10580613,10,1,0.605583131313324,0.5015634317492792
10580510,8,2,0.1828351616859436,1.699170287879528
10580569,10,2,0.18362559378147125,1.6948564108297637
10580495,6,4,0.1085096225142479,2.2209164231668
10580465,11,2,0.29408562183380127,1.2238843233156766
10580615,14,1,0.306697815656662,1.1818923299718647
10580511,8,1,0.5240290760993958,0.6462081074612331
10580568,10,1,0.5592256188392639,0.5812022757370017
10580489,9,1,0.28367742896080017,1.2599174998642582
10580466,12,4,0.09025540947914124,2.405111744738357
10580512,7,1,0.2863757312297821,1.2504505848122363
10580570,11,1,0.49239876866340637,0.708466385358543
10580492,9,2,0.20270034670829773,1.5960265150752373
10580469,10,5,0.08995414525270462,2.4084552356818403
10580617,14,1,0.16255176067352295,1.8167588007096906
10580515,9,2,0.20778480172157288,1.571252341964014
10580571,10,5,0.07863464951515198,2.5429428431594214
10580493,8,1,0.38967058062553406,0.9424535618517176
10580467,10,1,0.21659758687019348,1.5297140854274762
10580611,11,2,0.1854344755411148,1.6850536909199052
10580513,8,5,0.07281170040369034,2.619878616862634
10580572,11,2,0.16252537071704865,1.8169211619094428
10580494,9,1,0.44778361916542053,0.8034451561801399
10580468,12,1,0.37365272641181946,0.9844284519328215
10580612,14,8,0.030663827434182167,3.4846715785553117
10580516,8,1,0.3490685820579529,1.0524868658906017
10580565,11,8,0.039210233837366104,3.238817498978105
10580504,6,2,0.29822587966918945,1.2099040941355557
10580441,8,2,0.18665221333503723,1.6785082154810982
10580443,13,2,0.23388846218585968,1.4529109345870366
10580439,14,3,0.16175810992717743,1.8216532082046892
10580556,6,4,0.0494895875453949,3.0059929841529924
10580499,13,1,0.26950836181640625,1.3111558619663422
10580438,7,7,0.028218327090144157,3.567783615315927
10580554,8,1,0.3340960144996643,1.0963268587547377
10580595,11,2,0.21461941301822662,1.5388889914686001
10583474,12,1,0.41597557067871094,0.8771287447752365
10580503,13,8,0.03233768045902252,3.431522150997813
10580663,7,4,0.12013456225395203,2.1191428123294958
10580437,11,3,0.13026249408721924,2.038203679054866
10580524,7,1,0.3618796765804291,1.0164435075454856
10583504,10,2,0.22144456207752228,1.5075830048976242
10580559,14,7,0.06798132508993149,2.688522242554457
10583470,11,1,0.3389163613319397,1.0820019237771923
10580659,12,4,0.06236368790268898,2.7747720976270065
10583387,12,2,0.30694854259490967,1.1810751591410482
10580500,7,1,0.34901055693626404,1.0526531081361616
10580440,14,9,0.039369530975818634,3.2347630873354873
10583505,12,1,0.2655511200428009,1.3259479142999882
10580558,9,1,0.26263123750686646,1.337004369477914
10580598,10,1,0.2501983642578125,1.3855012187092566
10583475,11,3,0.14465738832950592,1.9333871715777984
10580662,9,2,0.1615557223558426,1.8229051657614748
10583383,4,1,0.5828410983085632,0.5398406884299078
10580501,14,4,0.10367321223020554,2.266511516979991
10583376,10,1,0.4858150780200958,0.7219272253903749
10580526,11,1,0.32461392879486084,1.1251187141788408
10580434,13,1,0.2777809202671051,1.280922532564477
10583500,11,3,0.11745987832546234,2.1416584647689203
10580555,8,1,0.24230889976024628,1.4175419214988865
10580596,13,1,0.3013244569301605,1.199567664782114
10583476,9,4,0.14465662837028503,1.9333924251028751
10580664,10,1,0.4355698227882385,0.8311001676687594
10583555,8,1,0.41348549723625183,0.8831328383227035
10583384,8,2,0.15492288768291473,1.864827784676393
10580505,10,4,0.11941704154014587,2.125133361741205
10583374,11,1,0.28800103068351746,1.2447912200903815
10580436,7,6,0.05748528987169266,2.8562261922268672
10580561,13,9,0.041819434612989426,3.1743941046093993
10580939,8,1,0.30025067925453186,1.2031375557280775
10580594,11,8,0.04963334649801254,3.003092362721651
10583471,11,6,0.05735376477241516,2.8585167920091936
10580657,7,3,0.17047345638275146,1.7691756754176973
10583389,11,1,0.22975395619869232,1.4707462983137807
10580506,14,1,0.4137189984321594,0.8825682833587686
10583378,6,1,0.3504491150379181,1.048539761255376
10580522,11,2,0.19992201030254364,1.6098279369710644
10580435,14,1,0.27070650458335876,1.3067200538978567
10583498,14,10,0.021189088001847267,3.8542689467103806
10580560,13,1,0.21627049148082733,1.5312253793665886
10580942,10,1,0.39051342010498047,0.9402929438268908
10580602,15,3,0.13549162447452545,1.9988454525689436
10583477,10,1,0.35135066509246826,1.0459705083829547
10580549,9,2,0.19424980878829956,1.638610274093683
10580656,12,5,0.10646601021289825,2.2399294977033253
10583552,8,3,0.1470496654510498,1.9169848890540864
10583385,10,9,0.034814994782209396,3.35770710045955
10583377,10,8,0.017009153962135315,4.074003611487086
10580529,13,2,0.13332802057266235,2.0149428670411584
10583503,10,3,0.17770858108997345,1.7276102552295745
10580557,9,1,0.26819342374801636,1.3160468283903741
10580601,12,1,0.26331835985183716,1.3343914851279832
10583472,12,1,0.39187541604042053,0.9368113059293706
10580550,6,3,0.18436308205127716,1.6908481936991762
10580658,9,4,0.12630115449428558,2.0690861087784307
10583553,10,2,0.22553974390029907,1.4892588876743433
10583388,8,1,0.3156791627407074,1.1530288889518856
10583379,6,5,0.09721089154481888,2.330872520862969
10580523,14,12,0.017887288704514503,4.023664946635331
10580762,12,2,0.3046403229236603,1.1886234673624312
10583499,13,1,0.34540724754333496,1.0630311304458813
10580553,13,2,0.1642133742570877,1.8065886342631767
10580943,10,1,0.26439741253852844,1.3303019572153936
10580599,18,2,0.1162547841668129,2.1519710812383575
10583473,11,3,0.1576937884092331,1.847100174443095
10580551,7,5,0.06633082032203674,2.7131006282358046
10580661,8,3,0.165448397397995,1.7990959309836105
10583554,9,5,0.1186201199889183,2.1318291610317015
10583390,9,4,0.16582046449184418,1.7968496151169229
10583380,8,2,0.14659905433654785,1.920053940187855
10580527,12,4,0.1009877547621727,2.292756009469526
10580763,10,3,0.22463540732860565,1.4932766029378826
10583502,14,3,0.16144303977489471,1.8236028934231903
10580562,11,6,0.05331459641456604,2.9315451313696608
10580597,9,5,0.10184339433908463,2.284318995171723
10580552,6,2,0.2701079547405243,1.3089335675231129
10580660,12,2,0.2370155304670334,1.4396296105971977
10580941,9,1,0.32846733927726746,1.1133178698138402
10583381,10,4,0.10681574046611786,2.236649980674244
10580528,14,2,0.14733320474624634,1.9150585583359634
10580765,10,1,0.4394039511680603,0.8223361268825704
10583433,10,2,0.2592140734195709,1.3501010203777737
10580547,7,1,0.2788156270980835,1.2772045503822087
10580940,12,1,0.2372615486383438,1.438592165592096
10580548,8,5,0.1286613494157791,2.0505715248234497
10580937,14,6,0.07295367121696472,2.617930680167001
10580760,11,1,0.4154290556907654,0.8784434236916807
10580938,11,1,0.21700513362884521,1.527834268445722
10580761,12,5,0.04919314384460449,3.0120010179463126
10583435,7,1,0.34919828176498413,1.0521153755185317
10583432,9,3,0.15929628908634186,1.836989357464012
10583436,9,3,0.18079344928264618,1.7104000635242211
10583437,11,9,0.011378936469554901,4.475991310753627
10583438,9,1,0.37669920921325684,0.9763082635344024
10580453,12,1,0.23881614208221436,1.432061303089052
10580461,10,1,0.5008572340011597,0.6914341805802124
10580421,10,2,0.3444315791130066,1.0658598175049223
10580452,12,3,0.19478650391101837,1.635851171944748
10580457,8,2,0.18233339488506317,1.7019184276502795
10580418,14,1,0.5108834505081177,0.671613795990326
10580459,12,3,0.15890561044216156,1.8394448980567284
10580544,10,6,0.06748595088720322,2.6958358377711455
10580422,12,1,0.4958174228668213,0.7015475190811262
10580539,9,3,0.20250917971134186,1.596970061555142
10580458,14,5,0.08007880300283432,2.524744091603941
10583446,10,2,0.26173222064971924,1.3404333564679327
10586652,12,2,0.27750080823898315,1.2819314332269771
10583448,6,5,0.09755081683397293,2.327381838457834
10580423,12,7,0.02597258798778057,3.650713605296745
10583517,6,1,0.4734286367893219,0.7477540919926374
10586644,8,4,0.06288714706897736,2.766413475281782
10583412,6,4,0.09172957390546799,2.388910444566009
10583403,6,4,0.12745709717273712,2.0599754637728953
10586641,10,2,0.1934489905834198,1.6427414158206952
10583411,7,4,0.0786241739988327,2.543076069595951
10583404,10,1,0.4774700403213501,0.7392538638122758
10586637,12,1,0.38982367515563965,0.9420607570787801
10583631,10,1,0.25371214747428894,1.3715549322685836
10583406,6,2,0.30216798186302185,1.1967721849120658
10586640,12,1,0.3791205883026123,0.9699009495656934
10583405,12,6,0.026818059384822845,3.618679760762799
10583632,12,1,0.2303462028503418,1.4681718719976722
10583407,9,3,0.17561089992523193,1.7394845272403845
10586643,11,5,0.03681955114006996,3.3017262939068632
10583399,10,2,0.18376217782497406,1.6941128692077976
10583626,10,2,0.24630509316921234,1.4011842953475127
10586642,11,3,0.11905936151742935,2.1281330739671454
10583408,8,2,0.21951551735401154,1.5163323548698964
10583400,11,1,0.22073274850845337,1.5108025920039752
10583627,12,2,0.18700528144836426,1.6766184194869964
10586636,10,8,0.03842753544449806,3.258981007492362
10583409,7,1,0.5833683609962463,0.5389364551133247
10583401,14,10,0.021890373900532722,3.821708286710066
10586638,12,1,0.2590644061565399,1.3506785757773874
10583630,11,3,0.15129856765270233,1.888500125167851
10583410,7,5,0.050632283091545105,2.9831659003661066
10586639,12,5,0.10502204298973083,2.25358501762198
10583402,12,1,0.23183029890060425,1.46174964522674
10583628,12,4,0.09291048347949982,2.3761187926022784
10586635,12,2,0.17632757127285004,1.7354118134174428
10586489,12,4,0.05667712539434433,2.8703845818476066
10586490,10,1,0.18708164989948273,1.6762101269443823
10586492,12,3,0.17108872532844543,1.7655729954717412
10586550,9,1,0.3502243459224701,1.049181341494051
10586563,10,1,0.5998627543449402,0.5110543926900387
10586493,11,4,0.12679454684257507,2.0651872438771774
10586551,9,1,0.336044043302536,1.0905130463517825
10586557,9,1,0.46841615438461304,0.7583981594147454
10586594,6,3,0.10598833113908768,2.2444262745232257
10586488,13,2,0.14383797347545624,1.9390677970993406
10586672,10,2,0.2533987760543823,1.3727908411999665
10586552,8,1,0.31381869316101074,1.15893987015467
10586558,8,1,0.25512826442718506,1.3659888625310095
10586589,7,5,0.08215513825416565,2.499145889234337
10586546,9,5,0.09520655870437622,2.351706445604365
10586562,10,5,0.07366105169057846,2.608281090432355
10586678,10,1,0.32869061827659607,1.11263834062195
10586590,6,2,0.22880834341049194,1.4748705541864138
10586547,10,1,0.35177329182624817,1.044768368189842
10586561,13,6,0.07544529438018799,2.5843474631063406
10586677,8,6,0.06323736160993576,2.760859987784176
10586591,7,2,0.2955329120159149,1.2189750709575613
10586548,10,1,0.3159032166004181,1.1523193888884313
10586671,12,5,0.0662379190325737,2.7145021849696613
10586564,11,6,0.0782112330198288,2.548341996991948
10586592,9,3,0.113808773458004,2.1732356648485647
10586674,12,1,0.23369570076465607,1.4537354339922655
10586549,10,4,0.14355869591236115,1.9410112966645723
10586559,14,2,0.16754470765590668,1.7865050519529735
10586593,7,1,0.5386626720428467,0.618665744358745
10586675,9,1,0.242149218916893,1.4182011357548965
10586560,11,1,0.2891206443309784,1.2409112235471131
10597004,11,3,0.19310033321380615,1.6445453639468466
10597006,12,1,0.3461531698703766,1.0608739143949721
10597002,10,5,0.08336975425481796,2.4844696942091797
10597009,10,2,0.12456256151199341,2.0829471871849132
10597003,10,3,0.15595245361328125,1.858204102719093
10597008,9,4,0.07439415901899338,2.598377848034219
10597093,7,1,0.29407939314842224,1.2239055033764439
10597030,9,1,0.33204197883605957,1.1024938757815117
10597042,7,5,0.06424108147621155,2.745112374550537
10597007,6,5,0.1234612688422203,2.0918277847144258
10597095,6,3,0.23150098323822021,1.4631711582155364
10597033,10,7,0.030478084459900856,3.4907473959423494
10597043,8,2,0.3330577611923218,1.0994393470096258
10597005,12,3,0.17359194159507751,1.7510478972164942
10597031,11,1,0.30571281909942627,1.1851091173713857
10597044,10,1,0.33644723892211914,1.0893139358843247
10597001,11,2,0.1726999282836914,1.7561997090948398
10597099,8,1,0.335543692111969,1.0920031012076359
10597035,7,3,0.21457746624946594,1.5390844577961549
10597188,9,2,0.27987077832221985,1.2734272883316262
10597100,12,7,0.0478610061109066,3.0394541747649364
10597034,10,1,0.2664576768875122,1.3225398589166883
10597183,7,4,0.10431086272001266,2.2603797735968647
10597045,9,1,0.2270745038986206,1.4824771043430454
10597104,11,1,0.33016860485076904,1.108151831208521
10597032,11,6,0.06665148586034775,2.7082779391273295
10597184,14,3,0.1235431656241417,2.0911646647579007
10597040,9,3,0.16452600061893463,1.8046866627928682
10597103,11,2,0.21351823210716248,1.5440330536730378
10597036,11,8,0.02792654000222683,3.578177787750614
10597185,10,3,0.1124151274561882,2.1855567646692697
10597041,11,5,0.0770367905497551,2.5634721718907465
10597088,12,5,0.10334993153810501,2.2696346552822035
10597029,14,1,0.3517158031463623,1.0449318069138385
10597190,10,2,0.15310806035995483,1.8766113300233804
10597186,14,4,0.13013966381549835,2.039147068171299
10597189,11,1,0.39503762125968933,0.928774274920992
10597187,15,3,0.16506603360176086,1.801409681494641
10599869,10,2,0.19972416758537292,1.6108180264265823
10599843,9,2,0.26772600412368774,1.317791194123512
10599868,10,1,0.473370224237442,0.7478774815621827
10599844,8,1,0.32736894488334656,1.1166674722906544
10599854,10,2,0.2845957279205322,1.256685604259385
10599875,10,1,0.21062734723091125,1.5576648338145853
10599846,5,1,0.4387732744216919,0.8237724584940427
10599857,10,1,0.4280462861061096,0.8485239441398681
10599873,10,1,0.23023562133312225,1.468652053861298
10599847,9,3,0.2220456749200821,1.5048721753887693
10599856,12,1,0.36140698194503784,1.017750581848923
10599874,9,6,0.05148199945688248,2.966523057519663
10599855,11,2,0.20290696620941162,1.595007699524305
10599841,8,1,0.32166406512260437,1.1342475540457144
10597927,7,2,0.34772950410842896,1.0563303884966126
10599872,10,10,0.01810828596353531,4.011385657422709
10599851,11,1,0.2069791853427887,1.5751370446722217
10600815,7,2,0.2547503411769867,1.3674712676182303
10597923,11,1,0.27750280499458313,1.2819242377581463
10599876,10,6,0.041807424277067184,3.1746813409390717
10599852,9,3,0.1880122572183609,1.6712481203074783
10599845,8,2,0.2664054334163666,1.3227359448168108
10597925,11,1,0.2618907392024994,1.3398278881452008
10599853,10,4,0.11355432122945786,2.175473955413078
10599871,10,1,0.2548152208328247,1.3672166206757144
10599842,10,2,0.22097332775592804,1.5097132736350773
10597924,14,1,0.4687380790710449,0.757711133336002
10599858,13,3,0.19032296538352966,1.6590328320688343
10599870,10,1,0.30761992931365967,1.1788902537431047
10597928,13,8,0.021558914333581924,3.8369658897944796
10597930,9,5,0.08118639141321182,2.5110076392932053
10597926,12,3,0.10245614498853683,2.2783204257295866
10597929,14,10,0.01659964583814144,4.098373918898956
10599828,11,4,0.08568015694618225,2.45713402107282
10599831,10,5,0.10795793682336807,2.226013601580262
10599829,13,3,0.15939722955226898,1.836355893252165
10605190,7,1,0.3253270089626312,1.1229244210901503
10599830,14,1,0.3928404450416565,0.934351741810463
10605191,9,2,0.2828693687915802,1.2627700822824204
10606068,5,1,0.42195966839790344,0.8628455420302857
10599832,13,7,0.056676749140024185,2.870391220426512
10605150,9,2,0.2666911482810974,1.321664038142122
10605192,8,1,0.2838306427001953,1.25937754721594
10606064,5,4,0.13808931410312653,1.979854599525046
10599833,13,3,0.1816217303276062,1.7058291595793709
10605152,8,1,0.30925121903419495,1.1736013258120708
10605186,8,5,0.11654828488826752,2.149449629282028
10605227,7,2,0.23072734475135803,1.466518591345097
10606066,6,1,0.4620250463485718,0.7721361764941665
10605187,10,1,0.35387271642684937,1.0388179886211257
10605228,11,5,0.06591900438070297,2.719328496943053
10606069,4,2,0.3353118300437927,1.0926943441645798
10605230,7,3,0.22200149297714233,1.5050711720102083
10605189,10,7,0.03338175639510155,3.3997457439451524
10606062,4,2,0.3059428036212921,1.1843571107710666
10599837,12,10,0.02638380229473114,3.635005006570352
10605231,9,3,0.14413775503635406,1.9369858044902033
10605147,14,3,0.10586508363485336,2.2455897914603486
10605185,8,1,0.29887962341308594,1.207714383936143
10606065,7,1,0.29243338108062744,1.2295183952400957
10605233,12,2,0.25119248032569885,1.3815357798453154
10605148,12,9,0.023785807192325592,3.7386662126409216
10605193,9,3,0.08873097598552704,2.4221462286966013
10605229,14,3,0.12701983749866486,2.063412003944728
10606067,7,3,0.1727590560913086,1.7558573946038647
10600039,9,3,0.14382755756378174,1.93914021392065
10605149,14,13,0.010126280598342419,4.592621195138675
10605194,10,2,0.16133202612400055,1.8242907635036274
10605232,13,7,0.03453322872519493,3.365833267022649
10606063,7,2,0.18440356850624084,1.690628616060769
10600040,7,2,0.2759568393230438,1.287510804757833
10605154,10,1,0.30723392963409424,1.1801458357799037
10605226,12,7,0.03549764305353165,3.338288977563134
10605188,12,2,0.15787780284881592,1.8459339448740415
10600041,13,3,0.16289550065994263,1.814646384013763
10600034,10,1,0.45809027552604675,0.7806890061557351
10600035,11,1,0.4607463479042053,0.7749076088787996
10600037,12,2,0.26616591215133667,1.3236354347468369
10605129,7,1,0.26835426688194275,1.3154472800499253
10605125,9,4,0.11306354403495789,2.179805281729221
10605093,9,2,0.3523997664451599,1.0429890476752701
10605270,15,2,0.21111677587032318,1.555343858453873
10605126,14,3,0.13487718999385834,2.0033906183244774
10605091,12,1,0.2802923321723938,1.2719221769743907
10605276,14,4,0.09599754214286804,2.3434326905205127
10605346,10,1,0.2633601725101471,1.334232706458155
10605128,11,4,0.1371099352836609,1.9869722276167416
10608784,7,1,0.35014060139656067,1.0494204868899737
10605284,14,3,0.11871717870235443,2.1310112641450174
10608730,10,3,0.16871745884418488,1.7795298043037466
10605175,10,4,0.10581198334693909,2.246091501823075
10605087,9,1,0.185915008187294,1.6824656549298236
10605275,10,2,0.20578433573246002,1.580926572509814
10608643,10,1,0.42517659068107605,0.8552506888721659
10605343,10,2,0.24334301054477692,1.413283264936493
10608677,6,1,0.433524489402771,0.835806992078574
10605286,15,2,0.2347670942544937,1.4491613445694587
10608691,11,5,0.0396435521543026,3.227826963184396
10605127,14,12,0.004775218665599823,5.344315512255054
10605094,8,3,0.1533156782388687,1.8752562267168673
10608617,12,3,0.08120553940534592,2.510771814863675
10608644,10,4,0.08867640793323517,2.4227614009944776
10608671,10,2,0.28476372361183167,1.2560954825156516
10605285,13,3,0.10632336139678955,2.2412702492305145
10608794,8,2,0.17897248268127441,1.720523212996321
10608692,11,2,0.24127769470214844,1.4218067486588346
10605130,13,1,0.20293749868869781,1.5948572355806785
10608726,8,1,0.38675805926322937,0.9499559513149749
10605088,11,8,0.055540379136800766,2.8906449707529847
10608611,14,5,0.09450840950012207,2.359066459022482
10605273,11,11,0.008024523966014385,4.825252930602204
10608649,8,2,0.31058764457702637,1.1692891482698833
10605347,15,2,0.13308969140052795,2.016732006614079
10608672,5,2,0.22364242374897003,1.497706825156745
10605280,11,5,0.09335957467556,2.371296846760144
10608787,8,1,0.2876048684120178,1.2461677255594015
10608693,10,1,0.20945264399051666,1.5632576081762088
10605131,15,2,0.1862504780292511,1.6806628551257559
10608729,14,2,0.25978559255599976,1.3478986321879163
10605168,10,3,0.1844528168439865,1.6903615834703394
10605090,14,1,0.22578640282154083,1.4881658468762817
10608612,12,1,0.3761538863182068,0.9777569471983429
10605272,13,1,0.20347541570663452,1.592210088735687
10608650,9,3,0.16035370528697968,1.8303732456139716
10605340,11,2,0.20632576942443848,1.5782989543236783
10608673,13,1,0.28684374690055847,1.2488176473681032
10605287,14,4,0.12560345232486725,2.0746255386628345
10608792,10,1,0.32895874977111816,1.1118229167124731
10608694,9,5,0.05533698946237564,2.8943137068552884
10605132,14,6,0.047518979758024216,3.0466260738967734
10608728,9,4,0.06811296939849854,2.6865876375789783
10605169,13,11,0.013515506871044636,4.30391759562517
10605437,9,1,0.2521674335002899,1.3776619934471213
10608613,11,3,0.13864775002002716,1.9758187348195864
10605278,13,1,0.4398329257965088,0.8213603382783269
10608645,8,4,0.07907792925834656,2.537321466425365
10605675,13,3,0.14015434682369232,1.9650109863425547
10605341,14,1,0.2183666080236435,1.5215799404654509
10608674,9,4,0.12711335718631744,2.0626760143626512
10605281,13,3,0.14419794082641602,1.9365683342164937
10608783,8,1,0.23912307620048523,1.4307768964167162
10608695,9,1,0.25198861956596375,1.3783713529430026
10608724,13,5,0.08376365900039673,2.4797560290330534
10605171,14,5,0.09829867631196976,2.319744717718564
10605438,7,1,0.36082392930984497,1.0193651700720798
10608614,13,4,0.11077752709388733,2.200231349302924
10605274,13,1,0.20551736652851105,1.582224739961948
10608646,9,1,0.32261350750923157,1.1313002434012127
10605672,9,5,0.06098711118102074,2.7970927292485634
10605344,12,1,0.2755395770072937,1.2890240055076996
10605279,12,3,0.15011955797672272,1.8963232491859274
10608696,10,3,0.1505064070224762,1.8937496241214355
10605576,10,1,0.3722948133945465,0.9880692294534035
10608725,10,8,0.017722338438034058,4.032929376482943
10605173,14,3,0.15586437284946442,1.8587690546952822
10605439,11,2,0.19210192561149597,1.649729185252161
10608615,13,8,0.04476204887032509,3.10639462200326
10605277,15,1,0.20605696737766266,1.5796026077546133
10608647,12,9,0.028971964493393898,3.5414266581988247
10605668,10,5,0.07486482709646225,2.592071096932793
10605345,16,5,0.07351908087730408,2.6102103026817303
10605282,11,4,0.10310863703489304,2.27197211809369
10608698,8,2,0.2874435782432556,1.2467286875928785
10605571,8,3,0.19938553869724274,1.6125149481704422
10608731,11,2,0.20155641436576843,1.6016859647417039
10605170,13,5,0.08631347119808197,2.4497695957620196
10605441,5,1,0.35488995909690857,1.0359475119336135
10608616,14,2,0.14948371052742004,1.9005678517707425
10608648,12,2,0.15217937529087067,1.8826953533094049
10605269,14,1,0.27079829573631287,1.3063810314043198
10605348,13,2,0.17904719710350037,1.720105836927187
10605283,10,7,0.0354863703250885,3.3386065907270384
10605669,16,11,0.018832270056009293,3.9721833882946656
10608727,16,12,0.018277091905474663,4.0021068117454455
10605572,10,3,0.16615033149719238,1.7948622890153485
10605174,13,6,0.06779450923204422,2.69127407209334
10608623,10,1,0.20040953159332275,1.6073923480615715
10605440,6,3,0.22453850507736206,1.4937080716856015
10605670,10,3,0.14510083198547363,1.9303263852319783
10605573,8,4,0.14392562210559845,1.9384586260005734
10608624,8,3,0.2197410613298416,1.5153054197864089
10605435,9,3,0.18910017609596252,1.6654783720862048
10605671,14,9,0.02314772456884384,3.7658587940434325
10608618,6,2,0.2561039626598358,1.362171812800559
10605575,10,4,0.1314428448677063,2.029183161636875
10605673,16,1,0.31663957238197327,1.1499911476152345
10605574,10,5,0.05405687540769577,2.917718538404021
10608619,10,1,0.27266526222229004,1.2995103818347624
10605674,13,1,0.34275174140930176,1.0707488798544385
10608620,9,1,0.4310024678707123,0.8416414629766563
10608622,11,3,0.1785423308610916,1.7229295581963242
10608625,7,2,0.20310313999652863,1.5940413501680475
10605104,7,1,0.28362277150154114,1.2601101931133831
10605116,7,5,0.09140099585056305,2.392498905061005
10605107,7,1,0.27621471881866455,1.2865767489899564
10605117,5,1,0.4531552493572235,0.7915204983992122
10605100,10,1,0.2459285706281662,1.4027141485134966
10605203,9,4,0.11189078539609909,2.1902320138279587
10605118,6,5,0.08333525061607361,2.484883642659783
10612812,5,5,0.09527382254600525,2.3510001907766145
10608679,6,5,0.06665487587451935,2.7082270786263267
10605101,14,2,0.2454707771539688,1.4045773728287239
10612808,7,2,0.23633414506912231,1.4425086064168713
10605122,7,3,0.18434804677963257,1.6909297495323325
10608859,6,1,0.3178568482398987,1.1461541603232512
10605102,12,1,0.2229282408952713,1.5009053490147395
10605119,10,3,0.15830206871032715,1.8432502438904326
10612809,6,1,0.26097601652145386,1.3433267666040538
10608686,9,1,0.3589109182357788,1.0246810599043397
10608860,4,1,0.4806756377220154,0.7325625862027875
10608657,10,1,0.5450047254562378,0.6069608137945779
10605196,12,4,0.087766133248806,2.433079578848116
10605105,10,1,0.36987951397895813,0.9945779642701069
10608599,12,1,0.5220447778701782,0.6500019134180142
10608702,11,1,0.5295385122299194,0.6357493833846259
10605515,7,1,0.3005954921245575,1.201989798034665
10605120,8,5,0.08048701286315918,2.5196594384652804
10608863,7,1,0.5054926872253418,0.6822217070449612
10608658,12,1,0.2882208228111267,1.2440283467736695
10605197,6,3,0.23533691465854645,1.4467371121769923
10605106,9,6,0.021810846403241158,3.8253478914867123
10608703,12,1,0.3675965666770935,1.000769228378026
10605121,12,7,0.048509109765291214,3.026003668464395
10605516,5,2,0.3189781606197357,1.1426326405480207
10612811,8,1,0.5111390948295593,0.6711135245864522
10608683,11,2,0.26161548495292664,1.340879467905812
10608862,10,1,0.3110726773738861,1.1677287047988953
10605103,9,2,0.19397029280662537,1.6400502615071393
10605204,12,9,0.025784818455576897,3.657969392202977
10608601,7,1,0.3586515784263611,1.0254038953978777
10605517,6,1,0.2964690029621124,1.2158126091388397
10608705,12,1,0.5049276947975159,0.6833400385765946
10605115,11,3,0.21971650421619415,1.5154171808099903
10612813,7,1,0.4636567533016205,0.7686107563257041
10608678,9,4,0.11030223965644836,2.204531047793302
10608864,7,2,0.17567642033100128,1.7391114969443786
10605200,13,4,0.0904477909207344,2.402982490648212
10608602,11,1,0.28750380873680115,1.2465191710523051
10605518,6,2,0.19968031346797943,1.6110376239506465
10608704,11,3,0.16751566529273987,1.786678407954365
10608740,8,1,0.32562047243118286,1.1220227708132193
10612810,7,2,0.3172898292541504,1.1479396349434436
10608682,10,3,0.19571784138679504,1.6310812417105542
10608865,10,1,0.2722226679325104,1.301134915477825
10608661,10,6,0.051548343151807785,2.9652352096407752
10605198,13,8,0.04617616534233093,3.0752915156986522
10608604,9,6,0.0660591572523117,2.717204616407685
10605519,6,1,0.2281014770269394,1.477964674364494
10608699,12,9,0.018987976014614105,3.963949341480397
10608741,9,2,0.30781832337379456,1.178245529219919
10612816,5,2,0.19049179553985596,1.6581461533750879
10608681,10,3,0.1463465839624405,1.921777607678393
10608866,9,2,0.22374176979064941,1.4972627055622356
10608655,9,4,0.09038356691598892,2.4036928100111163
10605201,12,3,0.11816278100013733,2.1356921051512674
10605520,6,4,0.1296914666891098,2.0425969825064407
10608605,14,1,0.1898370087146759,1.6615894238546869
10608700,12,3,0.14342001080513,1.941977815188637
10608742,9,1,0.39494064450263977,0.9290197924541689
10612815,9,7,0.029231028631329536,3.5325245095329234
10608685,9,2,0.23532193899154663,1.4468007492121344
10608858,10,1,0.32943350076675415,1.1103807640214882
10608662,11,1,0.31975677609443665,1.1401946468964808
10608603,9,4,0.10199837386608124,2.282798408314348
10608701,12,9,0.01945837028324604,3.9394779527381383
10608736,9,2,0.24558323621749878,1.4041193414821356
10608656,12,5,0.11531905084848404,2.1600526368347417
10608737,10,3,0.15565408766269684,1.8601191205524517
10608738,10,4,0.11158118396997452,2.193002845669495
10608739,14,2,0.17496855556964874,1.7431490036626
10608849,9,5,0.0782943144440651,2.5472802910858396
10608636,6,3,0.13912607729434967,1.9723747260607947
10609019,9,4,0.1802646368741989,1.7133293029283092
10608637,6,1,0.500501811504364,0.6921440608440731
10609020,9,1,0.32078567147254944,1.1369820689731063
10608638,8,3,0.1479877382516861,1.9106258583010134
10612454,10,1,0.37559348344802856,0.9792478815109212
10609021,10,2,0.17886751890182495,1.7211098650307246
10612456,10,3,0.22798745334148407,1.4784646807458757
10608639,10,1,0.6577221751213074,0.41897266307883696
10609022,7,5,0.13960127532482147,1.9689649531309703
10608852,4,1,0.3913906514644623,0.9380491091688167
10612455,11,5,0.05832972377538681,2.8416434737774896
10608641,11,7,0.05409635230898857,2.9169885203753516
10609024,9,7,0.0797821506857872,2.5284554751621973
10608854,9,2,0.25210753083229065,1.37789957283344
10612457,12,2,0.23125579953193665,1.4642308238470534
10608640,12,1,0.3207590579986572,1.1370650358269667
10609023,8,1,0.3321615159511566,1.1021339345366197
10612458,11,1,0.33140599727630615,1.1044110773631173
10608847,12,2,0.1907593160867691,1.6567427707610507
10608635,9,1,0.3071092367172241,1.1805517747580256
10609018,9,1,0.23648224771022797,1.4418821364035166
10612459,11,1,0.283661425113678,1.2599739171077151
10608848,12,10,0.031404364854097366,3.460808387636386
10612447,8,1,0.4004838168621063,0.9150819206256863
10612529,10,1,0.28413277864456177,1.2583136196406357
10612613,10,3,0.12369755655527115,2.0899157527677032
10612442,8,4,0.11962594091892242,2.123385563669023
10612431,6,1,0.5451321005821228,0.6067271273005117
10612526,14,5,0.07045122236013412,2.6528346900408573
10612607,12,1,0.3684459626674652,0.9984612194422315
10612445,6,4,0.07043257355690002,2.6530994302577375
10612432,9,1,0.3143782615661621,1.157158363418811
10612531,9,2,0.26565229892730713,1.3255669721519654
10612608,7,1,0.4441622793674469,0.8115652892557733
10612444,7,1,0.5594385862350464,0.5808215226971005
10612530,14,4,0.09090692549943924,2.3979190925882277
10612434,5,1,0.4312206208705902,0.841135438474688
10612609,10,1,0.5211482048034668,0.6517208154857151
10612533,10,1,0.2898593842983246,1.2383593553246925
10612446,10,9,0.016568107530474663,4.100275664659152
10612433,9,1,0.42015597224235535,0.8671292741609042
10612611,14,5,0.09948915243148804,2.307706661549853
10612527,12,2,0.19127079844474792,1.654065062150451
10612440,12,2,0.2158612608909607,1.5331193883578538
10612435,6,1,0.2966045141220093,1.215355629832391
10612528,11,3,0.2112036496400833,1.554932446806518
10612610,14,1,0.23444639146327972,1.4505283250630525
10612443,12,2,0.1678219884634018,1.784851453823604
10612429,5,1,0.5381820201873779,0.6195584485543583
10612532,11,1,0.2793366014957428,1.275337767371179
10612612,14,7,0.06493015587329865,2.7344431118285746
10612441,10,2,0.1470658928155899,1.9168745421914302
10612534,12,2,0.22091251611709595,1.5099885105093027
10612430,7,6,0.06634082645177841,2.7129497877208344
10621792,11,3,0.12153203040361404,2.1075774262233216
10621793,14,2,0.25987184047698975,1.3475666907345687
10622299,8,2,0.2167547643184662,1.528988682855025
10621817,6,3,0.218786358833313,1.5196595557466348
10621806,7,1,0.3931480944156647,0.9335689075214745
10622300,6,3,0.193675234913826,1.6415725695369292
10621818,10,1,0.38753852248191833,0.9479400222733024
10621800,7,1,0.3522968292236328,1.0432811938922149
10622293,7,3,0.11958581954240799,2.1237210101940036
10621819,7,1,0.286868691444397,1.248730689016891
10621801,12,1,0.4882332980632782,0.71696191756615
10622294,6,2,0.19239339232444763,1.6482130847683067
10621967,11,3,0.24706098437309265,1.3981200725331002
10621802,9,3,0.1754695177078247,1.7402899394362747
10622297,11,7,0.03306272625923157,3.40934872600763
10621823,9,2,0.3491213917732239,1.0523355898272062
10621963,12,1,0.45352181792259216,0.7907119005013052
10621803,12,3,0.19245308637619019,1.6479028620923826
10622295,5,4,0.15367065370082855,1.872943578997813
10621821,8,1,0.2619471848011017,1.3396123802705922
10621964,9,5,0.07580849528312683,2.579544917638454
10621805,12,6,0.047126539051532745,3.0549189748287864
10622298,9,4,0.1487644612789154,1.9053910206000435
10621816,9,1,0.27226340770721436,1.3009852706049705
10621804,13,3,0.13347521424293518,2.013839479480598
10622296,8,3,0.12439549714326859,2.08428929592969
10621822,10,3,0.14338162541389465,1.9422454942156508
10621965,12,7,0.03079136833548546,3.4805208771275296
10621962,12,1,0.25414323806762695,1.3698572415119241
10621966,11,3,0.2019774615764618,1.5995991641601863
10621968,12,3,0.12023835629224777,2.11827920385501
10625621,7,3,0.2521105706691742,1.3778875152064942
10625622,6,1,0.24187198281288147,1.4193466894345232
10625620,5,4,0.15973517298698425,1.8342380038849588
10625616,13,1,0.34507128596305847,1.0640042573151054
10625617,10,8,0.021533699706196785,3.838136142786766
10625619,9,7,0.039404213428497314,3.233882528586326
10625623,11,11,0.006883257068693638,4.978663327913257
10625657,4,4,0.04880978912115097,3.0198243894949757
10625650,8,1,0.5029352307319641,0.6872938831138725
10625687,11,1,0.5212883949279785,0.65145184924759
10625618,9,1,0.2777332365512848,1.2810942067346207
10625659,6,3,0.1121797263622284,2.187652994179049
10625688,14,2,0.2521838843822479,1.3775967576427104
10625652,11,1,0.37757113575935364,0.9739962889478487
10625660,8,3,0.11661674827337265,2.1488623766726263
10622411,7,1,0.3828875422477722,0.9600139562912369
10625685,14,2,0.22221696376800537,1.504101060100224
10625658,8,1,0.2981812655925751,1.2100537035996677
10625689,12,9,0.03821171075105667,3.264613246187012
10622414,10,1,0.41520100831985474,0.8789925186173793
10625661,9,1,0.2393142580986023,1.4299777033162324
10625655,9,1,0.26079872250556946,1.3440063473098516
10625686,11,2,0.20914697647094727,1.5647180374692937
10625656,11,7,0.04734122008085251,3.050373902502333
10625691,13,11,0.013314193114638329,4.318924661279229
10625651,10,7,0.04975013807415962,3.000742040021394
10622407,8,3,0.16853804886341095,1.7805937454023952
10622409,11,6,0.03171057999134064,3.451104900112217
10622412,11,1,0.26745232939720154,1.3188139363879123
10622408,12,1,0.2792735695838928,1.2755634414293353
10629827,10,1,0.371031790971756,0.9914675300950513
10629813,13,1,0.4824310839176178,0.7289171996632753
10629871,11,1,0.2901691794395447,1.2372911487223084
10629858,10,5,0.06364158540964127,2.7544881636663283
10626809,10,4,0.16715145111083984,1.7888549846649915
10629873,12,2,0.29536154866218567,1.2195550843776795
10629859,9,1,0.3548339903354645,1.0361052317389121
10629829,9,1,0.3265528380870819,1.1191635115455858
10626812,7,2,0.2871380150318146,1.2477922901997947
10629818,14,1,0.25212886929512024,1.3778149360922727
10629872,11,2,0.328656941652298,1.112740802778594
10629860,9,1,0.3018113374710083,1.1979531671809898
10629825,7,2,0.26907819509506226,1.3127532535361603
10626807,9,3,0.10496577620506287,2.2541209228590584
10629814,9,2,0.20453499257564545,1.5870162052980707
10629867,8,2,0.3620287775993347,1.016031574185257
10629861,10,3,0.20953325927257538,1.562872796742575
10629828,9,1,0.43673497438430786,0.8284287338012006
10629819,12,3,0.14808204770088196,1.909988782470515
10629868,7,1,0.30387917160987854,1.1911251183944065
10629862,10,2,0.2821536660194397,1.2653034414937172
10629823,9,5,0.12033423036336899,2.1174821548019183
10626814,9,1,0.3463391959667206,1.0603366489751753
10629815,12,2,0.15901055932044983,1.8387846681465672
10629869,10,1,0.2959260046482086,1.2176458402059518
10629856,12,2,0.18128152191638947,1.707704086347184
10629822,8,4,0.13918304443359375,1.9719653457308508
10626808,8,1,0.4408387541770935,0.8190761071833554
10629816,14,4,0.11132419854402542,2.19530862704551
10629874,9,1,0.3135557472705841,1.1597781124829432
10629857,11,3,0.13004131615161896,2.0399030624686216
10629824,9,3,0.14672322571277618,1.9192072852141864
10626810,13,3,0.18045254051685333,1.7122874692068901
10629817,12,7,0.025412769988179207,3.672503475856693
10629870,12,4,0.12586402893066406,2.072553090187497
10625849,11,2,0.18595120310783386,1.6822709885710376
10629826,11,8,0.0427720881998539,3.15186953399657
10626813,11,3,0.163052037358284,1.8136858815272112
10625850,9,1,0.32493746280670166,1.1241225373011392
10625851,11,1,0.3300400972366333,1.108541125125285
10625853,12,6,0.0394020602107048,3.233937174433506
10625848,12,10,0.017758095636963844,4.030913774815841
10629765,11,1,0.38927602767944336,0.9434666042749766
10629766,6,1,0.3472111225128174,1.057822261821901
10629796,13,2,0.1371690332889557,1.986541294056528
10633854,6,2,0.25805243849754333,1.3545924647225225
10633709,8,2,0.28080758452415466,1.2700855967815994
10629761,12,4,0.13315629959106445,2.016231655854407
10629793,16,3,0.12787602841854095,2.0566940123689545
10629916,9,2,0.24670134484767914,1.3995768041131675
10629900,12,7,0.053247932344675064,2.9327963043544556
10633851,10,1,0.40936902165412903,0.8931382762922214
10633712,7,4,0.09963852912187576,2.306206350621285
10629760,13,1,0.16898776590824127,1.7779289577549193
10633675,6,2,0.2222701609134674,1.503861695930771
10629899,12,5,0.06076199561357498,2.800790757594204
10633850,7,3,0.13251878321170807,2.021030883514509
10633714,12,2,0.2816089391708374,1.2672359109874651
10629833,10,3,0.17570768296718597,1.7389335569865163
10629764,9,2,0.2779645323753357,1.2802617548143815
10633762,12,1,0.38588133454322815,0.9522253802447256
10629799,9,2,0.2039015293121338,1.590118101125128
10633676,8,1,0.24878142774105072,1.391180568246408
10629904,9,2,0.249684140086174,1.3875585995879813
10633849,9,1,0.32925739884376526,1.1109154668002537
10633713,7,7,0.04671187326312065,3.063756901159217
10629762,14,1,0.1735757738351822,1.751141038134779
10629832,8,3,0.1749662309885025,1.7431622894589003
10629797,12,1,0.27600276470184326,1.2873443962794933
10633677,11,3,0.05244183912873268,2.9480505495968727
10633852,9,1,0.3028486669063568,1.1945220473929792
10633710,10,5,0.07409189641475677,2.60244911278509
10629836,10,2,0.23263868689537048,1.458268729016003
10629763,11,2,0.17189300060272217,1.760883085265712
10633757,12,3,0.18875820934772491,1.6672883985658264
10629801,11,1,0.2502618134021759,1.385247655498693
10629893,8,1,0.2465311735868454,1.4002668286400413
10629921,9,9,0.018552344292402267,3.9871591209646775
10633678,9,5,0.14254920184612274,1.9480680627543698
10629898,9,1,0.21225063502788544,1.54998746190877
10633933,6,1,0.3689259886741638,0.9971592277577467
10633848,8,1,0.2923606038093567,1.229767294078069
10630306,13,2,0.3065769374370575,1.1822865357354644
10633717,10,9,0.02826794609427452,3.5660267631075717
10629838,14,5,0.07441575825214386,2.5980875551061904
10633758,12,1,0.20345114171504974,1.5923293927780053
10629798,13,5,0.09205038100481033,2.385419232204497
10630274,10,2,0.40257948637008667,0.9098627199556445
10629894,8,2,0.18033793568611145,1.7129227677646712
10629917,6,1,0.313871294260025,1.1587722679937575
10633679,9,7,0.05919826775789261,2.8268629983666926
10629897,14,11,0.03464892879128456,3.3624884689385497
10633855,9,1,0.5100045204162598,0.6733356897417531
10633711,10,3,0.1535964161157608,1.8734267911204563
10629830,11,4,0.1140795573592186,2.17085920241468
10633934,6,1,0.39971601963043213,0.9170009349325744
10633759,12,4,0.1253058910369873,2.076997402726509
10629794,9,8,0.02915954776108265,3.5349728808411394
10630278,8,2,0.29167500138282776,1.232115105531228
10629913,10,1,0.2844353914260864,1.2572491463689035
10633680,12,2,0.17534589767456055,1.7409946977391337
10629902,15,15,0.010326980613172054,4.572995331589873
10633935,6,1,0.22087498009204865,1.5101584384744882
10633846,9,2,0.21701675653457642,1.5277807093695677
10633715,11,5,0.09676860272884369,2.33543268928784
10629831,12,1,0.19489076733589172,1.6353160448790722
10633760,12,2,0.17184753715991974,1.7611476071249228
10629800,13,7,0.0396905392408371,3.2266424259645885
10629889,11,1,0.2748325765132904,1.2915931793962026
10630271,10,1,0.2764216661453247,1.285827803238413
10629918,17,6,0.07647158950567245,2.5708359861387278
10629903,14,2,0.23212574422359467,1.4604760531815273
10633936,4,2,0.17913520336151123,1.7196144322145739
10633853,10,5,0.10550206154584885,2.249024785537987
10633700,7,3,0.1611587554216385,1.8253653413145332
10629835,14,1,0.256041556596756,1.3624155172206593
10633761,11,7,0.058759655803442,2.834299785361384
10633716,10,1,0.2920825183391571,1.230718919584973
10629795,15,6,0.08110153675079346,2.5120533692019062
10629891,5,1,0.40179967880249023,0.9118016259981128
10629915,13,3,0.13100096583366394,2.0325505830321036
10629901,12,1,0.3536311089992523,1.0395009741494186
10633932,4,2,0.2689548432826996,1.3132117823093963
10630272,10,2,0.12905406951904297,2.047523818878116
10633705,10,1,0.4442116916179657,0.8114540472514293
10629837,14,9,0.037268828600645065,3.2895979960722395
10629890,10,1,0.4077410399913788,0.8971230119925221
10630273,10,5,0.07761932909488678,2.5559387965354854
10633701,8,2,0.2569808065891266,1.3587538794083778
10629892,12,1,0.25977516174316406,1.3479387846157154
10630275,12,6,0.05186060816049576,2.959195771973627
10633702,6,2,0.25118115544319153,1.3815808653422559
10630276,11,5,0.045647032558918,3.086816678239828
10633706,9,6,0.052782222628593445,2.94158083760389
10630277,12,1,0.2237931340932846,1.497033162335931
10633703,10,2,0.2715166509151459,1.30373181215116
10633704,7,4,0.11049237847328186,2.2028087334955546
10633707,7,1,0.4374268054962158,0.8268458889038975
10629778,10,2,0.33394891023635864,1.0967672610697208
10629849,6,1,0.4160362780094147,0.876982815769761
10629780,9,3,0.1364549994468689,1.991760393093581
10629842,10,1,0.4146811366081238,0.8802453996027391
10633749,10,2,0.24443456530570984,1.4088076324471033
10633727,10,2,0.2429550290107727,1.414878918567666
10633802,8,1,0.3344583213329315,1.0952430070786165
10629843,8,5,0.06589852273464203,2.719639254498197
10633691,7,1,0.2970586121082306,1.2138258124840682
10629775,14,3,0.12493714690208435,2.0799444929219355
10633765,6,1,0.37521892786026,0.9802456157337415
10633803,13,2,0.32070672512054443,1.1372282023733549
10633825,8,1,0.2572295665740967,1.357786337649755
10629844,8,1,0.27471664547920227,1.2920150925976717
10629776,12,2,0.19441665709018707,1.637751706006212
10633689,7,1,0.3145371973514557,1.1566529352681003
10633742,13,1,0.5789068937301636,0.5466136196416633
10633733,8,3,0.09942539036273956,2.308347761693027
10633804,12,4,0.12031705677509308,2.1176248807229743
10629846,8,1,0.3866836428642273,0.9501483805543784
10629781,11,1,0.33383363485336304,1.0971125093395004
10633685,6,1,0.3834472596645355,0.9585531913229873
10633766,7,5,0.12516282498836517,2.0781397894201565
10633726,9,2,0.23732881247997284,1.438308704959137
10633806,8,1,0.27732381224632263,1.2825694582609417
10633821,5,1,0.2633841335773468,1.3341417284753299
10629777,9,5,0.0981212928891182,2.3215508830671814
10629845,8,1,0.31895044445991516,1.142719534785455
10633943,11,2,0.2142479121685028,1.5406214663895224
10633686,8,1,0.30746349692344666,1.1793989079741016
10633747,14,4,0.06938270479440689,2.668117652982696
10633768,11,3,0.14662489295005798,1.9198777021021451
10633732,11,6,0.05680611729621887,2.8681112601770464
10633805,9,5,0.08181244134902954,2.503325952207254
10633824,6,1,0.25071853399276733,1.3834243475805474
10629847,9,7,0.024866091087460518,3.694250207325288
10633940,13,1,0.4943895936012268,0.7044314216013876
10633688,7,3,0.2004648745059967,1.6071162370792613
10633744,13,5,0.10085488855838776,2.294072542198092
10633769,9,2,0.17924366891384125,1.719009119993163
10633729,11,3,0.10350732505321503,2.2681128953200216
10633808,12,5,0.06863293051719666,2.678982822737223
10633953,12,1,0.4064936637878418,0.9001869373535356
10633822,9,2,0.285329669713974,1.2541100313784097
10629848,8,1,0.28819146752357483,1.2441302019494507
10633944,11,3,0.14207641780376434,1.9513902125859302
10633687,7,2,0.22980737686157227,1.4705138128574224
10633748,10,9,0.013046509586274624,4.33923464564177
10633771,10,2,0.22152867913246155,1.5072032209823676
10633734,9,5,0.06297802180051804,2.7649694737657557
10633952,12,1,0.407860666513443,0.896829666547146
10633807,14,1,0.2800596356391907,1.2727527140651693
10633823,12,6,0.06775771826505661,2.6918169029795656
10633947,9,4,0.10932144522666931,2.2134626978608325
10633690,9,6,0.0394955612719059,3.231566986252506
10633745,11,3,0.13403499126434326,2.009654384281044
10633770,13,1,0.25799575448036194,1.354812149698386
10633731,9,4,0.13205191493034363,2.0245601387890977
10633809,10,6,0.08458182215690613,2.4700359035790984
10633945,10,6,0.06442096829414368,2.7423161042366977
10633730,10,2,0.20819008350372314,1.5693037536007117
10633946,11,9,0.018327241763472557,3.999366705077786
10633957,12,9,0.012019849382340908,4.421195880540862
10633939,10,5,0.07335972785949707,2.6123801606987
10633956,12,1,0.21509447693824768,1.5366779197547593
10633941,12,12,0.03165654465556145,3.4528103696021986
10633955,11,5,0.07966385781764984,2.5299392738593367
10637166,9,2,0.2930736541748047,1.2273313221193927
10633621,7,1,0.5046005845069885,0.6839880844187588
10633694,6,1,0.4821394383907318,0.7295219155011085
10633870,7,1,0.4010835886001587,0.9135854230238679
10633615,11,1,0.6335405707359314,0.45643123906803534
10637161,12,5,0.12099336087703705,2.1120196036755607
10633696,6,2,0.37762197852134705,0.9738616405748465
10633867,7,2,0.23060815036296844,1.4670353276131889
10633617,9,1,0.3598077893257141,1.0221853086569228
10637162,12,1,0.481337308883667,0.7311869887779825
10633871,8,4,0.14417621493339539,1.9367190127195966
10637160,7,1,0.27171772718429565,1.3029915192446753
10633619,11,1,0.24283798038959503,1.4153608053843874
10633699,10,3,0.17800015211105347,1.7259708741339368
10637158,12,6,0.0733143761754036,2.612998561415543
10633698,9,1,0.36567631363868713,1.0060067258487537
10633864,7,1,0.38613298535346985,0.9515734472101457
10637165,9,4,0.11787636578083038,2.1381189514077903
10633693,9,1,0.3983515202999115,0.9204204466702331
10637159,10,2,0.2245449423789978,1.4936794030643346
10633866,9,4,0.16657786071300507,1.7922924469574246
10637163,10,4,0.12143518775701523,2.1083745926267596
10633695,9,1,0.282315731048584,1.26472922069649
10633869,12,1,0.31988510489463806,1.1397933948655012
10636993,7,3,0.1600072830915451,1.8325359454621262
10636971,10,3,0.12108750641345978,2.111241801264137
10636968,8,3,0.19298005104064941,1.6451684579032029
10637192,12,3,0.13902787864208221,1.9730808001916949
10636972,10,3,0.1234380230307579,2.09201608668447
10636985,11,2,0.22036395967006683,1.5124747374427356
10637191,11,3,0.12765248119831085,2.0584436979723018
10637186,9,4,0.052212174981832504,2.952439574089255
10636990,9,6,0.08790338039398193,2.4315170177610486
10636973,8,1,0.28879889845848083,1.2420246861726763
10637187,12,5,0.0694679468870163,2.6668898286651856
10636987,14,6,0.04057694599032402,3.2045552064031617
10636969,10,3,0.11884751915931702,2.129913959105892
10637190,11,1,0.20562295615673065,1.5817110971752155
10636992,9,4,0.1459210067987442,1.9246898530174719
10636966,11,2,0.20249734818935394,1.5970284878825034
10637188,11,1,0.2553316652774811,1.3651919307868128
10636986,9,2,0.23231948912143707,1.4596417463777507
10636967,8,2,0.22117020189762115,1.5088227295402283
10637189,10,3,0.1247541531920433,2.081410252784092
10636970,12,1,0.30460622906684875,1.1887353887405194
10647805,8,3,0.12782195210456848,2.0571169825830173
10647806,9,1,0.4025559723377228,0.9099211300830741
10647807,14,1,0.40810102224349976,0.8962405316886827
10647808,11,1,0.43688738346099854,0.8280798208484398
10647802,10,7,0.0539359413087368,2.9199582086559457
10647887,6,6,0.03191087767481804,3.444808334375214
10647835,8,1,0.36725831031799316,1.0016898356804456
10647875,11,1,0.37216538190841675,0.9884169484805603
10647803,12,6,0.053521573543548584,2.927670462556463
10647824,7,1,0.36547133326530457,1.0065674344268936
10647833,9,5,0.09629397094249725,2.340349569173294
10647804,7,4,0.13008880615234375,2.039537937500919
10647825,10,1,0.3301478326320648,1.108214747160728
10647831,7,4,0.13513359427452087,2.001491402643677
10647809,12,9,0.02731473185122013,3.6003290940883668
10647819,7,1,0.3572821319103241,1.0292295238505347
10647884,11,2,0.22968807816505432,1.4710330723969605
10647834,11,1,0.5443910956382751,0.6080873646239053
10647820,10,2,0.15100575983524323,1.8904372982904398
10647890,12,5,0.09989603608846664,2.303625272908981
10647832,9,2,0.2808646857738495,1.2698822709173503
10647941,11,1,0.310287207365036,1.1702569350452698
10647821,10,5,0.08995271474123001,2.4084711384825974
10647883,10,1,0.2452353835105896,1.4055367806385477
10647828,8,2,0.27132347226142883,1.304443545324977
10647940,12,2,0.3207815885543823,1.136994796923616
10647823,9,6,0.032155852764844894,3.4371607993039643
10647886,13,2,0.1444438397884369,1.9348644989575423
10647829,11,2,0.1973334401845932,1.6228603912904087
10647822,9,1,0.37072622776031494,0.992291419344669
10647885,13,3,0.14189979434013367,1.9526341441467627
10647830,11,9,0.027877096086740494,3.5799498560920484
10647936,9,4,0.10390611737966537,2.2642675050388013
10647937,9,5,0.07992744445800781,2.5266360001059542
10647938,12,1,0.2763954699039459,1.285922576861335
10647939,14,2,0.22323906421661377,1.4995120448973618
10634228,7,1,0.3016337454319,1.1985417610705318
10651037,7,5,0.1222764328122139,2.1014709546763712
10634230,9,1,0.2922215759754181,1.2302429426399561
10634231,7,1,0.3264191150665283,1.1195730942903797
10651036,11,1,0.26565757393836975,1.3255471155246668
10634227,5,2,0.274814635515213,1.291658461263157
10651032,8,3,0.14724218845367432,1.915676507408217
10634229,6,5,0.09558765590190887,2.3477115896267615
10651029,9,2,0.21522559225559235,1.536068534644519
10650709,8,3,0.11161275207996368,2.1927199696132873
10634234,8,5,0.1064567118883133,2.2400168376029765
10651030,8,2,0.23912331461906433,1.4307758993633828
10650711,8,2,0.3048420548439026,1.1879614894776955
10634232,11,7,0.05131739005446434,2.969725596832207
10650752,9,2,0.26554614305496216,1.3259666565838775
10650690,7,2,0.31143128871917725,1.166576547047316
10651034,13,8,0.0434294231235981,3.136618115424889
10650704,9,1,0.46350765228271484,0.7689323843331921
10650756,10,4,0.06998302787542343,2.659502525253217
10634233,11,3,0.1310810148715973,2.0319397127982386
10650686,7,1,0.3211123049259186,1.1359643574564133
10651033,9,1,0.27356642484664917,1.2962108169677586
10650754,9,2,0.28701499104499817,1.248220830980378
10650705,12,3,0.2066875547170639,1.5765470235068608
10634235,8,1,0.23629018664360046,1.4426946248788886
10650687,6,3,0.1551649123430252,1.8632667770570268
10650751,10,3,0.14481280744075775,1.9323133537654151
10650706,9,4,0.15936513245105743,1.83655727901878
10648678,8,1,0.5239934921264648,0.646276014344202
10650691,8,4,0.11671365052461624,2.1480317754538065
10650755,10,6,0.033491142094135284,3.3964742902153917
10650707,12,1,0.45956626534461975,0.7774721357349151
10648672,10,1,0.35672688484191895,1.030784818440109
10650749,6,3,0.20437929034233093,1.5877777450502568
10650692,8,4,0.09545889496803284,2.34905954333528
10648673,7,5,0.09446612000465393,2.359514027234822
10650710,10,3,0.1677536517381668,1.785258734436336
10650750,7,1,0.20894542336463928,1.565682193344889
10650689,8,3,0.18590576946735382,1.6825153494089775
10650753,12,8,0.04208012670278549,3.1681796995594618
10650708,11,1,0.2064104825258255,1.5778884592330422
10648674,7,4,0.09473631531000137,2.3566578748964337
10648675,15,1,0.23690050840377808,1.4401150217505652
10648677,11,1,0.2836693525314331,1.259945970738267
10648676,11,1,0.25530490279197693,1.3652967508768814
10650696,8,2,0.150105819106102,1.8964147728989713
10650697,9,3,0.1519780158996582,1.8840194008352023
10655676,5,3,0.18631474673748016,1.6803178486431634
10655777,8,2,0.19035694003105164,1.6588543375009366
10650701,11,2,0.18711823225021362,1.6760146038959127
10655710,6,5,0.05820206552743912,2.843834434712322
10655673,9,2,0.2755509316921234,1.288982797449669
10655773,12,1,0.42158639430999756,0.8637305538364494
10655639,9,1,0.4170607924461365,0.8745232825664379
10650699,7,1,0.4280003011226654,0.8486313798429583
10655711,6,1,0.4922168254852295,0.7088359573647736
10655576,7,1,0.31174758076667786,1.1655614546231428
10655771,10,3,0.110165074467659,2.2057753611014426
10655633,8,3,0.09319773316383362,2.3730318798628462
10650700,9,1,0.2902214527130127,1.2371110173738216
10655571,11,1,0.43501272797584534,0.8323799886069231
10655674,9,3,0.20558737218379974,1.5818841666268673
10655775,12,3,0.19645854830741882,1.6273038200153924
10655634,7,3,0.23634567856788635,1.4424598059469143
10655714,9,1,0.39716672897338867,0.9233991142334379
10655574,10,1,0.3265655040740967,1.1191247253526442
10655675,13,6,0.06556584686040878,2.7247003457333694
10655778,12,1,0.22367331385612488,1.4975687119422654
10655635,10,2,0.22317935526371002,1.499779547091063
10655568,7,2,0.20131874084472656,1.6028658515902263
10655669,13,1,0.184872105717659,1.6880910134210676
10655772,10,2,0.17858143150806427,1.7227105828648062
10655637,10,2,0.23706917464733124,1.4394033042854855
10655569,13,8,0.025172332301735878,3.6820098121597153
10655677,11,1,0.290179580450058,1.2372553047221715
10655774,11,2,0.2782543897628784,1.2792195126243207
10655636,11,1,0.5292196273803711,0.6363517586528966
10655573,12,1,0.29514655470848083,1.220283250382438
10655670,12,4,0.10264045000076294,2.276523174421283
10655779,12,2,0.2242424041032791,1.4950276510660614
10655638,12,9,0.02699488028883934,3.6121080498896267
10655572,8,2,0.23449955880641937,1.4503015725200916
10655671,10,1,0.39936286211013794,0.9178848465246776
10655776,12,1,0.21865937113761902,1.5202401429626513
10655611,11,5,0.06340847164392471,2.7581578043216775
10655610,12,3,0.2260006219148636,1.4872175278779578
10655612,8,3,0.11206766963005066,2.18865239701277
10655606,11,3,0.1913364827632904,1.6537217110308362
10655607,10,5,0.08255127817392349,2.494335625102636
10655609,12,10,0.03455192223191261,3.3652920940812883
10655590,9,4,0.08394109457731247,2.4776399811651375
10655588,12,2,0.32157689332962036,1.134518593358035
10655593,13,2,0.21835868060588837,1.521616244375311
10655539,10,2,0.17034755647182465,1.7699144791410888
10655586,13,1,0.3130945563316345,1.1612500371578856
10655682,11,3,0.13218437135219574,2.0235575782792585
10655535,7,1,0.290131151676178,1.2374222110753075
10655587,11,1,0.2180313915014267,1.523116228846757
10655725,7,1,0.34491869807243347,1.064446547483493
10659061,7,3,0.1073126271367073,2.2320089555917044
10658863,10,2,0.2766278088092804,1.2850823268105784
10655624,13,1,0.3017917275428772,1.198018143418768
10655592,9,1,0.3349487781524658,1.0937776598850413
10655684,8,1,0.25694939494132996,1.358876120318689
10655839,11,5,0.0844966247677803,2.471043688993339
10655721,8,1,0.2883191406726837,1.2436872850303828
10659067,9,3,0.19089004397392273,1.6560577027067216
10655541,7,2,0.2109667956829071,1.5560545243211865
10658864,7,1,0.3833511769771576,0.9588037987402418
10655589,10,1,0.19905509054660797,1.6141736556522854
10655683,8,1,0.4517367482185364,0.7946556842653796
10655818,6,1,0.31287968158721924,1.1619365662187917
10655841,14,1,0.3086507320404053,1.175544958395797
10658792,8,1,0.561104953289032,0.577847308445548
10655724,10,1,0.2658047676086426,1.3249931960367574
10659068,9,1,0.2510996162891388,1.3819055409394834
10655542,12,4,0.1227259486913681,2.0978014688469324
10658857,9,2,0.27578750252723694,1.2881246281839362
10655626,8,1,0.2893751263618469,1.2400314174701246
10655591,14,3,0.09617824107408524,2.3415521311550624
10655685,7,1,0.28415220975875854,1.2582452345359756
10655816,9,3,0.11395483464002609,2.1719530964587843
10655840,13,1,0.2958964705467224,1.217745647505433
10658791,8,2,0.2647540271282196,1.3289540835559888
10655723,15,3,0.15682530403137207,1.8526228063347208
10659062,11,3,0.14693991839885712,1.9177314941266435
10655537,8,1,0.2633812725543976,1.3341525910829193
10658859,10,4,0.08288194239139557,2.490338064555969
10655622,10,1,0.26359811425209045,1.3333296302030062
10655594,11,7,0.0622311532497406,2.7768995485184025
10655678,11,2,0.20677773654460907,1.5761107990842493
10655824,12,2,0.18140771985054016,1.7070081851474197
10658787,11,2,0.16855774819850922,1.7804768686255716
10655720,9,3,0.1612427681684494,1.824844172879738
10659063,9,3,0.16968435049057007,1.7738153296710244
10655540,14,3,0.1690857708454132,1.777349173008332
10658858,10,2,0.18060313165187836,1.7114532978844854
10655629,14,3,0.12537306547164917,2.076461462756076
10655681,17,7,0.06117890775203705,2.7939527934420054
10655815,6,4,0.12610141932964325,2.070668780486635
10655837,16,1,0.20722901821136475,1.5739307291201459
10658788,12,4,0.11676167696714401,2.1476203705852828
10655722,10,7,0.057024888694286346,2.8642674626893228
10659065,12,1,0.26056215167045593,1.3449138601788355
10655871,6,6,0.08329436928033829,2.4853743277682407
10658860,10,1,0.27557286620140076,1.288903198240298
10655628,11,4,0.11161542683839798,2.192696005269293
10655679,12,8,0.03614426031708717,3.3202371170611116
10655817,6,5,0.08098442852497101,2.5134983832227156
10656111,9,3,0.13511140644550323,2.0016556079315335
10655843,14,1,0.17278163135051727,1.75572672831731
10658789,11,1,0.379904568195343,0.9678351941297586
10655726,13,8,0.040063995867967606,3.2172772066403015
10659064,11,1,0.23002363741397858,1.4695732039744325
10658861,11,1,0.3049677312374115,1.1875493071934595
10655872,5,2,0.20308394730091095,1.5941358519197386
10655623,11,1,0.33134105801582336,1.1046070473343816
10655680,12,2,0.20800265669822693,1.5702044267747584
10656112,9,4,0.1326030194759369,2.020395430177896
10655819,5,3,0.19064152240753174,1.6573604604517587
10655838,13,1,0.20545443892478943,1.5825309780219725
10658790,12,4,0.13149672746658325,2.028773313859663
10655728,14,3,0.1247205138206482,2.081679934447579
10659066,11,1,0.3538345396518707,1.038925877228139
10658862,14,3,0.152843177318573,1.8783428680918206
10655873,8,1,0.41295889019966125,0.8844072304436185
10655621,10,1,0.29080644249916077,1.235097379169413
10655686,10,6,0.07404147833585739,2.6031298247574073
10655820,6,1,0.3884011209011078,0.9457166566239519
10656113,15,2,0.1383407711982727,1.9780352811666224
10655727,12,1,0.3174320161342621,1.1474916059886402
10655845,17,10,0.03373369574546814,3.3892580674118604
10655874,8,5,0.06867366284132004,2.6783895180120543
10655625,16,2,0.1758936494588852,1.7378757310234727
10655821,7,5,0.13040252029895782,2.0371293022303614
10656114,16,4,0.09214987605810165,2.3843389398688193
10655844,16,2,0.14190588891506195,1.9525911952187547
10655875,8,1,0.20903468132019043,1.5652551014526792
10655822,11,5,0.10151195526123047,2.28757870161157
10656116,12,1,0.2269868552684784,1.4828631694836318
10655870,6,3,0.18127499520778656,1.707740090160633
10656118,13,1,0.3900674879550934,0.9414355087904827
10656117,15,1,0.17030462622642517,1.7701665265243562
10655577,11,1,0.27209922671318054,1.3015884751183986
10655579,11,1,0.5203289985656738,0.6532939779209432
10655660,8,2,0.2404508739709854,1.4252394765344185
10658913,8,1,0.3979186713695526,0.9215076378712159
10655578,10,1,0.2334050089120865,1.4549800987254824
10655664,10,3,0.15759162604808807,1.8477482371826697
10658911,7,7,0.017572470009326935,4.041421805597876
10655663,11,1,0.4099959135055542,0.891608086393079
10658908,8,3,0.16433587670326233,1.805842916831203
10659000,7,1,0.3640885055065155,1.0103582939049147
10658839,7,3,0.18261505663394928,1.7003748572986974
10658981,10,2,0.17487192153930664,1.7437014499295294
10655581,10,4,0.07921328395605087,2.535611267508496
10655659,8,3,0.15791641175746918,1.8456894254556364
10658848,11,2,0.21602225303649902,1.5323738532873845
10658909,6,1,0.43710312247276306,0.8275861335264801
10659006,11,1,0.5916454792022705,0.5248476761808961
10658843,11,3,0.20035937428474426,1.6076426534525572
10655582,10,7,0.021626459434628487,3.8338377401349075
10658979,4,2,0.31976231932640076,1.1401773112703706
10655665,12,3,0.23442010581493378,1.4506404492968208
10658854,12,1,0.26444849371910095,1.3301087773869145
10658910,12,9,0.026307648047804832,3.6378955817758674
10659002,11,2,0.19229629635810852,1.6487178862810976
10658840,11,1,0.5114480257034302,0.6705093102812527
10655583,14,14,0.011675732210278511,4.4502427613099345
10659024,7,3,0.11100178211927414,2.198209022670089
10658980,5,5,0.10106203705072403,2.2920207224768343
10655666,12,5,0.09755942225456238,2.3272936276019074
10658849,11,7,0.041522033512592316,3.181531064623623
10658912,14,7,0.04921417683362961,3.0115735499652634
10659001,13,6,0.03878260776400566,3.249783386353553
10658836,9,2,0.3189099133014679,1.1428466195243283
10659021,7,1,0.3461344838142395,1.0609278978974719
10658975,11,1,0.28550785779953003,1.2534857273242608
10655662,14,2,0.15583571791648865,1.8589529169006864
10658850,15,1,0.2521999776363373,1.3775329441256388
10658915,9,3,0.20362761616706848,1.5914623641765029
10659007,9,3,0.14560799300670624,1.9268372477022566
10658837,10,9,0.017716892063617706,4.033236740631776
10659022,7,1,0.382121205329895,0.9620174292623298
10658976,9,4,0.13164223730564117,2.0276673594145245
10655667,8,6,0.07118142396211624,2.642523394012858
10658853,12,8,0.02630075253546238,3.6381577266920972
10658914,12,1,0.22640997171401978,1.485407888949815
10659004,13,3,0.15002676844596863,1.8969415445008564
10658842,11,5,0.10677488148212433,2.237032572232986
10659023,8,2,0.30771321058273315,1.1785870642551999
10658977,11,6,0.07818946242332458,2.548620392130577
10655661,9,5,0.09057331830263138,2.4015956092777917
10658847,11,1,0.3112410008907318,1.1671877444220644
10658907,11,1,0.2227705866098404,1.501612796655509
10658999,11,3,0.13678528368473053,1.9893428549843524
10658841,12,2,0.2280307114124298,1.4782749599214922
10659018,11,6,0.02325424924492836,3.7612674004252096
10658978,8,3,0.1877734363079071,1.6725191689222636
10658838,12,5,0.09898445010185242,2.3127925108625393
10659005,13,1,0.26948168873786926,1.3112548362555014
10659019,10,4,0.10587134212255478,2.2455306756263034
10659025,12,7,0.03031091019511223,3.4962475588313913
10659020,13,7,0.04169904813170433,3.177276977015745
10658810,7,2,0.2156752049922943,1.5339816835514437
10662594,12,2,0.1951170265674591,1.6341557641847488
10659035,6,5,0.09418445825576782,2.3625000976807486
10662600,12,2,0.34950730204582214,1.051230824691554
10658806,8,2,0.18731652200222015,1.6749554619851204
10662598,12,2,0.2826332747936249,1.2636050704627608
10659029,7,1,0.37801119685173035,0.9728314625003776
10658809,12,1,0.3446425497531891,1.0652474867325523
10659030,9,1,0.31354784965515137,1.1598033000770565
10662602,8,1,0.5300614833831787,0.6347622727808336
10658811,11,2,0.25585317611694336,1.3631515298274623
10662592,11,2,0.22035996615886688,1.5124928599496656
10662603,12,5,0.08248333632946014,2.4951589899283255
10658807,7,4,0.06744565814733505,2.6964330698260235
10662596,11,8,0.03957059979438782,3.2296688658935713
10659033,11,5,0.10090785473585129,2.2935475079146017
10662608,9,1,0.252582311630249,1.376018096734376
10658808,10,2,0.25764378905296326,1.3561773106387167
10662593,12,8,0.04363410919904709,3.1319161134017155
10659032,11,1,0.32077541947364807,1.1370140285138168
10662607,14,3,0.15295176208019257,1.8776326878226715
10658804,10,1,0.28714507818222046,1.2477676920512868
10662590,12,8,0.04391447827219963,3.1255112120844113
10659034,12,3,0.08621228486299515,2.4509425956548947
10662609,11,2,0.3064822256565094,1.1825955166201922
10658805,12,11,0.0083732008934021,4.7827190430461055
10662597,12,3,0.18604007363319397,1.6817931788340488
10662595,11,4,0.1568865031003952,1.852232645247964
10662305,5,1,0.3885456919670105,0.9453445048493984
10662351,8,1,0.37668469548225403,0.9763467929771317
10659674,11,3,0.15680113434791565,1.8527769367302904
10662306,8,1,0.3802300989627838,0.9669786859308659
10662636,9,4,0.06740465015172958,2.6970412700947035
10662352,8,2,0.13578450679779053,1.9966861587476288
10659669,12,1,0.271908700466156,1.302288929083481
10662299,7,2,0.27024707198143005,1.3084186570028078
10662637,10,5,0.09851150959730148,2.3175818889268034
10659673,9,4,0.12287219613790512,2.0966105195918017
10662300,10,6,0.026927368715405464,3.6146120852352017
10662631,11,3,0.15241841971874237,1.881125778736882
10662354,9,1,0.3680860996246338,0.9994384018077818
10659670,10,3,0.19792573153972626,1.6198634118863708
10662303,8,2,0.22200383245944977,1.5050606339280124
10662632,8,3,0.11954448372125626,2.124066728164493
10662356,6,1,0.5346009135246277,0.6262347664785022
10659750,12,4,0.10718243569135666,2.233222889932402
10662301,10,5,0.0803840309381485,2.5209397426970974
10662633,9,3,0.18563354015350342,1.6839807629225272
10662355,12,6,0.05060296505689621,2.983745106443135
10659751,12,2,0.19454075396060944,1.6371136059412312
10662304,11,4,0.08492503315210342,2.465986374566376
10662634,11,6,0.07451951503753662,2.5966942410861273
10659671,10,2,0.1697300225496292,1.7735462069528218
10662302,11,3,0.11413713544607162,2.1703546110338574
10662635,8,3,0.13086538016796112,2.0335861164627187
10659672,11,2,0.22596195340156555,1.4873886416626128
10672071,11,1,0.2987804710865021,1.2080461856689542
10672077,7,1,0.2156836837530136,1.5339423716886693
10672074,8,1,0.46110162138938904,0.7741368234247833
10672073,11,3,0.11896741390228271,2.128905656123569
10672078,6,4,0.13022653758525848,2.0384797482771146
10672079,13,1,0.2609652578830719,1.343367992078685
10672161,10,4,0.06210138276219368,2.778987023588612
10672131,9,1,0.3626643419265747,1.0142775503838337
10672114,10,1,0.20251722633838654,1.5969303277159377
10672076,11,1,0.37879911065101624,0.9707492654791573
10672104,7,6,0.012386415153741837,4.391154959044628
10672164,8,5,0.10657455027103424,2.2389105361752417
10672137,7,5,0.07414300739765167,2.601759518315693
10672126,14,4,0.10059071332216263,2.296695338478564
10672075,14,2,0.17862027883529663,1.7224930736745607
10672105,7,5,0.0703100860118866,2.6548400194481543
10672132,10,1,0.25362181663513184,1.371911032378184
10672127,13,5,0.023566802963614464,3.7479162113013125
10672072,12,9,0.03275853022933006,3.418591885798288
10672106,6,1,0.3526199162006378,1.042364526777337
10672157,12,2,0.14505627751350403,1.9306334910781644
10672133,8,2,0.28732654452323914,1.2471359242149582
10672128,13,1,0.3568950891494751,1.0303134083187802
10672117,12,3,0.15057487785816193,1.893294791222119
10672301,13,1,0.267209529876709,1.3197221722494064
10672107,7,2,0.2394285649061203,1.4295001742371634
10672158,11,2,0.13566584885120392,1.997560410349625
10672185,8,2,0.20854659378528595,1.5675927913170344
10672134,11,2,0.25482597947120667,1.3671744002336577
10672118,9,2,0.2484017014503479,1.3927080793071902
10672123,13,1,0.4250699281692505,0.8555015867236015
10672296,8,1,0.3404865860939026,1.0773795489001263
10672109,9,7,0.037229567766189575,3.2906520009905957
10672188,7,2,0.28083765506744385,1.2699785165779471
10672162,9,1,0.3162771761417389,1.1511363101683934
10672135,6,1,0.3953740894794464,0.9279229002879764
10672112,9,4,0.09038866311311722,2.403636427488991
10672124,12,10,0.022205691784620285,3.807406636270748
10672110,11,9,0.029608944430947304,3.5196787865771197
10672159,13,1,0.23433808982372284,1.45099037807806
10672130,10,1,0.35764774680137634,1.0282067244577213
10672113,7,2,0.21989226341247559,1.5146175643392163
10672125,16,8,0.060406822711229324,2.8066532216255444
10672300,9,2,0.23488983511924744,1.4486386614794347
10672108,9,1,0.3655106723308563,1.0064598009549652
10672163,10,2,0.2014864683151245,1.6020330546140316
10672136,9,4,0.14482390880584717,1.9322366965981974
10672129,11,5,0.12857979536056519,2.051205591803809
10672303,9,1,0.32606643438339233,1.1206541319249441
10672189,6,1,0.39971834421157837,0.9169951193678417
10672298,10,2,0.18737289309501648,1.6746545669453872
10672184,8,5,0.06812527775764465,2.6864069488306055
10672302,12,2,0.17382504045963287,1.7497060002363585
10672299,12,1,0.27961114048957825,1.2743554250329212
10675921,11,5,0.029670430347323418,3.5176043403247563
10675922,9,1,0.4094729721546173,0.8928843799316716
10675923,10,1,0.45199093222618103,0.7940931607976415
10675918,7,1,0.4649161100387573,0.7658982981891566
10675919,10,8,0.05107232183218002,2.9745125756360355
10675961,9,1,0.42180100083351135,0.8632216381723514
10675948,8,3,0.1821879893541336,1.7027162164491187
10676023,5,2,0.3029623329639435,1.1941467948507016
10675956,13,1,0.32539522647857666,1.1227147540080071
10675920,12,3,0.17174988985061646,1.7617159892154506
10675942,9,1,0.3086727559566498,1.1754736054773287
10675999,9,1,0.3703446388244629,0.9933212505977452
10676024,7,2,0.2081846296787262,1.5693299503164324
10675957,9,3,0.2204466462135315,1.5120995806596145
10675924,7,6,0.05795620009303093,2.8480677245306403
10676003,8,1,0.41180792450904846,0.8871982409867931
10676025,5,2,0.27260586619377136,1.2997282405316868
10675958,10,3,0.15971581637859344,1.8343591906025392
10675926,11,1,0.3179667890071869,1.1458083387402103
10675944,7,1,0.4445531666278839,0.8106856212193853
10676005,10,1,0.38265886902809143,0.9606113680826417
10673097,8,1,0.41999492049217224,0.8675126618441135
10676026,7,1,0.4233420491218567,0.8595747999327228
10675962,9,1,0.2831253111362457,1.261865683809475
10676000,10,2,0.19537141919136047,1.6328528182837683
10675945,12,2,0.2734871208667755,1.2965007482955075
10673098,10,1,0.513852059841156,0.665819876276186
10676027,6,1,0.532907247543335,0.6294078895779717
10675963,8,1,0.3012346625328064,1.1998657082275401
10676001,12,4,0.13127686083316803,2.030446744482176
10673099,12,1,0.44581905007362366,0.8078421266113281
10675946,8,1,0.49517622590065,0.7028415678501486
10676021,6,6,0.09627340734004974,2.3405631422375284
10675998,11,3,0.1805783361196518,1.711590600235121
10675959,14,3,0.12496237456798553,2.0797425904465845
10675947,8,5,0.08211549371480942,2.4996285627305146
10676002,10,3,0.16030636429786682,1.8306685177351192
10676022,6,5,0.05655654892325401,2.8725142754637645
10675960,7,6,0.0423552505671978,3.161662885233751
10673101,10,1,0.3784427046775818,0.9716905922588922
10673094,10,3,0.20943450927734375,1.56334419337245
10673095,12,1,0.31726405024528503,1.1480208857551157
10673102,13,7,0.050761692225933075,2.980613298907302
10675933,13,3,0.1612059623003006,1.8250724626190409
10675934,10,1,0.4240894317626953,0.8578109220228911
10680340,12,1,0.2889809310436249,1.2413945755946598
10675935,8,2,0.353149950504303,1.040862523282099
10680493,10,2,0.21529796719551086,1.5357323163864867
10680332,7,2,0.2526763379573822,1.3756459058642332
10680343,10,1,0.3796035945415497,0.968627743003659
10675936,8,5,0.04316936805844307,3.14262410796426
10680457,9,2,0.23315177857875824,1.4560656272827102
10680494,9,1,0.30387914180755615,1.1911252164673467
10680327,7,1,0.3877983093261719,0.9472698958371067
10680344,10,2,0.26183122396469116,1.3400551661371511
10680458,10,2,0.2580021917819977,1.3547871988175435
10675938,10,1,0.2747647762298584,1.2918399065081057
10680490,10,2,0.364787757396698,1.0084395811129259
10680450,10,2,0.24618668854236603,1.4016651343524444
10680341,9,1,0.21764113008975983,1.524907764905187
10675939,12,4,0.12320493161678314,2.093906199326865
10680491,9,1,0.3606007695198059,1.0199838342168446
10680331,11,1,0.3766178488731384,0.9765242691048628
10680337,7,4,0.16000069677829742,1.8325771088934337
10675937,14,1,0.20470400154590607,1.5861902381625006
10680487,14,3,0.20182615518569946,1.600348570017701
10680456,11,2,0.13055865466594696,2.035932692155008
10680328,10,1,0.2851622700691223,1.2546968920787371
10680339,9,5,0.06157601624727249,2.7874828308929307
10680453,10,7,0.04265270382165909,3.1546646114698293
10680488,10,1,0.3124840557575226,1.1632018326832534
10680329,12,2,0.19443391263484955,1.6376629544598993
10680338,11,2,0.22564861178398132,1.488776304804358
10680454,9,7,0.06999080628156662,2.6593913843932406
10680489,12,2,0.15417203307151794,1.8696862021910412
10680330,11,1,0.32360321283340454,1.1282371654373076
10680451,10,4,0.09097384661436081,2.397183213614725
10680342,12,2,0.2131013125181198,1.5459875807312595
10680492,13,1,0.20560672879219055,1.5817900183481874
10680455,10,1,0.40823155641555786,0.8959207253338143
10680326,9,2,0.22550281882286072,1.489422619794425
10680345,12,3,0.13920271396636963,1.9718240343870403
10676142,12,1,0.38709738850593567,0.949078967724738
10676143,12,1,0.25061360001564026,1.3838429681777171
10676144,11,1,0.4627571403980255,0.7705528972898773
10676140,12,1,0.278342068195343,1.2789044605540598
10676141,14,1,0.3342280387878418,1.095931768111971
10680308,9,2,0.29433029890060425,1.2230526766104008
10680284,7,1,0.30568820238113403,1.1851896429755004
10680309,10,3,0.10902435332536697,2.2161839967052757
10680289,6,2,0.14976780116558075,1.8986691764932258
10680303,7,5,0.088235042989254,2.42775108207389
10680285,5,1,0.31359854340553284,1.1596416352694363
10684300,9,5,0.05644306167960167,2.8745229068422833
10680304,10,2,0.18629753589630127,1.6804102279982907
10680414,8,1,0.30614861845970154,1.1836846136938608
10680286,7,6,0.07107016444206238,2.64408765834184
10684304,6,1,0.42487454414367676,0.8559613438851104
10680466,10,1,0.2951022684574127,1.2204333099824338
10684273,8,2,0.30359384417533875,1.192064509768535
10680355,7,2,0.2586437463760376,1.3523036607640588
10680305,11,6,0.03785355016589165,3.2740305078329732
10680501,10,2,0.19671857357025146,1.625981132166718
10680411,9,1,0.30909276008605957,1.1741138526804638
10680464,12,1,0.2414320856332779,1.4211670643487846
10684305,9,1,0.6016358137130737,0.5081029773453317
10680290,6,3,0.16710306704044342,1.789144489028325
10684275,10,4,0.11415844410657883,2.170167934965833
10680357,12,1,0.32411935925483704,1.1266434382679178
10680302,7,1,0.2558872103691101,1.3630185160841046
10680499,5,2,0.32595720887184143,1.1209891673602461
10680408,10,3,0.13837482035160065,1.9777891862262609
10684230,7,2,0.2692122757434845,1.3122550814210705
10680465,10,1,0.27361804246902466,1.2960221507112701
10684298,9,2,0.23152445256710052,1.463069784394206
10680287,12,3,0.11646230518817902,2.1501876189499014
10684277,8,3,0.13953764736652374,1.9694208405348927
10680358,7,7,0.024527661502361298,3.7079537574061048
10680306,9,2,0.1514233499765396,1.8876757228128334
10684221,11,3,0.14741221070289612,1.914522462068467
10680506,10,1,0.19209147989749908,1.6497835626248574
10684231,8,1,0.46227332949638367,0.7715989405533231
10680470,8,1,0.21649779379367828,1.5301749219209448
10680444,7,1,0.27044054865837097,1.3077029879998077
10684301,11,5,0.08213084191083908,2.4994416703287343
10680291,10,2,0.24730366468429565,1.397138285784557
10684276,8,3,0.18090850114822388,1.7097638940519755
10680351,8,2,0.14737553894519806,1.9147712631664164
10680307,13,6,0.04036305844783783,3.20984030718453
10684222,10,1,0.2430509477853775,1.4144841959493044
10680503,7,4,0.11996730417013168,2.1205360385743934
10680412,9,1,0.2669987678527832,1.3205112353761193
10684232,12,1,0.40713250637054443,0.8986165780474628
10680468,12,5,0.10113167017698288,2.2913319460557826
10680445,11,2,0.23886290192604065,1.4318655237490867
10684303,7,3,0.13986794650554657,1.9670565407489977
10680288,14,10,0.029333045706152916,3.529040558692174
10684270,7,6,0.05057761073112488,2.9842462762794315
10680359,11,2,0.1321478635072708,2.023833805241713
10684223,10,1,0.2749250829219818,1.2912566441684459
10680504,11,1,0.23745234310626984,1.4377883362476536
10684256,6,4,0.15528808534145355,1.8624732720446093
10680413,6,4,0.12808093428611755,2.055092915769084
10684233,7,3,0.20075926184654236,1.605648790997629
10680467,10,5,0.10258602350950241,2.2770535786289425
10680441,10,1,0.415859580039978,0.8774076236838386
10684306,12,1,0.31568923592567444,1.1529969798953374
10684271,11,1,0.2675715684890747,1.3183682026765082
10680754,9,1,0.35364213585853577,1.0394697928220757
10680350,8,1,0.3163541257381439,1.1508930417858272
10684224,10,2,0.15426568686962128,1.8690789236714138
10680505,12,2,0.19416649639606476,1.6390392591409142
10680814,13,2,0.14885717630386353,1.9047679810341014
10680409,12,3,0.14820893108844757,1.9091323041812307
10684234,13,5,0.06802742183208466,2.687844392857854
10680471,11,1,0.23677878081798553,1.4406289880194816
10680442,10,1,0.5176377892494202,0.6584795298641919
10684302,10,1,0.24219802021980286,1.4179996220509599
10680749,8,3,0.13020946085453033,2.0386108878342797
10684272,12,2,0.19202935695648193,1.6501070178274837
10680352,11,11,0.01703415997326374,4.072534540898181
10684225,11,1,0.21677620708942413,1.5288897613366577
10680508,11,7,0.05733661726117134,2.858815814665977
10684253,8,6,0.06149521470069885,2.788795916941734
10680809,12,1,0.22546477615833282,1.489591335529398
10680410,13,2,0.17456413805484772,1.7454630515479213
10684235,12,1,0.23306098580360413,1.4564551180184355
10680469,11,2,0.21330763399600983,1.5450198641968016
10680443,11,1,0.27311649918556213,1.2978568378800404
10684299,9,2,0.19823288917541504,1.6183127315216026
10680748,5,5,0.06505478173494339,2.7325255681173557
10684274,10,3,0.16058611869812012,1.8289249152143248
10680354,9,3,0.16859804093837738,1.7802378530644676
10684226,11,2,0.18209530413150787,1.7032250798874549
10680500,10,6,0.045185308903455734,3.096983269235613
10684254,7,2,0.21567502617835999,1.533982512640761
10680415,9,3,0.14978747069835663,1.8985378515949407
10680472,11,1,0.3069689869880676,1.1810085560806032
10680446,12,6,0.07319559901952744,2.6146199825063636
10680750,9,1,0.30535030364990234,1.1862956248811893
10680356,11,5,0.08090675622224808,2.514457945150735
10684255,10,1,0.3188997209072113,1.1428785801398813
10680815,13,3,0.15336152911186218,1.87495720955983
10680752,10,1,0.28711259365081787,1.247880827784706
10684249,10,1,0.20015713572502136,1.6086525422928757
10680811,12,4,0.1310051530599594,2.032518620219071
10680751,12,4,0.09122651070356369,2.3944097366042127
10684250,9,1,0.3174511194229126,1.1474314270751163
10680816,16,5,0.0586407333612442,2.8363257153215704
10680753,13,7,0.03360700234770775,3.393020830520322
10684251,9,6,0.06636792421340942,2.712541408290363
10680812,15,2,0.1578620970249176,1.846033430709804
10680250,10,3,0.1880120187997818,1.671249388409536
10680265,6,3,0.2260473072528839,1.4870109774872846
10680377,7,1,0.5304905772209167,0.6339530831576342
10680246,8,4,0.11768996715545654,2.1397015091693614
10680260,6,2,0.16648761928081512,1.7928343310001649
10680378,9,1,0.3362618088722229,1.0898652293601612
10680247,8,2,0.26455792784690857,1.329695042789725
10684193,12,2,0.1145673394203186,2.1665925116529685
10680261,7,2,0.2333044558763504,1.4554110007957353
10694904,8,3,0.14661425352096558,1.9199502669641366
10684334,11,2,0.16697964072227478,1.7898833858399006
10680523,7,1,0.39042896032333374,0.9405092460384052
10680382,10,5,0.0933077335357666,2.3718522856489663
10680248,7,3,0.18377062678337097,1.6940668925858882
10684177,10,2,0.18279074132442474,1.6994132704547322
10684197,9,6,0.04891136661171913,3.0177454634652814
10680262,5,2,0.3260696232318878,1.1206443522218952
10680524,5,3,0.12830932438373566,2.053311333588756
10680381,9,1,0.24737487733364105,1.396850370931623
10680244,9,1,0.18407562375068665,1.6924086071649236
10684178,11,5,0.036618951708078384,3.3071893663585525
10684366,10,3,0.144341841340065,1.935570894456202
10694905,6,1,0.2992476224899292,1.2064838794714243
10684191,10,2,0.2110413908958435,1.5557009993608388
10680263,5,5,0.1069590225815773,2.235309484397954
10694906,6,1,0.5398570895195007,0.616450823487515
10684337,13,1,0.284742146730423,1.2561712565595822
10680525,6,1,0.4720018208026886,0.7507724357712074
10684212,10,1,0.40916842222213745,0.8936284174275069
10680383,10,2,0.2121654599905014,1.5503888370664385
10684179,12,1,0.46124765276908875,0.7738201724878524
10680249,8,2,0.17809176445007324,1.7254563309119186
10684369,4,2,0.264085978269577,1.3314805535929488
10680264,8,6,0.06454154849052429,2.740446099920324
10684192,9,1,0.24935531616210938,1.388876427136628
10680527,5,2,0.2864851951599121,1.2500684189970457
10694914,4,1,0.39181527495384216,0.9369647876215421
10684335,13,2,0.29091522097587585,1.23472339111013
10684213,10,2,0.1404849737882614,1.9626547440539486
10680251,12,1,0.2717917263507843,1.3027192179389129
10680379,12,5,0.09468535333871841,2.3571959545456744
10684370,10,1,0.2432367205619812,1.4137201511349569
10684194,12,1,0.630828320980072,0.46072152797643606
10680526,6,6,0.060611337423324585,2.8032733172118327
10694915,8,4,0.09705070406198502,2.332521714761954
10684338,9,2,0.19662505388259888,1.6264566435663577
10684207,9,1,0.2121438831090927,1.5504905406078673
10680384,12,1,0.27888038754463196,1.2769723075648343
10684181,12,1,0.4738025665283203,0.746964570369801
10684463,6,1,0.4867122769355774,0.7200821376086457
10680528,5,1,0.3650739789009094,1.0076552640165513
10684195,9,4,0.14095652103424072,1.9593037976164251
10694916,6,5,0.11502063274383545,2.1626437515480763
10684332,11,5,0.13370266556739807,2.0121368581440464
10684208,11,3,0.13218200206756592,2.0235755025303592
10680380,10,1,0.4876185953617096,0.7182217455933604
10680817,10,1,0.5261386632919312,0.6421904825599343
10684175,11,2,0.2124512940645218,1.5490425212912593
10680521,6,4,0.1300513744354248,2.0398257186279456
10684364,7,3,0.16099750995635986,1.8263663802268417
10684464,8,1,0.39652204513549805,0.9250236401199119
10684196,12,2,0.19210825860500336,1.6496962189552322
10694903,6,1,0.3806462287902832,0.9658848685684105
10684336,10,1,0.46006327867507935,0.776391236622698
10684209,9,8,0.01932770200073719,3.946215875356808
10680818,8,4,0.11841224879026413,2.133583109262611
10684176,10,5,0.10077055543661118,2.2949090747807217
10680522,5,4,0.11962492018938065,2.1233940963826528
10684365,5,3,0.2231362909078598,1.4999725242199324
10684465,10,2,0.2813645005226135,1.2681042953422146
