race_id,field_size,winner_rank,winner_probability,race_logloss
10146908,7,2,0.22051548957824707,1.511787339042083
10146774,13,1,0.2156919538974762,1.533904028566148
10147275,7,2,0.26368534564971924,1.3329987592197183
10146842,8,1,0.3413626551628113,1.0748098619430149
10146777,12,2,0.275200217962265,1.2902563809092178
10147277,7,2,0.24651391804218292,1.400336824447575
10146901,6,1,0.42186617851257324,0.8630671277663828
10150557,6,1,0.38844361901283264,0.9456072445121522
10146843,11,2,0.28173205256462097,1.266798827950549
10150516,8,3,0.2046116143465042,1.5866416609637994
10147270,6,3,0.17935919761657715,1.7183647932600805
10150498,6,1,0.43106943368911743,0.841486102806771
10146907,8,2,0.21459734439849854,1.5389918235196147
10150774,10,3,0.0702245756983757,2.6560569480410448
10150558,12,2,0.24907898902893066,1.3899852078068606
10146836,7,1,0.5276352763175964,0.6393499985136385
10150518,13,1,0.5265236496925354,0.6414590297226469
10146780,11,4,0.06582892686128616,2.720695919301849
10147276,11,1,0.36735522747039795,1.001425976799601
10150501,5,1,0.5491069555282593,0.5994620376344685
10146904,9,3,0.20362254977226257,1.5914872451721656
10150775,7,2,0.35026589035987854,1.0490627261720797
10150562,9,5,0.07328298687934875,2.6134267996304805
10150914,5,1,0.5697969794273376,0.5624751580427036
10146837,10,3,0.16302625834941864,1.8138439969814344
10150512,13,4,0.06398200243711472,2.749153447090034
10146772,9,6,0.027332212775945663,3.5996893172283406
10147273,7,5,0.07328972220420837,2.6133348954157536
10146905,10,4,0.1270284205675125,2.063344433563288
10150776,4,1,0.451031357049942,0.7962184140694836
10150561,8,1,0.3468785881996155,1.0587804501756888
10150915,5,4,0.10860882699489594,2.220002594905996
10146835,6,2,0.3303203880786896,1.1076922225482184
10146775,9,2,0.24674643576145172,1.3993940455086302
10147456,6,1,0.3846340477466583,0.9554629220633828
10147271,9,1,0.4852794110774994,0.7230304486151804
10150499,7,1,0.3654146194458008,1.006722626408371
10146974,8,4,0.032337743788957596,3.431520192605246
10146903,8,2,0.17219536006450653,1.7591256323892395
10150777,8,2,0.256083220243454,1.362252808253337
10150559,10,5,0.06156964972615242,2.787586229109594
10150918,10,1,0.2724784314632416,1.3001958186050206
10146839,9,3,0.19158479571342468,1.6524247709081645
10150514,14,2,0.22892838716506958,1.474346044138121
10146779,6,1,0.34185752272605896,1.0733612289377126
10147455,10,2,0.18653300404548645,1.6791470901634464
10147272,9,2,0.17329524457454681,1.752758523060922
10150500,6,2,0.269394189119339,1.3115795849514245
10146975,8,1,0.4761652946472168,0.7419902273684842
10146900,8,3,0.23213598132133484,1.460431952635742
10150773,8,7,0.023640144616365433,3.744808969019405
10150563,9,7,0.038979671895504,3.2447150021904823
10150916,8,2,0.19125500321388245,1.6541476460222104
10146841,13,7,0.05162070691585541,2.96383239017375
10150515,9,1,0.5968026518821716,0.51616878660016
10146773,10,1,0.38250407576560974,0.9610159701759516
10147458,12,2,0.19263148307800293,1.646976329435788
10147269,10,8,0.03013850934803486,3.5019515446035747
10150496,9,2,0.16436639428138733,1.80565723160231
10146906,11,1,0.4479391872882843,0.8030977984411003
10150560,6,1,0.5368463397026062,0.6220433712259974
10150920,6,2,0.21053968369960785,1.558081122489298
10146840,14,2,0.1761913299560547,1.736184772388458
10150517,14,1,0.28375646471977234,1.259638927292674
10146776,10,1,0.3089204430580139,1.174671501066079
10150544,10,3,0.16126297414302826,1.8247188667412457
10150497,7,1,0.3656396269798279,1.0061070563812975
10147460,11,2,0.1832112967967987,1.6971151649052532
10146978,9,2,0.2152613401412964,1.5359024534787695
10147274,9,3,0.13451538980007172,2.00607666418061
10146902,10,5,0.09412041306495667,2.363180326427159
10150556,9,1,0.40172481536865234,0.9119879636507856
10150917,10,1,0.2804034352302551,1.2715258727189471
10146838,14,3,0.12768760323524475,2.0581685979053983
10146771,10,8,0.0192475114017725,3.9503735044354427
10150545,7,4,0.132969930768013,2.0176322607723556
10146979,5,1,0.45484110713005066,0.7878071361197685
10147457,10,2,0.24135416746139526,1.4214898497307613
10147278,12,2,0.1570722460746765,1.8510494133970286
10150919,5,2,0.3432925045490265,1.0691724122872084
10150543,10,5,0.10575949400663376,2.2465876872450306
10146977,7,6,0.03996218740940094,3.2198215867249633
10147459,12,5,0.05524159222841263,2.896039127025658
10150539,10,2,0.23723092675209045,1.438721237760293
10147452,14,1,0.38332340121269226,0.958876256508551
10150540,7,7,0.057614516466856,2.8539807210384716
10147454,16,1,0.3966784179210663,0.9246293569723921
10150541,10,5,0.06696944683790207,2.703518780943446
10147453,12,2,0.24734337627887726,1.396977720406102
10150542,5,2,0.22673916816711426,1.4839549610634597
10168663,8,3,0.16643762588500977,1.7931346590582322
10168658,10,1,0.31015366315841675,1.1706874167076686
10168659,14,1,0.5019533038139343,0.6892481839080309
10168666,11,2,0.1828916370868683,1.6988614485953242
10168661,14,9,0.027832888066768646,3.5815369335225262
10172223,5,1,0.36249786615371704,1.0147366911772377
10172322,7,1,0.5239072442054749,0.646440625205125
10172358,11,3,0.20763231813907623,1.571986464762786
10168664,8,6,0.04080812633037567,3.1988740426405715
10172222,9,1,0.41799110174179077,0.8722951343830322
10172325,11,4,0.09487438201904297,2.3552015569208327
10172357,14,4,0.06319961696863174,2.7614570384706063
10172216,7,4,0.1323375552892685,2.022399383522844
10168665,10,2,0.20564042031764984,1.5816261678480315
10172324,11,1,0.5678601861000061,0.5658800417935563
10172337,6,4,0.12872672080993652,2.0500635650294647
10172224,4,2,0.39443862438201904,0.9302917290455914
10168660,13,1,0.2721370458602905,1.3014494944988526
10172320,14,1,0.4038352966308594,0.90674816575251
10172353,13,3,0.08274811506271362,2.491954043682728
10172338,5,1,0.3125074803829193,1.1631268728668298
10172218,8,1,0.44076576828956604,0.8192416823042498
10172326,12,5,0.027573488652706146,3.5909005239500154
10172356,8,1,0.3223130404949188,1.1322320302441704
10172340,8,3,0.1951359212398529,1.6340589312331224
10172219,8,1,0.4136401116847992,0.882758978660566
10172321,11,1,0.31763458251953125,1.1468536685106865
10172361,10,3,0.13558493554592133,1.998157004441416
10172339,11,4,0.10005035251379013,2.3020816945823883
10172217,7,2,0.19885413348674774,1.6151837205857318
10172323,11,11,0.00971399899572134,4.634187238443257
10172355,10,1,0.40800440311431885,0.896477312689348
10172343,13,1,0.3560732305049896,1.0326188656185036
10172220,9,2,0.24169838428497314,1.4200646760903548
10172327,12,3,0.14041204750537872,1.9631739826288916
10169065,6,3,0.13383539021015167,2.0111446654389287
10172359,8,1,0.4295105040073395,0.8451090814952038
10172342,7,1,0.53583163022995,0.6239352899635235
10172221,11,4,0.06256358325481415,2.7715719072943323
10172293,7,2,0.2868538796901703,1.2487823228726087
10169066,7,3,0.18616385757923126,1.6811280383547547
10168822,9,2,0.3000335395336151,1.2038610121295328
10172281,5,2,0.26935964822769165,1.3117078100861714
10172344,12,1,0.3732362985610962,0.9855435517132444
10172294,7,4,0.11888424307107925,2.12960500659816
10169067,7,3,0.11184769868850708,2.190617166237487
10172283,5,1,0.34839561581611633,1.054416617848418
10172341,12,7,0.03761664032936096,3.280308764536855
10172295,9,1,0.3878099322319031,0.9472399247638013
10169068,8,1,0.36725112795829773,1.0017093925692244
10168820,14,1,0.2921830415725708,1.23037481840461
10172282,8,2,0.23078034818172455,1.4662888944996872
10172296,6,3,0.1889963448047638,1.6660276037668427
10169069,8,2,0.2863757908344269,1.2504503766778448
10172285,6,1,0.35079577565193176,1.0475510605978586
10172297,8,3,0.17189006507396698,1.7609001630630112
10169063,9,1,0.327895849943161,1.1150592516826225
10168821,7,1,0.7100911736488342,0.34236190360118784
10172284,7,3,0.19060319662094116,1.6575615165441149
10172291,7,5,0.07507364451885223,2.5892857203026804
10169064,11,4,0.13620896637439728,1.993565055022443
10168823,10,1,0.3356209099292755,1.0917730002237271
10172286,6,2,0.1655343621969223,1.7985764791489258
10172292,7,7,0.016353722661733627,4.1132997218223935
10168825,11,3,0.1785634309053421,1.7228113856741523
10172280,7,2,0.2658585011959076,1.3247910621275678
10168818,10,3,0.2151673287153244,1.536339280457403
10172151,5,3,0.19710539281368256,1.6240167043977494
10172117,9,4,0.16256484389305115,1.8166783174655161
10172152,7,1,0.5323265790939331,0.630498107504582
10172155,8,2,0.25063568353652954,1.3837548542526577
10172121,15,4,0.13372769951820374,2.0119496396816197
10172156,9,2,0.17324718832969666,1.7530358700210356
10172119,12,1,0.4137006103992462,0.8826127300523687
10172306,9,6,0.07587093859910965,2.5787215585592143
10172475,7,1,0.3692224621772766,0.9963559380706573
10172318,8,1,0.37421756982803345,0.9829179132031635
10172149,11,3,0.1569686084985733,1.851709439494629
10172298,7,1,0.314651757478714,1.1562887835211735
10172118,12,7,0.06351754069328308,2.7564391798380723
10172234,6,1,0.2908838093280792,1.2348313722039135
10172478,5,2,0.31145143508911133,1.166511859525344
10172316,13,1,0.2555231750011444,1.3644421689463253
10172374,7,1,0.4693174958229065,0.7564757761971358
10172153,8,1,0.27004942297935486,1.3091502886633317
10176190,8,2,0.23937563598155975,1.429721262208731
10172303,7,3,0.20097854733467102,1.6045571062973323
10172116,11,7,0.04514158144593239,3.097951473958927
10172232,8,3,0.14629770815372467,1.9221116364668367
10172480,5,3,0.15935765206813812,1.8366042187625575
10176065,10,4,0.05491942539811134,2.9018881606623843
10172365,7,1,0.3884192109107971,0.945670082122869
10172150,9,4,0.11466458439826965,2.1657440697591466
10176191,6,1,0.6590052247047424,0.417023816279279
10168710,4,1,0.6114020943641663,0.4920004440092447
10172305,13,2,0.23177891969680786,1.4619712939858487
10176082,5,1,0.5275103449821472,0.6395868024836519
10172122,18,15,0.024176178500056267,3.7223874901212888
10176202,15,3,0.1532256007194519,1.8758439291125486
10172236,9,4,0.07197138667106628,2.63148664629961
10172473,6,1,0.4482576847076416,0.8023870228454284
10176060,9,1,0.35758212208747864,1.0283902310950594
10176045,6,1,0.3124949336051941,1.163167022400483
10172154,12,2,0.2915633022785187,1.2324981362923202
10176195,5,1,0.5660775303840637,0.5690242306826416
10168711,4,1,0.4350798428058624,0.8322257180559405
10172304,9,1,0.4585292935371399,0.7797310993872564
10176084,8,1,0.5001410245895386,0.6928651711492603
10172115,17,1,0.359149694442749,1.0240160012406134
10176199,9,2,0.25980719923973083,1.3478154644300695
10172474,5,2,0.2714539170265198,1.303962888723664
10176061,10,2,0.17476536333560944,1.7443109856490078
10172314,9,1,0.25593996047973633,1.3628123913849195
10176041,7,1,0.3868167996406555,0.9498040839763122
10172366,12,1,0.27036404609680176,1.3079859092723762
10176192,6,4,0.16424457728862762,1.8063986371479481
10168712,7,3,0.1796220988035202,1.7169000861203692
10172301,9,1,0.27153220772743225,1.3036745178136688
10176083,9,2,0.29936087131500244,1.2061055058679877
10172114,12,2,0.13039590418338776,2.0371800396194746
10176200,14,1,0.482369601726532,0.729044650217745
10172228,9,2,0.3696064054965973,0.9953166084757241
10172479,4,3,0.06547275930643082,2.726121111297956
10176062,10,3,0.11070004850625992,2.2009310010900456
10172310,9,2,0.21521218121051788,1.5361308481583673
10172663,8,1,0.5125635862350464,0.6683305049631774
10176042,10,2,0.1270720362663269,2.063001138633509
10172372,8,1,0.3264463543891907,1.1194896488519162
10176194,6,2,0.3437383770942688,1.0678744426623974
10172307,8,1,0.40388885140419006,0.9066155591601741
10176085,11,1,0.246640145778656,1.3998249043459672
10176198,10,1,0.34340015053749084,1.068858892145268
10172230,11,5,0.043791987001895905,3.128304423498438
10172476,4,1,0.35457274317741394,1.0368417546883537
10176063,10,6,0.046763475984334946,3.0626528084359097
10172312,14,1,0.2307126373052597,1.4665823372131417
10172671,9,1,0.37963974475860596,0.96853251604489
10176043,10,2,0.1923483908176422,1.648447015726588
10172371,11,5,0.09813838452100754,2.3213767094197153
10176196,6,1,0.37463533878326416,0.9818021560397281
10168707,8,2,0.34298112988471985,1.0700798482429261
10172302,16,4,0.07239490002393723,2.625619423729922
10176086,11,8,0.016188789159059525,4.123436303523711
10172608,8,4,0.07987286895513535,2.5273190463882633
10176204,8,2,0.1605267971754074,1.8292943897539966
10172235,15,10,0.033336907625198364,3.4010901586547964
10172477,5,4,0.08180659264326096,2.503397443960119
10176064,10,5,0.06830170750617981,2.6838205126274093
10172313,7,1,0.3126141428947449,1.1627856192326926
10172664,14,3,0.12700322270393372,2.063542817223976
10176044,9,6,0.08445838838815689,2.4714963110204926
10172370,10,3,0.19446411728858948,1.6375076198915726
10168708,10,7,0.04612342640757561,3.076434293028323
10176193,6,2,0.2229040414094925,1.5010139077116442
10172299,13,3,0.1535906344652176,1.8734644336612665
10176080,12,7,0.0301196426153183,3.5025777414821166
10172611,5,4,0.15347211062908173,1.8742364181752833
10176203,8,4,0.09128077328205109,2.393815101925516
10172233,11,10,0.018274134024977684,4.002268660243171
10176066,10,6,0.023902466520667076,3.73377362366805
10172319,9,2,0.19164171814918518,1.6521277015034128
10172665,10,2,0.22500596940517426,1.491628346439986
10176046,10,1,0.6132158637046814,0.4890382619592251
10172367,11,1,0.2405746728181839,1.4247247477398328
10168709,8,4,0.1056123673915863,2.247979799116827
10176189,7,7,0.026515735313296318,3.6300169368033526
10172300,10,1,0.36465156078338623,1.008813009337865
10176081,14,4,0.08566755056381226,2.457281164942743
10172610,7,3,0.12259228527545929,2.098891183434995
10176197,14,8,0.04107888042926788,3.192261147718967
10172231,12,2,0.1669631004333496,1.789982446468567
10172317,11,1,0.29551348090171814,1.219040822527782
10172667,10,2,0.2965261936187744,1.2156197217186075
10172373,11,3,0.14942921698093414,1.9009324632818192
10176096,9,1,0.4442407190799713,0.8113887033755696
10172612,10,2,0.10286469757556915,2.2743407700732026
10176201,11,7,0.03225534409284592,3.4340715411631604
10172666,10,1,0.34905779361724854,1.0525177727323458
10172368,10,2,0.1662571281194687,1.7942197244587403
10176097,9,2,0.26270413398742676,1.3367268458806703
10172606,9,2,0.28322651982307434,1.2615082781037867
10172669,12,3,0.16280090808868408,1.815227247488934
10176099,10,1,0.33507809042930603,1.0933916685628742
10172609,9,4,0.10254362970590591,2.277466915301974
10172668,15,15,0.006719642318785191,5.0027203522349035
10176098,8,1,0.38641291856765747,0.9508487440565379
10172607,10,4,0.12070916593074799,2.114371213987713
10172670,15,3,0.15614643692970276,1.8569610137669743
10176100,7,4,0.1475769430398941,1.9134055914850452
10176101,5,1,0.487682044506073,0.7180916336220168
10176095,8,1,0.3571680188179016,1.029548966972708
10172142,5,3,0.11232590675354004,2.186350751469669
10172139,8,1,0.4040471911430359,0.9062235980827259
10172169,11,1,0.32467925548553467,1.124917490163324
10172145,9,2,0.312267541885376,1.1638949525780453
10172174,4,4,0.16077809035778046,1.8277301855145924
10172140,8,3,0.17530934512615204,1.7412031791424003
10172171,10,4,0.056699540466070175,2.8699891729361204
10172141,10,4,0.04489525035023689,3.103423272674832
10172173,6,4,0.14615267515182495,1.9231034834403316
10176069,7,1,0.5932685136795044,0.522108176939538
10176148,11,1,0.3138622045516968,1.1588012283992357
10176340,6,1,0.44970378279685974,0.7991661734177286
10176028,5,4,0.09127373993396759,2.393892156696314
10172144,10,1,0.2371731847524643,1.4389646673533802
10176026,7,1,0.6293920874595642,0.46300086599176177
10172168,9,1,0.2889128625392914,1.241630150038975
10176075,7,5,0.02785678394138813,3.580678753712003
10176154,10,6,0.036772944033145905,3.3029929207020414
10176336,7,5,0.08646813035011292,2.447979368192059
10172146,11,1,0.3973190486431122,0.9230156720727821
10176029,6,3,0.16302306950092316,1.8138635575093864
10176020,11,3,0.09733764082193375,2.3295695113413224
10172172,8,1,0.31117522716522217,1.1673990940713495
10176071,9,4,0.11337016522884369,2.1770970155236515
10176149,9,1,0.4110925495624542,0.8889369084182688
10176334,9,4,0.15562056005001068,1.8603345419692756
10172143,11,1,0.3681829571723938,0.999175298130058
10176030,8,1,0.4870166778564453,0.7194569103741346
10176021,9,2,0.23960469663143158,1.4287648109653812
10176236,8,2,0.3023582696914673,1.1961426412512546
10172170,5,2,0.1693832278251648,1.775591510962475
10176070,8,1,0.44314002990722656,0.8138694642856684
10176150,11,3,0.19024519622325897,1.659441532371166
10176337,10,1,0.6765859127044678,0.3906958435669331
10176031,9,1,0.3658139407634735,1.005630433408541
10176022,8,2,0.24700598418712616,1.398342715169397
10176234,11,1,0.31087005138397217,1.1683802953319584
10172175,12,2,0.1719132959842682,1.7607650223810525
10176073,14,1,0.17167237401008606,1.762167420878473
10176151,10,1,0.25146377086639404,1.3804563520399582
10176339,8,3,0.15802907943725586,1.844976215818515
10176034,11,2,0.32538682222366333,1.1227405821786844
10176023,8,1,0.2860352694988251,1.2516401558395998
10176230,12,1,0.2942683696746826,1.223263105989387
10176359,6,1,0.4118458032608032,0.8871062636169244
10176072,10,9,0.008120064623653889,4.8134171662621545
10176338,9,2,0.2258053719997406,1.4880818365852686
10176153,8,1,0.37479057908058167,0.9813878647913539
10176024,8,1,0.24961519241333008,1.3878347772986024
10176033,10,1,0.24144326150417328,1.4211207755044124
10176231,14,3,0.15745314955711365,1.8486273280968186
10176364,13,2,0.2549685835838318,1.3666149430456875
10176074,14,7,0.03248107060790062,3.4270978021659912
10176152,8,1,0.30192437767982483,1.1975786979975351
10176333,8,6,0.05071156471967697,2.981601293416251
10176037,9,3,0.19195108115673065,1.6505147250597594
10176025,8,1,0.47654780745506287,0.7411872304797968
10176232,12,12,0.0027288177516311407,5.903886821592541
10176076,8,4,0.0865202322602272,2.4473769934322367
10176155,11,1,0.3590027093887329,1.0244253434785127
10176335,10,10,0.008711437694728374,4.743118439198477
10176032,13,5,0.0986056700348854,2.31662651360212
10176360,15,2,0.2002391517162323,1.6082428682028278
10176367,12,1,0.3607415556907654,1.0195934892507261
10176361,10,7,0.04107169434428215,3.1924360968297645
10176366,13,1,0.3513143062591553,1.0460739967730919
10176365,12,3,0.1429349184036255,1.9453658683775397
10176362,12,5,0.0794517919421196,2.5326048319161916
10175988,8,2,0.24679790437221527,1.3991854781854343
10179711,9,2,0.3204578161239624,1.138004630241943
10175989,5,1,0.46648627519607544,0.762526679929092
10179717,10,1,0.5314395427703857,0.6321658359853255
10176294,6,1,0.415072500705719,0.8793020735140848
10175990,8,4,0.07560683786869049,2.582208551888272
10179715,8,2,0.3183973729610443,1.1444550757964358
10176293,8,1,0.4242880642414093,0.8573426576399269
10179712,9,1,0.3522183895111084,1.0435038710204376
10176295,10,3,0.11220060288906097,2.187466912565188
10175993,12,1,0.4131406247615814,0.8839672481858867
10179713,10,1,0.3573322296142578,1.0290893147903393
10176296,10,1,0.5210939645767212,0.6518248992167099
10175991,7,4,0.09733298420906067,2.3296173522816104
10179716,14,4,0.14494192600250244,1.9314221271148149
10176290,13,3,0.1461566686630249,1.923076159570707
10175987,12,2,0.17992037534713745,1.715240885144183
10179714,14,1,0.26470866799354553,1.329125423804142
10176291,8,5,0.0776965394616127,2.554944559773926
10176292,14,6,0.06120947003364563,2.7934533623228615
10179522,6,1,0.37813395261764526,0.9725067741331256
10179382,6,1,0.4311428368091583,0.8413158358719806
10179393,8,1,0.40026015043258667,0.9156405671955561
10179529,11,2,0.17336438596248627,1.7523596223366051
10179379,7,3,0.1526460200548172,1.8796336324973981
10179396,6,4,0.10453937202692032,2.258191512727836
10179523,11,1,0.40618735551834106,0.9009407590295165
10179549,4,1,0.3933596909046173,0.9330308416612072
10179376,6,1,0.4477808475494385,0.8034513458316614
10179524,13,1,0.46243807673454285,0.7712426191350035
10179390,6,1,0.3946334719657898,0.9297978639383777
10179551,4,3,0.19981256127357483,1.6103755455067603
10179526,10,6,0.007612098939716816,4.878016331771852
10179391,8,1,0.5378691554069519,0.6201399539629081
10179521,9,4,0.16162356734275818,1.822485306011331
10179381,8,3,0.18516770005226135,1.6864933777458395
10179392,8,2,0.2216137945652008,1.5068190762034854
10179546,7,1,0.4278351366519928,0.8490173523452247
10179525,12,4,0.11545972526073456,2.1588335088711954
10179380,11,3,0.13920442759990692,1.971811724117069
10179394,11,2,0.1754700243473053,1.7402870521042995
10179527,12,5,0.07214481383562088,2.6290798766559456
10179547,6,2,0.27318018674850464,1.2976236767979001
10179378,8,3,0.18079450726509094,1.7103942116565047
10179395,8,1,0.48645108938217163,0.7206189181096739
10179550,9,2,0.14819662272930145,1.9092153549810194
10179548,8,2,0.15538933873176575,1.861821448731736
10190307,10,6,0.012030981481075287,4.42027016619922
10179440,12,1,0.35131821036338806,1.046062883981866
10179438,13,1,0.4446852207183838,0.810388616291686
10190324,9,1,0.8337188363075256,0.18185906019296696
10190314,12,3,0.19987046718597412,1.610085786329206
10179441,7,2,0.23592595756053925,1.444237262333208
10190323,11,1,0.7056154012680054,0.34868494733388006
10190272,8,1,0.3880952000617981,0.9465046084709313
10190312,14,7,0.033080264925956726,3.4088184002143165
10179446,13,7,0.0460866317152977,3.0772323555169456
10190273,7,1,0.6096566915512085,0.49485928098228443
10190309,12,2,0.09508752822875977,2.3529574617873563
10179442,6,1,0.4956202805042267,0.7019452089501368
10190430,7,6,0.007213003002107143,4.931869909252849
10190325,10,2,0.27908024191856384,1.2762559330684073
10190271,10,2,0.2440955936908722,1.4101953529920632
10190310,14,1,0.3494534492492676,1.0513849185990054
10190375,6,1,0.5187603235244751,0.6563133068651742
10179445,7,2,0.31262603402137756,1.1627475822444338
10190432,7,2,0.16730952262878418,1.7879097531305248
10190322,12,2,0.201999232172966,1.5994913827120874
10190267,7,2,0.25289788842201233,1.3747694747993096
10190306,12,2,0.16079792380332947,1.827606833991464
10190376,10,1,0.32501083612442017,1.1238967552869363
10179443,6,1,0.32554543018341064,1.1222532566166163
10190429,10,2,0.23162046074867249,1.4626551919839823
10190319,12,2,0.1878439486026764,1.6721437214673256
10190268,5,1,0.3401212692260742,1.0784530507707135
10190550,4,3,0.25627148151397705,1.3615179217446352
10190308,9,4,0.09533527493476868,2.350355390589165
10190373,9,2,0.24883756041526794,1.3909549632120692
10179439,12,1,0.4742727279663086,0.7459727472957046
10190426,8,1,0.4214182198047638,0.8641295421804014
10190320,9,1,0.2816489636898041,1.2670937930736967
10190269,7,3,0.15025439858436584,1.8954254308913951
10190551,10,1,0.5677757859230042,0.5660286812858524
10190370,9,1,0.48233509063720703,0.729116197686339
10179444,15,6,0.055204086005687714,2.8967183065964
10190427,10,7,0.006127753295004368,5.09492710600236
10190321,12,3,0.09753289073705673,2.327565616972092
10190270,7,4,0.11050555855035782,2.2026894556663668
10190547,12,3,0.2054307758808136,1.582646158822592
10190377,14,3,0.1307874470949173,2.03418181478682
10179447,10,9,0.03636926785111427,3.3140311507573696
10190428,8,3,0.15867535769939423,1.8408949395025949
10190371,8,3,0.19814516603946686,1.6187553551039442
10190431,10,1,0.39996516704559326,0.916377818052063
10190374,7,1,0.4784947335720062,0.7371100742688051
10190548,11,4,0.10686071962118149,2.2362289782324254
10190372,11,6,0.044468749314546585,3.1129685991062837
10190549,13,3,0.1464361548423767,1.9211657486385036
10190553,11,2,0.22619332373142242,1.4863652306277217
10193783,6,3,0.10431516170501709,2.260338561240766
10193786,8,1,0.3278292715549469,1.11526231966419
10193784,9,4,0.08942776918411255,2.4143240277622735
10193905,8,1,0.427428275346756,0.8499687816481045
10193787,8,6,0.08496755361557007,2.4654858175360377
10193907,7,4,0.06363644450902939,2.754568945881734
10193788,7,1,0.33827194571495056,1.083905133873411
10193906,8,1,0.5174175500869751,0.6589050900393802
10193789,12,3,0.1837596446275711,1.6941266544975313
10193908,12,1,0.4380764663219452,0.8253618031994077
10193785,7,4,0.11581434309482574,2.155766860590871
10190900,9,5,0.014521448872983456,4.23212848992291
10193903,12,1,0.22826337814331055,1.4772551494248365
10193790,8,2,0.23608146607875824,1.4435783382737237
10193917,5,4,0.11301573365926743,2.180228234039497
10190898,12,3,0.19436900317668915,1.637996848348673
10193904,10,3,0.1679392158985138,1.7841531751758486
10193918,8,3,0.24710769951343536,1.3979310069690323
10190901,11,2,0.24141331017017365,1.4212448344312039
10190899,12,1,0.4627295732498169,0.7706124705885756
10193923,12,2,0.2762017250061035,1.286623792530056
10190895,8,4,0.1428331583738327,1.9460780545338203
10193921,9,1,0.346004456281662,1.0613036245805831
10190896,11,1,0.41953781247138977,0.8686016201372342
10193916,9,1,0.44733744859695435,0.8044420506148375
10190897,13,1,0.36907726526260376,0.9967492659052705
10193919,10,2,0.21696951985359192,1.5279983968115032
10193922,11,1,0.46335846185684204,0.7692543087727315
10193739,9,3,0.1213909313082695,2.1087391040673418
10193737,6,2,0.28134337067604065,1.2681793959322873
10197707,10,1,0.3851547837257385,0.9541099898377622
10190345,6,1,0.48399344086647034,0.7256839242861138
10197617,6,1,0.5128233432769775,0.667823853200781
10197730,12,1,0.6435579657554626,0.440743177128746
10193736,11,1,0.6490491628646851,0.43224681342952104
10197715,8,3,0.15627190470695496,1.8561578100668317
10190342,7,1,0.45724615454673767,0.7825334017044533
10197618,8,4,0.09515392035245895,2.3522594842762543
10197725,9,3,0.0959819033741951,2.343595611802689
10197712,6,1,0.27906930446624756,1.2762951249028844
10190346,10,1,0.43973055481910706,0.8215931150593555
10197727,9,1,0.5461114645004272,0.6049321766358045
10193738,13,6,0.04325602948665619,3.140618645224836
10197709,7,1,0.4896766245365143,0.7140100556657555
10197622,8,1,0.2523634433746338,1.3768849948799797
10197723,12,1,0.24895019829273224,1.3905024093779652
10193743,10,1,0.37147364020347595,0.9902773723795008
10197710,15,1,0.4206884801387787,0.865862671363903
10190340,9,1,0.18979206681251526,1.6618261912956853
10197616,7,2,0.26955363154411316,1.3109879045574693
10197724,12,1,0.33197692036628723,1.1026898294510794
10193741,9,1,0.3717060089111328,0.989652035785567
10197708,9,4,0.11215571314096451,2.187867077352075
10190344,10,3,0.1656539887189865,1.7978540713291105
10197621,11,3,0.13160043954849243,2.027984920062361
10197728,9,2,0.2277458906173706,1.4795247863972985
10193742,8,4,0.18937240540981293,1.6640398036186288
10197716,15,1,0.23109276592731476,1.4649360649727277
10190347,10,2,0.30281707644462585,1.1946263638814265
10197623,10,4,0.1126270666718483,2.183673213194485
10197729,13,3,0.1298602670431137,2.0412962755115367
10197713,10,2,0.19541233777999878,1.6326434002204129
10190343,14,7,0.05857166275382042,2.8375042701111313
10197619,9,6,0.015190573409199715,4.18708021396253
10197726,12,8,0.030829045921564102,3.4792979839928964
10197711,16,1,0.17263391613960266,1.7565820182484824
10190341,10,1,0.263839453458786,1.3324144916603118
10197633,9,3,0.1552749127149582,1.8625581026688995
10197593,6,1,0.3424655795097351,1.0715841241118929
10197714,14,1,0.2624269723892212,1.3377824360773891
10197634,9,3,0.10723036527633667,2.232775812280676
10197589,7,1,0.3619818091392517,1.016161319415532
10197636,7,3,0.1284293234348297,2.0523765381393604
10197595,6,2,0.27793067693710327,1.2803835599233557
10197635,10,5,0.06895190477371216,2.6743460496898526
10197590,7,3,0.13811112940311432,1.9796966323635439
10197637,9,1,0.5774659514427185,0.5491057968650587
10197591,7,2,0.23294508457183838,1.456952541728226
10197638,8,7,0.0466788150370121,3.064464856697205
10197594,9,2,0.26361989974975586,1.3332469869810402
10197632,8,2,0.2520821988582611,1.3780000587123031
10197483,12,6,0.02951951138675213,3.522703831326141
10197515,7,5,0.10801838338375092,2.2254538498268928
10197479,12,3,0.18063662946224213,1.7112678376219912
10197480,7,2,0.22430641949176788,1.4947422177506409
10197481,9,2,0.16795894503593445,1.7840357042293662
10197517,11,2,0.19126972556114197,1.654070671405098
10197674,8,2,0.28818824887275696,1.244141370457732
10197475,14,10,0.02049257606267929,3.8876926017114264
10197575,6,3,0.13248863816261292,2.0212583869487064
10197605,13,2,0.1566721349954605,1.8535999693289371
10197523,13,5,0.05814797058701515,2.8447643002478773
10197579,12,1,0.4892563819885254,0.714868628358683
10197482,9,3,0.15864357352256775,1.8410952690373654
10201163,14,1,0.41253283619880676,0.8854394734693464
10197610,15,1,0.1907128393650055,1.6569864410857618
10197804,7,3,0.09097591042518616,2.3971605281123205
10197676,7,1,0.42383283376693726,0.8584161614747193
10197522,15,1,0.20377051830291748,1.5907608286042023
10197578,7,2,0.18278463184833527,1.6994466943477973
10197477,9,1,0.22828106582164764,1.4771776644019443
10201160,10,2,0.2577904164791107,1.3556083634150786
10197608,13,4,0.10966206341981888,2.210351792661114
10197800,13,1,0.2343532294034958,1.450925774450226
10201091,8,4,0.15662255883216858,1.8539164519549276
10197670,8,4,0.07334208488464355,2.612620689082209
10197518,16,4,0.13211923837661743,2.024050443109698
10197574,8,2,0.1595253348350525,1.8355525302795923
10200941,9,4,0.08906560391187668,2.4183820581860775
10201149,5,3,0.16163797676563263,1.8223961557666044
10197478,9,1,0.36128073930740356,1.0180999516671887
10201162,14,1,0.4158373177051544,0.8774611584147948
10197609,8,2,0.20428040623664856,1.5882616885780383
10197801,8,4,0.08773782849311829,2.433402132887947
10201093,9,1,0.5581151247024536,0.5831900212101198
10197673,8,3,0.17617394030094147,1.736283474823659
10200937,6,1,0.33258646726608276,1.1008554007658014
10197520,16,5,0.09248821437358856,2.3806740547587997
10201150,5,1,0.4484124183654785,0.802041893329361
10197577,9,2,0.27156713604927063,1.303545891910188
10197476,10,5,0.044157177209854126,3.119999800934691
10201164,9,1,0.4580630660057068,0.7807484056451316
10197612,10,8,0.005810398608446121,5.14810610316599
10198043,10,1,0.3960556387901306,0.9262005756018581
10197805,10,1,0.40174853801727295,0.9119289134071714
10201087,7,2,0.23684249818325043,1.4403599233955964
10197672,11,3,0.1906573474407196,1.6572774545241342
10200939,7,1,0.47287023067474365,0.7489342818852647
10197524,16,5,0.07455039024353027,2.59628000313009
10201153,8,1,0.5136750936508179,0.6661643269147631
10197570,8,2,0.21153075993061066,1.5533848540465791
10197778,5,2,0.19251541793346405,1.6475790353007318
10201159,10,1,0.39674684405326843,0.9244568741043738
10197611,10,3,0.15585550665855408,1.8588259403255905
10198035,8,1,0.3333193361759186,1.0986542810220206
10197798,11,2,0.1705382913351059,1.7687954248628732
10201088,10,1,0.3684813678264618,0.9983651308387593
10197667,10,2,0.20688219368457794,1.575605760357722
10200936,13,7,0.04236336797475815,3.1614712530347164
10201151,6,3,0.20878861844539642,1.5664329338204708
10197571,7,4,0.1029120609164238,2.2738804329385514
10197781,12,2,0.1746544986963272,1.7449455497081756
10201157,11,3,0.19432641565799713,1.6382159788904742
10197606,8,1,0.4006381332874298,0.9146966698478158
10197802,10,4,0.1197793111205101,2.122104303368653
10201092,9,1,0.25256502628326416,1.3760865335871286
10197671,10,2,0.26431357860565186,1.3306190829607758
10197969,8,1,0.46564120054244995,0.7643398973422775
10200935,11,1,0.4239482581615448,0.8581438638346335
10201152,7,6,0.05318901315331459,2.933903423637201
10197779,9,3,0.13224166631698608,2.0231242248455947
10197572,9,1,0.3486115634441376,1.0537969753501586
10201161,11,3,0.1059955582022667,2.2443580895002575
10197604,9,1,0.4332326650619507,0.8364803625845892
10198042,7,1,0.5286866426467896,0.6373593805826975
10197803,11,8,0.031918663531541824,3.4445643765896725
10201089,13,3,0.1553570032119751,1.862029563940463
10197678,15,7,0.03505643084645271,3.3507962059702767
10200938,15,3,0.18664298951625824,1.678557633843351
10197965,10,4,0.09206943958997726,2.3852122084829506
10201154,8,1,0.30994319915771484,1.1713662268148424
10197573,12,5,0.0919031947851181,2.3870194865128993
10197782,4,2,0.25435179471969604,1.3690369516356582
10201158,11,1,0.4542976915836334,0.7890025874895759
10197613,12,2,0.14832207560539246,1.9083691831592693
10198041,12,1,0.24297939240932465,1.414778644137626
10197806,12,7,0.03514743223786354,3.3482037149482378
10201090,11,1,0.31731879711151123,1.1478483413297818
10197669,11,1,0.45682480931282043,0.7834553110100078
10200940,13,5,0.11780134588479996,2.1387555826618363
10197966,10,5,0.09503885358572006,2.3534694858803684
10201148,10,2,0.17370110750198364,1.750419229808463
10197780,5,1,0.48267412185668945,0.7284135489881882
10197576,13,10,0.029774293303489685,3.514109898581983
10197607,12,1,0.3617457151412964,1.016813758347062
10198036,8,3,0.12042292207479477,2.1167453815468793
10197799,10,4,0.12010063230991364,2.119425285048163
10197967,9,1,0.29610195755958557,1.2170514327529611
10197777,11,3,0.12276096642017365,2.097516176826157
10198039,15,1,0.32239946722984314,1.1319639208639227
10197797,13,3,0.13332678377628326,2.0149521434266493
10201134,8,4,0.09192509204149246,2.3867812505280472
10197968,9,3,0.23476779460906982,1.449158361385066
10198044,11,2,0.24110446870326996,1.4225249593202811
10201132,7,5,0.09407715499401093,2.3636400355738147
10197970,12,1,0.30458691716194153,1.1887987903235255
10198037,13,5,0.061012350022792816,2.796678975910916
10201130,11,3,0.05549062788486481,2.891541139428748
10197971,10,3,0.1111157163977623,2.197183130615286
10198040,11,2,0.17492249608039856,1.743412282699312
10201131,13,6,0.04779113829135895,3.0409150480659997
10201133,7,1,0.4203222692012787,0.8667335543126241
10201128,8,3,0.22173957526683807,1.5062516700955337
10197491,8,2,0.33303597569465637,1.0995047597179781
10197494,14,5,0.08745227009057999,2.4366621191285476
10201171,8,2,0.2774532735347748,1.282102743632237
10197499,8,1,0.36727359890937805,1.0016482075600195
10200957,5,1,0.4172109067440033,0.8741634134743121
10201174,4,1,0.5206034183502197,0.6527667202691614
10197493,7,1,0.30358725786209106,1.1920862044926488
10200986,9,6,0.041254233568906784,3.18800153949425
10201136,8,5,0.029174240306019783,3.534469140359519
10200960,5,3,0.16816779971122742,1.7827929902505746
10201167,6,2,0.25281113386154175,1.3751125755054425
10201240,6,1,0.6495063900947571,0.4315426044368056
10197495,12,5,0.09109369665384293,2.3958666686156334
10200990,6,1,0.6077192425727844,0.4980422757497682
10200962,10,1,0.791536271572113,0.23377957434074023
10201169,8,1,0.7031471729278564,0.35218905925583527
10201241,5,3,0.2534065246582031,1.3727602629727438
10197496,11,1,0.26268085837364197,1.3368154499106233
10200987,9,6,0.045898210257291794,3.0813291548917188
10200958,8,1,0.5100968480110168,0.6731546732313026
10201170,8,2,0.20234791934490204,1.5977666901697518
10201242,7,4,0.10715038329362869,2.233521979900226
10197498,13,8,0.03948197513818741,3.231911036838788
10200988,10,1,0.5460271239280701,0.6050866269471815
10201139,7,3,0.21602670848369598,1.5323532285545698
10200961,8,2,0.1454785317182541,1.9277267515850658
10201172,8,2,0.26336467266082764,1.3342156191659116
10201243,5,5,0.051861342042684555,2.9591816210212514
10200984,12,5,0.12468994408845901,2.0819250703781136
10201141,8,3,0.14262716472148895,1.9475212932008694
10200959,7,2,0.2846282422542572,1.256571363343809
10201173,9,1,0.3393000364303589,1.0808704998227898
10201245,9,2,0.19158366322517395,1.6524306820849552
10201300,10,4,0.0802571028470993,2.5225200118905797
10200985,10,8,0.011923735029995441,4.42922432498354
10201135,9,2,0.289892315864563,1.2382457495646249
10200963,16,4,0.07926759868860245,2.53492582540631
10201168,7,4,0.14814703166484833,1.90955004117511
10201244,12,2,0.25718575716018677,1.3579566646676122
10200989,13,2,0.26628854870796204,1.3231747885590068
10201138,9,3,0.13722606003284454,1.9861256397966829
10204868,9,3,0.1433495730161667,1.9424690652678207
10204785,9,3,0.11759380251169205,2.1405189446368
10204936,7,2,0.25363895297050476,1.3718434681729221
10204870,9,2,0.28162944316864014,1.2671631034571025
10204755,7,5,0.03946804255247116,3.2322639838366083
10204787,6,1,0.43607544898986816,0.8299400024623058
10204869,12,1,0.47269538044929504,0.7493041139209997
10204938,7,2,0.32022443413734436,1.1387331723448204
10204753,7,4,0.0639951229095459,2.748948403064524
10204867,10,1,0.5104604363441467,0.672442144196262
10204781,7,1,0.4752380847930908,0.7439393693785168
10204937,6,2,0.2601124346256256,1.346641300574423
10204865,12,3,0.16014252603054047,1.8316910725733304
10204782,6,1,0.7042026519775391,0.3506891063245966
10204940,10,2,0.29450690746307373,1.2224528212824546
10204871,11,2,0.23847681283950806,1.4334831941786976
10204754,9,1,0.4273546636104584,0.8501410165702694
10204783,6,1,0.356818288564682,1.0305286224018775
10204939,9,1,0.31703999638557434,1.1487273415004926
10204864,10,1,0.2516104280948639,1.3798733078968586
10204749,13,3,0.13319838047027588,2.0159156795813273
10204784,6,1,0.3526017963886261,1.0424159143387015
10204866,9,3,0.12016981840133667,2.118849383241425
10204935,10,3,0.12231481820344925,2.101157080885783
10204750,9,4,0.13882264494895935,1.9745580961693707
10204786,7,7,0.04362339898943901,3.1321615985154714
10204933,9,2,0.17743484675884247,1.72915179796343
10204751,9,1,0.3554367125034332,1.0344080694873055
10204934,5,5,0.06516030430793762,2.7309048250944095
10218747,5,1,0.3999473750591278,0.9164223028814209
10218748,9,3,0.12030694633722305,2.1177089158794438
10218749,10,4,0.06518471986055374,2.7305301954826167
10218750,9,1,0.3549886643886566,1.0356694213160949
10218764,8,3,0.19664783775806427,1.6263407755471009
10218753,12,5,0.1089116632938385,2.2172181538245983
10218769,7,3,0.21027036011219025,1.5593611471852444
10218752,10,4,0.05210162699222565,2.9545591024527176
10218765,9,1,0.5756936073303223,0.552179691530303
10218845,9,1,0.444579541683197,0.8106262936182874
10218746,8,5,0.08627665042877197,2.450196280319879
10218770,8,2,0.2232644259929657,1.4993984432036
10218751,9,4,0.133949413895607,2.010293058547139
10218768,11,1,0.5538765788078308,0.5908133989897584
10218771,10,1,0.39153164625167847,0.9376889334804969
10218847,11,4,0.13076654076576233,2.034341677225703
10218766,11,2,0.22712862491607666,1.4822387923884208
10218850,12,1,0.22613319754600525,1.4866310836473566
10218834,9,2,0.2978993058204651,1.210999749509103
10215370,10,3,0.09653806686401367,2.3378178731473596
10218767,12,1,0.3651791512966156,1.0073672203448865
10218849,14,1,0.2516985237598419,1.3795232419361678
10215371,12,5,0.0647398829460144,2.737377838548472
10218836,8,1,0.4575599730014801,0.7818473143300859
10218838,4,1,0.6252841949462891,0.46954902068180693
10215372,11,2,0.18625763058662415,1.6806244529690861
10218839,12,8,0.026541486382484436,3.62904624627765
10215375,8,7,0.06373566389083862,2.7530110003766404
10218837,9,4,0.1134856790304184,2.176078625964984
10215368,8,1,0.5397642850875854,0.6166227438187102
10218832,11,2,0.2965810000896454,1.215434910367107
10215369,8,1,0.5502169728279114,0.5974425824979808
10218833,11,1,0.2860284745693207,1.2516639116870036
10218763,6,2,0.288015753030777,1.2447401023185423
10218757,7,7,0.030144937336444855,3.501738285780867
10218758,11,3,0.15177734196186066,1.8853406875996894
10222496,10,4,0.1323331743478775,2.0224324883652076
10218762,11,4,0.031626954674720764,3.4537455259481735
10222599,5,2,0.2784890830516815,1.2783764194793992
10222492,9,5,0.09181207418441772,2.388011462941244
10222592,9,3,0.07992886006832123,2.526618289070814
10222624,10,2,0.26655417680740356,1.3221777659528011
10218759,13,4,0.11347134411334991,2.176204948710048
10222597,8,3,0.1637205332517624,1.809594370267207
10222493,10,1,0.31551477313041687,1.1535497735949882
10222629,9,2,0.2648184299468994,1.3287108578438622
10222587,6,3,0.1433166116476059,1.9426990286919665
10218760,13,8,0.014862542040646076,4.208911188330309
10222600,10,1,0.2933906018733978,1.2262504455742944
10222495,9,1,0.3980841636657715,0.9210918295566741
10218761,11,5,0.0637533962726593,2.7527328214974127
10222601,12,1,0.32620522379875183,1.120228574825496
10222626,10,1,0.37084054946899414,0.9919830945569487
10222984,9,1,0.24303461611270905,1.414551392648353
10222627,11,3,0.11665304005146027,2.148551219547299
10222594,13,2,0.26071399450302124,1.3443312789961954
10222490,9,2,0.23354919254779816,1.4543625493390837
10222990,6,2,0.17369696497917175,1.750443078661639
10222630,10,8,0.014318021014332771,4.246236324322898
10222728,5,1,0.46325916051864624,0.7694686395520693
10222595,12,1,0.29261457920074463,1.2288989652507192
10222491,10,3,0.16646502912044525,1.792970026934785
10222623,8,1,0.42415764927864075,0.8576500785195836
10222593,10,9,0.03399375081062317,3.381578570946762
10222729,5,2,0.2532923221588135,1.3732110336900676
10222598,12,5,0.06476965546607971,2.736918065145604
10222628,10,1,0.41564738750457764,0.8779180043499999
10222494,12,9,0.013906090520322323,4.275428367882925
10222730,5,4,0.16294215619564056,1.8143600111220168
10222591,11,7,0.04106376692652702,3.1926291295992186
10222596,12,1,0.3142915368080139,1.1574342626553342
10222731,4,1,0.40972840785980225,0.8922607586348942
10222583,7,1,0.5198590755462646,0.6541975127009969
10222584,11,4,0.05048009008169174,2.9861762762481616
10222615,4,4,0.12867635488510132,2.0504549039856292
10223044,8,1,0.32591041922569275,1.121132723027723
10222611,5,1,0.4146746098995209,0.8802611388283501
10222585,7,2,0.18147854506969452,1.7066178412468633
10222612,4,1,0.45299017429351807,0.7918848440356256
10222581,12,5,0.05964725837111473,2.819307093420483
10222613,6,5,0.05141638219356537,2.967798437582187
10222578,7,3,0.15087811648845673,1.8912829436819565
10222614,7,2,0.2863510847091675,1.2505366520957786
10222579,12,1,0.26472845673561096,1.329050669914963
10222616,8,5,0.11290156096220016,2.1812389818618683
10222582,11,3,0.1665901243686676,1.792218828505369
10222449,6,5,0.05894066020846367,2.831224100370144
10222447,5,1,0.31138813495635986,1.1667151225677508
10222430,13,4,0.08537214994430542,2.460735344438381
10222444,10,1,0.6147906184196472,0.4864735269987843
10222431,11,1,0.2870449423789978,1.2481164818269779
10222983,9,1,0.341213583946228,1.0752466518879678
10222636,7,1,0.3152233064174652,1.1544739820521888
10222536,8,1,0.33292439579963684,1.0998398544198245
10222524,13,2,0.186258465051651,1.6806199728135351
10222448,8,4,0.1259501576423645,2.071869024557747
10222992,8,4,0.12668047845363617,2.0660872804508466
10222434,9,3,0.15820643305778503,1.843854560393265
10222532,9,3,0.12421386688947678,2.0857504660413935
10222522,9,3,0.1709347367286682,1.7664734518863732
10226429,10,1,0.5734903812408447,0.556014114583277
10222982,7,5,0.06175204738974571,2.78462814791446
10222688,5,2,0.216705322265625,1.529216810217086
10226341,9,3,0.21893899142742157,1.5189621659326624
10222639,8,1,0.5419469475746155,0.6125871650369767
10222774,5,1,0.43869566917419434,0.8239493428117528
10226383,10,2,0.3843783140182495,0.9561280186224262
10222428,10,1,0.4942297637462616,0.7047547611256845
10226442,5,5,0.011148711666464806,4.496431333360455
10222533,12,1,0.38471341133117676,0.9552566080400803
10226478,9,2,0.3069484531879425,1.1810754504178187
10222525,9,2,0.20725402235984802,1.573810076904899
10226424,11,1,0.4340457320213318,0.8346053771120696
10222443,8,7,0.034757427871227264,3.35936197812298
10222687,7,1,0.3293953537940979,1.1104965663954578
10226342,11,1,0.35267969965934753,1.042195000359036
10223000,4,3,0.19965605437755585,1.611159120976246
10226380,10,3,0.18412509560585022,1.692139884955213
10222433,10,1,0.23492273688316345,1.4484985981182965
10226489,7,1,0.3188915550708771,1.142904186750201
10226444,10,1,0.48818740248680115,0.7170559253570233
10222534,11,2,0.18554562330245972,1.6844544794526752
10226477,10,2,0.20909318327903748,1.5649752733704974
10222519,8,1,0.342789888381958,1.0706375898290397
10226422,11,3,0.25931456685066223,1.3497134104193456
10222446,9,1,0.3169557750225067,1.1489930258074275
10222685,7,1,0.4168217182159424,0.8750966828564971
10226346,8,1,0.3459353744983673,1.061503300276218
10222637,8,1,0.485477477312088,0.7226223830331464
10222776,5,1,0.38367968797683716,0.9579472203813365
10226387,13,1,0.48071277141571045,0.7324853360646318
10222429,18,4,0.07587102800607681,2.5787203801513
10226490,6,4,0.14907634258270264,1.9032967379246228
10222986,10,1,0.44193682074546814,0.8165883466111525
10222521,7,1,0.3170948922634125,1.1485542052200013
10226425,12,4,0.13400448858737946,2.0098819826714927
10226439,9,1,0.26609790325164795,1.3238909805799022
10222691,11,1,0.4436112940311432,0.8128065638860582
10226347,7,3,0.12403561919927597,2.08718650301888
10222631,10,9,0.010858387686312199,4.522817439005309
10222777,6,2,0.23995289206504822,1.4273126579684863
10226381,9,2,0.21046221256256104,1.5584491547409771
10222437,16,3,0.1375608742237091,1.98368873822084
10226491,6,1,0.342166543006897,1.072457692593476
10222539,9,2,0.19922347366809845,1.6133281010749017
10226474,9,2,0.2442842572927475,1.4094227428572257
10222526,12,2,0.23267681896686554,1.4581048313117573
10226440,12,2,0.1586925983428955,1.8407862918386453
10226427,11,1,0.45597419142723083,0.7853190688167647
10222690,13,4,0.11508551239967346,2.1620798408579307
10222778,5,3,0.19530704617500305,1.6331823630252713
10226343,8,2,0.3040381073951721,1.190602232158388
10222638,9,1,0.4236535429954529,0.8588392733478425
10226385,10,3,0.13130666315555573,2.0302197513939353
10226492,9,4,0.1353880912065506,1.999609875056291
10226443,12,1,0.3387187421321869,1.0825851851942734
10222530,11,1,0.31350380182266235,1.1599437919566573
10222948,14,1,0.36731573939323425,1.00153347547311
10226475,10,1,0.5254639387130737,0.6434737138303003
10222518,9,8,0.05031120404601097,2.9895274822268076
10226423,12,10,0.014959132298827171,4.202433309533249
10222998,7,2,0.26945072412490845,1.311369747187766
10226344,8,2,0.19565220177173615,1.6314166767640121
10222640,11,3,0.14713560044765472,1.9164006653759451
10226384,9,5,0.0616874061524868,2.7856754831271937
10226493,9,1,0.41766664385795593,0.8730716673640221
10226445,12,5,0.08104220032691956,2.5127852682883844
10222537,9,1,0.35872650146484375,1.0251950151968925
10226476,10,1,0.32934024930000305,1.110663870224079
10222520,9,1,0.2363397479057312,1.442484899431178
10226426,12,11,0.0051153795793652534,5.275503673267338
10222436,11,2,0.2284197211265564,1.4765704602405703
10222877,12,3,0.21678349375724792,1.5288561481211755
10222997,13,1,0.4895462989807129,0.7142762372541169
10226345,12,3,0.13120204210281372,2.0310168377852476
10222632,14,7,0.03696776181459427,3.297709048450664
10226386,12,4,0.10895657539367676,2.2168058670154243
10226487,9,1,0.29040274024009705,1.2364865599875272
10226479,9,5,0.0909862145781517,2.397047272092955
10222531,16,2,0.14203839004039764,1.9516579055223338
10226441,12,9,0.036145079880952835,3.3202144425184072
10226428,7,1,0.3519996404647827,1.044125124791429
10222527,10,1,0.25945836305618286,1.3491590399003242
10226530,10,6,0.04586034640669823,3.082154448011386
10222879,13,4,0.09383590519428253,2.366207711626054
10222692,9,4,0.07753322273492813,2.557048754029364
10222634,9,7,0.04959925636649132,3.003779437974708
10226382,10,2,0.2259899079799652,1.4872649356628196
10226488,11,6,0.05586501955986023,2.884816862855622
10222535,15,14,0.008358780294656754,4.784442760297972
10222985,12,2,0.22344249486923218,1.4986011916841713
10226528,4,1,0.5578697919845581,0.5836296915285608
10222880,12,3,0.10501124709844589,2.2536878193377454
10222684,11,3,0.16935434937477112,1.7757620172919015
10226524,9,4,0.08631786704063416,2.4497186682467955
10222883,13,2,0.19994094967842102,1.6097332076373325
10226525,8,5,0.09912434965372086,2.311380159919055
10222882,14,4,0.10616160929203033,2.2427927299544854
10226529,10,6,0.05783975496888161,2.850078937501569
10222884,13,3,0.10033857077360153,2.29920510386242
10226526,11,1,0.33404409885406494,1.0964822622237593
10222885,10,5,0.06832755357027054,2.683442173987569
10226527,5,4,0.1384756863117218,1.977060518861337
10222473,14,1,0.3399447202682495,1.0789722620370266
10222468,13,1,0.5964491367340088,0.5167613105953105
10222469,9,1,0.21968574821949005,1.515557170974282
10226360,11,1,0.6908828020095825,0.3697850759529669
10226600,7,1,0.46644559502601624,0.7626138892342588
10222472,9,2,0.17675365507602692,1.7329982950640963
10226588,10,1,0.43906402587890625,0.8231100317146227
10226361,11,3,0.13517867028713226,2.0011578919677757
10226791,5,3,0.2033126801252365,1.5930101887963666
10226416,12,1,0.45380493998527527,0.7900878208752948
10222474,13,2,0.14475348591804504,1.9327230804836355
10226590,14,2,0.27607354521751404,1.287087980581928
10226359,10,1,0.5153396129608154,0.662929153012798
10226601,11,5,0.06192462146282196,2.7818374164583086
10226793,5,1,0.6046389937400818,0.5031237036121627
10226419,10,4,0.1731768101453781,1.7534421824335507
10222470,12,3,0.15775172412395477,1.846732848150146
10226591,12,2,0.35322490334510803,1.0406503049657816
10226354,11,1,0.26664668321609497,1.321830780729951
10226597,9,2,0.3328350782394409,1.1001081722259232
10226413,9,5,0.05486917868256569,2.902803496447453
10226595,9,1,0.33709803223609924,1.087381494089034
10222471,12,1,0.21794819831848145,1.523497866822009
10226355,13,2,0.18074996769428253,1.7106405966747726
10226598,10,1,0.3167652487754822,1.1495943195805869
10226414,13,2,0.17528153955936432,1.741361800304904
10226589,12,1,0.3924286365509033,0.9354005759952215
10226603,12,1,0.23732048273086548,1.4383438035011227
10226357,11,1,0.35193464159965515,1.044309797897906
10226592,11,5,0.09273003786802292,2.3780628258014573
10226418,13,1,0.26901736855506897,1.3129793343454492
10226599,8,2,0.21658509969711304,1.5297717385769263
10226358,14,2,0.20866109430789948,1.5670439015014532
10226593,9,1,0.30220097303390503,1.196663009314449
10226415,12,5,0.08839330077171326,2.425959095335641
10226602,11,2,0.2975286543369293,1.2122447415357245
10226680,10,2,0.2983522415161133,1.2094804720001597
10226356,14,10,0.021657593548297882,3.8323991447681034
10226594,9,1,0.5094974040985107,0.6743305213303533
10226421,11,4,0.08619212359189987,2.4511764791311683
10226685,10,4,0.09126448631286621,2.3939935450060346
10226682,9,5,0.05629044771194458,2.877230425870314
10226683,11,4,0.10440711677074432,2.2594574375548033
10226684,14,9,0.03472189977765083,3.3603846735886753
10226679,13,3,0.1694038212299347,1.7754699395809672
10226408,6,1,0.5642513632774353,0.5722554471997983
10226468,5,1,0.4794633388519287,0.7350878446161917
10230254,8,2,0.3363550901412964,1.0895878611590104
10226324,5,3,0.16937744617462158,1.775625645093072
10226499,6,2,0.2890196442604065,1.24126061996038
10226407,7,2,0.21312662959098816,1.5458687847988632
10226473,6,4,0.08788957446813583,2.4316740880587213
10230249,5,1,0.46242088079452515,0.771279805215929
10226328,6,2,0.29128116369247437,1.23346628002381
10226405,11,1,0.31782281398773193,1.1462612402071035
10226470,7,4,0.1015491709113121,2.2872121553286866
10226325,8,4,0.09189043194055557,2.3871583688540383
10226501,8,3,0.1386157125234604,1.9760498326816376
10226404,11,1,0.5500226020812988,0.5977959069067136
10226471,11,3,0.14340431988239288,1.9420872265674776
10230255,11,2,0.1506713330745697,1.89265441656376
10226326,8,3,0.18190723657608032,1.7042584109834216
10226503,8,5,0.07312997430562973,2.6155169510513185
10226409,12,2,0.19118666648864746,1.654505016734536
10226472,9,2,0.3567831814289093,1.0306270166380926
10230248,10,1,0.6919727325439453,0.3682087279790484
10226327,9,1,0.2570629417896271,1.358434314385134
10226500,10,1,0.41902703046798706,0.8698198492840287
10226403,10,3,0.19920431077480316,1.6134242936300311
10226466,13,1,0.3907839059829712,0.9396005418954738
10230250,9,1,0.26200947165489197,1.3393746245199352
10226329,11,1,0.3221369683742523,1.132778456258987
10226497,7,1,0.4317244589328766,0.8399677207801797
10226406,18,11,0.023762645199894905,3.7396404607225064
10226467,12,1,0.32516974210739136,1.1234079495875495
10230253,8,1,0.3608112037181854,1.0194004388417903
10226323,8,4,0.07807403057813644,2.550097792436524
10226498,8,2,0.25811606645584106,1.3543459252378023
10226401,9,4,0.05718805268406868,2.861410271572224
10226469,12,1,0.28775790333747864,1.2456357657713035
10230252,7,3,0.1654413342475891,1.7991386228518158
10226402,11,4,0.11546549946069717,2.1587834996097923
10230277,7,1,0.32656267285346985,1.119133395076986
10230146,7,2,0.18588696420192719,1.6826165093496632
10230278,7,1,0.5608944296836853,0.5782225735499895
10230143,7,3,0.2011536806821823,1.6036860825574668
10230271,11,1,0.41929250955581665,0.8691864891295065
10230265,6,1,0.38780251145362854,0.9472590600377004
10230154,8,3,0.20942169427871704,1.5634053838169122
10230272,13,1,0.5274970531463623,0.6396120000999135
10230144,8,1,0.35440656542778015,1.0373105349493854
10230155,8,2,0.25416821241378784,1.3697589775591554
10230276,8,5,0.0640302523970604,2.7483996136028717
10230145,8,3,0.11697036772966385,2.145834643529782
10230268,9,1,0.4799503684043884,0.7340725795837859
10230273,6,2,0.16135342419147491,1.824158138574398
10230156,7,1,0.4806136190891266,0.7326916184010263
10230140,9,1,0.4586420953273773,0.7794851218258633
10230269,8,4,0.07075121253728867,2.6485856042694143
10230274,7,5,0.049695935100317,3.0018321379504505
10230157,11,2,0.30025729537010193,1.203115520664931
10230141,10,1,0.7593914866447449,0.2752378418810055
10230275,9,5,0.06762243062257767,2.693815537027834
10230270,10,1,0.31472620368003845,1.1560522127917676
10230158,10,1,0.3524830639362335,1.042752703455008
10230142,9,2,0.20592714846134186,1.5802328209867573
10230266,10,5,0.07472845166921616,2.5938943802534267
10230159,12,5,0.06595653295516968,2.718759345510757
10230264,12,2,0.1758263260126114,1.7382585551551175
10240898,12,2,0.2601991295814514,1.3463080580997524
10240901,7,1,0.4347720742225647,0.8329333525167392
10240904,8,2,0.2598104476928711,1.347802961185965
10240899,9,3,0.21832481026649475,1.5217713697243085
10241013,6,2,0.2404952049255371,1.4250551275746393
10240900,8,2,0.17486228048801422,1.7437565835209194
10240894,7,4,0.13195553421974182,2.025290275118158
10241011,8,1,0.23117147386074066,1.4645955327514917
10240905,11,5,0.05420900508761406,2.9149082388092413
10241025,8,1,0.31987860798835754,1.1398137051961748
10240893,10,1,0.3642200529575348,1.00999705291462
10241016,7,3,0.12067202478647232,2.114678952502536
10240951,12,1,0.470775842666626,0.7533732161558425
10240903,9,6,0.04015219211578369,3.2150782419282673
10241020,7,1,0.3745926320552826,0.9819161579982508
10240895,9,1,0.2325139045715332,1.4588052511342053
10240949,6,1,0.3128695785999298,1.161968857067325
10240902,8,4,0.05293365567922592,2.9387159291978326
10241023,9,3,0.213674396276474,1.543301935362974
10240896,12,1,0.5328376889228821,0.6295384247898625
10241012,10,2,0.2730454206466675,1.2981171216410092
10240950,7,3,0.18946421146392822,1.6635551300056604
10241024,7,4,0.13145782053470612,2.0290692352077193
10240897,9,5,0.07471958547830582,2.5940130327441517
10241010,7,1,0.4424443244934082,0.8154406428040774
10240952,10,5,0.05918628349900246,2.82706546159021
10241021,11,6,0.04284238815307617,3.150227289086207
10240891,10,1,0.3142106533050537,1.1576916476085741
10241176,9,2,0.27335837483406067,1.296971616341805
10241014,8,1,0.24624720215797424,1.401419360789513
10240955,7,4,0.08441121876239777,2.472054962488709
10241022,7,2,0.2226123809814453,1.5023232218246825
10240892,13,1,0.29709482192993164,1.2137039253765587
10241015,10,4,0.09171607345342636,2.389057632054623
10240953,11,1,0.3953409194946289,0.9280067989985371
10241026,9,4,0.14821456372737885,1.9090943001833665
10241175,9,1,0.29263660311698914,1.2288237021263708
10240948,11,1,0.5976985096931458,0.5146688165578382
10241019,9,4,0.09961893409490585,2.306403031104081
10240954,7,2,0.2212720811367035,1.5083621983261488
10241171,12,2,0.21414929628372192,1.5410818610166446
10241172,11,2,0.26353511214256287,1.3335686669651488
10241173,13,2,0.17374728620052338,1.7501534136490067
10244215,9,1,0.455425888299942,0.786522279581464
10244221,13,3,0.1877937614917755,1.6724109316533684
10244218,14,1,0.45419228076934814,0.7892346446789036
10244510,7,1,0.4731174111366272,0.7484116947888083
10244214,14,1,0.5350038409233093,0.6254813528159963
10244517,8,2,0.1732386201620102,1.7530853275600067
10244219,12,6,0.09326348453760147,2.3723266246113393
10244513,9,1,0.34797725081443787,1.055618172567334
10244280,8,3,0.21076159179210663,1.5570276810404848
10244217,14,1,0.19946782290935516,1.6121023443355476
10244516,7,3,0.12784838676452637,2.0569101955136295
10244281,8,1,0.3615748882293701,1.0172860991439543
10244222,11,3,0.17041504383087158,1.7695183830914087
10244514,9,7,0.04220803454518318,3.165144683996488
10244401,11,3,0.1911626160144806,1.6546308204187545
10244216,12,1,0.3109093904495239,1.1682537582901795
10244240,8,1,0.5277429819107056,0.6391458904743771
10244511,9,9,0.018940988928079605,3.9664269788555306
10244277,11,2,0.1480499505996704,1.9102055581078756
10244220,14,4,0.12732289731502533,2.0610289206613968
10244404,7,1,0.5893141627311707,0.5287958542840595
10244241,8,2,0.3063849210739136,1.1829130555319531
10244515,8,2,0.19674082100391388,1.6258680458661088
10244278,10,7,0.02128591202199459,3.8497098325112327
10244402,6,5,0.07169820368289948,2.635289584927506
10244235,8,3,0.15341049432754517,1.874637980866484
10244512,9,4,0.15298110246658325,1.8774408785084018
10244284,6,1,0.29590263962745667,1.2177247989416942
10244403,7,3,0.11921890079975128,2.1267939731644887
10244236,12,5,0.024734674021601677,3.699549213220854
10244509,9,1,0.3640841841697693,1.010370162893707
10244279,9,1,0.3936166763305664,0.9323777459755352
10244406,11,1,0.3346727788448334,1.0946020040847697
10244237,7,1,0.46965283155441284,0.7557615134861947
10244331,10,2,0.26975539326667786,1.3102396814694233
10241754,11,2,0.3132959008216858,1.1606071649854688
10244282,9,5,0.10113637894392014,2.291285386384509
10244405,7,2,0.1880895495414734,1.6708371022117852
10244324,12,1,0.3788217008113861,0.9706896310022929
10244239,12,1,0.41072210669517517,0.8898384325990509
10241758,10,1,0.4532853662967682,0.7912334041578658
10244407,11,11,0.002672226168215275,5.92484338309668
10241756,10,1,0.672021746635437,0.39746457791795703
10244328,8,2,0.29486560821533203,1.2212355918155038
10241751,10,2,0.2873886823654175,1.2469196854952818
10244329,10,3,0.11625512689352036,2.1519681331772973
10241757,7,3,0.23814204335212708,1.4348879625301139
10244325,10,4,0.07616952806711197,2.5747937904009066
10241752,10,4,0.09801454842090607,2.3226393580551106
10244326,9,1,0.35564708709716797,1.0338163681998038
10241755,12,2,0.21134161949157715,1.5542794050309912
10244330,8,2,0.2906576693058014,1.2356090984435193
10244262,12,3,0.224141925573349,1.495475831454901
10244263,10,1,0.4133971929550171,0.8833464219001999
10244264,11,2,0.19645962119102478,1.6272983589108203
10244266,11,2,0.24846985936164856,1.392433731096893
10248386,10,3,0.14585037529468536,1.925174009516521
10248270,8,1,0.4646631181240082,0.766442613107844
10248298,7,2,0.28667041659355164,1.2494220973479544
10244259,11,10,0.01201662328094244,4.421464314388294
10248284,9,1,0.47718825936317444,0.7398441922396343
10248391,9,2,0.3102852404117584,1.1702632742028802
10248267,10,2,0.1631864309310913,1.8128619837133557
10248295,8,1,0.5830849409103394,0.5394224070001619
10244260,9,4,0.0960390567779541,2.3430003288148162
10248286,8,1,0.5887194275856018,0.5298055626675652
10248388,9,1,0.5327523350715637,0.6296986249598697
10248268,8,3,0.13691706955432892,1.9883798681614548
10248291,10,1,0.47034791111946106,0.7542826216935004
10244261,14,2,0.20931211113929749,1.5639287862291529
10248290,11,2,0.21502508223056793,1.5370005961213768
10248389,12,1,0.5020623207092285,0.68903102215664
10248294,10,1,0.4276936948299408,0.8493480058968897
10248287,9,1,0.29554250836372375,1.2189426001510322
10248384,5,3,0.19843116402626038,1.617313019721361
10248272,10,4,0.060582127422094345,2.8037553564345434
10248292,11,6,0.04550819844007492,3.089862783760537
10248289,12,4,0.12067980319261551,2.1146144955128294
10248387,12,5,0.05870446562767029,2.8352394796128797
10248265,10,3,0.12977319955825806,2.0419669709288817
10248296,10,1,0.3551607131958008,1.0351848787228295
10248288,8,6,0.050027813762426376,2.995176152969185
10248390,10,2,0.2846282720565796,1.256571258637682
10248266,14,3,0.13997605443000793,1.9662839107874626
10244685,9,1,0.4018265902996063,0.9117346508427181
10248297,11,1,0.2880733609199524,1.2445401058667005
10248283,16,5,0.07375182211399078,2.607049577437028
10248385,9,2,0.2430451214313507,1.4145081679762186
10244372,6,3,0.26321837306022644,1.3347712755075056
10248269,12,11,0.010609502904117107,4.546005179092168
10244686,11,1,0.5256482362747192,0.6431230422884426
10248293,12,5,0.04326880723237991,3.140323290820225
10248285,6,2,0.360397607088089,1.0205473928701936
10244367,13,1,0.509661853313446,0.6740078058858994
10248354,6,2,0.25672829151153564,1.35973698482295
10244687,10,1,0.3144409954547882,1.1569588342595691
10244681,9,2,0.25118815898895264,1.3815529832819455
10248465,5,1,0.4559378921985626,0.7853986800629346
10244365,11,1,0.516803503036499,0.6600925482153186
10248356,6,1,0.3807699978351593,0.965559766366387
10244683,10,5,0.09263578057289124,2.3790798126876953
10248466,7,1,0.4646759331226349,0.7664150343708689
10244368,4,1,0.5283964276313782,0.6379084670847196
10248359,8,1,0.35114550590515137,1.0465545946787083
10244682,12,2,0.27772781252861023,1.281113736538497
10248467,7,4,0.07540348917245865,2.5849017295421053
10244370,11,5,0.07228361815214157,2.6271577570657065
10248352,6,3,0.18259216845035553,1.7005002008409476
10244684,12,5,0.10518423467874527,2.2520418503769304
10244371,6,5,0.10540267825126648,2.2499672328441407
10248355,11,5,0.08194562792778015,2.50169932570017
10248469,13,6,0.04561726003885269,3.0874691244545307
10244364,10,1,0.2736559212207794,1.295883723691794
10248353,9,5,0.04931877553462982,3.009450427948165
10244366,10,3,0.12808862328529358,2.0550328852232904
10248358,6,3,0.10762587934732437,2.2290941457930615
10248471,9,2,0.20454742014408112,1.586955447034928
10248470,7,5,0.05965401232242584,2.8191938682841693
10248193,7,1,0.5924814939498901,0.5234356403004852
10248231,9,2,0.18659460544586182,1.6788169007088571
10248194,6,2,0.26158782839775085,1.340985188013066
10248233,8,5,0.07370740920305252,2.607651952912399
10248195,8,4,0.1096113920211792,2.210813968070716
10248232,12,2,0.17410549521446228,1.7480938691537729
10248448,7,4,0.12137686461210251,2.108854990082037
10248308,14,2,0.19021335244178772,1.6596089292224516
10248197,8,4,0.12203867733478546,2.1034172571571204
10248450,5,1,0.5035579800605774,0.6860564194103831
10248229,10,8,0.04946044832468033,3.0065819525409405
10248325,7,6,0.025700422003865242,3.6612478668319146
10248312,8,1,0.2431485950946808,1.4140825200857783
10248196,11,5,0.0875692069530487,2.4353258616378213
10248463,12,2,0.17786140739917755,1.726750642081321
10248451,6,1,0.4260532557964325,0.8531909269196674
10251663,8,3,0.15896235406398773,1.8390878716887704
10248230,9,1,0.4762975573539734,0.7417124995656017
10251735,5,1,0.6244027018547058,0.470959763228656
10248326,11,1,0.6424116492271423,0.4425259825987748
10251688,11,2,0.36442020535469055,1.0094476668495305
10248303,8,1,0.3986632227897644,0.9196382716641947
10248199,11,4,0.13203366100788116,2.024698381269223
10248455,10,1,0.4517631232738495,0.7945973000726358
10248449,8,4,0.1130497008562088,2.1799277263809973
10251664,6,3,0.1906716227531433,1.657202583147731
10248227,14,4,0.10207409411668777,2.2820563164993186
10251729,8,2,0.3261260986328125,1.1204711667833143
10248329,9,1,0.6436185836791992,0.440648989701531
10251684,12,1,0.5814079642295837,0.5423025925858861
10248309,9,1,0.28205540776252747,1.2656517459165688
10248192,11,3,0.13962779939174652,1.9687749724347856
10248457,12,4,0.14124426245689392,1.9572645295547944
10248444,10,9,0.00896162074059248,4.714804182126399
10251662,8,2,0.2578083276748657,1.3555388861482494
10248228,13,2,0.136238694190979,1.9933468272965158
10251733,5,1,0.2974998354911804,1.2123416069674275
10248331,8,4,0.1409933716058731,1.959042399596393
10251797,6,2,0.3261216878890991,1.1204846915320512
10251682,13,1,0.40295398235321045,0.908932911264522
10248310,7,2,0.21930193901062012,1.51730578177969
10248740,8,3,0.20076505839824677,1.6056199182673232
10248445,13,1,0.3357718884944916,1.0913232528683328
10251736,9,1,0.5994382500648499,0.5117623122135908
10248324,10,2,0.18703894317150116,1.676438431555024
10251798,9,1,0.3226005434989929,1.1313404285466544
10251686,13,3,0.1504601091146469,1.8940572856433133
10248304,9,1,0.2868012487888336,1.2489658160512502
10248460,9,1,0.3378952741622925,1.085019271265904
10248446,12,2,0.2164236307144165,1.5305175387367862
10251660,8,1,0.43306681513786316,0.8368632554060774
10248475,6,1,0.3610537052154541,1.0187285638042591
10251730,8,5,0.06019594892859459,2.810150222476614
10248327,11,5,0.09839561581611633,2.318759030630785
10251794,8,3,0.2600913643836975,1.346722308217888
10251685,12,3,0.0929117202758789,2.3761054809919964
10248305,11,1,0.5211313366889954,0.6517531832216275
10248738,12,2,0.19690385460853577,1.6250397170505848
10248456,14,6,0.0615994967520237,2.7871015780860393
10248453,7,3,0.20052799582481384,1.6068014119339342
10251661,11,3,0.1421000212430954,1.9512240943851074
10251731,8,3,0.14644873142242432,1.9210798679348886
10248477,4,3,0.1345822513103485,2.005579732944968
10248332,12,2,0.22343413531780243,1.4986386049247216
10251795,7,1,0.3648717999458313,1.0082092201215314
10251683,9,2,0.16660283505916595,1.7921425322323246
10248306,14,3,0.11940998584032059,2.125192448017199
10251761,7,5,0.05301017686724663,2.937271367499654
10248458,12,1,0.21362614631652832,1.5435277715384113
10248447,16,1,0.23033595085144043,1.4682163799032668
10248743,8,3,0.17587539553642273,1.7379795145867996
10251665,6,5,0.043685026466846466,3.1307498793756423
10251732,8,4,0.06528101116418839,2.729054078798755
10248476,10,1,0.2924519181251526,1.229455008300617
10248323,12,4,0.09406894445419312,2.3637273139159873
10251796,9,1,0.315659761428833,1.1530903497968858
10251687,14,1,0.20899608731269836,1.5654397481844398
10248311,11,1,0.21197931468486786,1.5512665813117947
10251762,10,2,0.2361091822385788,1.4434609443356983
10248461,16,1,0.2038039118051529,1.590596964044292
10248742,11,5,0.084345743060112,2.472830938837941
10248452,7,1,0.4448791444301605,0.8099526192521321
10252473,11,5,0.05469488725066185,2.9059850428319822
10251734,12,1,0.2960222661495209,1.2173206040091096
10248472,10,2,0.2585306763648987,1.3527409214172104
10248330,12,4,0.07042837142944336,2.653159093743004
10248307,10,3,0.1635751873254776,1.8104825330307341
10251765,8,1,0.2454795241355896,1.4045417399689466
10248744,11,4,0.07716236263513565,2.561843471466064
10248462,11,2,0.1710057258605957,1.7660582384751855
10248473,5,1,0.5298848152160645,0.635095625836519
10248737,12,2,0.16713258624076843,1.7889678519753238
10248464,13,3,0.1850740760564804,1.68699912293084
10248474,10,3,0.17271912097930908,1.756088582069979
10251763,10,3,0.1920197606086731,1.6501569924133994
10248739,11,1,0.2924594581127167,1.2294292266595999
10251766,10,6,0.019372662529349327,3.9438923546672426
10248741,13,2,0.22330226004123688,1.4992289990890033
10251760,7,3,0.21836522221565247,1.5215862867305734
10248745,14,5,0.08580365777015686,2.455693642043101
10248240,10,2,0.19869695603847504,1.6159744489253272
10248241,14,4,0.05799724906682968,2.847359699442797
10248242,10,3,0.18394672870635986,1.6931090811917677
10251725,6,1,0.35605043172836304,1.0326828960049195
10248243,11,2,0.20650409162044525,1.5774350526347551
10251658,8,2,0.22565767168998718,1.488736155104082
10251698,10,3,0.15259231626987457,1.8799855134972974
10251722,9,5,0.08994507789611816,2.4085560405261908
10251753,9,2,0.3021373748779297,1.1968734813337405
10251891,8,3,0.09703372418880463,2.332696688853144
10248244,14,6,0.054278675466775894,2.9136238461780497
10251652,8,2,0.27784425020217896,1.2806945733620723
10251802,11,2,0.34291955828666687,1.0702593832668157
10251716,12,2,0.3319738805294037,1.1026989862647452
10251757,11,1,0.41093331575393677,0.8893243264235351
10251890,9,2,0.18026947975158691,1.7133024379124067
10251700,10,1,0.513507604598999,0.6664904403775164
10248238,10,1,0.47044694423675537,0.7540720909553776
10251653,7,1,0.48434123396873474,0.7249655918205771
10251803,13,1,0.550165593624115,0.5975359667543297
10251754,9,1,0.3262162506580353,1.120194771955063
10251704,10,1,0.285081684589386,1.2549795271846929
10248239,14,5,0.09936380386352539,2.3089673778791506
10251654,11,1,0.41777026653289795,0.8728235991396365
10251806,11,6,0.026369983330368996,3.6355289107609035
10248549,5,3,0.1653246134519577,1.799844383534184
10251720,14,2,0.4554652273654938,0.78643590467913
10251759,7,6,0.07482340931892395,2.592624484153955
10251887,11,2,0.1421017199754715,1.9512121399729434
10251703,10,1,0.43753498792648315,0.8265986039787
10251657,12,1,0.5502064228057861,0.5974617569760361
10251804,12,3,0.13083894550800323,2.0337881357452012
10248545,7,3,0.06587541848421097,2.719989919439294
10251721,7,1,0.4641144573688507,0.7676240818113446
10251752,11,4,0.10001491010189056,2.3024360030895923
10251888,11,2,0.2124328762292862,1.549129217085242
10251702,10,3,0.13006702065467834,2.039705417875921
10251655,10,2,0.22053289413452148,1.5117084154730318
10251800,7,4,0.1211673766374588,2.110582411237508
10248546,7,2,0.2159077525138855,1.5329040342140359
10251719,13,3,0.12993693351745605,2.0407060730274265
10251756,9,8,0.009135243482887745,4.695615435660878
10251892,8,2,0.16787385940551758,1.7845424184699772
10251699,9,4,0.08873716741800308,2.422076453554316
10251656,11,1,0.3696162700653076,0.9952899194440236
10251801,14,8,0.019075678661465645,3.9593411238617855
10248547,4,2,0.3117974102497101,1.1654016281988873
10251724,10,1,0.44404375553131104,0.8118321729115523
10251758,8,1,0.24175894260406494,1.4198141542095584
10251893,9,1,0.29264214634895325,1.2288047599318377
10251696,10,1,0.3301551342010498,1.1081926313461639
10251960,6,1,0.4414498209953308,0.8176909211271393
10251805,14,4,0.05243469774723053,2.948186736044784
10248548,7,2,0.2881057858467102,1.2444275543209737
10251723,11,6,0.023669006302952766,3.743588837623805
10251755,9,1,0.2531754970550537,1.373672366479239
10251889,12,8,0.03218160197138786,3.4363603570725036
10251701,10,1,0.3888249695301056,0.9446259864155475
10251957,11,3,0.10995350033044815,2.2076977268314653
10251954,8,2,0.3228481709957123,1.1305731251085724
10251955,7,4,0.1348688006401062,2.003452820203624
10251958,9,2,0.18632884323596954,1.6802421919090862
10251956,11,8,0.0156325064599514,4.1584027852843715
10251635,9,2,0.32758140563964844,1.1160186879558276
10251578,8,4,0.06913736462593079,2.671659961704396
10251631,11,2,0.19267912209033966,1.646729053539716
10251632,10,1,0.6211377382278442,0.47620242095383436
10251633,11,4,0.07889486849308014,2.539639091355896
10251637,9,3,0.1859603226184845,1.682221947280184
10251634,9,1,0.3356841802597046,1.0915845007425191
10255489,8,1,0.44121602177619934,0.8182206781728298
10255381,8,2,0.33735907077789307,1.0866074239408763
10255458,8,1,0.39727264642715454,0.9231324671923341
10255487,8,1,0.2938857078552246,1.224564336017609
10255375,7,1,0.667737603187561,0.40385999221485097
10255459,9,1,0.36553993821144104,1.0063797356895012
10255488,9,2,0.20917963981628418,1.5645618755415964
10255376,8,3,0.1641729474067688,1.806834849454591
10255490,9,4,0.08240927010774612,2.49605734708691
10255513,6,3,0.09876097738742828,2.3150527179621054
10255378,9,1,0.42613714933395386,0.852994037733196
10255492,12,1,0.4084174335002899,0.8954655062856377
10255457,8,2,0.2126665860414505,1.5480296634209652
10255514,8,1,0.47512078285217285,0.7441862275823116
10255377,11,1,0.43923836946487427,0.8227130304331003
10255454,8,7,0.0125469621270895,4.378276704292473
10255516,8,2,0.19022923707962036,1.6595254231257137
10255491,7,3,0.1018514558672905,2.2842398421818273
10255380,12,2,0.30409228801727295,1.19042404464251
10255455,11,1,0.6341826915740967,0.4554182089972471
10255493,10,3,0.18497566878795624,1.6875309826184357
10255517,10,1,0.590804934501648,0.526269376122744
10255379,9,6,0.05636952444911003,2.875826613164969
10255486,10,1,0.3424234688282013,1.0717070949250167
10255456,9,2,0.3798410892486572,0.9680022999136786
10255512,10,7,0.024912411347031593,3.6923891520233
10255515,9,1,0.3109833598136902,1.168015873656587
10265284,10,5,0.05940486118197441,2.8233792178817136
10265282,12,3,0.12638363242149353,2.0684332959902627
10265283,8,1,0.461737722158432,0.7727582500593737
10265330,10,1,0.4169081747531891,0.8748892858606938
10265279,8,2,0.21902137994766235,1.5185859285988872
10265351,12,3,0.14080467820167542,1.9603816099459899
10265305,8,4,0.08076450973749161,2.516217645869575
10265332,6,4,0.05875451862812042,2.8343872160964367
10265359,6,1,0.4419134557247162,0.8166412176038521
10265280,8,3,0.2128724306821823,1.547062209680192
10265352,9,1,0.3550187051296234,1.0355848003888357
10265308,14,2,0.31738874316215515,1.147627937296463
10265331,7,2,0.1788730025291443,1.7210792080210136
10265357,8,2,0.23892241716384888,1.4316163941264795
10265285,8,1,0.39037594199180603,0.9406450503384346
10265353,7,4,0.11655271798372269,2.1494115934486246
10265306,10,2,0.2583489716053009,1.3534440048827578
10265333,5,4,0.15471714735031128,1.8661566849451137
10265358,8,1,0.5735308527946472,0.5559435464845909
10265281,10,4,0.07471868395805359,2.5940250981977417
10265354,8,2,0.279036283493042,1.276413457254169
10265307,9,1,0.25826454162597656,1.353770864238596
10265336,8,5,0.06544911116361618,2.7264823671062777
10265361,11,1,0.41187819838523865,0.8870276083285331
10265286,10,5,0.03825334087014198,3.2635243795135227
10265347,12,4,0.04326794669032097,3.1403431792958143
10265309,11,3,0.12864184379577637,2.0507231406646422
10265335,10,1,0.45909422636032104,0.7784998038018548
10265356,8,3,0.2025361806154251,1.5968367386892712
10265348,8,1,0.2875230610370636,1.2464522096587367
10265310,11,3,0.16742002964019775,1.787249476709281
10265533,6,5,0.034915558993816376,3.3548227326786497
10265334,10,1,0.2547924518585205,1.3673059795120879
10265360,8,3,0.16605205833911896,1.7954539353366679
10265350,8,3,0.1105889230966568,2.2019353477426535
10265311,14,3,0.13569508492946625,1.9973449329191186
10265536,6,1,0.5133315324783325,0.666833380407818
10265329,9,5,0.08987658470869064,2.40931783073264
10265362,10,2,0.15782061219215393,1.8462962568437116
10265349,10,5,0.0753762498497963,2.585263042317089
10265534,9,2,0.25509271025657654,1.3661282302655018
10265363,7,2,0.22668249905109406,1.4842049231645784
10265531,8,5,0.05303625389933586,2.936779563439369
10265532,5,3,0.10840706527233124,2.2218620143115375
10265535,8,8,0.01642322912812233,4.109058536063419
10269141,10,1,0.47581321001052856,0.7427299177102701
10269196,11,3,0.11256974190473557,2.184182321371579
10269136,9,4,0.12180376052856445,2.105344049564196
10269194,7,4,0.09615065157413483,2.341839030328242
10269137,12,4,0.12594683468341827,2.071895408032323
10269199,10,1,0.3256116807460785,1.1220497709699593
10269138,12,1,0.24618728458881378,1.401662713239712
10269192,11,1,0.6666579842567444,0.4054781318078558
10269139,15,1,0.2959652245044708,1.2175133163421474
10269193,9,1,0.2737380862236023,1.2955835194428524
10266211,9,4,0.10098671168088913,2.2927663383125916
10269140,11,1,0.32516512274742126,1.1234221556841923
10269195,11,1,0.26686301827430725,1.32101979240316
10269180,10,4,0.03868980333209038,3.2521791934542454
10266213,11,2,0.3255179524421692,1.1223376654222443
10269198,7,1,0.35313788056373596,1.0408967018139588
10266214,9,2,0.23197145760059357,1.4611409424679895
10269197,9,1,0.37869229912757874,0.9710312793020642
10269183,10,2,0.2850951850414276,1.2549321718717603
10269184,7,1,0.27281856536865234,1.2989483004580311
10266209,10,2,0.2816380262374878,1.2671326274601225
10269179,11,3,0.09678316861391068,2.3352821777735984
10266212,11,1,0.3125361204147339,1.1630352311580017
10269178,7,2,0.3769591748714447,0.9756183868635178
10266210,12,3,0.13134630024433136,2.0299179304012194
10269182,6,2,0.3256743252277374,1.1218573993197853
10269111,9,3,0.14269593358039856,1.9470392511884946
10269108,9,2,0.22074562311172485,1.510744267048087
10269109,14,1,0.30693116784095764,1.181131765520641
10269104,10,2,0.195209339261055,1.6336827615725833
10269105,10,5,0.06797736883163452,2.688580440499494
10273007,9,4,0.12269047647714615,2.0980905466007513
10273112,9,2,0.3483869731426239,1.0544414252234295
10272917,7,3,0.17625775933265686,1.7358078136763622
10269110,10,7,0.055606771260499954,2.8894502998800324
10273014,9,4,0.09658093750476837,2.3373738915558113
10273051,7,1,0.39986154437065125,0.9166369308674835
10273110,11,4,0.13626629114151,1.993144284575386
10272922,10,2,0.2862955927848816,1.2507304606923897
10269106,11,3,0.17420373857021332,1.7475297534265561
10273008,11,2,0.2336210459470749,1.454054938134762
10273117,10,1,0.47735777497291565,0.7394890168883665
10273053,7,3,0.16200163960456848,1.8201488227851153
10272916,8,3,0.18273667991161346,1.6997090699491868
10269107,13,2,0.19991435110569,1.6098662486285016
10273111,11,1,0.641538679599762,0.4438858011872334
10273010,11,1,0.42886728048324585,0.8466077774216604
10273055,8,1,0.32305076718330383,1.1299457941678934
10272918,10,2,0.2719917595386505,1.301983508958852
10273115,8,1,0.5528334379196167,0.5926985200808542
10273009,15,3,0.14397217333316803,1.938135238821423
10273054,11,1,0.3797331154346466,0.9682866008129776
10273118,8,2,0.22074171900749207,1.5107619531915408
10272919,9,1,0.45253416895866394,0.7928920071821474
10273011,10,2,0.17113631963729858,1.7652948492059426
10273052,9,1,0.49480581283569336,0.7035898906837932
10273113,9,2,0.2105141580104828,1.5582023691643203
10272921,10,3,0.1680264174938202,1.7836340649538647
10273012,14,8,0.03600195050239563,3.324182161371643
10273114,11,3,0.13038814067840576,2.037239579343144
10273056,11,1,0.39621004462242126,0.9258107926351632
10272914,10,1,0.3625602424144745,1.0145646325238022
10273013,12,6,0.04554611071944237,3.0890300437857183
10273057,11,3,0.18268460035324097,1.6999941084050063
10273043,4,1,0.44639456272125244,0.8065520482731489
10272915,16,3,0.10728292912244797,2.232285736853783
10269148,9,1,0.4753827750682831,0.7436349572150163
10273047,5,1,0.497761070728302,0.6976350947416209
10273050,13,10,0.03664025664329529,3.3066077347439893
10269149,8,3,0.2145877629518509,1.5390364730029502
10273044,7,1,0.5673760175704956,0.5667330247363148
10269150,6,3,0.14517606794834137,1.929808011468378
10273045,9,1,0.7122595310211182,0.3393129241266203
10269152,7,6,0.02266010269522667,3.7871494913878387
10273041,5,2,0.25049328804016113,1.3843231530670437
10269154,11,3,0.14447391033172607,1.934656339068541
10273046,7,6,0.014573132619261742,4.22857567713151
10269153,9,1,0.4476519823074341,0.8037391736588244
10273042,8,1,0.30176660418510437,1.1981013942214382
10269151,10,9,0.02074141427874565,3.875622887630737
10269155,9,7,0.0755438357591629,2.583042185132028
10272905,9,1,0.4137786328792572,0.8824241513517525
10272925,7,1,0.44327327609062195,0.8135688230757556
10272901,10,5,0.05984897539019585,2.8159309667538395
10272903,7,1,0.26968562602996826,1.310498346400724
10272924,7,7,0.06567586958408356,2.7230237027812736
10272900,7,2,0.18713755905628204,1.6759113226292788
10273135,7,1,0.43471285700798035,0.8330695646868388
10272930,11,3,0.08498810231685638,2.4652440050317854
10273002,4,1,0.5001524090766907,0.6928424088541788
10273143,14,1,0.18423165380954742,1.6915613251387378
10272904,14,12,0.012386498972773552,4.391148192054577
10272927,10,1,0.3804868757724762,0.9663035943318283
10273000,6,1,0.5115396976470947,0.6703300863437265
10273148,14,4,0.07235222309827805,2.626209099379085
10272907,14,1,0.23777952790260315,1.4364113879914957
10273138,6,1,0.4751925468444824,0.7440351953065276
10277123,10,2,0.369375616312027,0.9959412222965283
10276843,7,1,0.6424828171730042,0.44241520626998576
10272931,10,1,0.27425459027290344,1.2936984424175397
10276933,9,4,0.08209692686796188,2.4998546947960523
10273001,6,4,0.14105801284313202,1.9585840346178487
10276890,12,4,0.08840641379356384,2.4258107577446344
10272906,13,8,0.038435373455286026,3.2587770596863965
10276908,8,2,0.27297264337539673,1.298383696234405
10273139,7,1,0.38555657863616943,0.9530673298577661
10276844,7,1,0.5219467282295227,0.6501897495074286
10272926,13,7,0.05265471711754799,2.9439994505398888
10276936,6,1,0.36038896441459656,1.0205713740980202
10273004,8,1,0.31593403220176697,1.1522218460435556
10272899,15,2,0.18937736749649048,1.6640136011650153
10273230,7,3,0.12751342356204987,2.0595336370858988
10276909,9,3,0.09997779130935669,2.3028072045654278
10273140,8,4,0.12194766104221344,2.104163334149786
10277126,10,2,0.16837097704410553,1.7815855373708676
10276840,10,1,0.39355021715164185,0.9325466026173295
10272932,12,2,0.15526527166366577,1.862620194802417
10276934,9,1,0.4450235366821289,0.8096281067940843
10272996,11,2,0.3481248915195465,1.055193979914148
10276899,9,1,0.4606475830078125,0.775121990357682
10276894,10,1,0.6682161092758179,0.4031436408858262
10273253,5,1,0.41648179292678833,0.8759125327922372
10273144,5,2,0.2840554118156433,1.2585859478258938
10273462,6,4,0.09878148883581161,2.314845051743806
10273227,8,2,0.18827106058597565,1.6698725429370322
10273131,9,3,0.14969800412654877,1.899135320133417
10276841,9,2,0.32356077432632446,1.1283683176892343
10276935,9,1,0.47623947262763977,0.7418344575044059
10272999,8,4,0.15557922422885895,1.8606001965325691
10273256,5,2,0.30726689100265503,1.1800385572621688
10276895,11,1,0.25898483395576477,1.3509857751524263
10273145,8,2,0.24544963240623474,1.4046635161111598
10273463,8,4,0.09990962594747543,2.303489242138969
10276897,8,1,0.2700965106487274,1.3089759370055285
10273231,7,1,0.27700212597846985,1.2837300978117248
10272929,11,2,0.19913436472415924,1.613775482483462
10273137,10,3,0.14203095436096191,1.9517102566794295
10277128,9,1,0.4713660180568695,0.7521203783571158
10276842,8,4,0.08285046368837357,2.490717938403759
10276940,9,4,0.09608089923858643,2.342564741984989
10272995,9,8,0.011861580424010754,4.434450637628486
10273254,4,3,0.17105308175086975,1.765781351053942
10276892,13,1,0.3053540289402008,1.1862834249012655
10273151,12,1,0.31485918164253235,1.155629782514409
10273458,5,3,0.1931176483631134,1.6444556987828989
10276900,9,6,0.04472631216049194,3.1071933116053763
10273228,8,1,0.3505023717880249,1.048387805660131
10273133,11,2,0.25219470262527466,1.3775538603298305
10277124,9,1,0.2886413335800171,1.2425704218995344
10276846,11,6,0.03766293078660965,3.279078936513212
10276938,10,1,0.37231266498565674,0.9880212804557584
10272997,12,3,0.14237810671329498,1.9492690368151404
10273255,6,1,0.34347137808799744,1.068651495134929
10276893,10,4,0.12685176730155945,2.0647360608182153
10273149,16,7,0.049353644251823425,3.0087436708073048
10273465,8,1,0.30112430453300476,1.200232127612227
10276898,10,3,0.12588761746883392,2.072365694882829
10273233,12,2,0.1850673109292984,1.6870356772175026
10273136,12,1,0.41628268361091614,0.8763907215845692
10277127,10,2,0.18370041251182556,1.694449041190222
10276848,9,1,0.37512969970703125,0.9804834469241273
10276939,10,1,0.39274752140045166,0.934588312749957
10273003,12,4,0.10837598890066147,2.222148719118804
10273257,6,2,0.3406708538532257,1.0768385058078498
10276889,9,8,0.02547900564968586,3.669900473777263
10273152,12,4,0.1253805309534073,2.076401918391674
10273459,8,1,0.6396582722663879,0.4468211948140311
10276901,6,5,0.08688895404338837,2.443124365913358
10273229,10,5,0.10781652480363846,2.227324340941253
10273132,11,2,0.1711328625679016,1.7653150500862835
10277122,9,3,0.19214493036270142,1.6495053460679678
10276845,10,2,0.25124645233154297,1.3813209397820014
10276937,15,1,0.20158058404922485,1.6015660567025987
10273252,5,5,0.1097690537571907,2.2093766315515437
10272998,12,2,0.1350747048854828,2.0019272840740663
10273150,14,2,0.13228990137577057,2.022759542023505
10273467,10,3,0.11371950805187225,2.174020318168313
10273232,11,4,0.08373281359672546,2.480124340120943
10277125,10,7,0.053054746240377426,2.936430950621986
10273460,10,1,0.36985766887664795,0.9946370260634649
10273466,13,2,0.2068389505147934,1.5758148053656862
10273461,13,1,0.2271822988986969,1.4820025049471273
10273464,9,1,0.2703593969345093,1.3080031053542274
10272892,10,6,0.01333221048116684,4.317572330994988
10272863,6,1,0.3775278925895691,0.9741108253681283
10272860,10,3,0.09269972890615463,2.378389730835805
10272890,10,1,0.5154744982719421,0.6626674466383378
10272862,6,1,0.41328898072242737,0.8836082195125305
10276921,9,1,0.6346690654754639,0.45465157267036904
10272894,11,1,0.48385801911354065,0.7259637642396873
10272861,10,3,0.22722673416137695,1.4818069310936657
10276990,9,1,0.6636766195297241,0.4099602669184044
10276920,7,1,0.41097724437713623,0.8892174324976698
10277011,6,2,0.331778883934021,1.103286544197254
10272891,12,6,0.051523830741643906,2.9657108454928207
10276866,8,4,0.11418884247541428,2.1699016881496784
10276993,10,1,0.480704665184021,0.7325021991490342
10272864,7,3,0.1850297451019287,1.6872386824934782
10272945,9,1,0.6133860349655151,0.4887607941644826
10277008,8,2,0.36815571784973145,0.9992492839835756
10272893,11,2,0.2743285596370697,1.2934287682045178
10276860,8,1,0.35555481910705566,1.0340758387940896
10276995,9,1,0.540289580821991,0.6156500223787806
10272942,6,1,0.3473571836948395,1.0574016806267337
10272859,8,3,0.15570668876171112,1.8597812417732504
10276923,6,3,0.14887891709804535,1.9046219403309266
10277009,9,4,0.08779396861791611,2.4327624752574093
10272895,10,1,0.33263784646987915,1.1007009289497909
10276861,5,4,0.12344830483198166,2.0919327949014157
10276870,11,1,0.511715829372406,0.6699858287806839
10276992,11,1,0.2665864825248718,1.3220565757305123
10272943,7,1,0.38028714060783386,0.9668286784302096
10276922,8,4,0.15729378163814545,1.8496400015610677
10277005,9,1,0.49233266711235046,0.7086006383106752
10276867,7,3,0.1474350541830063,1.9143675107911355
10276862,8,1,0.6799781322479248,0.3856946397880131
10276994,9,2,0.25652143359184265,1.3605430561008325
10272944,10,2,0.20081262290477753,1.6053830300687617
10276918,10,2,0.22439515590667725,1.4943466924352353
10277006,8,4,0.1377241611480713,1.9825024264164834
10276872,9,3,0.1956448256969452,1.6314543774071248
10277205,13,4,0.06518446654081345,2.7305340816730164
10276864,10,1,0.3489955961704254,1.0526959752821727
10276988,7,2,0.22967582941055298,1.4710864015954555
10272946,10,5,0.08034868538379669,2.52137954805509
10276917,12,4,0.0896076112985611,2.4123150150805057
10277010,9,1,0.24198806285858154,1.4188668810727234
10276868,8,1,0.33720526099205017,1.0870634509831152
10277201,14,1,0.4555092453956604,0.7863392652418746
10276863,11,3,0.13102269172668457,2.0323847514940456
10276991,9,1,0.30178385972976685,1.1980442140991492
10272947,10,3,0.13487643003463745,2.0033962527935962
10276914,16,12,0.02525991201400757,3.6785366452801274
10277007,10,1,0.29411882162094116,1.2237714381188898
10276873,11,3,0.12852393090724945,2.051640159244786
10277207,13,2,0.4356532394886017,0.8309086743435022
10276989,8,1,0.37667572498321533,0.9763706076050188
10276865,14,1,0.26974013447761536,1.310296248348227
10276913,8,5,0.09155961871147156,2.3907649482634588
10276869,11,2,0.16660340130329132,1.7921391334716557
10277206,16,1,0.43829771876335144,0.8248568763088798
10277202,10,3,0.18055926263332367,1.7116962302576484
10277198,10,4,0.11561751365661621,2.157467831999299
10277199,11,4,0.13349993526935577,2.01365428601569
10277204,12,1,0.31996259093284607,1.1395511933569482
10277200,10,4,0.11460842937231064,2.16623392267431
10276804,5,1,0.4891566038131714,0.7150725875807046
10276833,5,2,0.21492652595043182,1.537459049026248
10276806,9,3,0.1947125494480133,1.6362309133754702
10276835,8,1,0.3493814468383789,1.0515909827539196
10276834,8,1,0.5990616679191589,0.512390734714808
10276807,8,1,0.4793637692928314,0.735295534946616
10276829,10,1,0.4897391200065613,0.713882437806884
10276801,10,1,0.45598340034484863,0.7852988728828721
10276830,10,1,0.5074962377548218,0.6782659813846648
10276802,7,7,0.041977912187576294,3.1706116993286337
10276831,7,1,0.5159912109375,0.6616655467124991
10276803,11,7,0.028680985793471336,3.5515208916841274
10276832,10,4,0.10507842153310776,2.2530483358506364
10280126,8,1,0.48288673162460327,0.7279731629253453
10280212,5,5,0.047463901340961456,3.0477858286357113
10280125,9,1,0.4862607717514038,0.7210102315927327
10280215,9,1,0.5288413166999817,0.6370668605544032
10280123,9,2,0.2517102062702179,1.379476828317646
10280209,11,1,0.4082198143005371,0.8959494891167968
10280214,9,3,0.12263999134302139,2.0985021150071215
10280122,8,2,0.27350667119026184,1.2964292654970606
10280315,7,2,0.19750195741653442,1.6220067837202792
10280208,10,9,0.02451718971133232,3.708380786581603
10280124,9,2,0.20095127820968628,1.6046927972726892
10280316,9,4,0.08201761543750763,2.500821232380284
10280210,11,1,0.2662928104400635,1.3231587844986756
10280127,8,6,0.03930642083287239,3.236367393480668
10280211,11,2,0.1599310040473938,1.8330127814562096
10280317,6,1,0.3176134526729584,1.1469201932235862
10280128,9,2,0.2916114628314972,1.2323329694985241
10280213,12,7,0.03719934821128845,3.2914640390584577
10280318,5,2,0.21887518465518951,1.519253644720557
10280129,11,6,0.05011330917477608,2.993468653979474
10280321,10,1,0.2729751169681549,1.2983746345880796
10280319,11,6,0.04282210394740105,3.1507008623382475
10290619,10,4,0.10397002100944519,2.2636526809200923
10290616,8,2,0.2955232262611389,1.2190078453563016
10290613,7,1,0.5314472913742065,0.6321512556865165
10290614,8,4,0.14202582836151123,1.9517463480510358
10290642,7,3,0.16270270943641663,1.8158306119368819
10290718,6,2,0.24182669818401337,1.4195339325707133
10290615,13,4,0.07879753410816193,2.5408735756515717
10290659,9,2,0.24716445803642273,1.3977013419054842
10290643,7,1,0.7546038627624512,0.28156235251134315
10290617,10,1,0.26222527027130127,1.3385513344502784
10290647,10,2,0.2886981666088104,1.2423735428397842
10290719,10,5,0.08455555886030197,2.4703464593729425
10290612,11,2,0.15533098578453064,1.8621970466139277
10290631,7,2,0.3004632294178009,1.2024298971602614
10290654,13,1,0.5738123059272766,0.5554529292945454
10290645,6,1,0.3439998924732208,1.067113934186634
10290665,10,3,0.17817842960357666,1.7249698172677275
10290722,7,7,0.006153739057481289,5.0906954050805195
10290618,10,5,0.06861380487680435,2.6792615272246008
10290632,9,1,0.6319201588630676,0.4589922237285692
10290657,12,2,0.1484513282775879,1.9074981301695022
10290666,7,5,0.05427846685051918,2.913627689614829
10290646,11,10,0.006038136314600706,5.10965987183429
10290723,8,3,0.1806216835975647,1.7113505809895244
10290667,7,1,0.5165476202964783,0.6605877966153503
10290634,9,5,0.0677250549197197,2.6922990800889046
10290658,13,1,0.48474371433258057,0.7241349517663843
10290641,6,1,0.2877822816371918,1.2455510512705124
10290671,8,2,0.2659580111503601,1.3244168354787005
10290716,11,1,0.4853154718875885,0.7229561420002608
10290633,8,1,0.31457585096359253,1.156530052386275
10290655,12,1,0.2727886438369751,1.2990579820428871
10290832,5,1,0.536966860294342,0.6218188990510563
10290644,11,1,0.2995644211769104,1.2054257888071236
10290670,7,1,0.415440171957016,0.8784166655307539
10290635,13,2,0.1454554796218872,1.927885221172784
10290720,11,1,0.4389476478099823,0.823375126298426
10290656,13,2,0.1683061718940735,1.781970506478731
10290672,10,5,0.05596499517560005,2.8830288698447863
10290648,10,8,0.03205444663763046,3.440319364595355
10290717,10,1,0.47804152965545654,0.7380576681403281
10290668,11,7,0.04351530596613884,3.1346425414856176
10290828,8,2,0.25146690011024475,1.3804439080033093
10290669,10,1,0.35516244173049927,1.0351800118261598
10290721,12,2,0.1654551774263382,1.799054952107225
10290829,10,1,0.37300533056259155,0.9861625683879134
10290830,13,3,0.1879362016916275,1.6716527264494558
10290831,11,1,0.32365116477012634,1.1280889951399136
10290834,16,2,0.16382859647274017,1.8089345411601088
10294004,4,1,0.4672149419784546,0.7609658660051003
10294007,5,2,0.21344351768493652,1.5443830354830008
10293878,6,2,0.2551013231277466,1.366094467145562
10293986,7,1,0.5155048370361328,0.6626085923758702
10293925,4,1,0.38322049379348755,0.9591447536435314
10294005,6,2,0.38865798711776733,0.9450555325901047
10293879,10,2,0.3824765980243683,0.9610878092228576
10293984,8,3,0.16266654431819916,1.8160529139396007
10293927,10,1,0.32319775223731995,1.1294909070706434
10294006,8,1,0.38230013847351074,0.9615492760681935
10293880,8,4,0.12973186373710632,2.0422855452254787
10293992,11,3,0.17705434560775757,1.7312985562026597
10293922,6,4,0.07021968811750412,2.656126549756925
10294001,8,3,0.13406811654567719,2.009407275757961
10293990,6,2,0.32145506143569946,1.134897522879269
10294002,8,5,0.08621161431074142,2.4509503736051315
10293926,9,1,0.43822866678237915,0.825014434557562
10293876,11,3,0.14804314076900482,1.9102515560110034
10293991,10,1,0.4210163652896881,0.8650835736332066
10293923,7,2,0.26060977578163147,1.3447311024023723
10293998,9,7,0.03690969944000244,3.2992809050239824
10293877,11,7,0.059784822165966034,2.817003460174422
10293989,10,1,0.3499356210231781,1.0500060813514789
10293920,11,1,0.3744976818561554,0.9821696660142334
10293999,8,3,0.16456125676631927,1.8044723965353433
10293881,9,3,0.18596063554286957,1.6822202645334703
10293921,9,3,0.1670522838830948,1.7894484384195244
10293988,10,6,0.05789344385266304,2.849151133065513
10294000,10,3,0.1653243601322174,1.7998459157920195
10293883,10,2,0.29674482345581055,1.2148826897698326
10293924,13,1,0.2297276258468628,1.470860907268251
10293985,11,2,0.18838423490524292,1.6692715991880502
10293916,5,1,0.42294493317604065,0.8605132900271464
10291481,9,2,0.16695977747440338,1.790002349021918
10294003,12,5,0.08607099205255508,2.4525828342740725
10293882,14,2,0.19229456782341003,1.6487268752346036
10293915,6,2,0.2134380340576172,1.544408727046842
10293987,13,9,0.01903632842004299,3.9614061032957686
10291482,11,2,0.23491361737251282,1.4485374180630248
10293917,8,1,0.46457335352897644,0.7666358138657765
10291483,8,4,0.12027955055236816,2.1179366575468066
10293911,10,1,0.43036413192749023,0.8431236102069471
10291485,8,2,0.21846364438533783,1.5211356655428452
10293912,10,2,0.200653538107872,1.6061755491933167
10291484,10,1,0.24772246181964874,1.395446265049302
10293918,5,1,0.3309479355812073,1.1057942102937168
10291486,12,2,0.19150759279727936,1.6528278220754853
10293914,7,1,0.2591016888618469,1.3505346732498782
10291480,12,1,0.2428739219903946,1.4152128098311014
10293913,5,2,0.28159037232398987,1.2673018444730904
10293825,11,1,0.46282628178596497,0.7704034966277415
10293826,7,7,0.028904663398861885,3.5437523335989867
10293819,7,6,0.059671550989151,2.8188999050064827
10298384,11,5,0.0605255626142025,2.804689480634056
10293820,14,12,0.0144216762855649,4.239022906616274
10298461,4,1,0.4624141454696655,0.7712943706782406
10293821,14,4,0.1005062460899353,2.297535403265637
10293824,10,1,0.35952726006507874,1.0229652769765385
10298376,12,2,0.27425751090049744,1.293687793144396
10298383,13,5,0.09598394483327866,2.3435743428207036
10298627,6,1,0.4412471652030945,0.8181500952241753
10298463,13,5,0.07486754655838013,2.5920347726316173
10298378,14,2,0.18632476031780243,1.6802641045814892
10298629,5,1,0.5388751029968262,0.6182714547817995
10298467,12,2,0.22447684407234192,1.4939827215634933
10298501,13,1,0.37976378202438354,0.968205845803033
10298377,10,1,0.37709298729896545,0.9752634712870137
10298464,13,1,0.34456679224967957,1.065467325609357
10298631,8,3,0.15936696529388428,1.8365457781825616
10298496,6,3,0.1784847229719162,1.7232522670166048
10298381,14,5,0.06861694157123566,2.6792158130604933
10298466,8,2,0.3236429691314697,1.1281143179050301
10298632,7,2,0.17469099164009094,1.744736627910666
10298497,12,2,0.1371350884437561,1.9867887919443354
10293840,6,4,0.06866245716810226,2.678552704116946
10298380,10,1,0.3222653567790985,1.1323799834368589
10298440,5,3,0.15203455090522766,1.8836474753795192
10298498,9,8,0.04326259344816208,3.140466909996146
10298628,7,4,0.08114302158355713,2.51154198276043
10293846,6,4,0.03831882029771805,3.2618141119035173
10298438,7,1,0.5396506190299988,0.6168333506161023
10298502,11,1,0.3347601592540741,1.0943409460914624
10298630,5,1,0.36953842639923096,0.9955005483333124
10298439,8,1,0.3107690215110779,1.1687053388441473
10298499,14,8,0.032698553055524826,3.4204244511244672
10293841,12,1,0.22554174065589905,1.4892500344818789
10298441,8,1,0.36747679114341736,1.0010951156747478
10293842,7,1,0.2774295210838318,1.2821883561298233
10298500,12,1,0.26222607493400574,1.3385482658616978
10298442,6,1,0.30136966705322266,1.1994176380227752
10293839,9,1,0.3169320523738861,1.1490678739039089
10298436,11,1,0.3577784597873688,1.0278413115437322
10293844,7,2,0.204400897026062,1.5876720320807007
10298437,8,4,0.11097544431686401,2.1984463245136756
10293845,6,3,0.16404221951961517,1.8076314481937097
10298314,7,2,0.24094966053962708,1.4231672447383437
10298315,7,1,0.2991941273212433,1.2066626610114664
10298316,5,3,0.12255235761404037,2.0992169312163975
10298325,11,2,0.2808986306190491,1.2697614198605072
10298416,4,3,0.19014137983322144,1.659987379144685
10298474,12,2,0.19175443053245544,1.6515397332261885
10298318,8,5,0.07356011122465134,2.6096523672209044
10298541,10,5,0.05150029435753822,2.9661677556484274
10298329,16,9,0.04157821461558342,3.1801789360123127
10298418,7,3,0.15164099633693695,1.8862394179458217
10298475,7,1,0.2704807221889496,1.3075544505588987
10298317,10,2,0.21940752863883972,1.5168244170586402
10298583,8,1,0.3338164985179901,1.097163842618774
10298533,6,3,0.1989557445049286,1.6146728684123086
10301570,7,1,0.3736046254634857,0.9845571919131761
10298330,12,1,0.4805375635623932,0.7328498776390419
10298420,10,3,0.11553488671779633,2.1581827451233266
10301660,8,2,0.2602440416812897,1.3461354663455334
10298472,13,4,0.14324159920215607,1.9432225694199796
10298320,7,3,0.16954678297042847,1.7746263845189634
10298579,7,5,0.08085662126541138,2.515077800636205
10301613,9,2,0.15536564588546753,1.861973934436017
10298539,12,1,0.1992199420928955,1.6133458279342918
10301571,7,1,0.6536043882369995,0.42525302150998473
10301689,8,2,0.2477661669254303,1.395269852904363
10298411,10,1,0.3452601730823517,1.063457021283683
10301654,11,1,0.7514378428459167,0.28576678399370997
10298469,13,2,0.14243687689304352,1.9488563465848827
10298327,16,4,0.12324603646993637,2.093572625035366
10298321,8,2,0.20250213146209717,1.597004866752187
10298582,12,1,0.33410555124282837,1.0962983142446567
10301610,8,2,0.40108761191368103,0.9135753919643639
10298536,12,1,0.3594014048576355,1.0233153957431687
10301803,7,2,0.2815433144569397,1.2674689730546842
10301574,8,2,0.29933401942253113,1.2061952072932203
10301684,9,1,0.5662577748298645,0.5687058718952874
10298413,10,1,0.787659764289856,0.2386890535700514
10301658,9,3,0.07609594613313675,2.5757602857944226
10298470,11,1,0.3253403604030609,1.1228833818708497
10298693,5,1,0.43451106548309326,0.8335338674362015
10298328,17,5,0.1007319912314415,2.2952918412149748
10298584,8,2,0.245805561542511,1.403214455814428
10301612,9,1,0.41217488050460815,0.8863075524491525
10298534,9,6,0.05998446047306061,2.813669742419943
10301806,10,3,0.20237110555171967,1.5976521108917012
10301579,12,2,0.30707359313964844,1.1806678430552264
10301685,8,2,0.2717869281768799,1.3027368719577548
10298419,11,9,0.015641458332538605,4.157830304443449
10298479,9,1,0.40667641162872314,0.8997374671886028
10298689,6,1,0.32410088181495667,1.1267004480269924
10298323,13,6,0.05108476057648659,2.974269053717148
10298580,10,8,0.04598453268408775,3.0794501850344953
10301611,11,1,0.23228713870048523,1.4597810057815854
10298535,12,1,0.28256648778915405,1.263841401081431
10301804,12,3,0.18046623468399048,1.7122115841707841
10301572,9,4,0.09891360253095627,2.313508511580892
10301688,10,3,0.13288545608520508,2.018267754276179
10298412,11,1,0.23740406334400177,1.4379916809294506
10301656,12,4,0.13158756494522095,2.0280827558532173
10298473,12,1,0.3017139732837677,1.1982758187296498
10298690,8,1,0.42652809619903564,0.8520770380207646
10298585,10,3,0.13598322868347168,1.9952237193543216
10301608,11,10,0.022677965462207794,3.7863615103982933
10298537,12,6,0.06141645088791847,2.7900775499451522
10301808,12,1,0.24351391196250916,1.412581204775279
10301568,11,1,0.4097149074077606,0.8922937089361324
10301686,12,3,0.15542520582675934,1.861590654544136
10298414,7,1,0.3248831629753113,1.1242896598249938
10301659,11,2,0.18676280975341797,1.6779158642644822
10298478,8,1,0.4062883257865906,0.9006922093902039
10298694,5,1,0.3897915780544281,0.9421430979542248
10298587,12,3,0.1708669811487198,1.766869913210539
10301609,11,5,0.08567392826080322,2.457206720657125
10298542,10,7,0.04723944887518883,3.0525259542072947
10301805,12,1,0.3433002829551697,1.069149754297538
10301569,7,3,0.12710979580879211,2.0627040320902545
10301687,12,2,0.23055897653102875,1.4672485857977315
10298417,15,2,0.1997547745704651,1.6106647918906798
10301657,13,8,0.025234133005142212,3.6795577166201365
10298477,11,2,0.13511542975902557,2.001625830626073
10298691,5,2,0.23775190114974976,1.4365275811648452
10298586,9,2,0.18655645847320557,1.6790213593127723
10298540,13,1,0.31529778242111206,1.1542377456905142
10301578,12,2,0.17954124510288239,1.717350319716728
10301810,12,4,0.09639594703912735,2.339291121412055
10298415,14,1,0.3010212779045105,1.2005743260190724
10298471,16,5,0.08377313613891602,2.4796428940226636
10298581,10,2,0.2364894300699234,1.4418517651993477
10301717,8,2,0.24206167459487915,1.41856273159729
10301789,13,1,0.5694414973258972,0.5630992277528327
10301899,10,1,0.4286697208881378,0.8470685379446168
10301522,9,2,0.27327486872673035,1.297277145172931
10301909,10,2,0.26960092782974243,1.3108124584449277
10301791,8,1,0.4343394637107849,0.8339288761719361
10301895,8,1,0.39976051449775696,0.9168896249304134
10301591,10,1,0.7237761616706848,0.32327310336214005
10301523,10,1,0.6935935020446777,0.3658692220073856
10301910,10,3,0.10978923738002777,2.2091927749293285
10301718,14,4,0.11227098107337952,2.1868398560319533
10301793,11,1,0.7382445335388184,0.30348016300615144
10301893,12,2,0.20729057490825653,1.573633726525499
10301592,11,1,0.4476192593574524,0.8038122754149702
10301524,11,1,0.4809718430042267,0.7319465490425692
10301908,10,3,0.16086386144161224,1.8271968528110378
10301715,14,4,0.08120884001255035,2.510731170590468
10301787,8,2,0.3123587369918823,1.163602953633274
10301897,8,1,0.33881115913391113,1.0823123795155138
10301597,10,1,0.2710616886615753,1.3054088505694488
10301520,12,1,0.38675180077552795,0.9499721333651978
10301714,14,1,0.7421121001243591,0.2982549688912231
10301911,9,4,0.04979362338781357,2.999868347571331
10301713,9,2,0.23204638063907623,1.4608180107487347
10301792,10,2,0.21443338692188263,1.5397561393255852
10301901,8,3,0.14498396217823029,1.9311321483461978
10301593,10,2,0.2480725347995758,1.394034096550261
10301521,12,1,0.43038004636764526,0.8430866318792206
10301905,9,8,0.021143201738595963,3.856436855959047
10301716,11,1,0.2701219618320465,1.3088817114851719
10301794,7,2,0.17349494993686676,1.7516067870109624
10301898,13,5,0.024762127548456192,3.698439908021369
10301594,10,2,0.20172220468521118,1.6008637524004057
10301518,12,2,0.22620214521884918,1.4863262316189636
10301906,10,1,0.3462986350059509,1.060453769233418
10301790,8,1,0.4419696033000946,0.8165141700835254
10301719,13,1,0.23280498385429382,1.4575541550451867
10301892,9,7,0.02991214580833912,3.5094906667424763
10301596,11,11,0.005714095663279295,5.164819233402728
10301519,12,7,0.024435175582766533,3.7117315625781817
10301907,9,1,0.32432320713996887,1.1260147075139195
10301788,10,1,0.39176690578460693,0.9370882441535706
10301720,9,1,0.2878349721431732,1.2453679764728665
10301595,11,3,0.15381410717964172,1.8720105019320725
10301894,14,5,0.0813668891787529,2.5087868555715045
10301900,13,1,0.2554958760738373,1.3645490100798434
10302110,9,9,0.014331045560538769,4.245327076751479
10301583,11,1,0.6012688875198364,0.508713044301162
10305601,8,1,0.40519171953201294,0.9033949423247756
10302108,6,1,0.49009326100349426,0.7131595774090911
10301577,10,1,0.406320184469223,0.9006137984893907
10305595,11,2,0.23330877721309662,1.4553924786603138
10302103,6,2,0.23384307324886322,1.453105015737014
10301576,12,2,0.2218867540359497,1.5055881442189574
10305602,12,2,0.24737221002578735,1.3968611534422102
10302104,11,2,0.23349346220493317,1.4546012013875096
10301575,10,1,0.3661576807498932,1.004691216636783
10305596,9,3,0.19292907416820526,1.6454326489751971
10302105,8,4,0.08658032864332199,2.446682641141342
10305597,8,2,0.22237810492515564,1.5033761705296758
10301582,10,5,0.07465381175279617,2.594893694642185
10302106,8,5,0.06259538233280182,2.771063768248558
10305598,11,1,0.5261196494102478,0.6422266217501994
10301573,9,4,0.14263196289539337,1.9474876523919322
10305600,8,1,0.32691454887390137,1.1180564606629297
10302109,11,3,0.14561016857624054,1.9268223065356582
10301580,10,3,0.2406935691833496,1.4242306516943923
10305599,9,2,0.2353556901216507,1.4466573341523388
10302107,8,1,0.4574066698551178,0.7821824153941384
10301581,11,6,0.05975930392742157,2.8174303860262553
10305573,8,1,0.3887198865413666,0.944896280762062
10305621,12,1,0.5175594091415405,0.6586309601581518
10305574,10,1,0.4282759130001068,0.847987634559804
10305622,11,4,0.09613966196775436,2.3419533325641684
10305669,7,1,0.7137151956558228,0.33727128185469246
10305575,7,1,0.3985767066478729,0.9198553108240173
10305619,10,3,0.1119690090417862,2.189533150960982
10305664,10,1,0.45747193694114685,0.7820397361672882
10305620,7,1,0.7772466540336609,0.2519975349304287
10305576,7,1,0.4136682152748108,0.8826910388390833
10305665,11,1,0.6885675191879272,0.37314189853682805
10305624,9,2,0.19912837445735931,1.613805564468097
10305579,9,3,0.2871268093585968,1.2478313163519923
10305666,10,1,0.3462507426738739,1.060592076576394
10305623,5,1,0.3443518280982971,1.0660913881677196
10305578,11,2,0.2314167469739914,1.4635350944385883
10305625,10,3,0.2095465362071991,1.562809434419832
10305667,10,1,0.4416385889053345,0.8172634035405366
10305577,9,2,0.1441062092781067,1.9372046868418138
10305626,6,3,0.20543897151947021,1.5826062647261803
10305670,10,1,0.32927584648132324,1.1108594403575682
10305580,10,6,0.07098069787025452,2.6453472998840484
10305668,14,2,0.1685270518064499,1.7806589972302653
10315554,11,1,0.581849217414856,0.5415439414236176
10315550,12,1,0.44043126702308655,0.8200008797802774
10315551,10,3,0.14804643392562866,1.9102293116842495
10315553,10,1,0.44372257590293884,0.8125557408843682
10315556,10,2,0.3205258548259735,1.137792335591236
10315555,12,11,0.013637186028063297,4.294954950778108
10315526,6,1,0.32202938199043274,1.1331124891831195
10315486,6,2,0.23388713598251343,1.452916604841541
10315552,12,4,0.09044265747070312,2.4030392482059306
10315527,7,3,0.18014566600322723,1.7139894997891818
10315557,12,3,0.16577324271202087,1.7971344322236207
10315529,9,4,0.06974272429943085,2.6629421748407163
10315512,12,2,0.2943075895309448,1.2231298356588312
10315490,10,7,0.019651316106319427,3.929610965488918
10315530,7,2,0.28070032596588135,1.2704676343542642
10315601,10,3,0.12242813408374786,2.1002310816908176
10315516,9,1,0.43840932846069336,0.8246022651515993
10306664,7,1,0.3474307656288147,1.0571898694278723
10315491,8,1,0.32635170221328735,1.119779638001269
10315528,8,3,0.12642017006874084,2.0681442366712033
10315604,12,2,0.24256697297096252,1.4164774295346563
10315513,9,1,0.47950366139411926,0.7350037488293628
10306661,9,3,0.12316981703042984,2.0941912495341923
10315493,9,1,0.37743139266967773,0.9743664680823808
10315532,11,4,0.1083216518163681,2.2226502205218868
10315602,10,5,0.09573263674974442,2.3461960067936207
10315514,10,3,0.12013942748308182,2.119102314986144
10306665,8,5,0.083192840218544,2.4865939899235006
10315488,9,1,0.49217668175697327,0.7089175176919865
10315603,10,3,0.17459604144096375,1.7452803079930812
10306668,8,1,0.304583340883255,1.1888105317985542
10306670,13,5,0.09516562521457672,2.3521364820685973
10306662,11,5,0.05348879471421242,2.928283091610919
10306663,11,1,0.21530482172966003,1.535700479462407
10306667,9,9,0.010914351791143417,4.517676677720947
10319222,14,1,0.38881781697273254,0.9446443818986597
10319216,13,2,0.15287865698337555,1.8781107638651608
10319220,14,1,0.35272520780563354,1.0420659733396105
10319225,13,2,0.1624111533164978,1.817624175555537
10319221,11,5,0.08341825008392334,2.483888167610018
10319309,5,4,0.15741179883480072,1.8488899849772484
10319256,7,1,0.2645290791988373,1.329804093466516
10319217,11,3,0.18824923038482666,1.6699885005717041
10319312,8,3,0.08185114711523056,2.5028529604161562
10319257,6,1,0.5377227663993835,0.6204121557254992
10319218,11,4,0.13155965507030487,2.0282948795079463
10319310,8,1,0.5816267728805542,0.5419263206714363
10319258,7,1,0.3514012396335602,1.0458265755359881
10319219,14,5,0.05899665132164955,2.830274593947349
10319313,9,3,0.22218844294548035,1.5042294150758087
10319259,7,1,0.6868839859962463,0.37558987147670986
10319224,14,1,0.29661646485328674,1.215315338838975
10319311,7,1,0.3889830708503723,0.9442194559755515
10319262,8,2,0.18101651966571808,1.7091669830096907
10319439,5,2,0.26993077993392944,1.3095897234674023
10319315,7,3,0.15741781890392303,1.848851741630474
10319261,9,1,0.4180017411708832,0.8722696809854745
10319438,5,1,0.2875184416770935,1.2464682758381287
10319316,7,3,0.10531368851661682,2.2508118728814117
10315775,8,1,0.3719630539417267,0.9889607470022359
10319260,12,1,0.36521050333976746,1.0072813701607497
10319441,5,1,0.3378790616989136,1.0850672531513403
10319285,8,5,0.09006776660680771,2.407192929687902
10319314,9,7,0.0437728613615036,3.1287412572520252
10315776,13,4,0.14074236154556274,1.9608242830935125
10319440,4,3,0.11732827126979828,2.1427795355697645
10315779,6,3,0.2216920405626297,1.5064660648418422
10319317,11,3,0.12690576910972595,2.0643104434375816
10319287,9,1,0.4178899824619293,0.8725370809523844
10315778,16,1,0.46077531576156616,0.7748447392610521
10319291,8,3,0.27908092737197876,1.2762534769555403
10315780,11,2,0.22852090001106262,1.476127606699084
10319289,10,3,0.16085299849510193,1.8272643839097598
10315777,10,1,0.32646024227142334,1.1194471071398067
10319290,7,2,0.2466646432876587,1.3997255843735454
10315774,12,3,0.12966635823249817,2.0427906027043092
10319288,9,5,0.10017941147089005,2.300792585786532
10319292,9,1,0.38080546259880066,0.9654666311079405
10323048,11,1,0.1806052327156067,1.7114416643569395
10323151,13,6,0.027478039264678955,3.5943681655317343
10319505,4,2,0.3247819244861603,1.124601323455761
10323376,6,1,0.40025246143341064,0.9156597773842834
10323152,9,2,0.1549619436264038,1.8645757172000288
10319501,9,2,0.37245863676071167,0.9876292895812933
10323375,7,1,0.45693156123161316,0.7832216559073576
10323044,8,1,0.43954893946647644,0.8220062154589296
10319502,8,1,0.546042799949646,0.6050579181232605
10323372,7,1,0.43794310092926025,0.8256662835984785
10323041,8,4,0.1765010803937912,1.7344282814162386
10323155,14,5,0.08161156624555588,2.505784283851353
10319497,5,2,0.25768494606018066,1.3560175795602785
10319545,7,3,0.23424093425273895,1.4514050597747818
10323373,8,1,0.6595184803009033,0.41624528553290485
10323045,12,1,0.6237431168556213,0.4720166670785041
10323156,8,3,0.18383723497390747,1.6937045053891233
10319503,6,1,0.30771148204803467,1.1785926816271357
10319546,11,3,0.1443067342042923,1.9358141462088192
10323370,5,3,0.17695726454257965,1.7318470188226867
10323043,9,1,0.4764643907546997,0.7413622895204531
10323149,9,2,0.20974567532539368,1.5618595520814986
10319498,13,4,0.09500812739133835,2.353792839553144
10323374,7,2,0.20591315627098083,1.580300770578896
10323042,7,1,0.2922891080379486,1.2300118705152612
10319469,10,4,0.08041979372501373,2.520494942487528
10323150,14,6,0.05857020989060402,2.837529075301345
10319499,10,1,0.26852625608444214,1.3148065817901617
10319537,5,4,0.13779662549495697,1.9819764091279914
10323117,9,1,0.47274017333984375,0.7492093578259857
10323371,5,2,0.24117781221866608,1.422220807503543
10323046,9,2,0.370630145072937,0.9925506271735536
10319465,7,1,0.47524121403694153,0.7439327848188014
10323154,9,1,0.28630927205085754,1.2506826816153382
10319500,7,3,0.11654410511255264,2.149485492964367
10323119,4,3,0.18433792889118195,1.6909846357451035
10319544,11,1,0.5120689272880554,0.669296039394091
10323047,8,1,0.43381959199905396,0.8351265179414976
10319470,10,1,0.5985219478607178,0.5132920832100111
10319504,7,1,0.3276033103466034,1.1159518222111646
10323134,7,2,0.3556339740753174,1.0338532397617444
10319542,13,6,0.046521347016096115,3.067843996116827
10319466,10,2,0.21465598046779633,1.5387186232145
10323115,6,3,0.10652703046798706,2.2393565188251126
10319541,13,2,0.26161062717437744,1.3408980364689504
10319467,9,2,0.2269870489835739,1.4828623160641128
10323123,6,1,0.3500632047653198,1.049641555758423
10319538,11,8,0.014676175080239773,4.22152984286281
10319468,10,1,0.5405552983283997,0.6151583375553844
10323118,8,6,0.07997357100248337,2.5260590613589153
10319539,9,2,0.2370196431875229,1.439612258633807
10323116,7,3,0.12439464777708054,2.084296123902625
10319540,11,10,0.015166125260293484,4.188690939454006
10323124,7,2,0.17182612419128418,1.7612722193432644
10322960,9,5,0.04770137742161751,3.0427950047412975
10322966,14,1,0.3627464473247528,1.0140511809949433
10322922,13,3,0.11565660685300827,2.1571297639380886
10322959,14,1,0.22356124222278595,1.498069888043984
10322917,9,2,0.18174472451210022,1.7051521890579973
10322963,12,2,0.21591150760650635,1.532886642249537
10327178,6,4,0.12004542350769043,2.1198850785934527
10322964,7,1,0.2870304584503174,1.248166941848998
10327180,9,1,0.28138163685798645,1.268043392799345
10322924,16,1,0.3943026661872864,0.9306364762972057
10323215,10,1,0.2456752508878708,1.4037447335156037
10323084,10,3,0.08631561696529388,2.449744735905145
10322967,14,8,0.04787454381585121,3.0391713601773525
10323222,7,1,0.5749560594558716,0.5534616594424312
10327181,9,2,0.17499972879886627,1.742970854780588
10322919,13,1,0.2743012607097626,1.2935282849508456
10323025,7,3,0.09884724020957947,2.3141796487276407
10323206,12,4,0.04962913691997528,3.0031771798226305
10323086,16,1,0.3082972466945648,1.1766908747346305
10323264,5,5,0.12559184432029724,2.0747179608119217
10322962,14,8,0.040375255048274994,3.209538180474129
10323214,6,4,0.151943638920784,1.884245623471698
10327176,6,3,0.16892755031585693,1.778285352331493
10323126,7,1,0.4036507308483124,0.9072053025436871
10322921,16,1,0.34544500708580017,1.0629218175146435
10323534,7,1,0.48199254274368286,0.7298266365373566
10323028,9,1,0.5020462870597839,0.6890629582426807
10323207,7,1,0.64596027135849,0.43701727653576555
10323085,11,4,0.07616963237524033,2.5747924209811455
10323063,6,1,0.5394325852394104,0.6172374599427842
10323252,8,1,0.4918692708015442,0.7095423075498788
10323258,10,3,0.1644604206085205,1.8050853419300683
10322958,11,5,0.0814443901181221,2.507834821467263
10322971,7,2,0.31583285331726074,1.152542150534628
10323514,9,1,0.23489157855510712,1.44863123915148
10323216,8,2,0.2361031174659729,1.44348663097118
10327177,6,1,0.5769472122192383,0.5500045032809645
10323130,6,4,0.11693032085895538,2.146177069807716
10322920,11,2,0.21381302177906036,1.542653375889219
10323532,10,1,0.33874747157096863,1.0825003708132228
10323023,5,2,0.27392351627349854,1.2949063492482042
10323193,8,1,0.3404581844806671,1.0774629671580507
10323203,8,4,0.1003543883562088,2.2990474741906213
10323088,12,3,0.13370995223522186,2.0120823605822973
10323064,8,1,0.5264101028442383,0.6416747068219206
10323251,5,1,0.3240770101547241,1.1267741057698408
10322961,14,1,0.18206049501895905,1.7034162569206701
10322972,5,5,0.04301444813609123,3.146219216560084
10323515,9,4,0.15013767778873444,1.8962025539294916
10323219,7,1,0.4203398823738098,0.8666916512187338
10327179,5,2,0.24243538081645966,1.4170200749742272
10323122,8,6,0.03899165987968445,3.24440750496036
10322925,16,4,0.0959891527891159,2.3435200856783958
10323528,9,2,0.31123125553131104,1.167219056209284
10323031,12,1,0.24064159393310547,1.424446614517925
10323194,7,3,0.13561981916427612,1.997899755127447
10323200,7,1,0.4753054976463318,0.7437975287420655
10323087,16,6,0.08238865435123444,2.4963075414590405
10323065,7,5,0.0333082415163517,3.4019504196335406
10323719,9,3,0.1487993597984314,1.9051564590222976
10323253,8,2,0.40591883659362793,0.9016020492329571
10323262,7,3,0.20930050313472748,1.5639842456404422
10322957,14,9,0.031056759878993034,3.471938784829542
10322974,7,1,0.34260404109954834,1.071179897774793
10323517,7,4,0.08477353304624557,2.467771895204545
10323220,12,1,0.4273870587348938,0.8500652156034884
10323344,5,3,0.1757001429796219,1.7389764700180912
10323131,8,3,0.16281452775001526,1.8151435926013575
10323535,7,2,0.3060262203216553,1.1840844933750347
10323027,15,10,0.027286894619464874,3.601348742621439
10323204,8,2,0.18450038135051727,1.6901037485632182
10323082,13,3,0.11655938625335693,2.149354382608734
10323066,7,1,0.357060045003891,1.029851318057193
10323716,8,2,0.26529499888420105,1.3269128688106897
10323259,12,3,0.1337548941373825,2.011746302194116
10322969,5,2,0.27320757508277893,1.2975234244269267
10323519,7,1,0.3425571620464325,1.0713167387195919
10323217,14,2,0.17828458547592163,1.7243742105933044
10323345,4,1,0.4583912193775177,0.7800322687006724
10323127,7,1,0.38127976655960083,0.9642218778864015
10323533,7,5,0.12188629060983658,2.1046667130538057
10323024,12,8,0.017926573753356934,4.021471099789289
10323201,6,4,0.09787220507860184,2.324092681108512
10323083,9,1,0.2055322527885437,1.582152309484752
10323068,8,6,0.05660640075802803,2.8716332125692516
10323720,9,2,0.3154078722000122,1.1538886453480275
10323254,10,1,0.3556581139564514,1.033785363620425
10323261,7,2,0.15293623507022858,1.8777342087069295
10322970,8,6,0.015284308232367039,4.180928582604823
10323516,7,1,0.3592449426651001,1.0237508316026758
10323221,14,1,0.3394060730934143,1.0805580327256759
10323347,6,4,0.1174156665802002,2.1420349343226333
10323132,8,1,0.45008838176727295,0.7983113115752247
10323529,10,1,0.3884197771549225,0.9456686243069404
10323030,12,6,0.04403591901063919,3.1227496369381935
10323205,7,2,0.21894048154354095,1.5189553598766063
10323089,16,1,0.15172912180423737,1.8856584413465498
10323067,9,2,0.17964184284210205,1.7167901722864827
10323257,6,6,0.01904619112610817,3.960888138286981
10323265,10,7,0.028614219278097153,3.553851507152297
10322973,9,1,0.35925066471099854,1.0237349037505363
10323521,7,1,0.4086131751537323,0.8949863524935666
10323213,15,8,0.04751543328166008,3.0467007095209087
10323346,7,2,0.39384862780570984,0.9317886368919139
10323133,10,1,0.5036731362342834,0.6858277605209886
10323551,8,2,0.2732190787792206,1.2974813192464343
10323530,11,5,0.08565818518400192,2.457390493290627
10323029,13,5,0.09714861959218979,2.3315133122952543
10323202,10,3,0.11232093721628189,2.1863949945773946
10323080,13,3,0.09907606989145279,2.311867341160485
10323062,9,3,0.14876651763916016,1.905377197768873
10323718,11,1,0.3634514808654785,1.0121094685915624
10323250,10,6,0.03759784996509552,3.280808412000603
10323263,11,3,0.11173192411661148,2.191652811443351
10323518,5,1,0.615605354309082,0.4851491793471773
10323218,11,5,0.055974483489990234,2.882859344052349
10323349,8,6,0.025495655834674835,3.669247200755088
10323129,10,4,0.0972113087773323,2.3308682288375446
10323550,7,1,0.35173293948173523,1.044883085992646
10323531,15,3,0.16019192337989807,1.8313826614746174
10323081,17,2,0.1770865023136139,1.7311169521536862
10323026,15,1,0.22306090593338013,1.5003104240352187
10323723,8,2,0.2636047303676605,1.3333045312657075
10323260,10,6,0.05956022068858147,2.8207673658578565
10323520,5,1,0.42224347591400146,0.8621731741797223
10323552,7,1,0.3991336524486542,0.918458949638718
10323724,10,1,0.5295607447624207,0.6357073995339949
10323547,7,1,0.4571170508861542,0.7828157920295984
10323722,14,1,0.5409838557243347,0.6143658421255911
10323548,12,4,0.13472749292850494,2.0045011115037097
10323721,9,4,0.11754992604255676,2.140892133153579
10323549,9,3,0.19593405723571777,1.6299771190360635
10323725,8,4,0.1119774803519249,2.1894574961903652
10323333,9,3,0.07092272490262985,2.6461643763113414
10323593,10,2,0.2995157837867737,1.2055881623585798
10322990,6,3,0.18995414674282074,1.6609725688796515
10323360,9,1,0.580016016960144,0.5446995603744473
10322984,6,1,0.43765878677368164,0.8263156978347056
10323340,9,1,0.48343563079833984,0.7268371047027131
10323589,12,4,0.07754956930875778,2.5568379430983152
10322987,7,1,0.6785275340080261,0.38783021982605403
10323361,6,1,0.49675533175468445,0.6996576643321514
10322978,6,1,0.44114282727241516,0.81838658460428
10323334,6,1,0.6358953714370728,0.4527212394943897
10323073,6,2,0.25166863203048706,1.3796420090390513
10323594,7,4,0.1124434694647789,2.1853046772763136
10323363,7,5,0.0479641854763031,3.037300682482537
10322979,4,4,0.18189400434494019,1.7043311552715525
10323074,6,1,0.45730096101760864,0.7824135468167087
10323336,10,1,0.2918833792209625,1.2314009427193575
10323595,9,3,0.14811000227928162,1.9098000226541423
10322989,10,4,0.1741093248128891,1.7480718735452765
10323357,8,2,0.2956674098968506,1.2185200716002509
10323075,7,5,0.05598398298025131,2.882689647367795
10327394,9,1,0.618972659111023,0.4796941767221142
10322980,7,2,0.2933906018733978,1.2262504455742944
10323335,7,3,0.19847911596298218,1.6170713936442715
10323590,9,2,0.2042435109615326,1.5884423158248802
10322991,14,1,0.24038362503051758,1.4255191941547054
10323077,8,3,0.12485342472791672,2.0806148318923485
10327400,14,2,0.2005518525838852,1.6066824492924845
10323358,9,2,0.20684613287448883,1.5757800815625589
10322983,8,3,0.18761727213859558,1.6733511776790406
10323337,11,2,0.2173847258090973,1.5260865652310835
10323591,11,1,0.20506712794303894,1.5844179000642085
10323070,6,4,0.10801130533218384,2.2255193783346794
10322992,12,6,0.042589616030454636,3.156144810573575
10323362,11,2,0.16555726528167725,1.7984381302274148
10322981,7,2,0.3077489733695984,1.178470849846458
10323338,11,1,0.31297382712364197,1.1616357113515663
10323592,10,4,0.10599874705076218,2.2443280052157584
10323076,9,7,0.04149170592427254,3.18226172896605
10322986,11,2,0.2768252193927765,1.2843689488658978
10327395,12,2,0.20595616102218628,1.58009194341185
10323359,9,1,0.290098637342453,1.2375342850652142
10322982,7,1,0.3965774178504944,0.9248840038758579
10323339,8,5,0.11184123158454895,2.1906749885351933
10323596,11,7,0.04127313196659088,3.187543548429303
10323071,9,5,0.0795011967420578,2.531983204075934
10327396,15,8,0.038082707673311234,3.2679949667204373
10323364,12,3,0.1514246016740799,1.8876674566348157
10327397,10,1,0.3920934498310089,0.9362550751765906
10327402,11,1,0.27306991815567017,1.2980274061275323
10327401,14,4,0.12103575468063354,2.111669283806545
10327067,14,1,0.3519051969051361,1.044393466633108
10327072,10,1,0.4000483751296997,0.9161698013622949
10327079,9,1,0.3311131000518799,1.1052952699688539
10327074,9,7,0.06015121191740036,2.810893688511715
10327076,4,1,0.45821771025657654,0.7804108579057392
10327073,11,1,0.3510524034500122,1.0468197690816632
10327077,9,1,0.27094998955726624,1.3058210155111984
10327070,13,4,0.11312083154916763,2.1792987258251113
10323161,8,2,0.3399621844291687,1.0789208898247358
10327081,8,1,0.3044634163379669,1.1892043424392515
10327295,11,2,0.19685643911361694,1.6252805513647803
10327066,8,4,0.12486659735441208,2.0805093327305455
10323160,7,1,0.29552119970321655,1.219014702904849
10327080,10,1,0.25880756974220276,1.3516704673928732
10327296,9,2,0.23610086739063263,1.4434961610700883
10327068,11,2,0.25488704442977905,1.3669347949812858
10323493,10,1,0.3845221698284149,0.9557538328471118
10323033,8,3,0.1766553819179535,1.7335544390803461
10327107,13,4,0.09155936539173126,2.390767714986325
10323162,8,3,0.12260084599256516,2.0988213550750805
10327082,8,4,0.14637279510498047,1.921598520508329
10327292,10,2,0.24699226021766663,1.3983982779962632
10323489,9,5,0.1356639862060547,1.9975741400977662
10323037,11,2,0.3067815899848938,1.1816192178576448
10323164,11,4,0.08379446715116501,2.4793882981229145
10327293,14,4,0.10244504362344742,2.2784287839599657
10323486,13,2,0.18871624767780304,1.6675107270933003
10323034,11,3,0.17550970613956451,1.7400609319669726
10327108,10,3,0.16347989439964294,1.8110652662390283
10323157,8,5,0.04167106747627258,3.177948216494743
10327294,15,4,0.08071642369031906,2.5168132090431725
10323491,7,3,0.17770059406757355,1.7276552007344153
10323035,11,1,0.6233124732971191,0.47270732366032936
10327111,13,1,0.36382222175598145,1.0110899324216702
10323158,12,2,0.2315753549337387,1.4628499511486779
10327387,8,1,0.3602254092693329,1.02102530661462
10327297,13,2,0.17145638167858124,1.7634263789602571
10323488,9,7,0.015378626063466072,4.174776651569548
10327109,13,5,0.07224778085947037,2.627653667209118
10327382,10,2,0.28611046075820923,1.251377316301207
10327383,9,2,0.2920149564743042,1.230950257223184
10327384,10,2,0.2046349197626114,1.5865277667010997
10327385,11,7,0.039028484374284744,3.243463530870414
10327090,10,1,0.7116739749908447,0.34013537273227223
10327168,6,3,0.14265015721321106,1.9473600992327267
10327092,9,1,0.5508302450180054,0.596328602564016
10327171,8,1,0.2661677598953247,1.323628492694943
10327087,11,1,0.3500634431838989,1.0496408746857062
10327164,9,1,0.43285682797431946,0.8373482569863674
10327088,11,5,0.08705060184001923,2.4412656990638752
10327167,9,2,0.14103630185127258,1.9587379618029876
10327091,11,3,0.1255331039428711,2.0751857787559667
10327169,6,4,0.14456228911876678,1.934044797746291
10327165,10,3,0.17010243237018585,1.7713544800342012
10327086,11,2,0.1865433156490326,1.6790918113746065
10340972,8,3,0.16438935697078705,1.805517537076209
10340979,6,1,0.3385448157787323,1.0830988001828445
10340973,8,1,0.48638245463371277,0.720760020868712
10340974,7,4,0.06248683109879494,2.7727994468599357
10340927,10,1,0.35729217529296875,1.0292014137364596
10340975,14,1,0.3002656102180481,1.2030878286389672
10340983,9,1,0.4841180145740509,0.7254265702230707
10340928,7,1,0.5073160529136658,0.6786210910826973
10340977,8,6,0.05462191253900528,2.9073201481888313
10340987,7,3,0.1602131575345993,1.8312501157941825
10340924,8,6,0.06119174510240555,2.793742982509136
10341059,10,1,0.5644944906234741,0.5718246551858855
10340922,7,1,0.3321153521537781,1.1022729241647986
10341054,9,3,0.15630583465099335,1.8559407124306317
10340990,7,1,0.4748390316963196,0.7447794130198425
10340925,11,7,0.033022020012140274,3.4105806669482033
10341055,10,1,0.35290664434432983,1.0415517206393052
10340984,8,1,0.48933184146881104,0.7147144072498931
10340926,11,2,0.15639731287956238,1.8553556320954896
10341021,8,2,0.24188125133514404,1.419308370218818
10341056,8,1,0.4659855365753174,0.7636006827301838
10340989,9,3,0.1082897037267685,2.222945201269791
10341019,12,1,0.4501257836818695,0.7982282159829677
10341020,9,1,0.5481793284416199,0.6011528038842143
10341023,10,3,0.16827423870563507,1.7821602572041362
10343995,8,1,0.5300315022468567,0.6348188360007331
10344004,8,3,0.24440978467464447,1.4089090169924605
10343961,8,1,0.32991403341293335,1.1089231632681757
10343996,10,1,0.5267248749732971,0.6410769256351546
10344002,7,4,0.0890652984380722,2.418385487953742
10343959,6,2,0.25768759846687317,1.3560072863977082
10343994,11,5,0.07231114059686661,2.6267770732111115
10344000,13,10,0.0007775828707963228,7.159320333357582
10343955,9,2,0.23499618470668793,1.4481860002604616
10341126,8,6,0.05237385630607605,2.9493477376164243
10343989,11,3,0.09679991751909256,2.3351091367754586
10344003,7,1,0.37758854031562805,0.9739501939117156
10343960,8,3,0.19305121898651123,1.6447997419353846
10341119,8,1,0.47924938797950745,0.7355341740952633
10343990,12,1,0.32940563559532166,1.1104653527166983
10344005,10,1,0.3905450999736786,0.9402118234808446
10343956,10,2,0.20526236295700073,1.583466298811925
10341120,10,1,0.3232429325580597,1.129351125272016
10343997,14,9,0.024320753291249275,3.7164252482170967
10343998,9,1,0.3861798644065857,0.9514520480823493
10343957,11,9,0.023253556340932846,3.76129719774576
10341121,11,1,0.3404409885406494,1.0775134766628427
10341123,8,7,0.025520633906126022,3.6682679812323045
10344037,10,2,0.24996976554393768,1.3864153062577083
10341122,14,7,0.04687913879752159,3.0601825042421513
10344040,6,2,0.20329926908016205,1.5930761536314164
10344044,12,1,0.394864022731781,0.9292138195960126
10344042,6,2,0.3171241879463196,1.1484618217397746
10344041,9,1,0.35120484232902527,1.046385629363423
10344038,8,1,0.6492948532104492,0.431868346173301
10343948,7,2,0.2537142038345337,1.371546827209635
10343949,9,1,0.3906835615634918,0.9398573521254528
10343942,10,4,0.11700845509767532,2.145509081003331
10350400,10,3,0.18844980001449585,1.668923620482101
10343943,12,2,0.3577144742012024,1.0280201688973059
10350398,10,1,0.5182691216468811,0.6572606317779158
10350564,11,1,0.5013033747673035,0.6905438227040138
10343944,9,4,0.13705334067344666,1.9873850809489066
10350375,12,3,0.21087561547756195,1.5564868194359158
10350592,5,1,0.4315279722213745,0.8404229450177355
10350471,9,1,0.225413978099823,1.4898166646594357
10350406,9,1,0.3440003991127014,1.0671124613980705
10350560,11,2,0.22352685034275055,1.4982237363824888
10343947,9,2,0.17859363555908203,1.7226422463422
10350593,7,1,0.45457974076271057,0.7883819335309821
10350474,10,2,0.22753314673900604,1.480459351252664
10350402,12,3,0.19747023284435272,1.6221674257757566
10350567,14,3,0.17931334674358368,1.7186204630846276
10350380,11,3,0.1433209627866745,1.942668668826708
10350590,11,6,0.03514358773827553,3.3483131030206588
10350473,9,1,0.6376791596412659,0.44992000670102134
10350403,12,2,0.21337929368019104,1.5446839753743096
10350562,13,4,0.09027460217475891,2.4048991186435136
10350376,11,5,0.09810380637645721,2.3217291121803045
10350597,11,4,0.08708732575178146,2.4408439194686484
10350467,9,8,0.013845531269907951,4.279792750404348
10350404,7,3,0.10939210653305054,2.2128165439460776
10350563,14,1,0.20923222601413727,1.5643105146103016
10350377,12,3,0.149861678481102,1.8980425537810433
10350465,5,1,0.4271855652332306,0.8505367811550772
10350594,11,1,0.2906973361968994,1.2354726348686498
10350469,10,1,0.5252907872200012,0.6438032893066057
10350405,9,1,0.3569059371948242,1.030283013166771
10350561,16,1,0.2708083689212799,1.3063438339855085
10350381,11,1,0.32227879762649536,1.132338276915104
10350466,7,1,0.3717120289802551,0.9896358401357022
10350591,10,3,0.21530082821846008,1.5357190278079782
10350468,10,3,0.1496547907590866,1.8994240321047138
10350566,14,9,0.02175081893801689,3.8281038698336594
10350534,6,2,0.2696971893310547,1.310455470355144
10350461,10,2,0.3513655960559845,1.0459280133836386
10350383,7,2,0.2622825801372528,1.3383328062961815
10350536,6,4,0.13329602777957916,2.015182851344408
10350457,7,3,0.1908695548772812,1.6561650430157688
10350389,7,2,0.2727473974227905,1.2992091963024177
10350532,6,4,0.11892776191234589,2.129239012949055
10350462,11,6,0.10144119709730148,2.2882759873247864
10350384,10,6,0.07279111444950104,2.6201613854938204
10350537,6,1,0.5575785040855408,0.5841519710580826
10350458,10,8,0.02914920262992382,3.5353277205932523
10350390,10,1,0.3128219246864319,1.1621211810587482
10350535,9,1,0.536904513835907,0.6219350143699055
10350455,8,1,0.48582860827445984,0.7218993751515359
10350385,7,3,0.1415185183286667,1.9553246988810997
10350530,7,2,0.2539159953594208,1.3707517935972275
10350459,8,3,0.15060175955295563,1.8931162800660335
10350386,6,1,0.2879966199398041,1.244806535235187
10350332,8,4,0.13698342442512512,1.9878953500714707
10350345,11,4,0.1365596503019333,1.9909937612642183
10350327,13,1,0.33611151576042175,1.090312281938835
10350342,12,1,0.2990812361240387,1.207040049770697
10350330,18,7,0.05447632819414139,2.909989016729704
10350343,14,3,0.18684393167495728,1.6774816005651494
10350328,16,4,0.0810106173157692,2.513175054927206
10350340,14,7,0.02883641980588436,3.546116114150564
10350645,5,1,0.3822099566459656,0.9617851966362518
10350333,12,6,0.06407049298286438,2.7477713489193483
10350551,12,3,0.13704779744148254,1.9874255275665529
10350483,15,1,0.2900204062461853,1.2378039921110577
10350542,8,2,0.2620430588722229,1.3392464418839574
10350341,14,5,0.08972471207380295,2.411009050938815
10350648,12,4,0.0683700293302536,2.6828207180634944
10353898,8,1,0.42115655541419983,0.864750648832705
10350329,17,11,0.019501561298966408,3.9372607500039343
10353866,7,1,0.35653793811798096,1.0313146265065536
10350478,12,2,0.2464631199836731,1.4005429113634809
10350543,8,2,0.3311561644077301,1.1051652190719696
10350344,11,6,0.0592537596821785,2.8259260464285156
10353889,10,1,0.5242930054664612,0.6457045802012759
10350646,9,1,0.36116376519203186,1.0184237803229965
10353895,11,3,0.2022142857313156,1.598427323401279
10350331,14,1,0.3349771797657013,1.0936928695797343
10350557,11,1,0.19558414816856384,1.6317645667485141
10353906,13,1,0.6525619626045227,0.42684918244786746
10350481,9,1,0.32814615964889526,1.1142961611664028
10350544,11,2,0.15057329833507538,1.8933052812281121
10353886,11,6,0.0701339915394783,2.6573477017621245
10350500,7,1,0.2908923327922821,1.2348020706785108
10350651,8,2,0.1936315894126892,1.6417979489962116
10353893,8,3,0.18012964725494385,1.7140784248290302
10350555,12,3,0.12973864376544952,2.042233284732292
10353862,8,3,0.1481117159128189,1.9097884527155993
10353907,9,2,0.21218177676200867,1.5503119341430676
10350477,14,11,0.023029496893286705,3.770979411098685
10350790,6,3,0.1855238974094391,1.6845715782270707
10361624,7,3,0.1936476230621338,1.6417151474982883
10350541,13,2,0.10336537659168243,2.2694852221923574
10353884,12,2,0.2600027322769165,1.3470631392644548
10350497,6,4,0.14292365312576294,1.9454446855199337
10350654,14,4,0.13705532252788544,1.9873706205928152
10354092,6,3,0.18900905549526215,1.6659603523969255
10353896,12,1,0.3261985182762146,1.120249131183791
10350556,12,8,0.03535771369934082,3.3422387011271733
10353863,6,2,0.21613916754722595,1.531832784566251
10353901,12,1,0.32602226734161377,1.1207895952192146
10350484,11,4,0.14376200735569,1.9395960733621789
10350792,9,1,0.4523017108440399,0.7934058199628449
10361627,12,2,0.19492748379707336,1.6351276675458741
10350538,10,5,0.07783761620521545,2.5531304658639753
10353891,10,4,0.10094599425792694,2.2931696154669754
10350498,9,1,0.4887372553348541,0.7159302440637666
10350647,13,1,0.3059057891368866,1.1844781030717397
10354093,5,5,0.03204246610403061,3.4406931902049487
10353899,10,10,0.011880644597113132,4.432844707503349
10350674,10,2,0.2196580022573471,1.515683477367168
10350548,10,5,0.08345551043748856,2.4834415982504257
10353864,12,1,0.3647304177284241,1.0085967798513455
10353902,12,8,0.06179565191268921,2.783922274393541
10350480,7,2,0.19079716503620148,1.6565443783791673
10350784,11,1,0.35901910066604614,1.0243796867113044
10361625,8,1,0.30479466915130615,1.1881169449836608
10350539,15,2,0.13819095492362976,1.979118818968246
10350501,9,2,0.30377039313316345,1.191483148694068
10350650,7,1,0.3561243712902069,1.0324752515844875
10354091,7,1,0.2757897675037384,1.2881164154579066
10353897,12,7,0.04637780413031578,3.0709342934606547
10350677,10,2,0.23113204538822174,1.4647661067184758
10350553,16,3,0.10238513350486755,2.2790137575329834
10353903,9,1,0.34289032220840454,1.070344643275782
10350479,12,5,0.08720552176237106,2.439487627109046
10350789,10,1,0.2612296938896179,1.3423552054623005
10350495,8,3,0.09128008037805557,2.393822692862802
10350649,12,6,0.020537476986646652,3.885503916172189
10350676,6,1,0.31769031286239624,1.1466782296339384
10350549,12,3,0.15813224017620087,1.8443236328729975
10350785,8,4,0.1434963047504425,1.941445994982017
10350679,6,1,0.45937487483024597,0.7778886814934491
10350787,9,4,0.10092519968748093,2.293375633672081
10353870,7,1,0.30463626980781555,1.1886367720450437
10350675,10,1,0.33115848898887634,1.1051581995046558
10350783,9,1,0.37371349334716797,0.9842658357110126
10350672,9,1,0.25622156262397766,1.3617127298136549
10350788,12,2,0.1571834236383438,1.850341852140252
10353872,9,5,0.10034780949354172,2.2991130326422966
10353874,9,2,0.337058961391449,1.0874974043148815
10353876,7,4,0.056192122399806976,2.8789787027292792
10362563,7,1,0.38074231147766113,0.9656324805094725
10362559,10,2,0.3576502799987793,1.0281996415431651
10362560,7,1,0.2481292337179184,1.3938055648432548
10362562,12,1,0.3537888824939728,1.0390549208876119
10362557,13,2,0.24664652347564697,1.3997990463717351
10354123,6,2,0.2997075617313385,1.2049480739756855
10353928,6,1,0.3777073919773102,0.9736354784271444
10362558,11,3,0.14053216576576233,1.9623188785759962
10354106,11,1,0.4445662796497345,0.8106561245709734
10354119,6,1,0.38815873861312866,0.9463409028887582
10353929,13,1,0.44960352778434753,0.7993891339380044
10354136,6,3,0.1570141464471817,1.8514193729339
10353943,7,3,0.09934292733669281,2.3091775018823317
10354107,6,2,0.2917619049549103,1.2318172033183883
10354124,8,6,0.015444222837686539,4.170520271929608
10354139,14,3,0.06252460181713104,2.7721951706172843
10353930,12,1,0.26513850688934326,1.327502922032045
10353883,7,1,0.35612308979034424,1.0324788500525275
10353840,11,3,0.17594796419143677,1.7375669856626297
10354111,6,1,0.45354294776916504,0.7906653110021297
10353944,9,2,0.19338436424732208,1.6430755459358568
10354137,9,1,0.4536885619163513,0.7903443033058976
10354120,9,6,0.05058368295431137,2.9841262259524224
10353885,10,2,0.2340320497751236,1.452297208152309
10353931,8,1,0.2669851779937744,1.3205621352547294
10353838,12,9,0.008830571547150612,4.7295355385844005
10354110,8,1,0.2964121699333191,1.2160043272488612
10353938,10,2,0.2318120300769806,1.4618284509029749
10354138,12,4,0.1385299116373062,1.9766690081721774
10354121,10,3,0.13049891591072083,2.0363903594514356
10353888,10,3,0.16286377608776093,1.8148411571149237
10353933,10,2,0.2147964984178543,1.538064218073157
10353839,8,6,0.04110195115208626,3.191699685319999
10354112,12,2,0.18578952550888062,1.6831408292782906
10353952,8,1,0.47523146867752075,0.7439532911617996
10353939,14,2,0.20610645413398743,1.5793624760302547
10354133,10,1,0.33306729793548584,1.0994107135179592
10354122,9,1,0.41251739859580994,0.885476895682801
10353879,9,1,0.4249006509780884,0.8558998997889078
10354114,6,6,0.09432084113359451,2.3610531049217665
10353841,12,2,0.18104052543640137,1.7090343753389206
10353953,10,3,0.15134304761886597,1.8882061803549808
10353937,10,5,0.09721088409423828,2.3308725975064477
10353880,11,1,0.23409871757030487,1.4520123826279794
10353949,10,1,0.3170914351940155,1.148565107597575
10353950,10,1,0.471462607383728,0.7519154857083562
10353954,11,1,0.3274202048778534,1.1165109028220543
10358136,13,1,0.47419220209121704,0.7461425498318514
10353911,7,3,0.14303404092788696,1.9446726286045035
10358141,11,1,0.3921757638454437,0.9360451625259302
10353792,8,1,0.332677960395813,1.1005803428294298
10354097,9,2,0.2475816309452057,1.3960149293518804
10358139,10,2,0.15579178929328918,1.8592348472340114
10353795,11,3,0.1507873833179474,1.8918844919087416
10354098,12,1,0.4886438250541687,0.7161214290229287
10358140,9,2,0.19675715267658234,1.6257850382077716
10353915,8,2,0.22892317175865173,1.4743688262224732
10353794,11,1,0.5925865769386292,0.5232582952321371
10358138,13,3,0.11485996097326279,2.1640416233226176
10354099,11,4,0.13381071388721466,2.0113290605982765
10353912,8,4,0.046360693871974945,3.0713032935825795
10358137,11,3,0.19698666036128998,1.6246192664389196
10353790,13,8,0.03227533772587776,3.433451878295572
10354102,12,2,0.24700941145420074,1.3983288400266185
10353909,7,3,0.16979844868183136,1.7731431412960281
10358134,12,2,0.15993601083755493,1.8329814760078291
10354103,11,8,0.02038288675248623,3.893059614874675
10357979,6,1,0.34452176094055176,1.0655980237873588
10358049,11,1,0.4984419047832489,0.696268236425227
10357978,8,3,0.15373143553733826,1.8725481240583073
10358117,8,2,0.2105298489332199,1.5581278357545787
10358001,8,1,0.4156871438026428,0.8778223598252067
10358044,7,6,0.028808942064642906,3.5470694516761148
10357980,8,4,0.09366507083177567,2.3680299358448167
10358116,9,3,0.1667117476463318,1.7914890199247742
10358002,7,3,0.21288283169269562,1.547013350575281
10358045,11,5,0.05824962630867958,2.843017601858543
10358118,8,1,0.38749298453330994,0.9480575347827904
10357982,10,1,0.2728792130947113,1.298726024580422
10358003,10,1,0.28058385848999023,1.2708826379506175
10358119,9,2,0.2878458499908447,1.2453301852272507
10358046,8,1,0.34174954891204834,1.0736771233144333
10357981,10,1,0.30401888489723206,1.1906654581328942
10358004,9,7,0.028276264667510986,3.565732530570433
10358113,8,1,0.30658799409866333,1.1822504715020472
10358050,11,5,0.0677504613995552,2.6919240089199787
10357984,13,1,0.3587687909603119,1.0250771342965894
10368188,6,1,0.5139227509498596,0.6656823148024607
10368189,4,3,0.11664427071809769,2.148626396867927
10368190,8,3,0.1014985665678978,2.287710603083784
10368201,10,2,0.30217844247817993,1.1967375669686553
10368193,8,1,0.6717824339866638,0.3978207498286477
10368205,7,3,0.16644753515720367,1.793075123378325
10368220,10,2,0.13964128494262695,1.9686783949641855
10368191,6,1,0.4160681962966919,0.8769060987509768
10368312,9,5,0.13298752903938293,2.0174999217779286
10368203,10,3,0.1336526870727539,2.0125107313037405
10368232,10,5,0.023819174617528915,3.7372643664727625
10368223,6,6,0.03086472675204277,3.478141276179102
10368313,8,3,0.14183738827705383,1.953074030548048
10368202,6,5,0.11454268544912338,2.1668077267777055
10368227,9,2,0.12302971631288528,2.0953293567496254
10368314,9,2,0.16760985553264618,1.7861162887689652
10368199,11,6,0.026144903153181076,3.6441010155684075
10368237,10,3,0.19274656474590302,1.6463790890274632
10368224,9,1,0.23682893812656403,1.4404171785123319
10368311,10,1,0.34277865290641785,1.07067036693261
10368197,10,1,0.39814260601997375,0.9209450312913249
10368238,10,2,0.23099994659423828,1.465337799654144
10368398,12,2,0.26352134346961975,1.3336209143963287
10368221,10,1,0.2644442915916443,1.3301246676677936
10368309,10,1,0.2967499792575836,1.2148653153909852
10368198,10,4,0.10809578746557236,2.224737523962401
10368233,10,4,0.07532725483179092,2.5859132597069903
10368397,14,4,0.12220703065395355,2.1020386999065854
10368222,12,2,0.20612832903862,1.5792563476512531
10368315,13,3,0.19613975286483765,1.6289278490124466
10368236,10,6,0.05674109607934952,2.8692565322104757
10368400,8,3,0.13907025754451752,1.9727760235876912
10368399,9,3,0.1689912974834442,1.777908059565738
10368402,13,4,0.10193074494600296,2.283461667420762
10368403,11,4,0.09389713406562805,2.3655554143665207
10372120,10,1,0.3559049665927887,1.033091531540071
10372121,12,3,0.1397121399641037,1.9681711162507074
10372181,6,1,0.3447565734386444,1.064916695228301
10372162,8,6,0.07524227350950241,2.587042058239445
10372122,9,1,0.2778075337409973,1.2808267297315687
10372134,9,2,0.2968076169490814,1.2146711044431433
10372182,6,1,0.6214258670806885,0.47573865578836927
10372124,14,10,0.033991046249866486,3.3816581346396775
10372163,11,2,0.19930313527584076,1.6129283204478846
10372128,7,5,0.04416700825095177,3.1197771882700636
10372290,10,1,0.46444958448410034,0.7669022637897646
10372184,8,1,0.2702639400959015,1.3083562415696344
10372157,11,4,0.11384239792823792,2.172940261400617
10372292,12,4,0.13532155752182007,2.0001014252199645
10372129,10,2,0.23268167674541473,1.4580839537363217
10372183,9,1,0.3885292112827301,0.9453869220841178
10372158,12,3,0.1697176694869995,1.7736189902589095
10372295,8,1,0.2949032187461853,1.2211080485165537
10372130,10,2,0.2384881228208542,1.433435769387051
10372179,8,2,0.3117292821407318,1.1656201532759396
10372293,9,1,0.5231413841247559,0.6479035185160543
10372159,10,2,0.3137807846069336,1.159060675080315
10372131,9,6,0.038246508687734604,3.26370299901317
10369127,10,1,0.6888930797576904,0.37266920178445
10372294,10,1,0.26043975353240967,1.3453837169646774
10372180,9,5,0.10262561589479446,2.276667709816645
10369128,7,1,0.22916437685489655,1.4733157300653459
10369129,9,9,0.009044061414897442,4.70564693391085
10372281,4,1,0.5658894777297974,0.5693564888750597
10369130,10,2,0.17508068680763245,1.7425083438453841
10372280,8,5,0.06269726157188416,2.7694375073866135
10369131,10,2,0.24729198217391968,1.3971855264364
10372278,5,1,0.4716315269470215,0.7515572615206515
10372276,6,1,0.34915611147880554,1.0522361459658514
10372274,8,1,0.3577285706996918,1.0279807625501711
10372279,6,1,0.3343747854232788,1.0954928030568456
10372141,8,2,0.18345527350902557,1.695784382292429
10372217,6,1,0.42558711767196655,0.8542856100407047
10372212,5,4,0.11157923191785812,2.193020340278552
10372139,9,7,0.044925324618816376,3.1027536205441546
10372216,8,1,0.3583522439002991,1.0262388548057118
10372137,10,3,0.1061864122748375,2.242559123041297
10372210,9,7,0.029673727229237556,3.5174932297436254
10376416,8,3,0.18730174005031586,1.6750343793973734
10372142,14,4,0.09649337083101273,2.33828096904856
10376410,9,1,0.3236713111400604,1.1280267499045316
10372211,10,1,0.4626331627368927,0.770820844039383
10376396,7,2,0.20984677970409393,1.5613776350239104
10376417,11,1,0.7466713190078735,0.2921301920064563
10372138,11,3,0.15050576627254486,1.893753881423885
10376461,10,1,0.48563599586486816,0.7222959154089882
10376403,9,2,0.2883535921573639,1.2435678013691662
10372215,7,5,0.047864459455013275,3.0393820237633666
10376397,11,2,0.18464097380638123,1.6893420215949562
10376420,4,3,0.21742278337478638,1.5259115104540504
10376455,11,3,0.15194377303123474,1.8842447408392133
10376405,6,6,0.034453246742486954,3.368152040898323
10376398,8,1,0.2590706944465637,1.3506543029959572
10376459,11,3,0.16490274667739868,1.802399392930691
10376418,10,1,0.30617189407348633,1.1836085894114152
10376406,9,1,0.29522496461868286,1.2200176213400598
10376395,8,1,0.3438548147678375,1.0675357607904423
10376460,10,3,0.1440896987915039,1.9373192650586346
10376421,11,2,0.18636085093021393,1.68007042598787
10376404,9,1,0.3252868950366974,1.1230477320914618
10376456,11,2,0.23585736751556396,1.4445280315987283
10376399,7,1,0.26661020517349243,1.3219675929998107
10376419,7,5,0.09188778698444366,2.3871871530715323
10376454,10,1,0.32296422123908997,1.1302137320525638
10376409,9,2,0.19532419741153717,1.6330945500977252
10376392,11,10,0.007212347351014614,4.93196081187593
10372420,10,1,0.39486372470855713,0.9292145743452913
10376442,9,1,0.31309157609939575,1.1612595558363885
10376448,10,1,0.3801020681858063,0.9673154618393949
10372421,7,1,0.5318351984024048,0.6314216150705235
10376444,6,3,0.13045606017112732,2.036718812586319
10372415,6,1,0.6896701455116272,0.3715418456763038
10376447,6,1,0.41734448075294495,0.8738433052775803
10372422,10,10,0.0070241279900074005,4.958404201003349
10376446,8,3,0.14597205817699432,1.9243400579390932
10372417,6,1,0.4074905216693878,0.8977376062787545
10376443,9,1,0.32985126972198486,1.109113423928564
10372414,5,3,0.2181716114282608,1.5224733174925382
10372419,6,4,0.15060560405254364,1.8930907528044008
10376300,5,2,0.26606810092926025,1.324002984436536
10376363,10,6,0.06359463930130005,2.7552260999038776
10376302,8,2,0.21220746636390686,1.5501908679174472
10376364,12,2,0.22902916371822357,1.4739059310552105
10376500,11,2,0.2244950234889984,1.4939017391323883
10376483,9,1,0.3103453814983368,1.1700694678238734
10376303,7,1,0.3485110402107239,1.0540853700560064
10376586,10,1,0.29531964659690857,1.2196969614703774
10376367,17,2,0.1281934231519699,2.054215037278226
10376431,11,1,0.24853362143039703,1.392177145090708
10376307,5,2,0.26411673426628113,1.331364098315424
10376577,10,3,0.14606724679470062,1.923688168830629
10380322,11,4,0.08215691149234772,2.4991243054468435
10376366,15,2,0.25424885749816895,1.3694417376794188
10376501,14,1,0.30406245589256287,1.1905221516622537
10376480,11,10,0.019132014364004135,3.9563922023801257
10376304,7,1,0.3815934360027313,0.9633995408066529
10380418,9,1,0.32037320733070374,1.138268689847841
10376578,8,4,0.108065165579319,2.225020848827756
10380381,6,1,0.6959725022315979,0.3624451277161244
10380325,7,5,0.11866568773984909,2.1314450862155367
10380411,10,1,0.6576382517814636,0.41910026816447155
10376503,13,6,0.07286235690116882,2.6191831395695933
10376821,11,1,0.316949725151062,1.1490121134204652
10380407,9,1,0.3300269544124603,1.1085809478194852
10376477,12,3,0.12173342704772949,2.105921649096245
10376301,10,3,0.1625986248254776,1.8164705393120777
10380419,9,4,0.08396134525537491,2.477398761583328
10376540,9,1,0.5112464427947998,0.6709035295079139
10376583,9,1,0.2820766568183899,1.265576412294509
10380382,8,3,0.15439216792583466,1.8682593685470081
10380326,8,3,0.13135357201099396,2.029862568618193
10376434,9,8,0.032683033496141434,3.420899189058904
10380414,11,5,0.09994377195835114,2.3031475315494494
10376505,12,2,0.17037032544612885,1.76978082619508
10376824,11,1,0.3083175718784332,1.1766249496765113
10380402,9,2,0.24924424290657043,1.389321968073663
10376478,9,1,0.34976378083229065,1.0504972642619876
10380420,11,5,0.08682774007320404,2.443829122275771
10376538,8,1,0.27530375123023987,1.2898802409538697
10376585,12,4,0.08463502675294876,2.469407070243191
10380548,6,1,0.24100852012634277,1.422922992895053
10380379,13,5,0.03234477713704109,3.4313027196926096
10380323,10,8,0.014114568009972572,4.260547822777081
10376430,11,3,0.15722034871578217,1.8501069626073965
10380412,11,1,0.555603563785553,0.5877002538216686
10376498,9,1,0.26964664459228516,1.310642900842853
10376825,10,1,0.24437637627124786,1.4090457164578627
10380406,12,1,0.29543107748031616,1.2193197096780815
10376481,16,1,0.21978765726089478,1.5150933929983659
10380421,8,2,0.27080094814300537,1.3063712366835092
10376543,9,1,0.3138284981250763,1.1589086266019146
10376579,14,2,0.15031905472278595,1.8949952123294698
10380549,7,2,0.24862876534461975,1.3917943972484932
10380380,8,7,0.01927359402179718,3.9490193052906437
10380324,10,2,0.26089388132095337,1.3436415393147167
10376435,11,2,0.29003188014030457,1.2377644305253523
10380408,10,8,0.03584780544042587,3.3284729288611077
10376496,13,4,0.11888754367828369,2.1295772437819758
10376828,10,1,0.3301779627799988,1.1081234887299223
10380403,10,2,0.22406497597694397,1.4958191978640076
10376479,12,7,0.04731239378452301,3.050982992764046
10380422,13,10,0.01490592397749424,4.2059965626634925
10376541,12,1,0.19835685193538666,1.6176875879479866
10376580,13,2,0.20181164145469666,1.6004204846457653
10380550,7,5,0.07603709399700165,2.576533978859657
10380376,11,5,0.04068463668227196,3.201904734890055
10380319,10,1,0.3598535358905792,1.0220581750641513
10376436,14,1,0.3039020895957947,1.1910497031508318
10380409,14,2,0.17615458369255066,1.736393353003211
10376497,12,1,0.22125624120235443,1.5084337866677586
10376822,16,9,0.024363892152905464,3.7146530725114792
10376581,9,4,0.1314644068479538,2.0290191343599164
10376542,7,2,0.22004029154777527,1.5139446059995019
10376432,14,3,0.14899307489395142,1.90385545133858
10376823,13,2,0.20567232370376587,1.5814710382701436
10376539,9,1,0.5271453857421875,0.6402788942134844
10376437,14,4,0.08768925815820694,2.4339558710486786
10376819,10,3,0.15867415070533752,1.8409025462202657
10376820,13,7,0.037306610494852066,3.2885847429718154
10376356,11,1,0.45088741183280945,0.7965376118139391
10376351,8,7,0.05993124097585678,2.8145573576372147
10376355,12,3,0.12526759505271912,2.077303069420651
10376352,10,2,0.2094235122203827,1.5633967030840903
10380544,7,2,0.31539636850357056,1.1539251184587032
10376353,12,6,0.07330676168203354,2.613102427658681
10380569,16,4,0.14125220477581024,1.9572083000451215
10380641,9,3,0.12582173943519592,2.072889140144876
10380331,10,3,0.12380337715148926,2.0890606400125193
10380306,6,1,0.4841804802417755,0.7252975487113247
10380541,7,2,0.22551965713500977,1.4893479525081834
10376354,11,3,0.11374275386333466,2.17381592548051
10380567,10,1,0.21396124362945557,1.5419603848969465
10380330,12,6,0.014321048744022846,4.246024883816841
10380542,4,1,0.5082471966743469,0.6767873421320857
10380307,10,5,0.084101602435112,2.4757296582595267
10380643,8,2,0.26124659180641174,1.3422905215052967
10380566,12,4,0.1128828227519989,2.1814049650883076
10380400,11,1,0.3199581205844879,1.139565164926481
10380332,14,3,0.15780192613601685,1.846414664459707
10380543,8,3,0.17217567563056946,1.7592399534669039
10380308,7,2,0.24410812556743622,1.410144014273932
10380639,8,3,0.11554035544395447,2.1581354122623244
10380570,10,4,0.0887724980711937,2.4216783833584223
10380335,12,3,0.1499030888080597,1.897766268294956
10380538,12,2,0.2611536681652069,1.3426462779981818
10380310,9,1,0.43418312072753906,0.8342888967119562
10380640,8,3,0.1631917506456375,1.812829385244175
10380563,10,6,0.03986959531903267,3.2221412676521064
10380395,9,1,0.2743166387081146,1.2934722240808945
10380334,15,2,0.19459913671016693,1.636813545467375
10380311,10,2,0.20852823555469513,1.5676808245873792
10380645,9,6,0.052861426025629044,2.9400813927648635
10380396,12,7,0.02793745882809162,3.5777868803242767
10380564,11,5,0.09494814276695251,2.354424402031494
10380336,15,2,0.2231995016336441,1.4996892813016491
10380631,10,1,0.2643333077430725,1.330544442825974
10380399,12,1,0.41161996126174927,0.8876547794495099
10380632,12,8,0.023234736174345016,3.76210687117525
10380636,14,3,0.1167633906006813,2.1476056943575426
10380633,14,3,0.11598183214664459,2.154321719567353
10380637,14,1,0.2480069249868393,1.3942986098729746
10380375,9,1,0.41703397035598755,0.8745875968178979
10380368,9,3,0.11964190751314163,2.123252101573321
10383791,10,2,0.23001950979232788,1.4695911484723598
10380371,12,1,0.45559319853782654,0.7861549761030127
10383782,10,3,0.22974853217601776,1.4707699065544846
10383783,9,6,0.0519840233027935,2.95681885178692
10380369,7,3,0.20552824437618256,1.582171812270298
10383785,8,6,0.08951219916343689,2.4133803594877175
10380373,9,5,0.10387325286865234,2.2645838455036684
10383789,12,5,0.06562718003988266,2.723765338966755
10380370,8,3,0.15998591482639313,1.8326694999584265
10383784,12,7,0.0507797934114933,2.9802567710184626
10383727,9,1,0.3529478907585144,1.0414348511933207
10383780,6,4,0.06049409508705139,2.8052095205756324
10383869,10,6,0.01925610937178135,3.94992689863687
10383875,7,3,0.18577738106250763,1.6832061981050752
10383745,12,1,0.7599994540214539,0.2744375640948422
10383730,8,2,0.24224065244197845,1.4178236153665578
10383790,8,4,0.13128039240837097,2.030419843109926
10383870,7,2,0.1374770551919937,1.9842982471310355
10383747,11,2,0.16258440911769867,1.8165579713506783
10383729,12,1,0.3180782198905945,1.1454579519500026
10383871,10,1,0.35435324907302856,1.037460984661012
10383777,11,4,0.08900509029626846,2.419061716545436
10383748,9,2,0.2855268716812134,1.253419132839867
10383728,9,4,0.138083815574646,1.9798944189563403
10383876,12,3,0.14545439183712006,1.9278926996729924
10383778,9,3,0.14354874193668365,1.9410806363915822
10383746,12,10,0.011312884278595448,4.4818130011544355
10383874,12,1,0.22074401378631592,1.5107515574815398
10394528,6,1,0.2891068160533905,1.2409590534359993
10394524,6,1,0.38246622681617737,0.9611149255192781
10394525,10,1,0.7431557178497314,0.2968496763446646
10394629,9,1,0.665924608707428,0.40657881498836423
10394606,11,1,0.5170361399650574,0.6596425036962104
10394549,7,2,0.3807673156261444,0.9655668105622983
10394526,8,1,0.2550877332687378,1.3661477409617744
10394624,11,1,0.31644630432128906,1.1506017063839582
10394602,13,4,0.10981529206037521,2.208955487651729
10394547,8,3,0.15020908415317535,1.8957270611003056
10394612,10,2,0.2801399827003479,1.2724658625248333
10394625,12,1,0.3171795904636383,1.1482871340921668
10394609,12,1,0.4262549877166748,0.8527175490647778
10394545,9,1,0.3769705593585968,0.9755881864704676
10394615,7,1,0.40450403094291687,0.9050935772849941
10394626,8,5,0.06445999443531036,2.7417104889226436
10394601,13,1,0.3599716126918793,1.0217301042747613
10394546,10,3,0.21917425096035004,1.5178881990547897
10394616,10,2,0.22941038012504578,1.4722428262911926
10394628,9,2,0.14358168840408325,1.9408511485765492
10394607,12,3,0.16462865471839905,1.8040629189014905
10394550,10,2,0.2580307722091675,1.3546764290443183
10394618,13,2,0.17369522154331207,1.7504531159389718
10394627,11,4,0.0867309495806694,2.44494448564665
10394603,13,2,0.13195878267288208,2.025265657634888
10394767,9,2,0.23516353964805603,1.4474740934774384
10394544,6,1,0.3106064796447754,1.1692285067827206
10394613,11,1,0.3631170988082886,1.0130299104883145
10394604,13,13,0.014165668748319149,4.256933935496099
10394772,9,8,0.030859321355819702,3.4783164233511554
10394771,10,6,0.029837867245078087,3.511976979221066
10394770,12,4,0.08391878753900528,2.477905762817755
10394768,11,4,0.12280485779047012,2.097158705497197
10397833,10,2,0.2884730398654938,1.2431536467403541
10397879,10,1,0.45857876539230347,0.7796232127435182
10397828,9,2,0.2614368498325348,1.3415625166772525
10397945,7,1,0.5467799305915833,0.6037088781863538
10397834,9,1,0.5536192059516907,0.5912781824486484
10397880,10,5,0.06993378698825836,2.6602063847463873
10397947,5,1,0.40680092573165894,0.8994313391671087
10397824,11,1,0.405606746673584,0.9023711930328925
10397831,11,1,0.3774842619895935,0.9742264012559058
10397948,9,1,0.5799950957298279,0.5447356311156489
10397881,12,5,0.056786615401506424,2.868454625363197
10397823,10,1,0.3175378441810608,1.1471582734814059
10395454,10,1,0.7397892475128174,0.30138993400568587
10397835,9,5,0.0649288073182106,2.7344638813627666
10397949,11,4,0.10356731712818146,2.2675334706641306
10397882,11,1,0.3058205544948578,1.1847567722625232
10397825,12,2,0.15170025825500488,1.8858486902230027
10395455,8,1,0.2760449945926666,1.2871914026654636
10397946,9,1,0.282575398683548,1.263809866011715
10397837,12,8,0.029233373701572418,3.5324442873754887
10395458,8,5,0.08296819031238556,2.4892979938926683
10395456,9,4,0.13731715083122253,1.9854620589968965
10397937,7,1,0.42593351006507874,0.8534720245539038
10395457,11,3,0.12228997051715851,2.101360246870441
10397941,8,1,0.4169725477695465,0.8747348920373409
10395459,9,3,0.2088335007429123,1.566217991672407
10397934,12,1,0.517037570476532,0.6596397369466833
10397935,10,5,0.0718698501586914,2.6328984323976368
10397936,10,3,0.13947142660617828,1.9698955258965263
10397940,11,1,0.3279228210449219,1.1149769999780912
10397870,9,5,0.07734670490026474,2.5594573027377567
10397872,6,2,0.18382611870765686,1.6937649751974015
10397867,8,6,0.08444713056087494,2.471629614270365
10401834,10,4,0.0678863599896431,2.6899201484023023
10401980,10,4,0.09654427319765091,2.3377535862360097
10401799,8,2,0.1670389175415039,1.7895284545441095
10401809,8,4,0.07222245633602142,2.6280042518582465
10397868,13,2,0.16483737528324127,1.8027958954528902
10401829,10,1,0.37540629506111145,0.9797463860275675
10401975,9,2,0.1716308891773224,1.7624091012667131
10401805,7,1,0.4715105891227722,0.7518137187880167
10401810,9,2,0.22334909439086914,1.4990192858559004
10397869,7,5,0.035204607993364334,3.3465782960435124
10401831,11,2,0.2514752745628357,1.3804106061526653
10401978,10,4,0.12533608078956604,2.076756503307272
10401801,9,2,0.33672308921813965,1.0884943801198195
10401812,7,1,0.34526726603507996,1.063436477704017
10401861,12,1,0.41382285952568054,0.8823172722635166
10401835,11,2,0.21232666075229645,1.5496293376002912
10401977,8,1,0.34635332226753235,1.0602958623333627
10401800,9,1,0.27793657779693604,1.2803623287398935
10401806,8,1,0.4325994551181793,0.8379430250151062
10401940,9,3,0.18971256911754608,1.6622451463681953
10401863,11,4,0.10665193945169449,2.2381846490290527
10401830,11,1,0.3037301301956177,1.1916157014608841
10401976,10,1,0.3495613634586334,1.0510761577308199
10401803,9,1,0.3086892068386078,1.1754203113550687
10401937,8,1,0.37246158719062805,0.9876213681158221
10401807,12,6,0.08167397230863571,2.505019904266107
10401857,15,4,0.07523824274539948,2.58709563014635
10401833,14,6,0.04927085340023041,3.010422581686674
10401981,9,3,0.1513870507478714,1.887915471703593
10401862,11,3,0.16483372449874878,1.8028180434937409
10401988,6,2,0.34636253118515015,1.06026927446888
10401991,8,3,0.2415129393339157,1.4208322283023889
10401992,8,1,0.3675132691860199,1.0009958543524486
10401989,6,1,0.3139212131500244,1.1586132380929055
10401990,9,2,0.23584997653961182,1.4445593687235194
10401788,12,3,0.16764555871486664,1.7859032978322755
10401778,12,2,0.2065773457288742,1.5770803811217144
10401919,9,3,0.16071948409080505,1.8280947684681346
10401776,16,2,0.20556123554706573,1.5820113062366228
10401792,14,1,0.24303101003170013,1.4145662304842954
10401777,12,1,0.45062825083732605,0.7971125569055305
10405252,9,2,0.36078017950057983,1.0194864271679986
10401789,14,9,0.022042889147996902,3.8147652167187847
10401837,11,1,0.3445573151111603,1.0654948304910428
10401779,14,10,0.025561193004250526,3.666679975904342
10401925,12,3,0.14574305713176727,1.9259100903457125
10402029,10,1,0.4088742434978485,0.8943476433292786
10405255,7,4,0.08723464608192444,2.4391537095236195
10405399,8,4,0.05884353443980217,2.832873316395537
10401794,8,1,0.24225734174251556,1.4177547221998408
10405395,10,1,0.5694957375526428,0.5630039806661179
10401842,11,2,0.24111467599868774,1.4224826246451383
10401920,8,4,0.11529326438903809,2.1602762715484984
10401774,16,5,0.08163363486528397,2.5055139099633323
10405333,8,1,0.3024378716945648,1.195879405433067
10405248,11,2,0.21309827268123627,1.5460018455827007
10405400,8,1,0.4506340026855469,0.7970997929221318
10401793,16,10,0.019904036074876785,3.9168327499834423
10401908,17,2,0.16421182453632355,1.806598071546125
10405393,12,2,0.3244267702102661,1.1256954379191833
10401843,9,1,0.275570809841156,1.2889106603970246
10405388,8,1,0.4028300642967224,0.9092404826491384
10401924,12,2,0.18175488710403442,1.7050962737743924
10402033,11,2,0.21161127090454102,1.5530043152721964
10405258,8,2,0.2255646288394928,1.489148558709595
10405402,10,1,0.36322182416915894,1.0127415454887718
10405237,11,1,0.31984129548072815,1.1399303578357733
10401912,20,4,0.1133565679192543,2.17721695999969
10402001,8,4,0.11619600653648376,2.152476802310796
10405389,8,6,0.04881088063120842,3.0198020272214885
10401841,11,3,0.14042703807353973,1.9630672270599911
10405385,9,3,0.1802324503660202,1.7135078702976638
10401921,15,4,0.07883540540933609,2.540393075801493
10405329,7,1,0.33811187744140625,1.0843784399196303
10402025,17,1,0.3120374083518982,1.1646321997961366
10405247,9,4,0.10990655422210693,2.208124781297091
10405403,10,3,0.11573619395494461,2.156441867816888
10405232,6,3,0.18707974255084991,1.6762203222700964
10401911,15,2,0.18543513119220734,1.6850501551699777
10401997,7,2,0.24861565232276917,1.391847140009951
10405390,13,3,0.14820696413516998,1.9091455757588303
10401839,10,1,0.2001870721578598,1.6085029888221134
10402260,11,1,0.42189180850982666,0.8630063757553667
10401923,10,10,0.01119031012058258,4.492707042959885
10405330,11,2,0.17877772450447083,1.721612007312197
10402026,14,4,0.11157875508069992,2.193024613817354
10405256,8,5,0.08530440926551819,2.461529134548257
10405233,9,3,0.1557326763868332,1.859614354551592
10402419,10,1,0.4356260597705841,0.8309710647114348
10397877,16,6,0.05717626214027405,2.861616464279355
10401998,12,10,0.0203861054033041,3.892901717872352
10405394,14,7,0.03634759411215782,3.3146272639287333
10401838,13,3,0.11084049195051193,2.199663120612944
10402258,8,3,0.1781785935163498,1.724968897332031
10405386,7,3,0.18008004128932953,1.714353853100426
10405334,8,1,0.46893829107284546,0.757284094730321
10402031,15,11,0.021948006004095078,3.8190789862254366
10402420,7,1,0.41387617588043213,0.8821884419700291
10405234,8,3,0.17503677308559418,1.742759195215561
10397878,13,10,0.03254857286810875,3.4250217555864824
10405383,8,1,0.35926786065101624,1.0236870387633048
10401999,8,3,0.17300228774547577,1.7544504606095062
10402261,9,2,0.20547614991664886,1.5824253105809536
10402423,12,6,0.033695898950099945,3.3903791419043725
10405235,9,1,0.2221253365278244,1.5045134774704303
10401909,13,8,0.05112593621015549,2.9734633526077565
10402262,8,5,0.06948856264352798,2.6665931062340795
10402421,13,1,0.3224468231201172,1.1318170458921104
10405296,10,1,0.3691680133342743,0.9965034178795301
10402259,9,7,0.02421477623283863,3.7207922440187584
10402422,14,6,0.07207842916250229,2.6300004588925785
10405297,11,4,0.03230446204543114,3.4325499144731078
10402255,10,4,0.10300255566835403,2.2730014787462047
10405298,8,2,0.1887175291776657,1.6675039364988105
10405292,10,6,0.027615772560238838,3.5893681999117155
10405293,9,1,0.4453355669975281,0.8089271978532222
10401892,9,1,0.36928409337997437,0.9961890304044299
10401896,10,1,0.19249628484249115,1.6476784249600627
10401893,12,4,0.05358360335230827,2.9265121653108457
10401889,8,1,0.4377014636993408,0.8262181907211031
10401886,10,1,0.3001917600631714,1.2033338083168068
10405456,11,3,0.18566474318504333,1.6838126876417432
10401895,10,1,0.2473130077123642,1.3971005069202724
10405270,10,2,0.20936334133148193,1.563684061146095
10401884,7,2,0.1906985193490982,1.6570615307000947
10405323,6,1,0.6605091094970703,0.4147443632949234
10405415,11,1,0.7802611589431763,0.24812659618000724
10401890,8,7,0.036118198186159134,3.3209584357817272
10405264,9,4,0.08000756055116653,2.5256341418841686
10401888,8,5,0.056158557534217834,2.8795762045264635
10405317,10,1,0.5562719702720642,0.5864979491633601
10405559,9,4,0.10427238047122955,2.260748760564667
10405420,11,2,0.21526451408863068,1.535887708964343
10405460,12,7,0.05209903419017792,2.9546088680111864
10405280,7,3,0.17822541296482086,1.724706164882962
10405265,10,3,0.18066947162151337,1.7110860407507889
10401885,11,3,0.18906483054161072,1.6656653040012912
10405416,13,5,0.08428685367107391,2.473529373097669
10405318,7,1,0.6224440336227417,0.47410156051196645
10405565,8,1,0.5007324814796448,0.6916832896120482
10405283,7,2,0.32611390948295593,1.1205085430549515
10405459,9,2,0.19891852140426636,1.6148599782807278
10405418,13,4,0.11364981532096863,2.1746333536653837
10405266,11,11,0.008038018830120564,4.82357264032033
10401887,10,1,0.24373798072338104,1.411661480172747
10405281,12,7,0.014768403954803944,4.215265248209772
10405321,12,10,0.020422419533133507,3.8911219848645437
10405561,10,3,0.15186062455177307,1.8847921225242668
10405454,10,1,0.21873769164085388,1.519882022112116
10405417,10,1,0.24101555347442627,1.4228938103356368
10405267,10,1,0.31957653164863586,1.1407584981721557
10406490,8,2,0.3093883991241455,1.173157836296778
10405282,12,6,0.019349342212080956,3.945096854291865
10401882,9,1,0.5081589818000793,0.6769609240648943
10405320,10,8,0.029804175719618797,3.513106770467921
10405421,10,1,0.33899474143981934,1.081770683698933
10405564,10,1,0.37707558274269104,0.9753096268998803
10406492,8,2,0.33468112349510193,1.0945770706370381
10405285,12,3,0.1682618409395218,1.7822339358785415
10405557,11,1,0.34641674160957336,1.060112773180049
10406493,9,1,0.42120906710624695,0.8646259721110743
10405560,11,7,0.042251333594322205,3.1641193613144423
10406494,10,5,0.10399150848388672,2.263446032367638
10405563,12,1,0.2499091625213623,1.386657777062016
10406495,8,1,0.2602512836456299,1.3461076391432962
10405314,10,1,0.4771496653556824,0.7399250734589874
10405309,10,2,0.25822553038597107,1.353921927123223
10405356,15,2,0.16381306946277618,1.809029321596115
10405310,6,3,0.19004103541374207,1.6605152542792794
10405348,11,4,0.08314723521471024,2.4871423244707547
10405313,7,1,0.36444276571273804,1.0093857612267996
10405381,8,1,0.35400286316871643,1.0384502778338491
10405355,13,2,0.23736315965652466,1.4381639914243487
10405308,13,2,0.15911300480365753,1.8381406071696251
10405372,9,1,0.42631256580352783,0.8525824792120656
10405351,12,2,0.1756124049425125,1.7394759570956375
10405246,8,3,0.17756536602973938,1.728416478535013
10405486,8,1,0.49682217836380005,0.699523106920101
10405316,7,5,0.05213368684053421,2.9539439587333645
10405376,11,3,0.14005959033966064,1.965687301650799
10409343,11,1,0.44761931896209717,0.8038121422557293
10405350,14,10,0.01841309852898121,3.9946929910560725
10405250,6,1,0.39767885208129883,0.9221105037385632
10405315,9,2,0.19442136585712433,1.6377274863226439
10422710,12,2,0.20538240671157837,1.5828816389459586
10422715,11,2,0.40187329053878784,0.9116184377130475
10422714,10,7,0.0010290956124663353,6.879074908598098
10427076,6,1,0.5592581629753113,0.5811440824281926
10422711,11,5,0.06456539034843445,2.7400767648807736
10427036,10,5,0.06641031801700592,2.711902842749429
10427073,6,4,0.10111748427152634,2.291472227536993
10427108,11,3,0.11835095286369324,2.134100891819293
10422712,11,1,0.2708832025527954,1.3060675378940336
10422866,11,3,0.18561501801013947,1.6840805459006534
10427040,8,2,0.31632938981056213,1.1509712354703043
10427074,6,2,0.3008442521095276,1.2011625830009394
10427109,12,1,0.38220834732055664,0.9617894072246184
10422716,11,6,0.053074926137924194,2.9360506630485346
10422865,9,4,0.06477508693933487,2.7368342103606476
10427226,6,6,0.04087866470217705,3.197146997461233
10427037,10,7,0.04112276807427406,3.1911933431195405
10427077,8,2,0.2242414653301239,1.4950318374960279
10427105,10,5,0.08129952102899551,2.509615153847996
10422867,14,4,0.1090049222111702,2.2163622398719367
10427221,6,1,0.41856247186660767,0.8709291245261869
10427042,7,1,0.35043859481811523,1.0485697809565513
10427078,7,4,0.13588039577007294,1.99598022304995
10427107,11,1,0.25516512989997864,1.365844375170336
10422869,13,1,0.337599515914917,1.0858949501626753
10427223,10,2,0.24466976523399353,1.4078458746718092
10427038,10,5,0.08942483365535736,2.4143568539969364
10427079,9,3,0.12751160562038422,2.0595478940525305
10427100,12,5,0.08093064278364182,2.5141627530416932
10422872,14,2,0.149812251329422,1.8983724266676132
10427229,9,1,0.280936598777771,1.2696262622313905
10427043,9,1,0.3433680534362793,1.0689523650260715
10427101,11,3,0.15983714163303375,1.833599846918006
10422871,13,4,0.12525717914104462,2.0773862221684305
10427201,10,1,0.5307397842407227,0.6334834263640923
10427202,10,1,0.3029039204120636,1.1943396181074366
10427199,9,3,0.08242816478013992,2.49582809488471
10427388,7,2,0.2477947622537613,1.3951544470009554
10427206,9,1,0.3128136396408081,1.1621476662718553
10427389,10,1,0.37501007318496704,0.9808023915459199
10427204,8,4,0.15354648232460022,1.8737519413476247
10427390,9,3,0.13281765580177307,2.0187781004623573
10427200,9,3,0.16658586263656616,1.7922444109739015
10427391,9,8,0.021044082939624786,3.861135853873254
10427205,10,1,0.29262223839759827,1.2288727905582741
10427014,7,1,0.35576874017715454,1.0334743654596106
10427016,9,3,0.13046708703041077,2.036634290692357
10427028,12,1,0.5263860821723938,0.6417203389626721
10427013,8,2,0.21309657394886017,1.5460098172059598
10427032,8,5,0.06546557694673538,2.7262308172848835
10427217,11,3,0.06322821229696274,2.7610046803310304
10427254,11,1,0.4987058937549591,0.6957387482625598
10427020,13,5,0.045248959213495255,3.0955756099074594
10427033,8,2,0.18677712976932526,1.6778391923244877
10427212,11,1,0.2920735776424408,1.2307495302275
10427189,9,3,0.1754560023546219,1.7403669663404857
10431126,8,1,0.43562403321266174,0.8309757167807744
10427018,11,5,0.09465541690587997,2.3575121720518064
10431161,10,4,0.08353258669376373,2.4825184634513247
10427122,12,1,0.3333795964717865,1.0984735088831101
10427029,15,5,0.10181838274002075,2.2845646141538247
10431153,7,1,0.4113396406173706,0.8883360295487371
10427215,13,1,0.5549696087837219,0.5888419256832773
10427186,12,4,0.10255050659179688,2.2773998545266863
10427251,9,6,0.029068240895867348,3.5381090789403813
10431124,10,1,0.3138256371021271,1.158917743160824
10427017,15,2,0.13284480571746826,2.0185737063930222
10431163,9,1,0.48647671937942505,0.7205662317807838
10427118,15,6,0.09614600241184235,2.341887384391581
10427030,15,14,0.006133383139967918,5.094008782421336
10431156,8,4,0.1413232535123825,1.9567054344495043
10427210,10,2,0.2055656760931015,1.5819897044104703
10427193,11,5,0.06187750771641731,2.7825985301643716
10427253,11,7,0.03861261159181595,3.2541763306978204
10431305,8,1,0.35163813829421997,1.045152648364727
10431125,10,7,0.03464189171791077,3.362691585984827
10427012,15,1,0.21827498078346252,1.5219996313234667
10431157,10,1,0.41572633385658264,0.877728086506282
10427120,14,4,0.1029735654592514,2.273282969718414
10427031,16,8,0.0344257690012455,3.36894989616389
10431150,10,2,0.2420155555009842,1.4187532759615658
10427209,13,1,0.2584611177444458,1.3530100112622143
10427547,9,1,0.39037030935287476,0.9406594791978026
10427238,6,2,0.20695361495018005,1.5752605931932526
10427190,10,1,0.37279024720191956,0.9867393574519613
10427249,12,6,0.06128793954849243,2.792172200119552
10431127,10,2,0.28677836060523987,1.2490456242704793
10431164,12,3,0.07633379101753235,2.572639568251113
10427115,11,5,0.06851047277450562,2.6807686581809573
10431154,12,1,0.40531930327415466,0.9030801193560422
10427213,14,9,0.03658367320895195,3.3081532252884105
10427546,7,1,0.45752084255218506,0.7819328378131571
10427239,10,3,0.1800171285867691,1.7147032738038557
10427187,14,1,0.27355608344078064,1.2962486198572876
10427250,11,1,0.39697837829589844,0.9238734625088294
10431308,10,5,0.049896884709596634,2.9977967088429454
10431123,8,1,0.5695152878761292,0.5629696520721855
10431158,7,2,0.20223325490951538,1.5983335204908515
10427124,14,7,0.05943045765161514,2.8229484289498066
10431151,12,3,0.18505863845348358,1.6870825395130582
10427211,14,2,0.1957325041294098,1.6310063267549817
10427540,7,1,0.4735015332698822,0.7476001281988769
10427237,12,4,0.09275102615356445,2.3778365139055038
10427188,10,7,0.07246854156255722,2.6246027207694373
10427248,12,7,0.05858295038342476,2.8373115738213825
10431310,9,4,0.1599321812391281,1.833005420860877
10431128,10,3,0.15565182268619537,1.8601336720044237
10431162,10,2,0.1726754903793335,1.7563412241134437
10427125,16,15,0.008859938941895962,4.7262154058227575
10427214,11,4,0.12769672274589539,2.058097179969944
10427191,12,1,0.23184745013713837,1.4616756661040518
10427246,12,1,0.3055633008480072,1.1855983177491587
10427233,9,6,0.04483240097761154,3.1048241648629977
10427542,9,6,0.07293836027383804,2.6181405743336175
10427123,14,2,0.1149105429649353,2.1636013405916086
10427235,12,4,0.11654911190271378,2.149442533411738
10427543,11,7,0.0434471070766449,3.136211010001819
10427544,11,1,0.42339566349983215,0.8594481624220794
10431134,9,4,0.154931902885437,1.8647695948223115
10427541,12,2,0.1813105195760727,1.707544139870556
10431136,9,2,0.24692407250404358,1.3986743883799004
10431130,10,2,0.22524969279766083,1.4905457463229845
10431131,7,3,0.21340492367744446,1.5445638678527949
10427054,10,1,0.38319557905197144,0.959209769872725
10427052,10,2,0.33161890506744385,1.1037688456831212
10427047,8,4,0.09490282833576202,2.354901770483052
10427138,8,1,0.5312377214431763,0.6325456715881608
10427051,7,2,0.24547842144966125,1.404546231946063
10427143,10,2,0.18305560946464539,1.697965295445951
10431040,7,3,0.14823739230632782,1.908940288185608
10431223,7,1,0.5613579154014587,0.577396581523945
10427048,6,1,0.4745989739894867,0.745285096825443
10431451,13,1,0.4423700273036957,0.8156085812868478
10427140,13,2,0.22965139150619507,1.4711928089811626
10431337,12,1,0.3432348668575287,1.069340323120873
10431219,8,1,0.5909826159477234,0.5259686766487198
10431038,7,1,0.450838565826416,0.7966459507276478
10431456,14,3,0.12253298610448837,2.0993750109228246
10427141,13,6,0.04803081229329109,3.0359125512416454
10431217,9,1,0.3954070210456848,0.9278396115856563
10431042,9,6,0.015615472570061684,4.159493024852223
10431449,12,7,0.03841881826519966,3.259207880438572
10427142,10,6,0.06034114956855774,2.807740993915336
10431220,8,6,0.04011311009526253,3.216052063057276
10431339,13,4,0.08966552466154099,2.4116689242461558
10431454,12,1,0.2914537191390991,1.2328740537584812
10431044,7,4,0.09329551458358765,2.371983247487193
10431439,10,1,0.5296460390090942,0.6355463464739791
10431224,10,8,0.026965346187353134,3.613202711879173
10427139,7,1,0.22056607902050018,1.5115579508922419
10431452,14,7,0.058584947139024734,2.8372774901578124
10431333,12,2,0.2336834818124771,1.4537877210971997
10431039,8,5,0.07227394729852676,2.627291556408537
10431440,9,1,0.4121451675891876,0.8863796431753264
10431221,5,1,0.41503116488456726,0.8794016654636193
10431455,14,2,0.16708959639072418,1.7892251050992358
10431334,14,2,0.18847253918647766,1.668802963414878
10431442,11,2,0.41877755522727966,0.870415394479986
10431443,9,4,0.07633448392152786,2.572630491001818
10431441,12,3,0.10705693066120148,2.2343945237609453
10431438,11,2,0.22600115835666656,1.4872151542510104
10431444,10,1,0.424525648355484,0.8567828549016976
10431328,12,2,0.26011496782302856,1.3466315617663902
10434452,9,1,0.6328164339065552,0.4575748927228089
10445312,11,3,0.16954709589481354,1.7746245388685133
10445373,12,1,0.421958863735199,0.8628474489980174
10445314,8,2,0.2171868532896042,1.5269972208868354
10445377,6,2,0.2604862153530121,1.3452053353001003
10445318,14,1,0.5956335067749023,0.5181297225771868
10445374,11,2,0.26811546087265015,1.3163375670976791
10445323,14,5,0.10591106116771698,2.245155582653414
10445294,10,3,0.18834680318832397,1.6694703177074033
10445317,11,1,0.21793998777866364,1.5235355395100085
10445375,5,2,0.2466990202665329,1.3995862268104764
10445357,7,4,0.1331978291273117,2.015919818851665
10445324,12,2,0.1856245994567871,1.6840289272360554
10445296,8,5,0.05749974772334099,2.8559747186086137
10445315,9,1,0.36693626642227173,1.0025671069831164
10445379,16,6,0.07126173377037048,2.6413957888959523
10445354,9,2,0.2950506806373596,1.2206081386273255
10445326,9,1,0.4052644670009613,0.9032154200499073
10445293,10,2,0.18537846207618713,1.6853558026299962
10445378,11,2,0.17937767505645752,1.7182617793727204
10445355,9,5,0.09175710380077362,2.388610369423155
10445426,12,2,0.14629557728767395,1.9221262018458578
10445432,16,3,0.12667307257652283,2.0661457432360364
10445425,13,3,0.141276553273201,1.9570359388482002
10448675,10,1,0.5470088124275208,0.6032903662191406
10448650,14,3,0.11464142054319382,2.1659461041992003
10445433,12,1,0.3295367956161499,1.1100672602086192
10448661,6,2,0.23056131601333618,1.467238438847596
10448677,8,1,0.4764094352722168,0.7414776363398174
10445427,9,3,0.1242564469575882,2.0854077283688808
10448655,9,2,0.21719510853290558,1.5269592117426816
10448671,8,2,0.3032771348953247,1.1931082548797316
10448644,14,1,0.2128487527370453,1.5471734465464022
10445434,8,3,0.1159968227148056,2.154192478640503
10448656,9,6,0.04577852413058281,3.083940203278325
10448672,11,1,0.6620354056358337,0.4124362416416989
10448645,13,1,0.4184988737106323,0.8710810803091978
10448621,12,5,0.007730219047516584,4.8626180794600335
10448623,6,2,0.2250831425189972,1.491285422727616
10454391,9,1,0.3075868785381317,1.1789976998088436
10454395,6,1,0.3876793384552002,0.9475767283351045
10454418,7,2,0.2605346739292145,1.34501932135195
10448622,9,1,0.24816463887691498,1.3936628866398286
10454386,7,2,0.25507739186286926,1.3661882823683131
10454220,12,2,0.2606182098388672,1.3446987401445154
10454221,8,6,0.05264032259583473,2.944272863643528
10454208,9,3,0.11698078364133835,2.1457456000553616
10454218,8,1,0.30288830399513245,1.1943911751142962
10454209,12,1,0.42840859293937683,0.8476778823945413
10454207,13,2,0.15237689018249512,1.8813982864504535
10454291,7,1,0.39765483140945435,0.9221709077484785
10454225,10,1,0.34446337819099426,1.0657674984142596
10454211,9,4,0.11825421452522278,2.1349186114399465
10457750,10,2,0.20977024734020233,1.5617424074702493
10454286,11,3,0.15642765164375305,1.8551616657070844
10454222,7,2,0.23704029619693756,1.4395251261523971
10454206,12,8,0.02382149174809456,3.7371670911513095
10454396,9,1,0.345580130815506,1.0625307355582378
10457754,10,1,0.46033644676208496,0.775797650841484
10454309,11,7,0.08022123575210571,2.5229670142200393
10454287,12,1,0.32148489356040955,1.1348047237788255
10454224,9,2,0.2534707486629486,1.3725068524985737
10454409,13,1,0.2761596441268921,1.2867761597361802
10454402,11,1,0.26373448967933655,1.332812402824044
10457914,7,3,0.11974188685417175,2.1224167956821463
10454210,12,8,0.04356939345598221,3.1334003600884928
10454306,13,1,0.3156667649745941,1.1530681630346686
10454284,9,1,0.37574368715286255,0.9788480511479036
10454226,7,2,0.28091102838516235,1.2697172847484934
10454412,13,1,0.24119633436203003,1.4221440117486113
10457915,8,4,0.10066080093383789,2.2959988208422337
10454212,14,3,0.1096101924777031,2.2108249117328453
10457758,10,1,0.40706467628479004,0.8987831963737265
10454304,10,1,0.3742133378982544,0.9829292220086535
10454285,6,2,0.17785459756851196,1.7267889301008157
10454657,7,1,0.49086621403694153,0.7115836648192575
10454217,8,1,0.3364563286304474,1.0892869195070394
10454411,8,1,0.31749388575553894,1.1472967182976874
10457729,7,5,0.03309761360287666,3.4082940957880328
10454205,14,1,0.25432029366493225,1.3691608076738542
10457753,10,7,0.05846094712615013,2.8393963181618855
10457897,13,2,0.3724750876426697,0.9875851222106353
10454288,16,8,0.04506922885775566,3.099555552304907
10454653,6,1,0.43758881092071533,0.8264755973952408
10454219,6,1,0.5199841856956482,0.6539568799928756
10454407,15,4,0.10743314772844315,2.2308865064588623
10454398,9,2,0.2074747234582901,1.5727457613902351
10457917,7,1,0.3318327069282532,1.1031243318577126
10454213,11,5,0.08191780745983124,2.5020388824554693
10457756,13,6,0.06207698583602905,2.7793799571849203
10454307,12,4,0.10269481688737869,2.275993631798526
10457890,14,4,0.1330501288175583,2.0170293133698185
10454282,11,1,0.2541191875934601,1.3699518795294936
10454376,6,1,0.4747297763824463,0.7450095286542776
10454654,6,3,0.17577797174453735,1.7385336045142257
10454413,14,3,0.13221314549446106,2.023339920090013
10457725,11,4,0.11599037051200867,2.1542481041490396
10454403,12,11,0.015946723520755768,4.138501892749441
10457919,6,1,0.31268471479415894,1.1625598970876865
10457757,13,9,0.02129976823925972,3.8490590871118826
10454308,12,1,0.31722167134284973,1.1481544708022065
10457891,14,2,0.2094161957502365,1.5634316399346693
10454289,11,4,0.09638883173465729,2.339364937452082
10454377,7,4,0.14689552783966064,1.9180336398350828
10454659,12,1,0.5848196148872375,0.5364518299202147
10454410,10,1,0.2508763074874878,1.382795260170246
10457727,12,1,0.5878130197525024,0.5313463752723949
10454399,10,1,0.26866278052330017,1.3142982898017044
10457918,12,3,0.21533194184303284,1.535574525917783
10454506,10,4,0.06859397888183594,2.679550519504241
10457748,10,2,0.13537465035915375,1.9997091564221847
10454310,12,2,0.1362520456314087,1.9932488317429855
10457896,14,3,0.09413163363933563,2.363061118433528
10454283,13,1,0.17459037899971008,1.7453127401893105
10454651,10,1,0.43549859523773193,0.8312637083257074
10454379,5,1,0.36918920278549194,0.9964460216741139
10454408,10,2,0.17863602936267853,1.722404898731078
10457726,8,2,0.16225412487983704,1.8185915007328866
10454401,12,4,0.11937230080366135,2.125508091505682
10457920,10,1,0.30687645077705383,1.1813100528614595
10454507,7,1,0.26552867889404297,1.3260324257004075
10457749,10,2,0.18336418271064758,1.696281034248621
10454305,14,7,0.04552978649735451,3.089388518920447
10457728,12,3,0.14250969886779785,1.9483452193594
10457892,13,4,0.13289649784564972,2.0181846654111326
10454290,12,2,0.1919897198677063,1.650313450743495
10454378,5,3,0.1844056248664856,1.6906174647105223
10454658,10,2,0.22906571626663208,1.4737463459994367
10454400,14,1,0.35333773493766785,1.0403309232509683
10454414,14,1,0.283128947019577,1.2618528419340138
10457895,14,1,0.2987463176250458,1.208160501753651
10457767,13,2,0.2161657065153122,1.5317100056215207
10454303,15,3,0.09875301271677017,2.3151333671420264
10454509,8,1,0.4347882568836212,0.8328961321871553
10454380,5,1,0.5064122676849365,0.6804041831593886
10454652,10,1,0.43875327706336975,0.8238180351396536
10454406,11,5,0.09676191955804825,2.335501755094299
10457768,12,2,0.2109125405550003,1.5563117311741683
10454508,9,5,0.03603922575712204,3.3231473293495073
10454381,8,2,0.27325910329818726,1.297334837573969
10454655,14,7,0.06304233521223068,2.7639487907773783
10454511,9,6,0.04015413671731949,3.2150298123321335
10457769,9,1,0.27244287729263306,1.3003263114673393
10454656,16,12,0.0145714757964015,4.228689373828916
10454510,9,1,0.46391165256500244,0.7680611488397522
10457770,12,2,0.22475028038024902,1.4927653581106115
10457771,10,7,0.03165609389543533,3.452824608785289
10457765,12,3,0.1237475648522377,2.0895115556886665
10457766,11,4,0.08720923215150833,2.4394450803742713
10454247,11,1,0.2685098648071289,1.3148676252718967
10454193,7,1,0.41709885001182556,0.8744320348872686
10454242,8,1,0.24831311404705048,1.393064772530234
10454191,9,1,0.4987584948539734,0.6956332786344431
10454248,9,3,0.11579964309930801,2.1558937958919637
10454188,10,1,0.4138476848602295,0.8822572838182958
10454243,11,1,0.2957231104373932,1.2183317001644833
10454362,7,1,0.3480890691280365,1.0552968861859737
10454189,7,7,0.045949243009090424,3.0802179045470366
10457906,7,1,0.5028107166290283,0.6875414885929672
10454244,14,1,0.5299103260040283,0.635047482970079
10454355,9,4,0.09422683715820312,2.3620502424525167
10457884,6,4,0.011263330467045307,4.486202921403633
10454192,10,1,0.23577837646007538,1.444862997967313
10457738,9,1,0.5548628568649292,0.5890343005189864
10457902,7,5,0.015762578696012497,4.150116585093729
10454245,8,5,0.0712418332695961,2.641675087180439
10454356,10,1,0.28026843070983887,1.272007453947565
10457885,9,1,0.4362439513206482,0.8295536707291911
10457812,7,1,0.41169074177742004,0.8874828382477645
10457737,10,1,0.41014403104782104,0.8912468857349208
10457908,10,3,0.19862329959869385,1.6163452150243616
10454246,13,2,0.2516443729400635,1.3797384066691654
10454357,12,1,0.30267244577407837,1.1951040952640217
10457886,8,1,0.739797830581665,0.3013783320270327
10457811,8,3,0.24572879076004028,1.4035268278093265
10457935,4,3,0.146098792552948,1.923472224784289
10457732,9,4,0.14022749662399292,1.9644891993319495
10457903,12,1,0.7238045334815979,0.3232339044269626
10458111,10,3,0.2302209436893463,1.46871580642732
10454358,12,4,0.10114602744579315,2.291189990031929
10454241,12,6,0.009002767503261566,4.710223248552068
10457813,6,1,0.316669225692749,1.1498975019533155
10457932,5,2,0.23959171772003174,1.4288189804500198
10457733,11,1,0.4025762677192688,0.9098707150567205
10457904,10,4,0.1309221088886261,2.0331527212553513
10458112,10,1,0.2480991631746292,1.3939267612258652
10457843,8,1,0.4823915660381317,0.728999117059203
10454360,14,5,0.07176144421100616,2.634407935862678
10457889,14,2,0.17767810821533203,1.7277817465973333
10457933,5,2,0.3086906969547272,1.175415484129206
10457736,11,3,0.15793238580226898,1.8455882755070734
10457905,9,2,0.2024444192647934,1.5972899028765393
10458113,8,4,0.108087919652462,2.2248103121777456
10457844,10,1,0.4742600917816162,0.745999390938244
10454359,11,3,0.15543368458747864,1.8615361040005753
10457888,14,5,0.078666090965271,2.5425430808894958
10457809,10,5,0.0966658666729927,2.336494920500599
10457934,5,1,0.5089044570922852,0.675494987138643
10457734,12,10,0.03534296527504921,3.342655908563353
10457907,11,4,0.12275809794664383,2.097539543431413
10458106,13,8,0.04838477447628975,3.028570091685417
10457845,10,1,0.3430279791355133,1.0699432633193435
10454361,8,3,0.15477792918682098,1.8657639043040048
10457883,12,5,0.08451628684997559,2.4708110194050126
10457810,8,8,0.016984909772872925,4.075429989548967
10457735,12,1,0.3462129235267639,1.0607013072811764
10457901,10,1,0.2620607316493988,1.339179001894008
10458110,11,1,0.36165884137153625,1.0170539386704942
10457846,9,1,0.3648328185081482,1.008316061812633
10457840,12,1,0.5106706023216248,0.6720305104832761
10457842,11,8,0.019520053640007973,3.936312950049738
10457841,12,1,0.2969255745410919,1.2142737623532853
10457704,10,2,0.29330313205718994,1.226548624374569
10461615,12,6,0.05650319159030914,2.8734581541010913
10457742,7,1,0.4450279772281647,0.8096181286164925
10457698,8,3,0.20057548582553864,1.606564615181379
10461608,11,1,0.34381935000419617,1.0676389048824835
10457743,8,3,0.19781602919101715,1.6204178257107622
10461609,14,1,0.6037543416023254,0.5045878829814578
10457746,6,3,0.1845952272415161,1.6895898118439585
10461610,10,4,0.10608837753534317,2.2434827819133827
10457701,10,6,0.06496679037809372,2.733879056909293
10457744,9,3,0.0919313132762909,2.386713575596733
10461614,11,5,0.09549584984779358,2.348672489530906
10457700,11,6,0.04333575814962387,3.1387771614612032
10461611,12,2,0.2764259874820709,1.2858121702273366
10457745,10,5,0.09542276710271835,2.3494380801245547
10457703,12,4,0.10799919813871384,2.2256314765270186
10461612,12,1,0.19174037873744965,1.6516130160695148
10457740,8,3,0.1453048586845398,1.9289212699798375
10457702,14,4,0.08872652798891068,2.4221963589702464
10461613,11,1,0.3819066286087036,0.9625791279787939
10457741,12,8,0.028725730255246162,3.5499620332816453
10461581,7,3,0.22943013906478882,1.4721567007685814
10461627,11,3,0.10733036696910858,2.2318436594215165
10461582,10,1,0.30789563059806824,1.1779944151297437
10461629,9,1,0.42531877756118774,0.8549163263659239
10461601,8,1,0.5081163048744202,0.67704491100474
10461622,10,1,0.4491821527481079,0.8003267881001459
10461599,9,2,0.32853010296821594,1.1131268076053635
10461584,9,1,0.3222678005695343,1.132372400303523
10461600,10,2,0.2229204922914505,1.5009401079060172
10461624,11,5,0.09115499258041382,2.395194006121986
10461585,10,6,0.042821094393730164,3.1507244381432264
10461625,11,1,0.27082034945487976,1.3062995950698255
10461595,10,3,0.17934171855449677,1.7184622508427418
10461586,9,4,0.09412576258182526,2.3631234910959584
10461626,10,4,0.1754889190196991,1.740179377558492
10461596,11,4,0.1415683776140213,1.954972444597452
10461580,7,5,0.07625581324100494,2.573661627174384
10461628,9,6,0.05565343797206879,2.888611424694962
10461597,9,1,0.35544127225875854,1.0343952409698296
10472317,14,5,0.06430762261152267,2.744077107151671
10472310,10,2,0.33908191323280334,1.0815135688348139
10472311,9,1,0.31663385033607483,1.1500092189433317
10472313,12,2,0.22432556748390198,1.4946568560613203
10472417,7,3,0.19505560398101807,1.634470612444926
10472358,8,1,0.3900878429412842,0.9413833269098
10472271,9,4,0.1093095913529396,2.2135711351067675
10472316,14,1,0.4851679503917694,0.7232601585214474
10472418,6,1,0.3743387460708618,0.982594153343516
10472359,9,2,0.17037613689899445,1.7697467160662401
10472266,10,2,0.2596724331378937,1.348334314819809
10472299,10,2,0.22401998937129974,1.4960199928438633
10472312,14,2,0.2207491099834442,1.5107284712912725
10472419,8,1,0.40629976987838745,0.9006640423721077
10472354,11,2,0.3906233310699463,0.9400115309615356
10472267,12,4,0.09576809406280518,2.3458256968390265
10472300,7,5,0.09051990509033203,2.402185506711252
10472314,12,1,0.38071951270103455,0.9656923621106492
10472423,9,2,0.18224352598190308,1.7024114314573588
10472360,7,1,0.3508836328983307,1.0473006406887448
10472268,10,1,0.3334157168865204,1.0983651685452414
10472301,10,2,0.26111435890197754,1.3427968109095083
10472455,9,4,0.11955169588327408,2.124006399621963
10472315,12,1,0.272834837436676,1.2988886579525696
10472421,10,1,0.2799050807952881,1.273304730445099
10472361,11,6,0.03489827364683151,3.3553179167040574
10472270,7,1,0.4293733239173889,0.8454285195534299
10472302,9,4,0.07882844656705856,2.540481350218169
10472456,11,5,0.0674467608332634,2.696416720709643
10472422,10,1,0.2743607461452484,1.2933114467700504
10472355,8,1,0.38355743885040283,0.9582658940304454
10472269,11,4,0.09966010600328445,2.3059898224801922
10472303,12,2,0.177575021982193,1.7283621003072362
10472457,16,1,0.498442143201828,0.6962677580976229
10472420,8,5,0.08567479997873306,2.457196545875686
10472356,14,2,0.20955359935760498,1.5627757281534427
10472273,10,4,0.07976184040307999,2.5287100793334774
10472297,12,1,0.20449230074882507,1.5872249533580274
10472424,9,1,0.36317089200019836,1.0128817786378943
10472357,12,1,0.28386059403419495,1.2592720274119011
10472272,12,8,0.04242010787129402,3.1601327869140383
10472298,13,2,0.17227186262607574,1.7586814533336566
10472458,15,1,0.5907571315765381,0.5263502909159798
10472462,9,2,0.17600364983081818,1.7372505464839045
10472459,12,6,0.06629008054733276,2.7137150076544088
10472461,15,2,0.21885395050048828,1.519350664329317
10476075,7,6,0.06623900681734085,2.714485762717104
10476079,14,2,0.24776145815849304,1.3952888579676492
10476073,14,5,0.07584795355796814,2.579024553670641
10476083,6,2,0.30835145711898804,1.1765150520199223
10476078,14,1,0.2331302911043167,1.4561577924155935
10476084,6,1,0.3196698725223541,1.1404664640714628
10476113,9,6,0.01788949780166149,4.023541453310998
10476076,12,8,0.03164251521229744,3.4532536445425537
10476088,6,5,0.051198627799749374,2.9720425480819674
10476074,14,3,0.17186464369297028,1.7610480672539632
10476085,5,1,0.3667207658290863,1.0031545765769725
10476110,8,1,0.4183976352214813,0.8713230182037028
10476137,7,4,0.05208681523799896,2.9548434286986893
10476080,12,6,0.0604565404355526,2.8058305119832987
10473214,7,3,0.23126372694969177,1.4641965445688738
10476115,10,1,0.6278328895568848,0.4654812473563863
10476086,9,1,0.2863072454929352,1.2506897598530777
10476131,11,1,0.5363474488258362,0.6229731024973475
10476111,14,2,0.23235121369361877,1.4595051999071476
10473211,9,2,0.2982290983200073,1.2098933015328055
10476087,8,1,0.34959542751312256,1.0509787144821638
10476132,8,4,0.10516399145126343,2.2522343238569
10476114,10,1,0.43525344133377075,0.8318267937969833
10473212,11,1,0.5843655467033386,0.5372285558343712
10476090,10,2,0.1773023158311844,1.7298990043336713
10476116,8,1,0.3481992185115814,1.0549804960170763
10476133,10,5,0.064994677901268,2.7334498908807534
10473216,11,1,0.46704617142677307,0.761327158048825
10476089,8,1,0.5069273710250854,0.6793875380685663
10476112,11,8,0.027185846120119095,3.605058804347033
10476134,10,2,0.256656676530838,1.3600159761671462
10473215,9,1,0.2914590537548065,1.2328557504515179
10473209,10,3,0.16157390177249908,1.822792644870054
10473213,10,1,0.33736273646354675,1.0865965581718604
10473210,12,1,0.39875996112823486,0.9193956443092444
10480014,10,2,0.2772763967514038,1.2827404480812306
10480032,9,4,0.1760970950126648,1.7367197598530382
10480112,8,1,0.38150036334991455,0.9636434758336633
10480011,8,1,0.33946067094802856,1.0803971827349783
10480028,13,1,0.41653159260749817,0.8757929676528674
10480247,10,6,0.024331219494342804,3.715995000370782
10480115,6,4,0.12824535369873047,2.053810024057463
10480015,8,2,0.2355102002620697,1.4460010532489214
10480244,7,2,0.25556260347366333,1.3642878759714168
10480033,14,2,0.20254604518413544,1.5967880346579215
10480113,7,3,0.12809069454669952,2.0550167148202814
10480016,10,2,0.32097724080085754,1.136385059297619
10480030,14,3,0.178433358669281,1.7235400882598078
10480116,7,2,0.20749147236347198,1.572665037199399
10476280,9,1,0.3774479329586029,0.9743226457431903
10480246,12,4,0.05871521309018135,2.835056418942668
10480012,10,2,0.23817747831344604,1.434739176012776
10480034,16,1,0.2616388201713562,1.3407902752581204
10480117,8,3,0.1601431518793106,1.8316871645074173
10480249,11,1,0.3073924481868744,1.1796300149104615
10480017,10,3,0.18257078528404236,1.7006173165895138
10480035,16,2,0.15167267620563507,1.8860305261504222
10480250,9,1,0.35407018661499023,1.0382601182267372
10480118,6,3,0.17822903394699097,1.7246858482214553
10476286,9,1,0.5656609535217285,0.569760402310757
10480013,9,7,0.04489489272236824,3.103431238535146
10480251,8,1,0.30870571732521057,1.175366826993729
10480029,15,1,0.15502959489822388,1.8641392454613739
10480114,10,6,0.07919784635305405,2.5358061730434236
10476282,6,1,0.25989365577697754,1.3474827478789624
10480010,11,5,0.08523488789796829,2.462344446591373
10480242,10,1,0.37187474966049194,0.9891981758643399
10480145,10,2,0.17184825241565704,1.7611434449806138
10480111,10,1,0.22950997948646545,1.471808766825765
10476285,9,5,0.0976666659116745,2.3261949663634747
10480031,16,2,0.17158901691436768,1.7626530979721446
10480146,6,2,0.3589385449886322,1.0246040890231665
10476283,10,1,0.3398638963699341,1.0792100463095942
10480150,9,1,0.5148587822914124,0.6638626250634906
10476279,12,2,0.21028757095336914,1.5592792995256608
10480152,8,1,0.6309031248092651,0.4606029546785597
10476284,11,3,0.12173779308795929,2.1058857841572367
10480147,12,1,0.16224808990955353,1.8186286959815423
10480151,10,5,0.09153635054826736,2.3910191118414286
10480148,12,2,0.1890813112258911,1.6655781383133708
10480149,12,3,0.09181487560272217,2.3879809508807006
10479993,8,2,0.18702933192253113,1.6764898192273399
10480000,13,1,0.2445065826177597,1.4085130476575982
10479994,7,2,0.2217898964881897,1.5060247574560266
10480004,5,1,0.4347597360610962,0.8329617313783827
10480187,16,1,0.210237517952919,1.559517349535075
10480237,11,1,0.36054837703704834,1.0201291369828533
10480199,11,1,0.31148940324783325,1.1663899597992953
10484043,11,1,0.5634863376617432,0.5736121912944704
10479995,10,2,0.2451152354478836,1.4060268302498469
10484447,7,3,0.1706787496805191,1.767972146207572
10480075,9,4,0.12174808979034424,2.10580120674955
10480006,11,3,0.16913065314292908,1.7770837672231838
10480245,15,1,0.38875067234039307,0.9448170859972163
10480194,17,2,0.1771228164434433,1.7309119088189482
10484039,9,2,0.28201377391815186,1.2657993655554476
10479996,6,1,0.2826606035232544,1.2635083818882016
10484452,7,4,0.11791835725307465,2.1377627816670266
10480001,10,3,0.16107816994190216,1.8258655042386014
10484148,10,2,0.16977745294570923,1.7732667998716116
10480183,12,2,0.17782457172870636,1.7269577667517575
10480243,10,2,0.17084044218063354,1.7670252447387864
10479997,12,6,0.060182180255651474,2.81037897952902
10484445,12,2,0.2725703716278076,1.2998584537124949
10480067,10,2,0.22378379106521606,1.4970749117092554
10480005,9,1,0.3961375057697296,0.9259938912081528
10484149,8,3,0.12175243347883224,2.1057655297133766
10484242,7,1,0.5639252662658691,0.5728335428846554
10480186,13,5,0.09578418731689453,2.3456576669517153
10480241,12,1,0.37082111835479736,0.9920354934203233
10488246,7,2,0.24116460978984833,1.4222755504754179
10480197,11,1,0.6362209320068359,0.4522093985943252
10484161,5,1,0.4281136691570282,0.8483665365184453
10484040,11,3,0.17818135023117065,1.7249534258130275
10479999,13,4,0.1661648154258728,1.794775119177779
10484446,7,1,0.4214487671852112,0.8640570577174143
10480069,10,1,0.43809327483177185,0.8253234350407296
10480002,13,3,0.14539755880832672,1.9282835035124752
10484150,11,1,0.7540155649185181,0.28234226805923934
10484244,7,2,0.25508904457092285,1.3661426003821084
10480190,13,3,0.14681866765022278,1.9185570070565008
10480156,7,2,0.2982826828956604,1.209713641792681
10480504,8,1,0.4362548291683197,0.8295287357999618
10480234,13,2,0.1550612449645996,1.8639351113018505
10488241,11,4,0.10345212370157242,2.2686463462282433
10480198,15,7,0.058626238256692886,2.8365729307894068
10484162,4,1,0.38491958379745483,0.954720839764773
10484041,8,1,0.5112472772598267,0.6709018972924576
10479998,14,6,0.08522684127092361,2.4624388563699187
10484449,12,1,0.20654144883155823,1.5772541659888228
10480070,13,1,0.4489222466945648,0.8009055761808189
10480007,16,2,0.1447792947292328,1.9325448014563116
10484151,7,2,0.2562337815761566,1.3616650419426255
10484243,7,3,0.1661222279071808,1.7950314488769332
10480184,15,9,0.04427206516265869,3.1174013840679713
10480153,6,2,0.26067009568214417,1.3444996724006248
10480507,8,1,0.27409160137176514,1.294292916887945
10480239,12,8,0.02842835895717144,3.5603680772092288
10480196,11,1,0.25535014271736145,1.3651195669798428
10484163,9,1,0.3384682238101959,1.0833250645659047
10484042,9,5,0.05184904858469963,2.9594186938539377
10484451,11,1,0.28529074788093567,1.2542464507279407
10480074,11,1,0.28386402130126953,1.2592599537163733
10484152,12,8,0.025745250284671783,3.6595051238505034
10484245,7,1,0.3183061182498932,1.1447417232329133
10480185,16,5,0.10544626414775848,2.249553800397035
10480154,6,3,0.12574192881584167,2.0735236564292574
10480506,8,4,0.09844031929969788,2.318304809867449
10480235,13,3,0.10983370244503021,2.208787853060553
10488243,7,6,0.023727281019091606,3.741129794994244
10480201,14,2,0.18294185400009155,1.6985869143344534
10484159,12,3,0.14112639427185059,1.958099376866868
10484045,9,1,0.5815711617469788,0.5420219383336798
10484450,12,1,0.2523329555988312,1.3770058111802415
10480073,11,3,0.09829162061214447,2.319816498472129
10484153,14,3,0.1409747302532196,1.9591746227277171
10484246,8,1,0.5978299975395203,0.5144488504991299
10480188,16,4,0.10396593809127808,2.2636919518397094
10480155,7,7,0.03348029777407646,3.3967981393121094
10480508,10,6,0.10888191312551498,2.2174913498388946
10480240,15,12,0.015430562198162079,4.171405177874704
10488244,11,4,0.12626513838768005,2.069371309993832
10480193,14,5,0.05786678567528725,2.8496117088255257
10484160,9,8,0.02326934225857258,3.7606185677067567
10484046,13,9,0.019925281405448914,3.915765931171015
10484448,12,10,0.015033526346087456,4.1974724822381715
10480068,14,4,0.09141965210437775,2.39229481155091
10484147,11,1,0.21940430998802185,1.5168390869035926
10484241,5,2,0.305011123418808,1.187407032814148
10480189,13,7,0.04898710548877716,3.016198168792675
10480157,7,2,0.16023506224155426,1.8311134028674927
10480509,12,1,0.36390140652656555,1.010872309225668
10480238,16,9,0.05813724175095558,2.844948826480823
10480195,10,8,0.014249539002776146,4.251030723473148
10484052,7,4,0.1709473878145218,1.7663994434199974
10480071,14,2,0.22754868865013123,1.4803910474447657
10480158,7,1,0.33066603541374207,1.106646369398218
10480510,9,8,0.025057271122932434,3.6865912291813006
10480330,9,3,0.17456550896167755,1.7454551982656716
10484054,10,1,0.32603752613067627,1.1207427934098773
10480502,10,3,0.14748619496822357,1.9140207010181738
10480329,11,3,0.15412470698356628,1.8699932186604007
10484048,10,3,0.18727941811084747,1.6751535628587326
10480503,10,1,0.39151203632354736,0.9377390199024209
10480331,11,1,0.33799442648887634,1.0847258733129552
10480505,16,1,0.241547092795372,1.4206908236767044
10480326,10,4,0.09961116313934326,2.3064810409597643
10484050,10,3,0.17422039806842804,1.7474341257333192
10484053,8,1,0.39518243074417114,0.9284077707156492
10484051,11,5,0.0363621823489666,3.3142259908753817
10480095,9,2,0.2007085382938385,1.6059014815145574
10480099,14,1,0.3998574912548065,0.9166470672170368
10480103,11,3,0.09797607362270355,2.323031976827331
10480059,7,1,0.3856222927570343,0.9528969047502804
10484113,8,1,0.3289457857608795,1.1118623267166308
10480102,8,6,0.034052774310112,3.379843772169401
10484278,6,1,0.5296013355255127,0.6356307525998433
10484567,8,1,0.3598876893520355,1.0219632702281238
10484087,8,4,0.08328162878751755,2.4855272968993685
10480060,8,1,0.7795184254646301,0.24907895322084567
10484347,9,1,0.2687985301017761,1.3137931387194628
10480097,12,2,0.2087690532207489,1.566526646502524
10484082,8,2,0.24481932818889618,1.407234776440749
10484279,8,1,0.6316073536872864,0.45948735371832355
10484571,5,2,0.2953234910964966,1.2196839434588482
10480053,7,6,0.02279546670615673,3.7811935914681203
10480101,10,2,0.2443307787179947,1.4092323212698445
10484109,9,1,0.39789170026779175,0.9215754206062303
10484349,5,2,0.23246373236179352,1.459021055964155
10484083,6,1,0.530339777469635,0.6342373882807497
10484284,8,1,0.6443925499916077,0.4394471889013196
10484568,9,2,0.3000078499317169,1.203946638229215
10484093,9,4,0.09461513161659241,2.3579378620517604
10480054,6,1,0.31607702374458313,1.1517693490692997
10480098,9,6,0.03245954588055611,3.4277607071181353
10484084,10,3,0.11748173087835312,2.1414724393728415
10484280,10,2,0.29626592993736267,1.2164978160379905
10484572,6,3,0.19890043139457703,1.6149509242227174
10480100,12,3,0.12847580015659332,2.0520147180119848
10480057,9,3,0.19325417280197144,1.6437489989820266
10484110,9,5,0.06253975629806519,2.7719528236970796
10484354,5,1,0.30464181303977966,1.1886185759795023
10484085,8,7,0.00801175832748413,4.826845025452258
10484285,12,2,0.17525753378868103,1.741498765182979
10484573,8,1,0.40170174837112427,0.9120453851963891
10484086,9,6,0.03669159486889839,3.3052075727971237
10480055,9,1,0.5371841788291931,0.6214142659409985
10484358,12,2,0.3140522241592407,1.158195987924878
10484111,8,3,0.14928971230983734,1.9018664829743104
10484411,6,1,0.45139041543006897,0.795422647810237
10484281,12,6,0.06549031287431717,2.7258530423270746
10484079,9,2,0.25747328996658325,1.3568392925436104
10484090,11,1,0.46666231751441956,0.7621493717022827
10484569,7,1,0.5432318449020386,0.6102190798204431
10480058,12,1,0.4232744872570038,0.8597344043394245
10484353,10,1,0.4600337743759155,0.7764553696379622
10484116,9,1,0.26296350359916687,1.3357400260186791
10484283,12,6,0.05692259222269058,2.8660629652884984
10484412,7,1,0.389612078666687,0.942603704956429
10484091,12,3,0.14810499548912048,1.9098338277632647
10484080,7,6,0.040157392621040344,3.2149487304812596
10484343,8,1,0.39418965578079224,0.9309231256509645
10484570,12,10,0.004521023016422987,5.399016979679977
10480056,9,6,0.032385583966970444,3.430041894489747
10484282,11,3,0.08163997530937195,2.5054362434735133
10484112,14,3,0.163442000746727,1.8112970870723724
10484092,11,2,0.2853406071662903,1.2540716994282075
10484413,8,1,0.4924977719783783,0.7082653422819963
10484344,12,2,0.23319819569587708,1.4558665616889175
10484566,10,3,0.13478049635887146,2.004107776736974
10484409,9,1,0.4135015606880188,0.8830939901893136
10484410,10,1,0.41726770997047424,0.8740272728341065
10484129,9,1,0.46839630603790283,0.758440533630614
10487282,8,1,0.41323402523994446,0.8837411994348496
10484127,6,3,0.1840631663799286,1.6924762847424937
10484126,8,1,0.4083225131034851,0.8956979435445888
10487285,12,3,0.1815553605556488,1.706194654949879
10484132,9,3,0.1414767950773239,1.9556195677334698
10487286,14,1,0.41581130027770996,0.8775237267324482
10487287,14,1,0.7291470766067505,0.3158798161472696
10484130,6,3,0.1588955670595169,1.8395081035031458
10487284,9,2,0.1700991541147232,1.7713737524632136
10484128,6,2,0.20518450438976288,1.5838456832066703
10487288,9,1,0.22322842478752136,1.4995597053848841
10484125,12,4,0.13017036020755768,2.0389112232988875
10487289,9,1,0.38296347856521606,0.959815650574775
10484133,7,3,0.16336317360401154,1.8117794976976067
10487283,11,2,0.16983234882354736,1.7729435119215569
10487306,6,1,0.37414929270744324,0.983100382855944
10487300,10,1,0.5284972786903381,0.6377176228046131
10487424,7,4,0.09495041519403458,2.3544004689684255
10487259,7,2,0.233920618891716,1.4527734566833033
10487425,7,2,0.20912152528762817,1.5648397352937462
10487258,9,1,0.28368014097213745,1.2599079397156638
10487302,11,1,0.455661803483963,0.7860044036592645
10487254,9,2,0.23846471309661865,1.433533933073233
10487420,9,3,0.13621391355991364,1.9935287351250974
10487303,13,3,0.1311700940132141,2.0312603704273218
10487256,9,1,0.2774157226085663,1.2822380942340073
10487421,7,3,0.1887263059616089,1.6674574300619442
10487304,14,1,0.29956358671188354,1.2054285744055795
10487422,9,1,0.39398789405822754,0.9314350958967877
10487255,9,1,0.33071503043174744,1.1064982096741947
10487305,9,2,0.1551811695098877,1.8631620090716843
10487423,6,3,0.23090088367462158,1.4657667355410005
10487257,10,2,0.21017982065677643,1.5597918258290147
10497436,10,2,0.18769694864749908,1.6729265920615088
10497432,11,2,0.24162869155406952,1.4203530635400572
10497433,11,1,0.42939287424087524,0.845382988363377
10497635,6,3,0.21764430403709412,1.5248931816130042
10497570,8,3,0.23660941421985626,1.4413445386273385
10497437,8,2,0.25000885128974915,1.386258956587642
10497582,9,4,0.10247361660003662,2.278149912560522
10497636,10,4,0.07816554605960846,2.5489263159910878
10497574,9,2,0.2191787213087082,1.5178678029418802
10497434,10,2,0.2921309769153595,1.2305530262028204
10497581,14,1,0.46554070711135864,0.7645557379436797
10497639,6,4,0.14666786789894104,1.9195846505514271
10497571,12,1,0.6262110471725464,0.46806782864124885
10497435,7,3,0.24885478615760803,1.390885740759823
10497576,7,1,0.3122009038925171,1.1641083756695159
10497572,12,1,0.37291836738586426,0.9863957374837886
10497438,12,5,0.0192477498203516,3.950361117530066
10497577,8,1,0.32397955656051636,1.1270748622159528
10497638,11,4,0.08155914396047592,2.506426829156419
10497575,12,2,0.1982395201921463,1.618279281442479
10497687,7,1,0.5182932615280151,0.65721405497457
10497578,11,1,0.22006942331790924,1.5138122218725785
10497637,9,6,0.05851491540670395,2.838473593025017
10497568,12,3,0.12880247831344604,2.049475223932978
10497688,11,1,0.6888228058815002,0.3727712168326666
10497579,7,1,0.33289024233818054,1.0999424459206113
10497633,10,3,0.1572701781988144,1.849790072404451
10497573,11,11,0.00820189993828535,4.803389451759284
10497689,12,1,0.3981610834598541,0.9208986232685371
10497580,12,1,0.2674448788166046,1.3188417943781316
10497634,12,11,0.012364796362817287,4.392901846982438
10497569,12,4,0.10860691219568253,2.2200202252970587
10497690,8,1,0.41351160407066345,0.8830697018633882
10497684,12,2,0.31061094999313354,1.1692141145646502
10497686,11,1,0.3193559944629669,1.1414488283256987
10497685,14,2,0.17904138565063477,1.7201382951129323
10501122,9,1,0.46434110403060913,0.76713585884046
10501124,6,6,0.03159002587199211,3.454913845175376
10498369,9,4,0.13425950706005096,2.007980732010739
10501123,8,2,0.23011834919452667,1.469161540685091
10501144,8,1,0.5058764815330505,0.6814627471359842
10501164,7,4,0.09136530756950378,2.3928894396491103
10501125,7,1,0.3104381859302521,1.1697704765571069
10501145,7,3,0.14710654318332672,1.916598171172116
10501165,7,2,0.24364762008190155,1.4120322775141765
10501186,12,2,0.39435097575187683,0.9305139648116006
10498365,10,4,0.09003939479589462,2.40750798446892
10501126,13,6,0.00831502117216587,4.789691620078807
10501166,6,3,0.16772539913654327,1.7854271658279037
10501187,8,1,0.448556125164032,0.8017214655934729
10498370,8,1,0.5780194997787476,0.5481476742373955
10501183,8,2,0.27483662962913513,1.2915784319233607
10498367,8,3,0.14988400042057037,1.8978936145897165
10501140,7,2,0.20705896615982056,1.5747516656064051
10498356,7,3,0.136125847697258,1.994175470403991
10501189,11,7,0.04102908819913864,3.193473995559797
10501146,9,1,0.3662136197090149,1.0045384554371142
10498368,7,6,0.03462357074022293,3.363220593587315
10501161,8,2,0.12593042850494385,2.072025679246882
10498357,10,1,0.5636618137359619,0.5733008283641958
10501188,12,2,0.2927189767360687,1.2285422539862711
10501141,9,5,0.07759405672550201,2.556264443314911
10498363,7,2,0.2518758177757263,1.3788190995341971
10501162,7,3,0.224909707903862,1.4920562555244476
10501185,12,5,0.07575833052396774,2.5802068667255806
10498358,11,2,0.27283528447151184,1.298887019472404
10501143,11,7,0.036436326801776886,3.3121890129396405
10501167,9,2,0.20301003754138947,1.5944998551460667
10498364,12,3,0.13437539339065552,2.0071179525461282
10501182,11,1,0.25726476311683655,1.3576495177053411
10501147,12,3,0.11978402733802795,2.122064929919036
10498359,16,3,0.1731567680835724,1.7535579209185719
10501163,7,1,0.5295670628547668,0.6356954687881475
10501148,11,1,0.2759532034397125,1.287523980395345
10498360,9,2,0.22923530638217926,1.4730062641977086
10498361,10,2,0.26313284039497375,1.3350962777638662
10498355,9,2,0.26298654079437256,1.335652423800689
10501311,7,4,0.11721047013998032,2.1437840701640565
10501316,14,1,0.5071312785148621,0.6789853769260774
10506649,7,5,0.1180579736828804,2.1365794727686884
10507112,8,7,0.01986725628376007,3.9186823153065915
10506624,8,5,0.09294168651103973,2.3757830092553887
10506654,11,1,0.5531936287879944,0.5920471962716036
10507111,10,2,0.2621549069881439,1.338819701892951
10506772,13,3,0.17571550607681274,1.7388890345425119
10506627,10,1,0.28985172510147095,1.238385779509877
10506618,7,1,0.3571113646030426,1.0297076001806453
10506648,14,2,0.26961320638656616,1.3107669160303406
10507105,10,3,0.13086575269699097,2.0335832698084
10506777,11,1,0.6064514517784119,0.5001306003338116
10506619,6,5,0.08640769869089127,2.4486785019231125
10506652,8,3,0.1733710616827011,1.7523211162060033
10507106,7,1,0.39982786774635315,0.9167211551270716
10506621,10,1,0.37740790843963623,0.974428691207262
10506647,14,1,0.301098108291626,1.2003191261723516
10507108,10,1,0.330989807844162,1.105667696090753
10506779,13,2,0.1370050013065338,1.9877378479332277
10506630,9,1,0.3306850492954254,1.1065888692832921
10506620,10,1,0.518369734287262,0.6570665185819443
10506650,14,1,0.22392283380031586,1.4964537784409602
10507109,11,8,0.031633831560611725,3.453528112086371
10506773,14,8,0.04756699502468109,3.0456161400795567
10506631,8,7,0.048426900058984756,3.0276998333089167
10506622,9,3,0.18026040494441986,1.713352779410042
10506655,10,1,0.3475244343280792,1.056920301836069
10507110,14,1,0.21517956256866455,1.5362824246808597
10506778,11,2,0.1515570878982544,1.8867929072004543
10506632,11,2,0.1883307695388794,1.6695554496643614
10506623,10,1,0.3000553846359253,1.2037882059121874
10506653,8,5,0.07349672168493271,2.610514476684172
10507107,9,2,0.33492884039878845,1.093837186440732
10506776,13,2,0.23368388414382935,1.453785999405094
10506626,12,6,0.046617649495601654,3.0657760650153376
10506846,8,3,0.13466352224349976,2.0049760396386866
10506651,13,2,0.20739176869392395,1.5731456720460288
10506843,10,1,0.7356564402580261,0.3069920623627707
10506839,9,3,0.16751208901405334,1.7866997571031484
10506754,10,1,0.5524551868438721,0.5933829586646526
10506844,12,4,0.11109612882137299,2.1973594270356744
10506755,6,4,0.10760844498872757,2.2292561493088923
10506841,11,2,0.15322768688201904,1.8758303142312496
10506840,11,6,0.06708882004022598,2.7017378652766286
10506757,12,7,0.034598130732774734,3.363955623442179
10506845,9,1,0.3428647220134735,1.0704193060731135
10506758,12,1,0.306560218334198,1.1823410719928296
10506842,9,1,0.3208083212375641,1.13691146430635
10506752,12,5,0.0627584382891655,2.7684622352834225
10506759,13,1,0.26847440004348755,1.3149997139233316
10506570,6,4,0.07503185421228409,2.589842532784583
10506600,6,5,0.06660080701112747,2.709038584225011
10506571,6,1,0.3425990045070648,1.0711945987966753
10506681,8,3,0.14501610398292542,1.9309104807772748
10506572,6,1,0.3561033606529236,1.0325342513575857
10506605,8,2,0.18893037736415863,1.6663767055233765
10506800,15,4,0.11221267282962799,2.187359343701091
10506894,13,1,0.35923221707344055,1.023786255391695
10506660,7,2,0.1656239926815033,1.7980351641831442
10506598,10,2,0.33522215485572815,1.0929618181200205
10509974,9,4,0.04748436436057091,3.0473547934867264
10506678,18,1,0.2866052985191345,1.2496492762532543
10506808,12,6,0.045604199171066284,3.087755479616765
10506574,15,1,0.19534863531589508,1.6329694433467943
10509738,6,1,0.3351782262325287,1.0930928700242304
10506667,10,2,0.16115215420722961,1.8254063030953018
10506602,11,6,0.036477990448474884,3.3110462016838085
10509968,12,2,0.22498534619808197,1.4917200069071623
10506682,8,1,0.30809709429740906,1.1773403044612836
10506802,8,2,0.2193104326725006,1.5172670520838132
10509711,8,2,0.308095246553421,1.1773463017574701
10510009,12,3,0.11272941529750824,2.1827648866906055
10509720,11,1,0.28633102774620056,1.2506066978071388
10506576,11,5,0.0672118067741394,2.6999063508420345
10509740,9,1,0.6671332120895386,0.40476553473238275
10506661,12,1,0.2915985882282257,1.2323771203263438
10506599,9,2,0.19525644183158875,1.6334414980711802
10509970,10,2,0.28340134024620056,1.260891222568777
10506679,11,3,0.14261394739151,1.9476139679902116
10506809,13,1,0.43303999304771423,0.8369251925480189
10509706,12,3,0.17309708893299103,1.7539026341973585
10506897,9,1,0.24784334003925323,1.394958425809595
10510008,7,1,0.39244168996810913,0.9353673133866963
10509718,9,3,0.2205226719379425,1.5117547688006718
10506575,11,1,0.5237500667572021,0.6467406802857458
10509736,9,1,0.3022758662700653,1.1964152140916255
10506666,11,1,0.41528254747390747,0.8787961531294755
10506611,10,1,0.3369807004928589,1.0877296188368666
10509969,9,2,0.289389431476593,1.2399819841917552
10506675,15,3,0.14505121111869812,1.930668418786031
10507067,10,3,0.18864361941814423,1.6678956554701014
10506803,12,5,0.07822422683238983,2.548175873370063
10506892,13,8,0.03091980330646038,3.4763584166524772
10510010,7,2,0.1613963395357132,1.823892202860019
10509719,11,1,0.21697357296943665,1.5279797164088795
10506569,14,10,0.021064992994070053,3.8601427161374904
10509737,9,4,0.1430334448814392,1.9446767957781763
10506664,9,1,0.27009621262550354,1.3089770404014502
10506601,14,1,0.2660958766937256,1.3238985964446444
10509975,12,2,0.1957291215658188,1.6310236084672571
10506672,12,2,0.21460655331611633,1.538948911898037
10506747,6,4,0.07920878380537033,2.535668079677979
10507068,12,1,0.21798452734947205,1.5233311941730627
10506806,14,3,0.12988290190696716,2.041121989011512
10509708,8,1,0.42093101143836975,0.8652863270450468
10506893,13,4,0.0910315215587616,2.3965494416890922
10509722,9,3,0.12049461901187897,2.116150182551593
10509741,8,1,0.31229257583618164,1.163814787514319
10506663,10,3,0.15556319057941437,1.8607032596232678
10509973,12,2,0.1912083923816681,1.6543913861185537
10506673,18,1,0.1506468504667282,1.892816919918902
10507063,10,3,0.17848555743694305,1.723247591753298
10506748,4,1,0.4688793122768402,0.7574098735510051
10506804,14,7,0.03749203309416771,3.283626819398839
10509710,12,2,0.24679328501224518,1.399204195537241
10506898,13,5,0.08104921132326126,2.5126987615910252
10510006,10,2,0.1922822892665863,1.6487907301265532
10509723,7,1,0.3840937316417694,0.9568686633631072
10509742,13,1,0.40419188141822815,0.9058655597704246
10506668,13,7,0.04306250065565109,3.14510271498269
10506937,10,1,0.43447932600975037,0.8336069165139997
10509971,11,4,0.15205685794353485,1.8835007626628946
10506676,9,2,0.24137172102928162,1.4214171228755725
10507069,12,1,0.5068545937538147,0.679531113854927
10506751,7,4,0.14493224024772644,1.9314889544206413
10506805,7,1,0.3205723464488983,1.1376472981448233
10509709,12,1,0.37800320982933044,0.9728525917866176
10506890,16,7,0.05053403973579407,2.985108115599164
10510007,10,6,0.07039551436901093,2.65362573419739
10509721,9,4,0.1142926812171936,2.168992741577104
10509739,10,3,0.19811639189720154,1.6189005831319452
10506938,7,7,0.013431858271360397,4.310125910828945
10506662,16,5,0.08719486743211746,2.439609809522928
10509972,11,4,0.09826129674911499,2.3201250552076598
10506674,11,2,0.1298903524875641,2.0410646268275854
10506749,4,3,0.20890630781650543,1.565869415487717
10506801,16,6,0.05674384534358978,2.869208080597313
10506896,11,1,0.23393189907073975,1.4527252355939948
10507070,12,7,0.05565289780497551,2.8886211306490663
10509808,9,2,0.2740512490272522,1.2944401498384668
10509743,9,3,0.14580228924751282,1.925503758244747
10506940,8,5,0.05878070369362831,2.8339416464123226
10506665,15,3,0.14379869401454926,1.9393409156936694
10506750,9,1,0.462260901927948,0.7716258245085387
10507071,12,3,0.20576831698417664,1.5810044179479894
10509811,9,2,0.2557777166366577,1.3634465060765573
10506939,8,4,0.12312725931406021,2.0945368298993743
10507064,16,4,0.12802571058273315,2.055524171305375
10506935,8,5,0.10471022874116898,2.2565584701643906
10507065,16,2,0.11705254018306732,2.145132383588536
10509812,8,4,0.14278142154216766,1.9464403387858786
10506936,10,1,0.3337295353412628,1.0974243884772117
10507066,15,9,0.03701547160744667,3.2964193021862966
10509806,8,2,0.23234042525291443,1.4595516325941258
10509809,7,3,0.12867256999015808,2.0504843184853816
10509810,10,1,0.5608754754066467,0.5782563670703084
10509807,10,4,0.04041978716850281,3.208435832520208
10506609,6,3,0.16006126999855042,1.8321985995592183
10506593,8,2,0.2249443084001541,1.4919024256369449
10506591,11,1,0.33234962821006775,1.1015677671650448
10509773,8,2,0.30359163880348206,1.1920717740128837
10510128,12,2,0.2988499701023102,1.207813603754341
10506588,8,3,0.13143454492092133,2.029246308541935
10506643,6,2,0.2581406533718109,1.3542506745028708
10509770,10,5,0.06570523232221603,2.7225767170550874
10510017,11,2,0.18777528405189514,1.672509328686428
10510131,12,3,0.12694546580314636,2.0639976878683
10506589,7,1,0.3251047134399414,1.123607953346307
10510073,9,1,0.4400424361228943,0.8208841109865703
10509733,7,1,0.38394975662231445,0.9572435770843778
10506640,8,3,0.17970246076583862,1.7164527915421495
10509767,12,3,0.1519317477941513,1.8843238866490308
10510011,9,5,0.05264126509428024,2.9442549593078087
10510126,8,1,0.37390759587287903,0.9837465819530031
10506592,13,4,0.06959515064954758,2.665060388644615
10510058,10,1,0.4749804437160492,0.7444816469191567
10509731,4,1,0.3993481397628784,0.9179217117919061
10506637,8,4,0.11477630585432053,2.1647702113962577
10510012,6,2,0.36648842692375183,1.0037883354425392
10510132,12,2,0.2038254290819168,1.5904913912867615
10510059,9,4,0.13800665736198425,1.9804533532350193
10506590,11,2,0.20790593326091766,1.5706695455118467
10506641,9,2,0.27866730093955994,1.277736678469236
10509769,14,1,0.5366262793540955,0.6224533683655364
10510014,8,1,0.4650591313838959,0.765590717213028
10510130,7,1,0.40231379866600037,0.9105229011714044
10510067,11,2,0.198919877409935,1.6148531614140167
10506607,10,3,0.1417175680398941,1.9539191594489693
10509727,8,5,0.05349712446331978,2.9281273748738337
10506644,11,4,0.12852567434310913,2.0516265942688117
10509765,12,1,0.5233681201934814,0.6474701998097496
10510013,12,3,0.17894525825977325,1.7206753396915895
10510133,7,4,0.104546457529068,2.258123736712929
10510232,7,1,0.5557191967964172,0.5874921540411494
10510062,10,1,0.4710833728313446,0.7527201882497881
10509728,12,1,0.45387452840805054,0.7899344882830422
10506642,8,2,0.15283070504665375,1.8784244731791095
10510016,14,1,0.3013954758644104,1.1993320033058152
10509768,12,1,0.3951864540576935,0.9283975898656696
10510068,11,1,0.35205090045928955,1.0439795102606024
10510127,10,3,0.14201295375823975,1.9518370018919247
10510233,9,5,0.018439941108226776,3.9932362545558187
10509730,7,1,0.3130626082420349,1.1613520821122034
10506638,10,1,0.3889264464378357,0.9443650369496319
10510018,10,1,0.3474142849445343,1.0572373064334892
10506885,6,3,0.14677530527114868,1.9188523971761136
10509771,10,1,0.46816590428352356,0.7589325495511542
10510070,14,1,0.3039093315601349,1.1910258735086483
10510134,12,2,0.19264592230319977,1.6469013744812437
10509729,10,1,0.36949801445007324,0.9956099122211108
10510015,11,2,0.1953842043876648,1.6327873799610038
10506639,10,2,0.25478091835975647,1.3673512467864004
10506886,5,2,0.278012752532959,1.2800882939228915
10509766,13,6,0.053292784839868546,2.93195432583153
10510129,12,4,0.12261415272951126,2.0987128238920083
10510235,10,5,0.10980045050382614,2.2090906469658877
10506887,8,2,0.19385021924972534,1.640669483838109
10510237,10,2,0.1654585599899292,1.7990345083286285
10506888,7,3,0.18161961436271667,1.7058408100421856
10510238,11,6,0.045545995235443115,3.089032579329233
10506883,8,3,0.17429986596107483,1.7469780954692238
10510236,12,3,0.14240553975105286,1.9490763780147962
10506884,8,7,0.011693714186549187,4.4487038305612785
10510201,6,5,0.04619497060775757,3.0748843481242143
10510203,13,2,0.24195660650730133,1.4189968808570612
10513897,8,2,0.39214417338371277,0.9361257175653944
10513898,9,1,0.37306836247444153,0.985993598720203
10510204,10,1,0.2458276003599167,1.403124800278031
10513899,8,2,0.24852725863456726,1.3922027467668217
10513901,13,1,0.25200653076171875,1.3783002760854142
10510198,6,3,0.1268148422241211,2.065027191588388
10513902,11,11,0.019856370985507965,3.9192303668956763
10510199,11,6,0.04545193538069725,3.091099876631661
10513903,12,1,0.2843354642391205,1.2576005257934952
10510200,13,5,0.08071627467870712,2.51681505515754
10513835,9,1,0.4433692693710327,0.813352290987876
10513906,7,1,0.41417214274406433,0.8814735878496138
10513836,10,4,0.13041168451309204,2.0370590283421386
10513909,8,1,0.3743377923965454,0.9825967009706084
10513837,11,1,0.5377606749534607,0.6203416598858884
10513910,10,3,0.09289861470460892,2.376246544956959
10513912,5,4,0.1349768191576004,2.0026522252312486
10513832,12,5,0.029894746840000153,3.510072504990857
10513907,8,1,0.77402263879776,0.2561541567274431
10513830,10,2,0.25618764758110046,1.361845104650997
10513908,6,2,0.2661532759666443,1.3236829107160553
10513831,14,3,0.10924797505140305,2.2141349801768118
10513911,8,3,0.10706677287817001,2.2343025935653364
10513833,11,1,0.4729940891265869,0.7486723871294138
10513913,10,2,0.2297893911600113,1.4705920801683419
10523594,14,1,0.5564632415771484,0.5861541633193762
10523596,8,1,0.3441259264945984,1.0667476232030528
10523595,12,1,0.3888177275657654,0.94464461184434
10523788,8,1,0.5238304138183594,0.6465872847943166
10523597,13,1,0.2296777069568634,1.4710782268622193
10523658,11,5,0.028125809505581856,3.5710676364510707
10523791,5,2,0.33423522114753723,1.0959102789438262
10523609,8,1,0.49780696630477905,0.6975428949625956
10523598,11,4,0.11125292629003525,2.1959490545510705
10523655,8,1,0.6457334756851196,0.4373684366713937
10523786,5,3,0.2236938625574112,1.4974768469043986
10523639,6,1,0.37083885073661804,0.9919876753296535
10523592,11,3,0.16700011491775513,1.7897607784353484
10523787,7,1,0.3646763265132904,1.0087450954945991
10523640,11,3,0.13851462304592133,1.9767793773690856
10523591,13,3,0.17802147567272186,1.7258510861209073
10523672,8,3,0.1785515695810318,1.7228778142716545
10523784,9,3,0.1315375566482544,2.028462866252907
10523607,10,2,0.15845993161201477,1.8422535150239885
10523634,11,1,0.39084550738334656,0.9394429188596732
10523673,9,3,0.14848783612251282,1.9072522357272341
10523653,10,3,0.15921667218208313,1.8374892862932808
10523789,7,2,0.2817036211490631,1.2668997495531682
10523610,9,4,0.10145025700330734,2.2881866794133017
10523635,12,1,0.28850317001342773,1.2430492051795219
10523775,6,4,0.049099937081336975,3.0138975256216485
10523674,9,2,0.23393093049526215,1.452729376018993
10523654,11,1,0.29369452595710754,1.2252150791633518
10523785,6,4,0.08143484592437744,2.507952014965802
10523612,11,4,0.0999244824051857,2.303340554231183
10523636,8,1,0.26611021161079407,1.3238447266472597
10523770,16,1,0.33606868982315063,1.0904397059152429
10523675,6,1,0.5227260589599609,0.6486977399814472
10523656,10,2,0.21337497234344482,1.5447042274823277
10523790,6,2,0.25474101305007935,1.3675078850282452
10523613,11,5,0.07505368441343307,2.589551629323759
10523637,10,4,0.09614020586013794,2.34194767526484
10523771,10,4,0.09130203723907471,2.3935821779491673
10523677,9,6,0.07898732274770737,2.53846791094006
10523657,5,1,0.5783568620681763,0.547564192405475
10523638,11,5,0.07652494311332703,2.570138537524645
10523772,9,2,0.3388439416885376,1.0822156265961829
10523773,10,1,0.36863407492637634,0.9979507938346968
10523774,14,4,0.1384126842021942,1.9775155911382833
10523776,12,1,0.2764863669872284,1.2855937648872882
10527104,5,5,0.1190059632062912,2.1285816761488836
10527111,11,2,0.173170804977417,1.7534768595480998
10527105,9,2,0.21434791386127472,1.540154818379844
10527109,10,1,0.5258686542510986,0.6427038041733087
10527106,10,2,0.24296778440475464,1.4148264188963902
10527110,9,4,0.10591772943735123,2.2450926236041044
10527107,12,7,0.054607462137937546,2.907584736376666
10527108,13,7,0.03664984554052353,3.3063460651051915
10527079,9,5,0.07555452734231949,2.5829006669453984
10531314,6,1,0.6950981616973877,0.3637022035383974
10527080,10,2,0.24825137853622437,1.3933134230562634
10531312,7,3,0.09930209070444107,2.309588653727263
10531311,7,4,0.09945891052484512,2.308010679658162
10531307,9,2,0.20034365355968475,1.6077211191689365
10527081,10,2,0.25777989625930786,1.3556491734444553
10531309,9,6,0.09418406337499619,2.362504290321517
10527082,11,2,0.19314894080162048,1.6442936736973577
10531313,9,3,0.161118745803833,1.8256136342785712
10531388,10,4,0.05120813101530075,2.9718569506528794
10527076,12,9,0.03775940090417862,3.2765208037158016
10531308,12,2,0.19410720467567444,1.6393446711257462
10527077,9,7,0.01634836196899414,4.113627572040387
10531522,8,1,0.543853223323822,0.6090758785979825
10531385,11,3,0.2002696990966797,1.608090325354176
10531310,10,4,0.12141796201467514,2.1085164540140644
10527078,9,1,0.2741164565086365,1.2942022391369303
10531384,9,1,0.5944814085960388,0.5200658356766421
10531508,8,2,0.20097607374191284,1.6045694141183078
10531387,7,2,0.2903011441230774,1.2368364667844058
10531509,8,4,0.11743998527526855,2.1418278394968273
10531389,12,5,0.09385181218385696,2.3660382067715573
10531382,10,1,0.4625806510448456,0.7709343565946892
10531514,9,1,0.4486358165740967,0.801543819302714
10531386,12,1,0.31307700276374817,1.161306103479123
10531331,8,1,0.8021903038024902,0.22040941272684927
10531515,7,5,0.09802304208278656,2.3225527046549743
10531332,7,2,0.21787308156490326,1.5238425803905713
10531337,8,1,0.48016101121902466,0.7336337912879978
10531523,9,2,0.15599800646305084,1.8579120508972606
10531336,11,6,0.03171839937567711,3.4508583445329184
10531510,9,4,0.13246911764144897,2.021405735126079
10531335,11,3,0.14158043265342712,1.9548872947470837
10531334,7,2,0.23298482596874237,1.4567819521348073
10531333,7,2,0.22229108214378357,1.5037675751289317
10531330,8,2,0.23020923137664795,1.4687666819491043
10531215,14,3,0.12479015439748764,2.081121717204644
10531260,9,5,0.0630699023604393,2.7635116064219454
10531219,9,2,0.2768244743347168,1.284371640308043
10531368,9,2,0.3183261454105377,1.1446788072866305
10531262,8,1,0.3557869493961334,1.033423184029261
10531213,7,1,0.4432326555252075,0.8136604650242055
10531371,15,1,0.22094108164310455,1.5098592119081677
10531351,13,3,0.17386646568775177,1.749467712975482
10531256,9,1,0.2782838046550751,1.2791138059809346
10535114,8,1,0.3989897072315216,0.9188196588372333
10531438,8,1,0.38114452362060547,0.9645766486935642
10535045,9,3,0.17146947979927063,1.7633499885670723
10531322,7,2,0.1984027475118637,1.6174562358811648
10531222,9,3,0.14108747243881226,1.9583752090486013
10531365,7,5,0.10881098359823227,2.218142997465989
10531356,11,4,0.11556658148765564,2.157908452014727
10535115,9,2,0.3076682984828949,1.178733029316731
10531258,7,2,0.2563701272010803,1.3611330692994033
10535048,6,3,0.15431539714336395,1.8687567375313807
10531211,8,8,0.05198385566473007,2.9568220765918327
10535079,7,1,0.7186092734336853,0.33043749952419155
10531364,10,4,0.07544860988855362,2.584303518211651
10531350,14,4,0.0773102194070816,2.5599291276369445
10531433,8,1,0.4098780155181885,0.8918956866789394
10535118,8,4,0.07367949932813644,2.6080306822789057
10531261,11,8,0.0213310644030571,3.8475908460534853
10535043,7,2,0.22143903374671936,1.5076079700616327
10531316,9,1,0.4717760384082794,0.7512509009026216
10531212,14,12,0.013352976180613041,4.3160159841047845
10535080,13,1,0.43071165680885315,0.842316422489494
10531367,11,2,0.19745005667209625,1.6222696042295337
10531401,7,1,0.2832181453704834,1.2615378465792484
10531437,7,1,0.45823588967323303,0.7803711845023933
10535190,6,2,0.26430511474609375,1.3306511055118708
10535117,7,1,0.35295236110687256,1.0414221855274668
10531259,10,3,0.110218346118927,2.205291915911566
10535044,9,4,0.152535542845726,1.8803576422499342
10531214,12,4,0.11421720683574677,2.1696533202928387
10535082,11,4,0.11814644932746887,2.1358303280439728
10531362,9,1,0.24340233206748962,1.4130395172606014
10531403,6,1,0.35549095273017883,1.0342554794855279
10531705,7,1,0.34979909658432007,1.050396299064435
10531352,13,5,0.08909990638494492,2.4179969951799443
10535150,9,1,0.28168952465057373,1.2669497909801803
10531435,7,4,0.11871787905693054,2.131005364809151
10535194,7,2,0.19160208106040955,1.6523345520199701
10535119,8,3,0.21122875809669495,1.554813571189111
10531257,14,1,0.19228628277778625,1.648769961340488
10535046,6,1,0.34197258949279785,1.0730246928134066
10531317,12,7,0.044709403067827225,3.1075714400258407
10531216,13,10,0.0206864345818758,3.8782771277450347
10531370,11,2,0.1635555922985077,1.8106023323783582
10531404,10,5,0.07256706804037094,2.6232440683220886
10531707,6,1,0.33214011788368225,1.1021983572819267
10531349,18,10,0.03228320926427841,3.4332080209348774
10535152,10,3,0.18262732028961182,1.700307703778504
10531434,9,3,0.20776502788066864,1.5713475114936857
10535188,6,3,0.24581529200077057,1.4031748706007792
10535120,9,4,0.10209400206804276,2.281861301197809
10535047,11,1,0.256095290184021,1.3622056764806307
10531323,13,2,0.2637234628200531,1.332854214154152
10535084,13,1,0.2775523066520691,1.2817458711182272
10531366,13,11,0.010407076217234135,4.5652692987024075
10531405,10,3,0.12476006895303726,2.081362834557233
10531711,9,1,0.3924255073070526,0.935408550072635
10531353,18,3,0.13227111101150513,2.0229015914065753
10535151,8,3,0.14707890152931213,1.9167860911021652
10531439,10,4,0.1254170686006546,2.076110546803024
10535191,8,5,0.09004388004541397,2.407458171408554
10535121,9,5,0.07476596534252167,2.5933925063394336
10535049,11,3,0.15505360066890717,1.8639844110745096
10531500,8,5,0.12108589708805084,2.1112550919507744
10531318,13,2,0.16790327429771423,1.7843672136134254
10535085,13,8,0.03404662758111954,3.3800242944306382
10531369,18,7,0.04644981399178505,3.069382818212868
10531406,9,3,0.16820232570171356,1.7825877045370173
10531706,8,4,0.10059591382741928,2.2966436401591332
10531354,16,3,0.12087990343570709,2.112957759862222
10535148,10,3,0.1274416148662567,2.060096941879831
10531441,11,1,0.25742489099502563,1.357027286883034
10535189,7,1,0.42305508255958557,0.8602528895966061
10535116,9,6,0.0857917070388794,2.4558329317180885
10531502,11,1,0.5600078701972961,0.5798044414279545
10535050,9,7,0.05634576454758644,2.8762482046293925
10531315,14,1,0.3268980085849762,1.1181070570876697
10535083,13,2,0.21840259432792664,1.5214151563910665
10531363,11,5,0.08264926820993423,2.4931493088385817
10531408,7,3,0.1854577362537384,1.6849282598004889
10531708,9,3,0.15085959434509277,1.8914057135096725
10531355,16,16,0.010909417644143105,4.518128858733857
10535149,10,2,0.15857180953025818,1.8415477312908868
10531440,10,7,0.04059905186295509,3.2040105657763234
10535070,9,2,0.15362872183322906,1.8732164846474706
10531503,11,1,0.32015833258628845,1.1389396162240926
10531319,13,3,0.1136755496263504,2.174406944214791
10531709,13,2,0.27139148116111755,1.3041929205739329
10535071,8,3,0.16494353115558624,1.8021520990781523
10531499,10,3,0.19003766775131226,1.6605329751481515
10531703,10,1,0.42536258697509766,0.8548133279560021
10535065,10,3,0.17217141389846802,1.759264706004278
10531497,12,1,0.30358853936195374,1.1920819833103535
10531710,15,3,0.08142130076885223,2.5081183599989063
10531501,12,1,0.2599979639053345,1.3470814791306018
10531704,15,11,0.0166966263204813,4.092548596705204
10535068,9,2,0.2231348603963852,1.4999789351719757
10535067,4,2,0.18737618625164032,1.674636991683403
10535069,9,2,0.39796677231788635,0.9213867638213792
10531248,5,1,0.444391131401062,0.8110501777590374
10531244,12,1,0.33570176362991333,1.0915321214206917
10531225,10,3,0.10069145262241364,2.295694362478633
10531249,14,2,0.19004671275615692,1.6604853804280826
10531218,7,5,0.023378625512123108,3.7559331137115635
10531246,13,1,0.3930422365665436,0.9338382007080965
10531226,8,1,0.6591289043426514,0.4168361576252067
10531252,16,14,0.014897353015840054,4.2065717317559645
10531304,7,1,0.36988475918769836,0.9945637835129912
10531253,11,3,0.16502229869365692,1.801674670614709
10531300,10,3,0.15513382852077484,1.8634671247752794
10531221,10,5,0.07317694276571274,2.6148748971739395
10531247,14,12,0.0206353347748518,3.880750392267236
10538394,9,1,0.5619157552719116,0.5764033419762242
10535210,8,4,0.12383440136909485,2.0888100787455492
10535192,9,6,0.030143944546580315,3.5017712202070372
10531301,9,1,0.6492458581924438,0.4319438078320667
10531223,7,4,0.0408608615398407,3.1975826046499796
10531251,16,12,0.021578708663582802,3.836048160442936
10538390,9,1,0.3147473633289337,1.1559849831255442
10535211,4,2,0.28545942902565,1.2536553649729094
10535193,9,3,0.20192603766918182,1.5998537987828318
10531217,11,2,0.2527849078178406,1.375216318579212
10531250,12,5,0.06896994262933731,2.674084483359824
10538391,9,4,0.09413596987724304,2.363015053812455
10535196,8,5,0.05928045138716698,2.8254756835299255
10531224,10,1,0.39062973856925964,0.9399951278277432
10531299,10,1,0.4731987416744232,0.7482398060648239
10531243,13,13,0.013231777586042881,4.325133949635687
10538393,8,2,0.2818589210510254,1.2663486131866983
10531220,9,6,0.039518751204013824,3.2309800056904505
10535205,8,2,0.26996859908103943,1.3094496264469508
10535200,7,3,0.197535902261734,1.6218349275578812
10531298,12,2,0.29343247413635254,1.2261077372700795
10538395,9,1,0.36720284819602966,1.001840863740748
10535206,11,6,0.05171894282102585,2.9619311657161234
10535197,10,8,0.02876899391412735,3.548457071994435
10531302,9,1,0.28210437297821045,1.2654781595763953
10535207,8,1,0.27124130725860596,1.3047464216138642
10538392,14,6,0.05356285348534584,2.9268994831528774
10531487,10,3,0.19212105870246887,1.6496295915694827
10531303,10,6,0.04641517251729965,3.0701288792934633
10535199,9,1,0.3119334280490875,1.1649654855771612
10535208,12,11,0.023913424462080002,3.7333152847610656
10538396,14,1,0.21489399671554565,1.5376104109702824
10531488,6,1,0.3521832823753357,1.0436035503289995
10535195,11,2,0.22546909749507904,1.4895721693633643
10535209,12,3,0.10286403447389603,2.274347216442327
10531489,8,2,0.26205921173095703,1.3391848017818426
10531484,10,4,0.0947522446513176,2.356489745048838
10531485,9,3,0.12184742093086243,2.1049856650695773
10531486,10,2,0.2592417001724243,1.3499944471490173
10535129,10,1,0.41168004274368286,0.8875088266212626
10535130,9,3,0.13663074374198914,1.990473293171557
10535240,5,3,0.14994938671588898,1.897457463719531
10535216,6,1,0.4972417652606964,0.6986789219468796
10535241,11,1,0.38332900404930115,0.958861640141158
10538270,10,4,0.0656125545501709,2.7239882210050035
10535215,9,1,0.6128280162811279,0.48967094312638765
10535091,11,2,0.32257580757141113,1.131417108132175
10538268,12,2,0.283297061920166,1.2612592431130836
10535237,12,1,0.4499810039997101,0.798549910442757
10535217,7,6,0.038639821112155914,3.2534718992511267
10535086,13,5,0.06481272727251053,2.7362532863831404
10538271,12,3,0.09555524587631226,2.3480507079053448
10535218,6,1,0.2871926426887512,1.2476020595151984
10535087,13,3,0.15006525814533234,1.8966850251923497
10535313,7,5,0.058138683438301086,2.8449240287878657
10535239,12,2,0.16685928404331207,1.7906044322802566
10535219,9,3,0.13245320320129395,2.021525879326262
10538267,12,11,0.01628199592232704,4.117695326270928
10535088,12,9,0.013192787766456604,4.328084980039528
10535320,8,2,0.3441494405269623,1.0666792958053288
10535242,11,1,0.35006338357925415,1.049641044953842
10538272,10,10,0.020242594182491302,3.8999662717043777
10535213,8,3,0.11455687135457993,2.1666838862459072
10535089,10,2,0.2677497863769531,1.317702367499777
10538269,11,9,0.014037624932825565,4.266014059023035
10535244,11,1,0.27368423342704773,1.295780269903311
10535214,8,2,0.18306908011436462,1.6978917104072537
10535093,11,3,0.16570809483528137,1.797527503387508
10538266,10,7,0.06001394987106323,2.8131782459324195
10535243,12,5,0.08467907458543777,2.4688867611474388
10535315,10,2,0.3447563946247101,1.0649172138956577
10535319,8,1,0.34903186559677124,1.0525920555129227
10535317,13,3,0.12467793375253677,2.0820213966253873
10535316,7,6,0.04206722602248192,3.1684863207421095
10538400,13,7,0.027482500299811363,3.594205829602082
10538097,11,1,0.5135942697525024,0.6663216836925695
10538402,7,1,0.39650803804397583,0.9250589656184542
10538096,8,1,0.2657249867916107,1.3252933892694805
10538401,11,2,0.33861103653907776,1.0829032151920928
10538091,7,4,0.05108833685517311,2.9741990494052915
10538403,9,1,0.43827757239341736,0.824902842400192
10538092,13,6,0.05202479660511017,2.956034816270674
10538399,10,1,0.29265347123146057,1.2287660619400245
10538093,6,2,0.2632419168949127,1.3346818334920252
10538397,11,2,0.23869235813617706,1.432579760661026
10538094,10,5,0.057387467473745346,2.857929336189874
10538398,8,1,0.31703734397888184,1.148735707693459
10538095,14,1,0.22492162883281708,1.4920032537525196
10548629,11,5,0.07525155693292618,2.586918685428636
10548631,11,3,0.1837998330593109,1.6939079773345704
10548632,11,2,0.24495728313922882,1.4066714381726888
10548316,6,1,0.35787972807884216,1.0275583041140226
10548234,7,2,0.3783853054046631,0.9718422760556442
10548633,8,4,0.11991177499294281,2.120999014990465
10548276,8,1,0.682964026927948,0.3813130900107935
10548299,10,1,0.5865902900695801,0.5334286754745596
10548235,7,1,0.43983739614486694,0.8213501745880291
10548634,7,1,0.6485954523086548,0.43294609668352396
10548231,10,5,0.12031971663236618,2.117602773900018
10548277,7,1,0.3147457540035248,1.1559900962089589
10548289,9,5,0.09123413264751434,2.3943261904343087
10548238,12,2,0.296487957239151,1.2157486777633195
10548635,5,1,0.3675782382488251,1.0008190897937042
10548232,7,4,0.11514215916395187,2.1615877474007297
10548278,9,1,0.4921325445175171,0.7090071993454905
10548293,5,3,0.21530121564865112,1.5357172283265472
10548313,7,7,0.03811502456665039,3.2671467290018903
10548239,9,5,0.08886516839265823,2.4206350198453106
10548636,7,1,0.47498998045921326,0.7444615689400499
10548225,10,3,0.07969967275857925,2.5294897991093372
10548273,12,2,0.26407918334007263,1.3315062839136844
10548290,6,4,0.10373368859291077,2.2659283506130175
10548312,8,2,0.2860797047615051,1.2514848190112746
10548236,9,1,0.3200797140598297,1.1391852077732538
10548637,8,2,0.17505761981010437,1.7426401031937644
10548354,6,2,0.3288758099079132,1.112075076962871
10548227,8,1,0.42595821619033813,0.8534140215835617
10548279,11,3,0.2004271000623703,1.6073046890620124
10548292,6,5,0.08950509130954742,2.413459769179088
10548315,12,1,0.26844361424446106,1.3151143899008215
10548237,11,3,0.08879802376031876,2.421390884183023
10548348,10,1,0.5380561947822571,0.6197922730068707
10548228,10,6,0.07882212847471237,2.5405615033333464
10548274,9,1,0.37341612577438354,0.9850618624803341
10548294,10,2,0.19332778453826904,1.6433681651857792
10548314,12,6,0.05061284080147743,2.9835499641028886
10548241,10,2,0.21394853293895721,1.5420197931703636
10548352,8,1,0.4177888333797455,0.8727791574075017
10548230,10,3,0.16052494943141937,1.8293059003220442
10548280,9,3,0.1842753291130066,1.691324285920011
10548296,9,2,0.33622196316719055,1.0899837324578885
10548240,10,1,0.2887508273124695,1.242191151998829
10548349,8,2,0.2789381444454193,1.2767652262375515
10548229,11,4,0.10799367725849152,2.2256825974745347
10548275,11,6,0.05683394521474838,2.867621504742724
10548291,9,1,0.3672059178352356,1.0018325042566354
10548351,12,2,0.21613559126853943,1.5318493308883006
10548350,12,6,0.07113900035619736,2.643119564342993
10548355,13,12,0.007610854227095842,4.878179862804249
10548347,13,9,0.018543727695941925,3.9876236767062134
10551861,14,4,0.122286856174469,2.1013857140639756
10551659,7,1,0.5398503541946411,0.6164632996909513
10551544,9,4,0.0664924755692482,2.710666487056811
10551865,11,2,0.1869792640209198,1.6767575558646979
10551559,9,1,0.4218379855155945,0.8631339592416589
10551660,7,4,0.14027847349643707,1.964125735602579
10551425,7,4,0.11081217974424362,2.1999185852207543
10551560,10,1,0.4828050434589386,0.7281423435437728
10551863,10,4,0.12488475441932678,2.080363931596035
10551663,9,2,0.270426481962204,1.3077550033580152
10551545,10,2,0.2326042354106903,1.4584168300750042
10548379,10,1,0.5001509189605713,0.6928453881827037
10551424,13,2,0.26955053210258484,1.3109994030460261
10551864,11,6,0.04427611455321312,3.1173099222091225
10551665,7,5,0.06999906897544861,2.6592733373719626
10551549,6,4,0.09476867318153381,2.35631637600393
10548375,11,1,0.6764388084411621,0.39091328861665947
10551558,10,1,0.41872456669807434,0.8705419339307857
10551426,10,2,0.17699848115444183,1.7316141274934764
10551661,7,5,0.06598932296037674,2.7182623233700527
10551561,9,1,0.3164670169353485,1.1505362547229765
10551551,10,7,0.032604001462459564,3.423320253894708
10548381,11,4,0.11325155943632126,2.178143744856656
10551428,10,4,0.16820621490478516,1.7825645826325331
10551664,9,1,0.4464479088783264,0.8064325509176032
10551548,9,8,0.015507780015468597,4.16641344450307
10548378,11,1,0.4825249910354614,0.7287225646522575
10551427,13,1,0.7306513786315918,0.3138188432069063
10551662,10,8,0.031802304089069366,3.448216536189676
10551546,7,1,0.33269503712654114,1.1005290130315706
10548377,13,2,0.22063258290290833,1.5112564817870462
10551422,12,1,0.2353927344083786,1.446499949507488
10551658,11,7,0.03674232214689255,3.3038259963233516
10551550,11,5,0.09962280094623566,2.3063642154279425
10548380,8,4,0.16149312257766724,1.8232927218845854
10551423,14,4,0.11131927371025085,2.1953528666877102
10548376,12,1,0.28524941205978394,1.2543913513821852
10548373,14,1,0.22929038107395172,1.4727660390869068
10548374,14,1,0.3727254569530487,0.9869131706893561
10556650,11,2,0.21017637848854065,1.559808203216777
10556615,7,3,0.09224747866392136,2.3832803279914225
10556369,7,1,0.32763803005218506,1.115845846890398
10556656,7,1,0.3191012740135193,1.1422467531846956
10556616,8,4,0.10721997171640396,2.232872744373081
10556375,7,3,0.15841394662857056,1.8425437565801708
10556520,14,1,0.8220661282539368,0.19593443916423375
10556652,12,1,0.3180815875530243,1.1454473644768852
10556611,10,3,0.05774613097310066,2.8516989279613605
10556370,7,1,0.3557615876197815,1.0334944701750215
10556518,11,1,0.35872340202331543,1.0252036553584236
10556651,11,2,0.16788364946842194,1.7844841021991664
10556617,10,1,0.49584251642227173,0.7014969098864585
10556373,8,3,0.2011684775352478,1.603612525320959
10556519,13,4,0.1348976045846939,2.003239272896477
10556653,10,6,0.048364073038101196,3.028998033496329
10556618,11,5,0.10912057757377625,2.2153017918861813
10556368,10,3,0.15921291708946228,1.8375128713667006
10556515,9,3,0.12275590002536774,2.0975574480828327
10556657,7,2,0.28859075903892517,1.2427456531171608
10556612,11,3,0.12803207337856293,2.0554744731807357
10556371,9,4,0.09139607101678848,2.3925527881332025
10556517,9,1,0.435186505317688,0.8319805919227983
10556654,13,4,0.09789843112230301,2.3238247548825264
10556613,12,2,0.3543756306171417,1.0373978249824327
10556372,9,2,0.23178556561470032,1.4619426208751878
10556516,11,2,0.1860923171043396,1.6815123998812396
10556658,14,10,0.03104153648018837,3.4724290848861354
10556614,10,3,0.16902583837509155,1.7777036859520758
10556374,11,9,0.024567367509007454,3.706336240679755
10556521,13,5,0.08562000095844269,2.457836367071192
10556655,10,4,0.1182970479130745,2.1345564625519775
10556350,6,3,0.15250428020954132,1.8805626163807283
10556351,6,3,0.19682413339614868,1.62544467283684
10556530,11,4,0.04755212739109993,3.045928750905322
10556355,10,6,0.0409032367169857,3.1965460817299607
10556528,12,1,0.3213004767894745,1.1353785289228182
10556628,14,2,0.2374144196510315,1.437948058756337
10556352,11,1,0.6494212746620178,0.4316736593602944
10559698,12,2,0.2061835676431656,1.5789884019270544
10556701,6,6,0.03100360371172428,3.4736518324880556
10556497,7,4,0.09830605983734131,2.3196696073675156
10559919,10,4,0.11422205716371536,2.1696108553690387
10556627,11,2,0.18552322685718536,1.6845751926049213
10559703,8,2,0.25651630759239197,1.3605630390340142
10556353,12,1,0.5204075574874878,0.6531430099905745
10556500,11,3,0.13954712450504303,1.9693529246936996
10556534,11,4,0.15506426990032196,1.8639156034859665
10556916,7,4,0.08855587244033813,2.424121599161842
10556630,11,5,0.07928603887557983,2.5346932203731636
10559708,14,1,0.4446900486946106,0.8103777592858913
10556704,12,5,0.09045423567295074,2.402911239348927
10559700,8,1,0.3684942424297333,0.9983301918174576
10556354,12,4,0.1060599535703659,2.243750745040872
10559746,12,3,0.16800472140312195,1.783763196383765
10556499,7,1,0.3051195740699768,1.1870515330736584
10559921,7,1,0.5538660883903503,0.5908323391602355
10556535,10,1,0.28264278173446655,1.2635714340094466
10559681,8,2,0.18375670909881592,1.694142629453342
10556907,14,1,0.3407892882823944,1.0764909156172042
10559887,6,1,0.4222103953361511,0.8622515220421538
10559699,12,3,0.24142742156982422,1.4211863828602118
10556356,8,2,0.20761115849018097,1.5720883791821783
10559747,9,2,0.176114022731781,1.7366236372817938
10559715,8,2,0.2206026315689087,1.511392243091055
10556501,8,2,0.22521351277828217,1.4907063810607772
10559923,12,2,0.2211073338985443,1.5091070216166373
10556531,13,1,0.5443922281265259,0.6080852843417666
10559682,9,2,0.3204067051410675,1.1381641366003303
10556917,7,1,0.43218371272087097,0.8389045202078855
10556632,17,1,0.2517096996307373,1.379478841108458
10559706,7,4,0.10193473845720291,2.2834224895164517
10556698,8,1,0.3130963444709778,1.1612443259942742
10559884,9,1,0.43865424394607544,0.8240437754378469
10559701,8,3,0.13319988548755646,2.0159043805792476
10556357,14,7,0.04656993970274925,3.0668000167546494
10559748,8,3,0.21590884029865265,1.5328989960344694
10559716,11,2,0.1971900463104248,1.6235873131867784
10556503,9,3,0.16610530018806458,1.7951333532508897
10559924,14,7,0.04025978595018387,3.2124021754715635
10556533,14,4,0.10669747740030289,2.237757762937946
10559685,9,1,0.30540674924850464,1.1861107867413916
10556633,15,1,0.21451637148857117,1.5393692195705475
10556703,13,8,0.046720389276742935,3.063574608374811
10559885,9,2,0.28471970558166504,1.256250071843445
10559702,11,7,0.02214692160487175,3.8100567716135623
10559749,10,2,0.23692001402378082,1.440032688381323
10559717,12,2,0.24986504018306732,1.3868343461533013
10556495,11,3,0.1480320543050766,1.9103264455263553
10556536,9,6,0.06574109196662903,2.722031100500245
10559920,14,3,0.15761978924274445,1.8475695431800725
10556526,11,1,0.3271665871143341,1.1172857970891326
10559687,12,2,0.22130553424358368,1.5082110243590012
10556909,9,2,0.226383239030838,1.4855259679429558
10556635,11,8,0.042153943330049515,3.1664270442234184
10559707,10,1,0.3455050587654114,1.0627479940135534
10556818,7,1,0.33058181405067444,1.1069011040293895
10556702,14,10,0.03439448028802872,3.369859184220696
10559696,11,2,0.1980106085538864,1.6194346711678995
10559751,10,7,0.037732213735580444,3.277241073639906
10559711,14,1,0.17364683747291565,1.7507317120343966
10556502,10,5,0.09680494666099548,2.335057184135474
10556537,7,2,0.2345125377178192,1.4502462267774152
10559916,14,2,0.21355561912059784,1.5438579691370804
10556527,12,1,0.2534446120262146,1.372609972817207
10559683,11,6,0.060702256858348846,2.8017744010749333
10556914,12,1,0.3533637821674347,1.0402572083114976
10556629,18,3,0.10627330839633942,2.241741122094362
10559705,9,1,0.4479138255119324,0.8031544188375187
10556819,11,5,0.07483445107936859,2.592476924106854
10556699,16,1,0.17143738269805908,1.7635371945102345
10559886,9,4,0.10690566152334213,2.235808501424218
10559697,11,6,0.08359046280384064,2.481825846693019
10559750,9,3,0.17610834538936615,1.7366558745439848
10559712,11,9,0.019416162744164467,3.9416494286314663
10556498,11,2,0.2532660663127899,1.373314697341266
10556538,7,5,0.05838737636804581,2.840655570594888
10559917,14,12,0.008752234280109406,4.738446264909713
10556529,12,1,0.2220931202173233,1.5046585246204007
10559684,13,2,0.17086836695671082,1.7668618027941088
10556911,13,3,0.21719546616077423,1.5269575651698069
10556634,11,2,0.1862163096666336,1.6808463257805475
10556697,11,6,0.07574759423732758,2.5803485943401943
10559744,12,1,0.2843737304210663,1.2574659537402813
10556539,8,5,0.08609601855278015,2.452292110745641
10556496,13,1,0.2915762662887573,1.2324536734880807
10556910,9,2,0.3064395785331726,1.182734676699387
10559686,14,3,0.17876529693603516,1.721681523805013
10556821,10,1,0.3253181278705597,1.1229517204322013
10559790,10,1,0.3065708577632904,1.1823063667576579
10556540,10,4,0.12643228471279144,2.068048412851179
10556908,13,2,0.18709856271743774,1.6761197276266404
10556822,10,3,0.20270025730133057,1.5960269561548326
10556913,16,5,0.08673875778913498,2.4448544617619126
10556823,12,1,0.31530678272247314,1.1542092006977906
10559789,10,8,0.013321109116077423,4.318405350363617
10556915,16,3,0.17326666414737701,1.7529234599828127
10556493,12,6,0.061024587601423264,2.796478420588737
10556489,12,2,0.23995324969291687,1.4273111675609356
10556494,9,6,0.03515918552875519,3.347869371144639
10559926,7,3,0.13639390468597412,1.9922082216242472
10556454,15,3,0.2565377652645111,1.360479392208984
10559800,12,1,0.47703471779823303,0.7401660070983024
10560001,12,1,0.546757161617279,0.6037505209883578
10559934,14,3,0.107222780585289,2.2328465474617367
10559836,9,1,0.4149113595485687,0.879690373014573
10556448,9,2,0.2731950283050537,1.2975693494560157
10559795,7,2,0.2763461470603943,1.2861010430457827
10560004,12,2,0.3178579807281494,1.1461505974419117
10559766,7,1,0.5970150828361511,0.5158129015265114
10559928,14,2,0.21217334270477295,1.5503516841394736
10559838,11,3,0.15113705396652222,1.889568211662888
10559771,12,1,0.3933098018169403,0.933157677869311
10556451,8,2,0.2131207138299942,1.5458965422081967
10559797,10,1,0.5358765721321106,0.6238514203018228
10560002,12,2,0.3400825560092926,1.0785668790539051
10559767,11,4,0.11157111823558807,2.1930930597008436
10559931,6,5,0.05779912322759628,2.8507816724915855
10559839,12,2,0.34546369314193726,1.0628677262689104
10556450,14,5,0.10697954893112183,2.2351175942730235
10559799,10,1,0.507305383682251,0.6786421220426798
10560003,8,2,0.2695585787296295,1.3109695514746704
10559761,10,1,0.42917731404304504,0.8458851259994167
10559929,12,1,0.3601492941379547,1.0212366275599596
10559835,7,1,0.3488917350769043,1.0529936195855942
10559772,8,4,0.09940414875745773,2.308561428188022
10556449,13,8,0.03153333440423012,3.4567100576316285
10559798,10,4,0.12422467023134232,2.085663496105106
10559998,11,6,0.0756005048751831,2.5822923175757864
10559830,6,3,0.12441498786211014,2.0841326247276624
10559762,14,2,0.1850224733352661,1.6872779837936798
10559927,12,1,0.2734812796115875,1.2965221069523627
10559837,8,2,0.24432601034641266,1.4092518375098269
10556452,11,1,0.31919845938682556,1.1419422399005068
10559796,10,4,0.11047586798667908,2.2029581711355597
10559999,12,5,0.05687130242586136,2.8669644161169607
10559831,7,1,0.5190490484237671,0.6557568946481619
10559763,13,4,0.14088976383209229,1.9597775111757754
10559932,14,1,0.37565019726753235,0.979096895030589
10559832,10,2,0.2140813022851944,1.5413994188900246
10559775,12,2,0.22961324453353882,1.4713589309498512
10556749,9,3,0.18424025177955627,1.6915146568859891
10556447,11,3,0.14276668429374695,1.9465435595611709
10559801,7,5,0.035046547651290894,3.351078168176137
10559997,10,6,0.07334171235561371,2.6126257684302603
10559825,10,1,0.5923236012458801,0.5237021697163106
10559764,11,5,0.07346118241548538,2.610998142674888
10559933,14,2,0.13897424936294556,1.973466619395215
10559833,10,2,0.16674774885177612,1.7912730944168054
10556750,8,1,0.32575708627700806,1.1216033094854474
10559802,10,4,0.11796344071626663,2.137380526960398
10560000,10,1,0.3700886368751526,0.9940127429115375
10559826,9,1,0.28895995020866394,1.2414671810657407
10559765,8,2,0.217849999666214,1.5239485279508687
10559930,14,1,0.2974431812763214,1.2125320595433333
10559834,14,1,0.34579169750213623,1.0619187155580914
10559776,11,5,0.06347628682851791,2.757088878599364
10556752,7,2,0.28378403186798096,1.259541781279672
10559828,9,3,0.1309134066104889,2.0332191925904093
10559777,12,1,0.24097533524036407,1.4230606941299042
10556751,8,4,0.12382815033197403,2.088860559022678
10559827,12,3,0.14911465346813202,1.9030397825762218
10556754,9,2,0.26832816004753113,1.3155445697435029
10559829,10,3,0.15071037411689758,1.8923953361908332
10556753,9,2,0.3089752793312073,1.1744940074491133
10559695,7,2,0.27345162630081177,1.2966305418645219
10572816,6,3,0.15301141142845154,1.8772427758713037
10559810,9,1,0.3713574707508087,0.9905901472536308
10559688,9,2,0.3062249422073364,1.1834353418345502
10572815,7,1,0.5703557729721069,0.5614949497533591
10559814,8,1,0.5529493689537048,0.5924888386971461
10559689,10,1,0.4199374318122864,0.8676495506776437
10563667,12,1,0.2903244197368622,1.2367562925197988
10559812,11,1,0.31773433089256287,1.146539682819081
10563674,11,5,0.07774685323238373,2.5542972016372296
10572811,8,2,0.2945916950702667,1.2221649658795937
10559811,10,2,0.25902289152145386,1.3508388369355397
10559691,7,3,0.14817772805690765,1.909342860430592
10563676,9,1,0.3800329864025116,0.9674972237067574
10572812,7,3,0.14733536541461945,1.9150438932607436
10559806,9,1,0.3502519428730011,1.049102546676905
10559694,8,4,0.14008256793022156,1.965523259289204
10563669,11,4,0.13677342236042023,1.9894295736597636
10572813,5,1,0.4764215648174286,0.7414521763260032
10559813,13,7,0.05325346812605858,2.9326923473855513
10559690,14,4,0.11446253955364227,2.167507674988514
10563670,11,5,0.04167642071843147,3.177819760502074
10572814,6,1,0.43051478266716003,0.842773617336513
10559809,13,8,0.03727306053042412,3.289484451061966
10559692,7,4,0.09651848673820496,2.3380207165682174
10563668,11,8,0.031455788761377335,3.4591722504081472
10559807,13,1,0.2526851296424866,1.3756111122138703
10563453,6,1,0.5049422979354858,0.6833111177490108
10563451,7,2,0.3079080879688263,1.1779539562290124
10563660,7,2,0.20954206585884094,1.5628307680869196
10563450,13,3,0.18193665146827698,1.704096721350987
10563661,8,2,0.3914872407913208,0.9378023546537024
10563663,12,1,0.6296624541282654,0.46257139027974703
10563665,10,1,0.6374965310096741,0.4502064435178136
10563446,6,1,0.3368614912033081,1.0880834384470468
10563662,10,2,0.1510763019323349,1.889970258983563
10563448,11,1,0.3097204267978668,1.1720852374525954
10563666,5,1,0.2863592803478241,1.2505080315603134
10563449,9,4,0.0991600826382637,2.31101973843244
10563664,8,3,0.15396817028522491,1.8710093843906763
10563452,13,5,0.11577320098876953,2.15612216559358
10563659,11,1,0.6081479787826538,0.4973370404738949
10566856,11,7,0.05874781683087349,2.834501286973888
10572853,9,3,0.1784149706363678,1.723643146233851
10566866,9,2,0.28019988536834717,1.2722520541858553
10572850,10,2,0.2851994037628174,1.2545666810373883
10566857,8,1,0.40126490592956543,0.9131334564937891
10572846,9,5,0.0377100445330143,3.27782878677875
10566858,8,1,0.4580257534980774,0.7808298661036716
10572847,11,2,0.19266636669635773,1.6467952559184011
10566862,8,2,0.25605952739715576,1.3623453326380883
10572909,8,1,0.4126792550086975,0.8850846100033664
10572852,7,2,0.18726399540901184,1.6752359175406608
10572898,10,1,0.348684698343277,1.053587208272905
10566865,6,1,0.43160679936408997,0.840240291866618
10572907,9,2,0.31231433153152466,1.1637451254753783
10572889,5,3,0.17852485179901123,1.7230274616886818
10572851,7,1,0.273082971572876,1.2979796047977077
10572900,10,1,0.4070180654525757,0.8988977076632443
10566863,10,3,0.132952481508255,2.017763496493585
10572910,7,1,0.20189565420150757,1.6000042784046216
10572890,8,2,0.44277748465538025,0.8146879271021843
10572848,11,1,0.29020917415618896,1.2371533258126157
10566859,12,4,0.09339141100645065,2.370955897221561
10572908,9,2,0.20910745859146118,1.5649070032101964
10572891,9,1,0.5805619955062866,0.5437586868087673
10572849,12,1,0.18688732385635376,1.6772493899541863
10566861,10,2,0.23195737600326538,1.4612016483190275
10572990,12,1,0.5758187174797058,0.5519623944207884
10572913,9,2,0.2433283030986786,1.413343705918694
10572892,9,1,0.21890005469322205,1.519140024598522
10572902,12,9,0.05606076493859291,2.881319088340497
10572991,8,3,0.15988916158676147,1.8332744438863324
10572912,10,6,0.06165829300880432,2.7861475408385057
10572894,8,4,0.14328238368034363,1.942937884849755
10572903,12,1,0.3661160469055176,1.0048049277883595
10572906,10,4,0.1493367999792099,1.9015511213582108
10572893,12,2,0.14116591215133667,1.9578193984271794
10572901,12,1,0.3160131275653839,1.1519715233296783
10572911,10,1,0.2354663461446762,1.4461872795816542
10572888,9,1,0.31182432174682617,1.1653153210811202
10572897,13,6,0.06783904135227203,2.690617418608474
10572992,10,1,0.21406157314777374,1.5414915803555853
10572986,10,6,0.05128799006342888,2.9702986660378627
10572987,11,1,0.5464440584182739,0.6043233399750697
10575739,8,3,0.171243816614151,1.7646669098543109
10575804,9,4,0.06730862706899643,2.6984668623002626
10575794,5,2,0.2700859010219574,1.3090152186501811
10575806,7,1,0.7717804312705994,0.25905518486369783
10575740,11,4,0.11199606955051422,2.189291501601807
10575796,7,1,0.4286733567714691,0.8470600561981
10575807,14,1,0.28986138105392456,1.2383524666440748
10575742,11,7,0.027914725244045258,3.578600942860218
10575808,12,3,0.1467573344707489,1.9189748421651138
10575795,8,1,0.49892690777778625,0.6952956713587063
10575743,9,4,0.10478737205266953,2.255822010036017
10575810,12,2,0.2567787170410156,1.3595405881670046
10575790,7,4,0.1601713001728058,1.8315114103796388
10575745,12,4,0.0891774520277977,2.417127051307837
10575809,13,1,0.2811524569988251,1.268858205179053
10573660,9,1,0.510435938835144,0.6724901363521811
10575791,8,6,0.04140195623040199,3.184427147325129
10575805,11,3,0.16360199451446533,1.8103186634790926
10575744,13,9,0.02818988263607025,3.568792137182617
10575792,10,2,0.20624637603759766,1.5786838246485129
10575803,11,1,0.3060644567012787,1.1839595563972027
10575746,11,3,0.07219501584768295,2.6283842680467835
10573656,14,1,0.6091717481613159,0.4956550343462226
10573655,15,2,0.28231918811798096,1.2647169753702459
10573657,8,2,0.2848527431488037,1.2557829229500792
10573658,15,13,0.00817390438169241,4.8068085917684655
10575702,11,1,0.5005837678909302,0.6919803258179452
10575700,12,2,0.17992687225341797,1.7152047758988043
10580491,10,3,0.10605451464653015,2.243802027953185
10580514,6,2,0.22212260961532593,1.5045257540043893
10580567,10,5,0.030736392363905907,3.482307907423611
10580496,8,2,0.3557109832763672,1.0336367225838132
10580614,7,1,0.3247683346271515,1.124643167358739
10580509,9,2,0.26282447576522827,1.3362688621375527
10580490,9,1,0.2849307656288147,1.255509055843374
10580464,7,3,0.14650826156139374,1.920673459204498
10580613,10,1,0.6492699384689331,0.4319067189086144
10580510,8,3,0.12144237011671066,2.108315448753934
10580569,10,4,0.11176097393035889,2.1913928495907387
10580495,6,5,0.12584549188613892,2.072700379368284
10580465,11,2,0.36093398928642273,1.0190601925315634
10580615,14,2,0.258039265871048,1.3546435123421092
10580511,8,1,0.6513445973396301,0.42871644143098947
10580568,10,1,0.6367695331573486,0.4513474892564507
10580489,9,1,0.30418381094932556,1.190123119017128
10580466,12,4,0.07803939282894135,2.5505415435119607
10580512,7,1,0.31676584482192993,1.1495924379162021
10580570,11,1,0.5580362677574158,0.5833313227319415
10580492,9,3,0.18465885519981384,1.6892451821596675
10580469,10,7,0.06654433161020279,2.7098869126716427
10580617,14,2,0.17939384281635284,1.7181716509255007
10580515,9,1,0.3357531726360321,1.0913789942234886
10580571,10,5,0.08444879204034805,2.4716099396749387
10580493,8,1,0.42722606658935547,0.8504419759004511
10580467,10,1,0.2775416374206543,1.2817843122921222
10580611,11,2,0.21252448856830597,1.5486980569358815
10580513,8,5,0.06932677328586578,2.6689241084945547
10580572,11,4,0.141546368598938,1.9551279222998468
10580494,9,1,0.5095581412315369,0.6742113185383635
10580468,12,1,0.5460538864135742,0.6050376150419179
10580612,14,10,0.018609659746289253,3.9840744918756013
10580516,8,1,0.4416584372520447,0.8172184620403938
10580565,11,5,0.05065006762742996,2.982814713097221
10580504,6,2,0.27636095881462097,1.2860474459269007
10580441,8,2,0.21855205297470093,1.5207310641012803
10580443,13,1,0.3052665591239929,1.1865699197182302
10580439,14,3,0.12354040145874023,2.0911870390941156
10580556,6,4,0.0511859655380249,2.9722898950972994
10580499,13,1,0.25464025139808655,1.3679035087401468
10580438,7,6,0.03437776491045952,3.3703452924712005
10580554,8,1,0.3860587179660797,0.9517658020031327
10580595,11,1,0.2673327624797821,1.3192610951484232
10583474,12,1,0.44054973125457764,0.819731942692107
10580503,13,8,0.02503553032875061,3.687459249931462
10580663,7,3,0.14689069986343384,1.9180665071091207
10580437,11,3,0.13381044566631317,2.0113310650802982
10580524,7,1,0.4045732319355011,0.9049225157660811
10583504,10,3,0.17180202901363373,1.761412459177895
10580559,14,4,0.110789455473423,2.2001236764050134
10583470,11,1,0.38484126329421997,0.9549243328465555
10580659,12,4,0.052920036017894745,2.938973259125358
10583387,12,2,0.3085739016532898,1.1757939127742136
10580500,7,1,0.35205167531967163,1.043977309273392
10580440,14,8,0.04566842317581177,3.0863481788579237
10583505,12,2,0.24993544816970825,1.3865526017823073
10580558,9,1,0.37320202589035034,0.9856353815929471
10580598,10,2,0.21352115273475647,1.5440193751801508
10583475,11,1,0.3379695415496826,1.0847995013179423
10580662,9,2,0.16427098214626312,1.80623788459341
10583383,4,1,0.6371589303016663,0.45073615641066794
10580501,14,4,0.08978878706693649,2.4102951770946595
10583376,10,1,0.551457941532135,0.5951897051510948
10580526,11,1,0.38500651717185974,0.9544950171185088
10580434,13,1,0.30980783700942993,1.1718030543231093
10583500,11,3,0.14795416593551636,1.9108527428066462
10580555,8,2,0.26608309149742126,1.323946644928598
10580596,13,1,0.26856258511543274,1.3146713005172728
10583476,9,4,0.07902426272630692,2.538000350549957
10580664,10,1,0.6200534105300903,0.47794965863708005
10583555,8,1,0.4871644973754883,0.7191534359816177
10583384,8,2,0.16802670061588287,1.7836323799698701
10580505,10,3,0.1316910684108734,2.027296490217717
10583374,11,1,0.42350998520851135,0.8591781873438686
10580436,7,6,0.030108047649264336,3.502962779199694
10580561,13,9,0.03224900737404823,3.434268015313321
10580939,8,2,0.335784912109375,1.091284466529267
10580594,11,8,0.043589696288108826,3.132934480223215
10583471,11,6,0.07443647086620331,2.5978092574372096
10580657,7,3,0.16468830406665802,1.8037006578801853
10583389,11,1,0.3125291168689728,1.1630576401653938
10580506,14,1,0.4798907935619354,0.7341967143779377
10583378,6,1,0.4132589101791382,0.8836809812814092
10580522,11,2,0.24352195858955383,1.412548161512834
10580435,14,1,0.2387978732585907,1.4321378034556485
10583498,14,10,0.018618471920490265,3.98360107706959
10580560,13,2,0.21936029195785522,1.517039732215995
10580942,10,1,0.5698659420013428,0.5623541352862506
10580602,15,3,0.13228948414325714,2.02276269595413
10583477,10,1,0.3295935094356537,1.1098951733869116
10580549,9,1,0.2515566349029541,1.3800871263125325
10580656,12,4,0.13194482028484344,2.025371471939014
10583552,8,3,0.12119541317224503,2.1103510511765573
10583385,10,9,0.01399930752813816,4.2687474128660226
10583377,10,8,0.009645393118262291,4.64127487469277
10580529,13,2,0.18853406608104706,1.6684765665069408
10583503,10,3,0.1815701127052307,1.706113403973694
10580557,9,1,0.29678502678871155,1.2147472177865923
10580601,12,1,0.39773309230804443,0.9219741210070433
10583472,12,1,0.477431982755661,0.7393335736982944
10580550,6,5,0.12483946979045868,2.080726608701212
10580658,9,3,0.1466715782880783,1.9195593529708548
10583553,10,2,0.1877620667219162,1.6725797202464534
10583388,8,1,0.2983413338661194,1.209517032306639
10583379,6,6,0.059428345412015915,2.8229839709466127
10580523,14,10,0.024545148015022278,3.7072410811369823
10580762,12,1,0.3978639543056488,0.9216451554852594
10583499,13,1,0.3347257077693939,1.0944438653207025
10580553,13,2,0.17700164020061493,1.7315962797811024
10580943,10,1,0.3762373924255371,0.9775349719840298
10580599,18,2,0.10722454637289047,2.2328300791976967
10583473,11,2,0.18251091241836548,1.7009453136739496
10580551,7,5,0.06201476603746414,2.7803827603985045
10580661,8,2,0.1930525153875351,1.6447930266363162
10583554,9,5,0.09099370241165161,2.3969649791275773
10583390,9,2,0.23056448996067047,1.46722467276774
10583380,8,2,0.20960283279418945,1.5625408113871264
10580527,12,4,0.08719083666801453,2.4396560376713246
10580763,10,3,0.169087216258049,1.7773406246458612
10583502,14,1,0.25108277797698975,1.3819726014830134
10580562,11,6,0.042189113795757294,3.165593058144544
10580597,9,4,0.11081045866012573,2.199934116884219
10580552,6,2,0.2873799204826355,1.2469501738787434
10580660,12,2,0.2066892683506012,1.576538732604025
10580941,9,1,0.4870144724845886,0.7194614387136151
10583381,10,2,0.18017558753490448,1.713823417264478
10580528,14,1,0.2038377821445465,1.5904307870316152
10580765,10,1,0.515949547290802,0.6617462948492278
10583433,10,2,0.2605716288089752,1.344877488947972
10580547,7,1,0.32699835300445557,1.1178001447811898
10580940,12,1,0.2836838662624359,1.2598948077924152
10580548,8,4,0.12509702146053314,2.078665671061037
10580937,14,6,0.06428102403879166,2.744490807331325
10580760,11,1,0.5219572186470032,0.6501696510730617
10580938,11,1,0.2703425884246826,1.3080652782712396
10580761,12,5,0.05950193852186203,2.821746386761914
10583435,7,1,0.48448652029037476,0.7246656699364437
10583432,9,3,0.17681382596492767,1.732657930677052
10583436,9,3,0.17836236953735352,1.7239380141723237
10583437,11,7,0.0022211780305951834,6.109717579427663
10583438,9,1,0.4601091146469116,0.7762916118736775
10580453,12,1,0.38786643743515015,0.9470942320353473
10580461,10,1,0.5588096380233765,0.5819464040326509
10580421,10,2,0.3781672418117523,0.972418742554242
10580452,12,3,0.1673017144203186,1.7879564234607614
10580457,8,1,0.22312727570533752,1.5000129272606375
10580418,14,1,0.588895320892334,0.5295068345677897
10580459,12,5,0.09462366998195648,2.357847622996157
10580544,10,6,0.05135638639330864,2.9689659804614337
10580422,12,1,0.5248223543167114,0.6446954463815564
10580539,9,3,0.22964945435523987,1.4712012441973077
10580458,14,5,0.0625397190451622,2.7719534193648
10583446,10,2,0.2938202917575836,1.2247869510596683
10586652,12,2,0.21110928058624268,1.5553793621086887
10583448,6,5,0.06957344710826874,2.665372291499202
10580423,12,7,0.011382801458239555,4.475651706745
10583517,6,1,0.5607371926307678,0.5785029455559482
10586644,8,4,0.07329932600259781,2.6132038651850418
10583412,6,4,0.09798871725797653,2.3229029369601824
10583403,6,4,0.15813776850700378,1.8442886733090065
10586641,10,2,0.17726434767246246,1.7301131708799105
10583411,7,4,0.07859321683645248,2.5434698830616984
10583404,10,1,0.6293407678604126,0.46308240767705766
10586637,12,1,0.6280020475387573,0.46521185210721955
10583631,10,1,0.2953629493713379,1.2195503420344826
10583406,6,1,0.3322919011116028,1.1017414761376665
10586640,12,1,0.4240676164627075,0.8578623636752083
10583405,12,5,0.029920801520347595,3.5092013374530024
10583632,12,2,0.23926757276058197,1.430172801981322
10583407,9,2,0.1938847005367279,1.6404916237314546
10586643,11,5,0.040485166013240814,3.206819643241356
10583399,10,2,0.19380730390548706,1.64089089238483
10583626,10,2,0.2567792534828186,1.3595384990482147
10586642,11,3,0.119048111140728,2.128227572275696
10583408,8,1,0.2551787197589874,1.3657911175126958
10583400,11,1,0.2690802812576294,1.3127455005687396
10583627,12,2,0.2383376508951187,1.4340669094764706
10586636,10,8,0.03586626797914505,3.327958035807437
10583409,7,1,0.5262554883956909,0.6419684647844605
10583401,14,9,0.021267686039209366,3.850566445570063
10586638,12,1,0.2762235403060913,1.2865448124349412
10583630,11,3,0.18659232556819916,1.6788291191306357
10583410,7,7,0.042928099632263184,3.1482286643860014
10586639,12,4,0.09775544703006744,2.32528635757643
10583402,12,2,0.21288670599460602,1.5469951515189018
10583628,12,5,0.09717561304569244,2.3312354935866986
10586635,12,2,0.20843234658241272,1.568140767220236
10586489,12,4,0.15019582211971283,1.8958153554869432
10586490,10,1,0.28059306740760803,1.2708498179354186
10586492,12,3,0.14118976891040802,1.9576504146897995
10586550,9,1,0.4136867821216583,0.8826461564200272
10586563,10,1,0.6300170421600342,0.46200840891475836
10586493,11,3,0.161952406167984,1.8204527760007394
10586551,9,1,0.3324754238128662,1.1011893349627173
10586557,9,1,0.5854310989379883,0.5354067818819129
10586594,6,4,0.08781465142965317,2.4325269194876857
10586488,13,2,0.20660361647605896,1.5769532177254149
10586672,10,3,0.20266331732273102,1.5962092121887452
10586552,8,1,0.2944179177284241,1.2227550321301566
10586558,8,2,0.2434331327676773,1.4129129829283535
10586589,7,5,0.051111724227666855,2.973741371148465
10586546,9,5,0.0833268016576767,2.484985032967761
10586562,10,5,0.0804055705666542,2.5206718195424536
10586678,10,1,0.3659968078136444,1.0051306674394498
10586590,6,2,0.2803550362586975,1.2716984923908328
10586547,10,1,0.4374673664569855,0.8267531669219733
10586561,13,5,0.09185308963060379,2.3875648301011787
10586677,8,5,0.053581032902002335,2.9265601372985515
10586591,7,1,0.46947166323661804,0.7561473373488392
10586548,10,1,0.43061286211013794,0.8425458242932937
10586671,12,5,0.07434508204460144,2.599037754267732
10586564,11,5,0.08344375342130661,2.4835824858245172
10586592,9,3,0.09704682976007462,2.3325616359483248
10586674,12,1,0.2912256419658661,1.2336569103348627
10586549,10,4,0.13569599390029907,1.9973382343140151
10586559,14,3,0.16144628822803497,1.8235827722679916
10586593,7,1,0.6357656121253967,0.4529253179615341
10586675,9,2,0.2306780219078064,1.4667323853202154
10586560,11,1,0.23655597865581512,1.4415704028391885
10597004,11,1,0.3238767087459564,1.1273923641710362
10597006,12,1,0.4121086001396179,0.8864683717951408
10597002,10,5,0.0940103828907013,2.364350046527923
10597009,10,2,0.1473747044801712,1.9147769253502176
10597003,10,3,0.19254501163959503,1.6474253258883051
10597008,9,6,0.0697239562869072,2.6632113145744225
10597093,7,2,0.33342406153678894,1.0983401410932538
10597030,9,2,0.2868672013282776,1.248735883449166
10597042,7,4,0.12843018770217896,2.0523698086447393
10597007,6,3,0.18033131957054138,1.7129594557577528
10597095,6,1,0.29515835642814636,1.2202432652173327
10597033,10,7,0.0380021333694458,3.27011297953041
10597043,8,1,0.3867931067943573,0.9498653366725576
10597005,12,3,0.14806076884269714,1.9101324892027587
10597031,11,2,0.32619407773017883,1.1202627442936361
10597044,10,1,0.4484458267688751,0.801967392362027
10597001,11,2,0.20034824311733246,1.6076982110059017
10597099,8,1,0.4407934546470642,0.8191788700579777
10597035,7,1,0.277737557888031,1.2810786475484688
10597188,9,2,0.3043425977230072,1.1896012459315148
10597100,12,7,0.06494206190109253,2.734259761947726
10597034,10,1,0.3318484425544739,1.1030769126226299
10597183,7,4,0.09591269493103027,2.34431692909642
10597045,9,1,0.2708325684070587,1.3062544777935106
10597104,11,1,0.3924494981765747,0.9353474171040427
10597032,11,6,0.07348433881998062,2.61068297274671
10597184,14,3,0.15854227542877197,1.8417339992806887
10597040,9,1,0.229604110121727,1.471398713469917
10597103,11,2,0.17126919329166412,1.764518730504472
10597036,11,10,0.01974543370306492,3.924833019275087
10597185,10,3,0.07367156445980072,2.608138382462934
10597041,11,5,0.08099839091300964,2.5133259897785014
10597088,12,5,0.08273930102586746,2.492060565822753
10597029,14,1,0.3221031725406647,1.1328833731415977
10597190,10,3,0.13581568002700806,1.9964566064066025
10597186,14,2,0.17850442230701447,1.7231419032401216
10597189,11,1,0.37439244985580444,0.9824507005654646
10597187,15,2,0.18468722701072693,1.6890915494973195
10599869,10,2,0.2897830307483673,1.2386228058535595
10599843,9,2,0.25284674763679504,1.374971714355581
10599868,10,1,0.557354211807251,0.5845543133306131
10599844,8,1,0.4432259500026703,0.8136755938130639
10599854,10,1,0.27675074338912964,1.2846380212574153
10599875,10,1,0.2299804389476776,1.469761021729308
10599846,5,1,0.4684296250343323,0.7583694019607096
10599857,10,1,0.5560336112976074,0.5869265345845875
10599873,10,1,0.3631806969642639,1.0128547807921813
10599847,9,3,0.18112048506736755,1.7085928058162698
10599856,12,1,0.5068849921226501,0.6794711411178098
10599874,9,4,0.06809855252504349,2.686799321191426
10599855,11,3,0.1930643767118454,1.6447315876029212
10599841,8,1,0.40195637941360474,0.9114117051720162
10597927,7,2,0.33857500553131104,1.0830096291036688
10599872,10,8,0.01920870505273342,3.9523917145345595
10599851,11,2,0.21229535341262817,1.5497767974053913
10600815,7,2,0.2370600551366806,1.4394417727454702
10597923,11,1,0.43319517374038696,0.8365669048675309
10599876,10,6,0.05671428143978119,2.8697292227193603
10599852,9,4,0.13862267136573792,1.9759996315357402
10599845,8,1,0.25141438841819763,1.3806527512966902
10597925,11,1,0.2747423052787781,1.291921692355273
10599853,10,5,0.08025754988193512,2.5225144418715417
10599871,10,1,0.24140538275241852,1.4212776725042613
10599842,10,2,0.22808997333049774,1.4780151079990353
10597924,14,1,0.4217095673084259,0.8634384310114619
10599858,13,1,0.2513764798641205,1.3808035438290944
10599870,10,1,0.4302672743797302,0.8433486950631565
10597928,13,5,0.044382598251104355,3.11490781765053
10597930,9,5,0.07039689272642136,2.653606154201012
10597926,12,3,0.13497942686080933,2.0026329057804304
10597929,14,11,0.009010658599436283,4.709347113536497
10599828,11,4,0.12483952194452286,2.0807261909322694
10599831,10,3,0.1379472017288208,1.980884263201485
10599829,13,1,0.34374716877937317,1.0678488663134615
10605190,7,1,0.36635950207710266,1.0041401815565207
10599830,14,1,0.4543989300727844,0.7887797661713116
10605191,9,2,0.3841128349304199,0.9568189285925761
10606068,5,1,0.4680725932121277,0.7591318813922491
10599832,13,7,0.06118293106555939,2.793887032522381
10605150,9,1,0.4194495379924774,0.8688120511507395
10605192,8,3,0.2040623426437378,1.5893297306296612
10606064,5,4,0.11648949980735779,2.149954140447317
10599833,13,3,0.15234589576721191,1.8816017134130516
10605152,8,1,0.29246968030929565,1.2293942747452276
10605186,8,2,0.2409752458333969,1.4230610651512108
10605227,7,1,0.32117971777915955,1.1357544440490988
10606066,6,1,0.5364965796470642,0.6226950922400675
10605187,10,1,0.33223724365234375,1.101905975948737
10605228,11,3,0.06769204139709473,2.6927866628857147
10606069,4,2,0.3133680522441864,1.160376893489984
10605230,7,3,0.18122228980064392,1.7080308807937976
10605189,10,8,0.03481196239590645,3.3577942042603697
10606062,4,3,0.27432096004486084,1.2934564711075067
10599837,12,10,0.03505320847034454,3.350888129880935
10605231,9,3,0.13757553696632385,1.9835821529632567
10605147,14,7,0.06465800851583481,2.738643306481231
10605185,8,1,0.40862125158309937,0.8949665872240109
10606065,7,2,0.3089277744293213,1.1746477691167097
10605233,12,2,0.24512824416160583,1.4059737598296727
10605148,12,10,0.017528165131807327,4.0439462557037205
10605193,9,3,0.08347086608409882,2.483257617180764
10605229,14,1,0.20457865297794342,1.586802766304098
10606067,7,3,0.1549210548400879,1.864839615424556
10600039,9,4,0.13005571067333221,2.0397923766841384
10605149,14,13,0.012970268726348877,4.345095561797575
10605194,10,3,0.1259250044822693,2.0720687517556704
10605232,13,6,0.048590078949928284,3.0243359057471997
10606063,7,2,0.23157402873039246,1.4628556780410933
10600040,7,1,0.3426285982131958,1.0711082225151831
10605154,10,1,0.45733943581581116,0.7823294158328632
10605226,12,8,0.041984885931015015,3.170445584248836
10605188,12,1,0.20276181399822235,1.595723318888997
10600041,13,1,0.21681444346904755,1.528713390468544
10600034,10,1,0.4283694922924042,0.8477691560806305
10600035,11,1,0.509340763092041,0.6746380108075798
10600037,12,1,0.2798110246658325,1.2736408155761973
10605129,7,1,0.23453275859355927,1.4501600053573878
10605125,9,5,0.07118888944387436,2.6424185198774244
10605093,9,2,0.3614872992038727,1.0175283715997627
10605270,15,2,0.19065086543560028,1.6573114532941635
10605126,14,3,0.19450189173221588,1.63731338984129
10605091,12,1,0.40712109208106995,0.8986446142501813
10605276,14,3,0.13455522060394287,2.0057806020867064
10605346,10,1,0.23530885577201843,1.4468563478668641
10605128,11,4,0.11778738349676132,2.138874114546546
10608784,7,1,0.45162397623062134,0.7949053563740925
10605284,14,4,0.14126397669315338,1.957124963810795
10608730,10,2,0.3245272636413574,1.1253857289824865
10605175,10,3,0.1395597904920578,1.9692621638680596
10605087,9,1,0.20994891226291656,1.560891052799309
10605275,10,2,0.20662672817707062,1.5768413590425527
10608643,10,1,0.3854963779449463,0.9532234817558469
10605343,10,1,0.27123045921325684,1.3047864164892515
10608677,6,2,0.3794262707233429,0.9690949810651571
10605286,15,2,0.24015086889266968,1.4264879327530533
10608691,11,4,0.03703169897198677,3.2959810041480893
10605127,14,10,0.0025436105206608772,5.974170742449336
10605094,8,3,0.17972449958324432,1.7163301584630286
10608617,12,3,0.09354638308286667,2.369297889939809
10608644,10,2,0.20197032392024994,1.5996345036593438
10608671,10,2,0.28682664036750793,1.2488772862598265
10605285,13,3,0.15066251158714294,1.892712966159735
10608794,8,2,0.28724783658981323,1.2474098937357214
10608692,11,2,0.1893237680196762,1.6642966712281622
10605130,13,1,0.2774988114833832,1.281938628747583
10608726,8,1,0.45183444023132324,0.7944394489218531
10605088,11,8,0.03712841123342514,3.293372801005024
10608611,14,2,0.24123549461364746,1.4219816665244722
10605273,11,11,0.007778865285217762,4.8563448016580955
10608649,8,1,0.4021355211734772,0.910966129827443
10605347,15,2,0.13661321997642517,1.9906015577842462
10608672,5,2,0.3090953230857849,1.1741055607065642
10605280,11,3,0.1292576640844345,2.0459474707602023
10608787,8,2,0.3057880103588104,1.1848631937155512
10608693,10,1,0.2815767824649811,1.2673501067302049
10605131,15,2,0.2421814203262329,1.4180681629186636
10608729,14,2,0.28206443786621094,1.265619731075204
10605168,10,2,0.19866080582141876,1.6161564019189558
10605090,14,1,0.2539874017238617,1.3704706127060524
10608612,12,1,0.4240381121635437,0.8579319406116205
10605272,13,1,0.21913956105709076,1.5180464870319448
10608650,9,4,0.12612035870552063,2.0705186001488345
10605340,11,2,0.19337856769561768,1.6431055206372882
10608673,13,1,0.36423173546791077,1.009964978011208
10605287,14,1,0.18377991020679474,1.6940163775002524
10608792,10,1,0.42499279975891113,0.8556830519449717
10608694,9,5,0.0210899468511343,3.858958804592576
10605132,14,6,0.031007926911115646,3.473512400374223
10608728,9,4,0.085490383207798,2.459351386467224
10605169,13,11,0.011397682130336761,4.474345266154671
10605437,9,1,0.4135274887084961,0.8830312885937537
10608613,11,3,0.10769233852624893,2.228476834525196
10605278,13,1,0.5531432032585144,0.5921383539155585
10608645,8,4,0.11688751727342606,2.146543197442368
10605675,13,3,0.16698682308197021,1.7898403733792199
10605341,14,2,0.1946447342634201,1.6365792576243952
10608674,9,2,0.19119706749916077,1.65445061582994
10605281,13,2,0.1886327564716339,1.667953241617592
10608783,8,4,0.1747548133134842,1.744371354250498
10608695,9,1,0.2533933222293854,1.3728123641282663
10608724,13,6,0.050236307084560394,2.9910172650063305
10605171,14,3,0.12760716676712036,2.0587987437621686
10605438,7,1,0.4107622504234314,0.8897406979850189
10608614,13,4,0.11884795129299164,2.129910323078047
10605274,13,1,0.2415575087070465,1.4206477029461473
10608646,9,2,0.2587827444076538,1.351766393973759
10605672,9,6,0.044170282781124115,3.119703051285884
10605344,12,1,0.3183915913105011,1.1444732345613258
10605279,12,3,0.11928892135620117,2.1262068179271587
10608696,10,4,0.09381790459156036,2.366399560678284
10605576,10,1,0.47328364849090576,0.7480603905414236
10608725,10,8,0.005802661646157503,5.14943856218432
10605173,14,3,0.14916367828845978,1.9027110639563978
10605439,11,2,0.20587772130966187,1.580472872309826
10608615,13,7,0.049256108701229095,3.0107218845129644
10605277,15,1,0.2861517667770386,1.251232955842265
10608647,12,9,0.031552061438560486,3.456116353347768
10605668,10,5,0.07640105485916138,2.5717587758478926
10605345,16,4,0.08288371562957764,2.4903166700379087
10605282,11,4,0.13369180262088776,2.0122181084899484
10608698,8,1,0.4178978502750397,0.8725182536548277
10605571,8,1,0.3127361536026001,1.162395403668434
10608731,11,1,0.3321292996406555,1.102230929135281
10605170,13,3,0.10399535298347473,2.2634090636902773
10605441,5,1,0.3392755687236786,1.0809426147249614
10608616,14,2,0.11142122000455856,2.194437484848278
10608648,12,2,0.15404684841632843,1.8704985123354994
10605269,14,1,0.3086315393447876,1.1756071428987824
10605348,13,2,0.1847032904624939,1.6890045767624102
10605283,10,8,0.034718044102191925,3.360495724238991
10605669,16,11,0.017983758822083473,4.018286216054538
10608727,16,11,0.02623259648680687,3.6407525007989983
10605572,10,2,0.21267583966255188,1.5479861520261753
10605174,13,7,0.058481842279434204,2.8390389613105116
10608623,10,1,0.28086695075035095,1.269874206651946
10605440,6,2,0.2631679177284241,1.334962980089634
10605670,10,1,0.26040270924568176,1.345525964532561
10605573,8,3,0.17134377360343933,1.7640833686229351
10608624,8,1,0.2737860679626465,1.2954082514156788
10605435,9,2,0.23990266025066376,1.4275220201997891
10605671,14,10,0.021538063883781433,3.8379334959835782
10608618,6,1,0.2839071452617645,1.2591080475854615
10605575,10,4,0.16600090265274048,1.7957620529732665
10605673,16,1,0.3035133183002472,1.1923297870722498
10605574,10,5,0.057953014969825745,2.8481226834604243
10608619,10,2,0.2064644694328308,1.5776269422431795
10605674,13,1,0.4509788453578949,0.7963348466596389
10608620,9,1,0.4216312766075134,0.8636240990049006
10608622,11,2,0.2711052894592285,1.305248011567788
10608625,7,2,0.2316884696483612,1.4623616129238124
10605104,7,1,0.38243308663368225,0.9612015779241976
10605116,7,4,0.10153689980506897,2.2873330016891957
10605107,7,1,0.2702215611934662,1.3085130594765755
10605117,5,1,0.5238044261932373,0.6466368967853174
10605100,10,1,0.34295278787612915,1.0701624859661032
10605203,9,4,0.09039720147848129,2.4035419691596327
10605118,6,4,0.10436390340328217,2.2598714161620186
10612812,5,5,0.08856623619794846,2.4240045752882917
10608679,6,5,0.02451879344880581,3.708315375943508
10605101,14,1,0.3219417631626129,1.1333846095382625
10612808,7,2,0.24017325043678284,1.4263947392479652
10605122,7,1,0.3488706648349762,1.0530540133297603
10608859,6,2,0.35324180126190186,1.04060246713652
10605102,12,1,0.30730149149894714,1.1799259562976094
10605119,10,3,0.11974585801362991,2.122383631902006
10612809,6,1,0.33266064524650574,1.1006323919640038
10608686,9,1,0.4614183008670807,0.7734502702512625
10608860,4,1,0.5333212614059448,0.6286312945424
10608657,10,1,0.5634899139404297,0.5736058446147042
10605196,12,3,0.11855762451887131,2.132356153744471
10605105,10,2,0.25975149869918823,1.3480298792439374
10608599,12,1,0.6214694976806641,0.47566844778658485
10608702,11,1,0.4505995810031891,0.7971761808486306
10605515,7,1,0.3401302695274353,1.0784265890845612
10605120,8,4,0.13802097737789154,1.980349595392558
10608863,7,1,0.563678503036499,0.5732712200901191
10608658,12,1,0.42932790517807007,0.8455343042846549
10605197,6,2,0.294493705034256,1.2224976512148513
10605106,9,5,0.008657403290271759,4.749340452379975
10608703,12,1,0.5169543027877808,0.6598007975721761
10605121,12,6,0.04681434854865074,3.0615655301286533
10605516,5,1,0.3906077742576599,0.9400513573642028
10612811,8,1,0.6329423189163208,0.45737598434488946
10608683,11,1,0.36836177110671997,0.9986897500540924
10608862,10,1,0.2970183789730072,1.213961260030056
10605103,9,1,0.3106410801410675,1.169117116417373
10605204,12,8,0.025456782430410385,3.6707730712778903
10608601,7,2,0.25861701369285583,1.3524070232661827
10605517,6,1,0.32750651240348816,1.1162473389030478
10608705,12,1,0.6018425822257996,0.5077593591874021
10605115,11,2,0.25348275899887085,1.372459470102583
10612813,7,1,0.5858431458473206,0.5347031944374439
10608678,9,4,0.10496192425489426,2.254157620733237
10608864,7,4,0.14324702322483063,1.9431847038836156
10605200,13,4,0.09028805792331696,2.4047500762160743
10608602,11,1,0.35544338822364807,1.0343892879228525
10605518,6,2,0.25208887457847595,1.377973576747879
10608704,11,1,0.3101988732814789,1.170541660478794
10608740,8,1,0.42799270153045654,0.8486491360446691
10612810,7,2,0.2739756107330322,1.2947161884791032
10608682,10,3,0.19132259488105774,1.6537942972207378
10608865,10,1,0.3992759585380554,0.9181024757462448
10608661,10,7,0.04438230022788048,3.1149145325396135
10605198,13,6,0.04687545448541641,3.0602610990496815
10608604,9,5,0.05823035538196564,2.8433484900783053
10605519,6,2,0.20652256906032562,1.577345579282782
10608699,12,9,0.019292114302515984,3.948058851926906
10608741,9,1,0.3836958110332489,0.9579051990855435
10612816,5,2,0.2880372107028961,1.2446656033627865
10608681,10,3,0.15694639086723328,1.8518509913887533
10608866,9,2,0.23829098045825958,1.4342627451184704
10608655,9,4,0.08260559290647507,2.4936778900153294
10605201,12,3,0.13358911871910095,2.0129864679098715
10605520,6,2,0.18096086382865906,1.7094744930367556
10608605,14,1,0.25263744592666626,1.375799838062535
10608700,12,4,0.11162896454334259,2.192574723790485
10608742,9,1,0.4996999502182007,0.6937474602553554
10612815,9,6,0.03613002970814705,3.320630911565881
10608685,9,3,0.16902628540992737,1.7777010411833885
10608858,10,1,0.44579312205314636,0.8079002864734188
10608662,11,1,0.3574243485927582,1.0288315515690716
10608603,9,4,0.14121592044830322,1.9574652092286111
10608701,12,6,0.041503310203552246,3.1819820909854406
10608736,9,2,0.2684074938297272,1.3152489538953636
10608656,12,3,0.135319784283638,2.0001145291912223
10608737,10,3,0.18252629041671753,1.7008610592569111
10608738,10,5,0.10453860461711884,2.2581988536234556
10608739,14,3,0.1534954309463501,1.8740844782197195
10608849,9,4,0.0813109427690506,2.5094746740804936
10608636,6,3,0.16858884692192078,1.7802923867179987
10609019,9,2,0.19839785993099213,1.6174808708276853
10608637,6,1,0.503502368927002,0.6861668619150212
10609020,9,1,0.42566806077957153,0.8540954364948682
10608638,8,2,0.2794758677482605,1.2748393309079076
10612454,10,1,0.48733577132225037,0.7188019246398004
10609021,10,2,0.18788248300552368,1.6719386019987938
10612456,10,3,0.2209126055240631,1.509988105792763
10608639,10,1,0.7911483645439148,0.23426976300765942
10609022,7,4,0.15965226292610168,1.8347571856273959
10608852,4,1,0.353716105222702,1.0392606502401704
10612455,11,5,0.07359416782855988,2.6091894978468613
10608641,11,8,0.042962148785591125,3.147435811745829
10609024,9,7,0.06552642583847046,2.7253017697885786
10608854,9,2,0.2251671403646469,1.4909123064861947
10612457,12,2,0.20838868618011475,1.5683502595396053
10608640,12,1,0.45026451349258423,0.7979200611477859
10609023,8,2,0.2932453155517578,1.2267457658241971
10612458,11,1,0.36836159229278564,0.9986902354844269
10608847,12,2,0.19477052986621857,1.6359331832726085
10608635,9,1,0.33198148012161255,1.1026760943877922
10609018,9,2,0.20263364911079407,1.596355614528003
10612459,11,1,0.29347851872444153,1.2259508324284816
10608848,12,9,0.03823693096637726,3.2639534511751207
10612447,8,1,0.45902127027511597,0.778658729526616
10612529,10,1,0.3993970453739166,0.9177992556894861
10612613,10,5,0.062025286257267,2.7802131342231933
10612442,8,4,0.14052391052246094,1.9623776230330654
10612431,6,1,0.5255188941955566,0.6433691346101413
10612526,14,6,0.03331807628273964,3.4016551979618574
10612607,12,1,0.4328056573867798,0.8374664799392263
10612445,6,4,0.07009752839803696,2.6578677437937497
10612432,9,1,0.36099740862846375,1.0188844989895252
10612531,9,2,0.3258354365825653,1.1213628208267041
10612608,7,1,0.5524078607559204,0.5934686273601228
10612444,7,1,0.6399238109588623,0.44640615509166043
10612530,14,4,0.07466486096382141,2.594745699607882
10612434,5,1,0.4236915409564972,0.8587495862491871
10612609,10,1,0.5710737705230713,0.5602368823592637
10612533,10,1,0.2840680778026581,1.25854135897418
10612446,10,9,0.014749889262020588,4.216519703884112
10612433,9,1,0.3426133394241333,1.0711527579944844
10612611,14,6,0.06950552761554718,2.6663489955374042
10612527,12,3,0.15697205066680908,1.8516875107120045
10612440,12,1,0.29438841342926025,1.2228552494601248
10612435,6,1,0.3058394491672516,1.1846949906443474
10612528,11,3,0.2017933577299118,1.600511086718754
10612610,14,2,0.25139498710632324,1.380729922935997
10612443,12,3,0.11656801402568817,2.1492803649486487
10612429,5,1,0.5210785865783691,0.651854410641351
10612532,11,1,0.27357110381126404,1.2961937135362815
10612612,14,5,0.0816609263420105,2.505179649265623
10612441,10,3,0.10451798141002655,2.258396151470427
10612534,12,1,0.2801947295665741,1.2722704547972665
10612430,7,6,0.0621848925948143,2.777643193065923
10621792,11,3,0.15018340945243835,1.8958980021281013
10621793,14,2,0.33902791142463684,1.0816728404050433
10622299,8,2,0.27568289637565613,1.2885039999617995
10621817,6,1,0.351571261882782,1.0453428517710603
10621806,7,1,0.57936692237854,0.5458192847164199
10622300,6,3,0.17893913388252258,1.7207095651419626
10621818,10,1,0.46703603863716125,0.7613488537614786
10621800,7,1,0.41500791907310486,0.8794576768296326
10622293,7,4,0.0618768148124218,2.782609728221641
10621819,7,1,0.310707151889801,1.168904444213361
10621801,12,1,0.5650436878204346,0.5708522272490193
10622294,6,3,0.19860970973968506,1.6164136376312175
10621967,11,1,0.3481137454509735,1.055225997868861
10621802,9,4,0.17174240946769714,1.7617595440953435
10622297,11,7,0.02208244986832142,3.812972109546979
10621823,9,1,0.5122148990631104,0.6690110172697777
10621963,12,1,0.6485987901687622,0.43294095040704794
10621803,12,1,0.2579311430454254,1.355062617102137
10622295,5,3,0.17449863255023956,1.7458383737586718
10621821,8,1,0.32143881916999817,1.1349480514849837
10621964,9,4,0.10766520351171494,2.228728834194405
10621805,12,6,0.06410981714725494,2.7471577731590093
10622298,9,3,0.17755408585071564,1.7284800074629147
10621816,9,1,0.27331969141960144,1.2971131380779481
10621804,13,2,0.19142386317253113,1.653265130762339
10622296,8,3,0.11623790860176086,2.152116251952161
10621822,10,3,0.16386288404464722,1.8087252737603092
10621965,12,5,0.03681500256061554,3.301849838607866
10621962,12,1,0.19880425930023193,1.615434559937708
10621966,11,3,0.1634902060031891,1.8110021925602005
10621968,12,4,0.09104437381029129,2.3964082670264606
10625621,7,1,0.4068172872066498,0.8993911201190764
10625622,6,1,0.346466988325119,1.0599677366798026
10625620,5,3,0.1708005964756012,1.767258505387857
10625616,13,1,0.46844199299812317,0.7583429992742505
10625617,10,8,0.02201136387884617,3.8161964190371047
10625619,9,7,0.03748461976647377,3.2838245696967054
10625623,11,10,0.011713795363903046,4.446988040828326
10625657,4,4,0.02349466271698475,3.7509820020535
10625650,8,1,0.4776644706726074,0.7388467371684262
10625687,11,1,0.6208446621894836,0.47667436974103455
10625618,9,1,0.3009093999862671,1.2009460562652323
10625659,6,3,0.10955070704221725,2.2113677589019978
10625688,14,1,0.40975186228752136,0.8922035164325375
10625652,11,2,0.2834056317806244,1.2608760797260257
10625660,8,2,0.18333281576633453,1.6964521125204357
10622411,7,1,0.371553897857666,0.9900613436311946
10625685,14,1,0.29748448729515076,1.2123931989016863
10625658,8,1,0.3255247175693512,1.122316882983569
10625689,12,11,0.029563058167696,3.5212297319713652
10622414,10,1,0.4797394573688507,0.7345121195961298
10625661,9,2,0.22712276875972748,1.482264576156753
10625655,9,1,0.36763864755630493,1.0006547592164767
10625686,11,2,0.17760734260082245,1.728180105805586
10625656,11,7,0.03983097895979881,3.2231103036372324
10625691,13,11,0.016329174861311913,4.114801902283628
10625651,10,5,0.05250127986073494,2.946917731381992
10622407,8,3,0.16956599056720734,1.7745131030486192
10622409,11,6,0.007841351442039013,4.84834408166407
10622412,11,1,0.38546818494796753,0.9532966187023377
10622408,12,2,0.2830349802970886,1.262184783687338
10629827,10,1,0.3999577462673187,0.9163963717855572
10629813,13,1,0.6049096584320068,0.5026761570071432
10629871,11,2,0.3443443775177002,1.06611302493742
10629858,10,5,0.070905402302742,2.6464086522573798
10626809,10,4,0.14193278551101685,1.9524016749140267
10629873,12,2,0.3621354103088379,1.0157370754733506
10629859,9,1,0.3702906668186188,0.993466995758767
10629829,9,1,0.41481107473373413,0.8799321040108179
10626812,7,2,0.2447589635848999,1.4074813748104742
10629818,14,1,0.37029215693473816,0.9934629715873399
10629872,11,1,0.40658333897590637,0.8999663550762768
10629860,9,1,0.3605649173259735,1.02008326266863
10629825,7,1,0.322753369808197,1.1308668083859654
10626807,9,3,0.11095116287469864,2.198665148588621
10629814,9,3,0.17612938582897186,1.736536407276478
10629867,8,1,0.4749176800251007,0.7446137951768934
10629861,10,3,0.23771926760673523,1.436664849395645
10629828,9,1,0.4154193699359894,0.8784667390268915
10629819,12,2,0.17589442431926727,1.737871325755416
10629868,7,1,0.3913848102092743,0.9380640336407096
10629862,10,1,0.37262484431266785,0.9871831447963528
10629823,9,5,0.12545470893383026,2.075810470534358
10626814,9,1,0.4445950984954834,0.8105913020393894
10629815,12,3,0.12764571607112885,2.058496695817613
10629869,10,1,0.432913213968277,0.8372180007028149
10629856,12,3,0.18120768666267395,1.708111465397314
10629822,8,3,0.1538519710302353,1.8717643659199061
10626808,8,1,0.4457217752933502,0.8080603438323273
10629816,14,3,0.10847780853509903,2.2212096565510837
10629874,9,1,0.4426419734954834,0.8149940219360112
10629857,11,4,0.10631987452507019,2.24130304474084
10629824,9,2,0.20984084904193878,1.5614058972920801
10626810,13,2,0.2093254029750824,1.563865285776655
10629817,12,7,0.03491472080349922,3.354846739178971
10629870,12,2,0.15567994117736816,1.8599530383877294
10625849,11,2,0.23380953073501587,1.4532484662967635
10629826,11,7,0.053242068737745285,2.9329064293779528
10626813,11,1,0.3019316792488098,1.1975545148535505
10625850,9,1,0.5184457898139954,0.6569198087283554
10625851,11,1,0.4015161991119385,0.9125073999286739
10625853,12,6,0.04439818114042282,3.1145567756888513
10625848,12,8,0.027469448745250702,3.5946808465953963
10629765,11,1,0.4696579575538635,0.7557505991019244
10629766,6,1,0.42062416672706604,0.8660155596203141
10629796,13,2,0.14098632335662842,1.9590923907792481
10633854,6,3,0.22593890130519867,1.487490664467601
10633709,8,2,0.26710245013237,1.3201229858181784
10629761,12,3,0.14187505841255188,1.9528084790281273
10629793,16,6,0.08244907110929489,2.4955744961492115
10629916,9,2,0.24213209748268127,1.418271844384939
10629900,12,5,0.0796130821108818,2.5305768515088176
10633851,10,1,0.44202810525894165,0.8163818123672869
10633712,7,4,0.1244388148188591,2.0839411311152274
10629760,13,1,0.2102745771408081,1.559341092117429
10633675,6,2,0.3260103762149811,1.1208260692416474
10629899,12,5,0.05080772936344147,2.9797067831481168
10633850,7,3,0.13572420179843903,1.9971303802288105
10633714,12,2,0.34762996435165405,1.0566166857629034
10629833,10,3,0.21401569247245789,1.5417059373381972
10629764,9,2,0.28625282645225525,1.250879850093422
10633762,12,1,0.5252872109413147,0.6438100975182621
10629799,9,1,0.34304672479629517,1.0698886171979252
10633676,8,1,0.291152685880661,1.233907455666302
10629904,9,2,0.2538144886493683,1.3711516384542999
10633849,9,1,0.4135734438896179,0.8829201650794208
10633713,7,6,0.057923272252082825,2.8486360364355527
10629762,14,1,0.259901762008667,1.3474515577937376
10629832,8,2,0.1628718078136444,1.8147918427244667
10629797,12,1,0.27220726013183594,1.3011915170711037
10633677,11,4,0.07398424297571182,2.6039031412120175
10633852,9,2,0.32708707451820374,1.117528860601604
10633710,10,5,0.07376153767108917,2.606917853000318
10629836,10,2,0.2050699144601822,1.5844043118395168
10629763,11,1,0.274297833442688,1.2935407795652596
10633757,12,3,0.2379469871520996,1.4357073731799868
10629801,11,1,0.27355560660362244,1.2962503629644697
10629893,8,1,0.3369186520576477,1.0879137663216556
10629921,9,9,0.015187249518930912,4.187299050598055
10633678,9,3,0.16668200492858887,1.791667443890983
10629898,9,1,0.2437504082918167,1.4116104940622327
10633933,6,1,0.4075225591659546,0.8976589879170703
10633848,8,1,0.4058646261692047,0.9017356080623505
10630306,13,1,0.5195914506912231,0.6547124479561145
10633717,10,7,0.03662087395787239,3.3071368744314635
10629838,14,5,0.09266628324985504,2.378750591559662
10633758,12,2,0.1939474195241928,1.640168190035443
10629798,13,5,0.09085876494646072,2.3984490116723785
10630274,10,1,0.44702771306037903,0.8051346883924188
10629894,8,2,0.22800816595554352,1.4783738350745703
10629917,6,1,0.2629733383655548,1.335702626979082
10633679,9,5,0.1178913488984108,2.1379918507348163
10629897,14,12,0.016966845840215683,4.0764940838224755
10633855,9,1,0.4962570369243622,0.7006612668810489
10633711,10,4,0.12713812291622162,2.0624812014949145
10629830,11,4,0.0795488953590393,2.531383410416196
10633934,6,1,0.4716288149356842,0.7515630118129449
10633759,12,4,0.14660616219043732,1.9200054563718092
10629794,9,8,0.024496661499142647,3.709218436057537
10630278,8,1,0.4285207688808441,0.847416073318774
10629913,10,1,0.3293594419956207,1.1106055957300214
10633680,12,2,0.20837904512882233,1.5683965253638037
10629902,15,15,0.011328727938234806,4.480413484011077
10633935,6,1,0.30132216215133667,1.1995752804518987
10633846,9,2,0.19086593389511108,1.6561840141739488
10633715,11,4,0.11256887018680573,2.1841900652047825
10629831,12,3,0.1389429122209549,1.9736921336595725
10633760,12,2,0.22859051823616028,1.4758230060137507
10629800,13,9,0.027373285964131355,3.5981877059881757
10629889,11,1,0.3654327392578125,1.0066730406452165
10630271,10,1,0.35028231143951416,1.049015845516055
10629918,17,5,0.0600474551320076,2.8126201105047475
10629903,14,2,0.25685572624206543,1.359240728207713
10633936,4,2,0.2513800859451294,1.3807891985922374
10633853,10,5,0.12076599895954132,2.1139004986670002
10633700,7,2,0.21232172846794128,1.5496525675688044
10629835,14,1,0.2155243158340454,1.5346815413069372
10633761,11,7,0.059915922582149506,2.8148129897829564
10633716,10,1,0.43975093960762024,0.8215467586808619
10629795,15,5,0.07320127636194229,2.6145424215283315
10629891,5,1,0.37268173694610596,0.9870304757203532
10629915,13,3,0.13031193614006042,2.0378241939811277
10629901,12,1,0.36157962679862976,1.0172729938693241
10633932,4,3,0.25778356194496155,1.3556349533301497
10630272,10,2,0.10828804969787598,2.222960475496865
10633705,10,1,0.5118185877799988,0.6697850374712447
10629837,14,9,0.028487905859947205,3.558275637563258
10629890,10,1,0.5315316915512085,0.6319924563526915
10630273,10,3,0.12458232045173645,2.0827885731316864
10633701,8,2,0.2605123221874237,1.345105116844376
10629892,12,1,0.36947861313819885,0.9956624208151705
10630275,12,5,0.058666858822107315,2.83588029724063
10633702,6,1,0.3691297769546509,0.9966069977091342
10630276,11,6,0.04298580065369606,3.146885435178237
10633706,9,5,0.05797306075692177,2.84777684604343
10630277,12,1,0.21622887253761292,1.5314178371910636
10633703,10,1,0.3499350845813751,1.0500076143254944
10633704,7,4,0.11471416801214218,2.165311740137298
10633707,7,1,0.4952618181705475,0.7026687306482198
10629778,10,2,0.3641054630279541,1.010311719716788
10629849,6,1,0.37914299964904785,0.969841837281263
10629780,9,2,0.22264902293682098,1.5021586355608119
10629842,10,1,0.5438318848609924,0.6091151150694056
10633749,10,2,0.2020830661058426,1.599076447762269
10633727,10,2,0.307857483625412,1.1781183185963244
10633802,8,1,0.3686293661594391,0.9979635674693975
10629843,8,5,0.08506888151168823,2.464293979939151
10633691,7,1,0.3755737543106079,0.9793004107918416
10629775,14,4,0.09897936880588531,2.3128438464651384
10633765,6,1,0.4498753547668457,0.7987847239934323
10633803,13,1,0.4664900004863739,0.7625186941090972
10633825,8,2,0.22879791259765625,1.4749161427801034
10629844,8,1,0.35200172662734985,1.0441191982047355
10629776,12,2,0.20338629186153412,1.5926481926165295
10633689,7,1,0.39973536133766174,0.9169525474816453
10633742,13,1,0.6981860995292664,0.3592695935193191
10633733,8,3,0.07294478267431259,2.618052525771612
10633804,12,3,0.16082444787025452,1.8274418947999074
10629846,8,1,0.4266113340854645,0.8518819048836989
10629781,11,1,0.27986443042755127,1.2734499701089008
10633685,6,1,0.5380223989486694,0.6198550859534262
10633766,7,3,0.1487150937318802,1.9057229260816597
10633726,9,1,0.24937254190444946,1.388807348411354
10633806,8,1,0.35895952582359314,1.024545638288111
10633821,5,2,0.23659932613372803,1.4413871755664711
10629777,9,6,0.06514866650104523,2.7310834437551366
10629845,8,1,0.33532094955444336,1.0926671474306038
10633943,11,3,0.1843080073595047,1.6911469678301783
10633686,8,1,0.33417922258377075,1.0960778353586302
10633747,14,5,0.06266157329082489,2.770006885397545
10633768,11,2,0.22461161017417908,1.4933825453416012
10633732,11,5,0.049923162907361984,2.997270197405619
10633805,9,5,0.061050429940223694,2.7960550360223144
10633824,6,1,0.2853592038154602,1.2540065280410135
10629847,9,6,0.030095020309090614,3.5033955591499137
10633940,13,1,0.5293906331062317,0.6360286827604158
10633688,7,3,0.18912680447101593,1.6653375657637288
10633744,13,5,0.0710514709353447,2.644350721833557
10633769,9,2,0.21256092190742493,1.5485266403767133
10633729,11,3,0.14138947427272797,1.956236967662916
10633808,12,2,0.1439318060874939,1.9384156604121205
10633953,12,2,0.35390961170196533,1.0387137326269222
10633822,9,1,0.3577018678188324,1.0280554109839926
10629848,8,1,0.282682329416275,1.263431522722674
10633944,11,4,0.08051440119743347,2.519319213695227
10633687,7,1,0.24872910976409912,1.3913908873178664
10633748,10,9,0.014016232453286648,4.267539160073556
10633771,10,1,0.2855081856250763,1.2534845791059226
10633734,9,6,0.06144343689084053,2.7896382527287225
10633952,12,1,0.33541837334632874,1.092376650692917
10633807,14,2,0.21960213780403137,1.515937834403111
10633823,12,6,0.05591622740030289,2.8839006475616
10633947,9,2,0.20359453558921814,1.5916248336187002
10633690,9,6,0.039704762399196625,3.2262841388060823
10633745,11,4,0.10691582411527634,2.235713444635033
10633770,13,1,0.22523313760757446,1.4906192460835812
10633731,9,5,0.09713320434093475,2.331672001883146
10633809,10,5,0.07534581422805786,2.5856669065069577
10633945,10,6,0.04278678447008133,3.1515259981384327
10633730,10,3,0.1857900172472,1.6831381825323704
10633946,11,7,0.029886385425925255,3.51035223920841
10633957,12,8,0.007228111382573843,4.9297774964962535
10633939,10,4,0.12082894146442413,2.113379440517385
10633956,12,1,0.24281220138072968,1.4154669682557595
10633941,12,11,0.017028316855430603,4.072877623282931
10633955,11,6,0.052618201822042465,2.944693176853128
10637166,9,1,0.41936615109443665,0.8690108717007132
10633621,7,1,0.5704728960990906,0.5612896198373596
10633694,6,1,0.6363192200660706,0.4520549232180159
10633870,7,1,0.5030043125152588,0.6871565353301672
10633615,11,1,0.7206173539161682,0.3276469983656075
10637161,12,5,0.10443224757909775,2.2592167663714466
10633696,6,2,0.3302018642425537,1.108051101713883
10633867,7,1,0.3257544934749603,1.121611268828392
10633617,9,1,0.41337043046951294,0.883411161942638
10637162,12,1,0.5887835621833801,0.5296966294446367
10633871,8,3,0.17953233420848846,1.7173999524099095
10637160,7,2,0.2639891505241394,1.331847273179777
10633619,11,1,0.3161892294883728,1.151414417126012
10633699,10,1,0.26265498995780945,1.3369139332558417
10637158,12,5,0.06668049097061157,2.707842858040095
10633698,9,1,0.45418599247932434,0.7892484897701152
10633864,7,1,0.3777158260345459,0.9736131490704739
10637165,9,3,0.1530447006225586,1.8770252393286402
10633693,9,1,0.38719502091407776,0.9488267828719054
10637159,10,1,0.37190067768096924,0.9891284558398952
10633866,9,3,0.1901571899652481,1.659904233252003
10637163,10,4,0.14487914741039276,1.9318553502227984
10633695,9,1,0.2945273518562317,1.2223834046302218
10633869,12,2,0.27234524488449097,1.3006847348808204
10636993,7,1,0.2754948139190674,1.2891864748165554
10636971,10,3,0.1421165019273758,1.9511081216463304
10636968,8,3,0.18697883188724518,1.6767598669989097
10637192,12,4,0.10800152271986008,2.2256099526993474
10636972,10,4,0.10274671018123627,2.275488443819234
10636985,11,3,0.16187714040279388,1.82091762405023
10637191,11,2,0.16416487097740173,1.8068840453066461
10637186,9,4,0.04812467098236084,3.0339603231277237
10636990,9,4,0.13829711079597473,1.978350931375811
10636973,8,1,0.30601829290390015,1.184110398084853
10637187,12,4,0.0978827029466629,2.323985425886387
10636987,14,6,0.05967036634683609,2.818919757918877
10636969,10,3,0.12167656421661377,2.106388867650872
10637190,11,1,0.21303704380989075,1.5462892137936768
10636992,9,4,0.1403476893901825,1.9636324395076101
10636966,11,2,0.3135584592819214,1.1597694633045035
10637188,11,1,0.3245391249656677,1.1253491801039133
10636986,9,1,0.3049822747707367,1.1875016195692782
10636967,8,2,0.1910266876220703,1.6553421349262418
10637189,10,3,0.11902935802936554,2.128385110168438
10636970,12,1,0.2587417960166931,1.3519246411208896
10647805,8,4,0.10409560799598694,2.2624454944915264
10647806,9,1,0.45148006081581116,0.7952240691914975
10647807,14,1,0.43813079595565796,0.8252377922807097
10647808,11,1,0.6086587309837341,0.49649754439456345
10647802,10,7,0.04349035397171974,3.1352161132537297
10647887,6,5,0.08360244333744049,2.48168253279416
10647835,8,1,0.3941831588745117,0.9309396074630206
10647875,11,1,0.47375601530075073,0.7470628254613589
10647803,12,6,0.07622963190078735,2.574005021790841
10647824,7,1,0.4182682931423187,0.8716322027319791
10647833,9,5,0.05339216813445091,2.9300912079210852
10647804,7,4,0.10373428463935852,2.2659226047001573
10647825,10,1,0.39676526188850403,0.9244104530476539
10647831,7,4,0.17003051936626434,1.7717773323607746
10647809,12,9,0.032589059323072433,3.4237786505236967
10647819,7,1,0.3699142336845398,0.9944841010664321
10647884,11,1,0.2219058722257614,1.5055019860058994
10647834,11,1,0.7435044646263123,0.2963805082226031
10647820,10,3,0.16851630806922913,1.7807227500793252
10647890,12,5,0.10625208169221878,2.241940878972186
10647832,9,1,0.331868976354599,1.103015037494611
10647941,11,1,0.3057973086833954,1.184832786430431
10647821,10,4,0.09209117293357849,2.3849761825118776
10647883,10,1,0.31907156109809875,1.142339871894259
10647828,8,2,0.3555864095687866,1.0339869943832245
10647940,12,2,0.296941876411438,1.2142188616500256
10647823,9,6,0.044851452112197876,3.104399313917894
10647886,13,3,0.10633759945631027,2.241136345391419
10647829,11,3,0.2005082666873932,1.606899802724398
10647822,9,1,0.41640186309814453,0.8761044679522346
10647885,13,1,0.2691560983657837,1.3124637763615845
10647830,11,8,0.027954960241913795,3.5771606267218963
10647936,9,2,0.15695612132549286,1.8517889946994326
10647937,9,4,0.08995181322097778,2.40848116069007
10647938,12,1,0.2953377962112427,1.2196355058345913
10647939,14,2,0.2243930548429489,1.494356055710286
10634228,7,1,0.36018121242523193,1.0211480063312117
10651037,7,5,0.12664012610912323,2.0664058676018913
10634230,9,2,0.3076622784137726,1.1787525962596022
10634231,7,1,0.4675670862197876,0.7602124406131516
10651036,11,1,0.3556852638721466,1.0337090294151605
10634227,5,2,0.25253620743751526,1.3762006447547768
10651032,8,3,0.16135308146476746,1.8241602626512383
10634229,6,5,0.08148165792226791,2.5073773402327517
10651029,9,1,0.33017098903656006,1.1081446101186057
10650709,8,4,0.10284038633108139,2.274577139968776
10634234,8,5,0.09056162089109421,2.4017247661550405
10651030,8,1,0.34375467896461487,1.067827018560567
10650711,8,2,0.2934550940990448,1.2260306527860054
10634232,11,7,0.04262861609458923,3.1552295119130696
10650752,9,2,0.22638265788555145,1.4855285350324405
10650690,7,1,0.43701058626174927,0.8277978593247025
10651034,13,7,0.03937942162156105,3.2345118929902115
10650704,9,1,0.5249386429786682,0.6444738937372267
10650756,10,3,0.050221942365169525,2.9913032488765943
10634233,11,1,0.21635057032108307,1.5308551762107978
10650686,7,1,0.3450574576854706,1.0640443318018356
10651033,9,1,0.41203030943870544,0.8866583657397006
10650754,9,1,0.44412851333618164,0.8116413139800165
10650705,12,2,0.30325743556022644,1.19317321188652
10634235,8,1,0.35993096232414246,1.021843037244279
10650687,6,3,0.20186592638492584,1.600151532715407
10650751,10,3,0.13434040546417236,2.007378360954045
10650706,9,3,0.20287498831748962,1.5951653107321542
10648678,8,1,0.6324804425239563,0.458105979769264
10650691,8,3,0.19455695152282715,1.6370303488980835
10650755,10,6,0.03189057111740112,3.445444889139628
10650707,12,1,0.5372760891914368,0.6212431840216324
10648672,10,1,0.36447784304618835,1.0092895166342997
10650749,6,3,0.1599109023809433,1.833138478971594
10650692,8,3,0.10110648721456528,2.2915809886981067
10648673,7,5,0.0675387755036354,2.6950533941322776
10650710,10,4,0.11264652758836746,2.1835004373604465
10650750,7,1,0.36043331027030945,1.0204483316856914
10650689,8,3,0.19145719707012177,1.6530910093385542
10650753,12,8,0.031446609646081924,3.459464103043117
10650708,11,1,0.24999552965164185,1.3863122426731973
10648674,7,4,0.13258519768714905,2.020529838780249
10648675,15,1,0.269754558801651,1.310242774887899
10648677,11,1,0.372279554605484,0.9881102160619154
10648676,11,2,0.2172527313232422,1.5266939426567834
10650696,8,2,0.1794533133506775,1.7178401976376758
10650697,9,3,0.15526725351810455,1.862607430571439
10655676,5,4,0.16172805428504944,1.8218390315599953
10655777,8,2,0.19558551907539368,1.6317575574789074
10650701,11,3,0.16235938668251038,1.8179429645345249
10655710,6,5,0.056519776582717896,2.8731646740625494
10655673,9,2,0.2990172505378723,1.2072540131490952
10655773,12,1,0.5418281555175781,0.612806384056078
10655639,9,1,0.3699420988559723,0.9944087751680919
10650699,7,1,0.40252023935317993,0.910009899280443
10655711,6,1,0.49042075872421265,0.7124915650679969
10655576,7,1,0.367408812046051,1.0012801216056442
10655771,10,3,0.08702320605516434,2.44158045962909
10655633,8,3,0.04078158363699913,3.1995246809213915
10650700,9,1,0.29538097977638245,1.219489298986351
10655571,11,1,0.5109164714813232,0.6715491630372273
10655674,9,3,0.18204423785209656,1.7035055563194728
10655775,12,2,0.318130761384964,1.1452927813974474
10655634,7,2,0.3438158333301544,1.0676491331957723
10655714,9,1,0.4891586899757385,0.7150683227745007
10655574,10,1,0.39161646366119385,0.9374723271737883
10655675,13,3,0.12360324710607529,2.090678463218874
10655778,12,2,0.23425818979740143,1.4513313966928914
10655635,10,1,0.3750344216823578,0.9807374660713223
10655568,7,2,0.21875637769699097,1.519796598983173
10655669,13,2,0.16903682053089142,1.7776387148260764
10655772,10,2,0.23803560435771942,1.4353350183576703
10655637,10,1,0.2757534980773926,1.2882479352448806
10655569,13,8,0.02384265512228012,3.736279070407589
10655677,11,2,0.31232789158821106,1.1637017084401968
10655774,11,2,0.23809589445590973,1.4350817685783015
10655636,11,1,0.5159122347831726,0.661818615596626
10655573,12,1,0.24899211525917053,1.3903340486446172
10655670,12,5,0.11517111212015152,2.161336325012513
10655779,12,1,0.3172758221626282,1.1479837819643017
10655638,12,8,0.024039527401328087,3.7280558283549534
10655572,8,1,0.37031447887420654,0.9934026914375387
10655671,10,1,0.44693705439567566,0.8053375121911064
10655776,12,1,0.25481829047203064,1.3672045742182586
10655611,11,5,0.0966586321592331,2.3365697637181597
10655610,12,3,0.2665470838546753,1.3222043761045754
10655612,8,3,0.11173997819423676,2.191580730098489
10655606,11,4,0.14633843302726746,1.9218333053376648
10655607,10,4,0.10751304030418396,2.2301431336160955
10655609,12,9,0.031211555004119873,3.4669669000341825
10655590,9,4,0.10417014360427856,2.2617297204297695
10655588,12,1,0.47694456577301025,0.7403550091595498
10655593,13,2,0.24114041030406952,1.4223758997763412
10655539,10,5,0.12476972490549088,2.0812854413745665
10655586,13,1,0.38858696818351746,0.9452382778982938
10655682,11,3,0.1230529323220253,2.09514067209967
10655535,7,1,0.3595239818096161,1.0229743952570498
10655587,11,1,0.23754464089870453,1.4373997114912684
10655725,7,1,0.470919668674469,0.7530677543431246
10659061,7,2,0.2574543058872223,1.3569130274901249
10658863,10,2,0.2051299661397934,1.584111519555168
10655624,13,1,0.3710625171661377,0.9913847206891245
10655592,9,1,0.4222774803638458,0.8620926446212549
10655684,8,1,0.34852632880210876,1.0540415027052243
10655839,11,5,0.08508113771677017,2.4641499164220413
10655721,8,2,0.27104946970939636,1.3054539297086338
10659067,9,3,0.1587539166212082,1.8403999698840179
10655541,7,1,0.2837204039096832,1.2597660190285003
10658864,7,1,0.40451276302337646,0.9050719903895796
10655589,10,1,0.2768048346042633,1.2844425893352878
10655683,8,1,0.6213269829750061,0.4758977929907287
10655818,6,1,0.4537294805049896,0.7902541164531943
10655841,14,1,0.3903708755970001,0.940658028668136
10658792,8,1,0.59600830078125,0.517500684528455
10655724,10,1,0.2955511510372162,1.2189133571593147
10659068,9,1,0.34863191843032837,1.0537385883254657
10655542,12,3,0.15362070500850677,1.8732686691205647
10658857,9,2,0.2712375819683075,1.3047601559374389
10655626,8,1,0.3293902575969696,1.1105120378843314
10655591,14,2,0.10369332134723663,2.266317569415288
10655685,7,1,0.46174365282058716,0.7727454059191108
10655816,9,3,0.13349463045597076,2.013694023254321
10655840,13,1,0.35649269819259644,1.0314415212657446
10658791,8,3,0.21437904238700867,1.5400096046239327
10655723,15,3,0.17420093715190887,1.7475458348313118
10659062,11,3,0.14754542708396912,1.9136191703881393
10655537,8,1,0.29730555415153503,1.2129948671763549
10658859,10,5,0.07593144476413727,2.5779243883581766
10655622,10,1,0.29187965393066406,1.2314137057416352
10655594,11,5,0.06736829876899719,2.69758071638426
10655678,11,3,0.15179091691970825,1.8852512516493918
10655824,12,1,0.24722233414649963,1.397467208990704
10658787,11,2,0.21588651835918427,1.5330023873240732
10655720,9,2,0.22509163618087769,1.4912476877754002
10659063,9,3,0.14728368818759918,1.915394700358373
10655540,14,3,0.12322375923395157,2.0937533955511354
10658858,10,2,0.20358990132808685,1.591647596085589
10655629,14,2,0.16565567255020142,1.7978439066317788
10655681,17,7,0.06640318036079407,2.7120103266468627
10655815,6,2,0.17688004672527313,1.732283478269293
10655837,16,1,0.23181241750717163,1.4618267795925293
10658788,12,5,0.08968284726142883,2.4114757515983536
10655722,10,6,0.049507200717926025,3.005637150938078
10659065,12,2,0.20018616318702698,1.6085075294394802
10655871,6,6,0.048657942563295364,3.022940224409375
10658860,10,1,0.25877636671066284,1.3517910392629802
10655628,11,3,0.10714595019817352,2.2335633534074955
10655679,12,6,0.048371702432632446,3.028840296722939
10655817,6,4,0.08440358936786652,2.472145350229227
10656111,9,4,0.11115352809429169,2.196842897336673
10655843,14,2,0.17673896253108978,1.733081422938421
10658789,11,1,0.46707993745803833,0.7612548636745241
10655726,13,8,0.03820425644516945,3.2648083443107256
10659064,11,2,0.20636272430419922,1.5781198609861073
10658861,11,1,0.3286103308200836,1.1128826349806362
10655872,5,2,0.3020237982273102,1.197249462634802
10655623,11,1,0.4029880166053772,0.90884845294809
10655680,12,2,0.1883929818868637,1.6692251686650117
10656112,9,3,0.1513749063014984,1.8879956960917417
10655819,5,3,0.14758478105068207,1.913352481544629
10655838,13,1,0.32297849655151367,1.1301695321195577
10658790,12,3,0.12832751870155334,2.053169543208003
10655728,14,3,0.1099596619606018,2.2076416898931477
10659066,11,1,0.5150590538978577,0.6634737171294158
10658862,14,2,0.13033150136470795,2.0376740637889266
10655873,8,1,0.5060635805130005,0.6810929644006241
10655621,10,1,0.3336102366447449,1.0977819235824062
10655686,10,5,0.08598559349775314,2.453575514229234
10655820,6,1,0.3592658042907715,1.0236927625319885
10656113,15,2,0.15155065059661865,1.886835382537235
10655727,12,1,0.45064136385917664,0.7970834579064349
10655845,17,9,0.03649020567536354,3.3107113920639564
10655874,8,5,0.04764943942427635,3.043884413394436
10655625,16,1,0.21947535872459412,1.5165153137044314
10655821,7,4,0.17909416556358337,1.7198435468638307
10656114,16,5,0.06893956661224365,2.6745250043616307
10655844,16,2,0.14561143517494202,1.9268136080140845
10655875,8,2,0.23268717527389526,1.458060322896153
10655822,11,2,0.20176361501216888,1.6006584895382105
10656116,12,1,0.21121908724308014,1.5548593560296455
10655870,6,1,0.30862340331077576,1.1756335048878086
10656118,13,1,0.4088176488876343,0.8944860685988248
10656117,15,1,0.1725970357656479,1.7567956744915945
10655577,11,1,0.3336852490901947,1.0975570983067395
10655579,11,1,0.6258992552757263,0.46856585489764957
10655660,8,2,0.16907228529453278,1.7774289318704541
10658913,8,1,0.36875563859939575,0.99762108032801
10655578,10,2,0.2554938495159149,1.3645569419728771
10655664,10,3,0.11232559382915497,2.186353537334747
10658911,7,7,0.010473349131643772,4.558921426391977
10655663,11,1,0.4659537374973297,0.7636689255414585
10658908,8,4,0.15337611734867096,1.8748620909006883
10659000,7,1,0.3570435643196106,1.0298974757409471
10658839,7,3,0.1522231549024582,1.8824077104185157
10658981,10,2,0.19153977930545807,1.652659767100573
10655581,10,5,0.07715097814798355,2.561991021731193
10655659,8,2,0.17291194200515747,1.7549728198222956
10658848,11,1,0.3160567283630371,1.151833561370843
10658909,6,1,0.42874059081077576,0.84690322637364
10659006,11,1,0.8108155727386475,0.20971465795498345
10658843,11,3,0.11461520940065384,2.166174766224465
10655582,10,6,0.04333028942346573,3.1389033637357624
10658979,4,1,0.38508400321006775,0.954293778338343
10655665,12,3,0.26476404070854187,1.3289162620691246
10658854,12,1,0.31446656584739685,1.1568775174041324
10658910,12,9,0.030574308708310127,3.4875952073681793
10659002,11,2,0.26795870065689087,1.3169224123727443
10658840,11,1,0.5837571024894714,0.5382703030675289
10655583,14,13,0.015327777713537216,4.178088559846182
10659024,7,3,0.1336611807346344,2.0124471830714468
10658980,5,5,0.09387559443712234,2.3657848366982077
10655666,12,6,0.0648384839296341,2.735855964102483
10658849,11,8,0.023245565593242645,3.7616408923118714
10658912,14,7,0.055516112595796585,2.891081983322206
10659001,13,5,0.057417165488004684,2.857411970049578
10658836,9,2,0.3235132098197937,1.1285153318105923
10659021,7,1,0.40324944257736206,0.9081999443029768
10658975,11,2,0.3208843171596527,1.1366746034857749
10655662,14,2,0.1379668116569519,1.980742117988029
10658850,15,1,0.32936471700668335,1.11058957988791
10658915,9,1,0.2932141125202179,1.2268521773850853
10659007,9,3,0.1668674349784851,1.790555584317477
10658837,10,9,0.010864658281207085,4.5222401171068585
10659022,7,1,0.48121073842048645,0.7314499792110618
10658976,9,3,0.1294088363647461,2.0447786120385634
10655667,8,6,0.07213245332241058,2.629251220534077
10658853,12,7,0.02922115847468376,3.5328622268101806
10658914,12,2,0.1575406938791275,1.8480714802534903
10659004,13,3,0.1704820841550827,1.7691250660489835
10658842,11,5,0.11882151663303375,2.130132772013517
10659023,8,2,0.257384330034256,1.3571848635510373
10658977,11,6,0.07730095088481903,2.5600490222377834
10655661,9,5,0.08226712048053741,2.4977837592581666
10658847,11,1,0.40536677837371826,0.902962996092938
10658907,11,1,0.25529149174690247,1.3653492817808242
10658999,11,4,0.13047197461128235,2.036596829218851
10658841,12,2,0.20442348718643188,1.5875615192968981
10659018,11,7,0.022882534191012383,3.7773813585072915
10658978,8,2,0.23776797950267792,1.4364599568505378
10658838,12,4,0.11430252343416214,2.168906631135814
10659005,13,1,0.26265186071395874,1.3369258472213525
10659019,10,3,0.11983722448348999,2.121620919665925
10659025,12,8,0.02295522391796112,3.774209746679819
10659020,13,7,0.037409596145153046,3.2858280260518296
10658810,7,2,0.2458227127790451,1.403144682624248
10662594,12,3,0.21251651644706726,1.5487355691812674
10659035,6,2,0.14630921185016632,1.9220330074552778
10662600,12,1,0.41651952266693115,0.8758219453238567
10658806,8,2,0.28073540329933167,1.270342678525244
10662598,12,2,0.37789836525917053,0.9731299944916456
10659029,7,1,0.40845027565956116,0.8953850963026732
10658809,12,1,0.4451645016670227,0.8093113984583186
10659030,9,1,0.3106425702571869,1.169112319522691
10662602,8,1,0.6134364008903503,0.488678686235264
10658811,11,1,0.3741697669029236,0.9830456623587911
10662592,11,2,0.2661365568637848,1.3237457302622266
10662603,12,2,0.16965742409229279,1.773974027481613
10658807,7,5,0.06085013970732689,2.79934116362146
10662596,11,7,0.04024575650691986,3.212750709075036
10659033,11,4,0.11030127853155136,2.204539761388669
10662608,9,2,0.21333463490009308,1.5448932902209545
10658808,10,2,0.2564556896686554,1.3607993791240869
10662593,12,9,0.02958432398736477,3.520510652958558
10659032,11,1,0.30076828598976135,1.201415124679708
10662607,14,1,0.18835951387882233,1.6694028344190839
10658804,10,1,0.3389126658439636,1.0820128276713246
10662590,12,8,0.041309207677841187,3.1866698576692576
10659034,12,3,0.05202208086848259,2.956087018445196
10662609,11,1,0.4289926588535309,0.8463154724300677
10658805,12,11,0.008720695972442627,4.742056230892652
10662597,12,3,0.17885714769363403,1.721167849336322
10662595,11,4,0.1521308869123459,1.883014030560603
10662305,5,1,0.5890839099884033,0.5291866436972944
10662351,8,1,0.40171584486961365,0.9120102938600544
10659674,11,2,0.19422708451747894,1.63872726571526
10662306,8,1,0.43961355090141296,0.8218592314013504
10662636,9,4,0.03440145403146744,3.369656447139455
10662352,8,2,0.2021794319152832,1.598599699056972
10659669,12,2,0.2667975127696991,1.321265287436525
10662299,7,2,0.24518108367919922,1.4057582243919495
10662637,10,3,0.16745875775814056,1.7870181803741723
10659673,9,3,0.12579657137393951,2.073089189666387
10662300,10,6,0.020119618624448776,3.9060598889775253
10662631,11,4,0.14565803110599518,1.9264936573371694
10662354,9,1,0.40962734818458557,0.8925074394569513
10659670,10,3,0.1713341623544693,1.7641394635620253
10662303,8,2,0.23097437620162964,1.4654485001471065
10662632,8,3,0.16632603108882904,1.793805374131982
10662356,6,1,0.5559995174407959,0.5869878526441689
10659750,12,5,0.1173149049282074,2.1428934646583655
10662301,10,4,0.130022332072258,2.040049058108722
10662633,9,3,0.16648828983306885,1.7928303033679225
10662355,12,6,0.06249621510505676,2.772649282392602
10659751,12,2,0.17322517931461334,1.7531629163148716
10662304,11,4,0.059415604919195175,2.8231983780381653
10662634,11,5,0.0583028681576252,2.842103990307066
10659671,10,1,0.31985464692115784,1.1398886147527032
10662302,11,3,0.11395599693059921,2.1719428969385146
10662635,8,5,0.1026446595788002,2.2764821624058817
10659672,11,2,0.1831655502319336,1.6973648890102224
10672071,11,1,0.45248204469680786,0.7930071968574862
10672077,7,3,0.20320208370685577,1.593554308867514
10672074,8,1,0.415498286485672,0.8782767886766734
10672073,11,4,0.1518075168132782,1.885141897372544
10672078,6,3,0.19775879383087158,1.6207072038876025
10672079,13,1,0.25234314799308777,1.376965419355919
10672161,10,3,0.06701666116714478,2.70281401636897
10672131,9,1,0.43898525834083557,0.8232894465600024
10672114,10,2,0.19414980709552765,1.639125216389669
10672076,11,1,0.43232789635658264,0.8385709593035909
10672104,7,7,0.0025386351626366377,5.976128679913877
10672164,8,3,0.1570054143667221,1.8514749878162289
10672137,7,4,0.0580042265355587,2.847239399787966
10672126,14,4,0.09311187267303467,2.373953576803717
10672075,14,2,0.18975533545017242,1.662019744787231
10672105,7,5,0.07437636703252792,2.5986170350159754
10672132,10,1,0.30735471844673157,1.1797527637159477
10672127,13,5,0.029301602393388748,3.53011307526036
10672072,12,9,0.04389210417866707,3.1260208343335023
10672106,6,1,0.42688634991645813,0.851237460626458
10672157,12,3,0.13487358391284943,2.003417354714938
10672133,8,1,0.33659499883651733,1.0888748552190035
10672128,13,1,0.5764110684394836,0.5509342123355816
10672117,12,2,0.23427778482437134,1.4512477530537997
10672301,13,1,0.23447763919830322,1.4503950508735184
10672107,7,3,0.2380954623222351,1.4350835835363787
10672158,11,2,0.1795714646577835,1.7171820184890014
10672185,8,2,0.2212996780872345,1.5082374865704093
10672134,11,1,0.2558917701244354,1.3630006968476793
10672118,9,2,0.22237077355384827,1.5034091391178512
10672123,13,1,0.46116554737091064,0.7739981955221769
10672296,8,1,0.3516737222671509,1.045051458622433
10672109,9,7,0.05524193495512009,2.8960329229024517
10672188,7,2,0.29899731278419495,1.2073206929756666
10672162,9,1,0.41504010558128357,0.8793801234658782
10672135,6,1,0.39406871795654297,0.9312299738348278
10672112,9,5,0.07684768736362457,2.56592990231143
10672124,12,9,0.03406842425465584,3.3793842986090734
10672110,11,8,0.04055101051926613,3.2051945784040665
10672159,13,1,0.27524489164352417,1.290094062521507
10672130,10,1,0.3904452323913574,0.940467569496453
10672113,7,2,0.1459382176399231,1.9245719136840007
10672125,16,7,0.05888217315077782,2.832216897111188
10672300,9,2,0.19955524802207947,1.6116641485494283
10672108,9,1,0.377377986907959,0.9745079760266455
10672163,10,1,0.31863394379615784,1.1437123467036399
10672136,9,2,0.17288696765899658,1.7551172641539945
10672129,11,2,0.17863759398460388,1.7223961400552446
10672303,9,2,0.3151340186595917,1.1547572745750758
10672189,6,1,0.4034663736820221,0.9076621313445183
10672298,10,2,0.27898353338241577,1.2766025190372385
10672184,8,6,0.034967996180057526,3.3533220306622207
10672302,12,3,0.16737398505210876,1.7875245389048917
10672299,12,1,0.383221834897995,0.9591412540860115
10675921,11,5,0.019184697419404984,3.953642327135249
10675922,9,1,0.4630052149295807,0.7700169616125074
10675923,10,1,0.43369555473327637,0.8354124778284
10675918,7,1,0.5370048880577087,0.6217480819863784
10675919,10,7,0.055824536830186844,2.885541778107408
10675961,9,1,0.522050142288208,0.6499916376893878
10675948,8,3,0.23525549471378326,1.4470831438764165
10676023,5,2,0.27690961956977844,1.2840641091783185
10675956,13,1,0.3775721788406372,0.9739935263430203
10675920,12,2,0.15784576535224915,1.846136891374737
10675942,9,2,0.2981436252593994,1.21017994462634
10675999,9,1,0.4304729700088501,0.8428707445214534
10676024,7,2,0.1837940365076065,1.6939395151385699
10675957,9,3,0.1684461534023285,1.7811391446391696
10675924,7,4,0.1380385011434555,1.9802226389433075
10676003,8,1,0.4548189640045166,0.7878558205157117
10676025,5,3,0.25328952074050903,1.373222093771844
10675958,10,1,0.32128211855888367,1.135435667820537
10675926,11,1,0.30874231457710266,1.1752482834077296
10675944,7,1,0.48314011096954346,0.7274485825729603
10676005,10,1,0.43262118101119995,0.8378928045462039
10673097,8,1,0.47658705711364746,0.741104871392818
10676026,7,1,0.4490024149417877,0.8007270127648418
10675962,9,1,0.376642107963562,0.9764598581662172
10676000,10,1,0.3158129155635834,1.1526052800754758
10675945,12,2,0.31491416692733765,1.1554551632325043
10673098,10,1,0.6203672289848328,0.47744367147201555
10676027,6,1,0.5292666554450989,0.6362628995613396
10675963,8,1,0.4127754271030426,0.8848515939532684
10676001,12,3,0.1440088152885437,1.9378807639982842
10673099,12,1,0.6022599935531616,0.5070660439292526
10675946,8,1,0.4786730408668518,0.736737501556539
10676021,6,6,0.05768376216292381,2.8527795633938604
10675998,11,3,0.11785627156496048,2.1382894345122496
10675959,14,2,0.16705404222011566,1.7894379128060682
10675947,8,5,0.10461673140525818,2.2574517840697093
10676002,10,3,0.1480565071105957,1.9101612732856057
10676022,6,4,0.09114526212215424,2.3953007581206016
10675960,7,6,0.04512569680809975,3.098303420717572
10673101,10,1,0.47416648268699646,0.7461967896561704
10673094,10,3,0.1972624957561493,1.623219971421609
10673095,12,1,0.3348141014575958,1.0941798222048271
10673102,13,4,0.08820655941963196,2.4280739488975938
10675933,13,3,0.1716286838054657,1.7624219508536163
10675934,10,1,0.525763213634491,0.642904331791729
10680340,12,1,0.34134694933891296,1.0748558722050576
10675935,8,2,0.2694103419780731,1.3115196268114806
10680493,10,2,0.28254634141921997,1.2639127014267826
10680332,7,2,0.3016842305660248,1.1983744027744059
10680343,10,1,0.3804774284362793,0.9663284242381593
10675936,8,5,0.05390384420752525,2.92055348250605
10680457,9,2,0.2278105765581131,1.4792407999067618
10680494,9,1,0.3269348442554474,1.1179943809798536
10680327,7,1,0.3401757478713989,1.078292889417446
10680344,10,3,0.21232636272907257,1.5496307412084485
10680458,10,1,0.3441180884838104,1.0667704000398075
10675938,10,1,0.3625965118408203,1.0144646005619864
10680490,10,1,0.582317054271698,0.5407402127923995
10680450,10,2,0.3082718253135681,1.1767733355072032
10680341,9,1,0.2892846465110779,1.24034413957644
10675939,12,2,0.15169604122638702,1.8858764890368007
10680491,9,1,0.3214578330516815,1.1348889008217373
10680331,11,1,0.39049601554870605,0.9403375132148719
10680337,7,4,0.11281391233205795,2.1820156112463622
10675937,14,1,0.22948217391967773,1.4719299260508862
10680487,14,3,0.224388986825943,1.4943741848537377
10680456,11,2,0.1721814125776291,1.7592066337110073
10680328,10,1,0.30111297965049744,1.200269736982507
10680339,9,6,0.053779516369104385,2.9228626209467405
10680453,10,7,0.05267792195081711,2.943558849528659
10680488,10,1,0.28532153367996216,1.254138546288968
10680329,12,3,0.14046873152256012,1.9627703664174365
10680338,11,1,0.28399357199668884,1.2588036748915556
10680454,9,7,0.04519336670637131,3.096804957197236
10680489,12,3,0.13193897902965546,2.025415743358511
10680330,11,2,0.2969053387641907,1.2143419156826445
10680451,10,4,0.10226715356111526,2.2801667371406245
10680342,12,2,0.2371528446674347,1.4390504315062225
10680492,13,2,0.21327467262744904,1.54517440116711
10680455,10,1,0.5230805277824402,0.6480198539544383
10680326,9,2,0.27226024866104126,1.300996873576251
10680345,12,2,0.17629040777683258,1.7356225995847008
10676142,12,1,0.5197241902351379,0.6544570115142685
10676143,12,1,0.25364190340042114,1.3718318358399477
10676144,11,1,0.4796217679977417,0.7347574690402965
10676140,12,2,0.23195187747478485,1.4612253535089523
10676141,14,1,0.3157864809036255,1.1526889871218131
10680308,9,2,0.318856805562973,1.1430131623590256
10680284,7,2,0.29508844017982483,1.2204801703527788
10680309,10,4,0.09289851784706116,2.3762475875731335
10680289,6,2,0.20855772495269775,1.5675394177751438
10680303,7,4,0.12117445468902588,2.110523997454544
10680285,5,1,0.3635490834712982,1.011840960941929
10684300,9,4,0.05878719687461853,2.833831188013977
10680304,10,2,0.25401046872138977,1.370379797374391
10680414,8,1,0.42389020323753357,0.8582808119131771
10680286,7,6,0.06771215796470642,2.692489529298211
10684304,6,1,0.36513346433639526,1.0074923365192534
10680466,10,1,0.39027610421180725,0.9409008308261144
10684273,8,2,0.32202574610710144,1.1331237797797553
10680355,7,1,0.3714962601661682,0.9902164817224554
10680305,11,6,0.020742550492286682,3.875568109185736
10680501,10,3,0.16592873632907867,1.796196882023304
10680411,9,1,0.25624510645866394,1.3616208454585417
10680464,12,1,0.25243404507637024,1.37660527200571
10684305,9,1,0.6408115029335022,0.4450199324941245
10680290,6,2,0.198124960064888,1.6188573359158465
10684275,10,3,0.1304744929075241,2.0365775279708536
10680357,12,1,0.3682079315185547,0.9991074690828657
10680302,7,1,0.3298798203468323,1.1090268716187062
10680499,5,2,0.2043117880821228,1.588108078959586
10680408,10,3,0.12226501852273941,2.101564307270956
10684230,7,2,0.2276218980550766,1.4800693684623578
10680465,10,1,0.3769284784793854,0.9756998217880449
10684298,9,2,0.22834135591983795,1.476913594589907
10680287,12,2,0.17703081667423248,1.7314314560587738
10684277,8,3,0.14563317596912384,1.9266643122442035
10680358,7,6,0.03474611043930054,3.359687643040245
10680306,9,2,0.1681756228208542,1.782746471668054
10684221,11,3,0.17579206824302673,1.7384534128204314
10680506,10,1,0.2220853567123413,1.5046934813118482
10684231,8,1,0.5181048512458801,0.6575776416733268
10680470,8,3,0.13900692760944366,1.973231508176502
10680444,7,1,0.3441547155380249,1.0666639682469632
10684301,11,3,0.10253183543682098,2.277581938999126
10680291,10,2,0.22032718360424042,1.5126416392127078
10684276,8,2,0.22276508808135986,1.501637479430843
10680351,8,3,0.1666831076145172,1.7916608284061175
10680307,13,6,0.03949649631977081,3.231543311774502
10684222,10,2,0.23185329139232635,1.4616504720309562
10680503,7,4,0.14324037730693817,1.9432310997661661
10680412,9,1,0.32258614897727966,1.131385049807085
10684232,12,1,0.350508451461792,1.0483704602110577
10680468,12,4,0.15543849766254425,1.861505139023065
10680445,11,1,0.40332087874412537,0.9080228086830272
10684303,7,1,0.23975984752178192,1.428117491935802
10680288,14,10,0.035821426659822464,3.329209054560283
10684270,7,6,0.03326600044965744,3.4032194110967664
10680359,11,2,0.16905392706394196,1.7775375199061514
10684223,10,1,0.31275415420532227,1.1623378468925658
10680504,11,1,0.2855956256389618,1.2531783650241946
10684256,6,4,0.1704307198524475,1.7694264000113342
10680413,6,4,0.11637576669454575,2.150930955268728
10684233,7,4,0.15238824486732483,1.8813237721210299
10680467,10,3,0.13292106986045837,2.0179997866230925
10680441,10,1,0.4754674732685089,0.7434568046602938
10684306,12,1,0.2884461283683777,1.2432469405624955
10684271,11,1,0.2870587706565857,1.248068308379301
10680754,9,2,0.32859960198402405,1.1129152846273473
10680350,8,1,0.3666035532951355,1.003474251056305
10684224,10,1,0.2321939915418625,1.4601820862725101
10680505,12,1,0.25175219774246216,1.3793100175607476
10680814,13,2,0.1535736620426178,1.8735749440481182
10680409,12,3,0.16072389483451843,1.8280673251048376
10684234,13,5,0.0714547261595726,2.638691230403737
10680471,11,1,0.3273789584636688,1.1166368847003105
10680442,10,1,0.6388249397277832,0.4481248218758549
10684302,10,1,0.23715798556804657,1.4390287541575963
10680749,8,3,0.10112838447093964,2.291364435971295
10684272,12,3,0.2147168517112732,1.5384350876047794
10680352,11,11,0.015859926119446754,4.143959721080941
10684225,11,1,0.2893447279930115,1.24013647130104
10680508,11,6,0.05817392095923424,2.8443181181525787
10684253,8,5,0.07839581370353699,2.545984749689985
10680809,12,1,0.41530460119247437,0.878743049205083
10680410,13,2,0.15958763659000397,1.8351620619419073
10684235,12,1,0.25175416469573975,1.3793022045382146
10680469,11,1,0.27712297439575195,1.2832939204246459
10680443,11,1,0.2991946041584015,1.2066610672743752
10684299,9,2,0.18448705971240997,1.6901759550213824
10680748,5,5,0.0698789730668068,2.6609904894910237
10684274,10,2,0.14486029744148254,1.9319854669139962
10680354,9,2,0.21746155619621277,1.525733197196933
10684226,11,2,0.1915852278470993,1.6524225153367573
10680500,10,5,0.060648199170827866,2.802665336187427
10684254,7,2,0.214386984705925,1.5399725572908167
10680415,9,3,0.1561039835214615,1.857232932750728
10680472,11,1,0.3597460985183716,1.022356778253671
10680446,12,5,0.08435898274183273,2.472673981981101
10680750,9,1,0.39971083402633667,0.917013908237316
10680356,11,3,0.13564805686473846,1.9976915646039122
10684255,10,2,0.23719006776809692,1.4388934855510378
10680815,13,3,0.11632333695888519,2.151381577860088
10680752,10,2,0.2785496413707733,1.2781589900021464
10684249,10,1,0.27791815996170044,1.280428597259315
10680811,12,2,0.2119850069284439,1.5512397288466877
10680751,12,6,0.04534298926591873,3.0934997060822442
10684250,9,1,0.3176223337650299,1.1468922316626613
10680816,16,4,0.08217468857765198,2.4989079491846757
10680753,13,6,0.03255144879221916,3.424933401572492
10684251,9,6,0.057234592735767365,2.860596795287099
10680812,15,3,0.12588554620742798,2.0723821482758416
10680250,10,2,0.22260864078998566,1.5023400233289999
10680265,6,2,0.3101147711277008,1.1708128205767585
10680377,7,1,0.5746408104896545,0.5540101107863082
10680246,8,5,0.09547530114650726,2.3488876916832586
10680260,6,2,0.15850158035755157,1.8419907150044044
10680378,9,1,0.3837382197380066,0.9577946783030387
10680247,8,2,0.22844015061855316,1.4764810258504044
10684193,12,2,0.16240565478801727,1.8176580317375068
10680261,7,1,0.3158920705318451,1.1523546726862095
10694904,8,3,0.1308252364397049,2.0338929194279265
10684334,11,3,0.19273851811885834,1.646420837086745
10680523,7,1,0.37250712513923645,0.9874991134548909
10680382,10,5,0.062352631241083145,2.7749494066064684
10680248,7,2,0.20244978368282318,1.5972634050013361
10684177,10,1,0.2157938927412033,1.5334315271090653
10684197,9,6,0.04318380728363991,3.142289685396144
10680262,5,1,0.4379395544528961,0.8256743816612552
10680524,5,3,0.16333523392677307,1.8119505403269098
10680381,9,2,0.2507629692554474,1.3832471316214003
10680244,9,1,0.33106929063796997,1.1054275882382303
10684178,11,4,0.06698639690876007,2.703265711417334
10684366,10,3,0.14157167077064514,1.954949182917285
10694905,6,2,0.24025803804397583,1.4260417746925493
10684191,10,1,0.2827115058898926,1.263328315111195
10680263,5,4,0.13099931180477142,2.032563209193476
10694906,6,1,0.47865352034568787,0.7367782828781018
10684337,13,1,0.33928748965263367,1.0809074789220052
10680525,6,1,0.42374536395072937,0.8586225608765773
10684212,10,1,0.49910467863082886,0.6949394284154096
10680383,10,3,0.15343226492404938,1.8744960801966175
10684179,12,1,0.42133933305740356,0.8643167531933972
10680249,8,2,0.21306155622005463,1.5461741586858253
10684369,4,1,0.35419633984565735,1.0379038872676614
10680264,8,5,0.06663090735673904,2.708586734659515
10684192,9,1,0.37555116415023804,0.9793605610007389
10680527,5,3,0.2449226677417755,1.4068127601330942
10694914,4,1,0.3556045591831207,1.0339359543246875
10684335,13,1,0.45533230900764465,0.7867277771392204
10684213,10,2,0.18688452243804932,1.6772643799451783
10680251,12,2,0.3200863003730774,1.1391646308819492
10680379,12,5,0.11099284887313843,2.1982895043114747
10684370,10,1,0.28498777747154236,1.2553089856978839
10684194,12,1,0.8326682448387146,0.1831199816438042
10680526,6,6,0.04890579357743263,3.0178594114531756
10694915,8,4,0.09605096280574799,2.3428763658121063
10684338,9,1,0.2010948657989502,1.6039785131164621
10684207,9,2,0.19424666464328766,1.6386264603153193
10680384,12,1,0.3798675835132599,0.967932551428336
10684181,12,1,0.5308998823165894,0.6331818210602899
10684463,6,1,0.5398632287979126,0.6164394515084798
10680528,5,1,0.3942232131958008,0.93083799914847
10684195,9,5,0.09180118143558502,2.3881301117698235
10694916,6,4,0.0838756114244461,2.478420394006624
10684332,11,2,0.17527903616428375,1.7413760825445737
10684208,11,3,0.16762356460094452,1.7860345005731433
10680380,10,1,0.5737345814704895,0.5555883912225233
10680817,10,1,0.6074289083480835,0.4985201339105294
10684175,11,1,0.2502698600292206,1.3852155031795792
10680521,6,3,0.12906694412231445,2.0474240625421207
10684364,7,2,0.19209663569927216,1.6497567226391106
10684464,8,1,0.4349861145019531,0.8324411690880941
10684196,12,2,0.22494876384735107,1.4918826189429906
10694903,6,1,0.4964415431022644,0.7002895403897672
10684336,10,1,0.5158694386482239,0.661901571392557
10684209,9,9,0.013530893251299858,4.3027798189269415
10680818,8,4,0.12204276770353317,2.1033837407319167
10684176,10,3,0.14568889141082764,1.9262818115782967
10680522,5,4,0.08363016694784164,2.4813509753233074
10684365,5,1,0.32410669326782227,1.1266825171878936
10684465,10,2,0.21425358951091766,1.5405949678013355
