race_id,runners,top1_hit,top3_hit,winner_rank,reciprocal_rank,random_top1_expected,random_top3_expected,start_time_iso,competition_id,competition_name,race_number,race_name
10146772,9,0,1,3.0,0.3333333333333333,0.1111111111111111,0.3333333333333333,2026-02-14T03:40:00+00:00,999,Randwick,5,R5 Wellington Racing Club Trophy (Bm88)
10146905,10,0,0,6.0,0.16666666666666666,0.1,0.3,2026-02-14T03:55:00+00:00,999,Flemington,6,R6 Be Captivated Trophy
10146900,8,0,1,3.0,0.3333333333333333,0.125,0.375,2026-02-14T05:10:00+00:00,999,Flemington,8,R8 Black Caviar Lightning
10150773,8,0,0,4.0,0.25,0.125,0.375,2026-02-14T05:12:00+00:00,999,Dalby,5,R5 Bunty's 80Th Breakaway (Bm58)
10150563,9,0,1,2.0,0.5,0.1111111111111111,0.3333333333333333,2026-02-14T05:15:00+00:00,999,Newcastle,6,R6 Calvary Mater Newcastle Provincial (Bm64)
10146841,13,0,1,2.0,0.5,0.07692307692307693,0.23076923076923078,2026-02-14T05:22:00+00:00,999,Morphettville,7,R7 Canadian Club Hcp (62)
10146773,10,1,1,1.0,1.0,0.1,0.3,2026-02-14T05:30:00+00:00,999,Randwick,8,R8 Petaluma Apollo Stakes
10147269,10,1,1,1.0,1.0,0.1,0.3,2026-02-14T05:42:00+00:00,999,Eagle Farm,8,R8 Drinkwise (Bm85)
10146906,11,0,1,3.0,0.3333333333333333,0.09090909090909091,0.2727272727272727,2026-02-14T05:50:00+00:00,999,Flemington,9,R9 Cs Hayes Stakes
10146840,14,0,0,8.0,0.125,0.07142857142857142,0.21428571428571427,2026-02-14T06:02:00+00:00,999,Morphettville,8,R8 Sportsbet Get On Extra (Bm62)
10146776,10,1,1,1.0,1.0,0.1,0.3,2026-02-14T06:10:00+00:00,999,Randwick,9,R9 Robrick Lodge Triscay Stakes
10147274,9,0,1,2.0,0.5,0.1111111111111111,0.3333333333333333,2026-02-14T06:22:00+00:00,999,Eagle Farm,9,R9 Cricks Highway Hcp
10150556,9,0,0,5.0,0.2,0.1111111111111111,0.3333333333333333,2026-02-14T06:35:00+00:00,999,Newcastle,8,R8 Connectability (Bm68)
10146838,14,0,0,7.0,0.14285714285714285,0.07142857142857142,0.21428571428571427,2026-02-14T06:44:00+00:00,999,Morphettville,9,R9 Sportsbet Blackbook (Bm72)
10146771,10,0,0,7.5,0.13333333333333333,0.1,0.3,2026-02-14T06:50:00+00:00,999,Randwick,10,R10 Macquarie St Social (Bm88)
10147459,12,0,0,4.0,0.25,0.08333333333333333,0.25,2026-02-14T07:39:00+00:00,999,Pinjarra,6,R6 Thoroughbred Breeders Wa Platinum Classic (Bm66+)
10147454,16,0,0,4.5,0.2222222222222222,0.0625,0.1875,2026-02-14T08:53:00+00:00,999,Pinjarra,8,R8 Magic Millions Wa 3Yo Trophy (Rl)
10147453,12,0,0,6.0,0.16666666666666666,0.08333333333333333,0.25,2026-02-14T09:28:00+00:00,999,Pinjarra,9,R9 Tabtouch Punters Club - Pinjarra Classic Sun 22 Feb (Rs1mw)
10168661,14,0,0,11.5,0.08695652173913043,0.07142857142857142,0.21428571428571427,2026-02-20T01:45:00+00:00,999,Ashburton,6,R6 Hygain Stayers Challenge (Bm65)
10168664,8,1,1,1.0,1.0,0.125,0.375,2026-02-20T02:21:00+00:00,999,Ashburton,7,R7 Vernon & Vazey Truck Parts Hcp
10168665,10,0,0,8.0,0.125,0.1,0.3,2026-02-20T03:04:00+00:00,999,Ashburton,8,R8 Agraforum Zumsil Hcp
10168660,13,0,0,7.0,0.14285714285714285,0.07692307692307693,0.23076923076923078,2026-02-20T03:40:00+00:00,999,Ashburton,9,R9 Agraforum Growing Innovation (Bm65)
10172323,11,0,0,11.0,0.09090909090909091,0.09090909090909091,0.2727272727272727,2026-02-20T05:30:00+00:00,999,Terang,7,R7 Ridley Agriproducts (Bm56)
10172355,10,0,1,3.0,0.3333333333333333,0.1,0.3,2026-02-20T05:50:00+00:00,999,Seymour,8,R8 Jaclyn Symes - Member For Northern Victoria (Bm62)
10172220,9,1,1,1.0,1.0,0.1111111111111111,0.3333333333333333,2026-02-20T06:03:00+00:00,999,Canberra,8,R8 Tab Federal - National Sprint Preview
10172327,12,0,1,3.0,0.3333333333333333,0.08333333333333333,0.25,2026-02-20T06:10:00+00:00,999,Terang,8,R8 Logan Contracting (Bm56)
10172359,8,0,0,8.0,0.125,0.125,0.375,2026-02-20T06:30:00+00:00,999,Seymour,9,R9 Go Seymour (Bm66)
10172221,11,0,1,1.5,0.6666666666666666,0.09090909090909091,0.2727272727272727,2026-02-20T06:43:00+00:00,999,Canberra,9,R9 Alan Rummery Bookmaker - Shane Connolly Memorial Hcp (C1)
10172341,12,0,0,5.5,0.18181818181818182,0.08333333333333333,0.25,2026-02-20T07:49:00+00:00,999,Ipswich,8,R8 Ray White Ipswich Hcp (58)
10168818,10,0,0,7.0,0.14285714285714285,0.1,0.3,2026-02-20T10:43:00+00:00,999,Launceston,8,R8 Shane Yates Memorial Plate (C4)
10172118,12,0,0,12.0,0.08333333333333333,0.08333333333333333,0.25,2026-02-21T01:52:00+00:00,999,Ellerslie,5,R5 Eagle Technology Avondale Guineas
10172116,11,0,0,11.0,0.09090909090909091,0.09090909090909091,0.2727272727272727,2026-02-21T02:28:00+00:00,999,Ellerslie,6,R6 Sport Nation Ōtaki Māori Classic
10172150,9,0,0,6.0,0.16666666666666666,0.1111111111111111,0.3333333333333333,2026-02-21T02:49:00+00:00,999,Otaki,7,R7 New World Ōtaki Hcp
10172122,18,0,1,2.0,0.5,0.05555555555555555,0.16666666666666666,2026-02-21T03:03:00+00:00,999,Ellerslie,7,R7 Eagle Technology Avondale Cup
10172154,12,0,1,2.0,0.5,0.08333333333333333,0.25,2026-02-21T03:24:00+00:00,999,Otaki,8,R8 Ōtaki Tyre Repairs (Bm65)
10172115,17,0,0,14.0,0.07142857142857142,0.058823529411764705,0.17647058823529413,2026-02-21T03:38:00+00:00,999,Ellerslie,8,R8 Al Basti Equiworld Dubai New Zealand Oaks
10172114,12,0,0,9.0,0.1111111111111111,0.08333333333333333,0.25,2026-02-21T04:13:00+00:00,999,Ellerslie,9,R9 Horizon By Skycity Hcp
10172230,11,0,0,10.5,0.09523809523809523,0.09090909090909091,0.2727272727272727,2026-02-21T04:52:00+00:00,999,Morphettville,6,R6 Daniel 'Mini' Balfour Memorial (Bm64)
10176063,10,0,0,10.0,0.1,0.1,0.3,2026-02-21T04:56:00+00:00,999,Yarra Valley,5,R5 Shades Of Pink Diamond Hcp (56)
10172371,11,1,1,1.0,1.0,0.09090909090909091,0.2727272727272727,2026-02-21T05:07:00+00:00,999,Doomben,6,R6 Ladbrokes Blackbook (Rs0mw)
10172302,16,0,0,9.0,0.1111111111111111,0.0625,0.1875,2026-02-21T05:15:00+00:00,999,Caulfield,8,R8 Sportsbet Blue Diamond Stakes
10176086,11,0,0,11.0,0.09090909090909091,0.09090909090909091,0.2727272727272727,2026-02-21T05:20:00+00:00,999,Mudgee,5,R5 Radio 2Mg & Real Fm Showcase (Bm66)
10172235,15,0,0,6.0,0.16666666666666666,0.06666666666666667,0.2,2026-02-21T05:27:00+00:00,999,Morphettville,7,R7 Sportsbet Lord Reims Stakes
10172477,5,0,1,3.0,0.3333333333333333,0.2,0.6,2026-02-21T05:29:00+00:00,999,Alice Springs,8,R8 Tradies Day April 11Th Free Entry Hcp (64)
10172313,7,0,1,3.0,0.3333333333333333,0.14285714285714285,0.42857142857142855,2026-02-21T05:35:00+00:00,999,Rosehill,8,R8 Kia Ora Hobartville Stakes
10172299,13,0,0,13.0,0.07692307692307693,0.07692307692307693,0.23076923076923078,2026-02-21T05:55:00+00:00,999,Caulfield,9,R9 Sportsbet Oakleigh Plate
10176080,12,0,0,9.5,0.10526315789473684,0.08333333333333333,0.25,2026-02-21T06:00:00+00:00,999,Mudgee,6,R6 Ross Granata Motors - Tab Venue Mode Showcase (Bm66)
10172233,11,0,1,3.0,0.3333333333333333,0.09090909090909091,0.2727272727272727,2026-02-21T06:07:00+00:00,999,Morphettville,8,R8 Sportsbet City Of Marion Stakes
10176066,10,0,0,7.0,0.14285714285714285,0.1,0.3,2026-02-21T06:11:00+00:00,999,Yarra Valley,7,R7 V & B Constructions Hcp (56)
10172319,9,1,1,1.0,1.0,0.1111111111111111,0.3333333333333333,2026-02-21T06:15:00+00:00,999,Rosehill,9,R9 Vinery Stud Millie Fox Stakes
10172367,11,1,1,1.0,1.0,0.09090909090909091,0.2727272727272727,2026-02-21T06:23:00+00:00,999,Doomben,8,R8 Girls Day Out 7 March (Rs0mw)
10176189,7,1,1,1.0,1.0,0.14285714285714285,0.42857142857142855,2026-02-21T06:30:00+00:00,999,Wyong,8,R8 Kimick Holdings (Bm64)
10176197,14,0,0,11.0,0.09090909090909091,0.07142857142857142,0.21428571428571427,2026-02-21T06:45:00+00:00,999,Gold Coast,7,R7 Ezy Projects Hcp (58)
10172231,12,0,1,2.0,0.5,0.08333333333333333,0.25,2026-02-21T06:49:00+00:00,999,Morphettville,9,R9 Adelaide Galvanising Industries Hcp (70)
10172373,11,0,0,8.0,0.125,0.09090909090909091,0.2727272727272727,2026-02-21T07:03:00+00:00,999,Doomben,9,R9 Xxxx (Bm78)
10176201,11,1,1,1.0,1.0,0.09090909090909091,0.2727272727272727,2026-02-21T07:24:00+00:00,999,Gold Coast,8,R8 Matthew Hoysted Racing (Bm68)
10172668,15,0,0,14.0,0.07142857142857142,0.06666666666666667,0.2,2026-02-21T08:50:00+00:00,999,Ascot,8,R8 Reliable Asset Maintenance - Detonator Stakes
10172670,15,0,0,10.0,0.1,0.06666666666666667,0.2,2026-02-21T09:28:00+00:00,999,Ascot,9,R9 Mrs Mac's (Rs1mw)
10172143,11,0,0,6.0,0.16666666666666666,0.09090909090909091,0.2727272727272727,2026-02-22T03:35:00+00:00,999,Wanganui,8,R8 Sharen Tunnell @ Arizto Real Estate (Bm65)
10172175,12,0,1,2.0,0.5,0.08333333333333333,0.25,2026-02-22T04:30:00+00:00,999,Taupo,8,R8 Fiber Fresh (Bm65)
10176072,10,0,0,4.0,0.25,0.1,0.3,2026-02-22T05:10:00+00:00,999,Port Macquarie,6,R6 Watsons Caravans Port Macquarie Showcase Hcp (C2)
10176074,14,0,0,8.5,0.11764705882352941,0.07142857142857142,0.21428571428571427,2026-02-22T05:50:00+00:00,999,Port Macquarie,7,R7 Evergreen Turf Mncra Country Championships Qualifier Plate (C5)
10176333,8,0,0,7.0,0.14285714285714285,0.125,0.375,2026-02-22T06:00:00+00:00,999,Sunshine Coast,7,R7 Pitchers Hospitality (Bm68)
10176232,12,0,1,1.5,0.6666666666666666,0.08333333333333333,0.25,2026-02-22T06:20:00+00:00,999,Moe,7,R7 Ladbrokes Hosted Pots (Bm56)
10176076,8,0,0,6.0,0.16666666666666666,0.125,0.375,2026-02-22T06:25:00+00:00,999,Port Macquarie,8,R8 Fernhill Tavern Last Shout Showcase Hcp (C3)
10176155,11,0,1,1.5,0.6666666666666666,0.09090909090909091,0.2727272727272727,2026-02-22T06:30:00+00:00,999,Ballarat,8,R8 Hygain Edge (Bm62)
10176335,10,0,0,7.0,0.14285714285714285,0.1,0.3,2026-02-22T06:35:00+00:00,999,Sunshine Coast,8,R8 Tab Hcp (60)
10176032,13,0,0,9.0,0.1111111111111111,0.07692307692307693,0.23076923076923078,2026-02-22T06:45:00+00:00,999,Balaklava,8,R8 Btr Excavations (Bm56)
10176365,12,0,0,3.5,0.2857142857142857,0.08333333333333333,0.25,2026-02-22T08:50:00+00:00,999,Pinjarra Scarpside,8,R8 Tabtouch Pinjarra Classic
10176362,12,0,0,7.0,0.14285714285714285,0.08333333333333333,0.25,2026-02-22T09:25:00+00:00,999,Pinjarra Scarpside,9,R9 Tabtouch Pinjarra Cup Sun 22 March Book Now (Rs0ly)
10179714,14,0,0,7.0,0.14285714285714285,0.07142857142857142,0.21428571428571427,2026-02-23T06:50:00+00:00,999,Tamworth,8,R8 Dad And Dave Turf Showcase (Bm58)
10176291,8,0,0,7.0,0.14285714285714285,0.125,0.375,2026-02-23T06:58:00+00:00,999,Warwick,6,R6 Matt's Mowers & More (Bm65)
10176292,14,0,0,8.0,0.125,0.07142857142857142,0.21428571428571427,2026-02-23T07:36:00+00:00,999,Warwick,7,R7 Les Clarke Memorial Hcp (55)
10179526,10,0,0,5.0,0.2,0.1,0.3,2026-02-24T04:30:00+00:00,999,Horsham,5,R5 Traction Ag Mdn Plate
10179527,12,1,1,1.0,1.0,0.08333333333333333,0.25,2026-02-24T06:00:00+00:00,999,Horsham,8,R8 Manhari (Bm56)
10190312,14,0,1,2.5,0.4,0.07142857142857142,0.21428571428571427,2026-02-25T03:25:00+00:00,999,Pukekohe,5,R5 Entain/Nzb Insurance Pearl Series Mdn
10190306,12,0,0,11.0,0.09090909090909091,0.08333333333333333,0.25,2026-02-25T05:09:00+00:00,999,Pukekohe,8,R8 Yourride Mdn
10190308,9,1,1,1.0,1.0,0.1111111111111111,0.3333333333333333,2026-02-25T05:46:00+00:00,999,Pukekohe,9,R9 Horizon By Skycity (Bm65)
10179439,12,1,1,1.0,1.0,0.08333333333333333,0.25,2026-02-25T05:54:00+00:00,999,Launceston,8,R8 Country Club Tasmania Vamos Stakes
10179444,15,0,0,13.0,0.07692307692307693,0.06666666666666667,0.2,2026-02-25T06:29:00+00:00,999,Launceston,9,R9 Ladbrokes Launceston Cup
10190427,10,0,1,3.0,0.3333333333333333,0.1,0.3,2026-02-25T06:36:00+00:00,999,Doomben,5,R5 Xxxx Gold Mdn Plate
10190321,12,0,0,9.5,0.10526315789473684,0.08333333333333333,0.25,2026-02-25T06:40:00+00:00,999,Port Lincoln,8,R8 Eyre Car Centre Hcp (56)
10190377,14,1,1,1.0,1.0,0.07142857142857142,0.21428571428571427,2026-02-25T07:00:00+00:00,999,Sandown,5,R5 Sportsbet Same Race Multi (Bm74)
10179447,10,0,0,6.0,0.16666666666666666,0.1,0.3,2026-02-25T07:05:00+00:00,999,Launceston,10,"R10 The Agency, Katrina Garwood & Ian Mccallum (Bm64)"
10190372,11,1,1,1.0,1.0,0.09090909090909091,0.2727272727272727,2026-02-25T08:30:00+00:00,999,Sandown,8,R8 Sportsbet Race Replays (Bm66)
10193790,8,0,0,6.0,0.16666666666666666,0.125,0.375,2026-02-26T06:40:00+00:00,999,Wyong,8,R8 Alino Living (Bm64)
10193922,11,1,1,1.0,1.0,0.09090909090909091,0.2727272727272727,2026-02-26T10:15:00+00:00,999,Pakenham,8,R8 Evergreen Turf Hcp (62)
10193738,13,0,0,6.0,0.16666666666666666,0.07692307692307693,0.23076923076923078,2026-02-27T03:24:00+00:00,999,Hawera,5,R5 Entain/Nzb Insurance Pearl Series Mdn
10193742,8,0,1,2.0,0.5,0.125,0.375,2026-02-27T05:14:00+00:00,999,Hawera,8,R8 Weir Tours (Bm65)
10197713,10,0,0,4.0,0.25,0.1,0.3,2026-02-27T06:03:00+00:00,999,Townsville,8,R8 Ladbrokes Same Race Multi (Bm72)
10190343,14,1,1,1.0,1.0,0.07142857142857142,0.21428571428571427,2026-02-27T06:10:00+00:00,999,Port Lincoln,8,R8 Mga Insurance Group Port Lincoln Cup
10197619,9,0,0,6.0,0.16666666666666666,0.1111111111111111,0.3333333333333333,2026-02-27T06:20:00+00:00,999,Goulburn,8,R8 Integrated Building Group Mdn Hcp
10197726,12,1,1,1.0,1.0,0.08333333333333333,0.25,2026-02-27T06:30:00+00:00,999,Kyneton,8,R8 Bet365 Top Finishes (Bm56)
10197711,16,0,0,5.0,0.2,0.0625,0.1875,2026-02-27T06:43:00+00:00,999,Townsville,9,R9 Chrysalis Medispa Plate (C3)
10190341,10,0,0,4.0,0.25,0.1,0.3,2026-02-27T06:50:00+00:00,999,Port Lincoln,9,R9 Kemp Real Estate (Bm70)
10197635,10,1,1,1.0,1.0,0.1,0.3,2026-02-27T09:15:00+00:00,999,Cranbourne,5,R5 Musk Creek Farm Summer Sprint Series - Heat 5 (Bm66)
10197638,8,0,1,3.0,0.3333333333333333,0.125,0.375,2026-02-27T10:15:00+00:00,999,Cranbourne,7,R7 Lawn Rules Abell Stakes
10197594,9,0,1,3.0,0.3333333333333333,0.1111111111111111,0.3333333333333333,2026-02-27T10:30:00+00:00,999,Canterbury,8,R8 Irresistible Pools And Spas (Bm72)
10197632,8,0,0,6.5,0.15384615384615385,0.125,0.375,2026-02-27T10:45:00+00:00,999,Cranbourne,8,R8 Ladbrokes Big Bets Summer Middle Distance Series - Heat 6 (Bm70)
10197475,14,0,0,10.0,0.1,0.07142857142857142,0.21428571428571427,2026-02-28T01:21:00+00:00,999,Matamata,5,R5 Dennis Hopson (Bm65)
10197522,15,0,0,6.0,0.16666666666666666,0.06666666666666667,0.2,2026-02-28T02:27:00+00:00,999,Wingatui,7,R7 Property Brokers – Ray Kean Dunedin Guineas
10197518,16,0,0,13.0,0.07692307692307693,0.0625,0.1875,2026-02-28T03:02:00+00:00,999,Wingatui,8,R8 Positive Signs + Print Dunedin Gold Cup
10197478,9,0,0,4.0,0.25,0.1111111111111111,0.3333333333333333,2026-02-28T03:10:00+00:00,999,Matamata,8,R8 Colchester Engineering Hcp
10197520,16,1,1,1.0,1.0,0.0625,0.1875,2026-02-28T03:37:00+00:00,999,Wingatui,9,R9 White Robe Lodge
10197476,10,0,0,4.0,0.25,0.1,0.3,2026-02-28T03:45:00+00:00,999,Matamata,9,R9 South Waikato Rc Twilight Meeting - 11Th March (Bm65)
10197612,10,0,0,4.5,0.2222222222222222,0.1,0.3,2026-02-28T03:50:00+00:00,999,Randwick,5,R5 Catanach's Jewellers Skyline Stakes
10197671,10,0,1,2.0,0.5,0.1,0.3,2026-02-28T05:20:00+00:00,999,Flemington,8,R8 Australian Guineas
10197572,9,0,0,5.0,0.2,0.1111111111111111,0.3333333333333333,2026-02-28T05:32:00+00:00,999,Morphettville,8,R8 Sportsbet Adelaide Cup Day Monday 9 March (Bm72)
10197604,9,1,1,1.0,1.0,0.1111111111111111,0.3333333333333333,2026-02-28T05:40:00+00:00,999,Randwick,8,R8 Tab Verry Elleegant Stakes
10197803,11,0,0,5.0,0.2,0.09090909090909091,0.2727272727272727,2026-02-28T05:47:00+00:00,999,Eagle Farm,7,R7 Become A Brc Member (Bm78)
10197678,15,0,0,11.0,0.09090909090909091,0.06666666666666667,0.2,2026-02-28T05:55:00+00:00,999,Flemington,9,R9 Inglis Sprint
10197573,12,0,1,3.0,0.3333333333333333,0.08333333333333333,0.25,2026-02-28T06:07:00+00:00,999,Morphettville,9,R9 Sportsbet Get On Extra Hcp (64)
10201158,11,0,0,9.0,0.1111111111111111,0.09090909090909091,0.2727272727272727,2026-02-28T06:11:00+00:00,999,Wangaratta,8,R8 David Strain Memorial Race (Bm66)
10197613,12,1,1,1.0,1.0,0.08333333333333333,0.25,2026-02-28T06:15:00+00:00,999,Randwick,9,R9 Hkjc World Pool Liverpool City Cup
10197806,12,0,1,2.5,0.4,0.08333333333333333,0.25,2026-02-28T06:23:00+00:00,999,Eagle Farm,8,R8 Xxxx Jewel Prelude 3Yo Qlty
10200940,13,0,1,2.0,0.5,0.07692307692307693,0.23076923076923078,2026-02-28T06:40:00+00:00,999,Wagga,7,R7 Bundaberg Rum Country Boosted Showcase (Bm58)
10197576,13,1,1,1.0,1.0,0.07692307692307693,0.23076923076923078,2026-02-28T06:49:00+00:00,999,Morphettville,10,R10 The Fotobase Group (Bm62)
10197799,10,0,0,4.0,0.25,0.1,0.3,2026-02-28T07:08:00+00:00,999,Eagle Farm,9,R9 Moreton Hire Hcp
10197797,13,0,0,13.0,0.07692307692307693,0.07692307692307693,0.23076923076923078,2026-02-28T07:42:00+00:00,999,Eagle Farm,10,R10 Ladbrokes Mega Multi (Bm85)
10198044,11,0,0,11.0,0.09090909090909091,0.09090909090909091,0.2727272727272727,2026-02-28T08:10:00+00:00,999,Ascot,8,R8 Lex Piper Stakes
10198037,13,0,0,9.5,0.10526315789473684,0.07692307692307693,0.23076923076923078,2026-02-28T08:48:00+00:00,999,Ascot,9,R9 Drummond Golf (Bm66+)
10197498,13,0,0,11.0,0.09090909090909091,0.07692307692307693,0.23076923076923078,2026-03-01T04:16:00+00:00,999,Trentham,8,R8 Grant Plumbing (Bm65)
10200985,10,0,0,5.0,0.2,0.1,0.3,2026-03-01T05:36:00+00:00,999,Coffs Harbour,6,R6 Save The Date Friday 7 August (Bm58)
10201168,7,0,0,5.0,0.2,0.14285714285714285,0.42857142857142855,2026-03-01T05:55:00+00:00,999,Sale,8,R8 Ladbrokes Top 2/3/4 Betting (Bm62)
10204866,9,0,1,3.0,0.3333333333333333,0.1111111111111111,0.3333333333333333,2026-03-03T06:00:00+00:00,999,Ararat,8,R8 Bet365 Bet Boost (Bm56)
10204935,10,0,0,4.0,0.25,0.1,0.3,2026-03-03T06:04:00+00:00,999,Dalby,6,R6 Warrego Office Choice Hcp (55)
10204934,5,0,0,5.0,0.2,0.2,0.6,2026-03-03T07:20:00+00:00,999,Dalby,8,R8 Dalby Shopping World Hcp
10218751,9,0,0,3.5,0.2857142857142857,0.1111111111111111,0.3333333333333333,2026-03-05T04:23:00+00:00,999,Tauherenikau,8,R8 Wdg Excellence In Building (Bm65)
10218847,11,0,0,4.0,0.25,0.09090909090909091,0.2727272727272727,2026-03-05T05:30:00+00:00,999,Townsville,5,R5 Ladbrokes Punter Assist (Bm60)
10218767,12,0,1,2.0,0.5,0.08333333333333333,0.25,2026-03-05T06:30:00+00:00,999,Grafton,8,R8 Bands Brews & Bbq's 15 March (Bm58)
10218839,12,0,0,9.0,0.1111111111111111,0.08333333333333333,0.25,2026-03-05T08:15:00+00:00,999,Pakenham,5,R5 The Big Screen Company (Bm62)
10215369,8,1,1,1.0,1.0,0.125,0.375,2026-03-05T09:30:00+00:00,999,Pinjarra Scarpside,8,R8 Chaff City Pinjarra Hcp (C5)
10218833,11,1,1,1.0,1.0,0.09090909090909091,0.2727272727272727,2026-03-05T09:45:00+00:00,999,Pakenham,8,R8 Cameron Industrial Commercial (Bm62)
10218760,13,0,0,6.5,0.15384615384615385,0.07692307692307693,0.23076923076923078,2026-03-06T03:41:00+00:00,999,Te Aroha,6,R6 Kaimai Vets Mdn
10218761,11,0,0,9.0,0.1111111111111111,0.09090909090909091,0.2727272727272727,2026-03-06T04:21:00+00:00,999,Te Aroha,7,R7 Trudi Vowles - Travel Advocates (Bm65)
10222630,10,0,1,2.0,0.5,0.1,0.3,2026-03-06T05:30:00+00:00,999,Kilmore,6,R6 C&M Build Group (Bm56)
10222593,10,0,1,2.0,0.5,0.1,0.3,2026-03-06T06:04:00+00:00,999,Ipswich,6,R6 Racing And Sports (Bm58)
10222598,12,0,0,3.5,0.2857142857142857,0.08333333333333333,0.25,2026-03-06T06:15:00+00:00,999,Dubbo,7,R7 Latitude Liquor Wholesalers Country Boosted Championship Preview Hcp (C4)
10222628,10,0,0,6.0,0.16666666666666666,0.1,0.3,2026-03-06T06:30:00+00:00,999,Kilmore,8,R8 O'briens Electrical (Bm56)
10222494,12,0,0,4.0,0.25,0.08333333333333333,0.25,2026-03-06T06:35:00+00:00,999,Newcastle,8,R8 Michael Huff Memorial Midway (Bm64)
10222596,12,0,0,9.0,0.1111111111111111,0.08333333333333333,0.25,2026-03-06T06:55:00+00:00,999,Dubbo,8,R8 Col Hodges Cup (C1)
10222582,11,0,0,4.0,0.25,0.09090909090909091,0.2727272727272727,2026-03-06T10:45:00+00:00,999,Pakenham,8,R8 Ladbrokes Big Bets Summer Middle Distance Series - Heat 7 Hcp (66)
10222448,8,0,0,7.0,0.14285714285714285,0.125,0.375,2026-03-07T01:37:00+00:00,999,New Plymouth Raceway,5,R5 Multi Ethnic Xtravaganza Australasia (Bm65)
10222443,8,0,0,8.0,0.125,0.125,0.375,2026-03-07T02:47:00+00:00,999,New Plymouth Raceway,7,R7 Multi Ethnic Xtravaganza Africa (Bm75)
10222446,9,0,1,2.5,0.4,0.1111111111111111,0.3333333333333333,2026-03-07T03:22:00+00:00,999,New Plymouth Raceway,8,R8 The Rock Tradies Race Day – Saturday 23Rd May 2026 (Bm65)
10222631,10,0,0,5.0,0.2,0.1,0.3,2026-03-07T04:05:00+00:00,999,Flemington,6,R6 Darley Sires' Produce Stakes
10222437,16,0,0,9.0,0.1111111111111111,0.0625,0.1875,2026-03-07T04:13:00+00:00,999,Ellerslie,8,R8 Hkjc World Pool Nz Derby
10222948,14,0,1,2.0,0.5,0.07142857142857142,0.21428571428571427,2026-03-07T04:58:00+00:00,999,Ellerslie,9,R9 The Nzb Kiwi
10226423,12,0,0,3.5,0.2857142857142857,0.08333333333333333,0.25,2026-03-07T05:04:00+00:00,999,Edenhope,6,R6 James & Bruce Greenhill Hcp (56)
10222640,11,0,0,9.0,0.1111111111111111,0.09090909090909091,0.2727272727272727,2026-03-07T05:15:00+00:00,999,Flemington,8,R8 De Bortoli Wines Matron Stakes
10226445,12,0,0,5.0,0.2,0.08333333333333333,0.25,2026-03-07T05:27:00+00:00,999,Gunnedah,6,R6 Pursehouse Rural Incitec Pivot Fertilisers Boggabri Cup (Bm50)
10222537,9,0,0,5.0,0.2,0.1111111111111111,0.3333333333333333,2026-03-07T05:28:00+00:00,999,Murray Bridge,8,R8 Magic Millions Sa 3&4Yo Classic
10222520,9,0,1,3.0,0.3333333333333333,0.1111111111111111,0.3333333333333333,2026-03-07T05:35:00+00:00,999,Randwick,8,R8 The Agency Randwick Guineas
10226426,12,0,0,9.0,0.1111111111111111,0.08333333333333333,0.25,2026-03-07T05:39:00+00:00,999,Edenhope,7,R7 Lake Wallace Hotel After The Last Hcp (56)
10222632,14,0,0,5.5,0.18181818181818182,0.07142857142857142,0.21428571428571427,2026-03-07T05:55:00+00:00,999,Flemington,9,R9 Yulong Newmarket Hcp
10226386,12,0,0,9.0,0.1111111111111111,0.08333333333333333,0.25,2026-03-07T06:00:00+00:00,999,Hawkesbury,7,R7 Star Group Equipment (Bm64)
10226479,9,0,1,3.0,0.3333333333333333,0.1111111111111111,0.3333333333333333,2026-03-07T06:05:00+00:00,999,Towong,7,R7 Corcoran & Parker (Bm52)
10222531,16,0,0,5.0,0.2,0.0625,0.1875,2026-03-07T06:07:00+00:00,999,Murray Bridge,9,R9 Spry Civil Construction Hcp (72)
10226441,12,0,0,6.0,0.16666666666666666,0.08333333333333333,0.25,2026-03-07T06:09:00+00:00,999,Gunnedah,7,R7 Streater Family Butchery (Bm50)
10226428,7,0,0,7.0,0.14285714285714285,0.14285714285714285,0.42857142857142855,2026-03-07T06:11:00+00:00,999,Edenhope,8,R8 Bet365 Edenhope Cup
10222527,10,0,0,7.5,0.13333333333333333,0.1,0.3,2026-03-07T06:15:00+00:00,999,Randwick,9,R9 Super Seth @ Coolmore Canterbury Stakes
10222692,9,0,0,9.0,0.1111111111111111,0.1111111111111111,0.3333333333333333,2026-03-07T06:27:00+00:00,999,Eagle Farm,8,R8 Roku Gin Hcp (C6)
10222634,9,0,0,5.0,0.2,0.1111111111111111,0.3333333333333333,2026-03-07T06:35:00+00:00,999,Flemington,10,R10 Tab Australian Cup Prelude
10226382,10,0,0,10.0,0.1,0.1,0.3,2026-03-07T06:40:00+00:00,999,Hawkesbury,8,R8 Racing Nsw Provincial-Midway Championship Qualifier Plate (C5)
10222535,15,0,0,12.5,0.08,0.06666666666666667,0.2,2026-03-07T06:48:00+00:00,999,Murray Bridge,10,R10 Plc Fencing Straight Up (Bm68)
10222684,11,1,1,1.0,1.0,0.09090909090909091,0.2727272727272727,2026-03-07T07:11:00+00:00,999,Eagle Farm,9,R9 Ladbrokes Odds Surge Hcp (C6)
10226529,10,0,1,2.0,0.5,0.1,0.3,2026-03-07T08:42:00+00:00,999,Toowoomba,5,R5 Dean Lyons Building Group Mdn Plate
10222884,13,1,1,1.0,1.0,0.07692307692307693,0.23076923076923078,2026-03-07T08:53:00+00:00,999,Bunbury,8,R8 Swan Draught Bunbury Cup
10222885,10,0,0,9.0,0.1111111111111111,0.1,0.3,2026-03-07T09:29:00+00:00,999,Bunbury,9,R9 Mgib (Bm72+)
10226413,9,0,0,4.0,0.25,0.1111111111111111,0.3333333333333333,2026-03-08T04:00:00+00:00,999,Canberra,5,R5 Tooheys Canberra Guineas
10222471,12,0,0,8.5,0.11764705882352941,0.08333333333333333,0.25,2026-03-08T04:09:00+00:00,999,Riverton,8,R8 K2 Kontracting & Bridgestone Gore (Bm65)
10226415,12,0,0,5.0,0.2,0.08333333333333333,0.25,2026-03-08T06:00:00+00:00,999,Canberra,8,R8 Tab Centenary Canberra Cup
10226602,11,0,0,9.0,0.1111111111111111,0.09090909090909091,0.2727272727272727,2026-03-08T06:05:00+00:00,999,Stony Creek,8,R8 Danny O'brien Mp Hcp (56)
10226356,14,0,0,13.0,0.07692307692307693,0.07142857142857142,0.21428571428571427,2026-03-08T06:15:00+00:00,999,Muswellbrook,8,R8 The Royal Hotel Muswellbrook Showcase (Bm66)
10226594,9,0,0,3.5,0.2857142857142857,0.1111111111111111,0.3333333333333333,2026-03-08T06:20:00+00:00,999,Echuca,8,R8 Mackenzie Family Shadoways Sprint (Bm70)
10226421,11,0,0,7.0,0.14285714285714285,0.09090909090909091,0.2727272727272727,2026-03-08T06:40:00+00:00,999,Canberra,9,R9 Sky Racing Plate (C2)
10226683,11,0,0,7.0,0.14285714285714285,0.09090909090909091,0.2727272727272727,2026-03-08T08:20:00+00:00,999,Albany,5,R5 Tabtouch (Bm58+)
10226684,14,0,0,8.0,0.125,0.07142857142857142,0.21428571428571427,2026-03-08T08:55:00+00:00,999,Albany,6,R6 Wellington & Reeves Ladies Bracelet (Bm58+)
10226406,18,0,0,7.0,0.14285714285714285,0.05555555555555555,0.16666666666666666,2026-03-09T05:45:00+00:00,999,Morphettville,7,R7 Sportsbet Adelaide Cup
10226401,9,0,0,5.5,0.18181818181818182,0.1111111111111111,0.3333333333333333,2026-03-09T06:25:00+00:00,999,Morphettville,8,R8 The Fotobase Group Morphettville Guineas
10226469,12,0,0,12.0,0.08333333333333333,0.08333333333333333,0.25,2026-03-09T06:30:00+00:00,999,Cowra,8,R8 Cowra Bowling Club (Bm58)
10230252,7,0,0,5.0,0.2,0.14285714285714285,0.42857142857142855,2026-03-09T06:45:00+00:00,999,Warrnambool,8,R8 Tab We're On (Bm66)
10226402,11,0,0,7.5,0.13333333333333333,0.09090909090909091,0.2727272727272727,2026-03-09T07:05:00+00:00,999,Morphettville,9,R9 Quayclean C S Hayes Memorial Cup
10230275,9,0,1,3.0,0.3333333333333333,0.1111111111111111,0.3333333333333333,2026-03-10T06:00:00+00:00,999,Ballarat,8,R8 Hygain Edge (Bm62)
10230159,12,0,0,9.5,0.10526315789473684,0.08333333333333333,0.25,2026-03-10T06:50:00+00:00,999,Taree,7,R7 Sky International Country Boosted (Bm58)
10240905,11,0,0,7.0,0.14285714285714285,0.09090909090909091,0.2727272727272727,2026-03-11T03:30:00+00:00,999,Matamata,6,R6 Horse Racing People (Bm65)
10240902,8,0,0,5.0,0.2,0.125,0.375,2026-03-11T04:47:00+00:00,999,Matamata,8,R8 Fertco Mdn
10240897,9,0,1,2.0,0.5,0.1111111111111111,0.3333333333333333,2026-03-11T05:30:00+00:00,999,Balaklava,5,R5 Btr Excavations Hcp (56)
10241015,10,0,0,9.0,0.1111111111111111,0.1,0.3,2026-03-11T06:50:00+00:00,999,Warwick Farm,8,R8 Tab (Bm72)
10241019,9,0,0,3.5,0.2857142857142857,0.1111111111111111,0.3333333333333333,2026-03-11T07:40:00+00:00,999,Doomben,8,R8 Ladbrokes Fast Payouts Hcp (C1)
10240954,7,0,0,4.0,0.25,0.14285714285714285,0.42857142857142855,2026-03-11T08:00:00+00:00,999,Sandown,8,R8 Sportsbet Fixed Odds Exotics (Bm70)
10244219,12,0,1,2.0,0.5,0.08333333333333333,0.25,2026-03-12T01:47:00+00:00,999,Ashburton,5,R5 Ecolab (Bm65)
10244514,9,0,0,5.0,0.2,0.1111111111111111,0.3333333333333333,2026-03-12T03:17:00+00:00,999,Cairns,5,R5 Kensington Park Hcp (55)
10244216,12,0,1,1.5,0.6666666666666666,0.08333333333333333,0.25,2026-03-12T03:35:00+00:00,999,Ashburton,8,R8 Betty Chan Wadley Memorial (Bm75)
10244511,9,0,0,7.0,0.14285714285714285,0.1111111111111111,0.3333333333333333,2026-03-12T03:52:00+00:00,999,Cairns,6,R6 Kevin And Marg Capra Hcp (55)
10244220,14,0,0,8.0,0.125,0.07142857142857142,0.21428571428571427,2026-03-12T04:06:00+00:00,999,Ashburton,9,R9 Agraforum Zumsil (Bm65)
10244278,10,0,0,4.0,0.25,0.1,0.3,2026-03-12T04:35:00+00:00,999,Newcastle,5,R5 Happy 77Th Birthday Gary Harley Provincial (Bm64)
10244512,9,0,0,6.5,0.15384615384615385,0.1111111111111111,0.3333333333333333,2026-03-12T05:02:00+00:00,999,Cairns,8,R8 Drive Queensland (Bm65)
10244509,9,0,1,2.0,0.5,0.1111111111111111,0.3333333333333333,2026-03-12T05:42:00+00:00,999,Cairns,9,R9 Barrier Reef Business Brokers (Bm55)
10244282,9,0,0,8.0,0.125,0.1111111111111111,0.3333333333333333,2026-03-12T06:30:00+00:00,999,Newcastle,8,R8 The Prince Of Merewether Conditional (Bm68)
10244407,11,0,0,9.0,0.1111111111111111,0.09090909090909091,0.2727272727272727,2026-03-12T07:10:00+00:00,999,Beaudesert,7,R7 Beaudesert Anzac Day Raceday Hcp (60)
10241755,12,0,0,11.0,0.09090909090909091,0.08333333333333333,0.25,2026-03-12T09:30:00+00:00,999,Pinjarra Scarpside,8,R8 Tabtouch Supports Pinjarra Park Hcp (C1)
10244330,8,0,0,6.5,0.15384615384615385,0.125,0.375,2026-03-12T09:45:00+00:00,999,Pakenham,8,R8 Frankston Sand Soil & Mini Mix (Bm62)
10244259,11,0,0,7.5,0.13333333333333333,0.09090909090909091,0.2727272727272727,2026-03-13T02:29:00+00:00,999,Pukekohe,6,R6 Myracehorse (Bm65)
10244261,14,0,0,3.5,0.2857142857142857,0.07142857142857142,0.21428571428571427,2026-03-13T03:41:00+00:00,999,Pukekohe,8,R8 Stella Artois Mdn
10248292,11,0,0,7.0,0.14285714285714285,0.09090909090909091,0.2727272727272727,2026-03-13T04:50:00+00:00,999,Mount Gambier,5,R5 K&B Mitre 10 (Bm62)
10248283,16,0,0,4.5,0.2222222222222222,0.0625,0.1875,2026-03-13T06:20:00+00:00,999,Kembla Grange,7,R7 Pfd Food Services Kembla Grange Classic
10248385,9,1,1,1.0,1.0,0.1111111111111111,0.3333333333333333,2026-03-13T06:30:00+00:00,999,Kyneton,8,R8 Bet365 Top Finishes (Bm56)
10248269,12,0,0,10.0,0.1,0.08333333333333333,0.25,2026-03-13T06:38:00+00:00,999,Armidale,8,R8 Roberts & Morrow Showcase (Bm58)
10248293,12,0,0,12.0,0.08333333333333333,0.08333333333333333,0.25,2026-03-13T06:50:00+00:00,999,Mount Gambier,8,R8 Mount Gambier Gold Cup 22Nd May (Bm58)
10248285,6,0,0,4.0,0.25,0.16666666666666666,0.5,2026-03-13T07:00:00+00:00,999,Kembla Grange,8,R8 Yalumba Family Winemakers (Bm64)
10244683,10,0,0,10.0,0.1,0.1,0.3,2026-03-13T08:26:00+00:00,999,Geraldton,5,R5 Mitchell & Brown Retravision (Bm58+)
10244684,12,0,1,2.0,0.5,0.08333333333333333,0.25,2026-03-13T09:26:00+00:00,999,Geraldton,7,R7 Geraldton & Champion Bay Freemason Lodges (Bm64+)
10248355,11,0,0,10.0,0.1,0.09090909090909091,0.2727272727272727,2026-03-13T09:45:00+00:00,999,Cranbourne,6,R6 Powerflo Solutions Summer Middle Distance Series Final (Bm70)
10248469,13,0,0,4.0,0.25,0.07692307692307693,0.23076923076923078,2026-03-13T10:00:00+00:00,999,Sunshine Coast,5,R5 Haymes Paint Hcp (C2)
10244364,10,0,0,7.0,0.14285714285714285,0.1,0.3,2026-03-13T10:08:00+00:00,999,Launceston,8,R8 Dynamic Finance Brokers Tasmania - Tasmanian St Leger
10248353,9,0,0,7.0,0.14285714285714285,0.1111111111111111,0.3333333333333333,2026-03-13T10:15:00+00:00,999,Cranbourne,7,R7 Ladbrokes Summer Sprint Series Final (Bm78)
10244366,10,0,0,9.0,0.1111111111111111,0.1,0.3,2026-03-13T10:38:00+00:00,999,Launceston,9,R9 Ladbrokes Mega Multi (Bm60)
10248358,6,0,0,6.0,0.16666666666666666,0.16666666666666666,0.5,2026-03-13T10:45:00+00:00,999,Cranbourne,8,R8 Lawn Rules Hcp (66)
10248197,8,0,0,5.5,0.18181818181818182,0.125,0.375,2026-03-14T01:37:00+00:00,999,Wanganui,5,R5 Shane Stone Builders Hcp
10248229,10,0,1,2.0,0.5,0.1,0.3,2026-03-14T01:53:00+00:00,999,Tauranga,5,R5 Triton Pacific Owens Hcp
10248227,14,0,0,10.0,0.1,0.07142857142857142,0.21428571428571427,2026-03-14T03:03:00+00:00,999,Tauranga,7,R7 Ultimate Mazda Japan Trophy
10248192,11,0,0,11.0,0.09090909090909091,0.09090909090909091,0.2727272727272727,2026-03-14T03:23:00+00:00,999,Wanganui,8,R8 Wanganui Motors (Bm75)
10248444,10,0,0,5.0,0.2,0.1,0.3,2026-03-14T03:30:00+00:00,999,Caulfield,5,R5 Cylinder Vobis Gold Dash
10248228,13,0,0,4.0,0.25,0.07692307692307693,0.23076923076923078,2026-03-14T03:38:00+00:00,999,Tauranga,8,R8 Bayleys & Elizabeth Towers (Bm65)
10251730,8,0,1,3.0,0.3333333333333333,0.125,0.375,2026-03-14T04:49:00+00:00,999,Ipswich,5,R5 Norths Tigers Old Boys (Bm62)
10248456,14,0,0,4.0,0.25,0.07142857142857142,0.21428571428571427,2026-03-14T05:08:00+00:00,999,Gold Coast,6,R6 Aquis Qtis Jewel 2Yo
10248453,7,0,0,5.0,0.2,0.14285714285714285,0.42857142857142855,2026-03-14T05:15:00+00:00,999,Caulfield,8,R8 Sportsbet Peter Young Stakes
10248332,12,0,0,6.0,0.16666666666666666,0.08333333333333333,0.25,2026-03-14T05:27:00+00:00,999,Morphettville,8,R8 Sportsbet Get On Extra Hcp (64)
10248306,14,0,0,11.0,0.09090909090909091,0.07142857142857142,0.21428571428571427,2026-03-14T05:35:00+00:00,999,Rosehill,8,R8 Coolmore Classic
10248447,16,0,0,10.0,0.1,0.0625,0.1875,2026-03-14T05:55:00+00:00,999,Caulfield,9,R9 The Irt Vobis Platinum Guineas
10248323,12,0,0,7.0,0.14285714285714285,0.08333333333333333,0.25,2026-03-14T06:07:00+00:00,999,Morphettville,9,R9 Sportsbet Blackbook Hcp (68)
10251687,14,1,1,1.0,1.0,0.07142857142857142,0.21428571428571427,2026-03-14T06:11:00+00:00,999,Geelong,8,R8 Zenith Business Advisory Hcp (56)
10248311,11,1,1,1.0,1.0,0.09090909090909091,0.2727272727272727,2026-03-14T06:15:00+00:00,999,Rosehill,9,R9 Hyland Race Colours Ajax Stakes
10248461,16,1,1,1.0,1.0,0.0625,0.1875,2026-03-14T06:27:00+00:00,999,Gold Coast,8,R8 St John's Crisis Centre Qtis Jewel 3Yo
10248742,11,0,0,8.5,0.11764705882352941,0.09090909090909091,0.2727272727272727,2026-03-14T06:30:00+00:00,999,Ascot,5,R5 City Of Belmont Plate
10252473,11,0,0,8.0,0.125,0.09090909090909091,0.2727272727272727,2026-03-14T06:40:00+00:00,999,Gosford,8,R8 Racing Nsw Provincial-Midway Championship Qualifier (C5)
10251734,12,0,1,3.0,0.3333333333333333,0.08333333333333333,0.25,2026-03-14T06:44:00+00:00,999,Ipswich,8,R8 Happy Birthday Louie (Bm60)
10248330,12,0,0,10.0,0.1,0.08333333333333333,0.25,2026-03-14T06:48:00+00:00,999,Morphettville,10,R10 Dominant Clean Sweep Hcp (64)
10248462,11,0,0,4.0,0.25,0.09090909090909091,0.2727272727272727,2026-03-14T07:11:00+00:00,999,Gold Coast,9,R9 Tab Military Rose Plate
10248737,12,0,0,8.0,0.125,0.08333333333333333,0.25,2026-03-14T07:37:00+00:00,999,Ascot,7,R7 Peters Investments (Rs1mw)
10248739,11,1,1,1.0,1.0,0.09090909090909091,0.2727272727272727,2026-03-14T08:14:00+00:00,999,Ascot,8,R8 Guinness (Bm72+)
10251766,10,0,0,10.0,0.1,0.1,0.3,2026-03-14T08:45:00+00:00,999,Toowoomba,6,R6 Daimler Trucks Mdn Hcp
10248741,13,0,0,11.5,0.08695652173913043,0.07692307692307693,0.23076923076923078,2026-03-14T08:52:00+00:00,999,Ascot,9,R9 Schweppes - J.c. Roberts Stakes
10248745,14,0,0,10.0,0.1,0.07142857142857142,0.21428571428571427,2026-03-14T09:32:00+00:00,999,Ascot,10,R10 Croser Sparkling (Rs1mw)
10248244,14,0,1,2.5,0.4,0.07142857142857142,0.21428571428571427,2026-03-15T02:30:00+00:00,999,Wingatui,5,R5 El Moyle Memorial With Green Island Grizzlies (Bm65)
10251702,10,0,0,7.0,0.14285714285714285,0.1,0.3,2026-03-15T04:55:00+00:00,999,Port Lincoln,6,R6 Sportsbet Racing Form Hcp (56)
10251756,9,0,0,5.5,0.18181818181818182,0.1111111111111111,0.3333333333333333,2026-03-15T05:20:00+00:00,999,Yarra Valley,6,R6 Bet365 Same Race Multi (Bm62)
10251801,14,0,1,3.0,0.3333333333333333,0.07142857142857142,0.21428571428571427,2026-03-15T05:40:00+00:00,999,Swan Hill,6,R6 Kennedy’s Jewellers (Bm56)
10251724,10,1,1,1.0,1.0,0.1,0.3,2026-03-15T05:50:00+00:00,999,Dubbo,8,R8 Gm Specialty Vehicles Dubbo Showcase (Bm58)
10251696,10,0,0,4.0,0.25,0.1,0.3,2026-03-15T06:05:00+00:00,999,Port Lincoln,8,R8 Zimmcom Kimba Cup
10251805,14,0,0,8.0,0.125,0.07142857142857142,0.21428571428571427,2026-03-15T06:15:00+00:00,999,Swan Hill,7,R7 Pooles Accountants St Patrick’s Cup (Bm56)
10251723,11,0,0,11.0,0.09090909090909091,0.09090909090909091,0.2727272727272727,2026-03-15T06:30:00+00:00,999,Dubbo,9,R9 Inland Petroleum Country Boosted Showcase (Bm58)
10251755,9,0,1,3.0,0.3333333333333333,0.1111111111111111,0.3333333333333333,2026-03-15T06:35:00+00:00,999,Yarra Valley,8,R8 Get Home Safely (Bm62)
10251889,12,0,0,12.0,0.08333333333333333,0.08333333333333333,0.25,2026-03-15T06:40:00+00:00,999,Townsville,8,R8 Great Northern Brewing Co Plate (C3)
10251701,10,0,0,9.0,0.1111111111111111,0.1,0.3,2026-03-15T06:45:00+00:00,999,Port Lincoln,9,R9 Marina Hotels & Apartments (Bm70)
10251956,11,0,0,4.0,0.25,0.09090909090909091,0.2727272727272727,2026-03-15T09:30:00+00:00,999,York,7,R7 Western Racepix (Bm46+)
10251633,11,0,0,9.5,0.10526315789473684,0.09090909090909091,0.2727272727272727,2026-03-16T05:10:00+00:00,999,Port Macquarie,5,R5 Win Network Hcp (C2)
10255454,8,0,0,8.0,0.125,0.125,0.375,2026-03-17T05:20:00+00:00,999,Hawkesbury,5,R5 Celebrating Darrin Voss (Bm64)
10255379,9,0,0,5.0,0.2,0.1111111111111111,0.3333333333333333,2026-03-17T06:15:00+00:00,999,Moree,7,R7 Pally School P & C (Bm58)
10255486,10,0,1,2.5,0.4,0.1,0.3,2026-03-17T06:20:00+00:00,999,Terang,8,R8 Murfett & Whiting Electrical (Bm56)
10255512,10,0,0,10.0,0.1,0.1,0.3,2026-03-17T06:40:00+00:00,999,Kilcoy,6,R6 Ash Pedler Memorial (Bm58)
10265336,8,0,0,4.0,0.25,0.125,0.375,2026-03-18T05:05:00+00:00,999,Wyong,5,R5 Central Coast Coolrooms (Bm78)
10265286,10,0,0,7.0,0.14285714285714285,0.1,0.3,2026-03-18T05:22:00+00:00,999,Waverley,8,R8 Property Brokers Mdn
10265347,12,1,1,1.0,1.0,0.08333333333333333,0.25,2026-03-18T05:23:00+00:00,999,Doomben,5,R5 Sunset Soiree 20 March Mdn Plate
10265350,8,0,0,7.0,0.14285714285714285,0.125,0.375,2026-03-18T06:33:00+00:00,999,Doomben,7,R7 Magic Millions Digital (Bm70)
10265329,9,0,0,5.5,0.18181818181818182,0.1111111111111111,0.3333333333333333,2026-03-18T06:50:00+00:00,999,Wyong,8,R8 Encore By Mingara (Bm72)
10265349,10,0,0,9.5,0.10526315789473684,0.1,0.3,2026-03-18T07:10:00+00:00,999,Doomben,8,R8 Ladbrokes Bet Ticker (Bm68)
10265363,7,0,0,4.0,0.25,0.14285714285714285,0.42857142857142855,2026-03-18T07:30:00+00:00,999,Caulfield Heath,8,R8 Sportsbet Race Replays (Bm70)
10265535,8,0,0,7.5,0.13333333333333333,0.125,0.375,2026-03-18T09:40:00+00:00,999,Ascot,7,R7 Unite Resourcing Hcp (C1)
10269197,9,0,0,7.0,0.14285714285714285,0.1111111111111111,0.3333333333333333,2026-03-19T07:40:00+00:00,999,Mackay,8,R8 Racing Again Thursday 2Nd April (Bm55)
10269182,6,0,1,2.0,0.5,0.16666666666666666,0.5,2026-03-19T09:45:00+00:00,999,Pakenham,8,R8 John Duff & Co (Bm62)
10269105,10,1,1,1.0,1.0,0.1,0.3,2026-03-20T02:04:00+00:00,999,Pukekohe,5,R5 Golf Warehouse (Bm65)
10269107,13,0,0,7.0,0.14285714285714285,0.07692307692307693,0.23076923076923078,2026-03-20T03:56:00+00:00,999,Pukekohe,8,R8 Show By Skycity (Bm75)
10273012,14,0,0,9.0,0.1111111111111111,0.07142857142857142,0.21428571428571427,2026-03-20T05:55:00+00:00,999,Albury,7,R7 Commercial Club Albury ***Big Dance Eligibility*** Albury Gold Cup
10273114,11,0,0,7.0,0.14285714285714285,0.09090909090909091,0.2727272727272727,2026-03-20T06:00:00+00:00,999,Ballarat,8,R8 Mitch Freedman Racing Hcp (62)
10273013,12,0,0,7.0,0.14285714285714285,0.08333333333333333,0.25,2026-03-20T06:30:00+00:00,999,Albury,8,R8 Naughtin Development Group Showcase Flat Knacker
10272915,16,1,1,1.0,1.0,0.0625,0.1875,2026-03-20T06:55:00+00:00,999,Scone,8,R8 Evergreen Turf Northern Country Championships Wild Card Plate (C5)
10273050,13,0,1,2.0,0.5,0.07692307692307693,0.23076923076923078,2026-03-20T07:19:00+00:00,999,Ipswich,8,R8 Vince Insurance (Bm60)
10269151,10,0,1,3.0,0.3333333333333333,0.1,0.3,2026-03-20T10:02:00+00:00,999,Launceston,7,R7 Good Friday Family Fun Day (Bm76)
10269155,9,0,1,2.0,0.5,0.1111111111111111,0.3333333333333333,2026-03-20T10:36:00+00:00,999,Launceston,8,R8 Ladbrokes Racing Extras In Multi (Bm68)
10272904,14,1,1,1.0,1.0,0.07142857142857142,0.21428571428571427,2026-03-21T01:28:00+00:00,999,Riccarton,5,R5 Moorpork Nz Pig Farm (Bm65)
10272906,13,0,0,10.0,0.1,0.07692307692307693,0.23076923076923078,2026-03-21T02:38:00+00:00,999,Riccarton,7,R7 Seaton Family Memorial Hororata Gold Cup
10272926,13,0,0,8.0,0.125,0.07692307692307693,0.23076923076923078,2026-03-21T02:53:00+00:00,999,Trentham,7,R7 Lifedirect Nz St Leger
10272899,15,0,1,2.0,0.5,0.06666666666666667,0.2,2026-03-21T03:13:00+00:00,999,Riccarton,8,R8 Donaldson Brown South Island Thoroughbred Breeders' Stakes
10273140,8,0,0,4.5,0.2222222222222222,0.125,0.375,2026-03-21T03:20:00+00:00,999,Caulfield,5,R5 Manhari (Bm96)
10272932,12,1,1,1.0,1.0,0.08333333333333333,0.25,2026-03-21T03:28:00+00:00,999,Trentham,8,R8 Carevets Nz Lightning Hcp
10272929,11,0,0,8.0,0.125,0.09090909090909091,0.2727272727272727,2026-03-21T04:24:00+00:00,999,Trentham,9,R9 Momentum Consulting (Bm75)
10272995,9,0,0,4.0,0.25,0.1111111111111111,0.3333333333333333,2026-03-21T04:42:00+00:00,999,Morphettville,7,R7 Charlie Hoile (Heat 1 Of Adelaide In Autumn Series) (Bm72)
10273133,11,1,1,1.0,1.0,0.09090909090909091,0.2727272727272727,2026-03-21T05:15:00+00:00,999,Caulfield,8,R8 Ladbrokes William Reid Stakes
10276846,11,0,0,7.5,0.13333333333333333,0.09090909090909091,0.2727272727272727,2026-03-21T05:20:00+00:00,999,Kembla Grange,6,R6 Tle Thanks Schneider Electric (Bm64)
10272997,12,0,0,8.0,0.125,0.08333333333333333,0.25,2026-03-21T05:27:00+00:00,999,Morphettville,8,R8 Croser (Bm62)
10273149,16,0,0,9.5,0.10526315789473684,0.0625,0.1875,2026-03-21T05:35:00+00:00,999,Rosehill,8,R8 Tab Golden Slipper
10273136,12,1,1,1.0,1.0,0.08333333333333333,0.25,2026-03-21T05:55:00+00:00,999,Caulfield,9,R9 Dce Alister Clark Stakes
10273003,12,0,0,5.0,0.2,0.08333333333333333,0.25,2026-03-21T06:07:00+00:00,999,Morphettville,9,R9 Thomas Farms (Heat 2 Of Festival State Sprint Series) (Bm72)
10276889,9,0,0,8.0,0.125,0.1111111111111111,0.3333333333333333,2026-03-21T06:11:00+00:00,999,Echuca,7,R7 Border Inn Hotel Moama Hcp (56)
10273152,12,0,1,2.5,0.4,0.08333333333333333,0.25,2026-03-21T06:15:00+00:00,999,Rosehill,9,R9 Kia Ora Galaxy
10277122,9,0,0,4.5,0.2222222222222222,0.1111111111111111,0.3333333333333333,2026-03-21T06:37:00+00:00,999,Dalby,8,R8 The Pest Worx Blitz Newmarket Hcp
10276845,10,0,0,5.0,0.2,0.1,0.3,2026-03-21T06:40:00+00:00,999,Kembla Grange,8,R8 Racing Nsw Provincial-Midway Championship Qualifier Hcp (C5)
10276937,15,0,1,2.5,0.4,0.06666666666666667,0.2,2026-03-21T06:44:00+00:00,999,Gold Coast,8,R8 Beaudesert Anzac Day Raceday Hcp (58)
10272998,12,0,0,11.5,0.08695652173913043,0.08333333333333333,0.25,2026-03-21T06:48:00+00:00,999,Morphettville,10,R10 Pfd Food Services (Heat 1 Of Provincial Pathways Series) Hcp (62)
10273232,11,0,0,4.0,0.25,0.09090909090909091,0.2727272727272727,2026-03-21T07:10:00+00:00,999,Eagle Farm,8,R8 Go Transit Media Group (Bm70)
10277125,10,0,0,9.0,0.1111111111111111,0.1,0.3,2026-03-21T07:16:00+00:00,999,Dalby,9,R9 The Gwandalan Coastal Classic (Bm50)
10273466,13,0,1,3.0,0.3333333333333333,0.07692307692307693,0.23076923076923078,2026-03-21T08:12:00+00:00,999,Ascot,8,R8 Vale Buster O'malley (Bm66+)
10273461,13,0,0,7.0,0.14285714285714285,0.07692307692307693,0.23076923076923078,2026-03-21T08:47:00+00:00,999,Ascot,9,R9 Grandstand Cup
10272891,12,0,1,2.0,0.5,0.08333333333333333,0.25,2026-03-22T02:27:00+00:00,999,Matamata,5,R5 Gregory Equine Mdn
10276922,8,1,1,1.0,1.0,0.125,0.375,2026-03-22T04:00:00+00:00,999,Goulburn,5,R5 Goulburn Produce Showcase Fred Cooper Cup (Bm74)
10272946,10,0,0,5.5,0.18181818181818182,0.1,0.3,2026-03-22T05:10:00+00:00,999,Hobart,5,R5 National Apprentice Race Series (Bm60)
10276914,16,0,0,5.0,0.2,0.0625,0.1875,2026-03-22T05:50:00+00:00,999,Goulburn,8,R8 Evergreen Turf Southern Country Championships Wild Card Plate (C5)
10276989,8,0,0,4.0,0.25,0.125,0.375,2026-03-22T06:15:00+00:00,999,Bairnsdale,8,R8 Tim Bull - Member For East Gippsland Hcp (62)
10276913,8,0,0,8.0,0.125,0.125,0.375,2026-03-22T06:30:00+00:00,999,Goulburn,9,R9 Goulburn Soldiers Club Showcase (Bm66)
10276869,11,0,0,11.0,0.09090909090909091,0.09090909090909091,0.2727272727272727,2026-03-22T06:45:00+00:00,999,Mount Gambier,8,R8 Mayura Station (Heat 2 Of Provincial Pathways Series) (Bm56)
10277198,10,0,1,3.0,0.3333333333333333,0.1,0.3,2026-03-22T07:50:00+00:00,999,Pinjarra,7,R7 Andrew Ralph's Diamond Jewellers Hcp (C3)
10277199,11,0,0,10.0,0.1,0.09090909090909091,0.2727272727272727,2026-03-22T08:25:00+00:00,999,Pinjarra,8,R8 Felix Playing On-Course After The Last Today Hcp (C1)
10277204,12,0,0,6.0,0.16666666666666666,0.08333333333333333,0.25,2026-03-22T09:01:00+00:00,999,Pinjarra,9,R9 Tabtouch Pinjarra Cup
10276803,11,0,0,5.5,0.18181818181818182,0.09090909090909091,0.2727272727272727,2026-03-23T06:30:00+00:00,999,Ballina,7,R7 Tab Country Boosted (Bm58)
10280208,10,0,0,10.0,0.1,0.1,0.3,2026-03-24T04:30:00+00:00,999,Yarra Valley,5,R5 Manhari (Bm56)
10280127,8,0,0,4.5,0.2222222222222222,0.125,0.375,2026-03-24T05:15:00+00:00,999,Port Macquarie,6,R6 Chris Cousens Hcp (C1)
10280213,12,0,0,5.0,0.2,0.08333333333333333,0.25,2026-03-24T06:00:00+00:00,999,Yarra Valley,8,R8 Manhari (Bm56)
10280129,11,0,0,9.5,0.10526315789473684,0.09090909090909091,0.2727272727272727,2026-03-24T06:30:00+00:00,999,Port Macquarie,8,R8 Blake Nelson Country Boosted (Bm58)
10280319,11,0,0,10.0,0.1,0.09090909090909091,0.2727272727272727,2026-03-24T07:20:00+00:00,999,Rockhampton,7,R7 Melissa-Gaye Designs Hcp (55)
10290618,10,0,0,4.0,0.25,0.1,0.3,2026-03-25T04:50:00+00:00,999,Hawera,8,R8 Racing Next Friday 17Th April 2026 (Bm75)
10290646,11,0,0,8.0,0.125,0.09090909090909091,0.2727272727272727,2026-03-25T05:05:00+00:00,999,Randwick-Kensington,5,R5 Tab (Bm72)
10290672,10,0,0,7.0,0.14285714285714285,0.1,0.3,2026-03-25T06:46:00+00:00,999,Sandown,6,R6 Thoroughbred Club Of Australia (Bm70)
10290648,10,0,0,4.0,0.25,0.1,0.3,2026-03-25T06:50:00+00:00,999,Randwick-Kensington,8,R8 Irresistible Pools & Spas (Bm78)
10290668,11,0,1,2.0,0.5,0.09090909090909091,0.2727272727272727,2026-03-25T07:09:00+00:00,999,Sandown,7,R7 Ive > (Bm70)
10290669,10,0,1,1.5,0.6666666666666666,0.1,0.3,2026-03-25T07:35:00+00:00,999,Sandown,8,R8 Sportsbet Same Race Multi (Bm70)
10290721,12,0,0,7.0,0.14285714285714285,0.08333333333333333,0.25,2026-03-25T07:38:00+00:00,999,Eagle Farm,8,R8 Ladbrokes Mega Multi Hcp (C1)
10293998,9,0,1,3.0,0.3333333333333333,0.1111111111111111,0.3333333333333333,2026-03-26T04:34:00+00:00,999,Cairns,7,R7 Century Cranes (Bm55)
10293999,8,0,0,8.0,0.125,0.125,0.375,2026-03-26T05:08:00+00:00,999,Cairns,8,R8 Coral Coast Catering (Bm55)
10293988,10,0,0,8.5,0.11764705882352941,0.1,0.3,2026-03-26T05:35:00+00:00,999,Ipswich,7,R7 Racing And Sports (Bm55)
10294000,10,0,0,4.0,0.25,0.1,0.3,2026-03-26T05:47:00+00:00,999,Cairns,9,R9 Red Beret Hotel (Bm70)
10293883,10,0,0,10.0,0.1,0.1,0.3,2026-03-26T05:55:00+00:00,999,Hawkesbury,8,R8 Voodoo Ranger Cup Hcp (C1)
10293924,13,0,0,8.0,0.125,0.07692307692307693,0.23076923076923078,2026-03-26T06:00:00+00:00,999,Warrnambool,8,R8 Whalers Hotel (Bm62)
10293985,11,0,0,8.5,0.11764705882352941,0.09090909090909091,0.2727272727272727,2026-03-26T06:10:00+00:00,999,Ipswich,8,R8 Great Northern (Bm65)
10293882,14,0,0,14.0,0.07142857142857142,0.07142857142857142,0.21428571428571427,2026-03-26T06:30:00+00:00,999,Hawkesbury,9,R9 Fireball Cinnamon Whisky Midway (Bm64)
10293987,13,0,0,4.0,0.25,0.07692307692307693,0.23076923076923078,2026-03-26T06:50:00+00:00,999,Ipswich,9,R9 Ray White Ipswich Hcp (60)
10293913,5,0,0,5.0,0.2,0.2,0.6,2026-03-26T09:45:00+00:00,999,Pakenham,8,R8 Hygain Edge Hcp (62)
10293820,14,0,0,7.0,0.14285714285714285,0.07142857142857142,0.21428571428571427,2026-03-27T02:20:00+00:00,999,Wingatui,6,R6 More Fm (Bm65)
10293821,14,0,0,4.0,0.25,0.07142857142857142,0.21428571428571427,2026-03-27T02:53:00+00:00,999,Wingatui,7,R7 Speight's (Bm65)
10293824,10,0,0,8.0,0.125,0.1,0.3,2026-03-27T03:24:00+00:00,999,Wingatui,8,R8 Rugby At The Races 31St May – Tickets On Sale Soon (Bm75)
10298463,13,0,0,5.0,0.2,0.07692307692307693,0.23076923076923078,2026-03-27T04:30:00+00:00,999,Bendigo,5,R5 The Rising Sun Hcp (62)
10298381,14,0,0,4.0,0.25,0.07142857142857142,0.21428571428571427,2026-03-27T05:55:00+00:00,999,Muswellbrook,7,R7 'Big Dance Eligibility' Emf Group Muswellbrook Gold Cup
10298466,8,0,1,3.0,0.3333333333333333,0.125,0.375,2026-03-27T06:00:00+00:00,999,Bendigo,8,R8 Dobeli Electrical Hcp (62)
10298380,10,1,1,1.0,1.0,0.1,0.3,2026-03-27T06:30:00+00:00,999,Muswellbrook,8,R8 Bhp Mt Arthur Showcase Wayne Harris Hcp
10298498,9,0,1,1.5,0.6666666666666666,0.1111111111111111,0.3333333333333333,2026-03-27T06:50:00+00:00,999,Toowoomba,5,R5 Provincial Distributors (Bm70)
10298499,14,1,1,1.0,1.0,0.07142857142857142,0.21428571428571427,2026-03-27T07:50:00+00:00,999,Toowoomba,7,R7 Sub Zero Air Conditioning King Of The Mountain Hcp
10298500,12,0,1,3.0,0.3333333333333333,0.08333333333333333,0.25,2026-03-27T08:30:00+00:00,999,Toowoomba,8,R8 Mnp Security (Bm78)
10293845,6,0,1,2.0,0.5,0.16666666666666666,0.5,2026-03-27T10:00:00+00:00,999,Launceston,8,R8 Free Entertainment For The Kids Good Friday (Bm68)
10298329,16,0,0,14.0,0.07142857142857142,0.0625,0.1875,2026-03-28T01:53:00+00:00,999,Trentham,5,R5 Intowin.co.nz City Of Palmerston North Awapuni Gold Cup
10298321,8,0,1,1.5,0.6666666666666666,0.125,0.375,2026-03-28T03:22:00+00:00,999,Te Aroha,8,R8 Towes Insurance (Bm65)
10298328,17,0,0,4.0,0.25,0.058823529411764705,0.17647058823529413,2026-03-28T03:58:00+00:00,999,Trentham,8,R8 Listen Live On Sportnation.nz Nz Thoroughbred Breeders' Stakes
10298534,9,0,0,6.0,0.16666666666666666,0.1111111111111111,0.3333333333333333,2026-03-28T04:05:00+00:00,999,Flemington,6,R6 Vrc Sprint Classic
10298419,11,1,1,1.0,1.0,0.09090909090909091,0.2727272727272727,2026-03-28T04:17:00+00:00,999,Morphettville,6,R6 Sportsbet Adelaide Racing Carnival April 25-May 9 (Bm70)
10298323,13,1,1,1.0,1.0,0.07692307692307693,0.23076923076923078,2026-03-28T04:32:00+00:00,999,Trentham,9,R9 Capture Signs Sprint 3Yo
10298580,10,0,0,7.0,0.14285714285714285,0.1,0.3,2026-03-28T04:33:00+00:00,999,Doomben,5,R5 Xxxx Hcp
10301608,11,0,0,5.0,0.2,0.09090909090909091,0.2727272727272727,2026-03-28T05:11:00+00:00,999,Port Macquarie,5,R5 John Oxley Geely (Bm50)
10298537,12,1,1,1.0,1.0,0.08333333333333333,0.25,2026-03-28T05:15:00+00:00,999,Flemington,8,R8 Tab Australian Cup
10298414,7,1,1,1.0,1.0,0.14285714285714285,0.42857142857142855,2026-03-28T05:27:00+00:00,999,Morphettville,8,R8 Sportsbet Matrice Stakes
10298478,8,0,0,4.0,0.25,0.125,0.375,2026-03-28T05:35:00+00:00,999,Rosehill,8,R8 Kia Tancred Stakes
10301609,11,0,0,10.5,0.09523809523809523,0.09090909090909091,0.2727272727272727,2026-03-28T05:50:00+00:00,999,Port Macquarie,6,R6 Mcguigan Bmw (Bm50)
10298542,10,1,1,1.0,1.0,0.1,0.3,2026-03-28T05:55:00+00:00,999,Flemington,9,R9 Ata/Bob Hoysted Hcp
10298417,15,0,0,7.0,0.14285714285714285,0.06666666666666667,0.2,2026-03-28T06:07:00+00:00,999,Morphettville,9,R9 Sportsbet Clare Lindop Stakes
10301657,13,0,0,10.0,0.1,0.07692307692307693,0.23076923076923078,2026-03-28T06:11:00+00:00,999,Kyneton,7,R7 Carlton Draught Hcp (56)
10298477,11,0,0,7.0,0.14285714285714285,0.09090909090909091,0.2727272727272727,2026-03-28T06:15:00+00:00,999,Rosehill,9,R9 Racing And Sports Doncaster Prelude
10298586,9,0,0,4.0,0.25,0.1111111111111111,0.3333333333333333,2026-03-28T06:27:00+00:00,999,Doomben,8,R8 Sky Racing (Bm85)
10301578,12,1,1,1.0,1.0,0.08333333333333333,0.25,2026-03-28T06:40:00+00:00,999,Wyong,8,"R8 $150,000 Provincial-Midway Championship Qualifier Plate (C5)"
10301810,12,0,0,8.0,0.125,0.08333333333333333,0.25,2026-03-28T06:44:00+00:00,999,Roma,6,R6 John Frith Memorial / Morgans Bracelet Hcp
10298471,16,0,0,7.0,0.14285714285714285,0.0625,0.1875,2026-03-28T06:55:00+00:00,999,Rosehill,10,R10 E Security Group Star Kingdom Stakes
10298581,10,0,1,3.0,0.3333333333333333,0.1,0.3,2026-03-28T07:10:00+00:00,999,Doomben,9,R9 Ladbrokes Popular Srm (Bm78)
10301905,9,0,0,9.0,0.1111111111111111,0.1111111111111111,0.3333333333333333,2026-03-29T04:40:00+00:00,999,Avoca,5,R5 Carlton Draught Hcp (56)
10301892,9,0,0,8.0,0.125,0.1111111111111111,0.3333333333333333,2026-03-29T05:46:00+00:00,999,Sunshine Coast,7,R7 Pfd Food Services (Bm60)
10301596,11,0,0,4.0,0.25,0.09090909090909091,0.2727272727272727,2026-03-29T05:50:00+00:00,999,Port Lincoln,6,R6 Plrc Committee Thank You Hcp (54)
10301519,12,0,0,12.0,0.08333333333333333,0.08333333333333333,0.25,2026-03-29T05:55:00+00:00,999,Armidale,7,R7 St Albert's College Albies Cup Country Boosted Hcp (C1)
10301788,10,1,1,1.0,1.0,0.1,0.3,2026-03-29T06:10:00+00:00,999,Sale,8,R8 Ladbrokes Big Bets Copy Now (Bm62)
10301720,9,0,0,4.5,0.2222222222222222,0.1111111111111111,0.3333333333333333,2026-03-29T06:20:00+00:00,999,Wagga,8,R8 Sheathers Painting Wagga (Bm66)
10301894,14,1,1,1.0,1.0,0.07142857142857142,0.21428571428571427,2026-03-29T06:30:00+00:00,999,Sunshine Coast,8,R8 Southeast Stainless Hcp (C1)
10301900,13,0,0,10.0,0.1,0.07692307692307693,0.23076923076923078,2026-03-29T07:00:00+00:00,999,Sunshine Coast,9,R9 Tab (Bm62)
10302106,8,0,0,7.0,0.14285714285714285,0.125,0.375,2026-03-30T04:55:00+00:00,999,Sapphire Coast,6,R6 Leser Build Country Boosted (Bm58)
10305599,9,1,1,1.0,1.0,0.1111111111111111,0.3333333333333333,2026-03-30T06:00:00+00:00,999,Ararat,8,R8 Programmed (Bm62)
10302107,8,0,0,8.0,0.125,0.125,0.375,2026-03-30T06:10:00+00:00,999,Sapphire Coast,8,R8 Clark Equipment Mdn Hcp
10301581,11,0,0,10.0,0.1,0.09090909090909091,0.2727272727272727,2026-03-30T06:30:00+00:00,999,Grafton,8,R8 More Ice (Bm58)
10305626,6,1,1,1.0,1.0,0.16666666666666666,0.5,2026-03-31T06:00:00+00:00,999,Kilmore,8,R8 C&M Build Group (Bm62)
10305580,10,0,0,7.0,0.14285714285714285,0.1,0.3,2026-03-31T06:30:00+00:00,999,Newcastle,8,R8 The Prince Of Merewether Hcp (C1)
10315555,12,0,0,7.0,0.14285714285714285,0.08333333333333333,0.25,2026-04-01T03:24:00+00:00,999,Pukekohe,8,R8 Yourride Hcp (60)
10315552,12,0,0,11.0,0.09090909090909091,0.08333333333333333,0.25,2026-04-01T03:59:00+00:00,999,Pukekohe,9,R9 Horizon By Skycity (Bm65)
10315490,10,0,0,7.5,0.13333333333333333,0.1,0.3,2026-04-01T05:05:00+00:00,999,Warwick Farm,5,R5 Brave Smash At Yarraman (Bm78)
10315528,8,0,0,8.0,0.125,0.125,0.375,2026-04-01T05:50:00+00:00,999,Geelong,7,R7 Race Day Medical Pty Ltd (Bm62)
10315532,11,0,0,3.5,0.2857142857142857,0.09090909090909091,0.2727272727272727,2026-04-01T06:25:00+00:00,999,Geelong,8,R8 Statewide Coolrooms Hcp (66)
10315602,10,0,0,7.0,0.14285714285714285,0.1,0.3,2026-04-01T06:33:00+00:00,999,Doomben,6,R6 Xxxx Gold (Bm70)
10306665,8,0,0,4.0,0.25,0.125,0.375,2026-04-01T06:44:00+00:00,999,Ascot,5,R5 Epilepsy Wa (Bm72+)
10315488,9,0,1,2.0,0.5,0.1111111111111111,0.3333333333333333,2026-04-01T06:50:00+00:00,999,Warwick Farm,8,R8 Hawaii Five Oh @ Vinery Stud (Bm78)
10306670,13,0,1,3.0,0.3333333333333333,0.07692307692307693,0.23076923076923078,2026-04-01T07:55:00+00:00,999,Ascot,7,R7 Bisley Workwear (Bm66+)
10306662,11,0,0,3.5,0.2857142857142857,0.09090909090909091,0.2727272727272727,2026-04-01T08:30:00+00:00,999,Ascot,8,R8 Solutions Matchmaking (Rs1mw)
10306663,11,1,1,1.0,1.0,0.09090909090909091,0.2727272727272727,2026-04-01T09:05:00+00:00,999,Ascot,9,R9 Wittens Irrigation & Design (Bm66+)
10306667,9,0,0,4.5,0.2222222222222222,0.1111111111111111,0.3333333333333333,2026-04-01T09:40:00+00:00,999,Ascot,10,R10 Mrs Mac's (Bm72+)
10319218,11,0,0,10.0,0.1,0.09090909090909091,0.2727272727272727,2026-04-02T03:07:00+00:00,999,Ashburton,8,R8 Greg Jones Memorial Hcp
10319219,14,0,0,4.0,0.25,0.07142857142857142,0.21428571428571427,2026-04-02T03:38:00+00:00,999,Ashburton,9,R9 Agraforum Growing Innovation (Bm65)
10319314,9,0,0,7.5,0.13333333333333333,0.1111111111111111,0.3333333333333333,2026-04-02T06:20:00+00:00,999,Mackay,8,R8 Happy & Safe Easter From Mtc Hcp (55)
10319317,11,0,0,10.5,0.09523809523809523,0.09090909090909091,0.2727272727272727,2026-04-02T07:00:00+00:00,999,Mackay,9,R9 Racing Again Friday 17Th April Hcp (58)
10319292,9,1,1,1.0,1.0,0.1111111111111111,0.3333333333333333,2026-04-02T09:45:00+00:00,999,Pakenham,8,R8 Cameron Industrial Commercial Hcp (66)
10319498,13,1,1,1.0,1.0,0.07692307692307693,0.23076923076923078,2026-04-03T05:00:00+00:00,999,Launceston,6,R6 Ladbrokes Big Bets Copy Now Hcp (C2)
10323046,9,0,1,3.0,0.3333333333333333,0.1111111111111111,0.3333333333333333,2026-04-03T05:57:00+00:00,999,Canberra,8,R8 Tooheys Hcp (C1)
10323154,9,1,1,1.0,1.0,0.1111111111111111,0.3333333333333333,2026-04-03T06:05:00+00:00,999,Ballarat,8,R8 Green Horse Equine & Pet Laundry Good Friday Cntry Trainers Series Final (Bm70)
10319500,7,0,0,6.0,0.16666666666666666,0.14285714285714285,0.42857142857142855,2026-04-03T06:10:00+00:00,999,Launceston,8,R8 E (Ted) & Arthur Cox Memorial Hcp
10323047,8,0,1,2.0,0.5,0.125,0.375,2026-04-03T06:35:00+00:00,999,Canberra,9,R9 Grapevine Mortgages Plate (C2)
10319504,7,1,1,1.0,1.0,0.14285714285714285,0.42857142857142855,2026-04-03T06:45:00+00:00,999,Launceston,9,R9 Happy Easter From The Tasmanian Turf Club Hcp (C3)
10319542,13,0,1,3.0,0.3333333333333333,0.07692307692307693,0.23076923076923078,2026-04-03T06:57:00+00:00,999,Ascot,6,R6 Glenroy Chaff Mdn
10319538,11,0,0,6.0,0.16666666666666666,0.09090909090909091,0.2727272727272727,2026-04-03T08:08:00+00:00,999,Ascot,8,R8 Bisley Workwear Hcp (C1)
10323118,8,0,1,2.0,0.5,0.125,0.375,2026-04-03T08:35:00+00:00,999,Cranbourne,6,R6 Ladbrokes Racing Extras In Multi (Bm70)
10319539,9,0,1,2.0,0.5,0.1111111111111111,0.3333333333333333,2026-04-03T08:43:00+00:00,999,Ascot,9,R9 Reliable Asset Maintenance Hcp (C1)
10319540,11,0,0,9.0,0.1111111111111111,0.09090909090909091,0.2727272727272727,2026-04-03T09:18:00+00:00,999,Ascot,10,R10 Morley Growers Market Hcp (C3)
10323124,7,0,0,4.0,0.25,0.14285714285714285,0.42857142857142855,2026-04-03T09:45:00+00:00,999,Cranbourne,8,R8 Hertz South Yarra (Bm66)
10322958,11,0,0,6.0,0.16666666666666666,0.09090909090909091,0.2727272727272727,2026-04-04T02:44:00+00:00,999,Riverton,8,R8 Francolin Stakes - Entain/Nzb Insurance Pearl Series Race
10322920,11,0,0,8.0,0.125,0.09090909090909091,0.2727272727272727,2026-04-04T02:58:00+00:00,999,Ellerslie,8,R8 Al Basti Equiworld Dubai Hcp
10322961,14,1,1,1.0,1.0,0.07142857142857142,0.21428571428571427,2026-04-04T03:19:00+00:00,999,Riverton,9,R9 Riverton Rural Transport Riverton Cup
10322925,16,0,0,4.0,0.25,0.0625,0.1875,2026-04-04T03:33:00+00:00,999,Ellerslie,9,R9 Show By Skycity (Bm75)
10322957,14,0,1,2.0,0.5,0.07142857142857142,0.21428571428571427,2026-04-04T03:54:00+00:00,999,Riverton,10,R10 Lawson Forestry Contracting Waipango (Bm65)
10323027,15,0,0,9.0,0.1111111111111111,0.06666666666666667,0.2,2026-04-04T04:12:00+00:00,999,Oakbank,5,R5 Emmetts Country Cup (Rs1ly)
10323024,12,0,0,11.0,0.09090909090909091,0.08333333333333333,0.25,2026-04-04T04:47:00+00:00,999,Oakbank,6,R6 Coopers Brewery Onkaparinga Cup
10322970,8,0,0,6.5,0.15384615384615385,0.125,0.375,2026-04-04T05:10:00+00:00,999,Moruya,5,R5 Batemans Bay Soldiers Club Mdn Plate
10323221,14,1,1,1.0,1.0,0.07142857142857142,0.21428571428571427,2026-04-04T05:15:00+00:00,999,Caulfield,8,R8 Tobin Brothers Celebrating Lives Easter Cup
10323030,12,0,0,6.0,0.16666666666666666,0.08333333333333333,0.25,2026-04-04T05:27:00+00:00,999,Oakbank,7,R7 Capetal The Vintage Hcp
10323089,16,0,1,2.0,0.5,0.0625,0.1875,2026-04-04T05:35:00+00:00,999,Randwick,8,R8 Doncaster Mile
10323265,10,0,0,4.0,0.25,0.1,0.3,2026-04-04T05:47:00+00:00,999,Eagle Farm,7,R7 Moreton Hire Hcp (C6)
10323213,15,0,0,15.0,0.06666666666666667,0.06666666666666667,0.2,2026-04-04T05:55:00+00:00,999,Caulfield,9,R9 Sportsbet Victoria Hcp
10323029,13,0,0,7.0,0.14285714285714285,0.07692307692307693,0.23076923076923078,2026-04-04T06:07:00+00:00,999,Oakbank,8,R8 Harcourts Hills Railway Stakes
10323202,10,0,0,5.0,0.2,0.1,0.3,2026-04-04T06:11:00+00:00,999,Warracknabeal,8,R8 Taylors Palace After The Last Hcp (56)
10323080,13,0,0,4.0,0.25,0.07692307692307693,0.23076923076923078,2026-04-04T06:15:00+00:00,999,Randwick,9,R9 Atc Australian Derby
10323250,10,0,0,6.0,0.16666666666666666,0.1,0.3,2026-04-04T06:24:00+00:00,999,Kerang,7,R7 J & M Chaser Bins (Bm52)
10323263,11,0,1,2.0,0.5,0.09090909090909091,0.2727272727272727,2026-04-04T06:27:00+00:00,999,Eagle Farm,8,R8 Stradbroke Season On Sale Now (Bm70)
10323218,11,0,0,5.0,0.2,0.09090909090909091,0.2727272727272727,2026-04-04T06:35:00+00:00,999,Caulfield,10,R10 Noel Rundle (Bm84)
10323129,10,0,0,6.0,0.16666666666666666,0.1,0.3,2026-04-04T06:40:00+00:00,999,Wyong,8,R8 Camp Quality Conditional (Bm68)
10323531,15,0,1,3.0,0.3333333333333333,0.06666666666666667,0.2,2026-04-04T06:44:00+00:00,999,Gold Coast,8,R8 Tab Hollindale Stakes Day On Sale Now Hcp (C1)
10323026,15,0,1,2.0,0.5,0.06666666666666667,0.2,2026-04-04T06:55:00+00:00,999,Oakbank,9,R9 Ray White Happy Birthday Sarah Hcp (66)
10323260,10,0,0,6.0,0.16666666666666666,0.1,0.3,2026-04-04T07:04:00+00:00,999,Eagle Farm,9,R9 Ladbrokes Owners Promotion Hcp
10323520,5,0,0,4.0,0.25,0.2,0.6,2026-04-04T07:11:00+00:00,999,Alice Springs,8,R8 The Cabinet Shop Tradies Day 11Th April Free Entry Hcp
10323722,14,0,0,5.0,0.2,0.07142857142857142,0.21428571428571427,2026-04-04T08:10:00+00:00,999,Ascot,8,R8 Swan Draught - Gimcrack Stakes
10323721,9,0,1,3.0,0.3333333333333333,0.1111111111111111,0.3333333333333333,2026-04-04T08:45:00+00:00,999,Ascot,9,R9 Pkf - Roma Cup
10322992,12,0,0,5.5,0.18181818181818182,0.08333333333333333,0.25,2026-04-05T06:05:00+00:00,999,Mudgee,6,R6 Terry Hall Tree Services (Bm66)
10323076,9,0,0,7.0,0.14285714285714285,0.1111111111111111,0.3333333333333333,2026-04-05T06:40:00+00:00,999,Penola,8,R8 Access Capital Finance Brokers (Bm56)
10323339,8,0,0,5.0,0.2,0.125,0.375,2026-04-05T07:10:00+00:00,999,Stawell,8,R8 Bet365 Bet Boost (Bm62)
10323596,11,0,0,5.5,0.18181818181818182,0.09090909090909091,0.2727272727272727,2026-04-05T07:15:00+00:00,999,Sunshine Coast,8,R8 Tab (Bm58)
10323071,9,0,0,8.0,0.125,0.1111111111111111,0.3333333333333333,2026-04-05T07:20:00+00:00,999,Penola,9,R9 Omnizar Hcp (56)
10327396,15,0,0,4.5,0.2222222222222222,0.06666666666666667,0.2,2026-04-05T07:30:00+00:00,999,Albany,5,R5 Wellington & Reeves Property Management Hcp (C2)
10323364,12,0,0,9.0,0.1111111111111111,0.08333333333333333,0.25,2026-04-05T07:35:00+00:00,999,Mornington,8,R8 Sportsbet Same Race Multi (Bm56)
10327401,14,0,1,3.0,0.3333333333333333,0.07142857142857142,0.21428571428571427,2026-04-05T09:15:00+00:00,999,Albany,8,R8 Alannah Mactiernan (Bm58+)
10327074,9,0,0,6.0,0.16666666666666666,0.1111111111111111,0.3333333333333333,2026-04-06T02:20:00+00:00,999,Riverton,5,R5 Dt King & Co Ltd /A B Lime (Bm75)
10327070,13,0,0,13.0,0.07692307692307693,0.07692307692307693,0.23076923076923078,2026-04-06T03:26:00+00:00,999,Riverton,7,R7 Bupa Longwood Care Home Highway Stakes
10327066,8,0,0,4.5,0.2222222222222222,0.125,0.375,2026-04-06T04:01:00+00:00,999,Riverton,8,R8 Perriam Hedgecutting / South Pacific Meats Thornbury Hcp
10327068,11,0,1,3.0,0.3333333333333333,0.09090909090909091,0.2727272727272727,2026-04-06T04:36:00+00:00,999,Riverton,9,R9 Halder Hedgecutting / Olphert Contracting Gummies Bush (Bm65)
10323162,8,0,0,5.0,0.2,0.125,0.375,2026-04-06T05:00:00+00:00,999,Rosehill,5,R5 Kia Ora Bloodlines To Headlines (Bm94)
10327082,8,0,1,2.5,0.4,0.125,0.375,2026-04-06T05:05:00+00:00,999,Wanganui,8,R8 The Junction Tavern (Bm65)
10323489,9,0,1,2.0,0.5,0.1111111111111111,0.3333333333333333,2026-04-06T05:20:00+00:00,999,Sandown,5,R5 Quayclean (Bm66)
10323158,12,0,0,9.0,0.1111111111111111,0.08333333333333333,0.25,2026-04-06T07:00:00+00:00,999,Rosehill,8,R8 Tab (Bm64)
10327297,13,0,0,5.0,0.2,0.07692307692307693,0.23076923076923078,2026-04-06T07:12:00+00:00,999,Ipswich,8,R8 Gordon's Gin Hcp (58)
10323488,9,0,0,7.0,0.14285714285714285,0.1111111111111111,0.3333333333333333,2026-04-06T07:20:00+00:00,999,Sandown,8,R8 Sportsbet More Places (Bm74)
10327385,11,0,0,9.0,0.1111111111111111,0.09090909090909091,0.2727272727272727,2026-04-06T09:29:00+00:00,999,York,7,R7 D & A Plumbing And Gas (Bm52+)
10327088,11,0,0,4.5,0.2222222222222222,0.09090909090909091,0.2727272727272727,2026-04-07T05:45:00+00:00,999,Grafton,6,R6 Gdsc Ramornie Handicap Day 15 July Hcp (C2)
10327165,10,0,0,6.0,0.16666666666666666,0.1,0.3,2026-04-07T07:00:00+00:00,999,Hamilton,8,R8 Ritchies Iga Hamilton (Bm56)
10327086,11,0,1,3.0,0.3333333333333333,0.09090909090909091,0.2727272727272727,2026-04-07T07:05:00+00:00,999,Grafton,8,R8 Maclean Bowling Club Maclean Cup Day 19 July (Bm82)
10340977,8,0,0,3.5,0.2857142857142857,0.125,0.375,2026-04-08T04:30:00+00:00,999,Avondale,8,R8 Rec - Andrew Skinner (Bm65)
10340925,11,0,0,11.0,0.09090909090909091,0.09090909090909091,0.2727272727272727,2026-04-08T06:08:00+00:00,999,Eagle Farm,7,R7 Drinkwise (Bm65)
10340926,11,0,1,2.0,0.5,0.09090909090909091,0.2727272727272727,2026-04-08T06:43:00+00:00,999,Eagle Farm,8,R8 Ladbrokes Quick Multi (Bm65)
10340989,9,0,0,7.5,0.13333333333333333,0.1111111111111111,0.3333333333333333,2026-04-08T07:10:00+00:00,999,Sale,8,R8 Ladbrokes Mega Multi (Bm62)
10343994,11,0,0,9.0,0.1111111111111111,0.09090909090909091,0.2727272727272727,2026-04-09T05:05:00+00:00,999,Taree,6,R6 Tab Venue Mode (Bm66)
10344000,13,0,1,2.0,0.5,0.07692307692307693,0.23076923076923078,2026-04-09T05:20:00+00:00,999,Gosford,5,R5 Ncis Sydney Provincial Mdn Hcp
10343989,11,0,0,9.0,0.1111111111111111,0.09090909090909091,0.2727272727272727,2026-04-09T05:40:00+00:00,999,Taree,7,R7 Vale Trent Potts (Bm66)
10343990,12,0,1,2.5,0.4,0.08333333333333333,0.25,2026-04-09T06:15:00+00:00,999,Taree,8,R8 Mark Hubbard Mate Of The Month (Bm58)
10343997,14,1,1,1.0,1.0,0.07142857142857142,0.21428571428571427,2026-04-09T06:55:00+00:00,999,Taree,9,R9 Xxxx Country Boosted (Bm58)
10343998,9,0,0,3.5,0.2857142857142857,0.1111111111111111,0.3333333333333333,2026-04-09T07:10:00+00:00,999,Gosford,8,R8 Central Coast Locksmiths (Bm64)
10343957,11,0,0,11.0,0.09090909090909091,0.09090909090909091,0.2727272727272727,2026-04-09T07:22:00+00:00,999,Cairns,8,R8 Mirunners Australia Pty Ltd (Bm50)
10341123,8,0,0,8.0,0.125,0.125,0.375,2026-04-09T08:00:00+00:00,999,Geraldton,7,R7 Share Bets With Tabtouch Bet Loop (Bm70+)
10341122,14,0,0,5.0,0.2,0.07142857142857142,0.21428571428571427,2026-04-09T08:30:00+00:00,999,Geraldton,8,R8 Next Meeting Geraldton Gold Cup April 19Th Hcp (C2)
10344038,8,0,1,2.0,0.5,0.125,0.375,2026-04-09T10:45:00+00:00,999,Pakenham,8,R8 Pakenham Mazda (Bm62)
10343947,9,0,1,2.0,0.5,0.1111111111111111,0.3333333333333333,2026-04-10T04:22:00+00:00,999,Waverley,8,R8 Bill Thurlow/ Sam O’malley Racing (Bm65)
10350562,13,0,0,8.0,0.125,0.07692307692307693,0.23076923076923078,2026-04-10T05:25:00+00:00,999,Murray Bridge,6,R6 Spry Civil Constructions Country Raceday 23Rd May Hcp (56)
10350376,11,0,0,9.0,0.1111111111111111,0.09090909090909091,0.2727272727272727,2026-04-10T05:35:00+00:00,999,Tamworth,6,R6 Kce Civil Contractors Mornington Prelude (Bm82)
10350467,9,0,0,8.5,0.11764705882352941,0.1111111111111111,0.3333333333333333,2026-04-10T05:49:00+00:00,999,Wellington,6,R6 Speedy Recovery Continuous Col Hodges Country Boosted (Bm50)
10350404,7,0,0,6.0,0.16666666666666666,0.14285714285714285,0.42857142857142855,2026-04-10T05:58:00+00:00,999,Gatton,8,R8 Peter Toohill Memorial Plate (Bm70)
10350405,9,0,0,7.0,0.14285714285714285,0.1111111111111111,0.3333333333333333,2026-04-10T06:38:00+00:00,999,Gatton,9,R9 Save The Date 2026 Gatton Cup June 27 (Bm62)
10350561,16,1,1,1.0,1.0,0.0625,0.1875,2026-04-10T06:45:00+00:00,999,Murray Bridge,8,R8 Sportsbet Racing Form (Bm56)
10350381,11,0,0,11.0,0.09090909090909091,0.09090909090909091,0.2727272727272727,2026-04-10T06:55:00+00:00,999,Tamworth,8,R8 Wests Entertainment Group (Bm58)
10350591,10,1,1,1.0,1.0,0.1,0.3,2026-04-10T07:05:00+00:00,999,Geelong,8,R8 Elegance Tiles (Bm62)
10350468,10,0,1,3.0,0.3333333333333333,0.1,0.3,2026-04-10T07:10:00+00:00,999,Wellington,8,R8 Matt Redfern Constructions (Bm58)
10350566,14,0,0,14.0,0.07142857142857142,0.07142857142857142,0.21428571428571427,2026-04-10T07:25:00+00:00,999,Murray Bridge,9,R9 Thomas Farms (Heat 6 Of Adelaide In Autumn Series) Hcp (62)
10350458,10,0,0,6.0,0.16666666666666666,0.1,0.3,2026-04-10T10:00:00+00:00,999,Gold Coast,6,R6 Cricket Gold Coast Hcp (C1)
10350530,7,0,0,5.0,0.2,0.14285714285714285,0.42857142857142855,2026-04-10T10:45:00+00:00,999,Cranbourne,8,R8 Ladbrokes Sky Heights Stayers Series Heat 1 (Bm62)
10350459,8,1,1,1.0,1.0,0.125,0.375,2026-04-10T11:00:00+00:00,999,Gold Coast,8,R8 Carbine Club Qld Hcp (C5)
10350386,6,1,1,1.0,1.0,0.16666666666666666,0.5,2026-04-10T11:13:00+00:00,999,Launceston,8,R8 Ladbrokes Big Bets Copy Now (Bm66)
10350330,18,0,1,3.0,0.3333333333333333,0.05555555555555555,0.16666666666666666,2026-04-11T02:14:00+00:00,999,Riccarton,5,R5 Remembering Bruce Craik (Bm65)
10350340,14,0,0,11.0,0.09090909090909091,0.07142857142857142,0.21428571428571427,2026-04-11T03:04:00+00:00,999,Otaki,6,R6 Harcourts Ōtaki (Bm65)
10350333,12,0,0,9.0,0.1111111111111111,0.08333333333333333,0.25,2026-04-11T03:20:00+00:00,999,Riccarton,7,R7 Angus Meats Hcp
10350341,14,1,1,1.0,1.0,0.07142857142857142,0.21428571428571427,2026-04-11T03:39:00+00:00,999,Otaki,7,R7 Nz Punter Of The Year @ Hb Spring Carnival Hawke's Bay Cup
10350329,17,0,0,6.0,0.16666666666666666,0.058823529411764705,0.17647058823529413,2026-04-11T03:55:00+00:00,999,Riccarton,8,R8 Tab Southern Alps Challenge
10350344,11,0,0,11.0,0.09090909090909091,0.09090909090909091,0.2727272727272727,2026-04-11T04:14:00+00:00,999,Otaki,8,R8 Fastinternet.nz (Bm75)
10350331,14,1,1,1.0,1.0,0.07142857142857142,0.21428571428571427,2026-04-11T04:29:00+00:00,999,Riccarton,9,R9 Racecourse Hotel & Motor Lodge (Bm75)
10350477,14,0,0,7.0,0.14285714285714285,0.07142857142857142,0.21428571428571427,2026-04-11T05:15:00+00:00,999,Randwick,7,R7 Schweppes Sydney Cup
10350556,12,0,0,3.5,0.2857142857142857,0.08333333333333333,0.25,2026-04-11T05:47:00+00:00,999,Morphettville,7,R7 Sportsbet Redelva Stakes
10350484,11,0,0,5.5,0.18181818181818182,0.09090909090909091,0.2727272727272727,2026-04-11T05:55:00+00:00,999,Randwick,8,R8 Moet & Chandon Queen Of The Turf Stakes
10350538,10,0,0,9.0,0.1111111111111111,0.1,0.3,2026-04-11T06:07:00+00:00,999,Doomben,7,R7 Cricks Highway (Bm80)
10353891,10,0,0,5.0,0.2,0.1,0.3,2026-04-11T06:10:00+00:00,999,Goulburn,6,R6 Campbell Petroleum Distributors (Bm58)
10350647,13,0,1,2.0,0.5,0.07692307692307693,0.23076923076923078,2026-04-11T06:15:00+00:00,999,Caulfield,8,R8 Thoroughbred Club Anniversary Vase
10353899,10,0,0,6.0,0.16666666666666666,0.1,0.3,2026-04-11T06:20:00+00:00,999,Newcastle,7,R7 Team Est (Bm68)
10350548,10,0,0,4.0,0.25,0.1,0.3,2026-04-11T06:27:00+00:00,999,Morphettville,8,R8 Sportsbet R N Irwin Stakes
10353902,12,0,0,3.5,0.2857142857142857,0.08333333333333333,0.25,2026-04-11T06:31:00+00:00,999,Werribee,6,R6 Picklebet's Pickle Perks Hcp (56)
10350480,7,0,0,5.0,0.2,0.14285714285714285,0.42857142857142855,2026-04-11T06:35:00+00:00,999,Randwick,9,R9 Queen Elizabeth Stakes
10350539,15,0,0,10.5,0.09523809523809523,0.06666666666666667,0.2,2026-04-11T06:43:00+00:00,999,Doomben,8,R8 Ladbrokes Hosted Pots Hcp
10350650,7,0,1,1.5,0.6666666666666666,0.14285714285714285,0.42857142857142855,2026-04-11T06:50:00+00:00,999,Caulfield,9,R9 Gmh Fire & Safety Australia Hcp
10353897,12,0,0,3.5,0.2857142857142857,0.08333333333333333,0.25,2026-04-11T06:55:00+00:00,999,Newcastle,8,R8 Chamberlains Law Firm (Bm68)
10350553,16,0,0,10.0,0.1,0.0625,0.1875,2026-04-11T07:02:00+00:00,999,Morphettville,9,R9 Sportsbet Auraria Stakes
10350479,12,0,0,11.0,0.09090909090909091,0.08333333333333333,0.25,2026-04-11T07:10:00+00:00,999,Randwick,10,R10 Tresemme Sapphire Stakes
10350649,12,0,0,12.0,0.08333333333333333,0.08333333333333333,0.25,2026-04-11T07:25:00+00:00,999,Caulfield,10,R10 Ern Jensen Funerals - Pinder Family Mile (Bm74)
10350787,9,0,0,9.0,0.1111111111111111,0.1111111111111111,0.3333333333333333,2026-04-11T08:24:00+00:00,999,Ascot,8,R8 Bisley Workwear (Bm66+)
10350783,9,0,0,5.0,0.2,0.1111111111111111,0.3333333333333333,2026-04-11T09:00:00+00:00,999,Ascot,9,R9 Schweppes - Watc Derby
10350672,9,0,0,4.0,0.25,0.1111111111111111,0.3333333333333333,2026-04-11T09:17:00+00:00,999,Narrogin,8,R8 Kirin Hyoketsu (Bm46+)
10362558,11,0,0,11.0,0.09090909090909091,0.09090909090909091,0.2727272727272727,2026-04-12T04:00:00+00:00,999,Rockhampton,8,R8 Phil Peel Jeweller (Bm55)
10354124,8,0,0,5.0,0.2,0.125,0.375,2026-04-12T04:50:00+00:00,999,Sunshine Coast,5,R5 Tyzac Vacuum Excavation Mdn Hcp
10353840,11,0,0,6.0,0.16666666666666666,0.09090909090909091,0.2727272727272727,2026-04-12T05:10:00+00:00,999,Gundagai,5,R5 Xxxx Country Boosted Hcp (C1)
10353838,12,0,0,9.5,0.10526315789473684,0.08333333333333333,0.25,2026-04-12T05:45:00+00:00,999,Gundagai,6,R6 Thanks Mike Gardiner Hcp (C2)
10353839,8,1,1,1.0,1.0,0.125,0.375,2026-04-12T06:21:00+00:00,999,Gundagai,7,R7 Tab Gundagai Cup Hcp
10354122,9,0,0,5.0,0.2,0.1111111111111111,0.3333333333333333,2026-04-12T06:44:00+00:00,999,Sunshine Coast,8,R8 Coast 2 Coast Earthmoving (Bm70)
10354114,6,0,0,3.5,0.2857142857142857,0.16666666666666666,0.5,2026-04-12T06:55:00+00:00,999,Terang,8,R8 Jim Mckinnon Stakes (Bm66)
10353841,12,1,1,1.0,1.0,0.08333333333333333,0.25,2026-04-12T07:00:00+00:00,999,Gundagai,8,R8 Gundagai Tigers (Bm66)
10353937,10,0,0,9.0,0.1111111111111111,0.1,0.3,2026-04-12T07:10:00+00:00,999,Wellington,8,R8 Wellington Soldiers Memorial & Golf Club Wellington Town Plate Showcase Hcp
10358137,11,0,0,8.0,0.125,0.09090909090909091,0.2727272727272727,2026-04-13T06:30:00+00:00,999,Seymour,8,R8 Blue Gum Farm - The Proven Source (Bm56)
10353790,13,0,0,11.0,0.09090909090909091,0.07692307692307693,0.23076923076923078,2026-04-13T06:35:00+00:00,999,Scone,6,R6 Warburton Estate Agents (Bm66)
10358134,12,0,0,9.5,0.10526315789473684,0.08333333333333333,0.25,2026-04-13T07:00:00+00:00,999,Seymour,9,R9 Yarran (Bm56)
10354103,11,0,0,4.0,0.25,0.09090909090909091,0.2727272727272727,2026-04-13T07:23:00+00:00,999,Longreach,7,R7 Tjf Milk (Bm55)
10357980,8,0,0,5.0,0.2,0.125,0.375,2026-04-14T05:27:00+00:00,999,Townsville,5,R5 Ladbrokes Same Race Multi (Bm70)
10358004,9,0,0,5.5,0.18181818181818182,0.1111111111111111,0.3333333333333333,2026-04-14T06:55:00+00:00,999,Ballina,6,R6 Ballina Rsl (Bm58)
10357984,13,1,1,1.0,1.0,0.07692307692307693,0.23076923076923078,2026-04-14T07:20:00+00:00,999,Townsville,8,R8 Mitavite Hcp (C1)
10368190,8,0,0,3.5,0.2857142857142857,0.125,0.375,2026-04-15T02:54:00+00:00,999,Matamata,5,R5 Mbs Advisors Hcp (60)
10368227,9,0,1,3.0,0.3333333333333333,0.1111111111111111,0.3333333333333333,2026-04-15T05:10:00+00:00,999,Warwick Farm,5,R5 Tab (Bm72)
10368199,11,0,0,7.0,0.14285714285714285,0.09090909090909091,0.2727272727272727,2026-04-15T05:28:00+00:00,999,Doomben,7,R7 Ladbrokes Calcutta & Luncheon 12 June Plate (C3)
10368197,10,0,1,2.0,0.5,0.1,0.3,2026-04-15T06:03:00+00:00,999,Doomben,8,R8 Mullins Lawyers Plate (C3)
10368309,10,0,1,2.0,0.5,0.1,0.3,2026-04-15T06:30:00+00:00,999,Sandown,7,R7 Ive > (Bm74)
10368198,10,0,0,6.0,0.16666666666666666,0.1,0.3,2026-04-15T06:38:00+00:00,999,Doomben,9,R9 Ladbrokes Same Race Multi (Bm70)
10368233,10,0,0,9.0,0.1111111111111111,0.1,0.3,2026-04-15T06:45:00+00:00,999,Balaklava,7,R7 Coopers Brewery (Bm58)
10368222,12,0,0,6.0,0.16666666666666666,0.08333333333333333,0.25,2026-04-15T06:55:00+00:00,999,Warwick Farm,8,R8 Headwater @ Vinery Stud (Bm78)
10368315,13,0,1,2.0,0.5,0.07692307692307693,0.23076923076923078,2026-04-15T07:05:00+00:00,999,Sandown,8,R8 Sportsbet Same Race Multi (Bm70)
10368236,10,0,1,3.0,0.3333333333333333,0.1,0.3,2026-04-15T07:20:00+00:00,999,Balaklava,8,R8 Taylors Wines Hcp (56)
10368403,11,0,0,9.0,0.1111111111111111,0.09090909090909091,0.2727272727272727,2026-04-15T09:20:00+00:00,999,Pinjarra Scarpside,8,R8 Racing Anzac Day Weekend Monday April 27 Hcp (C1)
10372124,14,0,0,7.0,0.14285714285714285,0.07142857142857142,0.21428571428571427,2026-04-16T04:39:00+00:00,999,Ashburton,8,R8 The Daniel Stackhouse (Bm65)
10372292,12,0,0,9.0,0.1111111111111111,0.08333333333333333,0.25,2026-04-16T05:30:00+00:00,999,Echuca,5,R5 Rich River Party Hire (Bm56)
10372131,9,0,0,6.5,0.15384615384615385,0.1111111111111111,0.3333333333333333,2026-04-16T06:45:00+00:00,999,Armidale,7,R7 Wayne Mcfayden Country Boosted (Bm58)
10372294,10,0,0,4.5,0.2222222222222222,0.1,0.3,2026-04-16T07:00:00+00:00,999,Echuca,8,R8 Carlton Draught (Bm56)
10372180,9,0,0,8.5,0.11764705882352941,0.1111111111111111,0.3333333333333333,2026-04-16T07:05:00+00:00,999,Wyong,8,R8 Eagles Plumbing (Bm64)
10369129,9,0,0,6.5,0.15384615384615385,0.1111111111111111,0.3333333333333333,2026-04-16T08:00:00+00:00,999,Albany,5,R5 Little Creatures (Bm58+)
10372279,6,1,1,1.0,1.0,0.16666666666666666,0.5,2026-04-16T10:45:00+00:00,999,Pakenham,8,R8 John Duff & Co Hcp (66)
10372139,9,0,0,6.0,0.16666666666666666,0.1111111111111111,0.3333333333333333,2026-04-17T02:35:00+00:00,999,Te Rapa,5,R5 Zoe And James At Lodge Hcp
10372210,9,0,0,5.0,0.2,0.1111111111111111,0.3333333333333333,2026-04-17T03:25:00+00:00,999,Hawera,6,R6 Hrs Occupational Health & Wellness Mdn
10372138,11,0,0,6.0,0.16666666666666666,0.09090909090909091,0.2727272727272727,2026-04-17T04:19:00+00:00,999,Te Rapa,8,R8 Ember Signage Solutions (Bm75)
10372215,7,0,1,2.0,0.5,0.14285714285714285,0.42857142857142855,2026-04-17T04:38:00+00:00,999,Hawera,8,R8 Racing Next Sunday 17Th May – Cockies Day Hcp (60)
10376419,7,0,0,5.0,0.2,0.14285714285714285,0.42857142857142855,2026-04-17T06:45:00+00:00,999,Canberra,8,R8 Quayclean (Bm60)
10376454,10,0,1,2.0,0.5,0.1,0.3,2026-04-17T07:00:00+00:00,999,Stawell,8,R8 Thomas Foods (Bm56)
10376409,9,0,0,8.0,0.125,0.1111111111111111,0.3333333333333333,2026-04-17T07:05:00+00:00,999,Orange,8,R8 Complete Reo Showcase (Bm58)
10376392,11,0,0,6.5,0.15384615384615385,0.09090909090909091,0.2727272727272727,2026-04-17T07:12:00+00:00,999,Mackay,8,R8 Racing Again Friday 1St May (Bm55)
10372422,10,0,0,9.0,0.1111111111111111,0.1,0.3,2026-04-17T10:00:00+00:00,999,Launceston,6,R6 Thank You To Our Valued Members Hcp (C1)
10376443,9,0,1,3.0,0.3333333333333333,0.1111111111111111,0.3333333333333333,2026-04-17T10:45:00+00:00,999,Cranbourne,8,R8 Ros And Lee Take On Southside (Bm62)
10372414,5,0,1,2.5,0.4,0.2,0.6,2026-04-17T11:00:00+00:00,999,Launceston,8,R8 Ladbrokes Big Bets Copy Now (Bm76)
10372419,6,0,0,4.0,0.25,0.16666666666666666,0.5,2026-04-17T11:25:00+00:00,999,Launceston,9,R9 Become A Member & Reap The Rewards (Bm60)
10376480,11,0,1,2.0,0.5,0.09090909090909091,0.2727272727272727,2026-04-18T03:58:00+00:00,999,Eagle Farm,5,R5 Baker Refrigeration (Bm70)
10376503,13,0,1,1.5,0.6666666666666666,0.07692307692307693,0.23076923076923078,2026-04-18T04:25:00+00:00,999,Randwick,6,R6 Myplates Jra Plate
10376301,10,0,0,9.0,0.1111111111111111,0.1,0.3,2026-04-18T04:34:00+00:00,999,Wanganui,8,R8 Sportz Bar Remembering Nathan Caird 'Nate Mate' (Bm65)
10380420,11,0,0,10.0,0.1,0.09090909090909091,0.2727272727272727,2026-04-18T05:15:00+00:00,999,Dubbo,5,R5 Castlereagh Hotel (Bm50)
10380379,13,0,0,8.0,0.125,0.07692307692307693,0.23076923076923078,2026-04-18T05:25:00+00:00,999,Kembla Grange,5,R5 Illawarra Rsl Sub-Branches Provincial Mdn Hcp
10380323,10,0,0,5.0,0.2,0.1,0.3,2026-04-18T05:29:00+00:00,999,Gold Coast,6,R6 Kurrawa Surf Club Hcp (C1)
10376498,9,0,0,8.0,0.125,0.1111111111111111,0.3333333333333333,2026-04-18T05:40:00+00:00,999,Randwick,8,R8 Tab Hall Mark Stakes
10376481,16,0,1,3.0,0.3333333333333333,0.0625,0.1875,2026-04-18T05:52:00+00:00,999,Eagle Farm,8,R8 Jones & Co Iga Daybreak Lover
10376579,14,0,0,5.5,0.18181818181818182,0.07142857142857142,0.21428571428571427,2026-04-18T06:00:00+00:00,999,Mornington,8,R8 Sportsbet Mornington Cup
10380380,8,0,1,2.5,0.4,0.125,0.375,2026-04-18T06:05:00+00:00,999,Kembla Grange,6,R6 City Of Wollongong Rsl Sub-Branch Conditional (Bm68)
10380408,10,1,1,1.0,1.0,0.1,0.3,2026-04-18T06:16:00+00:00,999,Kilmore,6,R6 C&M Build Group Hcp (56)
10376496,13,1,1,1.0,1.0,0.07692307692307693,0.23076923076923078,2026-04-18T06:20:00+00:00,999,Randwick,9,R9 Schweppes All Aged Stakes
10376479,12,1,1,1.0,1.0,0.08333333333333333,0.25,2026-04-18T06:28:00+00:00,999,Eagle Farm,9,R9 Ladbrokes Ascot Hcp
10380422,13,0,0,4.0,0.25,0.07692307692307693,0.23076923076923078,2026-04-18T06:31:00+00:00,999,Dubbo,7,R7 Gm Specialty Vehicles Dubbo Queen's Sprint (Bm50)
10376580,13,0,0,6.0,0.16666666666666666,0.07692307692307693,0.23076923076923078,2026-04-18T06:35:00+00:00,999,Mornington,9,R9 Sportsbet Hareeba Stakes
10380376,11,0,0,5.0,0.2,0.09090909090909091,0.2727272727272727,2026-04-18T06:40:00+00:00,999,Kembla Grange,7,R7 2026 Anzac Gallipoli Cup (Bm64)
10380319,10,0,0,5.0,0.2,0.1,0.3,2026-04-18T06:44:00+00:00,999,Gold Coast,8,"R8 Profiling, It's What We Do! Hcp (C2)"
10376436,14,0,0,12.0,0.08333333333333333,0.07142857142857142,0.21428571428571427,2026-04-18T06:47:00+00:00,999,Morphettville,8,R8 Sportsbet More Places Hcp (64)
10376822,16,0,0,13.0,0.07692307692307693,0.0625,0.1875,2026-04-18T07:00:00+00:00,999,Ascot,7,R7 Lawn Pride Australia - Karrakatta Plate
10376432,14,0,0,14.0,0.07142857142857142,0.07142857142857142,0.21428571428571427,2026-04-18T07:25:00+00:00,999,Morphettville,9,R9 Dominant Clean Sweep (Bm74)
10376823,13,0,0,11.0,0.09090909090909091,0.07692307692307693,0.23076923076923078,2026-04-18T07:45:00+00:00,999,Ascot,8,R8 The Byd Quokka
10376539,9,0,0,6.0,0.16666666666666666,0.1111111111111111,0.3333333333333333,2026-04-18T07:50:00+00:00,999,Alice Springs,8,R8 Lasseters Centre Of Entertainment Nt Guineas
10376819,10,0,1,1.5,0.6666666666666666,0.1,0.3,2026-04-18T08:25:00+00:00,999,Ascot,9,R9 The Drummond Golf Joey
10376820,13,0,0,9.0,0.1111111111111111,0.07692307692307693,0.23076923076923078,2026-04-18T09:05:00+00:00,999,Ascot,10,R10 Schweppes (Bm66+)
10376355,12,0,0,11.5,0.08695652173913043,0.08333333333333333,0.25,2026-04-19T02:38:00+00:00,999,Ascot Park,5,R5 Northern Sports Bar & Tab (Bm65)
10376353,12,0,0,11.0,0.09090909090909091,0.08333333333333333,0.25,2026-04-19T03:46:00+00:00,999,Ascot Park,7,R7 Waikiwi Tavern & The Foundry Restaurant (Bm65)
10376354,11,0,1,3.0,0.3333333333333333,0.09090909090909091,0.2727272727272727,2026-04-19T04:26:00+00:00,999,Ascot Park,8,R8 Waxy's Irish Pub (Bm75)
10380566,12,0,0,6.5,0.15384615384615385,0.08333333333333333,0.25,2026-04-19T05:12:00+00:00,999,Sunshine Coast,5,R5 Stan Veivers Memorial (Bm58)
10380645,9,0,0,7.0,0.14285714285714285,0.1111111111111111,0.3333333333333333,2026-04-19T06:53:00+00:00,999,Sale,8,R8 Ladbrokes Popular Srm (Bm62)
10380396,12,0,0,9.0,0.1111111111111111,0.08333333333333333,0.25,2026-04-19T07:00:00+00:00,999,Naracoorte,6,R6 Donnas Electrical (Bm60)
10380564,11,0,0,5.0,0.2,0.09090909090909091,0.2727272727272727,2026-04-19T07:05:00+00:00,999,Sunshine Coast,8,R8 Tab (Bm65)
10380336,15,0,1,2.5,0.4,0.06666666666666667,0.2,2026-04-19T07:15:00+00:00,999,Wagga,8,R8 Sandbar Queen Of The South Prelude (Bm58)
10380632,12,0,0,5.0,0.2,0.08333333333333333,0.25,2026-04-19T07:55:00+00:00,999,Geraldton,5,R5 The Elders Mile Hcp (C2)
10380633,14,0,1,2.0,0.5,0.07142857142857142,0.21428571428571427,2026-04-19T08:55:00+00:00,999,Geraldton,7,R7 Tabtouch Geraldton Gold Cup (Bm72+)
10380637,14,0,0,7.0,0.14285714285714285,0.07142857142857142,0.21428571428571427,2026-04-19T09:25:00+00:00,999,Geraldton,8,R8 Resinvest Commodities Bm58+)
10383783,9,0,0,9.0,0.1111111111111111,0.1111111111111111,0.3333333333333333,2026-04-20T05:30:00+00:00,999,Wodonga,5,R5 Gullifer Farm (Bm62)
10383785,8,0,0,5.5,0.18181818181818182,0.125,0.375,2026-04-20T06:00:00+00:00,999,Wodonga,6,R6 Picklebet's Get Your Pickle On (Bm62)
10383789,12,1,1,1.0,1.0,0.08333333333333333,0.25,2026-04-20T06:30:00+00:00,999,Wodonga,7,R7 Fletchers Supplies (Bm62)
10380370,8,0,0,8.0,0.125,0.125,0.375,2026-04-20T06:50:00+00:00,999,Muswellbrook,8,R8 Coolmore Jerrys Plains Cup (Bm58)
10383784,12,0,1,3.0,0.3333333333333333,0.08333333333333333,0.25,2026-04-20T07:00:00+00:00,999,Wodonga,8,R8 Kiewa Valley Spring Water (Bm62)
10383746,12,0,0,10.0,0.1,0.08333333333333333,0.25,2026-04-21T06:55:00+00:00,999,Taree,7,R7 Tab Venue Mode (Bm66)
10383874,12,0,0,10.0,0.1,0.08333333333333333,0.25,2026-04-21T07:00:00+00:00,999,Swan Hill,8,R8 Vale Ian Fletcher (Bm62)
10394626,8,0,0,7.0,0.14285714285714285,0.125,0.375,2026-04-22T05:28:00+00:00,999,Doomben,6,R6 Xxxx Hcp (C1)
10394607,12,0,0,10.0,0.1,0.08333333333333333,0.25,2026-04-22T06:10:00+00:00,999,Murray Bridge,7,R7 Fred Vella Tyre & Crash Repair (Bm56)
10394627,11,0,0,5.0,0.2,0.09090909090909091,0.2727272727272727,2026-04-22T06:38:00+00:00,999,Doomben,8,R8 Ladbrokes Blackbook (Bm68)
10394603,13,0,0,10.0,0.1,0.07692307692307693,0.23076923076923078,2026-04-22T06:45:00+00:00,999,Murray Bridge,8,R8 Iron Horse Equine Nutrition National Apprentice Race Series Heat 12 Hcp (56)
10394544,6,0,0,6.0,0.16666666666666666,0.16666666666666666,0.5,2026-04-22T06:55:00+00:00,999,Canterbury,8,R8 Exceedance @ Vinery Stud (Bm64)
10394613,11,0,1,2.0,0.5,0.09090909090909091,0.2727272727272727,2026-04-22T07:05:00+00:00,999,Geelong,8,R8 Rex Gorell Volkswagen (Bm70)
10394604,13,0,0,13.0,0.07692307692307693,0.07692307692307693,0.23076923076923078,2026-04-22T07:20:00+00:00,999,Murray Bridge,9,R9 Vale Yvonne Vella (Bm62)
10394772,9,0,0,4.5,0.2222222222222222,0.1111111111111111,0.3333333333333333,2026-04-22T07:27:00+00:00,999,Ascot,6,R6 Tabtouch - Westspeed Platinum (Rs0ly)
10394771,10,0,0,10.0,0.1,0.1,0.3,2026-04-22T08:05:00+00:00,999,Ascot,7,R7 Morley Growers Market Hcp
10394770,12,1,1,1.0,1.0,0.08333333333333333,0.25,2026-04-22T08:40:00+00:00,999,Ascot,8,R8 Drummond Golf Hcp (C1)
10394768,11,0,0,8.0,0.125,0.09090909090909091,0.2727272727272727,2026-04-22T09:15:00+00:00,999,Ascot,9,R9 Mc Polytrack Hcp (C3)
10397880,10,0,0,7.0,0.14285714285714285,0.1,0.3,2026-04-23T05:25:00+00:00,999,Newcastle,5,R5 New Fm/2Hd Provincial (Bm64)
10397837,12,0,0,4.0,0.25,0.08333333333333333,0.25,2026-04-23T07:05:00+00:00,999,Albury,7,R7 Albury Demolitions (Bm58)
10395457,11,0,1,3.0,0.3333333333333333,0.09090909090909091,0.2727272727272727,2026-04-23T08:30:00+00:00,999,Narrogin,6,R6 Medic Aid (Bm46+)
10397935,10,0,0,10.0,0.1,0.1,0.3,2026-04-23T09:45:00+00:00,999,Pakenham,6,R6 Designer Coolrooms Hcp (C1)
10397940,11,0,1,3.0,0.3333333333333333,0.09090909090909091,0.2727272727272727,2026-04-23T10:45:00+00:00,999,Pakenham,8,R8 The Big Screen Company (Bm70)
10401863,11,0,0,4.5,0.2222222222222222,0.09090909090909091,0.2727272727272727,2026-04-24T06:05:00+00:00,999,Gawler,5,R5 Sportsbet More Places (Bm56)
10401803,9,0,0,9.0,0.1111111111111111,0.1111111111111111,0.3333333333333333,2026-04-24T06:29:00+00:00,999,Coffs Harbour,8,R8 Jack Simmon (Bm58)
10401833,14,0,0,4.0,0.25,0.07142857142857142,0.21428571428571427,2026-04-24T06:55:00+00:00,999,Tamworth,8,R8 Mcdonalds Tamworth - Country Magic Hcp (C1)
10401981,9,0,0,9.0,0.1111111111111111,0.1111111111111111,0.3333333333333333,2026-04-24T07:05:00+00:00,999,Werribee,8,R8 Corio Waste Management (Bm62)
10401789,14,1,1,1.0,1.0,0.07142857142857142,0.21428571428571427,2026-04-25T03:41:00+00:00,999,Te Rapa,6,R6 Hutton Contracting Sprint (Bm75)
10401779,14,0,0,8.0,0.125,0.07142857142857142,0.21428571428571427,2026-04-25T04:03:00+00:00,999,Riccarton,6,R6 Coca-Cola Canterbury Gold Cup
10401925,12,0,0,10.0,0.1,0.08333333333333333,0.25,2026-04-25T04:03:00+00:00,999,Eagle Farm,5,R5 This Story Australia Calaway Gal
10401774,16,0,0,10.0,0.1,0.0625,0.1875,2026-04-25T04:39:00+00:00,999,Riccarton,7,R7 Racecourse Hotel & Motor Lodge (Bm65)
10401793,16,0,0,6.0,0.16666666666666666,0.0625,0.1875,2026-04-25T04:51:00+00:00,999,Te Rapa,8,R8 Tcl Earthworks (Bm65)
10405389,8,0,0,6.0,0.16666666666666666,0.125,0.375,2026-04-25T05:36:00+00:00,999,Moe,5,R5 Bjbm Pty Ltd Hcp (56)
10401921,15,0,0,4.5,0.2222222222222222,0.06666666666666667,0.2,2026-04-25T05:48:00+00:00,999,Eagle Farm,8,R8 Moreton Hire Princess Stakes
10405403,10,0,0,8.0,0.125,0.1,0.3,2026-04-25T06:00:00+00:00,999,Gosford,6,R6 Win $100K At The Coast Raceday (Bm64)
10401923,10,0,0,9.0,0.1111111111111111,0.1,0.3,2026-04-25T06:23:00+00:00,999,Eagle Farm,9,R9 Cricks Highway Brisbane Hcp
10402026,14,0,0,5.5,0.18181818181818182,0.07142857142857142,0.21428571428571427,2026-04-25T06:30:00+00:00,999,Flemington,7,R7 Flt Lt Peter Armytage (Bm100)
10405256,8,0,0,8.0,0.125,0.125,0.375,2026-04-25T06:32:00+00:00,999,Beaudesert,8,R8 Beaudesert Hibernian Raceday 23 May Plate (C2)
10397877,16,0,0,8.0,0.125,0.0625,0.1875,2026-04-25T06:42:00+00:00,999,Morphettville,7,R7 Sportsbet Australasian Oaks
10401998,12,0,0,6.0,0.16666666666666666,0.08333333333333333,0.25,2026-04-25T06:45:00+00:00,999,Alice Springs,6,R6 Dreamedia Hcp (62)
10405394,14,0,0,13.0,0.07692307692307693,0.07142857142857142,0.21428571428571427,2026-04-25T06:46:00+00:00,999,Moe,7,R7 Programmed Maintenance Hcp (56)
10401838,13,0,0,6.0,0.16666666666666666,0.07692307692307693,0.23076923076923078,2026-04-25T06:50:00+00:00,999,Randwick,8,R8 Battle Of The Dardanelles (Bm78)
10402031,15,0,0,13.0,0.07692307692307693,0.06666666666666667,0.2,2026-04-25T07:05:00+00:00,999,Flemington,8,R8 William Newton Vc (Bm78)
10397878,13,0,0,11.0,0.09090909090909091,0.07692307692307693,0.23076923076923078,2026-04-25T07:18:00+00:00,999,Morphettville,8,R8 Sportsbet Robert Sangster Stakes
10402423,12,0,0,10.0,0.1,0.08333333333333333,0.25,2026-04-25T07:40:00+00:00,999,Kalgoorlie,5,R5 Mister Signs (Bm58+)
10401909,13,0,0,6.5,0.15384615384615385,0.07692307692307693,0.23076923076923078,2026-04-25T07:48:00+00:00,999,Morphettville,9,R9 Thomas Farms Hcp
10402262,8,0,0,4.5,0.2222222222222222,0.125,0.375,2026-04-25T08:04:00+00:00,999,Ascot,6,R6 Diggers Cup (Bm84+)
10402259,9,0,0,9.0,0.1111111111111111,0.1111111111111111,0.3333333333333333,2026-04-25T08:40:00+00:00,999,Ascot,7,R7 Sheila Gwynne Classic
10402422,14,0,1,3.0,0.3333333333333333,0.07142857142857142,0.21428571428571427,2026-04-25T08:55:00+00:00,999,Kalgoorlie,7,R7 Kalgoorlie Masters Football Club Hcp (C2)
10402255,10,0,0,4.5,0.2222222222222222,0.1,0.3,2026-04-25T09:15:00+00:00,999,Ascot,8,R8 Banks Avenue Memorial (Bm72+)
10401890,8,0,0,5.5,0.18181818181818182,0.125,0.375,2026-04-26T04:36:00+00:00,999,Waipukurau,8,R8 Lest We Forget (Bm65)
10405460,12,0,0,11.0,0.09090909090909091,0.08333333333333333,0.25,2026-04-26T05:00:00+00:00,999,Gatton,5,R5 Save The Date 2026 Charity Golf Day (Epilepsy Day) Friday 26Th June (Bm60)
10405416,13,0,0,5.0,0.2,0.07692307692307693,0.23076923076923078,2026-04-26T05:25:00+00:00,999,Seymour,5,R5 Lindsay Park (Bm62)
10405266,11,0,0,10.0,0.1,0.09090909090909091,0.2727272727272727,2026-04-26T06:00:00+00:00,999,Port Macquarie,6,R6 Mc Dirtworx (Bm58)
10405281,12,0,0,5.0,0.2,0.08333333333333333,0.25,2026-04-26T06:10:00+00:00,999,Port Augusta,5,R5 Augusta Motor Co Home Of The Mg Hcp (54)
10405321,12,0,0,8.0,0.125,0.08333333333333333,0.25,2026-04-26T06:14:00+00:00,999,Narromine,6,R6 Three Rivers Machinery Country Boosted (Bm58)
10405282,12,0,1,3.0,0.3333333333333333,0.08333333333333333,0.25,2026-04-26T06:46:00+00:00,999,Port Augusta,6,R6 Pink Roadhouse (Bm58)
10401882,9,0,1,3.0,0.3333333333333333,0.1111111111111111,0.3333333333333333,2026-04-26T06:50:00+00:00,999,Hobart,8,R8 Ladbrokes Hosted Pots (Bm64)
10405320,10,0,0,10.0,0.1,0.1,0.3,2026-04-26T06:55:00+00:00,999,Narromine,7,R7 Qube Agri Narromine (Bm50)
10405421,10,0,0,8.0,0.125,0.1,0.3,2026-04-26T07:00:00+00:00,999,Seymour,8,R8 Vinrock - New To Yulong (Bm62)
10405560,11,1,1,1.0,1.0,0.09090909090909091,0.2727272727272727,2026-04-26T08:05:00+00:00,999,Albany,8,R8 Tabtouch The Road To The Jericho Cup Wa Qualifier (Bm66+)
10405563,12,0,0,7.0,0.14285714285714285,0.08333333333333333,0.25,2026-04-26T08:40:00+00:00,999,Albany,9,R9 Real Punters Play Here Tabtouch (Bm58+)
10405351,12,0,0,6.0,0.16666666666666666,0.08333333333333333,0.25,2026-04-27T03:58:00+00:00,999,Ellerslie,8,R8 Anzac Day Hcp (69)
10405316,7,0,0,7.0,0.14285714285714285,0.14285714285714285,0.42857142857142855,2026-04-27T04:15:00+00:00,999,Wingatui,8,R8 Otago Engineering Hcp
10405350,14,0,0,13.0,0.07692307692307693,0.07142857142857142,0.21428571428571427,2026-04-27T04:35:00+00:00,999,Ellerslie,9,R9 Horizon By Skycity (Bm65)
10405315,9,0,0,6.0,0.16666666666666666,0.1111111111111111,0.3333333333333333,2026-04-27T04:50:00+00:00,999,Wingatui,9,R9 Good Luck The West Taieri Premiers (Bm65)
10422714,10,0,0,10.0,0.1,0.1,0.3,2026-05-01T02:40:00+00:00,999,Pukekohe,5,R5 Trackside.co.nz Mdn
10422711,11,0,0,7.0,0.14285714285714285,0.09090909090909091,0.2727272727272727,2026-05-01T03:17:00+00:00,999,Pukekohe,6,R6 Golf Warehouse Mdn
10422716,11,0,0,6.0,0.16666666666666666,0.09090909090909091,0.2727272727272727,2026-05-01T04:24:00+00:00,999,Pukekohe,8,R8 Myracehorse (Bm65)
10427037,10,0,0,7.0,0.14285714285714285,0.1,0.3,2026-05-01T04:44:00+00:00,999,Muswellbrook,5,R5 Widden Stud Country Boosted Showcase (Bm58)
10422867,14,0,0,13.0,0.07692307692307693,0.07142857142857142,0.21428571428571427,2026-05-01T05:05:00+00:00,999,Wagga,5,R5 Sdb Byrne Queen Of The South (Bm66)
10427079,9,1,1,1.0,1.0,0.1111111111111111,0.3333333333333333,2026-05-01T06:03:00+00:00,999,Mackay,8,R8 Racing Again Thursday 14Th May Plate (C3)
10422872,14,0,0,4.0,0.25,0.07142857142857142,0.21428571428571427,2026-05-01T06:20:00+00:00,999,Wagga,7,R7 Fsd Electrics Big Dance Eligibility Wagga Wagga Gold Cup
10427229,9,0,0,3.5,0.2857142857142857,0.1111111111111111,0.3333333333333333,2026-05-01T06:30:00+00:00,999,Geelong,8,R8 Silvan Ridge Wealth (Bm62)
10427043,9,1,1,1.0,1.0,0.1111111111111111,0.3333333333333333,2026-05-01T06:34:00+00:00,999,Muswellbrook,8,R8 Scone Equine Hospital Showcase (Bm66)
10427101,11,0,0,4.0,0.25,0.09090909090909091,0.2727272727272727,2026-05-01T06:50:00+00:00,999,Bordertown,8,R8 Creaser Constructions Hcp (54)
10422871,13,0,0,11.0,0.09090909090909091,0.07692307692307693,0.23076923076923078,2026-05-01T07:00:00+00:00,999,Wagga,8,R8 Walsh & Blair Country Magic (Bm74)
10427200,9,0,0,8.5,0.11764705882352941,0.1111111111111111,0.3333333333333333,2026-05-01T09:45:00+00:00,999,Pakenham,8,R8 Bunyip Equipment (Bm62)
10427391,9,0,0,5.0,0.2,0.1111111111111111,0.3333333333333333,2026-05-01T10:00:00+00:00,999,Sunshine Coast Poly Track,6,R6 Thank You Mary Henzell Mdn
10427205,10,0,1,3.0,0.3333333333333333,0.1,0.3,2026-05-01T10:15:00+00:00,999,Pakenham,9,R9 Gippsland Premium Quarries (Bm62)
10427020,13,0,0,10.5,0.09523809523809523,0.07692307692307693,0.23076923076923078,2026-05-02T02:51:00+00:00,999,Riccarton,7,R7 Birchfield's Glass & Glazing (2023) Ltd (Bm75)
10427018,11,0,1,3.0,0.3333333333333333,0.09090909090909091,0.2727272727272727,2026-05-02T03:26:00+00:00,999,Riccarton,8,R8 Avon City Ford Easter Cup
10427251,9,0,0,4.0,0.25,0.1111111111111111,0.3333333333333333,2026-05-02T03:55:00+00:00,999,Bendigo,5,R5 Catanach’s Jewellers Bendigo Gold Bracelet
10427017,15,0,0,8.0,0.125,0.06666666666666667,0.2,2026-05-02T04:01:00+00:00,999,Riccarton,9,R9 Marshall Batteries (Bm65)
10427193,11,0,1,1.5,0.6666666666666666,0.09090909090909091,0.2727272727272727,2026-05-02T04:23:00+00:00,999,Eagle Farm,5,R5 Xxxx Hcp
10427253,11,0,0,4.0,0.25,0.09090909090909091,0.2727272727272727,2026-05-02T04:30:00+00:00,999,Bendigo,6,R6 Fitzsimmons Racing (Bm84)
10431125,10,0,0,5.0,0.2,0.1,0.3,2026-05-02T04:35:00+00:00,999,Newcastle,5,R5 Ausure Hospitality Midway (Bm64)
10427120,14,0,0,8.0,0.125,0.07142857142857142,0.21428571428571427,2026-05-02T04:42:00+00:00,999,Morphettville,5,R5 Winning Edge Presentations Adelaide In Autumn Series Final (Bm74)
10427031,16,0,0,11.0,0.09090909090909091,0.0625,0.1875,2026-05-02T04:45:00+00:00,999,Te Rapa,8,R8 Shell & Cosgrave (Bm75)
10427249,12,0,0,7.0,0.14285714285714285,0.08333333333333333,0.25,2026-05-02T05:05:00+00:00,999,Bendigo,7,R7 Turners Crossing Hcp
10427115,11,0,0,5.0,0.2,0.09090909090909091,0.2727272727272727,2026-05-02T05:17:00+00:00,999,Morphettville,6,R6 Hkjc World Pool Port Adelaide Cup
10427213,14,0,0,5.0,0.2,0.07142857142857142,0.21428571428571427,2026-05-02T05:25:00+00:00,999,Hawkesbury,8,R8 Richmond Club Hawkesbury Gold Cup
10427250,11,0,0,4.5,0.2222222222222222,0.09090909090909091,0.2727272727272727,2026-05-02T05:40:00+00:00,999,Bendigo,8,R8 Sen Bendigo Guineas
10431308,10,0,1,2.0,0.5,0.1,0.3,2026-05-02T05:42:00+00:00,999,Barcaldine,5,R5 Pat Ogden Memorial Tree Of Knowledge Cup
10427124,14,0,0,10.0,0.1,0.07142857142857142,0.21428571428571427,2026-05-02T05:55:00+00:00,999,Morphettville,7,R7 Adelaide Galvanising Industries Sir John Morphett Adelaide Guineas
10427211,14,0,0,7.0,0.14285714285714285,0.07142857142857142,0.21428571428571427,2026-05-02T06:05:00+00:00,999,Hawkesbury,9,R9 Hawkesbury Xxxx Gold Rush
10427188,10,0,1,2.0,0.5,0.1,0.3,2026-05-02T06:13:00+00:00,999,Eagle Farm,8,R8 Ladbrokes Victory Stakes
10427248,12,0,0,4.5,0.2222222222222222,0.08333333333333333,0.25,2026-05-02T06:20:00+00:00,999,Bendigo,9,R9 Ladbrokes Golden Mile
10431128,10,0,0,10.0,0.1,0.1,0.3,2026-05-02T06:25:00+00:00,999,Newcastle,8,R8 Farm Frites (Bm64)
10431162,10,0,1,3.0,0.3333333333333333,0.1,0.3,2026-05-02T06:30:00+00:00,999,Gold Coast Poly,8,R8 Xxxx Gold Hcp (55)
10427125,16,0,0,14.0,0.07142857142857142,0.0625,0.1875,2026-05-02T06:35:00+00:00,999,Morphettville,8,R8 Thomas Farms South Australian Derby
10427191,12,0,0,5.0,0.2,0.08333333333333333,0.25,2026-05-02T06:50:00+00:00,999,Eagle Farm,9,R9 Sky Racing (Bm85)
10427233,9,0,1,3.0,0.3333333333333333,0.1111111111111111,0.3333333333333333,2026-05-02T06:57:00+00:00,999,Alice Springs,6,R6 Jsm Civils Horizontal Directional Drilling Alice Springs (Bm76)
10427123,14,0,0,10.0,0.1,0.07142857142857142,0.21428571428571427,2026-05-02T07:10:00+00:00,999,Morphettville,9,R9 Sportsbet Fast Form Festival State Sprint Series Final (Bm76)
10427543,11,0,0,4.0,0.25,0.09090909090909091,0.2727272727272727,2026-05-02T07:35:00+00:00,999,Ascot,7,R7 Mc Polytrack (Rs1mw)
10427544,11,1,1,1.0,1.0,0.09090909090909091,0.2727272727272727,2026-05-02T08:10:00+00:00,999,Ascot,8,R8 W.a. Sires' Produce Stakes
10427541,12,1,1,1.0,1.0,0.08333333333333333,0.25,2026-05-02T08:45:00+00:00,999,Ascot,9,R9 City Of Belmont (Bm66+)
10431042,9,0,0,4.0,0.25,0.1111111111111111,0.3333333333333333,2026-05-03T05:09:00+00:00,999,Sapphire Coast,5,R5 Bendigo Bank Pambula Cup (Bm58)
10431449,12,0,0,10.0,0.1,0.08333333333333333,0.25,2026-05-03T05:11:00+00:00,999,Wangaratta,5,R5 Sportsbet Blackbook (Bm52)
10427142,10,0,0,10.0,0.1,0.1,0.3,2026-05-03T05:21:00+00:00,999,Devonport,7,R7 Stables At Spreyton (Bm60)
10431220,8,0,0,5.0,0.2,0.125,0.375,2026-05-03T05:25:00+00:00,999,Sale,6,R6 Programmed Property Services (Bm62)
10431224,10,0,0,9.0,0.1111111111111111,0.1,0.3,2026-05-03T05:55:00+00:00,999,Sale,7,R7 Elliman Property (Bm62)
10427139,7,0,0,6.5,0.15384615384615385,0.14285714285714285,0.42857142857142855,2026-05-03T06:00:00+00:00,999,Devonport,8,R8 Caro’s Creative Crew (Bm72)
10431452,14,0,1,3.0,0.3333333333333333,0.07142857142857142,0.21428571428571427,2026-05-03T06:05:00+00:00,999,Wangaratta,7,R7 Tim Aumann Plumbing (Bm52)
10431221,5,0,0,4.0,0.25,0.2,0.6,2026-05-03T06:26:00+00:00,999,Sale,8,R8 Ladbrokes Odds Surge (Bm66)
10431455,14,0,0,6.0,0.16666666666666666,0.07142857142857142,0.21428571428571427,2026-05-03T06:36:00+00:00,999,Wangaratta,8,R8 Wtc Thanks Our Sponsors (Bm52)
10431438,11,1,1,1.0,1.0,0.09090909090909091,0.2727272727272727,2026-05-03T08:25:00+00:00,999,Northam,8,R8 Tabtouch Northam Stakes
10431444,10,0,0,5.0,0.2,0.1,0.3,2026-05-03T08:55:00+00:00,999,Northam,9,R9 Procon Developments Australia Hcp (C1)
10445315,9,0,1,3.0,0.3333333333333333,0.1111111111111111,0.3333333333333333,2026-05-06T04:34:00+00:00,999,Ellerslie,8,R8 Show By Skycity Hcp (60)
10445379,16,0,1,3.0,0.3333333333333333,0.0625,0.1875,2026-05-06T04:45:00+00:00,999,Warrnambool,7,R7 Sinclair Wilson (Bm70)
10445378,11,1,1,1.0,1.0,0.09090909090909091,0.2727272727272727,2026-05-06T05:20:00+00:00,999,Warrnambool,8,R8 The Midfield Group Colin Mckenna Wangoom Hcp
10445427,9,0,0,7.0,0.14285714285714285,0.1111111111111111,0.3333333333333333,2026-05-07T04:30:00+00:00,999,Warrnambool,7,R7 Brandt Grand Annual Stpl
10445434,8,1,1,1.0,1.0,0.125,0.375,2026-05-07T05:15:00+00:00,999,Warrnambool,8,R8 Kia Hcp
10448656,9,0,0,8.5,0.11764705882352941,0.1111111111111111,0.3333333333333333,2026-05-07T05:25:00+00:00,999,Wyong,5,R5 Spelling At Domeland (Bm64)
10454206,12,0,0,4.0,0.25,0.08333333333333333,0.25,2026-05-09T02:05:00+00:00,999,Rotorua,5,R5 Van Dyks (Bm75)
10454210,12,0,0,6.0,0.16666666666666666,0.08333333333333333,0.25,2026-05-09T02:47:00+00:00,999,Rotorua,6,R6 Laser Electrical (Bm65)
10454226,7,0,1,2.0,0.5,0.14285714285714285,0.42857142857142855,2026-05-09T03:08:00+00:00,999,Waverley,8,R8 Treadwell Gordon Hcp
10454217,8,0,1,2.0,0.5,0.125,0.375,2026-05-09T03:43:00+00:00,999,Waverley,9,R9 Catalyst - Performance Agronomy (Bm75)
10454205,14,1,1,1.0,1.0,0.07142857142857142,0.21428571428571427,2026-05-09T03:57:00+00:00,999,Rotorua,8,R8 Rotorua Itm Stakes
10457753,10,0,0,9.0,0.1111111111111111,0.1,0.3,2026-05-09T03:59:00+00:00,999,Ipswich,5,R5 Schweppes Hcp (60)
10454288,16,0,0,8.0,0.125,0.0625,0.1875,2026-05-09T04:10:00+00:00,999,Gosford,6,R6 Elite Sand & Soil (Bm78)
10454213,11,0,0,3.5,0.2857142857142857,0.09090909090909091,0.2727272727272727,2026-05-09T04:32:00+00:00,999,Rotorua,9,R9 Pedersen Homes (Bm65)
10457756,13,0,0,3.5,0.2857142857142857,0.07692307692307693,0.23076923076923078,2026-05-09T04:34:00+00:00,999,Ipswich,6,R6 Tridan Electrical (Bm65)
10454403,12,1,1,1.0,1.0,0.08333333333333333,0.25,2026-05-09T05:00:00+00:00,999,Caulfield,6,R6 Tour D'Horse Sprint (Bm84)
10457757,13,0,0,11.0,0.09090909090909091,0.07692307692307693,0.23076923076923078,2026-05-09T05:09:00+00:00,999,Ipswich,7,R7 Walkers Turf Supplies (Bm58)
10454289,11,0,0,4.5,0.2222222222222222,0.09090909090909091,0.2727272727272727,2026-05-09T05:20:00+00:00,999,Gosford,8,R8 Steinbok The Coast Qlty
10457748,10,0,0,4.0,0.25,0.1,0.3,2026-05-09T05:49:00+00:00,999,Ipswich,8,R8 Nightingale Maintenance Hcp (C2)
10454283,13,1,1,1.0,1.0,0.07692307692307693,0.23076923076923078,2026-05-09T06:00:00+00:00,999,Gosford,9,R9 Guardian Safety Solutions Gosford Gold Cup
10454401,12,0,0,7.5,0.13333333333333333,0.08333333333333333,0.25,2026-05-09T06:15:00+00:00,999,Caulfield,8,R8 Lamaro's After The Last (Bm100)
10457749,10,0,0,9.0,0.1111111111111111,0.1,0.3,2026-05-09T06:25:00+00:00,999,Ipswich,9,R9 Gordon's Gin Plate (C1)
10454305,14,0,1,3.0,0.3333333333333333,0.07142857142857142,0.21428571428571427,2026-05-09T06:30:00+00:00,999,Morphettville,8,R8 The Sportsbet Goodwood
10454400,14,0,0,6.5,0.15384615384615385,0.07142857142857142,0.21428571428571427,2026-05-09T06:50:00+00:00,999,Caulfield,9,R9 Sportsbet Fixed Odds Exotics (Bm78)
10454414,14,0,1,2.0,0.5,0.07142857142857142,0.21428571428571427,2026-05-09T06:55:00+00:00,999,Gold Coast,8,R8 Brandons Electrical Gold Coast Guineas
10457895,14,0,1,3.0,0.3333333333333333,0.07142857142857142,0.21428571428571427,2026-05-09T06:57:00+00:00,999,Ararat,8,R8 Bet365 Bet Boost Fillies & Mares 0-56 Handicap
10454303,15,0,0,10.0,0.1,0.06666666666666667,0.2,2026-05-09T07:05:00+00:00,999,Morphettville,9,R9 Canadian Club (Bm68)
10454406,11,0,0,7.0,0.14285714285714285,0.09090909090909091,0.2727272727272727,2026-05-09T07:30:00+00:00,999,Gold Coast,9,R9 Australian Turf Club Trophy
10454655,14,0,0,11.5,0.08695652173913043,0.07142857142857142,0.21428571428571427,2026-05-09T08:00:00+00:00,999,Ascot,8,R8 Lawn Pride Australia (Bm72+)
10454511,9,0,0,8.5,0.11764705882352941,0.1111111111111111,0.3333333333333333,2026-05-09T08:15:00+00:00,999,Port Hedland,5,R5 Scope Business Imaging Hcp C1)
10454656,16,0,0,14.0,0.07142857142857142,0.0625,0.1875,2026-05-09T08:40:00+00:00,999,Ascot,9,R9 Peters Investments (Rs1mw)
10457771,10,0,0,7.5,0.13333333333333333,0.1,0.3,2026-05-09T09:35:00+00:00,999,Toowoomba,5,R5 Happy 21St Birthday Will Holley (Bm60)
10457766,11,0,0,7.0,0.14285714285714285,0.09090909090909091,0.2727272727272727,2026-05-09T10:42:00+00:00,999,Toowoomba,7,R7 Taylor Building Group Mdn Plate
10454358,12,0,0,10.0,0.1,0.08333333333333333,0.25,2026-05-10T04:20:00+00:00,999,Hobart,5,R5 Happy Mother’s Day! Hcp (C3)
10454241,12,0,0,10.5,0.09523809523809523,0.08333333333333333,0.25,2026-05-10T04:21:00+00:00,999,Wanganui,8,R8 Wanganui Motors Mdn
10457904,10,0,0,5.0,0.2,0.1,0.3,2026-05-10T04:45:00+00:00,999,Ballarat,5,R5 Manhari (Bm62)
10454360,14,0,0,14.0,0.07142857142857142,0.07142857142857142,0.21428571428571427,2026-05-10T05:00:00+00:00,999,Hobart,6,R6 Ladbrokes Hosted Pots Hcp (C1)
10458113,8,0,0,5.0,0.2,0.125,0.375,2026-05-10T05:30:00+00:00,999,Sunshine Coast,6,R6 Wimmers Premium Soft Drinks (Bm58)
10457809,10,0,0,10.0,0.1,0.1,0.3,2026-05-10T05:50:00+00:00,999,Mudgee,5,R5 Midwestern People Against Violence (Bm66)
10457734,12,0,1,2.0,0.5,0.08333333333333333,0.25,2026-05-10T06:00:00+00:00,999,Moruya,6,R6 Tomakin Sports And Social Club Mothers Day Cup (Bm58)
10457907,11,0,0,6.5,0.15384615384615385,0.09090909090909091,0.2727272727272727,2026-05-10T06:05:00+00:00,999,Ballarat,7,R7 Sportsbet Green Tick (Bm62)
10458106,13,0,0,11.0,0.09090909090909091,0.07692307692307693,0.23076923076923078,2026-05-10T06:10:00+00:00,999,Sunshine Coast,7,R7 Double R Group (Bm60)
10454361,8,0,0,4.0,0.25,0.125,0.375,2026-05-10T06:19:00+00:00,999,Hobart,8,R8 Kevin Sharkie (Bm72)
10457883,12,0,0,9.0,0.1111111111111111,0.08333333333333333,0.25,2026-05-10T06:23:00+00:00,999,Mornington,7,R7 Sportsbet Race Replays Hcp (56)
10457810,8,0,0,4.0,0.25,0.125,0.375,2026-05-10T06:27:00+00:00,999,Mudgee,6,R6 Happy Mother's Day - Cameron Crockett Racing Country Boosted Hcp (C3)
10457901,10,1,1,1.0,1.0,0.1,0.3,2026-05-10T06:45:00+00:00,999,Ballarat,8,R8 Hygain Edge (Bm66)
10458110,11,0,0,5.0,0.2,0.09090909090909091,0.2727272727272727,2026-05-10T06:50:00+00:00,999,Sunshine Coast,8,R8 Tab (Bm65)
10457842,11,0,0,6.0,0.16666666666666666,0.09090909090909091,0.2727272727272727,2026-05-10T08:07:00+00:00,999,Kalgoorlie,6,R6 Lakes Electrical Peter Palmer Memorial (Bm70+)
10461614,11,1,1,1.0,1.0,0.09090909090909091,0.2727272727272727,2026-05-11T05:00:00+00:00,999,Echuca,5,R5 Quest Echuca Serviced Apartments (Bm56)
10457700,11,0,0,5.0,0.2,0.09090909090909091,0.2727272727272727,2026-05-11T05:15:00+00:00,999,Quirindi,5,R5 Qpp Media Country Boosted (Bm58)
10461613,11,0,0,6.0,0.16666666666666666,0.09090909090909091,0.2727272727272727,2026-05-11T06:30:00+00:00,999,Echuca,8,R8 Think Water Echuca (Bm56)
10461585,10,0,0,5.0,0.2,0.1,0.3,2026-05-12T05:10:00+00:00,999,Taree,5,R5 9 July Gloucester Cup (Bm74)
10461586,9,0,1,2.0,0.5,0.1111111111111111,0.3333333333333333,2026-05-12T05:50:00+00:00,999,Taree,6,R6 The Forum Insurance Group Hcp (C2)
10461628,9,0,1,2.0,0.5,0.1111111111111111,0.3333333333333333,2026-05-12T06:30:00+00:00,999,Moe,8,R8 Ladbrokes Hosted Pots (Bm56)
10472315,12,0,0,6.0,0.16666666666666666,0.08333333333333333,0.25,2026-05-13T04:30:00+00:00,999,Matamata,8,R8 Matamata Function Centre - Members Discounts Mdn
10472361,11,0,0,4.0,0.25,0.09090909090909091,0.2727272727272727,2026-05-13T04:45:00+00:00,999,Bendigo,5,R5 Evergreen Turf (Bm66)
10472424,9,0,0,7.0,0.14285714285714285,0.1111111111111111,0.3333333333333333,2026-05-13T06:20:00+00:00,999,Randwick-Kensington,8,R8 Kia National Dealer Of The Year (Bm78)
10472357,12,0,0,4.0,0.25,0.08333333333333333,0.25,2026-05-13T06:30:00+00:00,999,Bendigo,8,R8 Ladbrokes (Bm70)
10472272,12,0,0,9.0,0.1111111111111111,0.08333333333333333,0.25,2026-05-13T06:38:00+00:00,999,Ipswich,8,R8 Poco Vino (Bm68)
10472459,12,0,0,7.5,0.13333333333333333,0.08333333333333333,0.25,2026-05-13T08:05:00+00:00,999,Pinjarra,7,R7 Murray Vet Services (Rs0ly)
10472461,15,0,0,7.5,0.13333333333333333,0.06666666666666667,0.2,2026-05-13T08:44:00+00:00,999,Pinjarra,8,R8 Racing @Pinjarra Park Thursday May 21 Hcp (C1)
10476076,12,0,0,7.0,0.14285714285714285,0.08333333333333333,0.25,2026-05-14T03:10:00+00:00,999,Riccarton Park Synthetic,7,R7 Grand National Tickets On Sale (Bm75)
10476074,14,1,1,1.0,1.0,0.07142857142857142,0.21428571428571427,2026-05-14T03:50:00+00:00,999,Riccarton Park Synthetic,8,R8 Book A Suite Mid-Winter Xmas Races 20 June (Bm65)
10476080,12,0,0,9.5,0.10526315789473684,0.08333333333333333,0.25,2026-05-14T04:22:00+00:00,999,Riccarton Park Synthetic,9,R9 Racecourse Hotel & Motor Lodge (Bm75)
10476090,10,0,0,5.0,0.2,0.1,0.3,2026-05-14T05:45:00+00:00,999,Mackay,7,R7 Ladbrokes Owners Promotion (Bm55)
10476089,8,0,1,3.0,0.3333333333333333,0.125,0.375,2026-05-14T06:23:00+00:00,999,Mackay,8,R8 Racing Again Saturday 23Rd May (Bm50)
10476112,11,0,0,7.0,0.14285714285714285,0.09090909090909091,0.2727272727272727,2026-05-14T06:30:00+00:00,999,Werribee,8,R8 Evergreen Turf Hcp (62)
10473210,12,1,1,1.0,1.0,0.08333333333333333,0.25,2026-05-14T08:40:00+00:00,999,York,8,R8 Country Builders Wa (Bm52+)
10480013,9,0,1,3.0,0.3333333333333333,0.1111111111111111,0.3333333333333333,2026-05-15T05:45:00+00:00,999,Albury,7,R7 Arc Members Sprint Classic Hcp
10480114,10,0,0,4.0,0.25,0.1,0.3,2026-05-15T06:12:00+00:00,999,Cairns,7,R7 Tj Casey Racing (Bm65)
10480010,11,0,0,6.0,0.16666666666666666,0.09090909090909091,0.2727272727272727,2026-05-15T06:25:00+00:00,999,Albury,8,R8 Level One Wine Bar & Cellars (Bm58)
10480242,10,0,0,10.0,0.1,0.1,0.3,2026-05-15T06:30:00+00:00,999,Kilmore,8,R8 Ule Hoof Oil (Bm56)
10480111,10,0,0,10.0,0.1,0.1,0.3,2026-05-15T06:52:00+00:00,999,Cairns,8,R8 Ladbrokes Owners Promotion Plate (C2)
10480031,16,0,1,2.0,0.5,0.0625,0.1875,2026-05-15T06:56:00+00:00,999,Scone,8,R8 Vinery Country Cup (Bm84)
10476284,11,0,0,5.0,0.2,0.09090909090909091,0.2727272727272727,2026-05-15T08:25:00+00:00,999,Albany,8,R8 Arc Look Forward To Seeing Everyone Back Next Season (Bm58+)
10480149,12,0,1,3.0,0.3333333333333333,0.08333333333333333,0.25,2026-05-15T10:15:00+00:00,999,Pakenham,8,R8 Magic Millions Digital (Bm66)
10479997,12,0,0,7.0,0.14285714285714285,0.08333333333333333,0.25,2026-05-16T03:11:00+00:00,999,Otaki,6,R6 Vets On Riverbank (Bm75)
10480186,13,0,0,4.0,0.25,0.07692307692307693,0.23076923076923078,2026-05-16T03:25:00+00:00,999,Scone,5,R5 Magic Millions (Bm78)
10480198,15,0,0,8.5,0.11764705882352941,0.06666666666666667,0.2,2026-05-16T04:15:00+00:00,999,Flemington,5,R5 Sharp Eit Sir Henry Bolte Hcp
10479998,14,0,0,8.0,0.125,0.07142857142857142,0.21428571428571427,2026-05-16T04:21:00+00:00,999,Otaki,8,R8 Otaki Tyre Repairs (Bm65)
10480007,16,0,1,3.0,0.3333333333333333,0.0625,0.1875,2026-05-16T04:29:00+00:00,999,Ellerslie,8,R8 Horizon By Skycity (Bm65)
10480184,15,0,0,6.0,0.16666666666666666,0.06666666666666667,0.2,2026-05-16T04:35:00+00:00,999,Scone,7,R7 Coolmore Denise's Joy Stakes
10480239,12,0,0,10.0,0.1,0.08333333333333333,0.25,2026-05-16T04:43:00+00:00,999,Doomben,6,R6 Magic Millions Bright Shadow Qlty
10484152,12,0,1,2.0,0.5,0.08333333333333333,0.25,2026-05-16T05:06:00+00:00,999,Wodonga,5,R5 Community Crew Albury/ Wodonga Hcp (56)
10480185,16,0,1,2.5,0.4,0.0625,0.1875,2026-05-16T05:10:00+00:00,999,Scone,8,R8 Emirates Park Ortensia Stakes
10480188,16,1,1,1.0,1.0,0.0625,0.1875,2026-05-16T05:50:00+00:00,999,Scone,9,R9 Arrowfield Dark Jewel Classic
10480240,15,0,0,5.0,0.2,0.06666666666666667,0.2,2026-05-16T06:02:00+00:00,999,Doomben,8,"R8 Ladbrokes Doomben 10,000"
10480193,14,0,0,5.0,0.2,0.07142857142857142,0.21428571428571427,2026-05-16T06:10:00+00:00,999,Flemington,8,R8 Hilton Nicholas Tab Straight Six Hcp
10484160,9,0,0,6.5,0.15384615384615385,0.1111111111111111,0.3333333333333333,2026-05-16T06:11:00+00:00,999,Emerald,5,R5 Emerald Service Centre Emerald Cup
10484046,13,0,0,8.0,0.125,0.07692307692307693,0.23076923076923078,2026-05-16T06:15:00+00:00,999,Kembla Grange,8,R8 Nathan Lamont (Bm64)
10484448,12,0,1,3.0,0.3333333333333333,0.08333333333333333,0.25,2026-05-16T06:19:00+00:00,999,Gold Coast Poly,8,R8 Ronald Mcdonald House Southeast Qld (Bm65)
10480068,14,0,0,5.0,0.2,0.07142857142857142,0.21428571428571427,2026-05-16T06:22:00+00:00,999,Morphettville,8,R8 Sportsbet Fast Form (Bm74)
10480189,13,0,0,9.0,0.1111111111111111,0.07692307692307693,0.23076923076923078,2026-05-16T06:30:00+00:00,999,Scone,10,R10 Darley Luskin Star Stakes
10480238,16,0,0,16.0,0.0625,0.0625,0.1875,2026-05-16T06:38:00+00:00,999,Doomben,9,R9 Hkjc World Pool Rough Habit Plate
10480195,10,0,0,5.5,0.18181818181818182,0.1,0.3,2026-05-16T06:43:00+00:00,999,Flemington,9,R9 Murray Cox (Bm84)
10480071,14,0,0,10.0,0.1,0.07142857142857142,0.21428571428571427,2026-05-16T06:58:00+00:00,999,Morphettville,9,R9 M&J Chickens (Bm64)
10480510,9,0,0,5.0,0.2,0.1111111111111111,0.3333333333333333,2026-05-16T07:10:00+00:00,999,Belmont,6,R6 Mrs Mac's (Bm72+)
10480503,10,0,0,6.0,0.16666666666666666,0.1,0.3,2026-05-16T08:15:00+00:00,999,Belmont,8,R8 Drummond Golf - Belmont Sprint
10480505,16,0,1,2.0,0.5,0.0625,0.1875,2026-05-16T08:50:00+00:00,999,Belmont,9,R9 Senturf (Rs1mw)
10480326,10,0,0,8.0,0.125,0.1,0.3,2026-05-16T09:02:00+00:00,999,Carnarvon,6,R6 Shark Bay Prawn (Bm56+)
10480102,8,0,0,6.0,0.16666666666666666,0.125,0.375,2026-05-17T02:00:00+00:00,999,Hawera,5,R5 Eltham Farm Supplies Mdn
10480097,12,0,0,4.0,0.25,0.08333333333333333,0.25,2026-05-17T02:38:00+00:00,999,Hawera,6,R6 Spray It Mdn
10480098,9,0,0,7.0,0.14285714285714285,0.1111111111111111,0.3333333333333333,2026-05-17T03:48:00+00:00,999,Hawera,8,R8 Entain/Nzb Insurance Pearl Series Mdn
10480100,12,0,0,8.0,0.125,0.08333333333333333,0.25,2026-05-17T04:19:00+00:00,999,Hawera,9,R9 Racing Next Saturday 11Th July Hcp (60)
10484085,8,0,0,5.0,0.2,0.125,0.375,2026-05-17T04:45:00+00:00,999,Queanbeyan,5,R5 Coral Sea Cup Hcp (C3)
10484281,12,0,1,1.5,0.6666666666666666,0.08333333333333333,0.25,2026-05-17T05:25:00+00:00,999,Sale,6,R6 Carlton Draught (Bm62)
10484283,12,0,0,11.5,0.08695652173913043,0.08333333333333333,0.25,2026-05-17T06:00:00+00:00,999,Sale,7,R7 Sale Turf Club Foundation Hcp (62)
10484570,12,0,1,2.5,0.4,0.08333333333333333,0.25,2026-05-17T06:24:00+00:00,999,Sunshine Coast Poly Track,7,R7 Height 4 Hire (Bm58)
10480056,9,0,0,6.5,0.15384615384615385,0.1111111111111111,0.3333333333333333,2026-05-17T06:28:00+00:00,999,Devonport,8,R8 Tas Trucks (Bm60)
10484282,11,0,0,8.0,0.125,0.09090909090909091,0.2727272727272727,2026-05-17T06:32:00+00:00,999,Sale,8,R8 Ladbrokes Popular Srm (Bm62)
10484112,14,0,0,6.0,0.16666666666666666,0.07142857142857142,0.21428571428571427,2026-05-17T06:36:00+00:00,999,Parkes,8,R8 Parkes Courier Service / Kennards Hire Country Boosted (Bm58)
10484092,11,0,0,9.0,0.1111111111111111,0.09090909090909091,0.2727272727272727,2026-05-17T06:45:00+00:00,999,Strathalbyn,8,R8 Adelaide Belt & Hose Hcp (56)
10484344,12,0,0,6.5,0.15384615384615385,0.08333333333333333,0.25,2026-05-17T06:55:00+00:00,999,Casterton,8,R8 Lk Plumbing & Civil (Bm66)
10484566,10,0,1,2.0,0.5,0.1,0.3,2026-05-17T07:00:00+00:00,999,Sunshine Coast Poly Track,8,R8 Tab Plate (C1)
10484132,9,0,0,7.5,0.13333333333333333,0.1111111111111111,0.3333333333333333,2026-05-18T03:55:00+00:00,999,Port Macquarie,5,R5 John Oxley Motors Hcp (C2)
10484125,12,0,1,2.0,0.5,0.08333333333333333,0.25,2026-05-18T05:50:00+00:00,999,Port Macquarie,8,R8 De Bortoli Wines (Bm58)
10487289,9,0,1,2.0,0.5,0.1111111111111111,0.3333333333333333,2026-05-18T06:00:00+00:00,999,Stawell,8,R8 Bet365 Bet Boost (Bm56)
10484133,7,0,0,6.0,0.16666666666666666,0.14285714285714285,0.42857142857142855,2026-05-18T06:25:00+00:00,999,Port Macquarie,9,R9 Tab.com.au Country Boosted Hcp (C1)
10487283,11,0,1,3.0,0.3333333333333333,0.09090909090909091,0.2727272727272727,2026-05-18T06:30:00+00:00,999,Stawell,9,R9 Thomas Foods (Bm56)
10497438,12,0,0,12.0,0.08333333333333333,0.08333333333333333,0.25,2026-05-20T04:29:00+00:00,999,Cambridge Synthetic,8,R8 Cambridge Equine Hospital Mdn
10497637,9,0,0,4.0,0.25,0.1111111111111111,0.3333333333333333,2026-05-20T05:20:00+00:00,999,Caulfield Heath,6,R6 Sportsbet Get On Extra (Bm64)
10497573,11,0,0,10.5,0.09523809523809523,0.09090909090909091,0.2727272727272727,2026-05-20T06:10:00+00:00,999,Balaklava,7,R7 Coopers Dry 3.5 (Bm56)
10497634,12,0,0,12.0,0.08333333333333333,0.08333333333333333,0.25,2026-05-20T06:30:00+00:00,999,Caulfield Heath,8,R8 Sportsbet Same Race Multi (Bm74)
10497569,12,0,0,7.0,0.14285714285714285,0.08333333333333333,0.25,2026-05-20T06:45:00+00:00,999,Balaklava,8,R8 Austin Condon Memorial (Bm56)
10501126,13,0,0,4.0,0.25,0.07692307692307693,0.23076923076923078,2026-05-21T03:15:00+00:00,999,Hastings,6,R6 Vet Services Mdn
10501189,11,0,0,7.0,0.14285714285714285,0.09090909090909091,0.2727272727272727,2026-05-21T05:00:00+00:00,999,Seymour,5,R5 Ray White Seymour (Bm62)
10501141,9,0,1,3.0,0.3333333333333333,0.1111111111111111,0.3333333333333333,2026-05-21T05:35:00+00:00,999,Rockhampton,5,R5 Cs Electrical Hcp
10501143,11,0,0,7.5,0.13333333333333333,0.09090909090909091,0.2727272727272727,2026-05-21T06:05:00+00:00,999,Rockhampton,6,R6 Norris Hair Rockhampton (Bm55)
10498364,12,0,0,12.0,0.08333333333333333,0.08333333333333333,0.25,2026-05-21T06:15:00+00:00,999,Ipswich,8,R8 Seven Hcp
10501182,11,0,0,10.0,0.1,0.09090909090909091,0.2727272727272727,2026-05-21T06:30:00+00:00,999,Seymour,8,R8 Annabelle Cleeland Member For Euroa Hcp (62)
10501163,7,0,0,4.5,0.2222222222222222,0.14285714285714285,0.42857142857142855,2026-05-21T06:45:00+00:00,999,Hawkesbury,8,R8 Elite Sand & Soil Hcp (C1)
10501148,11,0,1,3.0,0.3333333333333333,0.09090909090909091,0.2727272727272727,2026-05-21T07:05:00+00:00,999,Rockhampton,8,R8 Dc House Hcp (55)
10507109,11,0,1,2.5,0.4,0.09090909090909091,0.2727272727272727,2026-05-22T05:05:00+00:00,999,Inverell,6,R6 Nutrien Ag (Bm58)
10506773,14,0,0,8.0,0.125,0.07142857142857142,0.21428571428571427,2026-05-22T05:15:00+00:00,999,Geelong,6,R6 Bomboras (Bm62)
10506631,8,0,0,5.5,0.18181818181818182,0.125,0.375,2026-05-22T05:19:00+00:00,999,Kilcoy,5,R5 Ladbrokes Popular Srm (Bm60)
10506778,11,0,0,8.0,0.125,0.09090909090909091,0.2727272727272727,2026-05-22T05:50:00+00:00,999,Geelong,7,R7 The Valley Inn (Bm62)
10506653,8,0,0,4.0,0.25,0.125,0.375,2026-05-22T06:10:00+00:00,999,Mount Gambier,8,R8 Scott Group Of Companies Mount Gambier Gold Cup (Heat 7 Limestone Cup Series)
10507107,9,0,0,5.5,0.18181818181818182,0.1111111111111111,0.3333333333333333,2026-05-22T06:20:00+00:00,999,Inverell,8,R8 Inverell Ford (Bm82)
10506776,13,0,1,3.0,0.3333333333333333,0.07692307692307693,0.23076923076923078,2026-05-22T06:30:00+00:00,999,Geelong,8,R8 Champion Blinds (Bm62)
10506626,12,0,0,9.0,0.1111111111111111,0.08333333333333333,0.25,2026-05-22T06:34:00+00:00,999,Kilcoy,7,R7 Great Northern Brewery (Bm55)
10506651,13,0,0,8.0,0.125,0.07692307692307693,0.23076923076923078,2026-05-22T06:50:00+00:00,999,Mount Gambier,9,R9 Winning Edge Presentations & District Council Of Grant Hcp (60)
10506840,11,0,0,6.0,0.16666666666666666,0.09090909090909091,0.2727272727272727,2026-05-22T09:15:00+00:00,999,Pakenham,6,R6 Ladbrokes Sky Heights Stayers Series Final (Bm74)
10506757,12,0,0,12.0,0.08333333333333333,0.08333333333333333,0.25,2026-05-22T09:30:00+00:00,999,Gold Coast,5,R5 The Donovan & Co Property Specialists (Bm68)
10506842,9,1,1,1.0,1.0,0.1111111111111111,0.3333333333333333,2026-05-22T10:15:00+00:00,999,Pakenham,8,R8 9Mile Fresh Hcp (62)
10506752,12,0,0,12.0,0.08333333333333333,0.08333333333333333,0.25,2026-05-22T10:30:00+00:00,999,Gold Coast,7,R7 Cellarbrations (Bm78)
10506759,13,0,0,8.0,0.125,0.07692307692307693,0.23076923076923078,2026-05-22T11:00:00+00:00,999,Gold Coast,8,R8 The Bottleo (Bm68)
10506602,11,0,0,10.0,0.1,0.09090909090909091,0.2727272727272727,2026-05-23T02:40:00+00:00,999,New Plymouth Raceway,5,R5 Brandlab (Bm75)
10506803,12,0,0,6.0,0.16666666666666666,0.08333333333333333,0.25,2026-05-23T04:03:00+00:00,999,Doomben,5,R5 Xxxx Chief De Beers Qlty
10506892,13,0,0,12.0,0.08333333333333333,0.07692307692307693,0.23076923076923078,2026-05-23T04:10:00+00:00,999,Sandown,5,R5 Thoroughbred Club Of Australia (Bm78)
10506569,14,0,0,7.0,0.14285714285714285,0.07142857142857142,0.21428571428571427,2026-05-23T04:17:00+00:00,999,Ellerslie,8,R8 Show By Skycity (Bm65)
10506601,14,0,0,5.0,0.2,0.07142857142857142,0.21428571428571427,2026-05-23T04:25:00+00:00,999,New Plymouth Raceway,8,R8 Platinum Homes Apprentice Day Friday 12Th June (Bm65)
10506893,13,0,0,5.0,0.2,0.07692307692307693,0.23076923076923078,2026-05-23T04:45:00+00:00,999,Sandown,6,R6 Sportsbet Fixed Odds Exotics Hcp
10509722,9,0,1,2.0,0.5,0.1111111111111111,0.3333333333333333,2026-05-23T04:50:00+00:00,999,Newcastle,6,R6 Pbe Group (Bm64)
10506673,18,0,0,15.0,0.06666666666666667,0.05555555555555555,0.16666666666666666,2026-05-23T05:05:00+00:00,999,Randwick,8,R8 Academy Brand (Bm94)
10506804,14,0,0,8.0,0.125,0.07142857142857142,0.21428571428571427,2026-05-23T05:17:00+00:00,999,Doomben,7,R7 Anz Bloodstock News The Roses 3Yo
10506898,13,0,0,7.5,0.13333333333333333,0.07692307692307693,0.23076923076923078,2026-05-23T05:25:00+00:00,999,Sandown,7,R7 Tile Importer (Bm84)
10506676,9,0,0,4.0,0.25,0.1111111111111111,0.3333333333333333,2026-05-23T05:45:00+00:00,999,Randwick,9,R9 Uphire (Bm78)
10506805,7,0,0,6.0,0.16666666666666666,0.14285714285714285,0.42857142857142855,2026-05-23T05:57:00+00:00,999,Doomben,8,R8 Xxxx Doomben Cup
10506890,16,0,0,14.0,0.07142857142857142,0.0625,0.1875,2026-05-23T06:05:00+00:00,999,Sandown,8,R8 Stow Storage Solutions (Bm100)
10509721,9,0,0,4.5,0.2222222222222222,0.1111111111111111,0.3333333333333333,2026-05-23T06:10:00+00:00,999,Newcastle,8,R8 Motion Group Provincial (Bm68)
10506662,16,0,0,11.0,0.09090909090909091,0.0625,0.1875,2026-05-23T06:17:00+00:00,999,Murray Bridge,8,R8 Mulch N More (Bm68)
10509972,11,0,0,4.0,0.25,0.09090909090909091,0.2727272727272727,2026-05-23T06:21:00+00:00,999,Echuca,8,R8 Winter Blues At The Races 24Th July Hcp (56)
10506801,16,0,1,3.0,0.3333333333333333,0.0625,0.1875,2026-05-23T06:30:00+00:00,999,Doomben,9,R9 Ladbrokes Brc Sprint
10506896,11,0,0,3.5,0.2857142857142857,0.09090909090909091,0.2727272727272727,2026-05-23T06:35:00+00:00,999,Sandown,9,R9 Sportsbet More Places (Bm84)
10507070,12,0,0,3.5,0.2857142857142857,0.08333333333333333,0.25,2026-05-23T06:40:00+00:00,999,Belmont,5,R5 Unite Resourcing (Rs1mw)
10509743,9,1,1,1.0,1.0,0.1111111111111111,0.3333333333333333,2026-05-23T06:50:00+00:00,999,Mackay,8,R8 Racing Again Thursday 11Th June Hcp
10506665,15,0,1,3.0,0.3333333333333333,0.06666666666666667,0.2,2026-05-23T06:55:00+00:00,999,Murray Bridge,9,R9 Mosel Surveyors (Bm70)
10507065,16,0,0,6.0,0.16666666666666666,0.0625,0.1875,2026-05-23T08:20:00+00:00,999,Belmont,8,R8 Racing Wa Provincial Series Final (Bm60+)
10507066,15,0,0,10.5,0.09523809523809523,0.06666666666666667,0.2,2026-05-23T08:55:00+00:00,999,Belmont,9,R9 Swan Draught (Bm66+)
10509807,10,1,1,1.0,1.0,0.1,0.3,2026-05-23T10:50:00+00:00,999,Toowoomba,8,R8 Gerry Brown's Shelving & Storage Mdn Plate
10506607,10,0,0,10.0,0.1,0.1,0.3,2026-05-24T04:25:00+00:00,999,Te Rapa,8,R8 Power Farming Morrinsville (Bm65)
10509771,10,0,0,4.0,0.25,0.1,0.3,2026-05-24T05:55:00+00:00,999,Gunnedah,8,R8 Mannion Drilling Big Dance Eligibility Gunnedah Showcase Cup
10510134,12,0,0,7.0,0.14285714285714285,0.08333333333333333,0.25,2026-05-24T06:09:00+00:00,999,Sunshine Coast,8,R8 Xxxx (Bm68)
10510015,11,1,1,1.0,1.0,0.09090909090909091,0.2727272727272727,2026-05-24T06:25:00+00:00,999,Ballarat,8,R8 Hygain Edge (Bm62)
10506639,10,0,1,2.0,0.5,0.1,0.3,2026-05-24T06:30:00+00:00,999,Hobart,8,R8 The Three Sister's Hcp (C2)
10509766,13,1,1,1.0,1.0,0.07692307692307693,0.23076923076923078,2026-05-24T06:35:00+00:00,999,Gunnedah,9,R9 Courthouse Hotel Gunnedah Showcase Lightning Hcp
10510129,12,0,0,10.0,0.1,0.08333333333333333,0.25,2026-05-24T06:44:00+00:00,999,Sunshine Coast,9,R9 Landsborough Pub (Bm62)
10506884,8,0,0,8.0,0.125,0.125,0.375,2026-05-24T08:40:00+00:00,999,Roebourne,6,R6 Joyce Krane Hcp (C3)
10513902,11,0,0,5.0,0.2,0.09090909090909091,0.2727272727272727,2026-05-25T06:00:00+00:00,999,Mornington,6,R6 Magic Millions National Sale Hcp (56)
10510199,11,0,0,8.0,0.125,0.09090909090909091,0.2727272727272727,2026-05-25T06:10:00+00:00,999,Townsville,6,R6 Great Northern Brewing Co Hcp (55)
10513911,8,0,0,5.0,0.2,0.125,0.375,2026-05-26T06:00:00+00:00,999,Hamilton,7,R7 Williams Water (Bm56)
10513913,10,0,0,9.0,0.1111111111111111,0.1,0.3,2026-05-26T06:30:00+00:00,999,Hamilton,8,R8 Greg Allan Farm Machinery Hcp (56)
10523591,13,0,0,5.0,0.2,0.07692307692307693,0.23076923076923078,2026-05-27T03:54:00+00:00,999,Riccarton Park Synthetic,8,R8 Congratulations Ryan Thistoll (Bm65)
10523610,9,1,1,1.0,1.0,0.1111111111111111,0.3333333333333333,2026-05-27T04:57:00+00:00,999,Doomben,6,R6 Mullins Lawyers (Bm78)
10523790,6,0,0,5.0,0.2,0.16666666666666666,0.5,2026-05-27T05:59:00+00:00,999,Port Macquarie,8,R8 Functions @ Mvrc (Bm66)
10523613,11,0,0,3.5,0.2857142857142857,0.09090909090909091,0.2727272727272727,2026-05-27T06:07:00+00:00,999,Doomben,8,R8 Ladbrokes Mates Mode Hcp (C2)
10523677,9,0,0,6.5,0.15384615384615385,0.1111111111111111,0.3333333333333333,2026-05-27T06:20:00+00:00,999,Canterbury,6,R6 The Agency Real Estate (Bm72)
10523657,5,0,0,5.0,0.2,0.2,0.6,2026-05-27T06:30:00+00:00,999,Caulfield Heath,8,R8 Sportsbet Fixed Odds Exotics (Bm66)
10527107,12,0,0,7.0,0.14285714285714285,0.08333333333333333,0.25,2026-05-28T06:00:00+00:00,999,Moe,7,R7 Turfcare Hcp (62)
10527108,13,0,1,2.0,0.5,0.07692307692307693,0.23076923076923078,2026-05-28T06:30:00+00:00,999,Moe,8,R8 Statewide Turf (Bm62)
10531309,9,0,1,3.0,0.3333333333333333,0.1111111111111111,0.3333333333333333,2026-05-29T02:17:00+00:00,999,Cairns,5,R5 B & K Dent (Bm70)
10527076,12,0,0,6.0,0.16666666666666666,0.08333333333333333,0.25,2026-05-29T03:08:00+00:00,999,Tauranga,6,R6 The Flying Mullet Hcp (60)
10531310,10,0,0,4.0,0.25,0.1,0.3,2026-05-29T04:04:00+00:00,999,Cairns,8,R8 Ladbrokes Blackbook Mdn Plate
10527078,9,0,0,7.5,0.13333333333333333,0.1111111111111111,0.3333333333333333,2026-05-29T04:15:00+00:00,999,Tauranga,8,R8 Mudgrids (Bm65)
10531386,12,0,0,4.5,0.2222222222222222,0.08333333333333333,0.25,2026-05-29T06:30:00+00:00,999,Bendigo,8,R8 Lincoln Lifestyle (Bm62)
10531510,9,0,0,9.0,0.1111111111111111,0.1111111111111111,0.3333333333333333,2026-05-29T08:32:00+00:00,999,Sunshine Coast Poly Track,8,R8 Fta Accountants Plate (C1)
10531330,8,0,1,2.0,0.5,0.125,0.375,2026-05-29T10:15:00+00:00,999,Pakenham,8,R8 Rw Advisory Group Hcp (66)
10531261,11,0,0,7.0,0.14285714285714285,0.09090909090909091,0.2727272727272727,2026-05-30T03:06:00+00:00,999,Wanganui,7,R7 Agc Training Stakes
10531212,14,0,0,10.0,0.1,0.07142857142857142,0.21428571428571427,2026-05-30T03:14:00+00:00,999,Te Rapa,6,R6 Pgf Transport (Bm65)
10531259,10,1,1,1.0,1.0,0.1,0.3,2026-05-30T03:41:00+00:00,999,Wanganui,8,R8 Dave Hoskin Carriers (Bm75)
10531352,13,0,1,3.0,0.3333333333333333,0.07692307692307693,0.23076923076923078,2026-05-30T04:03:00+00:00,999,Eagle Farm,5,R5 Lord Mayor's Cup
10531257,14,0,0,5.0,0.2,0.07142857142857142,0.21428571428571427,2026-05-30T04:16:00+00:00,999,Wanganui,9,R9 Sound Electrical (Bm65)
10531317,12,0,0,9.0,0.1111111111111111,0.08333333333333333,0.25,2026-05-30T04:22:00+00:00,999,Morphettville,5,R5 Fleurieu Milk Company Hcp (64)
10531216,13,0,1,2.0,0.5,0.07692307692307693,0.23076923076923078,2026-05-30T04:24:00+00:00,999,Te Rapa,8,R8 Roy And Pam Browne Sprint (Bm75)
10531349,18,0,0,10.0,0.1,0.05555555555555555,0.16666666666666666,2026-05-30T04:38:00+00:00,999,Eagle Farm,6,R6 Mullins Lawyers Fred Best Classic
10535120,9,0,0,7.5,0.13333333333333333,0.1111111111111111,0.3333333333333333,2026-05-30T04:50:00+00:00,999,Illawarra Grange,6,R6 Illawarra Production Services (Bm64)
10531366,13,0,0,7.0,0.14285714285714285,0.07692307692307693,0.23076923076923078,2026-05-30T05:05:00+00:00,999,Rosehill,8,R8 Vale Sandro D'Amore (Bm78)
10535121,9,0,0,9.0,0.1111111111111111,0.1111111111111111,0.3333333333333333,2026-05-30T05:25:00+00:00,999,Illawarra Grange,7,R7 Bally Hotel Fishing Club Hcp (C1)
10535049,11,0,0,10.0,0.1,0.09090909090909091,0.2727272727272727,2026-05-30T05:29:00+00:00,999,Ipswich,7,R7 Gordon's Gin (Bm68)
10531318,13,0,1,2.0,0.5,0.07692307692307693,0.23076923076923078,2026-05-30T05:32:00+00:00,999,Morphettville,7,R7 Adelaide Galvanising Industries Hcp (64)
10535085,13,0,0,9.5,0.10526315789473684,0.07692307692307693,0.23076923076923078,2026-05-30T05:36:00+00:00,999,Werribee,6,R6 Picklebet's Pickle Perks Hcp (56)
10531369,18,0,0,11.0,0.09090909090909091,0.05555555555555555,0.16666666666666666,2026-05-30T05:40:00+00:00,999,Rosehill,9,R9 Lord Mayor's Cup
10531354,16,0,0,4.0,0.25,0.0625,0.1875,2026-05-30T05:52:00+00:00,999,Eagle Farm,8,R8 Ladbrokes Kingsford Smith Cup
10531441,11,0,0,4.0,0.25,0.09090909090909091,0.2727272727272727,2026-05-30T06:00:00+00:00,999,Caulfield,8,R8 Sportsbet Bel Esprit Stakes
10535116,9,1,1,1.0,1.0,0.1111111111111111,0.3333333333333333,2026-05-30T06:05:00+00:00,999,Illawarra Grange,8,R8 Astute Finance Call Bec Or Brent Provincial (Bm64)
10535050,9,0,0,8.0,0.125,0.1111111111111111,0.3333333333333333,2026-05-30T06:09:00+00:00,999,Ipswich,8,R8 Chris Wallace 25 Years Service (Bm65)
10531315,14,0,1,2.0,0.5,0.07142857142857142,0.21428571428571427,2026-05-30T06:12:00+00:00,999,Morphettville,8,R8 Sportsbet Feed (Bm68)
10531363,11,0,0,4.0,0.25,0.09090909090909091,0.2727272727272727,2026-05-30T06:20:00+00:00,999,Rosehill,10,R10 Denham Carter (Bm78)
10531355,16,0,0,5.0,0.2,0.0625,0.1875,2026-05-30T06:28:00+00:00,999,Eagle Farm,9,R9 Magic Millions Helen Coughlan Stakes
10531440,10,0,1,1.5,0.6666666666666666,0.1,0.3,2026-05-30T06:35:00+00:00,999,Caulfield,9,R9 Darren Gauci (Bm84)
10531319,13,0,0,8.0,0.125,0.07692307692307693,0.23076923076923078,2026-05-30T06:50:00+00:00,999,Morphettville,9,R9 Thomas Farms Hcp (64)
10531710,15,0,0,13.0,0.07692307692307693,0.06666666666666667,0.2,2026-05-30T08:10:00+00:00,999,Belmont,8,R8 Happy 19Th Birthday Max Wishart (Rs1mw)
10531704,15,0,1,3.0,0.3333333333333333,0.06666666666666667,0.2,2026-05-30T08:45:00+00:00,999,Belmont,9,R9 Solutions Matchmaking (Bm78+)
10531252,16,0,0,7.0,0.14285714285714285,0.0625,0.1875,2026-05-31T01:14:00+00:00,999,Wingatui,6,R6 Property Brokers Ray Kean (Bm65)
10531247,14,0,0,4.0,0.25,0.07142857142857142,0.21428571428571427,2026-05-31T02:25:00+00:00,999,Wingatui,8,R8 Positive Signs + Print (Bm75)
10531251,16,1,1,1.0,1.0,0.0625,0.1875,2026-05-31T03:05:00+00:00,999,Wingatui,9,R9 Speight’s (Bm65)
10531250,12,0,0,4.0,0.25,0.08333333333333333,0.25,2026-05-31T03:45:00+00:00,999,Wingatui,10,R10 Ab Lime & Hyde Landscaping Wairio Cup
10531243,13,0,0,12.0,0.08333333333333333,0.07692307692307693,0.23076923076923078,2026-05-31T04:22:00+00:00,999,Wingatui,11,R11 Be My Guest Design (Bm65)
10531220,9,0,0,6.0,0.16666666666666666,0.1111111111111111,0.3333333333333333,2026-05-31T04:35:00+00:00,999,Awapuni Synthetic,8,R8 Rowden Electrical Services Ltd Sprint (Bm71)
10535197,10,0,0,6.0,0.16666666666666666,0.1,0.3,2026-05-31T05:20:00+00:00,999,Townsville,6,R6 Thuringowa Rsl (Bm60)
10538392,14,0,0,4.0,0.25,0.07142857142857142,0.21428571428571427,2026-05-31T05:45:00+00:00,999,Scone,6,R6 Snowden Racing (Bm66)
10531303,10,0,0,3.5,0.2857142857142857,0.1,0.3,2026-05-31T05:55:00+00:00,999,Devonport,8,R8 Lending 4 U (Bm60)
10535208,12,0,0,8.0,0.125,0.08333333333333333,0.25,2026-05-31T06:05:00+00:00,999,Sandown,7,R7 Sportsbet Fast Form (Bm70)
10535195,11,0,0,5.0,0.2,0.09090909090909091,0.2727272727272727,2026-05-31T06:32:00+00:00,999,Townsville,8,R8 Belle Property (Bm50)
10535209,12,0,0,10.0,0.1,0.08333333333333333,0.25,2026-05-31T06:36:00+00:00,999,Sandown,8,R8 Sportsbet Same Race Multi (Bm70)
10538267,12,0,0,5.0,0.2,0.08333333333333333,0.25,2026-06-01T05:00:00+00:00,999,Kilmore,5,R5 Mc Labour (Bm56)
10535088,12,1,1,1.0,1.0,0.08333333333333333,0.25,2026-06-01T05:10:00+00:00,999,Corowa,5,R5 Federation Steel & Industrial (Bm58)
10538272,10,0,0,7.0,0.14285714285714285,0.1,0.3,2026-06-01T05:30:00+00:00,999,Kilmore,6,R6 C&M Build Group (Bm56)
10538269,11,0,1,3.0,0.3333333333333333,0.09090909090909091,0.2727272727272727,2026-06-01T06:00:00+00:00,999,Kilmore,7,R7 Bet365 Same Race Multi (Bm56)
10538266,10,0,0,7.0,0.14285714285714285,0.1,0.3,2026-06-01T06:30:00+00:00,999,Kilmore,8,R8 Tellurian Wines (Bm56)
10535243,12,0,0,10.0,0.1,0.08333333333333333,0.25,2026-06-01T06:45:00+00:00,999,Warren,8,R8 The Marra (Bm58)
10535316,7,0,0,6.0,0.16666666666666666,0.14285714285714285,0.42857142857142855,2026-06-01T08:45:00+00:00,999,Northam,8,R8 Medic Aid Wa Hcp (C3)
10548637,8,1,1,1.0,1.0,0.125,0.375,2026-06-03T04:24:00+00:00,999,Cambridge Synthetic,8,R8 Cambridge Equine Hospital Mdn
10548314,12,0,0,5.0,0.2,0.08333333333333333,0.25,2026-06-03T05:24:00+00:00,999,Coffs Harbour,7,R7 Sebring Sun At Glenthorne Park Country Boosted (Bm58)
10548240,10,0,0,7.5,0.13333333333333333,0.1,0.3,2026-06-03T06:05:00+00:00,999,Doomben,8,R8 Ladbrokes Popular Srm (Bm65)
10548275,11,0,0,6.0,0.16666666666666666,0.09090909090909091,0.2727272727272727,2026-06-03T06:24:00+00:00,999,Gatton,8,R8 2026 Ladbrokes Gatton Cup Tickets On Sale Now (Bm65)
10548291,9,0,0,9.0,0.1111111111111111,0.1111111111111111,0.3333333333333333,2026-06-03T06:30:00+00:00,999,Sandown,8,R8 Sportsbet More Places (Bm66)
10548355,13,0,0,7.0,0.14285714285714285,0.07692307692307693,0.23076923076923078,2026-06-03T08:04:00+00:00,999,Belmont,7,R7 Swan Draught Hcp (C3)
10548347,13,0,0,8.0,0.125,0.07692307692307693,0.23076923076923078,2026-06-03T08:40:00+00:00,999,Belmont,8,R8 Share Bets With Tabtouch Bet Loop (Rs0ly)
10551864,11,0,0,5.0,0.2,0.09090909090909091,0.2727272727272727,2026-06-04T03:39:00+00:00,999,Te Aroha,6,R6 Toots & Fred Laurich Memorial (Bm75)
10551551,10,0,0,7.0,0.14285714285714285,0.1,0.3,2026-06-04T04:34:00+00:00,999,Ipswich,5,R5 Tab Hcp (58)
10551548,9,0,0,9.0,0.1111111111111111,0.1111111111111111,0.3333333333333333,2026-06-04T05:12:00+00:00,999,Ipswich,6,R6 Living Turf Hcp (58)
10551662,10,0,0,9.0,0.1111111111111111,0.1,0.3,2026-06-04T05:40:00+00:00,999,Hawkesbury,7,R7 Elite Sand & Soil (Bm64)
10551658,11,0,1,1.5,0.6666666666666666,0.09090909090909091,0.2727272727272727,2026-06-04T06:20:00+00:00,999,Hawkesbury,8,R8 Clarendon Tavern (Bm64)
10551550,11,0,0,6.0,0.16666666666666666,0.09090909090909091,0.2727272727272727,2026-06-04T06:27:00+00:00,999,Ipswich,8,R8 Poco Vino Hcp (58)
10548373,14,0,0,7.5,0.13333333333333333,0.07142857142857142,0.21428571428571427,2026-06-04T07:50:00+00:00,999,Pinjarra Scarpside,8,R8 James Squire Hcp (C3)
10548374,14,0,1,3.0,0.3333333333333333,0.07142857142857142,0.21428571428571427,2026-06-04T08:30:00+00:00,999,Pinjarra Scarpside,9,R9 Racing @ Pinjarra Park Wednesday June 24 Hcp (C5)
10556653,10,0,0,8.0,0.125,0.1,0.3,2026-06-05T04:20:00+00:00,999,Dubbo,5,R5 Dubbo Plasterboard & Building Supplies Country Boosted Showcase Hcp (C1)
10556658,14,0,0,11.5,0.08695652173913043,0.07142857142857142,0.21428571428571427,2026-06-05T06:05:00+00:00,999,Dubbo,8,R8 Inland Petroleum Winter Country Classic Qualifier (Bm58)
10556614,10,0,0,10.0,0.1,0.1,0.3,2026-06-05T06:17:00+00:00,999,Taree,8,R8 Crt Wingham Produce Country Boosted (Bm58)
10556374,11,0,0,8.0,0.125,0.09090909090909091,0.2727272727272727,2026-06-05T06:25:00+00:00,999,Rockhampton,8,"R8 Tab Cup Carnival $20,000 Trainers Bonus (Bm58)"
10556521,13,0,0,13.0,0.07692307692307693,0.07692307692307693,0.23076923076923078,2026-06-05T06:30:00+00:00,999,Swan Hill,8,R8 Ultima Hotel (Bm70)
10556655,10,1,1,1.0,1.0,0.1,0.3,2026-06-05T06:40:00+00:00,999,Dubbo,9,R9 Henderson’s Menswear Showcase (Bm82)
10556357,14,0,1,3.0,0.3333333333333333,0.07142857142857142,0.21428571428571427,2026-06-06T04:16:00+00:00,999,Ellerslie,8,R8 Show By Skycity (Bm65)
10559924,14,0,0,10.0,0.1,0.07142857142857142,0.21428571428571427,2026-06-06T04:26:00+00:00,999,Swan Hill,5,R5 Vernon's Steel Hcp (56)
10556703,13,1,1,1.0,1.0,0.07692307692307693,0.23076923076923078,2026-06-06T04:45:00+00:00,999,Flemington,6,R6 Vale Steve Richards (Bm84)
10559702,11,0,0,4.5,0.2222222222222222,0.09090909090909091,0.2727272727272727,2026-06-06T04:50:00+00:00,999,Newcastle,6,R6 Ausure Insurance (Bm64)
10556526,11,1,1,1.0,1.0,0.09090909090909091,0.2727272727272727,2026-06-06T05:05:00+00:00,999,Randwick,8,R8 Bob Charley Ao Stakes
10556635,11,0,0,9.0,0.1111111111111111,0.09090909090909091,0.2727272727272727,2026-06-06T05:13:00+00:00,999,Eagle Farm,7,R7 Sky Racing Spear Chief Hcp
10556702,14,0,0,4.0,0.25,0.07142857142857142,0.21428571428571427,2026-06-06T05:20:00+00:00,999,Flemington,7,R7 Flemington Community Plate (Bm100)
10559751,10,1,1,1.0,1.0,0.1,0.3,2026-06-06T05:29:00+00:00,999,Gold Coast,6,R6 Qlds Finest Rum - The Bundaberg Rum (Bm65)
10556527,12,1,1,1.0,1.0,0.08333333333333333,0.25,2026-06-06T05:40:00+00:00,999,Randwick,9,R9 Cactus Imaging Hcp
10556629,18,0,0,4.0,0.25,0.05555555555555555,0.16666666666666666,2026-06-06T05:52:00+00:00,999,Eagle Farm,8,R8 Seven Queensland Oaks
10556699,16,1,1,1.0,1.0,0.0625,0.1875,2026-06-06T06:00:00+00:00,999,Flemington,8,R8 Lexus Melbourne Cup Tour Trophy
10559697,11,0,1,2.0,0.5,0.09090909090909091,0.2727272727272727,2026-06-06T06:05:00+00:00,999,Newcastle,8,R8 Jag Data & Power Provincial (Bm68)
10559712,11,0,0,5.0,0.2,0.09090909090909091,0.2727272727272727,2026-06-06T06:10:00+00:00,999,Grafton,7,R7 Rumesearch/Big River Way Fencing & Logging Country Boosted (Bm58)
10556498,11,0,0,4.0,0.25,0.09090909090909091,0.2727272727272727,2026-06-06T06:12:00+00:00,999,Morphettville,8,R8 Sportsbet More Places (Bm84)
10559917,14,1,1,1.0,1.0,0.07142857142857142,0.21428571428571427,2026-06-06T06:16:00+00:00,999,Swan Hill,8,R8 North West Ag Quambatook Cup Hcp (56)
10559684,13,0,0,8.5,0.11764705882352941,0.07692307692307693,0.23076923076923078,2026-06-06T06:21:00+00:00,999,Townsville,6,R6 Lyon Build (Bm60)
10556634,11,0,0,4.5,0.2222222222222222,0.09090909090909091,0.2727272727272727,2026-06-06T06:28:00+00:00,999,Eagle Farm,9,R9 Ladbrokes Moreton Cup
10556697,11,0,0,7.0,0.14285714285714285,0.09090909090909091,0.2727272727272727,2026-06-06T06:34:00+00:00,999,Flemington,9,R9 Kooza - Now On At Flemington (Bm84)
10559744,12,0,1,2.5,0.4,0.08333333333333333,0.25,2026-06-06T06:46:00+00:00,999,Gold Coast,8,R8 Bmd Group (Bm65)
10556496,13,0,0,6.0,0.16666666666666666,0.07692307692307693,0.23076923076923078,2026-06-06T06:50:00+00:00,999,Morphettville,9,R9 Hahn Hcp (62)
10556910,9,0,1,2.0,0.5,0.1111111111111111,0.3333333333333333,2026-06-06T06:54:00+00:00,999,Belmont,8,R8 Raconteur Stakes
10556908,13,1,1,1.0,1.0,0.07692307692307693,0.23076923076923078,2026-06-06T07:35:00+00:00,999,Belmont,9,R9 Quayclean (Bm72+)
10556913,16,1,1,1.0,1.0,0.0625,0.1875,2026-06-06T08:15:00+00:00,999,Belmont,10,R10 Lawn Pride Australia (Bm66+)
10556449,13,0,0,7.0,0.14285714285714285,0.07692307692307693,0.23076923076923078,2026-06-07T04:05:00+00:00,999,Hobart,6,R6 Aviso Tas Insurance Brokers Hcp (C1)
10559998,11,0,0,8.0,0.125,0.09090909090909091,0.2727272727272727,2026-06-07T04:15:00+00:00,999,Casterton,5,R5 Tdc Livestock Hcp (56)
10556447,11,0,0,8.0,0.125,0.09090909090909091,0.2727272727272727,2026-06-07T05:25:00+00:00,999,Hobart,8,R8 Winning Edge Presentations (Bm60)
10559933,14,0,0,5.0,0.2,0.07142857142857142,0.21428571428571427,2026-06-07T05:50:00+00:00,999,Swan Hill,8,R8 Bet365 Swan Hill Cup
10559802,10,0,0,8.5,0.11764705882352941,0.1,0.3,2026-06-07T06:10:00+00:00,999,Wyong,8,R8 De Bortoli Wines (Bm64)
10560000,10,0,1,2.5,0.4,0.1,0.3,2026-06-07T06:15:00+00:00,999,Casterton,8,R8 Vickery Bros (Bm62)
10559930,14,0,1,2.0,0.5,0.07142857142857142,0.21428571428571427,2026-06-07T06:28:00+00:00,999,Swan Hill,9,R9 Ultima Hotel - Think Big Classic Hcp (62)
10559834,14,0,0,14.0,0.07142857142857142,0.07142857142857142,0.21428571428571427,2026-06-07T06:32:00+00:00,999,Sunshine Coast,8,R8 Lever Law (Bm65)
10559828,9,0,0,4.0,0.25,0.1111111111111111,0.3333333333333333,2026-06-07T07:00:00+00:00,999,Kalgoorlie,5,R5 Goldfields Waste Solutions (Bm58+)
10559829,10,0,1,2.0,0.5,0.1,0.3,2026-06-07T08:15:00+00:00,999,Kalgoorlie,7,R7 Hot Dub Time Machine After Party Oct 3Rd (Bm70+)
10559813,13,0,0,11.0,0.09090909090909091,0.07692307692307693,0.23076923076923078,2026-06-08T05:35:00+00:00,999,Strathalbyn,7,R7 Adelaide Hills Gas Hcp (58)
10559809,13,0,0,12.0,0.08333333333333333,0.07692307692307693,0.23076923076923078,2026-06-08T06:10:00+00:00,999,Strathalbyn,8,R8 Pestka Signs Hcp (56)
10559692,7,0,0,4.0,0.25,0.14285714285714285,0.42857142857142855,2026-06-08T06:20:00+00:00,999,Canterbury,8,R8 Ranvet (Bm72)
10563668,11,0,0,6.0,0.16666666666666666,0.09090909090909091,0.2727272727272727,2026-06-08T06:30:00+00:00,999,Mornington,8,R8 Theo Howe (Bm70)
10559807,13,0,0,10.5,0.09523809523809523,0.07692307692307693,0.23076923076923078,2026-06-08T06:45:00+00:00,999,Strathalbyn,9,R9 Victor Harbor Motor Co Hcp (56)
10563452,13,0,0,8.0,0.125,0.07692307692307693,0.23076923076923078,2026-06-09T06:25:00+00:00,999,Scone,8,R8 Horse Capital Country Boosted (Bm58)
10563659,11,0,1,1.5,0.6666666666666666,0.09090909090909091,0.2727272727272727,2026-06-09T06:30:00+00:00,999,Donald,8,R8 Chs Broadbent (Bm62)
10566863,10,0,0,5.0,0.2,0.1,0.3,2026-06-10T03:14:00+00:00,999,Trentham,8,R8 Vision Enhancement Av Specialists (Bm65)
10566859,12,0,0,4.5,0.2222222222222222,0.08333333333333333,0.25,2026-06-10T03:49:00+00:00,999,Trentham,9,R9 Grant Plumbing 30Th Anniversary Hcp
10572849,12,0,0,9.0,0.1111111111111111,0.08333333333333333,0.25,2026-06-10T04:11:00+00:00,999,Riccarton Park Synthetic,8,R8 Racecourse Hotel & Motor Lodge (Bm65)
10572902,12,0,0,7.0,0.14285714285714285,0.08333333333333333,0.25,2026-06-10T04:47:00+00:00,999,Mount Gambier,5,R5 Blue Lake Bar & Bistro Hcp (54)
10572912,10,0,1,3.0,0.3333333333333333,0.1,0.3,2026-06-10T05:05:00+00:00,999,Sale,6,R6 Wayne Pollock – Life Member (Bm66)
10572911,10,0,0,4.5,0.2222222222222222,0.1,0.3,2026-06-10T06:15:00+00:00,999,Sale,8,R8 David Wilson – Life Member (Bm62)
10572897,13,0,1,2.0,0.5,0.07692307692307693,0.23076923076923078,2026-06-10T06:37:00+00:00,999,Mount Gambier,8,R8 O'Connor & Graney Hcp (56)
10572986,10,0,0,8.5,0.11764705882352941,0.1,0.3,2026-06-10T07:22:00+00:00,999,Belmont,6,R6 Tabtouch Punters Club Now On Sale Hcp (C3)
10575791,8,0,0,4.0,0.25,0.125,0.375,2026-06-11T05:45:00+00:00,999,Gosford,6,R6 Sneddon Bros Hcp (C1)
10575744,13,0,0,7.0,0.14285714285714285,0.07692307692307693,0.23076923076923078,2026-06-11T06:05:00+00:00,999,Mackay,7,R7 Book For Mackay Cup Saturday 25Th July Hcp (55)
10575803,11,1,1,1.0,1.0,0.09090909090909091,0.2727272727272727,2026-06-11T06:30:00+00:00,999,Seymour,8,R8 Boss Plumbing & Drainage (Bm62)
10575746,11,0,0,4.0,0.25,0.09090909090909091,0.2727272727272727,2026-06-11T06:38:00+00:00,999,Mackay,8,R8 Racing Again Tuesday 23Rd June Hcp
10573658,15,0,1,2.0,0.5,0.06666666666666667,0.2,2026-06-11T08:35:00+00:00,999,Bunbury,7,R7 Jk Racing Hcp (C5)
10580469,10,1,1,1.0,1.0,0.1,0.3,2026-06-12T04:56:01+00:00,999,Canberra,5,R5 Cosmic Cleaning (Bm65)
10580571,10,0,0,8.0,0.125,0.1,0.3,2026-06-12T05:20:00+00:00,999,Ballarat,6,R6 Hygain Edge Hcp (62)
10580513,8,0,0,6.0,0.16666666666666666,0.125,0.375,2026-06-12T05:50:00+00:00,999,Muswellbrook,7,R7 Pirtek Muswellbrook (Bm82)
10580494,9,1,1,1.0,1.0,0.1111111111111111,0.3333333333333333,2026-06-12T06:04:01+00:00,999,Beaudesert,8,R8 Your Q To Move - Q State Properties (Bm60)
10580612,14,0,1,3.0,0.3333333333333333,0.07142857142857142,0.21428571428571427,2026-06-12T06:20:00+00:00,999,Bairnsdale,7,R7 Dahlsens Group (Bm56)
10580516,8,0,0,6.0,0.16666666666666666,0.125,0.375,2026-06-12T06:30:00+00:00,999,Muswellbrook,8,R8 Bengalla Cup Sunday 26 July (Bm66)
10580565,11,0,1,3.0,0.3333333333333333,0.09090909090909091,0.2727272727272727,2026-06-12T06:40:01+00:00,999,Ballarat,8,R8 Hygain Edge (Bm62)
10580440,14,0,0,9.5,0.10526315789473684,0.07142857142857142,0.21428571428571427,2026-06-13T02:40:00+00:00,999,Te Rapa,7,R7 Wtr Thanks The Castles Family (Bm75)
10580434,13,0,0,11.0,0.09090909090909091,0.07692307692307693,0.23076923076923078,2026-06-13T03:15:00+00:00,999,Te Rapa,8,R8 Thanks Bernard Kneebone - 25 Years On The Clock Hcp
10580505,10,0,0,4.0,0.25,0.1,0.3,2026-06-13T03:41:00+00:00,999,Wanganui,8,R8 Bullocks Group Hcp
10580436,7,0,1,3.0,0.3333333333333333,0.14285714285714285,0.42857142857142855,2026-06-13T03:50:00+00:00,999,Te Rapa,9,R9 Waikato Stud Foxbridge Plate 22/8 Mile Hcp
10580561,13,0,0,7.0,0.14285714285714285,0.07692307692307693,0.23076923076923078,2026-06-13T03:55:00+00:00,999,Rosehill,6,R6 Rj Partner Award (Bm72)
10580594,11,0,0,5.0,0.2,0.09090909090909091,0.2727272727272727,2026-06-13T04:03:00+00:00,999,Eagle Farm,5,R5 Seven Hinkler Hcp
10583471,11,0,0,6.0,0.16666666666666666,0.09090909090909091,0.2727272727272727,2026-06-13T04:06:00+00:00,999,Narrandera,5,R5 Bendigo Community Bank Narrandera (Bm50)
10580506,14,0,0,4.0,0.25,0.07142857142857142,0.21428571428571427,2026-06-13T04:16:00+00:00,999,Wanganui,9,R9 Wanganui Insurance Brokers (Bm65)
10583498,14,0,0,4.5,0.2222222222222222,0.07142857142857142,0.21428571428571427,2026-06-13T04:26:01+00:00,999,Bendigo,5,R5 Ladbrokes Mega Multi Hcp (56)
10583385,10,0,0,7.0,0.14285714285714285,0.1,0.3,2026-06-13T04:50:00+00:00,999,Newcastle,6,R6 Debbie Ryan - Member Appreciation Hcp (C1)
10583377,10,0,0,7.0,0.14285714285714285,0.1,0.3,2026-06-13T04:54:01+00:00,999,Gold Coast,5,R5 Ar Plumbing Service Mdn Plate
10580557,9,0,1,3.0,0.3333333333333333,0.1111111111111111,0.3333333333333333,2026-06-13T05:05:00+00:00,999,Rosehill,8,R8 The Queen Elizabeth Ii Cup
10580523,14,0,1,3.0,0.3333333333333333,0.07142857142857142,0.21428571428571427,2026-06-13T05:37:00+00:00,999,Murray Bridge,7,R7 Carlton Draught Hcp (64)
10580553,13,0,0,6.0,0.16666666666666666,0.07692307692307693,0.23076923076923078,2026-06-13T05:45:00+00:00,999,Rosehill,9,R9 Shift4 Sydney Sweep (Bm78)
10580599,18,0,0,7.0,0.14285714285714285,0.05555555555555555,0.16666666666666666,2026-06-13T05:57:00+00:00,999,Eagle Farm,8,R8 Ladbrokes Stradbroke Hcp
10583473,11,0,0,5.5,0.18181818181818182,0.09090909090909091,0.2727272727272727,2026-06-13T06:00:00+00:00,999,Narrandera,8,R8 Chemsave Narrandera Pharmacy L W Peacock Memorial (Bm50)
10580661,8,0,0,7.0,0.14285714285714285,0.125,0.375,2026-06-13T06:05:01+00:00,999,Sandown,8,R8 Quayclean Hcp
10583390,9,0,0,5.0,0.2,0.1111111111111111,0.3333333333333333,2026-06-13T06:10:00+00:00,999,Newcastle,8,R8 Happy Birthday Yvette Hadfield Provincial (Bm68)
10580527,12,0,0,7.5,0.13333333333333333,0.08333333333333333,0.25,2026-06-13T06:17:00+00:00,999,Murray Bridge,8,R8 Cropsmart Advisory (Bm76)
10583502,14,0,0,4.0,0.25,0.07142857142857142,0.21428571428571427,2026-06-13T06:21:01+00:00,999,Bendigo,8,R8 Bendigo Ford Hcp (56)
10580562,11,0,1,2.5,0.4,0.09090909090909091,0.2727272727272727,2026-06-13T06:25:00+00:00,999,Rosehill,10,R10 Bisley Workwear (Bm78)
10580597,9,0,0,7.0,0.14285714285714285,0.1111111111111111,0.3333333333333333,2026-06-13T06:30:00+00:00,999,Eagle Farm,9,R9 Hkjc World Pool Q22
10580660,12,0,0,4.5,0.2222222222222222,0.08333333333333333,0.25,2026-06-13T06:39:01+00:00,999,Sandown,9,R9 Sportsbet Race Replays (Bm74)
10583381,10,0,0,4.0,0.25,0.1,0.3,2026-06-13T06:48:00+00:00,999,Gold Coast,8,R8 Renew Your Membership Now! (Bm65)
10580528,14,0,1,2.0,0.5,0.07142857142857142,0.21428571428571427,2026-06-13T06:52:00+00:00,999,Murray Bridge,9,R9 Smart Alchemax (Bm68)
10580937,14,0,0,6.0,0.16666666666666666,0.07142857142857142,0.21428571428571427,2026-06-13T07:51:01+00:00,999,Belmont,7,R7 Happy 70Th Birthday Phil Davey (Bm66+)
10580938,11,0,0,6.0,0.16666666666666666,0.09090909090909091,0.2727272727272727,2026-06-13T08:25:00+00:00,999,Belmont,8,R8 Peters Investments (Bm78+)
10580761,12,0,0,3.5,0.2857142857142857,0.08333333333333333,0.25,2026-06-13T08:41:00+00:00,999,Broome,6,R6 Able Electrical (Bm58+)
10583437,11,1,1,1.0,1.0,0.09090909090909091,0.2727272727272727,2026-06-13T10:27:00+00:00,999,Toowoomba,7,R7 Toowoomba Truck Spares Mdn Hcp
10583438,9,0,1,1.5,0.6666666666666666,0.1111111111111111,0.3333333333333333,2026-06-13T10:57:00+00:00,999,Toowoomba,8,R8 Sheppard Earthmoving Mdn Hcp
10580458,14,0,1,2.0,0.5,0.07142857142857142,0.21428571428571427,2026-06-14T01:49:00+00:00,999,Oamaru,6,R6 Kurow Hotel (Bm65)
10580423,12,0,0,4.0,0.25,0.08333333333333333,0.25,2026-06-14T02:13:01+00:00,999,Matamata,5,R5 Pgg Wrightson Matamata Mdn
10586636,10,0,1,2.0,0.5,0.1,0.3,2026-06-15T05:30:00+00:00,999,Pakenham Synthetic,7,R7 Computer Talk - Business I.t Experts (Bm70)
10583401,14,0,1,3.0,0.3333333333333333,0.07142857142857142,0.21428571428571427,2026-06-15T05:55:00+00:00,999,Tamworth,6,R6 Tamworth City Toyota Hcp (C3)
10586638,12,0,0,11.0,0.09090909090909091,0.08333333333333333,0.25,2026-06-15T06:00:00+00:00,999,Pakenham Synthetic,8,R8 Browns Sawdust & Shavings (Bm62)
10586639,12,0,0,11.0,0.09090909090909091,0.08333333333333333,0.25,2026-06-15T06:30:00+00:00,999,Pakenham Synthetic,9,R9 2026/27 Membership On Sale Now (Bm62)
10586561,13,0,1,2.5,0.4,0.07692307692307693,0.23076923076923078,2026-06-16T04:57:00+00:00,999,Townsville,5,R5 Mitavite (Bm55)
10586677,8,0,0,5.5,0.18181818181818182,0.125,0.375,2026-06-16T05:00:00+00:00,999,Ballarat Synthetic,5,R5 Manhari (Bm66)
10586675,9,0,1,2.0,0.5,0.1111111111111111,0.3333333333333333,2026-06-16T06:30:00+00:00,999,Ballarat Synthetic,8,R8 Hygain Edge (Bm66)
10586560,11,0,1,3.0,0.3333333333333333,0.09090909090909091,0.2727272727272727,2026-06-16T06:47:00+00:00,999,Townsville,8,R8 Woodford Reserve (Bm70)
10597005,12,0,1,3.0,0.3333333333333333,0.08333333333333333,0.25,2026-06-17T03:29:00+00:00,999,Cambridge Synthetic,8,R8 Saddlery Warehouse Mdn
10597001,11,0,0,5.0,0.2,0.09090909090909091,0.2727272727272727,2026-06-17T04:04:00+00:00,999,Cambridge Synthetic,9,R9 Cambridge Equine Hospital (Bm73)
10597100,12,0,1,2.0,0.5,0.08333333333333333,0.25,2026-06-17T04:45:00+00:00,999,Caulfield Heath,5,R5 Sportsbet Feed (Bm66)
10597032,11,0,0,4.0,0.25,0.09090909090909091,0.2727272727272727,2026-06-17T05:28:00+00:00,999,Doomben,6,R6 Xxxx Gold Plate (C1)
10597036,11,0,0,5.0,0.2,0.09090909090909091,0.2727272727272727,2026-06-17T06:03:00+00:00,999,Doomben,7,R7 Mullins Lawyers (Bm70)
10597088,12,0,0,10.5,0.09523809523809523,0.08333333333333333,0.25,2026-06-17T06:30:00+00:00,999,Caulfield Heath,8,R8 Sportsbet More Places (Bm70)
10597029,14,0,1,3.0,0.3333333333333333,0.07142857142857142,0.21428571428571427,2026-06-17T06:34:00+00:00,999,Doomben,8,R8 Ladbrokes Place Extra To 10Th (Bm65)
10597187,15,0,0,14.0,0.07142857142857142,0.06666666666666667,0.2,2026-06-17T08:47:00+00:00,999,Belmont,8,R8 Wittens Irrigation & Design Hcp (C3)
10599872,10,0,0,7.0,0.14285714285714285,0.1,0.3,2026-06-18T04:50:00+00:00,999,Dalby,6,R6 Ladbrokes Popular Same Race Multi Follow Trending Multis (Bm62)
10599853,10,0,1,2.0,0.5,0.1,0.3,2026-06-18T06:00:00+00:00,999,Moe,7,R7 Ladbrokes Owners Promotion (Bm62)
10599871,10,0,1,2.0,0.5,0.1,0.3,2026-06-18T06:05:00+00:00,999,Dalby,8,R8 Dalby & Northern Downs Jockey Club Life Members Hcp (55)
10599842,10,0,0,5.0,0.2,0.1,0.3,2026-06-18T06:20:00+00:00,999,Gosford,8,R8 Tradies Race Day @ Grc Fri 28 August 2026 (Bm64)
10599858,13,0,0,12.0,0.08333333333333333,0.07692307692307693,0.23076923076923078,2026-06-18T06:30:00+00:00,999,Moe,8,R8 S&S Equipment Rental & Sales (Bm56)
10599870,10,1,1,1.0,1.0,0.1,0.3,2026-06-18T06:40:00+00:00,999,Dalby,9,R9 Ladbrokes See The Big Bets On Every Event (Bm62)
10597929,14,0,0,9.0,0.1111111111111111,0.07142857142857142,0.21428571428571427,2026-06-18T08:43:00+00:00,999,Northam,8,R8 Trswa - Wa Roofing Experts Hcp (C3)
10599832,13,0,0,9.0,0.1111111111111111,0.07692307692307693,0.23076923076923078,2026-06-19T02:02:00+00:00,999,Woodville,6,R6 Macdougalls Woodville Pahiatua Cup (Bm75)
10605189,10,0,0,6.0,0.16666666666666666,0.1,0.3,2026-06-19T04:04:00+00:00,999,Rockhampton,6,R6 Korte Group (Bm62)
10599837,12,0,0,9.0,0.1111111111111111,0.08333333333333333,0.25,2026-06-19T04:24:00+00:00,999,Woodville,10,R10 Ahv Power Services Hcp (60)
10605147,14,0,0,6.0,0.16666666666666666,0.07142857142857142,0.21428571428571427,2026-06-19T04:35:00+00:00,999,Moruya,5,R5 O'Briens Plumbing Country Boosted (Bm58)
10605148,12,0,0,5.0,0.2,0.08333333333333333,0.25,2026-06-19T05:10:00+00:00,999,Moruya,6,R6 Mollymook Coolrooms (Bm58)
10605193,9,0,1,2.0,0.5,0.1111111111111111,0.3333333333333333,2026-06-19T05:17:00+00:00,999,Rockhampton,8,R8 The Peoples Cup In Rocky 10 July (Bm70)
10605149,14,0,0,13.0,0.07692307692307693,0.07142857142857142,0.21428571428571427,2026-06-19T05:50:00+00:00,999,Moruya,7,R7 Tle Electrical Batemans Bay (Bm74)
10605194,10,0,0,6.0,0.16666666666666666,0.1,0.3,2026-06-19T05:57:00+00:00,999,Rockhampton,9,R9 Tattersalls Sprint Hcp
10605232,13,0,0,5.5,0.18181818181818182,0.07692307692307693,0.23076923076923078,2026-06-19T06:00:00+00:00,999,Geelong,7,R7 Strength In Community (Bm62)
10606063,7,0,0,7.0,0.14285714285714285,0.14285714285714285,0.42857142857142855,2026-06-19T06:10:00+00:00,999,Inverell,8,R8 C.ex Community Crew Sleep Out (Bm58)
10605154,10,0,0,5.0,0.2,0.1,0.3,2026-06-19T06:25:00+00:00,999,Moruya,8,R8 Camerons H Hardware Batemans Bay Hcp (C1)
10605226,12,0,0,9.0,0.1111111111111111,0.08333333333333333,0.25,2026-06-19T06:30:00+00:00,999,Geelong,8,R8 Right Mate Hcp (66)
10605127,14,0,0,6.0,0.16666666666666666,0.07142857142857142,0.21428571428571427,2026-06-20T02:32:00+00:00,999,Ellerslie,5,R5 Living Turf Mdn
10605088,11,0,0,7.0,0.14285714285714285,0.09090909090909091,0.2727272727272727,2026-06-20T03:15:00+00:00,999,Riccarton,7,R7 Optimise Fertilisers & Equi-Lise (Bm75)
10605273,11,0,0,8.5,0.11764705882352941,0.09090909090909091,0.2727272727272727,2026-06-20T03:20:00+00:00,999,Randwick,5,R5 B&J Guttering & Metal Roofing (Bm78)
10605090,14,0,0,13.0,0.07692307692307693,0.07142857142857142,0.21428571428571427,2026-06-20T03:50:00+00:00,999,Riccarton,8,R8 Cup Week Hospitality On Sale 29 June (Bm65)
10608694,9,1,1,1.0,1.0,0.1111111111111111,0.3333333333333333,2026-06-20T04:15:00+00:00,999,Kembla Grange,5,R5 Bally Hotel Fishing Club Super Mdn Plate
10605132,14,0,0,7.0,0.14285714285714285,0.07142857142857142,0.21428571428571427,2026-06-20T04:17:00+00:00,999,Ellerslie,8,R8 The Lawn Shed Winter Series - 3Yo Final
10605169,13,0,0,7.5,0.13333333333333333,0.07692307692307693,0.23076923076923078,2026-06-20T04:22:00+00:00,999,Morphettville,5,R5 Polywave - Your Partners In Poly Hcp (C2)
10608645,8,1,1,1.0,1.0,0.125,0.375,2026-06-20T04:31:00+00:00,999,Kilcoy,5,R5 Exchange Hotel Kilcoy Hcp (58)
10608724,13,0,0,7.0,0.14285714285714285,0.07692307692307693,0.23076923076923078,2026-06-20T04:54:00+00:00,999,Gold Coast,6,R6 Brisbane Airport Conference Centre Mdn Hcp
10605274,13,0,0,10.0,0.1,0.07692307692307693,0.23076923076923078,2026-06-20T05:05:00+00:00,999,Randwick,8,R8 Cactus Imaging (Bm94)
10608725,10,0,0,6.0,0.16666666666666666,0.1,0.3,2026-06-20T05:34:00+00:00,999,Gold Coast,7,R7 Linda Daffy's Mermaid Waters Tab Hcp (C2)
10608615,13,0,0,4.0,0.25,0.07692307692307693,0.23076923076923078,2026-06-20T05:41:00+00:00,999,Donald,6,R6 Bet365 Same Race Multi Hcp (56)
10605277,15,1,1,1.0,1.0,0.06666666666666667,0.2,2026-06-20T05:45:00+00:00,999,Randwick,9,R9 Drinkwise Civic Stakes
10608647,12,0,0,8.5,0.11764705882352941,0.08333333333333333,0.25,2026-06-20T05:46:00+00:00,999,Kilcoy,7,R7 Ladbrokes Kilcoy Cup (Bm65)
10605345,16,0,0,13.0,0.07692307692307693,0.0625,0.1875,2026-06-20T05:53:00+00:00,999,Ipswich,8,R8 Barrier Reef Pools Eye Liner Stakes
10605282,11,0,1,2.0,0.5,0.09090909090909091,0.2727272727272727,2026-06-20T06:00:00+00:00,999,Flemington,8,R8 The David Bourke Hcp
10608698,8,1,1,1.0,1.0,0.125,0.375,2026-06-20T06:05:00+00:00,999,Kembla Grange,8,R8 Daz's Dash Hcp (C1)
10608731,11,0,0,8.0,0.125,0.09090909090909091,0.2727272727272727,2026-06-20T06:10:00+00:00,999,Gold Coast,8,R8 Poco Vino Hcp (58)
10605170,13,0,0,13.0,0.07692307692307693,0.07692307692307693,0.23076923076923078,2026-06-20T06:15:00+00:00,999,Morphettville,8,R8 Sportsbet Race Replays (Bm64)
10608648,12,0,0,8.0,0.125,0.08333333333333333,0.25,2026-06-20T06:23:00+00:00,999,Kilcoy,8,R8 Searles Garden Products Hcp (55)
10605348,13,0,0,9.0,0.1111111111111111,0.07692307692307693,0.23076923076923078,2026-06-20T06:30:00+00:00,999,Ipswich,9,R9 Fertpro Gai Waterhouse Classic
10605283,10,0,0,9.0,0.1111111111111111,0.1,0.3,2026-06-20T06:35:00+00:00,999,Flemington,9,R9 Country Racing Victoria Trophy Hcp
10608727,16,0,0,16.0,0.0625,0.0625,0.1875,2026-06-20T06:43:00+00:00,999,Gold Coast,9,R9 Renew Your Membership Now (Bm60)
10605174,13,0,0,5.0,0.2,0.07692307692307693,0.23076923076923078,2026-06-20T06:52:00+00:00,999,Morphettville,9,R9 Aceit Transport Solutions Hcp (68)
10605671,14,0,0,9.0,0.1111111111111111,0.07142857142857142,0.21428571428571427,2026-06-20T07:45:00+00:00,999,Belmont,6,R6 Lawn Pride Australia (Bm66+)
10605574,10,0,0,7.0,0.14285714285714285,0.1,0.3,2026-06-20T08:35:00+00:00,999,Port Hedland,6,R6 Goodline Port Hedland (Bm56+)
10605674,13,0,0,9.0,0.1111111111111111,0.07692307692307693,0.23076923076923078,2026-06-20T08:50:00+00:00,999,Belmont,8,R8 Happy 70Th Birthday Fred White (Bm72+)
10605121,12,1,1,1.0,1.0,0.08333333333333333,0.25,2026-06-21T03:28:00+00:00,999,Awapuni Synthetic,7,R7 Bjw Motors 2022 Limited (Bm71)
10605103,9,0,0,8.5,0.11764705882352941,0.1111111111111111,0.3333333333333333,2026-06-21T03:50:00+00:00,999,Te Aroha,8,R8 The Grand Tavern (Bm65)
10605204,12,0,0,4.0,0.25,0.08333333333333333,0.25,2026-06-21T03:52:00+00:00,999,Hobart,6,R6 Raine & Horne Hcp (C2)
10605115,11,0,0,9.0,0.1111111111111111,0.09090909090909091,0.2727272727272727,2026-06-21T04:04:00+00:00,999,Awapuni Synthetic,8,R8 Power Farming (Bm74)
10605198,13,0,0,9.0,0.1111111111111111,0.07692307692307693,0.23076923076923078,2026-06-21T05:10:00+00:00,999,Hobart,8,R8 Aviso Tas Insurance Brokers Plate (C6)
10608604,9,0,0,7.5,0.13333333333333333,0.1111111111111111,0.3333333333333333,2026-06-21T05:15:00+00:00,999,Wagga,5,R5 Alan Harris Mcdonald (Bm82)
10608699,12,0,0,6.0,0.16666666666666666,0.08333333333333333,0.25,2026-06-21T05:20:00+00:00,999,Ballarat Synthetic,5,R5 Hygain Edge (Bm56)
10612816,5,0,1,3.0,0.3333333333333333,0.2,0.6,2026-06-21T05:30:00+00:00,999,Ballina,8,R8 Gordons Pink Gin (Bm58)
10608681,10,0,1,3.0,0.3333333333333333,0.1,0.3,2026-06-21T05:35:00+00:00,999,Cranbourne,8,R8 Acw Facility Services (Bm62)
10608655,9,0,0,6.0,0.16666666666666666,0.1111111111111111,0.3333333333333333,2026-06-21T05:45:00+00:00,999,Port Augusta,6,R6 Saltbush Livestock Squatter's Cup (Bm72)
10605201,12,0,0,9.0,0.1111111111111111,0.08333333333333333,0.25,2026-06-21T05:50:00+00:00,999,Hobart,9,R9 Aintree Contracting (Bm68)
10612815,9,0,0,9.0,0.1111111111111111,0.1111111111111111,0.3333333333333333,2026-06-21T06:10:00+00:00,999,Ballina,9,R9 Tab We're On Hcp (C1)
10608685,9,0,0,6.0,0.16666666666666666,0.1111111111111111,0.3333333333333333,2026-06-21T06:15:00+00:00,999,Cranbourne,9,R9 Become A Southside Racing Member (Bm62)
10608858,10,0,1,3.0,0.3333333333333333,0.1,0.3,2026-06-21T06:20:00+00:00,999,Sunshine Coast,8,R8 Tab (Bm65)
10608701,12,0,1,3.0,0.3333333333333333,0.08333333333333333,0.25,2026-06-21T06:35:00+00:00,999,Ballarat Synthetic,7,R7 Hygain Edge (Bm56)
10608656,12,0,1,3.0,0.3333333333333333,0.08333333333333333,0.25,2026-06-21T06:55:00+00:00,999,Port Augusta,8,R8 Oldfield Memorial Hcp (52)
10608641,11,1,1,1.0,1.0,0.09090909090909091,0.2727272727272727,2026-06-22T05:10:00+00:00,999,Goulburn,5,R5 Pure Image Signs & Designs (Bm58)
10609024,9,0,0,5.0,0.2,0.1111111111111111,0.3333333333333333,2026-06-22T05:17:00+00:00,999,Townsville,5,R5 Mitavite (Bm65)
10608848,12,0,0,8.5,0.11764705882352941,0.08333333333333333,0.25,2026-06-22T06:40:00+00:00,999,Narromine,8,R8 Narromine Hardware (Bm58)
10612446,10,0,0,10.0,0.1,0.1,0.3,2026-06-23T04:35:00+00:00,999,Hawkesbury,5,R5 Hrc Motel (Bm64)
10612611,14,0,0,5.0,0.2,0.07142857142857142,0.21428571428571427,2026-06-23T04:55:00+00:00,999,Taree,5,R5 Events @ Mvrc Hcp (C1)
10612532,11,1,1,1.0,1.0,0.09090909090909091,0.2727272727272727,2026-06-23T06:00:00+00:00,999,Echuca,8,R8 Border Inn Hotel (Bm56)
10612441,10,0,0,9.0,0.1111111111111111,0.1,0.3,2026-06-23T06:25:00+00:00,999,Hawkesbury,8,R8 Blakes Marine (Bm64)
10612534,12,0,1,3.0,0.3333333333333333,0.08333333333333333,0.25,2026-06-23T06:30:00+00:00,999,Echuca,9,R9 Bet365 Same Race Multi (Bm56)
10622297,11,0,0,6.0,0.16666666666666666,0.09090909090909091,0.2727272727272727,2026-06-24T04:45:00+00:00,999,Ballarat Synthetic,5,R5 Manhari Mdn Plate
10621805,12,0,1,2.0,0.5,0.08333333333333333,0.25,2026-06-24T05:45:00+00:00,999,Warwick Farm,6,R6 Irresistible Pools And Spas (Bm72)
10622296,8,0,0,7.0,0.14285714285714285,0.125,0.375,2026-06-24T06:30:00+00:00,999,Ballarat Synthetic,8,R8 Hygain Edge (Bm66)
10621822,10,0,0,9.0,0.1111111111111111,0.1,0.3,2026-06-24T06:38:00+00:00,999,Doomben,8,R8 Ladbrokes Fast Payouts Plate (C1)
10621968,12,1,1,1.0,1.0,0.08333333333333333,0.25,2026-06-24T08:40:00+00:00,999,Pinjarra Scarpside,8,R8 Racing@ Pinjarra Park Thursday July 2 Hcp (C3)
10625617,10,0,0,8.0,0.125,0.1,0.3,2026-06-25T02:00:00+00:00,999,Riccarton Park Synthetic,5,R5 Entain/Nzb Insurance Pearl Series Mdn
10625623,11,1,1,1.0,1.0,0.09090909090909091,0.2727272727272727,2026-06-25T03:15:00+00:00,999,Riccarton Park Synthetic,7,R7 Cup Week Hospitality On Sale 29 June Hcp (60)
10625618,9,0,0,9.0,0.1111111111111111,0.1111111111111111,0.3333333333333333,2026-06-25T03:50:00+00:00,999,Riccarton Park Synthetic,8,R8 Racecourse Hotel & Motor Lodge (Bm65)
10625689,12,0,0,12.0,0.08333333333333333,0.08333333333333333,0.25,2026-06-25T05:30:00+00:00,999,Bendigo,6,R6 Rmbl Investments Rising Stars (Bm62)
10625656,11,0,0,6.0,0.16666666666666666,0.09090909090909091,0.2727272727272727,2026-06-25T06:25:00+00:00,999,Casino,6,R6 Oaten's Country Boosted (Bm58)
10625691,13,0,0,5.0,0.2,0.07692307692307693,0.23076923076923078,2026-06-25T06:30:00+00:00,999,Bendigo,8,R8 Budget Car And Truck Hire (Bm62)
10622409,11,0,1,1.5,0.6666666666666666,0.09090909090909091,0.2727272727272727,2026-06-25T07:22:00+00:00,999,Northam,5,R5 Avon Valley Toyota Mdn
10629816,14,0,1,3.0,0.3333333333333333,0.07142857142857142,0.21428571428571427,2026-06-26T05:50:00+00:00,999,Tamworth,8,R8 Clubs Nsw Showcase (Bm82)
10629817,12,0,0,10.0,0.1,0.08333333333333333,0.25,2026-06-26T06:30:00+00:00,999,Tamworth,9,R9 Tamworth Services Club Country Boosted Showcase (Bm58)
10629870,12,0,1,2.0,0.5,0.08333333333333333,0.25,2026-06-26T06:40:00+00:00,999,Ballarat Synthetic,8,R8 Hygain Edge (Bm56)
10629826,11,1,1,1.0,1.0,0.09090909090909091,0.2727272727272727,2026-06-26T06:45:00+00:00,999,Beaudesert,8,R8 Home Of Country Racing Hcp (58)
10626813,11,0,0,5.0,0.2,0.09090909090909091,0.2727272727272727,2026-06-26T07:00:00+00:00,999,Balaklava,8,R8 Sportsbet Racing Form Hcp (56)
10625853,12,0,0,11.0,0.09090909090909091,0.08333333333333333,0.25,2026-06-26T08:26:00+00:00,999,Carnarvon,5,R5 Tabtouch - Race Replays (Bm56+)
10625848,12,0,0,5.0,0.2,0.08333333333333333,0.25,2026-06-26T09:00:00+00:00,999,Carnarvon,6,R6 Tremor Earth Moving (Bm56+)
10629921,9,0,0,7.0,0.14285714285714285,0.1111111111111111,0.3333333333333333,2026-06-27T04:07:00+00:00,999,Eagle Farm,5,R5 Tattersall's Gold Crown
10630306,13,0,1,2.0,0.5,0.07692307692307693,0.23076923076923078,2026-06-27T04:22:00+00:00,999,Tauranga,8,R8 Happy Hire Mdn
10633717,10,0,0,4.0,0.25,0.1,0.3,2026-06-27T04:24:00+00:00,999,Gatton,6,R6 Reece Plumbing Ipswich Hcp (55)
10629838,14,0,0,6.0,0.16666666666666666,0.07142857142857142,0.21428571428571427,2026-06-27T04:27:00+00:00,999,Morphettville,5,R5 Sportsbet David Peacock Oaklands Plate
10629798,13,1,1,1.0,1.0,0.07692307692307693,0.23076923076923078,2026-06-27T04:35:00+00:00,999,Rosehill,7,R7 Rosehill Bowling Club (Bm78)
10629897,14,0,1,2.0,0.5,0.07142857142857142,0.21428571428571427,2026-06-27T04:55:00+00:00,999,Caulfield,6,R6 Mrc Membership Made Of Moments Hcp
10633855,9,0,0,4.0,0.25,0.1111111111111111,0.3333333333333333,2026-06-27T05:00:00+00:00,999,Newcastle,8,R8 Cystic Fibrosis (Bm64)
10629830,11,0,1,3.0,0.3333333333333333,0.09090909090909091,0.2727272727272727,2026-06-27T05:07:00+00:00,999,Morphettville,6,R6 Sajc Membership Now Open (Bm66)
10629794,9,0,0,6.0,0.16666666666666666,0.1111111111111111,0.3333333333333333,2026-06-27T05:15:00+00:00,999,Rosehill,8,R8 Tab W J Mckell Cup
10629902,15,0,0,13.0,0.07692307692307693,0.06666666666666667,0.2,2026-06-27T05:30:00+00:00,999,Caulfield,7,R7 Sportsbet Feed (Bm78)
10633846,9,0,0,4.0,0.25,0.1111111111111111,0.3333333333333333,2026-06-27T05:35:00+00:00,999,Newcastle,9,R9 Shaw Gidley & River City Form Pty Ltd (Bm64)
10633715,11,0,0,4.0,0.25,0.09090909090909091,0.2727272727272727,2026-06-27T05:39:00+00:00,999,Gatton,8,R8 2026 Ladbrokes Gatton Cup (Bm70)
10629800,13,0,0,4.0,0.25,0.07692307692307693,0.23076923076923078,2026-06-27T05:50:00+00:00,999,Rosehill,9,R9 Schweppes (Bm78)
10629918,17,0,0,15.0,0.06666666666666667,0.058823529411764705,0.17647058823529413,2026-06-27T05:58:00+00:00,999,Eagle Farm,8,R8 Tattersall's Tiara
10629903,14,1,1,1.0,1.0,0.07142857142857142,0.21428571428571427,2026-06-27T06:05:00+00:00,999,Caulfield,8,R8 Quayclean Hcp
10633853,10,0,1,3.0,0.3333333333333333,0.1,0.3,2026-06-27T06:10:00+00:00,999,Newcastle,10,R10 Mattara Dry Cleaning Conditional (Bm68)
10629835,14,0,0,5.0,0.2,0.07142857142857142,0.21428571428571427,2026-06-27T06:20:00+00:00,999,Morphettville,8,R8 Fleurieu Milk Company (Bm62)
10633761,11,0,0,5.0,0.2,0.09090909090909091,0.2727272727272727,2026-06-27T06:25:00+00:00,999,Wodonga,7,R7 Wodonga Jewellers (Bm52)
10633716,10,0,1,3.0,0.3333333333333333,0.1,0.3,2026-06-27T06:27:00+00:00,999,Gatton,9,R9 Falvey's Hotel Gatton - Gatton Cup Official After Party (Bm58)
10629915,13,0,0,8.0,0.125,0.07692307692307693,0.23076923076923078,2026-06-27T06:35:00+00:00,999,Eagle Farm,9,R9 Eureka Stud W.j. Healy Stakes
10629901,12,0,0,7.0,0.14285714285714285,0.08333333333333333,0.25,2026-06-27T06:40:00+00:00,999,Caulfield,9,R9 Sportsbet More Places (Bm84)
10629837,14,0,0,11.0,0.09090909090909091,0.07142857142857142,0.21428571428571427,2026-06-27T07:00:00+00:00,999,Morphettville,9,R9 Festival Hire Hcp (64)
10630275,12,0,0,10.0,0.1,0.08333333333333333,0.25,2026-06-27T07:45:00+00:00,999,Belmont,6,R6 Wa Racehorse Owners' Association (Bm66+)
10630276,11,0,0,5.0,0.2,0.09090909090909091,0.2727272727272727,2026-06-27T08:22:00+00:00,999,Belmont,7,R7 Liquor Barons (Bm66+)
10630277,12,1,1,1.0,1.0,0.08333333333333333,0.25,2026-06-27T08:54:00+00:00,999,Belmont,8,R8 Bisley Workwear (Bm72+)
10633707,7,0,0,4.0,0.25,0.14285714285714285,0.42857142857142855,2026-06-27T10:21:00+00:00,999,Gold Coast,8,R8 Langs Building Supplies (Bm65)
10629777,9,0,0,5.0,0.2,0.1111111111111111,0.3333333333333333,2026-06-28T04:05:00+00:00,999,Wingatui,8,R8 Otago Painting Solutions (Bm80)
10633732,11,0,0,3.5,0.2857142857142857,0.09090909090909091,0.2727272727272727,2026-06-28T04:30:00+00:00,999,Bordertown,5,R5 Bordertown Stone Supplies Hcp (54)
10633805,9,0,0,5.0,0.2,0.1111111111111111,0.3333333333333333,2026-06-28T04:35:00+00:00,999,Dubbo,5,R5 Dubbo Rsl 178 Restaurant Country Boosted (Bm66)
10629847,9,0,0,7.5,0.13333333333333333,0.1111111111111111,0.3333333333333333,2026-06-28T04:47:00+00:00,999,Devonport,7,R7 Memberships Now Available (Bm64)
10629848,8,0,0,5.5,0.18181818181818182,0.125,0.375,2026-06-28T05:25:00+00:00,999,Devonport,8,R8 2B2p Furniture & Homeware (Bm68)
10633748,10,1,1,1.0,1.0,0.1,0.3,2026-06-28T05:40:00+00:00,999,Sale,7,R7 Viatek (Bm70)
10633734,9,0,0,7.0,0.14285714285714285,0.1111111111111111,0.3333333333333333,2026-06-28T05:50:00+00:00,999,Bordertown,7,R7 Woolshed Inn (Bm66)
10633823,12,0,1,3.0,0.3333333333333333,0.08333333333333333,0.25,2026-06-28T06:00:00+00:00,999,Warrnambool,6,R6 Michelin Service Centre Warrnambool Hwt (Bm56)
10633690,9,0,0,4.0,0.25,0.1111111111111111,0.3333333333333333,2026-06-28T06:15:00+00:00,999,Coffs Harbour,7,R7 Sawtell Golf Club Country Boosted (Bm58)
10633745,11,0,0,7.0,0.14285714285714285,0.09090909090909091,0.2727272727272727,2026-06-28T06:20:00+00:00,999,Sale,8,R8 Ladbrokes Place Extra To 10Th (Bm62)
10633731,9,0,0,5.0,0.2,0.1111111111111111,0.3333333333333333,2026-06-28T06:30:00+00:00,999,Bordertown,8,R8 Sportsbet Green Tick (Bm58)
10633809,10,0,1,3.0,0.3333333333333333,0.1,0.3,2026-06-28T06:35:00+00:00,999,Dubbo,8,R8 Dubbo Rsl Club Winter Country Classic Final (Bm58)
10633945,10,0,0,5.0,0.2,0.1,0.3,2026-06-28T06:40:00+00:00,999,Bunbury,6,R6 Off The Track Wa (Bm54+)
10633730,10,0,0,8.0,0.125,0.1,0.3,2026-06-28T07:02:00+00:00,999,Bordertown,9,R9 Border Blinds And Curtains Hcp (54)
10633946,11,1,1,1.0,1.0,0.09090909090909091,0.2727272727272727,2026-06-28T07:20:00+00:00,999,Bunbury,7,R7 Wittens Irrigation & Design (Bm54+)
10633957,12,1,1,1.0,1.0,0.08333333333333333,0.25,2026-06-28T07:40:00+00:00,999,Broome,5,R5 Tassal Hcp (C2)
10633939,10,0,0,10.0,0.1,0.1,0.3,2026-06-28T07:55:00+00:00,999,Bunbury,8,R8 Bunbury Volkswagen South West Cup
10633941,12,0,0,7.5,0.13333333333333333,0.08333333333333333,0.25,2026-06-28T08:30:00+00:00,999,Bunbury,9,R9 Horseland Bunbury Hcp (C5)
10633955,11,0,0,4.0,0.25,0.09090909090909091,0.2727272727272727,2026-06-28T08:44:00+00:00,999,Broome,7,R7 Tradelink (Bm58+)
10637158,12,0,0,11.0,0.09090909090909091,0.08333333333333333,0.25,2026-06-29T05:00:00+00:00,999,Pakenham Synthetic,6,R6 Duffy & Simon Lawyers (Bm62)
10637159,10,0,1,3.0,0.3333333333333333,0.1,0.3,2026-06-29T06:00:00+00:00,999,Pakenham Synthetic,8,R8 9Mile Fresh (Bm70)
10637163,10,0,1,3.0,0.3333333333333333,0.1,0.3,2026-06-29T06:30:00+00:00,999,Pakenham Synthetic,9,R9 Become A Southside Racing Member (Bm66)
10636987,14,0,0,11.0,0.09090909090909091,0.07142857142857142,0.21428571428571427,2026-06-30T05:10:00+00:00,999,Taree,6,R6 Xxxx Gold Country Boosted (Bm58)
10636986,9,0,0,8.0,0.125,0.1111111111111111,0.3333333333333333,2026-06-30T06:20:00+00:00,999,Taree,8,R8 Tab Venue Mode (Bm58)
10636970,12,0,1,2.0,0.5,0.08333333333333333,0.25,2026-06-30T06:50:00+00:00,999,Kilcoy,8,R8 Ladbrokes Big Bets Copy Now Hcp (55)
10647802,10,0,0,8.0,0.125,0.1,0.3,2026-07-01T02:09:00+00:00,999,Rotorua,5,R5 Sherlock Contracting (Bm65)
10647809,12,0,0,10.0,0.1,0.08333333333333333,0.25,2026-07-01T03:54:00+00:00,999,Rotorua,8,R8 Arawa Park Hotel Rotorua (Bm65)
10647821,10,0,1,3.0,0.3333333333333333,0.1,0.3,2026-07-01T05:10:00+00:00,999,Randwick-Kensington,5,R5 Pkf Sydney (Bm72)
10647823,9,0,0,6.5,0.15384615384615385,0.1111111111111111,0.3333333333333333,2026-07-01T05:45:00+00:00,999,Randwick-Kensington,6,R6 Pkf Global (Bm64)
10647885,13,0,0,6.0,0.16666666666666666,0.07692307692307693,0.23076923076923078,2026-07-01T06:30:00+00:00,999,Sandown,8,R8 Sportsbet Fixed Odds Exotics (Bm74)
10647830,11,0,1,2.0,0.5,0.09090909090909091,0.2727272727272727,2026-07-01T06:35:00+00:00,999,Eagle Farm,8,R8 Ladbrokes Quick Multi (Bm68)
10647937,9,0,0,6.0,0.16666666666666666,0.1111111111111111,0.3333333333333333,2026-07-01T07:30:00+00:00,999,Belmont,5,R5 Reliable Asset Maintenance Hcp (C5)
10647939,14,0,0,8.5,0.11764705882352941,0.07142857142857142,0.21428571428571427,2026-07-01T08:46:00+00:00,999,Belmont,7,R7 Lawn Pride Australia (Rs0ly)
10634232,11,0,0,5.0,0.2,0.09090909090909091,0.2727272727272727,2026-07-02T02:56:00+00:00,999,Trentham,7,R7 Happy Retirement Leaderboard (Bm65)
10651034,13,0,0,5.5,0.18181818181818182,0.07692307692307693,0.23076923076923078,2026-07-02T03:14:00+00:00,999,Ashburton,7,R7 Amanda Higgins Memorial (Bm65)
10634233,11,0,1,3.0,0.3333333333333333,0.09090909090909091,0.2727272727272727,2026-07-02T03:34:00+00:00,999,Trentham,8,R8 Bill Tito Book Repair Specialist (Bm65)
10651033,9,0,1,2.0,0.5,0.1111111111111111,0.3333333333333333,2026-07-02T03:48:00+00:00,999,Ashburton,8,R8 Molloy Contracting Hcp
10634235,8,0,0,6.0,0.16666666666666666,0.125,0.375,2026-07-02T04:08:00+00:00,999,Trentham,9,R9 Aztech Engineering Hcp
10650755,10,0,0,8.0,0.125,0.1,0.3,2026-07-02T05:00:00+00:00,999,Ballarat Synthetic,5,R5 Manhari (Bm62)
10650753,12,0,0,10.0,0.1,0.08333333333333333,0.25,2026-07-02T06:30:00+00:00,999,Ballarat Synthetic,8,R8 Hygain Edge (Bm56)
10650708,11,0,1,1.5,0.6666666666666666,0.09090909090909091,0.2727272727272727,2026-07-02T06:33:00+00:00,999,Hawkesbury,8,R8 Clarendon Tavern Conditional (Bm68)
10655569,13,1,1,1.0,1.0,0.07692307692307693,0.23076923076923078,2026-07-03T05:09:00+00:00,999,Tamworth,6,R6 Mcdonald's Tamworth Country Boosted Hcp (C1)
10655670,12,0,0,11.0,0.09090909090909091,0.08333333333333333,0.25,2026-07-03T05:53:00+00:00,999,Ipswich,8,R8 Fertpro Hcp (58)
10655779,12,0,1,3.0,0.3333333333333333,0.08333333333333333,0.25,2026-07-03T06:00:00+00:00,999,Ballarat Synthetic,8,R8 Sportsbet Same Race Multi (Bm52)
10655638,12,0,1,2.0,0.5,0.08333333333333333,0.25,2026-07-03T06:10:00+00:00,999,Goulburn,7,R7 13Skips Country Boosted (Bm58)
10655572,8,0,1,2.0,0.5,0.125,0.375,2026-07-03T06:24:00+00:00,999,Tamworth,8,R8 Shay Brennan Constructions (Bm74)
10655671,10,0,1,2.0,0.5,0.1,0.3,2026-07-03T06:33:00+00:00,999,Ipswich,9,R9 Avs Security Hcp (C1)
10655776,12,0,0,8.0,0.125,0.08333333333333333,0.25,2026-07-03T06:40:00+00:00,999,Ballarat Synthetic,9,R9 Hygain Edge (Bm52)
10655609,12,0,0,10.0,0.1,0.08333333333333333,0.25,2026-07-03T10:00:00+00:00,999,Toowoomba,7,R7 Better Lawyers Group (Bm60)
10655591,14,0,0,7.0,0.14285714285714285,0.07142857142857142,0.21428571428571427,2026-07-04T03:20:00+00:00,999,Waverley,8,R8 The Mad Butcher - Wanganui (Bm65)
10655594,11,0,0,10.5,0.09523809523809523,0.09090909090909091,0.2727272727272727,2026-07-04T03:55:00+00:00,999,Waverley,9,R9 Bruce Clifton Builder (Bm75)
10655540,14,0,1,3.0,0.3333333333333333,0.07142857142857142,0.21428571428571427,2026-07-04T04:22:00+00:00,999,Te Rapa,8,R8 John Young Family (Bm65)
10655681,17,0,0,4.0,0.25,0.058823529411764705,0.17647058823529413,2026-07-04T04:35:00+00:00,999,Rosehill,7,R7 Tab (Bm78)
10655722,10,0,1,3.0,0.3333333333333333,0.1,0.3,2026-07-04T04:55:00+00:00,999,Flemington,6,R6 Banjo Paterson Series Final
10655679,12,0,0,10.0,0.1,0.08333333333333333,0.25,2026-07-04T05:15:00+00:00,999,Rosehill,8,R8 Ranvet (Bm88)
10655726,13,0,0,9.5,0.10526315789473684,0.07692307692307693,0.23076923076923078,2026-07-04T05:30:00+00:00,999,Flemington,7,R7 Vrc-Crv Winter Championship Series Final
10655680,12,0,0,7.0,0.14285714285714285,0.08333333333333333,0.25,2026-07-04T05:50:00+00:00,999,Rosehill,9,R9 Schweppes Winter Stakes
10655728,14,0,0,13.0,0.07692307692307693,0.07142857142857142,0.21428571428571427,2026-07-04T06:10:00+00:00,999,Flemington,8,R8 A.r. Creswick Stakes
10659066,11,0,0,8.0,0.125,0.09090909090909091,0.2727272727272727,2026-07-04T06:15:00+00:00,999,Wyong,8,R8 Pre-Training At Domeland Hcp (C1)
10658862,14,0,0,12.5,0.08,0.07142857142857142,0.21428571428571427,2026-07-04T06:20:00+00:00,999,Gold Coast,8,R8 Become A Member Today Hcp (58)
10655621,10,0,0,4.0,0.25,0.1,0.3,2026-07-04T06:24:00+00:00,999,Murray Bridge,8,R8 Thomas Farms (Bm64)
10655727,12,0,1,1.5,0.6666666666666666,0.08333333333333333,0.25,2026-07-04T06:40:00+00:00,999,Flemington,9,R9 Silver Bowl Series Final
10655845,17,1,1,1.0,1.0,0.058823529411764705,0.17647058823529413,2026-07-04T06:45:00+00:00,999,Sunshine Coast,8,R8 Tab Glasshouse Hcp
10655625,16,0,0,5.5,0.18181818181818182,0.0625,0.1875,2026-07-04T07:01:00+00:00,999,Murray Bridge,9,R9 Fred Vella Tyre & Crash Repair (Bm64)
10655821,7,0,1,2.0,0.5,0.14285714285714285,0.42857142857142855,2026-07-04T07:09:00+00:00,999,Darwin,8,R8 Dcoh Civic Hcp
10656114,16,0,0,14.0,0.07142857142857142,0.0625,0.1875,2026-07-04T07:15:00+00:00,999,Belmont,5,R5 Happy 60Th Birthday Tim Helfer (Rs1mw)
10655844,16,0,0,12.0,0.08333333333333333,0.0625,0.1875,2026-07-04T07:25:00+00:00,999,Sunshine Coast,9,R9 Height 4 Hire (Bm85)
10655822,11,0,0,7.5,0.13333333333333333,0.09090909090909091,0.2727272727272727,2026-07-04T07:44:00+00:00,999,Darwin,9,R9 Dcoh Darwin Guineas
10656117,15,1,1,1.0,1.0,0.06666666666666667,0.2,2026-07-04T08:54:00+00:00,999,Belmont,8,R8 Think Pink Hope Heels And Horses (Bm72+)
10658910,12,0,0,10.0,0.1,0.08333333333333333,0.25,2026-07-05T03:45:00+00:00,999,Bendigo,5,R5 Workforce Extensions (Bm62)
10655583,14,0,0,14.0,0.07142857142857142,0.07142857142857142,0.21428571428571427,2026-07-05T03:57:00+00:00,999,Te Aroha,7,R7 Trac Sportsbar Matamata (Bm65)
10655666,12,1,1,1.0,1.0,0.08333333333333333,0.25,2026-07-05T04:12:00+00:00,999,Hobart,6,R6 Ladbrokes Hosted Pots (Bm60)
10658849,11,0,0,3.5,0.2857142857142857,0.09090909090909091,0.2727272727272727,2026-07-05T04:16:00+00:00,999,Grafton,5,R5 Cjm Lawyers Grafton Cup Prelude
10658912,14,0,0,4.0,0.25,0.07142857142857142,0.21428571428571427,2026-07-05T04:20:00+00:00,999,Bendigo,6,R6 Catanach's Jewellers (Bm66)
10658837,10,0,0,6.5,0.15384615384615385,0.1,0.3,2026-07-05T05:08:00+00:00,999,Port Augusta,5,R5 Max Services Hcp (C1)
10655667,8,0,0,3.5,0.2857142857142857,0.125,0.375,2026-07-05T05:30:00+00:00,999,Hobart,8,R8 Winning Edge Presentations Hcp
10658853,12,0,0,11.0,0.09090909090909091,0.08333333333333333,0.25,2026-07-05T05:35:00+00:00,999,Grafton,7,R7 Herb Blanchard Haulage Hcp (C1)
10658914,12,0,0,4.0,0.25,0.08333333333333333,0.25,2026-07-05T05:40:00+00:00,999,Bendigo,8,R8 Bendigo Mazda (Bm62)
10658977,11,0,0,7.5,0.13333333333333333,0.09090909090909091,0.2727272727272727,2026-07-05T06:00:00+00:00,999,Casterton,6,R6 Casterton Sandford Football Netball Club (Bm56)
10655661,9,0,1,1.5,0.6666666666666666,0.1111111111111111,0.3333333333333333,2026-07-05T06:10:00+00:00,999,Hobart,9,R9 Ladbrokes Mega Multi (Bm68)
10658847,11,0,0,5.0,0.2,0.09090909090909091,0.2727272727272727,2026-07-05T06:15:00+00:00,999,Grafton,8,R8 Country Mud Here On South Cup Sunday Hcp (C1)
10658907,11,0,1,2.0,0.5,0.09090909090909091,0.2727272727272727,2026-07-05T06:20:00+00:00,999,Bendigo,9,R9 Bjc 2026-27 Memberships On Sale Hcp (66)
10659018,11,0,0,5.5,0.18181818181818182,0.09090909090909091,0.2727272727272727,2026-07-05T06:32:00+00:00,999,Kalgoorlie,5,R5 Thank You Blue Spec Drilling Hcp (C2)
10658838,12,0,0,10.0,0.1,0.08333333333333333,0.25,2026-07-05T07:00:00+00:00,999,Port Augusta,8,R8 Adelaide Galvanising Industries Hcp (52)
10659005,13,1,1,1.0,1.0,0.07692307692307693,0.23076923076923078,2026-07-05T07:05:00+00:00,999,Townsville,8,R8 Cowboys Leagues Club (Bm60)
10659025,12,0,0,7.0,0.14285714285714285,0.08333333333333333,0.25,2026-07-05T07:53:00+00:00,999,Kalgoorlie,7,R7 Kalgoorlie Auto Electrics Hcp (C2)
10659020,13,1,1,1.0,1.0,0.07692307692307693,0.23076923076923078,2026-07-05T08:30:00+00:00,999,Kalgoorlie,8,R8 Thank You Forrest Electrical Hcp (C2)
10662593,12,0,0,9.0,0.1111111111111111,0.08333333333333333,0.25,2026-07-06T05:30:00+00:00,999,Pakenham Synthetic,6,R6 Gippsland Premium Quarries (Bm56)
10662590,12,0,0,12.0,0.08333333333333333,0.08333333333333333,0.25,2026-07-06T06:10:00+00:00,999,Pakenham Synthetic,7,R7 Beraldo Coffee (Bm56)
10659034,12,0,0,9.0,0.1111111111111111,0.08333333333333333,0.25,2026-07-06T06:23:00+00:00,999,Barcaldine,7,R7 Chandler Pastoral (Bm60)
10658805,12,0,0,7.0,0.14285714285714285,0.08333333333333333,0.25,2026-07-06T06:40:00+00:00,999,Wagga,8,R8 Intellifleet Pty Ltd Country Boosted Hcp (C1)
10662597,12,0,0,11.0,0.09090909090909091,0.08333333333333333,0.25,2026-07-06T06:50:00+00:00,999,Pakenham Synthetic,8,R8 Bunyip Equipment (Bm56)
10662595,11,0,0,4.0,0.25,0.09090909090909091,0.2727272727272727,2026-07-06T07:20:00+00:00,999,Pakenham Synthetic,9,R9 Duffy And Simon Lawyers (Bm56)
10662302,11,0,0,5.0,0.2,0.09090909090909091,0.2727272727272727,2026-07-07T06:35:00+00:00,999,Muswellbrook,8,R8 Bengalla Cup Sun 26 July (Bm66)
10662635,8,0,0,6.0,0.16666666666666666,0.125,0.375,2026-07-07T06:45:00+00:00,999,Ballarat Synthetic,7,R7 Hygain Edge (Bm56)
10659672,11,0,1,2.0,0.5,0.09090909090909091,0.2727272727272727,2026-07-07T07:05:00+00:00,999,Murray Bridge,8,R8 Thomas Farms Hcp (56)
10672075,14,0,0,8.5,0.11764705882352941,0.07142857142857142,0.21428571428571427,2026-07-08T03:19:00+00:00,999,Riccarton Park Synthetic,8,R8 Grand National Tickets On Sale Now (Bm65)
10672072,12,1,1,1.0,1.0,0.08333333333333333,0.25,2026-07-08T03:54:00+00:00,999,Riccarton Park Synthetic,9,R9 Racecourse Hotel & Motor Lodge (Bm75)
10672124,12,0,1,2.0,0.5,0.08333333333333333,0.25,2026-07-08T05:35:00+00:00,999,Morphettville,6,R6 Sportsbet Same Race Multi (Bm56)
10672110,11,0,0,9.0,0.1111111111111111,0.09090909090909091,0.2727272727272727,2026-07-08T05:45:00+00:00,999,Canterbury,6,R6 Tab (Bm72)
10672125,16,0,0,5.5,0.18181818181818182,0.0625,0.1875,2026-07-08T06:10:00+00:00,999,Morphettville,7,R7 Aceit Transport Solutions Hcp (58)
10672163,10,0,0,9.0,0.1111111111111111,0.1,0.3,2026-07-08T06:30:00+00:00,999,Sandown,8,R8 Sportsbet More Places (Bm66)
10672136,9,0,0,5.0,0.2,0.1111111111111111,0.3333333333333333,2026-07-08T06:38:00+00:00,999,Ipswich,8,R8 Tempus Two Plate (C4)
10672129,11,0,0,9.0,0.1111111111111111,0.09090909090909091,0.2727272727272727,2026-07-08T06:45:00+00:00,999,Morphettville,8,R8 Sportsbet More Places (Bm56)
10672184,8,0,0,7.0,0.14285714285714285,0.125,0.375,2026-07-08T07:37:00+00:00,999,Darwin,6,R6 Rydges Palmerston Cup (76)
10672299,12,1,1,1.0,1.0,0.08333333333333333,0.25,2026-07-08T08:40:00+00:00,999,Belmont,8,R8 Quayclean Hcp (C3)
10675919,10,0,0,4.0,0.25,0.1,0.3,2026-07-09T02:27:00+00:00,999,Cambridge Synthetic,6,R6 Vosper Law (Bm66)
10675924,7,0,0,4.0,0.25,0.14285714285714285,0.42857142857142855,2026-07-09T03:44:00+00:00,999,Cambridge Synthetic,8,R8 Cambridge Grains (Bm72)
10675926,11,0,1,3.0,0.3333333333333333,0.09090909090909091,0.2727272727272727,2026-07-09T04:21:00+00:00,999,Cambridge Synthetic,9,R9 Happy Birthday Derek Collett Hcp (61)
10675998,11,0,0,8.0,0.125,0.09090909090909091,0.2727272727272727,2026-07-09T06:00:00+00:00,999,Sale,7,R7 Ladbrokes Owners Promotion (Bm62)
10675947,8,0,0,5.5,0.18181818181818182,0.125,0.375,2026-07-09T06:25:00+00:00,999,Taree,7,R7 Gloucester District Vets Country Boosted (Bm58)
10676002,10,0,1,2.0,0.5,0.1,0.3,2026-07-09T06:30:00+00:00,999,Sale,8,R8 Ladbrokes Odds Surge (Bm62)
10675960,7,0,1,3.0,0.3333333333333333,0.14285714285714285,0.42857142857142855,2026-07-09T06:42:00+00:00,999,Rockhampton,8,R8 Living Turf (Bm65)
10673102,13,1,1,1.0,1.0,0.07692307692307693,0.23076923076923078,2026-07-09T08:42:00+00:00,999,Northam,8,R8 Procon Developments (Aust) Northam Cup – 25 Oct Hcp (C3)
10680339,9,0,1,1.5,0.6666666666666666,0.1111111111111111,0.3333333333333333,2026-07-10T04:47:00+00:00,999,Gatton,6,R6 Nolan's Transport (Bm65)
10680453,10,0,0,10.0,0.1,0.1,0.3,2026-07-10T05:00:00+00:00,999,Geelong,6,R6 Eclipse Insurance (Bm56)
10680454,9,0,0,9.0,0.1111111111111111,0.1111111111111111,0.3333333333333333,2026-07-10T05:30:00+00:00,999,Geelong,7,R7 The Jai Roderick Memorial Race (Bm56)
10680451,10,0,0,5.0,0.2,0.1,0.3,2026-07-10T06:00:00+00:00,999,Geelong,8,R8 Ethos Building & Restoration (Bm62)
10680342,12,0,0,9.0,0.1111111111111111,0.08333333333333333,0.25,2026-07-10T06:04:00+00:00,999,Gatton,8,R8 Tfb - Temporary Fence And Barrier Hire Hcp (55)
10680492,13,0,0,5.0,0.2,0.07692307692307693,0.23076923076923078,2026-07-10T06:15:00+00:00,999,Moruya,8,R8 Adelaide Hotel Moruya (Bm74)
10680455,10,0,0,9.5,0.10526315789473684,0.1,0.3,2026-07-10T06:30:00+00:00,999,Geelong,9,R9 Miramar Group Pty Ltd (Bm56)
10680326,9,0,0,5.0,0.2,0.1111111111111111,0.3333333333333333,2026-07-10T06:35:00+00:00,999,Scone,8,R8 Upper Hunter Country Tourism Hcp (C1)
10680345,12,0,0,7.0,0.14285714285714285,0.08333333333333333,0.25,2026-07-10T06:42:00+00:00,999,Gatton,9,R9 Qn Hotel Laidley Hcp (55)
10680305,11,0,0,8.0,0.125,0.09090909090909091,0.2727272727272727,2026-07-11T02:15:00+00:00,999,Ruakaka,5,R5 Mangawhai Itm Mdn
10680307,13,1,1,1.0,1.0,0.07692307692307693,0.23076923076923078,2026-07-11T04:00:00+00:00,999,Ruakaka,8,R8 18 July - Racing Again @ Ruakaka (Bm65)
10680288,14,0,0,8.0,0.125,0.07142857142857142,0.21428571428571427,2026-07-11T04:27:00+00:00,999,Hawera,8,R8 Thank You Diane Pascoe (Bm65)
10680505,12,0,0,4.0,0.25,0.08333333333333333,0.25,2026-07-11T05:20:00+00:00,999,Randwick,8,R8 Robrick Lodge Eremein (Bm78)
10684302,10,0,0,4.0,0.25,0.1,0.3,2026-07-11T05:45:00+00:00,999,Newcastle,8,R8 Belmont 16'S Provincial (Bm64)
10680352,11,0,0,7.0,0.14285714285714285,0.09090909090909091,0.2727272727272727,2026-07-11T05:52:00+00:00,999,Morphettville,7,R7 M&J Chickens Hcp (62)
10680508,11,0,0,3.5,0.2857142857142857,0.09090909090909091,0.2727272727272727,2026-07-11T06:00:00+00:00,999,Randwick,9,R9 Toyota Forklifts (Bm88)
10680410,13,0,0,12.0,0.08333333333333333,0.07692307692307693,0.23076923076923078,2026-07-11T06:08:00+00:00,999,Doomben,8,R8 Cricks Highway Hcp
10680469,11,0,1,2.0,0.5,0.09090909090909091,0.2727272727272727,2026-07-11T06:15:00+00:00,999,Caulfield,8,R8 Sportsbet Fixed Odds Exotics (Bm100)
10684299,9,0,0,6.0,0.16666666666666666,0.1111111111111111,0.3333333333333333,2026-07-11T06:20:00+00:00,999,Newcastle,9,R9 Toronto Workers Club Conditional (Bm68)
10684274,10,0,0,10.0,0.1,0.1,0.3,2026-07-11T06:24:00+00:00,999,Rockhampton,8,R8 Living Turf (Bm70)
10680354,9,0,1,2.0,0.5,0.1111111111111111,0.3333333333333333,2026-07-11T06:27:00+00:00,999,Morphettville,8,R8 Quayclean (Bm64)
10680415,9,0,0,4.0,0.25,0.1111111111111111,0.3333333333333333,2026-07-11T06:43:00+00:00,999,Doomben,9,R9 Ladbrokes Popular Srm Hcp
10680472,11,0,0,8.0,0.125,0.09090909090909091,0.2727272727272727,2026-07-11T06:48:00+00:00,999,Caulfield,9,R9 Sportsbet Same Race Multi (Bm84)
10680446,12,0,0,7.0,0.14285714285714285,0.08333333333333333,0.25,2026-07-11T06:53:00+00:00,999,Darwin,6,R6 Aufs Chief Minister's Cup
10680356,11,0,0,11.0,0.09090909090909091,0.09090909090909091,0.2727272727272727,2026-07-11T07:02:00+00:00,999,Morphettville,9,R9 The Fotobase Group (Bm64)
10680751,12,0,0,11.0,0.09090909090909091,0.08333333333333333,0.25,2026-07-11T08:01:00+00:00,999,Broome,6,R6 Kimberley Regional Service Providers (Bm58+)
10680753,13,1,1,1.0,1.0,0.07692307692307693,0.23076923076923078,2026-07-11T08:41:00+00:00,999,Broome,7,R7 Dc Data (Bm50+)
10684251,9,1,1,1.0,1.0,0.1111111111111111,0.3333333333333333,2026-07-11T08:57:00+00:00,999,Gold Coast,8,R8 Industry Awards 13 August Hcp (C4)
10680812,15,0,0,10.5,0.09523809523809523,0.06666666666666667,0.2,2026-07-11T09:01:00+00:00,999,Belmont,8,R8 Lawn Pride Australia (Rs1mw)
10680251,12,0,0,5.0,0.2,0.08333333333333333,0.25,2026-07-12T04:14:00+00:00,999,Woodville,8,R8 Bwag - Best Windows And Glass Mdn Hwt
10680380,10,0,0,4.5,0.2222222222222222,0.1,0.3,2026-07-12T05:35:00+00:00,999,Devonport,8,R8 Seba Sheetmetal (Bm64)
10684209,9,0,0,8.0,0.125,0.1111111111111111,0.3333333333333333,2026-07-12T06:10:00+00:00,999,Mount Gambier,6,R6 Scott Group Of Companies (Bm66)
10680522,5,0,1,2.0,0.5,0.2,0.6,2026-07-12T06:24:00+00:00,999,Alice Springs,8,R8 Mulgas Adventures (Bm54)
10684198,12,0,0,7.0,0.14285714285714285,0.08333333333333333,0.25,2026-07-12T06:35:00+00:00,999,Narrandera,8,R8 Elders Coleambally Showcase (Bm58)
10694917,6,0,1,3.0,0.3333333333333333,0.16666666666666666,0.5,2026-07-12T06:40:00+00:00,999,Ballarat Synthetic,8,R8 Hygain Edge (Bm62)
10684339,11,0,0,11.0,0.09090909090909091,0.09090909090909091,0.2727272727272727,2026-07-12T06:45:00+00:00,999,Sunshine Coast,8,R8 Superstretch 300 Limousines (Bm58)
10684460,11,0,0,4.0,0.25,0.09090909090909091,0.2727272727272727,2026-07-12T07:35:00+00:00,999,Kalgoorlie,5,R5 Pamela Macdonald Aussie Mobile Broker Hcp (C2)
10684373,10,0,1,3.0,0.3333333333333333,0.1,0.3,2026-07-13T04:20:00+00:00,999,Dubbo,5,R5 Xxxx Ultra Country Boosted (Bm58)
10687560,13,0,0,11.0,0.09090909090909091,0.07692307692307693,0.23076923076923078,2026-07-13T04:30:00+00:00,999,Bairnsdale,5,R5 Memberships On Sale Now (Bm56)
10684156,10,0,1,3.0,0.3333333333333333,0.1,0.3,2026-07-13T05:15:00+00:00,999,Quirindi,5,R5 Grinners Diggers Country Boosted (Bm58)
10687557,12,0,0,4.0,0.25,0.08333333333333333,0.25,2026-07-13T05:30:00+00:00,999,Bairnsdale,7,R7 O'Donnells Transport Lakes Entrance Cup 20Th September (Bm56)
10687561,13,0,0,4.0,0.25,0.07692307692307693,0.23076923076923078,2026-07-13T06:00:00+00:00,999,Bairnsdale,8,R8 Dyson Group (Bm56)
10684379,11,0,0,4.0,0.25,0.09090909090909091,0.2727272727272727,2026-07-13T06:10:00+00:00,999,Dubbo,8,R8 Aqua West (Bm58)
10684158,10,0,0,9.0,0.1111111111111111,0.1,0.3,2026-07-13T06:25:00+00:00,999,Quirindi,7,R7 Gowings Toyota (Bm58)
10687553,12,0,0,8.0,0.125,0.08333333333333333,0.25,2026-07-13T06:30:00+00:00,999,Bairnsdale,9,R9 Thank You Brc Members (Bm56)
10684375,13,0,0,7.0,0.14285714285714285,0.07692307692307693,0.23076923076923078,2026-07-13T06:50:00+00:00,999,Dubbo,9,R9 Xxxx Gold (Bm58)
10687476,8,0,0,4.0,0.25,0.125,0.375,2026-07-14T05:05:00+00:00,999,Townsville,5,R5 Magic Millions Townsville Dollars Hcp
10687529,9,0,0,4.5,0.2222222222222222,0.1111111111111111,0.3333333333333333,2026-07-14T05:55:00+00:00,999,Newcastle,7,R7 The Prince Of Merewether (Bm64)
10687536,10,0,1,2.5,0.4,0.1,0.3,2026-07-14T06:00:00+00:00,999,Ballarat Synthetic,7,R7 Sportsbet Blackbook (Bm62)
10687530,12,0,1,3.0,0.3333333333333333,0.08333333333333333,0.25,2026-07-14T06:30:00+00:00,999,Ballarat Synthetic,8,R8 Hygain Edge (Bm62)
10687523,7,0,1,1.5,0.6666666666666666,0.14285714285714285,0.42857142857142855,2026-07-14T06:35:00+00:00,999,Newcastle,8,R8 Horsepower (Bm64)
10698635,11,0,0,7.0,0.14285714285714285,0.09090909090909091,0.2727272727272727,2026-07-15T02:43:00+00:00,999,Avondale,5,R5 Rec Hcp (60)
10698636,12,0,0,8.5,0.11764705882352941,0.08333333333333333,0.25,2026-07-15T03:19:00+00:00,999,Avondale,6,R6 Rollercoaster Mdn
10698706,11,0,0,6.0,0.16666666666666666,0.09090909090909091,0.2727272727272727,2026-07-15T04:45:00+00:00,999,Sandown,5,R5 Sportsbet Feed (Bm64)
10698680,11,0,0,6.0,0.16666666666666666,0.09090909090909091,0.2727272727272727,2026-07-15T06:06:00+00:00,999,Eagle Farm,7,R7 Sky Racing Hcp (C1)
10698672,14,0,0,10.0,0.1,0.07142857142857142,0.21428571428571427,2026-07-15T06:10:00+00:00,999,Balaklava,6,R6 Adelaide Galvanising Industries Hcp (56)
10698702,14,0,0,7.5,0.13333333333333333,0.07142857142857142,0.21428571428571427,2026-07-15T06:30:00+00:00,999,Sandown,8,R8 Sportsbet Same Race Multi (Bm78)
10698693,11,0,0,10.0,0.1,0.09090909090909091,0.2727272727272727,2026-07-15T06:34:00+00:00,999,Grafton,8,R8 Rabbit Ride Share Country Boosted (Bm58)
10698682,11,0,0,9.0,0.1111111111111111,0.09090909090909091,0.2727272727272727,2026-07-15T06:41:00+00:00,999,Eagle Farm,8,R8 Ladbrokes Fast Payouts (Bm70)
10698872,11,0,0,9.0,0.1111111111111111,0.09090909090909091,0.2727272727272727,2026-07-15T08:05:00+00:00,999,Bunbury,6,R6 Swan Draught Hcp (C1)
10702224,9,1,1,1.0,1.0,0.1111111111111111,0.3333333333333333,2026-07-16T05:00:00+00:00,999,Cranbourne,5,R5 Core Protective Group (Bm62)
10702216,13,0,1,3.0,0.3333333333333333,0.07692307692307693,0.23076923076923078,2026-07-16T06:00:00+00:00,999,Cranbourne,7,R7 Computer Talk - Business I.t. Experts (Bm62)
10702144,10,0,0,8.0,0.125,0.1,0.3,2026-07-16T06:25:00+00:00,999,Kembla Grange,8,R8 Hotel Totto Provincial (Bm68)
10702222,13,0,0,9.5,0.10526315789473684,0.07692307692307693,0.23076923076923078,2026-07-16T06:30:00+00:00,999,Cranbourne,8,R8 Become A Southside Racing Member (Bm62)
10698728,10,0,1,3.0,0.3333333333333333,0.1,0.3,2026-07-16T06:40:00+00:00,999,Grafton,8,R8 Sir James Kirby Qlty
10699600,10,1,1,1.0,1.0,0.1,0.3,2026-07-16T08:48:00+00:00,999,Pinjarra,8,R8 State Wide Turf Services Hcp (C3)
10706367,16,0,0,10.0,0.1,0.0625,0.1875,2026-07-17T05:30:00+00:00,999,Murray Bridge,5,R5 Randy & Butch’s 70Th Birthday Hcp (56)
10706311,11,1,1,1.0,1.0,0.09090909090909091,0.2727272727272727,2026-07-17T06:20:00+00:00,999,Tamworth,8,R8 Tradelink (Bm82)
10706383,11,1,1,1.0,1.0,0.09090909090909091,0.2727272727272727,2026-07-17T06:30:00+00:00,999,Mildura,8,R8 The Jade Benham (Bm66)
10706359,12,0,1,2.0,0.5,0.08333333333333333,0.25,2026-07-17T06:34:00+00:00,999,Goulburn,8,R8 Laterals Accounting Country Boosted (Bm58)
10706296,12,0,0,5.0,0.2,0.08333333333333333,0.25,2026-07-17T06:43:00+00:00,999,Mackay,8,R8 Racing Again Saturday 25Th July (Bm70)
10706275,14,0,0,12.0,0.08333333333333333,0.07142857142857142,0.21428571428571427,2026-07-18T03:57:00+00:00,999,New Plymouth Raceway,7,R7 Agfirst Engineering Opunake Cup
10706227,12,0,1,2.0,0.5,0.08333333333333333,0.25,2026-07-18T04:05:00+00:00,999,Ruakaka,7,R7 Mike 'Gibbo' Gibson Memorial (Bm65)
10706478,15,0,0,4.0,0.25,0.06666666666666667,0.2,2026-07-18T04:25:00+00:00,999,Flemington,5,R5 Vrc Member Erica Mckissack Trophy Hcp
10706278,10,0,0,6.0,0.16666666666666666,0.1,0.3,2026-07-18T04:32:00+00:00,999,New Plymouth Raceway,8,R8 Sinclair Electrical & Refrigeration Hcp
10706434,8,0,0,6.0,0.16666666666666666,0.125,0.375,2026-07-18T04:57:00+00:00,999,Doomben,6,R6 Drinkwise Plate (C6)
10706343,11,0,0,6.0,0.16666666666666666,0.09090909090909091,0.2727272727272727,2026-07-18T05:17:00+00:00,999,Morphettville,6,R6 Sportsbet South Australian Sires' Produce Stakes
10706401,12,0,0,11.0,0.09090909090909091,0.08333333333333333,0.25,2026-07-18T05:25:00+00:00,999,Rosehill,8,R8 Racing And Sports (Bm88)
10706481,14,0,0,6.0,0.16666666666666666,0.07142857142857142,0.21428571428571427,2026-07-18T05:45:00+00:00,999,Flemington,7,R7 Vrc Member Brendan Sobozynski Plate (Bm88)
10706398,13,0,0,6.5,0.15384615384615385,0.07692307692307693,0.23076923076923078,2026-07-18T06:05:00+00:00,999,Rosehill,9,R9 Toyota Forklifts Winter Challenge
10706428,8,0,0,7.0,0.14285714285714285,0.125,0.375,2026-07-18T06:13:00+00:00,999,Doomben,8,R8 Sky Racing Hcp
10709429,12,0,0,6.0,0.16666666666666666,0.08333333333333333,0.25,2026-07-18T06:16:00+00:00,999,Inverell,6,R6 Bluprint (Bm50)
10706479,13,0,1,2.5,0.4,0.07692307692307693,0.23076923076923078,2026-07-18T06:20:00+00:00,999,Flemington,8,R8 Vrc Member Richard John Rowlands Plate (Bm100)
10709450,8,0,0,4.0,0.25,0.125,0.375,2026-07-18T06:29:00+00:00,999,Gold Coast,8,R8 Industry Awards 13 August Hcp
10706344,12,0,0,9.0,0.1111111111111111,0.08333333333333333,0.25,2026-07-18T06:32:00+00:00,999,Morphettville,8,R8 Pfd Food Services Hcp (C2)
10706435,11,0,0,6.0,0.16666666666666666,0.09090909090909091,0.2727272727272727,2026-07-18T06:48:00+00:00,999,Doomben,9,R9 Ladbrokes Racing Extras In Multi Hcp (C6)
10706475,12,0,0,6.5,0.15384615384615385,0.08333333333333333,0.25,2026-07-18T06:52:00+00:00,999,Flemington,9,R9 Vrc Member Andrew Bostock Trophy (Bm78)
10706349,12,0,1,1.5,0.6666666666666666,0.08333333333333333,0.25,2026-07-18T07:07:00+00:00,999,Morphettville,9,R9 Winning Edge Presentations (Bm76)
10706496,10,0,0,6.5,0.15384615384615385,0.1,0.3,2026-07-18T07:17:00+00:00,999,Darwin,8,R8 Btc Constructions Buntine Hcp
10706811,10,0,1,2.0,0.5,0.1,0.3,2026-07-18T07:40:00+00:00,999,Derby,5,R5 Cmt Building (Bm56+)
10706501,12,0,1,2.0,0.5,0.08333333333333333,0.25,2026-07-18T07:53:00+00:00,999,Darwin,9,R9 Ladbrokes Nt Derby
10706836,14,0,0,6.0,0.16666666666666666,0.07142857142857142,0.21428571428571427,2026-07-18T08:30:00+00:00,999,Belmont,7,R7 Budget Car And Truck Rental (Bm72+)
10706837,16,0,0,15.0,0.06666666666666667,0.0625,0.1875,2026-07-18T09:01:00+00:00,999,Belmont,8,R8 Unite Resourcing (Rs1mw)
10709461,12,0,0,4.0,0.25,0.08333333333333333,0.25,2026-07-18T10:45:00+00:00,999,Toowoomba,8,R8 Provincial Distributors Mdn Hcp
10706257,9,0,0,5.0,0.2,0.1111111111111111,0.3333333333333333,2026-07-19T03:16:00+00:00,999,Oamaru,8,R8 Glenmoa Farms Ltd River Plate Trophy
10706288,9,0,0,5.5,0.18181818181818182,0.1111111111111111,0.3333333333333333,2026-07-19T03:47:00+00:00,999,Hobart,5,R5 Kevin Sharkie (Bm68)
10706255,12,1,1,1.0,1.0,0.08333333333333333,0.25,2026-07-19T03:56:00+00:00,999,Oamaru,9,R9 Crombie & Price Ltd Oamaru Cup
10709580,12,0,0,3.5,0.2857142857142857,0.08333333333333333,0.25,2026-07-19T04:26:00+00:00,999,Hawkesbury,5,R5 Country Music Raceday 5 September Provincial Mdn Hcp
10706258,14,0,0,10.0,0.1,0.07142857142857142,0.21428571428571427,2026-07-19T04:30:00+00:00,999,Oamaru,10,R10 Chris Johnson & Noel Harris (Bm65)
10714043,12,0,0,11.5,0.08695652173913043,0.08333333333333333,0.25,2026-07-20T05:00:00+00:00,999,Pakenham Synthetic,6,R6 Rw Advisory Group (Bm62)
10714048,11,0,1,3.0,0.3333333333333333,0.09090909090909091,0.2727272727272727,2026-07-20T06:00:00+00:00,999,Pakenham Synthetic,8,R8 Hygain Edge (Bm62)
10714044,12,0,0,4.0,0.25,0.08333333333333333,0.25,2026-07-20T06:30:00+00:00,999,Pakenham Synthetic,9,R9 Grant's Plumbing & Drainage Solutions (Bm70)
10709552,10,0,1,3.0,0.3333333333333333,0.1,0.3,2026-07-20T06:55:00+00:00,999,Wagga,8,R8 Budget Riverina (Bm58)
10714049,11,0,1,1.5,0.6666666666666666,0.09090909090909091,0.2727272727272727,2026-07-20T07:00:00+00:00,999,Pakenham Synthetic,10,R10 Ladbrokes Pakenham Cup On Sale (Bm62)
10713867,12,0,0,7.0,0.14285714285714285,0.08333333333333333,0.25,2026-07-21T05:25:00+00:00,999,Taree,5,R5 Support Country Racing (Bm58)
10713908,13,0,0,5.0,0.2,0.07692307692307693,0.23076923076923078,2026-07-21T05:45:00+00:00,999,Warren,6,R6 Simmental Country Boosted (Bm58)
10713868,9,0,0,6.0,0.16666666666666666,0.1111111111111111,0.3333333333333333,2026-07-21T06:05:00+00:00,999,Taree,6,R6 Winning Post Function Centre Hcp (C3)
10714053,10,0,0,5.0,0.2,0.1,0.3,2026-07-21T06:30:00+00:00,999,Moe,8,R8 Moe Optical (Bm62)
10724299,8,0,0,4.0,0.25,0.125,0.375,2026-07-22T03:19:00+00:00,999,Cambridge Synthetic,6,R6 Ap Gollan Property Valuers Final Spec Mdn
10724303,8,0,0,3.5,0.2857142857142857,0.125,0.375,2026-07-22T04:24:00+00:00,999,Cambridge Synthetic,8,R8 Group One Turf Bar Final Spec Mdn
10724290,11,1,1,1.0,1.0,0.09090909090909091,0.2727272727272727,2026-07-22T06:10:00+00:00,999,Murray Bridge,6,R6 Fred Vella Tyre & Crash Repair Hcp (C1)
10724275,10,0,0,9.0,0.1111111111111111,0.1,0.3,2026-07-22T06:20:00+00:00,999,Canterbury,7,R7 Ranvet (Bm72)
10724343,11,0,0,6.0,0.16666666666666666,0.09090909090909091,0.2727272727272727,2026-07-22T06:30:00+00:00,999,Sandown,8,R8 Sportsbet Fixed Odds Exotics (Bm70)
10724267,7,0,0,5.0,0.2,0.14285714285714285,0.42857142857142855,2026-07-22T06:38:00+00:00,999,Doomben,8,R8 Ladbrokes Punter Assist (Bm68)
10724383,14,0,0,5.5,0.18181818181818182,0.07142857142857142,0.21428571428571427,2026-07-22T06:53:00+00:00,999,Pinjarra Scarpside,5,R5 Western Racepix Hcp (C1)
10724387,13,0,0,4.0,0.25,0.07692307692307693,0.23076923076923078,2026-07-22T08:45:00+00:00,999,Pinjarra Scarpside,8,R8 Racing @ Pinjarra Park Wednesday August 12 Hcp (C5)
10727932,8,0,1,2.5,0.4,0.125,0.375,2026-07-23T02:27:00+00:00,999,Riccarton Park Synthetic,6,R6 Harcourts Holmwood Hcp (60)
10727929,12,0,0,12.0,0.08333333333333333,0.08333333333333333,0.25,2026-07-23T03:42:00+00:00,999,Riccarton Park Synthetic,8,R8 Vast Billboards (Bm65)
10727928,12,0,0,6.0,0.16666666666666666,0.08333333333333333,0.25,2026-07-23T04:14:00+00:00,999,Riccarton Park Synthetic,9,R9 Cavell Leitch (Bm65)
10728050,10,0,0,8.0,0.125,0.1,0.3,2026-07-23T04:50:00+00:00,999,Wyong,5,R5 Ettalong Diggers Super Mdn Plate
10728073,8,0,0,4.5,0.2222222222222222,0.125,0.375,2026-07-23T05:10:00+00:00,999,Cairns,7,R7 Magic Millions/Rob Koch Memorial/Fnq Up & Coming Stayers (Bm70)
10728134,12,0,0,4.0,0.25,0.08333333333333333,0.25,2026-07-23T05:30:00+00:00,999,Warrnambool,6,R6 Western District Agricentre (Bm62)
10728068,10,0,0,9.5,0.10526315789473684,0.1,0.3,2026-07-23T05:45:00+00:00,999,Cairns,8,R8 Strata Compliance Solutions (Bm60)
10728075,9,0,0,6.0,0.16666666666666666,0.1111111111111111,0.3333333333333333,2026-07-23T06:25:00+00:00,999,Cairns,9,R9 Ladbrokes Same Race Multi (Bm70)
10728135,7,0,0,4.0,0.25,0.14285714285714285,0.42857142857142855,2026-07-23T06:30:00+00:00,999,Warrnambool,8,R8 Cassign (Bm70)
10728039,10,0,0,8.0,0.125,0.1,0.3,2026-07-23T06:40:00+00:00,999,Wyong,8,R8 The Ary Toukley (Bm64)
10728072,9,0,0,5.0,0.2,0.1111111111111111,0.3333333333333333,2026-07-23T07:03:00+00:00,999,Cairns,10,R10 Ladbrokes Odds Surge Hcp
10725363,14,0,0,5.0,0.2,0.07142857142857142,0.21428571428571427,2026-07-23T08:05:00+00:00,999,Northam,7,R7 Afgri Equipment Northam Mdn
10725369,15,0,0,12.0,0.08333333333333333,0.06666666666666667,0.2,2026-07-23T08:42:00+00:00,999,Northam,8,R8 Swan Draught (Bm54+)
10727906,14,0,0,5.0,0.2,0.07142857142857142,0.21428571428571427,2026-07-24T04:17:00+00:00,999,Waverley,8,R8 Dunstan Horse Feed (Bm65)
10733175,10,0,1,3.0,0.3333333333333333,0.1,0.3,2026-07-24T04:24:00+00:00,999,Grafton,6,R6 Mckimms Real Estate Hcp (C1)
10733166,11,0,0,4.0,0.25,0.09090909090909091,0.2727272727272727,2026-07-24T05:10:00+00:00,999,Naracoorte,5,R5 Prime Livestock Transport Hcp (56)
10733170,12,0,0,6.5,0.15384615384615385,0.08333333333333333,0.25,2026-07-24T05:34:00+00:00,999,Grafton,8,R8 Sweet Sisters Boutique Country Boosted (Bm58)
10733192,9,0,0,8.0,0.125,0.1111111111111111,0.3333333333333333,2026-07-24T06:10:00+00:00,999,Echuca,7,R7 Think Water Echuca (Bm56)
10733171,13,0,1,2.0,0.5,0.07692307692307693,0.23076923076923078,2026-07-24T06:14:00+00:00,999,Grafton,9,R9 Jockeys & Trainers Re-Union Race Day 29 August Hcp (C1)
10733118,10,0,0,6.5,0.15384615384615385,0.1,0.3,2026-07-24T06:23:00+00:00,999,Ipswich,8,R8 Ray White Ipswich Hcp (58)
10733110,12,0,0,5.0,0.2,0.08333333333333333,0.25,2026-07-24T06:40:00+00:00,999,Canberra,7,R7 Mv Law (Bm65)
10733188,11,0,0,10.0,0.1,0.09090909090909091,0.2727272727272727,2026-07-24T06:50:00+00:00,999,Echuca,8,R8 Bet365 Bet Boost (Bm56)
10733167,9,0,1,3.0,0.3333333333333333,0.1111111111111111,0.3333333333333333,2026-07-24T07:10:00+00:00,999,Naracoorte,8,R8 Sportsbet Green Tick Hcp (54)
10733214,10,0,0,7.5,0.13333333333333333,0.1,0.3,2026-07-25T03:48:00+00:00,999,Eagle Farm,5,R5 Drinkwise (Bm78)
10733084,15,0,0,11.0,0.09090909090909091,0.06666666666666667,0.2,2026-07-25T04:02:00+00:00,999,Te Rapa,7,R7 Paul Mcglade Taumarunui Gold Cup
10733085,15,0,0,6.0,0.16666666666666666,0.06666666666666667,0.2,2026-07-25T04:38:00+00:00,999,Te Rapa,8,R8 King Brown Shearing (Bm65)
10733217,11,0,1,2.0,0.5,0.09090909090909091,0.2727272727272727,2026-07-25T05:02:00+00:00,999,Eagle Farm,7,R7 Mekka Raceday On Sale Now Hcp
10733236,10,0,1,2.0,0.5,0.1,0.3,2026-07-25T05:10:00+00:00,999,Caulfield,6,R6 Sportsbet Same Race Multi Hcp
10733153,12,0,0,7.5,0.13333333333333333,0.08333333333333333,0.25,2026-07-25T05:30:00+00:00,999,Randwick,8,R8 Atc Thank You Trainers (Bm88)
10733220,9,0,0,6.5,0.15384615384615385,0.1111111111111111,0.3333333333333333,2026-07-25T05:42:00+00:00,999,Eagle Farm,8,R8 Cricks Highway Hcp
10736996,14,0,0,3.5,0.2857142857142857,0.07142857142857142,0.21428571428571427,2026-07-25T05:59:00+00:00,999,Mackay,7,R7 Ladbrokes Mackay Cup
10733154,11,0,0,11.0,0.09090909090909091,0.09090909090909091,0.2727272727272727,2026-07-25T06:10:00+00:00,999,Randwick,9,R9 Elite Sand And Soil (Bm88)
10737165,8,0,0,6.0,0.16666666666666666,0.125,0.375,2026-07-25T06:12:00+00:00,999,Gold Coast,8,R8 Industry Awards 13 August Book Now (Bm68)
10733221,11,1,1,1.0,1.0,0.09090909090909091,0.2727272727272727,2026-07-25T06:18:00+00:00,999,Eagle Farm,9,R9 Ladbrokes Place Extra To 10Th (Bm85)
10733238,14,0,0,5.0,0.2,0.07142857142857142,0.21428571428571427,2026-07-25T06:25:00+00:00,999,Caulfield,8,R8 Stow Storage Solutions (Bm84)
10736985,8,0,1,2.0,0.5,0.125,0.375,2026-07-25T06:29:00+00:00,999,Kembla Grange,8,R8 Patrick Mccabe's 90Th Celebration (Bm64)
10737002,11,1,1,1.0,1.0,0.09090909090909091,0.2727272727272727,2026-07-25T06:34:00+00:00,999,Mackay,8,R8 Talair Compressor Service & Hire (Bm75)
10733183,13,1,1,1.0,1.0,0.07692307692307693,0.23076923076923078,2026-07-25T06:37:00+00:00,999,Morphettville,8,R8 Festival Hire Hcp (64)
10737050,11,0,1,2.0,0.5,0.09090909090909091,0.2727272727272727,2026-07-25T06:41:00+00:00,999,Murtoa,8,R8 Thank You David Grigg Hcp (56)
10733239,11,1,1,1.0,1.0,0.09090909090909091,0.2727272727272727,2026-07-25T06:55:00+00:00,999,Caulfield,9,R9 Mrc Membership Made Of Moments Hcp
10737166,9,0,1,2.5,0.4,0.1111111111111111,0.3333333333333333,2026-07-25T06:59:00+00:00,999,Gold Coast,9,R9 The Jack Wilkinson Memorial Plate (C1)
10733184,11,0,0,9.0,0.1111111111111111,0.09090909090909091,0.2727272727272727,2026-07-25T07:12:00+00:00,999,Morphettville,9,R9 Aceit Transport Solutions Hcp (64)
10733229,11,0,0,5.5,0.18181818181818182,0.09090909090909091,0.2727272727272727,2026-07-25T07:37:00+00:00,999,Darwin,7,R7 Tab Metric Mile Hcp
10733434,12,0,0,5.5,0.18181818181818182,0.08333333333333333,0.25,2026-07-25T07:51:00+00:00,999,Roebourne,6,R6 Karratha Fluid Power - Powering The Pilbara. One Solution At A Time (Bm56+)
10733590,12,0,0,11.5,0.08695652173913043,0.08333333333333333,0.25,2026-07-25T08:05:00+00:00,999,Belmont,7,R7 H.g. Bolton Sprint
10733584,15,0,0,14.0,0.07142857142857142,0.06666666666666667,0.2,2026-07-25T08:45:00+00:00,999,Belmont,8,R8 Lawn Pride Australia (Rs1mw)
10733437,10,0,0,9.5,0.10526315789473684,0.1,0.3,2026-07-25T09:06:00+00:00,999,Roebourne,8,R8 Tabtouch Roebourne Cup
10733091,13,0,0,9.0,0.1111111111111111,0.07692307692307693,0.23076923076923078,2026-07-26T02:47:00+00:00,999,Te Aroha,6,R6 Tajc Hospitality Hcp (60)
10733098,13,0,0,4.5,0.2222222222222222,0.07692307692307693,0.23076923076923078,2026-07-26T03:57:00+00:00,999,Te Aroha,8,R8 Adrian Roskam Electrical Mdn
10733094,14,0,0,9.5,0.10526315789473684,0.07142857142857142,0.21428571428571427,2026-07-26T04:35:00+00:00,999,Te Aroha,9,R9 Combined Contractors Ltd (Bm65)
10737017,13,0,0,5.0,0.2,0.07692307692307693,0.23076923076923078,2026-07-26T04:55:00+00:00,999,Sapphire Coast,5,R5 South Coast Fish Processors Plate (C1)
10733137,8,0,1,3.0,0.3333333333333333,0.125,0.375,2026-07-26T05:55:00+00:00,999,Devonport,8,R8 The White Wardrobe (Bm68)
10737091,14,0,0,6.0,0.16666666666666666,0.07142857142857142,0.21428571428571427,2026-07-26T06:20:00+00:00,999,Sale,8,R8 Gippsland Funeral Services (Bm62)
10737110,12,0,0,4.5,0.2222222222222222,0.08333333333333333,0.25,2026-07-26T06:25:00+00:00,999,Sunshine Coast,8,R8 Troon Remingtons Insurance (Bm62)
10737178,16,0,0,15.0,0.06666666666666667,0.0625,0.1875,2026-07-26T08:04:00+00:00,999,Kalgoorlie,7,R7 Terra Drilling Hcp (C2)
10737179,13,0,0,4.0,0.25,0.07692307692307693,0.23076923076923078,2026-07-26T08:39:00+00:00,999,Kalgoorlie,8,R8 The Animal Hospital (Bm58+)
10740367,12,0,0,4.0,0.25,0.08333333333333333,0.25,2026-07-27T05:30:00+00:00,999,Ballarat Synthetic,8,R8 Hygain Edge (Bm56)
10740368,12,0,0,8.0,0.125,0.08333333333333333,0.25,2026-07-27T06:00:00+00:00,999,Ballarat Synthetic,9,R9 Sportsbet Race Previews (Bm56)
10737041,9,1,1,1.0,1.0,0.1111111111111111,0.3333333333333333,2026-07-27T06:50:00+00:00,999,Albury,8,R8 Nsw Jockeys Association (Bm58)
10740313,9,0,1,3.0,0.3333333333333333,0.1111111111111111,0.3333333333333333,2026-07-28T05:25:00+00:00,999,Bathurst,5,R5 Offroad 4X4 Bathurst (Bm66)
10740407,13,0,0,13.0,0.07692307692307693,0.07692307692307693,0.23076923076923078,2026-07-28T06:30:00+00:00,999,Swan Hill,8,R8 Manangatang Cup Saturday 10Th October (Bm62)
10740318,12,0,0,5.0,0.2,0.08333333333333333,0.25,2026-07-28T06:45:00+00:00,999,Bathurst,7,R7 Dusty Hooves Media Country Boosted (Bm58)
10755139,8,1,1,1.0,1.0,0.125,0.375,2026-07-30T02:15:00+00:00,999,Otaki,5,R5 Phils Electrical & Gipsy Caravans Ryder Stakes
10755136,12,0,0,11.0,0.09090909090909091,0.08333333333333333,0.25,2026-07-30T03:31:00+00:00,999,Otaki,7,R7 Levin Truck Services (Bm65)
10755140,14,0,0,8.0,0.125,0.07142857142857142,0.21428571428571427,2026-07-30T04:09:00+00:00,999,Otaki,8,R8 Vets On Riverbank (Bm65)
10755160,12,0,0,7.0,0.14285714285714285,0.08333333333333333,0.25,2026-07-30T05:00:00+00:00,999,Bendigo,5,R5 Cathcart Smash Repairs (Bm62)
10755165,11,0,1,2.0,0.5,0.09090909090909091,0.2727272727272727,2026-07-30T05:30:00+00:00,999,Bendigo,6,R6 Ladbrokes Popular Srm (Bm62)
10755186,10,0,0,4.0,0.25,0.1,0.3,2026-07-30T05:50:00+00:00,999,Gatton,8,R8 Head And Neck Cancer Awareness Month Hcp (60)
10755166,12,0,1,2.0,0.5,0.08333333333333333,0.25,2026-07-30T06:00:00+00:00,999,Bendigo,7,R7 Clubarham Hcp (C1)
10755190,10,0,0,4.0,0.25,0.1,0.3,2026-07-30T06:25:00+00:00,999,Gatton,9,R9 Royal George Hotel Laidley Hcp (60)
10755161,11,0,0,5.0,0.2,0.09090909090909091,0.2727272727272727,2026-07-30T06:30:00+00:00,999,Bendigo,8,R8 Avis Bendigo (Bm66)
10755173,15,0,0,7.5,0.13333333333333333,0.06666666666666667,0.2,2026-07-30T06:45:00+00:00,999,Illawarra Grange,8,R8 Colourite Painting (Bm64)
10752338,16,0,0,5.0,0.2,0.0625,0.1875,2026-07-30T08:45:00+00:00,999,Bunbury,8,R8 Join The Club - Become A Member Hcp (C1)
10760029,10,0,0,5.0,0.2,0.1,0.3,2026-08-01T03:32:00+00:00,999,Riccarton,8,R8 Zilco (Bm75)
10760105,9,0,0,7.0,0.14285714285714285,0.1111111111111111,0.3333333333333333,2026-08-01T03:40:00+00:00,999,Ruakaka,7,R7 Harcourts Bream Bay (Bm75)
10760027,18,0,1,3.0,0.3333333333333333,0.05555555555555555,0.16666666666666666,2026-08-01T04:07:00+00:00,999,Riccarton,9,R9 Winning Edge Presentations 129Th Winter Cup
10760108,12,0,0,12.0,0.08333333333333333,0.08333333333333333,0.25,2026-08-01T04:15:00+00:00,999,Ruakaka,8,R8 Harcourts Just Rentals (Bm65)
10763303,14,0,0,14.0,0.07142857142857142,0.07142857142857142,0.21428571428571427,2026-08-01T04:22:00+00:00,999,Townsville,5,R5 Lawrence & Hanson Electrical (Bm60)
10760109,14,0,0,12.0,0.08333333333333333,0.07142857142857142,0.21428571428571427,2026-08-01T04:50:00+00:00,999,Ruakaka,9,R9 Michelle Bradley Racing (Bm65)
10763296,12,0,0,10.5,0.09523809523809523,0.08333333333333333,0.25,2026-08-01T04:57:00+00:00,999,Townsville,6,R6 The Ville Mayor's Cup
10760146,10,1,1,1.0,1.0,0.1,0.3,2026-08-01T05:35:00+00:00,999,Rosehill,8,R8 Jockeys Celebration Day (Bm100)
10760259,8,1,1,1.0,1.0,0.125,0.375,2026-08-01T05:50:00+00:00,999,Flemington,7,R7 Aurie's Star Hcp
10763254,9,0,0,7.0,0.14285714285714285,0.1111111111111111,0.3333333333333333,2026-08-01T05:59:00+00:00,999,Gold Coast,7,R7 Zeppelin Travel Birdsville Races Charter (Bm65)
10760116,10,0,0,10.0,0.1,0.1,0.3,2026-08-01T06:02:00+00:00,999,Morphettville,7,R7 Sportsbet Blackbook (Bm82)
10763428,10,0,0,8.0,0.125,0.1,0.3,2026-08-01T06:06:00+00:00,999,Hamilton,6,R6 Greenway Turf Solutions Hcp (56)
10760144,11,0,1,2.0,0.5,0.09090909090909091,0.2727272727272727,2026-08-01T06:10:00+00:00,999,Rosehill,9,R9 Nsw Jockeys Association (Bm94)
10763300,13,0,0,13.0,0.07692307692307693,0.07692307692307693,0.23076923076923078,2026-08-01T06:12:00+00:00,999,Townsville,8,R8 Ladbrokes Cape Cleveland (Bm78)
10760128,11,0,0,7.0,0.14285714285714285,0.09090909090909091,0.2727272727272727,2026-08-01T06:18:00+00:00,999,Doomben,8,R8 Xxxx Hcp
10760260,6,0,0,5.0,0.2,0.16666666666666666,0.5,2026-08-01T06:25:00+00:00,999,Flemington,8,R8 26/27 Vrc Membership Renewals Open (Bm100)
10760267,9,0,0,8.0,0.125,0.1111111111111111,0.3333333333333333,2026-08-01T06:27:00+00:00,999,Darwin,6,R6 Cleanaway Hcp (62)
10763267,13,0,1,2.0,0.5,0.07692307692307693,0.23076923076923078,2026-08-01T06:29:00+00:00,999,Newcastle,8,R8 Master Builders Insurance Brokers (Bm64)
10763255,12,1,1,1.0,1.0,0.08333333333333333,0.25,2026-08-01T06:34:00+00:00,999,Gold Coast,8,R8 Nanango Cup August 8Th (Bm58)
10760119,12,0,0,4.5,0.2222222222222222,0.08333333333333333,0.25,2026-08-01T06:37:00+00:00,999,Morphettville,8,R8 Sportsbet Get On Extra Hcp (66)
10760139,13,0,0,6.0,0.16666666666666666,0.07692307692307693,0.23076923076923078,2026-08-01T06:45:00+00:00,999,Rosehill,10,R10 Congratulations James Mcdonald (Bm78)
10760131,9,0,0,7.5,0.13333333333333333,0.1111111111111111,0.3333333333333333,2026-08-01T06:50:00+00:00,999,Doomben,9,R9 Ladbrokes Switch (Bm85)
10760261,11,0,1,2.0,0.5,0.09090909090909091,0.2727272727272727,2026-08-01T06:55:00+00:00,999,Flemington,9,R9 Vrc.com.au Sprint (Bm78)
10763302,13,1,1,1.0,1.0,0.07692307692307693,0.23076923076923078,2026-08-01T06:57:00+00:00,999,Townsville,9,R9 Pierlite Plate (C3)
10760113,10,0,0,5.5,0.18181818181818182,0.1,0.3,2026-08-01T07:12:00+00:00,999,Morphettville,9,R9 The Fotobase Group (Bm64)
10760598,12,0,0,5.0,0.2,0.08333333333333333,0.25,2026-08-01T08:55:00+00:00,999,Belmont,8,R8 Happy Horses Birthday (Rs1mw)
10763233,10,0,1,3.0,0.3333333333333333,0.1,0.3,2026-08-01T10:19:00+00:00,999,Toowoomba,6,R6 Empire Of Japan Mdn Plate
10763236,11,0,0,6.0,0.16666666666666666,0.09090909090909091,0.2727272727272727,2026-08-01T10:50:00+00:00,999,Toowoomba,7,R7 Bottlemart Mdn Hcp
10763587,12,0,0,9.0,0.1111111111111111,0.08333333333333333,0.25,2026-08-03T04:52:00+00:00,999,Darwin,5,R5 Tab Hcp (58)
10767396,12,0,0,5.0,0.2,0.08333333333333333,0.25,2026-08-03T05:00:00+00:00,999,Pakenham Synthetic,5,R5 Race Day Medical (Bm62)
10763591,12,0,0,12.0,0.08333333333333333,0.08333333333333333,0.25,2026-08-03T05:27:00+00:00,999,Darwin,6,R6 Dcoh Hcp
10767391,10,0,0,9.0,0.1111111111111111,0.1,0.3,2026-08-03T06:30:00+00:00,999,Pakenham Synthetic,8,R8 Cameron Industrial Commercial (Bm62)
10763586,12,0,0,9.0,0.1111111111111111,0.08333333333333333,0.25,2026-08-03T06:45:00+00:00,999,Darwin,8,R8 Schweppes Hcp (62)
10763589,12,0,0,7.0,0.14285714285714285,0.08333333333333333,0.25,2026-08-03T07:19:00+00:00,999,Darwin,9,R9 Dabble - You Better Believe It Hcp (70)
10763592,12,0,1,2.5,0.4,0.08333333333333333,0.25,2026-08-03T08:00:00+00:00,999,Darwin,10,R10 Great Northern Darwin Cup
10767421,11,0,0,9.0,0.1111111111111111,0.09090909090909091,0.2727272727272727,2026-08-04T05:00:00+00:00,999,Bairnsdale,5,R5 Gippsland Grain Store (Bm56)
10767311,10,0,0,4.0,0.25,0.1,0.3,2026-08-04T05:40:00+00:00,999,Gundagai,5,R5 Tab We're On Country Boosted Hcp (C1)
10767409,13,0,0,11.0,0.09090909090909091,0.07692307692307693,0.23076923076923078,2026-08-04T05:47:00+00:00,999,Warwick,8,R8 Warwick Classic Defending Champion Greg Cook Hcp (C2)
10767313,11,0,0,11.0,0.09090909090909091,0.09090909090909091,0.2727272727272727,2026-08-04T06:20:00+00:00,999,Gundagai,6,R6 Sounds Of The Mountains Fm96.3 (Bm58)
10767402,14,1,1,1.0,1.0,0.07142857142857142,0.21428571428571427,2026-08-04T06:27:00+00:00,999,Warwick,9,R9 Picklebet Get Your Pickle On Hcp (55)
10767427,10,0,1,3.0,0.3333333333333333,0.1,0.3,2026-08-04T06:30:00+00:00,999,Bairnsdale,8,R8 O'Donnells Transport Lakes Entrance Cup September 20 (Bm56)
10767312,12,0,0,12.0,0.08333333333333333,0.08333333333333333,0.25,2026-08-04T06:55:00+00:00,999,Gundagai,7,R7 Gundagai Tigers (Bm58)
10778024,14,0,0,12.0,0.08333333333333333,0.07142857142857142,0.21428571428571427,2026-08-05T03:19:00+00:00,999,Riccarton Park Synthetic,8,R8 Hoteliers Challenge (Bm65)
10778031,12,0,0,10.5,0.09523809523809523,0.08333333333333333,0.25,2026-08-05T03:54:00+00:00,999,Riccarton Park Synthetic,9,R9 Polytrack Championship Spec Cond
10778103,13,0,0,10.0,0.1,0.07692307692307693,0.23076923076923078,2026-08-05T05:20:00+00:00,999,Hobart,7,R7 Kevin Sharkie Plate (C1)
10778058,10,0,1,3.0,0.3333333333333333,0.1,0.3,2026-08-05T05:35:00+00:00,999,Murray Bridge,6,R6 Thomas Farms (Bm58)
10778106,13,1,1,1.0,1.0,0.07692307692307693,0.23076923076923078,2026-08-05T05:55:00+00:00,999,Hobart,8,R8 Ladbrokes Hosted Pots (Bm60)
10778043,12,0,0,5.0,0.2,0.08333333333333333,0.25,2026-08-05T06:03:00+00:00,999,Doomben,7,R7 Xxxx Gold Hcp (C1)
10778059,12,0,0,6.0,0.16666666666666666,0.08333333333333333,0.25,2026-08-05T06:10:00+00:00,999,Murray Bridge,7,R7 Sportsbet Fast Form (Bm56)
10778107,13,0,1,2.0,0.5,0.07692307692307693,0.23076923076923078,2026-08-05T06:30:00+00:00,999,Hobart,9,R9 Aviso Tas Insurance Brokers Hcp (C2)
10778044,11,0,1,2.0,0.5,0.09090909090909091,0.2727272727272727,2026-08-05T06:38:00+00:00,999,Doomben,8,R8 Ladbrokes Odds Surge Hcp (C3)
10778060,14,1,1,1.0,1.0,0.07142857142857142,0.21428571428571427,2026-08-05T06:45:00+00:00,999,Murray Bridge,8,R8 Carlton Draught Hcp (58)
10778132,12,0,0,6.0,0.16666666666666666,0.08333333333333333,0.25,2026-08-05T08:05:00+00:00,999,Belmont,7,R7 Quayclean Hcp (C3)
10778138,15,1,1,1.0,1.0,0.06666666666666667,0.2,2026-08-05T08:45:00+00:00,999,Belmont,8,R8 Reliable Asset Maintenance Hcp (C3)
10781718,10,0,0,8.0,0.125,0.1,0.3,2026-08-06T05:35:00+00:00,999,Gosford,6,R6 Coastwide Waterproofing Supplies Provincial Mdn Plate
10781685,11,0,0,4.5,0.2222222222222222,0.09090909090909091,0.2727272727272727,2026-08-06T05:50:00+00:00,999,Moree,6,R6 Pitman Deakin (Bm58)
10781810,11,0,0,5.0,0.2,0.09090909090909091,0.2727272727272727,2026-08-06T06:30:00+00:00,999,Ballarat Synthetic,8,R8 Hygain Edge (Bm66)
10781719,8,1,1,1.0,1.0,0.125,0.375,2026-08-06T06:45:00+00:00,999,Gosford,8,R8 Combined Demolition Services (Bm64)
10778953,12,0,0,6.5,0.15384615384615385,0.08333333333333333,0.25,2026-08-06T08:58:00+00:00,999,Northam,8,R8 Kunine Grazing Hcp (C3)
10781800,12,0,0,8.0,0.125,0.08333333333333333,0.25,2026-08-07T04:15:00+00:00,999,Cambridge Synthetic,7,R7 Tab Polytrack Championship Spec Cond
10785774,8,0,0,7.0,0.14285714285714285,0.125,0.375,2026-08-07T04:55:00+00:00,999,Coffs Harbour,5,R5 The Pier Hotel Daniel Baker Showcase Sprint
10785905,11,0,0,11.0,0.09090909090909091,0.09090909090909091,0.2727272727272727,2026-08-07T05:40:00+00:00,999,Seymour,6,R6 Lubeck Plumbing (Bm62)
10785901,13,0,0,9.0,0.1111111111111111,0.07692307692307693,0.23076923076923078,2026-08-07T06:20:00+00:00,999,Seymour,7,R7 Bet365 Bet Boost (Bm62)
10785769,13,0,0,12.5,0.08,0.07692307692307693,0.23076923076923078,2026-08-07T06:50:00+00:00,999,Coffs Harbour,8,R8 Cetnaj Country Magic Merv Mercer Showcase Mile Hcp (C2)
10785903,11,0,0,11.0,0.09090909090909091,0.09090909090909091,0.2727272727272727,2026-08-07T07:00:00+00:00,999,Seymour,8,R8 Observer @ Darley (Bm66)
10785701,13,0,1,3.0,0.3333333333333333,0.07692307692307693,0.23076923076923078,2026-08-08T02:35:00+00:00,999,Te Rapa,5,R5 The Foxes At Novara (Bm65)
10785714,18,0,0,11.0,0.09090909090909091,0.05555555555555555,0.16666666666666666,2026-08-08T03:37:00+00:00,999,Riccarton,8,R8 Datum Surveying (Bm65)
10785719,15,0,1,2.5,0.4,0.06666666666666667,0.2,2026-08-08T04:12:00+00:00,999,Riccarton,9,R9 Stephanie Murray Mortgages (Bm65)
10785702,13,1,1,1.0,1.0,0.07692307692307693,0.23076923076923078,2026-08-08T04:20:00+00:00,999,Te Rapa,8,R8 See You At The Te Rapa Tavern Mile (Bm65)
10785810,11,0,0,9.0,0.1111111111111111,0.09090909090909091,0.2727272727272727,2026-08-08T05:00:00+00:00,999,Randwick,7,R7 Tab Premier's Cup Prelude
10785922,8,0,1,2.0,0.5,0.125,0.375,2026-08-08T05:20:00+00:00,999,Caulfield Heath,6,R6 Msc Signs (Bm88)
10785816,7,0,0,5.0,0.2,0.14285714285714285,0.42857142857142855,2026-08-08T05:40:00+00:00,999,Randwick,8,R8 Kia Ora Stud Missile Stakes
10785885,10,0,0,6.0,0.16666666666666666,0.1,0.3,2026-08-08T05:48:00+00:00,999,Eagle Farm,8,R8 Xxxx Hcp (C6)
10785812,10,1,1,1.0,1.0,0.1,0.3,2026-08-08T06:15:00+00:00,999,Randwick,9,R9 Toyota Forklifts (Bm78)
10785889,12,0,1,2.5,0.4,0.08333333333333333,0.25,2026-08-08T06:27:00+00:00,999,Eagle Farm,9,R9 Ladbrokes Hosted Pots Hcp
10789730,11,0,1,2.0,0.5,0.09090909090909091,0.2727272727272727,2026-08-08T06:30:00+00:00,999,Casino,8,R8 The Michael Griffin Memorial Hcp (C3)
10785919,10,0,0,10.0,0.1,0.1,0.3,2026-08-08T06:35:00+00:00,999,Caulfield Heath,8,R8 Ranvet Travis Harrison Cup (Bm100)
10789641,7,0,0,5.0,0.2,0.14285714285714285,0.42857142857142855,2026-08-08T06:40:00+00:00,999,Kembla Grange,8,R8 Shore Goggles (Bm64)
10785830,10,0,0,10.0,0.1,0.1,0.3,2026-08-08T06:47:00+00:00,999,Morphettville,8,R8 Peter Elberg Funerals (Bm66)
10785924,9,1,1,1.0,1.0,0.1111111111111111,0.3333333333333333,2026-08-08T07:05:00+00:00,999,Caulfield Heath,9,R9 Ladbrokes Mega Multi (Bm84)
10789656,16,0,0,7.0,0.14285714285714285,0.0625,0.1875,2026-08-08T07:17:00+00:00,999,Townsville,8,R8 Great Northern Hcp (55)
10785832,12,0,0,9.0,0.1111111111111111,0.08333333333333333,0.25,2026-08-08T07:22:00+00:00,999,Morphettville,9,R9 Aceit Transport Solutions Hcp (66)
10786133,11,0,0,6.0,0.16666666666666666,0.09090909090909091,0.2727272727272727,2026-08-08T08:55:00+00:00,999,Belmont,8,R8 Congratulations Michael Grantham - Leading Trainer 25/26 (Bm66+)
10789768,8,1,1,1.0,1.0,0.125,0.375,2026-08-09T05:45:00+00:00,999,Sunshine Coast,6,R6 Mccain Hcp
10789762,9,0,1,3.0,0.3333333333333333,0.1111111111111111,0.3333333333333333,2026-08-09T06:40:00+00:00,999,Casterton,7,R7 Vale Alan Upton Hwt Hcp (56)
10789773,11,0,0,10.0,0.1,0.09090909090909091,0.2727272727272727,2026-08-09T06:55:00+00:00,999,Sunshine Coast,8,R8 Pfd (Bm58)
10789885,14,0,0,10.5,0.09523809523809523,0.07142857142857142,0.21428571428571427,2026-08-09T08:00:00+00:00,999,Kalgoorlie,7,R7 Nouchy Mining Services (Bm58+)
10789889,14,0,0,14.0,0.07142857142857142,0.07142857142857142,0.21428571428571427,2026-08-09T08:35:00+00:00,999,Kalgoorlie,8,R8 Mining Supplies Kambalda Hcp (C2)
10792918,11,0,0,9.5,0.10526315789473684,0.09090909090909091,0.2727272727272727,2026-08-10T06:00:00+00:00,999,Pakenham Synthetic,8,R8 Duffy & Simon Lawyers (Bm56)
10792914,11,0,0,7.0,0.14285714285714285,0.09090909090909091,0.2727272727272727,2026-08-10T06:30:00+00:00,999,Pakenham Synthetic,9,R9 Ray White Pakenham & Officer (Bm56)
10789705,9,0,0,6.5,0.15384615384615385,0.1111111111111111,0.3333333333333333,2026-08-10T06:35:00+00:00,999,Dubbo,6,R6 Precision Health Care Hcp (C2)
10789672,12,1,1,1.0,1.0,0.08333333333333333,0.25,2026-08-10T06:50:00+00:00,999,Nowra,7,R7 Sctc Champion Jockey - Alysha Collett Country Boosted (Bm58)
10792862,10,0,0,4.5,0.2222222222222222,0.1,0.3,2026-08-11T04:42:00+00:00,999,Dalby,5,R5 Criterion Hotel Dalby Hcp (58)
10803872,5,0,1,3.0,0.3333333333333333,0.2,0.6,2026-08-11T05:30:00+00:00,999,Ballarat Synthetic,8,R8 Hygain Edge (Bm62)
10792853,10,0,0,5.0,0.2,0.1,0.3,2026-08-11T05:50:00+00:00,999,Hawkesbury,5,R5 Remembering Ryan Midway (Bm64)
10803874,8,0,1,2.0,0.5,0.125,0.375,2026-08-11T06:00:00+00:00,999,Ballarat Synthetic,9,R9 Sportsbet Race Replays (Bm62)
10803875,12,0,0,11.0,0.09090909090909091,0.08333333333333333,0.25,2026-08-11T06:30:00+00:00,999,Ballarat Synthetic,10,R10 Hygain Edge (Bm56)
10792869,10,0,0,6.0,0.16666666666666666,0.1,0.3,2026-08-11T06:34:00+00:00,999,Dalby,8,R8 Psp Racing Colours (Bm60)
10792885,12,0,0,10.0,0.1,0.08333333333333333,0.25,2026-08-11T06:45:00+00:00,999,Ballina,8,R8 Ballina Rsl (Bm58)
10803908,12,0,0,8.0,0.125,0.08333333333333333,0.25,2026-08-12T03:19:00+00:00,999,Rotorua,6,R6 Rotorua & Bay Of Plenty Hunt Members Memorial Mdn
10803905,11,0,0,4.0,0.25,0.09090909090909091,0.2727272727272727,2026-08-12T04:29:00+00:00,999,Rotorua,8,R8 Rotorua & Bay Of Plenty Hunt Members (Bm65)
10803917,11,0,0,5.0,0.2,0.09090909090909091,0.2727272727272727,2026-08-12T05:35:00+00:00,999,Murray Bridge,5,R5 Thomas Farms Hcp (56)
10803960,8,0,0,5.0,0.2,0.125,0.375,2026-08-12T05:55:00+00:00,999,Bendigo,6,R6 Donna Philpot Memorial (Bm66)
10803914,9,0,1,3.0,0.3333333333333333,0.1111111111111111,0.3333333333333333,2026-08-12T06:10:00+00:00,999,Murray Bridge,6,R6 Carlton Draught (Bm56)
10803867,9,0,0,4.5,0.2222222222222222,0.1111111111111111,0.3333333333333333,2026-08-12T06:20:00+00:00,999,Canterbury,6,R6 Precise Air (Bm72)
10803883,10,0,1,2.0,0.5,0.1,0.3,2026-08-12T06:38:00+00:00,999,Eagle Farm,8,R8 Ladbrokes Switch Hcp (C6)
10803955,13,0,1,2.0,0.5,0.07692307692307693,0.23076923076923078,2026-08-12T07:05:00+00:00,999,Bendigo,8,R8 Bendigo Mazda (Bm66)
10803911,14,0,0,10.0,0.1,0.07142857142857142,0.21428571428571427,2026-08-12T07:20:00+00:00,999,Murray Bridge,8,R8 Sportsbet More Places Hcp (58)
10803975,11,0,0,10.0,0.1,0.09090909090909091,0.2727272727272727,2026-08-12T07:27:00+00:00,999,Pinjarra Scarpside,6,R6 Bryson Canvas (Rs0ly)
10803972,12,0,1,2.0,0.5,0.08333333333333333,0.25,2026-08-12T08:45:00+00:00,999,Pinjarra Scarpside,8,R8 Racing@ Pinjarra Park Thursday August 20 Hcp (C3)
10807079,10,0,0,5.0,0.2,0.1,0.3,2026-08-13T04:38:00+00:00,999,Awapuni Synthetic,8,R8 Power Farming Manawatu Polytrack Championship Spec Cond
10807221,8,0,0,4.0,0.25,0.125,0.375,2026-08-13T05:05:00+00:00,999,Newcastle,5,R5 The Port Stephens Examiner Mdn Plate
10807210,11,0,1,3.0,0.3333333333333333,0.09090909090909091,0.2727272727272727,2026-08-13T05:30:00+00:00,999,Moe,6,R6 Ladbrokes Mega Multi (Bm56)
10807211,11,0,0,6.0,0.16666666666666666,0.09090909090909091,0.2727272727272727,2026-08-13T06:00:00+00:00,999,Moe,7,R7 Rmbl Investments Rising Stars Race (Bm56)
10807220,10,0,0,8.0,0.125,0.1,0.3,2026-08-13T06:20:00+00:00,999,Newcastle,7,R7 Destination Port Stephens Cup (Bm64)
10807206,12,0,0,7.0,0.14285714285714285,0.08333333333333333,0.25,2026-08-13T06:30:00+00:00,999,Moe,8,R8 Team Staffing Solutions (Bm56)
10807222,9,0,0,8.5,0.11764705882352941,0.1111111111111111,0.3333333333333333,2026-08-13T06:55:00+00:00,999,Newcastle,8,R8 The Prince Of Merewether Provincial (Bm64)
10804759,15,0,0,5.5,0.18181818181818182,0.06666666666666667,0.2,2026-08-13T07:14:00+00:00,999,Bunbury,5,R5 Swan Draught Mdn
10804755,14,0,1,3.0,0.3333333333333333,0.07142857142857142,0.21428571428571427,2026-08-13T09:07:00+00:00,999,Bunbury,8,R8 Cuprum Distillery Hcp (C5)
10807125,12,0,1,2.0,0.5,0.08333333333333333,0.25,2026-08-14T03:47:00+00:00,999,Oamaru,7,R7 Steph Faulkner / Equine Products Nz Co (Bm65)
10807126,14,0,1,3.0,0.3333333333333333,0.07142857142857142,0.21428571428571427,2026-08-14T04:22:00+00:00,999,Oamaru,8,R8 Thanks For The Memories Oamaru Jockey Club (Bm65)
10812097,10,0,0,9.0,0.1111111111111111,0.1,0.3,2026-08-14T05:10:00+00:00,999,Gunnedah,5,R5 Ultra Fleet (Bm58)
10812095,14,0,0,4.0,0.25,0.07142857142857142,0.21428571428571427,2026-08-14T05:50:00+00:00,999,Gunnedah,6,R6 Courthouse Hotel Gunnedah (Bm58)
10812192,14,0,1,2.5,0.4,0.07142857142857142,0.21428571428571427,2026-08-14T06:30:00+00:00,999,Geelong,8,R8 Heads To Tails Horsewear (Bm62)
10812093,8,0,0,7.5,0.13333333333333333,0.125,0.375,2026-08-14T06:40:00+00:00,999,Ipswich,7,R7 Tempus Two Plate (C1)
10812065,14,0,0,6.0,0.16666666666666666,0.07142857142857142,0.21428571428571427,2026-08-14T06:50:00+00:00,999,Taree,8,R8 Tanks 2 Go Hcp (C1)
10812098,14,0,0,4.0,0.25,0.07142857142857142,0.21428571428571427,2026-08-14T07:05:00+00:00,999,Gunnedah,8,R8 Mannion Drilling (Bm58)
10812172,11,0,0,4.0,0.25,0.09090909090909091,0.2727272727272727,2026-08-15T04:38:00+00:00,999,Doomben,6,R6 Kidman (Bm70)
10812053,12,0,0,4.0,0.25,0.08333333333333333,0.25,2026-08-15T04:52:00+00:00,999,Ruakaka,8,R8 Daltons (Bm65)
10815186,10,0,0,7.0,0.14285714285714285,0.1,0.3,2026-08-15T05:34:00+00:00,999,Gold Coast Poly,5,R5 In Memory Of Noel Smith Hcp (58)
10812129,10,1,1,1.0,1.0,0.1,0.3,2026-08-15T05:37:00+00:00,999,Morphettville,6,R6 Sportsbet Green Tick Hcp (66)
10815147,12,0,0,3.5,0.2857142857142857,0.08333333333333333,0.25,2026-08-15T05:41:00+00:00,999,Warracknabeal,5,R5 Gts Plumbing (Bm56)
10812161,13,0,0,12.0,0.08333333333333333,0.07692307692307693,0.23076923076923078,2026-08-15T05:45:00+00:00,999,Rosehill,8,R8 Tab Rosebud
10812174,7,1,1,1.0,1.0,0.14285714285714285,0.42857142857142855,2026-08-15T05:53:00+00:00,999,Doomben,8,R8 Bundaberg Rum (Bm78)
10812131,10,0,1,3.0,0.3333333333333333,0.1,0.3,2026-08-15T06:10:00+00:00,999,Morphettville,7,R7 Pfd Food Services (Bm72)
10815148,12,0,0,11.5,0.08695652173913043,0.08333333333333333,0.25,2026-08-15T06:15:00+00:00,999,Warracknabeal,6,R6 Betdeluxe Hcp (56)
10812158,10,0,1,1.5,0.6666666666666666,0.1,0.3,2026-08-15T06:20:00+00:00,999,Rosehill,9,R9 Racing And Sports Hcp
10812169,12,0,1,2.0,0.5,0.08333333333333333,0.25,2026-08-15T06:28:00+00:00,999,Doomben,9,R9 Ladbrokes Big Bets Copy Now Hcp
10812246,9,0,0,5.5,0.18181818181818182,0.1111111111111111,0.3333333333333333,2026-08-15T06:33:00+00:00,999,Katherine,5,R5 Imparja (Bm54)
10812196,11,0,1,1.5,0.6666666666666666,0.09090909090909091,0.2727272727272727,2026-08-15T06:35:00+00:00,999,Caulfield,8,R8 Evergreen Turf Regal Roller Stakes
10815154,10,0,0,7.0,0.14285714285714285,0.1,0.3,2026-08-15T06:39:00+00:00,999,Kembla Grange,8,R8 Illawarra Production Services (Bm64)
10815182,10,0,0,9.0,0.1111111111111111,0.1,0.3,2026-08-15T06:44:00+00:00,999,Gold Coast Poly,7,R7 Gympie Turf Club Aug 22 (Bm58)
10812132,13,0,0,9.0,0.1111111111111111,0.07692307692307693,0.23076923076923078,2026-08-15T06:47:00+00:00,999,Morphettville,8,R8 Festival Hire Hcp (62)
10815149,12,0,0,9.0,0.1111111111111111,0.08333333333333333,0.25,2026-08-15T06:51:00+00:00,999,Warracknabeal,7,R7 Taylor's Palace Hotel After The Last Hcp (56)
10812156,13,0,0,10.0,0.1,0.07692307692307693,0.23076923076923078,2026-08-15T06:55:00+00:00,999,Rosehill,10,R10 Rosehill Bowling Club (Bm78)
10812197,8,0,1,2.0,0.5,0.125,0.375,2026-08-15T07:15:00+00:00,999,Caulfield,9,R9 Toby Newton (Bm100)
10812137,11,0,0,10.0,0.1,0.09090909090909091,0.2727272727272727,2026-08-15T07:27:00+00:00,999,Morphettville,9,R9 Quayclean Hcp (72)
10815463,13,0,0,5.0,0.2,0.07692307692307693,0.23076923076923078,2026-08-15T07:27:00+00:00,999,Broome,6,R6 Willie Creek Pearl Classic (Bm64+)
10812420,10,0,1,2.0,0.5,0.1,0.3,2026-08-15T07:40:00+00:00,999,Belmont,6,R6 Glenroy Chaff (Bm66+)
10812422,9,0,1,2.0,0.5,0.1111111111111111,0.3333333333333333,2026-08-15T08:20:00+00:00,999,Belmont,7,R7 Blue Spec Stakes (Bm84+)
10815461,10,0,0,5.0,0.2,0.1,0.3,2026-08-15T08:40:00+00:00,999,Broome,8,R8 Western Meat Packers Group (Bm58+)
10812423,12,0,0,12.0,0.08333333333333333,0.08333333333333333,0.25,2026-08-15T08:55:00+00:00,999,Belmont,8,R8 Bernard Couch Memorial (Rs1mw)
10812027,11,0,0,5.0,0.2,0.09090909090909091,0.2727272727272727,2026-08-16T03:45:00+00:00,999,Taupo,7,R7 Chittick Family Fillies Classic
10812017,8,0,0,6.0,0.16666666666666666,0.125,0.375,2026-08-16T03:54:00+00:00,999,Woodville,8,R8 Four Creeks Farm (Bm65)
10812028,10,0,0,6.5,0.15384615384615385,0.1,0.3,2026-08-16T04:25:00+00:00,999,Taupo,8,R8 Charyn - World Champion Miler (Bm65)
10812011,10,0,0,7.0,0.14285714285714285,0.1,0.3,2026-08-16T04:34:00+00:00,999,Woodville,9,R9 Kevin Jennings Jeweller Hcp (60)
10815200,11,1,1,1.0,1.0,0.09090909090909091,0.2727272727272727,2026-08-16T05:10:00+00:00,999,Moruya,6,R6 Lake Conjola Bowling Club (Bm58)
10815201,11,0,1,2.0,0.5,0.09090909090909091,0.2727272727272727,2026-08-16T06:30:00+00:00,999,Moruya,8,R8 Tomakin Sports & Social Club (Bm58)
10815193,10,0,1,2.0,0.5,0.1,0.3,2026-08-16T06:50:00+00:00,999,Wyong,8,R8 Carlton Wyong Cup Carnival (Bm64)
10815222,11,0,0,5.0,0.2,0.09090909090909091,0.2727272727272727,2026-08-16T07:15:00+00:00,999,Sunshine Coast,8,R8 Stay Noosa Hcp (58)
10815117,8,0,0,3.5,0.2857142857142857,0.125,0.375,2026-08-17T06:10:00+00:00,999,Bathurst,6,R6 Central West Electrical Country Boosted Mdn Plate
10818984,9,0,0,5.0,0.2,0.1111111111111111,0.3333333333333333,2026-08-17T06:30:00+00:00,999,Wodonga,8,R8 M Force Security (Bm56)
10815249,8,0,0,4.0,0.25,0.125,0.375,2026-08-17T06:34:00+00:00,999,Emerald,7,R7 Maraboon Tavern Hcp (60)
10819050,12,0,0,9.0,0.1111111111111111,0.08333333333333333,0.25,2026-08-18T05:30:00+00:00,999,Ballarat Synthetic,5,R5 Hygain Edge (Bm56)
10818966,12,0,0,5.0,0.2,0.08333333333333333,0.25,2026-08-18T06:20:00+00:00,999,Grafton,6,R6 Congratulations Sam Mcguren (Bm66)
10818960,13,0,0,9.0,0.1111111111111111,0.07692307692307693,0.23076923076923078,2026-08-18T06:55:00+00:00,999,Grafton,7,R7 Jockeys & Trainers Re-Union Race Day 29 August (Bm58)
10830170,10,1,1,1.0,1.0,0.1,0.3,2026-08-19T05:49:00+00:00,999,Hobart,8,R8 Ladbrokes Switch Hcp (C1)
10830165,11,1,1,1.0,1.0,0.09090909090909091,0.2727272727272727,2026-08-19T06:24:00+00:00,999,Hobart,9,R9 Ladbrokes Hosted Pots Hcp (C1)
10830255,14,0,1,2.0,0.5,0.07142857142857142,0.21428571428571427,2026-08-19T07:05:00+00:00,999,Sandown,8,R8 Sportsbet Same Race Multi (Bm66)
10831191,13,0,0,4.0,0.25,0.07692307692307693,0.23076923076923078,2026-08-19T07:10:00+00:00,999,Strathalbyn,6,R6 Community Bank Fleurieu - Bendigo Bank (Bm56)
10830865,14,0,0,12.5,0.08,0.07142857142857142,0.21428571428571427,2026-08-19T07:50:00+00:00,999,Strathalbyn,7,R7 Victor Harbor Motor Co (Bm56)
10830340,11,0,1,2.0,0.5,0.09090909090909091,0.2727272727272727,2026-08-19T09:15:00+00:00,999,Belmont,8,R8 Unite Resourcing Hcp (C3)
10834213,9,0,1,2.5,0.4,0.1111111111111111,0.3333333333333333,2026-08-20T06:30:00+00:00,999,Warrnambool,8,R8 Dwyer Legal Warrnambool & Port Fairy (Bm62)
10834271,9,0,0,4.0,0.25,0.1111111111111111,0.3333333333333333,2026-08-20T07:00:00+00:00,999,Hawkesbury,8,R8 Brad Widdup 2025-2026 Hrc Champion Local Trainer (Bm64)
10838325,10,0,0,9.0,0.1111111111111111,0.1,0.3,2026-08-21T04:35:00+00:00,999,Sale,5,R5 Kwik Tip Bins Hcp (56)
10838261,11,0,1,2.0,0.5,0.09090909090909091,0.2727272727272727,2026-08-21T05:00:00+00:00,999,Murwillumbah,5,R5 Courthouse Hotel Showcase (Bm58)
10838319,11,0,0,4.0,0.25,0.09090909090909091,0.2727272727272727,2026-08-21T06:25:00+00:00,999,Sale,8,R8 Lords Cleaning Services (Bm62)
10838313,11,0,1,3.0,0.3333333333333333,0.09090909090909091,0.2727272727272727,2026-08-21T06:29:00+00:00,999,Beaudesert,8,R8 Home Of Country Racing (Bm60)
10843313,10,0,0,5.0,0.2,0.1,0.3,2026-08-21T06:45:00+00:00,999,Murtoa,8,R8 Sarah Field Swan Hill Apprentice Jockey Of The Year 25/26 (Bm56)
10838262,12,0,0,9.0,0.1111111111111111,0.08333333333333333,0.25,2026-08-21T06:55:00+00:00,999,Murwillumbah,8,R8 Toka Love Ya Dnt Showcase Hcp (C1)
10838322,14,0,0,10.0,0.1,0.07142857142857142,0.21428571428571427,2026-08-21T07:05:00+00:00,999,Sale,9,R9 Ladbrokes Switch (Bm62)
10838222,8,0,0,8.0,0.125,0.125,0.375,2026-08-22T03:47:00+00:00,999,Te Rapa,6,R6 Ardrossan (Bm65)
10838457,13,0,1,3.0,0.3333333333333333,0.07692307692307693,0.23076923076923078,2026-08-22T04:47:00+00:00,999,Doomben,7,R7 Family Raceday 12 September (Rs0mw)
10842435,10,0,0,4.5,0.2222222222222222,0.1,0.3,2026-08-22T05:00:00+00:00,999,Newcastle,5,R5 Ascension Finance - Home Loan Specialist Mdn Plate
10838225,12,0,0,7.0,0.14285714285714285,0.08333333333333333,0.25,2026-08-22T05:02:00+00:00,999,Te Rapa,8,R8 Chittick Family Back Butch Castles Legacy Trust (Bm65)
10838451,11,0,0,6.0,0.16666666666666666,0.09090909090909091,0.2727272727272727,2026-08-22T05:23:00+00:00,999,Doomben,8,R8 Moreton Hire Hcp
10842431,10,0,0,6.0,0.16666666666666666,0.1,0.3,2026-08-22T05:35:00+00:00,999,Newcastle,6,R6 Robinson Property (Bm64)
10842310,10,0,1,2.0,0.5,0.1,0.3,2026-08-22T05:40:00+00:00,999,Cairns,6,R6 Babinda Electrics Lightning Hcp
10838284,11,0,1,2.0,0.5,0.09090909090909091,0.2727272727272727,2026-08-22T05:44:00+00:00,999,Morphettville,6,R6 Adelaide Galvanising Industries (Bm70)
10838471,8,0,0,4.0,0.25,0.125,0.375,2026-08-22T05:50:00+00:00,999,Randwick,8,R8 Hyland Race Colours Show County Qlty
10838467,8,0,0,6.0,0.16666666666666666,0.125,0.375,2026-08-22T06:02:00+00:00,999,Doomben,9,R9 Suntory - 196 (Bm85)
10842428,10,0,0,5.0,0.2,0.1,0.3,2026-08-22T06:15:00+00:00,999,Newcastle,7,R7 Maxim Business Advisors (Bm64)
10838474,11,0,1,3.0,0.3333333333333333,0.09090909090909091,0.2727272727272727,2026-08-22T06:30:00+00:00,999,Randwick,9,R9 Winx Stakes
10842418,10,0,0,7.0,0.14285714285714285,0.1,0.3,2026-08-22T06:32:00+00:00,999,Gympie,5,R5 New Chapter (Bm50)
10838461,7,1,1,1.0,1.0,0.14285714285714285,0.42857142857142855,2026-08-22T06:45:00+00:00,999,Sandown,8,R8 Dr Sheahan Plate (Bm88)
10842429,8,1,1,1.0,1.0,0.125,0.375,2026-08-22T06:50:00+00:00,999,Newcastle,8,R8 Tooheys Super Mdn Hcp
10842312,11,0,1,3.0,0.3333333333333333,0.09090909090909091,0.2727272727272727,2026-08-22T06:55:00+00:00,999,Cairns,8,R8 Niesar Painting (Bm65)
10838282,14,0,1,3.0,0.3333333333333333,0.07142857142857142,0.21428571428571427,2026-08-22T06:59:00+00:00,999,Morphettville,8,R8 Sportsbet Leon Macdonald Stakes
10838472,13,0,0,11.0,0.09090909090909091,0.07692307692307693,0.23076923076923078,2026-08-22T07:05:00+00:00,999,Randwick,10,R10 Tajima Wagyu (Bm78)
10838462,12,0,0,11.0,0.09090909090909091,0.08333333333333333,0.25,2026-08-22T07:15:00+00:00,999,Sandown,9,R9 Ladbrokes Hosted Pots (Bm84)
10838286,12,0,0,10.0,0.1,0.08333333333333333,0.25,2026-08-22T07:34:00+00:00,999,Morphettville,9,R9 Sportsbet Feed (Bm64)
10838582,9,0,0,5.0,0.2,0.1111111111111111,0.3333333333333333,2026-08-22T08:00:00+00:00,999,Newman,5,R5 King Kira Group Newman Sprint (Bm68+)
10838686,12,0,0,6.5,0.15384615384615385,0.08333333333333333,0.25,2026-08-22T08:31:00+00:00,999,Belmont,8,R8 William Pike – 2026 Wa Racing Hall Of Fame Inductee (Rs1mw)
10842360,10,0,1,3.0,0.3333333333333333,0.1,0.3,2026-08-22T10:10:00+00:00,999,Toowoomba,5,R5 2 Decades Of Livewired Mdn Hcp
10838245,14,0,0,12.0,0.08333333333333333,0.07142857142857142,0.21428571428571427,2026-08-23T04:00:00+00:00,999,Hawera,7,R7 Carol Julian Trophy Hcp (60)
10838246,11,0,0,7.0,0.14285714285714285,0.09090909090909091,0.2727272727272727,2026-08-23T04:34:00+00:00,999,Hawera,8,R8 Sharon Gallagher Trophy Hcp (60)
10842516,10,1,1,1.0,1.0,0.1,0.3,2026-08-23T04:40:00+00:00,999,Narromine,5,R5 Buy Your Kosciuszko Tickets Mdn Plate
10842329,8,0,0,3.5,0.2857142857142857,0.125,0.375,2026-08-23T05:05:00+00:00,999,Goulburn,5,R5 Kilpatrick Metal Recyclers Showcase (Bm66)
10842385,12,0,0,6.0,0.16666666666666666,0.08333333333333333,0.25,2026-08-23T05:20:00+00:00,999,Wangaratta,5,R5 Sportsbet More Places (Bm56)
10842326,16,0,0,3.5,0.2857142857142857,0.0625,0.1875,2026-08-23T06:15:00+00:00,999,Goulburn,7,R7 Goulburn Australia 'Big Dance Eligibility' Goulburn Cup
10842501,8,0,1,2.0,0.5,0.125,0.375,2026-08-23T06:25:00+00:00,999,Narromine,8,R8 Three Rivers Machinery Narromine Cup
10842383,13,0,0,10.0,0.1,0.07692307692307693,0.23076923076923078,2026-08-23T06:30:00+00:00,999,Wangaratta,7,R7 Mason Park Funerals (Bm56)
10842457,9,0,0,4.0,0.25,0.1111111111111111,0.3333333333333333,2026-08-23T06:35:00+00:00,999,Kilcoy,8,R8 Legacy Hcp (55)
10842313,10,1,1,1.0,1.0,0.1,0.3,2026-08-23T06:45:00+00:00,999,Port Augusta,6,R6 Pink Roadhouse Hcp (52)
10842330,9,1,1,1.0,1.0,0.1111111111111111,0.3333333333333333,2026-08-23T06:50:00+00:00,999,Goulburn,8,R8 Electel Services Showcase Hcp (C1)
10842458,9,0,1,2.0,0.5,0.1111111111111111,0.3333333333333333,2026-08-23T06:55:00+00:00,999,Kilcoy,9,R9 Ladbrokes Vietnam Vets Cup (Bm55)
10842531,14,0,0,10.0,0.1,0.07142857142857142,0.21428571428571427,2026-08-23T06:55:00+00:00,999,Kalgoorlie,5,R5 George Thomas Memorial Hcp (C1)
10842515,12,0,1,3.0,0.3333333333333333,0.08333333333333333,0.25,2026-08-23T07:00:00+00:00,999,Narromine,9,R9 Western Plains Veterinary Service Country Boosted (Bm58)
10842384,12,1,1,1.0,1.0,0.08333333333333333,0.25,2026-08-23T07:05:00+00:00,999,Wangaratta,8,R8 Melbourne Cup @ Wangaratta - On Sale Now (Bm56)
10842526,13,0,0,13.0,0.07692307692307693,0.07692307692307693,0.23076923076923078,2026-08-23T08:45:00+00:00,999,Kalgoorlie,8,R8 Goldfields Tattersalls Social Club Hcp (C2)
