race_id,field_size,winner_rank,winner_probability,predicted_runner_number,winner_runner_number,race_logloss
10146908,7,4,0.1290559470653534,1,4,2.0475092704593036
10146774,13,5,0.09770617634057999,4,8,2.325790504525395
10147275,7,2,0.17211131751537323,1,8,1.7596138166521365
10146842,8,6,0.11840734630823135,4,5,2.1336245119348134
10146777,12,2,0.21586613357067108,2,1,1.5330968154112532
10147277,7,5,0.08735974133014679,8,7,2.4377207279543627
10146901,6,1,0.38611137866973877,2,2,0.9516294053621072
10150557,6,4,0.17768819630146027,6,7,1.727724970892925
10146843,11,3,0.15276247262954712,4,2,1.8788710303880063
10150516,8,5,0.08699170500040054,3,7,2.4419425096961422
10147270,6,4,0.1471526175737381,6,2,1.9162850159883023
10150498,6,2,0.19495373964309692,2,7,1.6349929811619976
10146907,8,3,0.19692453742027283,2,3,1.6249346824102455
10150774,10,3,0.16279835999011993,3,10,1.8152428992351999
10150558,12,5,0.08355572074651718,4,6,2.4822415553509836
10146836,7,1,0.27564093470573425,6,6,1.288656221460807
10150518,13,1,0.3369341492652893,2,2,1.0878677704970068
10146780,11,9,0.02907058782875538,4,17,3.5380283434683815
10147276,11,1,0.21396632492542267,12,12,1.541936636504271
10150501,5,1,0.36978965997695923,3,3,0.9948209215423706
10146904,9,1,0.2168847620487213,4,4,1.5283891169656398
10150775,7,3,0.12904000282287598,6,1,2.0476328232892076
10150562,9,1,0.20083080232143402,3,3,1.6052925049137257
10150914,5,1,0.39412668347358704,2,2,0.9310828897055792
10146837,10,2,0.21677246689796448,12,7,1.5289070151846529
10150512,13,6,0.07493159919977188,14,5,2.591179592250298
10146772,9,8,0.02764492854475975,10,15,3.5883129839393053
10147273,7,7,0.05881958827376366,8,10,2.8332803456467905
10146905,10,3,0.15227030217647552,2,1,1.8820980336533963
10150776,4,1,0.3588566482067108,4,4,1.0248322788551774
10150561,8,3,0.1696939468383789,7,5,1.7737587771578736
10150915,5,5,0.10645892471075058,6,2,2.2399960516947854
10146835,6,1,0.34664541482925415,4,4,1.0594528807711088
10146775,9,1,0.2262488603591919,2,2,1.4861197335012324
10147456,6,1,0.30480891466140747,6,6,1.1880702080205516
10147271,9,1,0.2556059658527374,2,2,1.3641182161692296
10150499,7,1,0.2841930389404297,2,2,1.2581015571432823
10146974,8,5,0.061519112437963486,5,3,2.7884073811000785
10146903,8,2,0.2083761841058731,6,2,1.568410255355648
10150777,8,1,0.2704746425151825,4,4,1.307576928102016
10150559,10,8,0.035513702780008316,7,2,3.3378366631741594
10150918,10,1,0.27065572142601013,4,4,1.3069076663874535
10146839,9,3,0.16689801216125488,3,2,1.790372358743246
10150514,14,1,0.27956318855285645,11,11,1.2745269348263748
10146779,6,2,0.22780604660511017,5,3,1.4792606848397198
10147455,10,3,0.12611351907253265,6,3,2.0705728326179216
10147272,9,2,0.14320160448551178,4,1,1.943501820010598
10150500,6,3,0.2035055011510849,5,1,1.5920622417813999
10146975,8,2,0.2360152304172516,2,1,1.4438589403725433
10146900,8,1,0.22063970565795898,4,4,1.511224198975567
10150773,8,4,0.12430872023105621,10,5,2.0849871282113455
10150563,9,5,0.12347853928804398,4,2,2.091687908961038
10150916,8,3,0.15917833149433136,6,9,1.8377301235394334
10146841,13,6,0.05474923178553581,15,4,2.904991941698381
10150515,9,1,0.4181601107120514,5,5,0.8718908798174823
10146773,10,1,0.25126785039901733,7,7,1.381235775768277
10147458,12,1,0.24532870948314667,10,10,1.4051562963144162
10147269,10,5,0.09010905772447586,6,9,2.406734589737198
10150496,9,2,0.2135077565908432,7,1,1.5440821163371314
10146906,11,1,0.3790496587753296,2,2,0.9700880566904138
10150560,6,1,0.3573640286922455,2,2,1.02900032851781
10150920,6,2,0.23378369212150574,4,8,1.4533589837819338
10146840,14,2,0.1288449466228485,14,4,2.0491455617227112
10150517,14,1,0.1687038689851761,14,14,1.779610355578342
10146776,10,1,0.19597819447517395,4,4,1.629751878618342
10150544,10,5,0.09205283969640732,7,9,2.3853925222796213
10150497,7,1,0.29234322905540466,5,5,1.229826725034326
10147460,11,1,0.21206071972846985,1,1,1.5508826315051938
10146978,9,3,0.165864035487175,3,5,1.7965868895715074
10147274,9,4,0.12496163696050644,7,2,2.079748493100552
10146902,10,6,0.08064379543066025,3,10,2.517713409414231
10150556,9,1,0.18821746110916138,7,7,1.6701572765960297
10150917,10,1,0.19999518990516663,4,4,1.6094619631974845
10146838,14,3,0.1287432163953781,1,3,2.049935429017601
10146771,10,8,0.03408518433570862,14,8,3.378892466063819
10150545,7,6,0.14149805903434753,1,2,1.9554692790646735
10146979,5,1,0.3408638834953308,3,3,1.0762720500230205
10147457,10,2,0.23741158843040466,5,6,1.437959984053514
10147278,12,2,0.1626807302236557,15,8,1.815965709241264
10150919,5,1,0.3976505696773529,9,9,0.9221816249700532
10150543,10,2,0.2110186666250229,1,2,1.5558086820019117
10146977,7,5,0.11193585395812988,3,2,2.1898293042776578
10147459,12,4,0.11436304450035095,6,4,2.168377289808664
10150539,10,6,0.09417617321014404,4,15,2.3625880677153006
10147452,14,1,0.23088636994361877,9,9,1.4658295944912805
10150540,7,7,0.08719690144062042,3,4,2.4395864826363876
10147454,16,1,0.2829744517803192,3,3,1.2623986618086902
10150541,10,4,0.1465752273797989,9,3,1.920216484846697
10147453,12,3,0.15315021574497223,12,4,1.8763360369875821
10150542,5,2,0.19793930649757385,3,8,1.619794828118932
10168663,8,3,0.1521882712841034,8,6,1.8826368977321752
10168658,10,2,0.16817116737365723,8,9,1.7827729648431168
10168659,14,1,0.24308286607265472,3,3,1.4143528811285155
10168666,11,8,0.07107000052928925,9,10,2.6440899646958975
10168661,14,11,0.03907182812690735,1,15,3.242353579944882
10172223,5,3,0.20509330928325653,2,1,1.5842902361655145
10172322,7,1,0.33750706911087036,3,3,1.0861688233752167
10172358,11,3,0.13205586373806,9,5,2.0245302357870996
10168664,8,6,0.07458499819040298,2,5,2.595815888638455
10172222,9,3,0.1660754680633545,6,2,1.7953129670494088
10172325,11,3,0.11214884370565414,9,10,2.187928328317362
10172357,14,3,0.11622186750173569,6,7,2.152254263786462
10172216,7,5,0.1564907282590866,4,6,1.8547585151078294
10168665,10,5,0.10455755144357681,4,8,2.258017627656735
10172324,11,1,0.31326019763946533,4,4,1.1607211314199088
10172337,6,4,0.11109606921672821,4,2,2.197359963549965
10172224,4,1,0.40044352412223816,3,3,0.9151825358446714
10168660,13,1,0.12952248752117157,2,2,2.0439007641056186
10172320,14,2,0.29832351207733154,11,14,1.2095767703284592
10172353,13,10,0.018203094601631165,7,14,4.006163666296712
10172338,5,1,0.2834043800830841,3,3,1.260880496364808
10172218,8,2,0.20549771189689636,6,2,1.5823203794295069
10172326,12,8,0.021996766328811646,3,9,3.816859821481199
10172356,8,1,0.29922807216644287,8,8,1.2065492131973143
10172340,8,1,0.22408802807331085,3,3,1.4957163218543463
10172219,8,1,0.3434267044067383,3,3,1.0687815688167768
10172321,11,1,0.26462677121162415,11,11,1.3294348562604226
10172361,10,7,0.07746938616037369,2,3,2.5578724379482165
10172339,11,2,0.1987295299768448,8,1,1.6158105245791203
10172217,7,3,0.15221063792705536,1,6,1.8824899416011551
10172323,11,10,0.025322694331407547,2,7,3.6760542761744
10172355,10,2,0.1622808873653412,5,8,1.8184265725460653
10172343,13,1,0.1957128793001175,6,6,1.6311065952988935
10172220,9,3,0.14860324561595917,3,4,1.9064753056452113
10172327,12,1,0.16294007003307343,10,10,1.8143728142907647
10169065,6,5,0.063008613884449,2,6,2.7644838336124824
10172359,8,1,0.25596362352371216,4,4,1.3627199402096117
10172342,7,1,0.4210914373397827,5,5,0.8649052780514318
10172221,11,7,0.06649079918861389,1,4,2.7106916989586454
10172293,7,5,0.1149301752448082,6,3,2.163430506806598
10169066,7,2,0.21644318103790283,3,2,1.53042720922679
10168822,9,3,0.17540456354618073,8,10,1.7406601814453386
10172281,5,2,0.32025107741355896,1,5,1.1386499739219318
10172344,12,1,0.33439284563064575,9,9,1.0954387926456572
10172294,7,6,0.10037937015295029,1,6,2.2987985694019497
10169067,7,4,0.13986025750637054,2,6,1.9671115155357206
10172283,5,1,0.31692805886268616,2,2,1.149080474511296
10172341,12,9,0.044712938368320465,2,13,3.107492370289166
10172295,9,1,0.27437624335289,1,1,1.2932549635806818
10169068,8,2,0.21737299859523773,1,2,1.526140513502519
10168820,14,2,0.1154998242855072,9,3,2.158486270359046
10172282,8,4,0.13876420259475708,4,10,1.974979170550833
10172296,6,1,0.24704858660697937,9,9,1.3981702547875798
10169069,8,1,0.24074767529964447,2,2,1.4240058844267653
10172285,6,4,0.15319634974002838,1,2,1.8760348487217247
10172297,8,4,0.13997255265712738,10,9,1.9663089280427166
10169063,9,1,0.2599898874759674,5,5,1.3471125430462154
10168821,7,1,0.4622988700866699,1,1,0.7715436921037065
10172284,7,5,0.11324702948331833,5,2,2.1781837446908723
10172291,7,5,0.09668757766485214,1,7,2.3362703473927855
10169064,11,1,0.1867476999759674,1,1,1.6779967711041304
10168823,10,2,0.2074575126171112,1,5,1.572828718749015
10172286,6,4,0.12126456946134567,1,4,2.109780595877296
10172292,7,6,0.041335511952638626,11,1,3.186033294902676
10168825,11,4,0.09696465730667114,1,4,2.3334087245363198
10172280,7,2,0.1699734479188919,8,6,1.772113042843003
10168818,10,6,0.05730796977877617,1,6,2.8593155762985334
10172151,5,3,0.21641318500041962,4,5,1.5305658050284678
10172117,9,4,0.11299572139978409,1,10,2.18040532470537
10172152,7,1,0.4075471758842468,7,7,0.8975985839608415
10172155,8,2,0.17926789820194244,7,4,1.718873953988155
10172121,15,5,0.07427258044481277,3,11,2.6000134337976846
10172156,9,5,0.10933013260364532,1,7,2.213383234661282
10172119,12,1,0.22451791167259216,8,8,1.4937997902493108
10172306,9,7,0.07170651853084564,4,11,2.6351736215501904
10172475,7,3,0.18871016800403595,4,1,1.6675429435652536
10172318,8,1,0.31622084975242615,6,6,1.151314417884641
10172149,11,2,0.19350309669971466,5,4,1.6424617630242606
10172298,7,1,0.2790217995643616,3,3,1.2764653655738345
10172118,12,3,0.15037064254283905,2,1,1.8946520823783717
10172234,6,3,0.17747123539447784,2,1,1.7289467373144713
10172478,5,3,0.18390530347824097,2,1,1.6933343088630572
10172316,13,2,0.181737020611763,15,11,1.705194578533902
10172374,7,1,0.3187786042690277,6,6,1.1432584476525696
10172153,8,3,0.1535538136959076,7,9,1.8737041955694294
10176190,8,5,0.10289961844682693,2,7,2.274001344148746
10172303,7,3,0.18792837858200073,4,3,1.671694353727143
10172116,11,7,0.08271157741546631,7,8,2.4923956938187093
10172232,8,4,0.14462977647781372,1,9,1.9335780673736382
10172480,5,3,0.15988539159297943,2,5,1.833298022959431
10176065,10,7,0.04167729988694191,8,3,3.1777986656186283
10172365,7,2,0.159975066781044,1,4,1.8327373085099492
10172150,9,3,0.13234809041023254,1,4,2.022319778745322
10176191,6,1,0.45637479424476624,2,2,0.7844408898532934
10168710,4,1,0.5189601182937622,1,1,0.655928242133471
10172305,13,2,0.11876778304576874,3,4,2.130585095314724
10176082,5,1,0.4403131306171417,6,6,0.8202691446865767
10172122,18,9,0.051309145987033844,1,6,2.9698862583485406
10176202,15,3,0.11784292012453079,2,15,2.1384027267161665
10172236,9,5,0.06763698905706406,2,8,2.6936002701787363
10172473,6,2,0.285702109336853,5,3,1.2528055867245262
10176060,9,2,0.278755247592926,6,5,1.2774211309395305
10176045,6,4,0.1451912224292755,6,3,1.929703630007724
10172154,12,3,0.13064652681350708,1,3,2.0352598712685515
10176195,5,1,0.4036242663860321,8,8,0.9072708674686023
10168711,4,1,0.3227849006652832,1,1,1.1307691198102343
10172304,9,1,0.27312496304512024,1,1,1.2978258484361993
10176084,8,1,0.33534160256385803,2,2,1.0926055575614333
10172115,17,1,0.22383743524551392,1,1,1.4968352261116942
10176199,9,3,0.1692284494638443,1,6,1.7765057049048654
10172474,5,3,0.2725391685962677,2,4,1.2999729372401954
10176061,10,1,0.20318619906902313,3,3,1.5936324835517457
10172314,9,1,0.1879320740699768,2,2,1.671674689578121
10176041,7,1,0.3990936577320099,5,5,0.918559158479402
10172366,12,3,0.17205706238746643,1,11,1.7599290991215577
10176192,6,3,0.2136298567056656,4,3,1.5435104030796367
10168712,7,5,0.14369145035743713,3,6,1.9400869841359172
10172301,9,2,0.1720539927482605,4,9,1.7599469401014403
10176083,9,4,0.1405041515827179,1,10,1.9625182420134446
10172114,12,7,0.05534321814775467,5,14,2.894201154023665
10176200,14,1,0.40460702776908875,1,1,0.9048389847278433
10172228,9,1,0.4246456027030945,1,1,0.856500333918424
10172479,4,2,0.2159072756767273,4,1,1.5329062427391082
10176062,10,2,0.15844382345676422,6,1,1.8423551746288798
10172310,9,1,0.2286967784166336,3,3,1.4753582645561871
10172663,8,1,0.32010117173194885,4,4,1.1391181714945913
10176042,10,4,0.06964012235403061,6,3,2.664414407133224
10172372,8,1,0.27929702401161194,1,1,1.2754794612556497
10176194,6,2,0.23498481512069702,7,4,1.4482343834333868
10172307,8,1,0.19146166741847992,1,1,1.6530676605366386
10176085,11,4,0.1268461048603058,3,4,2.0647807000673057
10176198,10,2,0.1524745374917984,1,9,1.8807576641421524
10172230,11,6,0.0540681816637516,1,10,2.9175094054536532
10172476,4,1,0.2670908272266388,1,1,1.3201665015501265
10176063,10,3,0.13580447435379028,8,4,1.9965391162869879
10172312,14,3,0.10398446768522263,6,14,2.2635137401750156
10172671,9,1,0.24841488897800446,5,5,1.3926549911941373
10176043,10,2,0.1927991658449173,2,1,1.6461062233455632
10172371,11,3,0.1460999697446823,4,3,1.923464167311868
10176196,6,2,0.21700981259346008,4,10,1.5278127071393395
10168707,8,2,0.18953335285186768,3,1,1.663190265451286
10172302,16,6,0.043582990765571594,3,12,3.1330883247994716
10176086,11,9,0.03290180116891861,7,9,3.4142278759337192
10172608,8,3,0.16946984827518463,2,3,1.7750802542673698
10176204,8,3,0.1329982727766037,8,1,2.017419137486788
10172235,15,13,0.03930177539587021,14,13,3.236485585659867
10172477,5,5,0.10269872844219208,2,3,2.2759555434077
10176064,10,1,0.31688323616981506,2,2,1.1492219131170673
10172313,7,1,0.2235637754201889,7,7,1.4980585569965006
10172664,14,2,0.13913248479366302,1,3,1.9723286717775668
10176044,9,2,0.20674534142017365,6,12,1.576267477761827
10172370,10,1,0.22751154005527496,12,12,1.4805543163599353
10168708,10,9,0.049952976405620575,2,9,2.9966731879627395
10176193,6,4,0.0809871256351471,3,5,2.5134650797184017
10172299,13,2,0.12829551100730896,13,3,2.0534189962243334
10176080,12,5,0.08947204798460007,2,14,2.413829015502424
10172611,5,2,0.20801019668579102,2,4,1.5701681779545424
10176203,8,3,0.18463270366191864,4,8,1.6893868130056013
10172233,11,10,0.028382085263729095,12,11,3.561997133426284
10176066,10,9,0.026865465566515923,5,8,3.616913625097951
10172319,9,5,0.11748015880584717,1,8,2.141485820883418
10172665,10,2,0.2646118402481079,5,6,1.3294912805771557
10176046,10,1,0.5089281797409058,4,4,0.6754483730927451
10172367,11,2,0.20253778994083405,4,8,1.5968287928545548
10168709,8,5,0.09522312134504318,1,10,2.351532495401808
10176189,7,7,0.06494312733411789,1,8,2.7342433561815
10172300,10,1,0.28988566994667053,1,1,1.2382686752984586
10176081,14,5,0.06304005533456802,1,5,2.763984955663736
10172610,7,5,0.0523870512843132,1,4,2.949095831087349
10176197,14,7,0.06616509705781937,13,10,2.715602189852444
10172231,12,3,0.1205390989780426,13,6,2.1157811058345306
10172317,11,3,0.20195691287517548,9,2,1.5997009069313082
10172667,10,1,0.2209506779909134,7,7,1.509815778883672
10172373,11,3,0.15342824161052704,15,7,1.8745223026230093
10176096,9,1,0.3485625088214874,2,2,1.0539376995241707
10172612,10,3,0.09960468113422394,2,1,2.306546116156421
10176201,11,10,0.034313786774873734,2,13,3.372208058779892
10172666,10,1,0.25015363097190857,5,5,1.38568002597474
10172368,10,3,0.11703140288591385,13,3,2.1453129794631076
10176097,9,2,0.1528819352388382,2,1,1.8780893205821076
10172606,9,3,0.19564370810985565,7,1,1.6314600897497722
10172669,12,6,0.061684101819992065,1,7,2.7857290503170553
10176099,10,1,0.30131202936172485,9,9,1.1996089087781885
10172609,9,4,0.1413632035255432,3,2,1.9564227890490469
10172668,15,15,0.012951217591762543,12,9,4.346565472726505
10176098,8,4,0.13774996995925903,5,3,1.982315049030741
10172607,10,7,0.07403445988893509,4,10,2.6032246199957383
10172670,15,5,0.05428297445178032,10,13,2.913544647215803
10176100,7,6,0.0936681404709816,9,2,2.367997163874648
10176101,5,1,0.37607499957084656,5,5,0.9779666885393875
10176095,8,2,0.19613386690616608,2,1,1.6289578584669464
10172142,5,5,0.054524119943380356,2,3,2.9091121074487214
10172139,8,2,0.20403547585010529,2,4,1.5894613990309798
10172169,11,1,0.20835691690444946,1,1,1.5685027231792534
10172145,9,2,0.1961168497800827,9,5,1.6290446250443937
10172174,4,4,0.18691444396972656,2,4,1.6771042856997143
10172140,8,5,0.1138656958937645,2,7,2.17273563129532
10172171,10,6,0.05903202295303345,1,10,2.8296752204025695
10172141,10,4,0.06646426767110825,6,1,2.7110908039868997
10172173,6,4,0.18136775493621826,1,2,1.7072285137928833
10176069,7,1,0.3369426429271698,5,5,1.0878425621444434
10176148,11,2,0.202999085187912,1,9,1.5945538064139917
10176340,6,1,0.4331358075141907,3,3,0.8367039569355599
10176028,5,4,0.09304554760456085,3,2,2.374666146532942
10172144,10,1,0.29053840041160583,2,2,1.2360195241228527
10176026,7,1,0.6607816219329834,4,4,0.41433186900688407
10172168,9,3,0.14250178635120392,5,6,1.948400743554082
10176075,7,6,0.017272595316171646,5,6,4.058634119239266
10176154,10,7,0.037000495940446854,9,4,3.2968239626318816
10176336,7,1,0.20612125098705292,2,2,1.5792906863233134
10172146,11,1,0.23281718790531158,6,6,1.4575017346418606
10176029,6,4,0.1361801028251648,4,5,1.993776983859568
10176020,11,3,0.17552392184734344,7,8,1.7399799385426775
10172172,8,1,0.2556154131889343,7,7,1.3640812563057134
10176071,9,2,0.20964749157428741,6,9,1.5623277702626663
10176149,9,2,0.19889557361602783,8,11,1.6149753476884547
10176334,9,7,0.07392316311597824,2,9,2.604729061493086
10172143,11,3,0.17501220107078552,2,1,1.7428995870844888
10176030,8,1,0.30311304330825806,6,6,1.1936494628246164
10176021,9,2,0.1816399246454239,3,7,1.705728987609201
10176236,8,3,0.15772029757499695,4,3,1.8469320832448624
10172170,5,2,0.3164275884628296,1,2,1.1506608520010497
10176070,8,1,0.6195462942123413,6,6,0.4787678523557447
10176150,11,5,0.1041298434138298,9,2,2.2621166641980195
10176337,10,1,0.3587460219860077,13,13,1.0251406005105297
10176031,9,1,0.30904051661491394,5,5,1.1742828889489814
10176022,8,4,0.13707134127616882,2,3,1.987253749449532
10176234,11,2,0.16204233467578888,1,5,1.8198976527300343
10172175,12,1,0.20877604186534882,5,5,1.5664931715812145
10176073,14,3,0.11957544833421707,7,9,2.1238077400252133
10176151,10,4,0.10019585490226746,7,10,2.3006284594279056
10176339,8,1,0.2419321984052658,2,2,1.4190977639599909
10176034,11,1,0.2579951286315918,9,9,1.3548145755116732
10176023,8,2,0.1991143822669983,7,9,1.6138758341221235
10176230,12,1,0.18537747859954834,1,1,1.6853611078808681
10176359,6,1,0.29017820954322815,5,5,1.237260029072748
10176072,10,7,0.06745165586471558,9,1,2.6963441471157616
10176338,9,2,0.19013147056102753,7,1,1.6600394957877
10176153,8,1,0.3325722813606262,10,10,1.1008980549607223
10176024,8,1,0.3088098466396332,5,5,1.1750295745535118
10176033,10,2,0.1793052852153778,6,4,1.7186654218652866
10176231,14,7,0.05373046174645424,7,11,2.923775180448923
10176364,13,2,0.21218734979629517,3,11,1.5502856691113391
10176074,14,14,0.007438373286277056,14,8,4.90110309836089
10176152,8,3,0.17976251244544983,8,3,1.7161186745369048
10176333,8,3,0.1422959566116333,7,3,1.9498461888252854
10176037,9,2,0.2107771635055542,3,1,1.556953800699667
10176025,8,2,0.24662823975086212,2,10,1.3998731783815448
10176232,12,12,0.005805583205074072,6,17,5.148935202888286
10176076,8,6,0.09558894485235214,1,6,2.3476981052313053
10176155,11,2,0.23556062579154968,10,6,1.4457869642971815
10176335,10,9,0.029965687543153763,1,3,3.507702300461073
10176032,13,3,0.12459398806095123,1,8,2.0826949237049575
10176360,15,7,0.07540588825941086,3,16,2.5848699133912363
10176367,12,1,0.31111183762550354,5,5,1.1676028249329549
10176361,10,7,0.0630946084856987,5,6,2.7631199570522536
10176366,13,1,0.25679320096969604,6,6,1.3594841834915297
10176365,12,3,0.11442971229553223,15,4,2.1677945108955394
10176362,12,4,0.10680542886257172,1,2,2.2367465217013955
10175988,8,3,0.1210140585899353,7,5,2.111848553440867
10179711,9,2,0.23914363980293274,2,4,1.430690904221265
10175989,5,1,0.46339330077171326,1,1,0.7691791237743479
10179717,10,2,0.12251345068216324,1,12,2.0995344535380505
10176294,6,1,0.3685344457626343,1,1,0.9982210961103706
10175990,8,4,0.1214924082159996,3,9,2.1079035019726624
10179715,8,2,0.29251083731651306,8,6,1.229253562341839
10176293,8,1,0.2554391622543335,1,1,1.364771010199163
10179712,9,1,0.2871667742729187,4,4,1.2476921369652623
10176295,10,1,0.22542715072631836,7,7,1.489758228879482
10175993,12,5,0.0633997991681099,2,15,2.7582945852394016
10179713,10,1,0.30569034814834595,10,10,1.185182623536529
10176296,10,1,0.3178362548351288,1,1,1.1462189507218807
10175991,7,4,0.14593851566314697,7,12,1.9245698715669706
10179716,14,2,0.1539429873228073,6,2,1.8711729573035216
10176290,13,4,0.1053418219089508,8,2,2.2505447695671483
10175987,12,4,0.10318558663129807,6,2,2.271226100114065
10179714,14,1,0.2669295072555542,7,7,1.3207706732101745
10176291,8,4,0.11784587800502777,7,14,2.1383776268342833
10176292,14,7,0.049162235110998154,6,10,3.0126295292682563
10179522,6,1,0.2961423993110657,3,3,1.2169148615857603
10179382,6,1,0.28987932205200195,7,7,1.2382905734632546
10179393,8,1,0.31127992272377014,2,2,1.1670626985589854
10179529,11,1,0.16476471722126007,7,7,1.8032367789594603
10179379,7,2,0.26158151030540466,4,2,1.3410093411576756
10179396,6,2,0.2565844655036926,2,1,1.3602973683693989
10179523,11,3,0.1894896775484085,17,6,1.6634207279833721
10179549,4,2,0.2766980230808258,1,3,1.2848285368449721
10179376,6,1,0.37165534496307373,4,4,0.9897883462027645
10179524,13,1,0.29604607820510864,6,6,1.2172401671614799
10179390,6,1,0.32913219928741455,1,1,1.111295787383128
10179551,4,4,0.16012999415397644,1,6,1.831769330155737
10179526,10,6,0.029466228559613228,4,7,3.524510466003606
10179391,8,2,0.36174827814102173,6,10,1.0168066732855434
10179521,9,2,0.19714197516441345,1,5,1.6238311236999075
10179381,8,4,0.1446506679058075,1,2,1.9334336301782749
10179392,8,6,0.11145841330289841,6,8,2.1941037325162847
10179546,7,1,0.259192556142807,1,1,1.3501840335012534
10179525,12,6,0.08105605095624924,9,2,2.512614376508199
10179380,11,4,0.10580210387706757,5,3,2.2461848743391326
10179394,11,2,0.14112697541713715,6,1,1.9580952589689156
10179527,12,4,0.11408199369907379,8,6,2.170837846144581
10179547,6,2,0.16011378169059753,2,6,1.831870580919159
10179378,8,6,0.12892018258571625,8,3,2.0485618057644457
10179395,8,1,0.2450861781835556,4,4,1.406145382598143
10179550,9,3,0.1667289286851883,3,10,1.791385966877613
10179548,8,3,0.13654151558876038,4,1,1.991126567091981
10190307,10,6,0.05146606266498566,4,6,2.9668326659123934
10179440,12,3,0.15908432006835938,3,6,1.8383209024338132
10179438,13,1,0.34495073556900024,14,14,1.0643536675991918
10190324,9,1,0.5774909257888794,6,6,0.549062549629327
10190314,12,2,0.20879684388637543,1,6,1.5663935385746013
10179441,7,3,0.136752188205719,6,2,1.9895848363037256
10190323,11,1,0.6610425114631653,4,4,0.4139371273359187
10190272,8,4,0.09298033267259598,8,2,2.3753672848319716
10190312,14,9,0.045648712664842606,8,11,3.086779872451767
10179446,13,2,0.14171357452869415,8,4,1.9539473392118847
10190273,7,1,0.5930106043815613,3,3,0.5225429975447059
10190309,12,2,0.14111579954624176,1,5,1.9581744522868147
10179442,6,1,0.42661193013191223,3,3,0.8518805077196205
10190430,7,6,0.0329093411564827,5,1,3.4139987357811354
10190325,10,3,0.1762867569923401,1,6,1.7356433087222027
10190271,10,4,0.08333650976419449,2,9,2.484868533344107
10190310,14,2,0.17860430479049683,3,2,1.7225825078599033
10190375,6,1,0.4135986864566803,4,4,0.8828591316713933
10179445,7,2,0.21569858491420746,1,6,1.5338732860433748
10190432,7,2,0.16385811567306519,4,6,1.8087543739497172
10190322,12,2,0.13603557646274567,9,3,1.994838835817376
10190267,7,3,0.171698197722435,2,3,1.7620170077998722
10190306,12,2,0.19399243593215942,1,4,1.6399361107193557
10190376,10,2,0.20470987260341644,9,7,1.586161557856915
10179443,6,4,0.17796634137630463,5,1,1.7261608399620083
10190429,10,4,0.1558414101600647,2,7,1.8589163903604697
10190319,12,2,0.208656445145607,9,3,1.5670661826751549
10190268,5,3,0.2292214035987854,7,2,1.4730669145627069
10190550,4,1,0.41840028762817383,1,1,0.871316678783826
10190308,9,5,0.11765981465578079,1,8,2.1399577447996534
10190373,9,1,0.22034858167171478,4,4,1.5125445244213929
10179439,12,1,0.3836331367492676,12,12,0.9580685561029004
10190426,8,1,0.29162925481796265,4,4,1.2322719587153859
10190320,9,1,0.233904629945755,3,3,1.4528418110357328
10190269,7,5,0.12218407541513443,7,4,2.1022265564882416
10190551,10,2,0.40027233958244324,3,9,0.9156101145905474
10190370,9,1,0.3782365918159485,5,5,0.9722353748839385
10179444,15,6,0.058099519461393356,1,7,2.845597886046714
10190427,10,7,0.06281400471925735,4,3,2.767577225286206
10190321,12,1,0.20187325775623322,1,1,1.600115215352138
10190270,7,5,0.10662379860877991,1,10,2.2384485406778056
10190547,12,4,0.10493171215057373,6,2,2.2544455008714497
10190377,14,7,0.07075006514787674,3,9,2.648601821641168
10179447,10,6,0.08290259540081024,5,6,2.4900889097216696
10190428,8,2,0.22258026897907257,8,7,1.5024674829773825
10190371,8,3,0.16513271629810333,8,7,1.801005787189958
10190431,10,4,0.1528179794549942,8,3,1.878507742581611
10190374,7,1,0.35096731781959534,5,5,1.0470621714765123
10190548,11,8,0.05507216602563858,1,4,2.8991108442560964
10190372,11,3,0.09368901699781418,2,4,2.367774311145657
10190549,13,3,0.12110745161771774,2,9,2.111077097552175
10190553,11,1,0.2312391698360443,2,2,1.4643027368277384
10193783,6,3,0.15756520628929138,8,7,1.8479158982082147
10193786,8,6,0.10587887465953827,1,8,2.2454595301313787
10193784,9,5,0.05548277869820595,2,3,2.8916826001068263
10193905,8,1,0.31421706080436707,3,3,1.1576712554483632
10193787,8,3,0.15725690126419067,2,3,1.8498744971519434
10193907,7,5,0.08934527635574341,6,3,2.415246905525809
10193788,7,5,0.10946645587682724,6,3,2.212137115681374
10193906,8,1,0.36779338121414185,5,5,1.0002339625851993
10193789,12,4,0.08216031640768051,5,15,2.4990828622533723
10193908,12,2,0.19111093878746033,6,5,1.6549011882047857
10193785,7,6,0.0400480218231678,2,8,3.2176759993675823
10190900,9,5,0.07038603723049164,7,2,2.6537603702832393
10193903,12,1,0.22113582491874695,3,3,1.508978173856422
10193790,8,2,0.22134868800640106,10,2,1.508016047057148
10193917,5,5,0.09104788303375244,1,3,2.3963697236691273
10190898,12,3,0.1298661082983017,7,5,2.0412512954421747
10193904,10,4,0.1497361958026886,4,3,1.898880227853671
10193918,8,3,0.19731657207012177,5,2,1.6229458752075905
10190901,11,1,0.2741089165210724,8,8,1.294229746027109
10190899,12,2,0.20355109870433807,12,4,1.5918382063354197
10193923,12,2,0.1654585897922516,5,3,1.7990343282090886
10190895,8,1,0.40156289935112,8,8,0.9123910969659308
10193921,9,1,0.2278890758752823,7,7,1.4788962777306904
10190896,11,1,0.27125927805900574,3,3,1.304680169886612
10193916,9,1,0.23567193746566772,9,9,1.445314536520039
10190897,13,1,0.2032221555709839,6,6,1.5934555358997398
10193919,10,1,0.14093241095542908,1,1,1.959474858457305
10193922,11,1,0.31231898069381714,1,1,1.1637302394223883
10193739,9,2,0.19875873625278473,8,2,1.6156635704248778
10193737,6,4,0.16283707320690155,1,4,1.8150051289373923
10197707,10,1,0.33700764179229736,9,9,1.0876496729453353
10190345,6,2,0.28807905316352844,4,3,1.2445203463605798
10197617,6,1,0.2836954891681671,6,6,1.2598538373001984
10197730,12,1,0.44603195786476135,5,5,0.8073646751238327
10193736,11,1,0.3762030303478241,7,7,0.977626306996602
10197715,8,3,0.16889552772045135,3,1,1.7784749343795143
10190342,7,3,0.18294689059257507,7,6,1.6985593836024575
10197618,8,8,0.04632081091403961,6,2,3.0721639390908546
10197725,9,6,0.1018303856253624,11,1,2.2844467358533382
10197712,6,2,0.20166635513305664,2,3,1.601140654415359
10190346,10,2,0.24390476942062378,12,10,1.4109774191313498
10197727,9,1,0.3564383387565613,3,3,1.031594016902274
10193738,13,7,0.08827973157167435,1,4,2.4272447382453204
10197709,7,1,0.2850300073623657,1,1,1.2551608152652263
10197622,8,1,0.25376930832862854,5,5,1.3713296595855025
10197723,12,3,0.1761840432882309,11,10,1.736226129806587
10193743,10,1,0.2487761676311493,5,5,1.3912017119690665
10197710,15,3,0.16628894209861755,6,3,1.7940283886884811
10190340,9,2,0.2174854427576065,7,4,1.5256233605433858
10197616,7,1,0.3601495623588562,9,9,1.0212358828110293
10197724,12,1,0.21495608985424042,8,8,1.5373215049490128
10193741,9,1,0.3432166576385498,1,1,1.0693933763033143
10197708,9,3,0.16661810874938965,5,7,1.7920508591816464
10190344,10,4,0.1351138949394226,3,2,2.001637190012066
10197621,11,4,0.11098828911781311,1,2,2.1983305866788077
10197728,9,6,0.08736095577478409,2,9,2.4377068263999684
10193742,8,6,0.11965862661600113,2,5,2.1231123684720346
10197716,15,2,0.14794602990150452,13,1,1.9109077345513517
10190347,10,2,0.15433573722839355,3,2,1.8686249376914066
10197623,10,2,0.17122575640678406,9,2,1.7647723802890964
10197729,13,3,0.07831016182899475,5,6,2.5470779037038067
10197713,10,1,0.2629559636116028,5,5,1.335768699562956
10190343,14,5,0.06678442656993866,10,2,2.706285360800327
10197619,9,6,0.07444661110639572,5,15,2.597673039942599
10197726,12,11,0.02274899370968342,3,8,3.7832343671048534
10197711,16,1,0.21928243339061737,13,13,1.517394729864679
10190341,10,8,0.060731228440999985,9,3,2.8012972413668114
10197633,9,1,0.36910000443458557,4,4,0.9966876569315931
10197593,6,1,0.27833372354507446,3,3,1.2789344408420227
10197714,14,1,0.3282996416091919,5,5,1.1138285461316224
10197634,9,4,0.09171293675899506,5,2,2.3890918326909127
10197589,7,1,0.305160254240036,7,7,1.1869182166236223
10197636,7,2,0.1948365420103073,1,7,1.635594318044098
10197595,6,2,0.20850257575511932,2,10,1.5678038840780082
10197635,10,2,0.20728939771652222,3,4,1.573639405486433
10197590,7,3,0.16326965391635895,3,8,1.8123521265476705
10197637,9,1,0.3332911729812622,8,8,1.0987387777237263
10197591,7,1,0.2761128842830658,1,1,1.2869454958575066
10197638,8,7,0.06524339318275452,4,8,2.7296304918100023
10197594,9,1,0.32750508189201355,14,14,1.116251706799699
10197632,8,3,0.13900412619113922,2,3,1.9732516614636915
10197483,12,6,0.04726850241422653,5,7,3.0519111162056967
10197515,7,5,0.12900197505950928,3,7,2.0479275641988384
10197479,12,2,0.22994190454483032,8,5,1.46992859090042
10197480,7,2,0.22954975068569183,6,7,1.4716354943877274
10197481,9,3,0.14890000224113464,11,3,1.9044803242409003
10197517,11,2,0.1606452465057373,1,4,1.8285567829913245
10197674,8,2,0.1916002482175827,5,6,1.6523441179473501
10197475,14,6,0.07789997011423111,7,12,2.552329709748241
10197575,6,2,0.15844909846782684,2,4,1.8423218825563963
10197605,13,1,0.17989374697208405,10,10,1.7153888969839095
10197523,13,8,0.04373906925320625,1,9,3.1295135430361354
10197579,12,1,0.3281535804271698,8,8,1.114273547175198
10197482,9,8,0.08497248589992523,4,8,2.465427770187448
10201163,14,5,0.10609626024961472,8,6,2.243408481395141
10197610,15,2,0.1089334711432457,10,17,2.2170179395803244
10197804,7,3,0.18647098541259766,4,7,1.679479626196374
10197676,7,2,0.23550142347812653,1,7,1.4460383210508263
10197522,15,1,0.2834060490131378,6,6,1.2608746075174329
10197578,7,1,0.23703500628471375,4,4,1.4395474429117658
10197477,9,3,0.19242370128631592,3,1,1.6480555607786807
10201160,10,3,0.15355192124843597,7,14,1.8737165199727621
10197608,13,10,0.041430067270994186,4,6,3.1837483991675173
10197800,13,1,0.2879166305065155,1,1,1.2450843181607958
10201091,8,6,0.053681857883930206,6,7,2.9246801765612602
10197670,8,1,0.22134801745414734,8,8,1.508019076455133
10197518,16,5,0.07102098315954208,1,3,2.6447799081450745
10197574,8,1,0.20265470445156097,6,6,1.5962517115137622
10200941,9,4,0.14100472629070282,4,7,1.9589618693735258
10201149,5,4,0.11178519576787949,2,9,2.1911761441321027
10197478,9,2,0.18796306848526,4,5,1.6715097796772227
10201162,14,1,0.29107657074928284,1,1,1.234168916700577
10197609,8,3,0.1729014813899994,6,2,1.7550333184290794
10197801,8,3,0.16416427493095398,1,3,1.806887676092735
10201093,9,1,0.3589369058609009,6,6,1.0246086556307288
10197673,8,2,0.19955076277256012,4,1,1.6116866250313566
10200937,6,2,0.31269535422325134,2,7,1.1625258716058378
10197520,16,10,0.053209830075502396,6,17,2.933512123848186
10201150,5,1,0.40831032395362854,6,6,0.89572779576043
10197577,9,4,0.12945321202278137,2,4,2.044435760247454
10197476,10,7,0.04993989318609238,7,13,2.9969351329775633
10201164,9,1,0.2588280141353607,1,1,1.3515914759409509
10197612,10,7,0.036412563174963,4,9,3.312841421717986
10198043,10,3,0.16708847880363464,3,8,1.7892317936714224
10197805,10,1,0.2487306445837021,2,2,1.3913847166896316
10201087,7,2,0.155263289809227,3,2,1.8626329591963229
10197672,11,3,0.12993024289608002,8,6,2.0407575656512345
10200939,7,2,0.21761585772037506,6,7,1.5250238911024494
10197524,16,10,0.03114929236471653,1,10,3.4689637510302567
10201153,8,1,0.24750880897045135,10,10,1.3963091058069617
10197570,8,6,0.08261249959468842,2,3,2.4935942830917432
10197778,5,3,0.2230527549982071,3,5,1.5003469660014832
10201159,10,2,0.2338401973247528,5,3,1.45311731433434
10197611,10,4,0.13413076102733612,1,4,2.0089401262801925
10198035,8,1,0.35446780920028687,2,2,1.0371377433382025
10197798,11,1,0.23604631423950195,3,3,1.4437272464328563
10201088,10,1,0.30712151527404785,6,6,1.1805117944842098
10197667,10,4,0.11685231328010559,2,5,2.146844421187618
10200936,13,9,0.03247120976448059,5,12,3.427401435647041
10201151,6,3,0.19843457639217377,1,7,1.6172958231454615
10197571,7,2,0.18168184161186218,4,6,1.7054982446671743
10197781,12,5,0.08591633290052414,6,8,2.4543813295266887
10201157,11,8,0.07006184756755829,4,9,2.6583768903421507
10197606,8,2,0.232699453830719,3,1,1.4580075557728251
10197802,10,9,0.04541059583425522,6,9,3.0920098127459568
10201092,9,2,0.18339009582996368,2,1,1.6961397237261517
10197671,10,2,0.15524768829345703,4,1,1.8627334484986877
10197969,8,2,0.2533971667289734,2,1,1.372797192179811
10200935,11,2,0.21308539807796478,14,7,1.546062263680149
10201152,7,5,0.08159133791923523,1,7,2.5060321755972477
10197779,9,1,0.21045184135437012,9,9,1.558498434198845
10197572,9,1,0.23348303139209747,9,9,1.4546458752114835
10201161,11,5,0.07868068665266037,8,10,2.542357558343026
10197604,9,1,0.3210030794143677,8,8,1.136304562706959
10198042,7,1,0.33685579895973206,2,2,1.0881003364654271
10197803,11,3,0.11811056733131409,11,1,2.1361340819551846
10201089,13,4,0.13154654204845428,10,13,2.0283945580560387
10197678,15,11,0.025429964065551758,3,2,3.67182711262218
10200938,15,4,0.14209268987178802,5,2,1.9512756887506366
10197965,10,6,0.07327330857515335,9,5,2.6135588758975485
10201154,8,1,0.27667734026908875,6,6,1.2849032883179017
10197573,12,3,0.14662779867649078,8,6,1.9198578848829628
10197782,4,3,0.19067391753196716,1,3,1.6571905479797198
10201158,11,1,0.3199140727519989,1,1,1.1397028418970303
10197613,12,4,0.09991072118282318,9,7,2.303478279938538
10198041,12,2,0.14949388802051544,12,8,1.9004997697930375
10197806,12,9,0.03638150915503502,1,13,3.313694623656491
10201090,11,1,0.2600049078464508,4,4,1.3470547718122619
10197669,11,1,0.27755916118621826,11,11,1.2817211750542954
10200940,13,5,0.10118431597948074,13,2,2.290811514579395
10197966,10,5,0.09690642356872559,7,3,2.3340094715836255
10201148,10,1,0.22166277468204498,6,6,1.506598084973894
10197780,5,1,0.34053292870521545,1,1,1.0772434511514501
10197576,13,5,0.08919224888086319,10,4,2.416961139126294
10197607,12,2,0.19832688570022583,6,12,1.61783867170754
10198036,8,3,0.20308102667331696,3,5,1.594150233404018
10197799,10,5,0.10671486705541611,10,1,2.2375947952783566
10197967,9,1,0.22386930882930756,3,3,1.4966928401223416
10197777,11,4,0.10611891746520996,3,1,2.243194950808636
10198039,15,2,0.23990006744861603,8,3,1.4275328279834805
10197797,13,2,0.1330122947692871,3,4,2.017313713158531
10201134,8,6,0.10190804302692413,3,8,2.283684411280245
10197968,9,4,0.11496131122112274,6,4,2.1631596313863417
10198044,11,2,0.19853177666664124,3,2,1.616806107704034
10201132,7,3,0.17424574494361877,4,2,1.747288648901531
10197970,12,2,0.18639668822288513,2,1,1.6798781439330897
10198037,13,8,0.03684224933385849,7,11,3.3011100126223742
10201130,11,2,0.1633964627981186,8,1,1.8115757442928793
10197971,10,4,0.13041990995407104,1,4,2.03699595744769
10198040,11,2,0.21639135479927063,5,10,1.5306666829036288
10201131,13,5,0.09567540884017944,6,4,2.346793974461007
10201133,7,5,0.09631555527448654,5,6,2.3401254438924366
10201128,8,1,0.2695763111114502,3,3,1.3109037706017899
10197491,8,3,0.17063093185424805,1,4,1.7682523482010746
10197494,14,6,0.0668267086148262,3,5,2.7056524487868105
10201171,8,5,0.10985489189624786,6,9,2.2085949486328387
10197499,8,2,0.19328904151916504,3,1,1.6435685859467108
10200957,5,2,0.25021520256996155,7,3,1.385433921124732
10201174,4,1,0.5271691679954529,6,6,0.6402337800619532
10197493,7,2,0.1745961308479309,1,7,1.7452797959142075
10200986,9,8,0.015353376977145672,9,2,4.176419830633936
10201136,8,5,0.08490005135536194,10,4,2.4662805807726516
10200960,5,3,0.2099664956331253,1,5,1.5608073055974279
10201167,6,1,0.26437243819236755,10,10,1.330396419281054
10201240,6,1,0.3785409927368164,7,7,0.9714309088334164
10197495,12,11,0.04924531653523445,3,13,3.0109410116172053
10200990,6,1,0.448249489068985,1,1,0.8024053063324914
10200962,10,1,0.43830448389053345,12,12,0.8248414414236795
10201169,8,1,0.44817718863487244,5,5,0.8025666144150544
10201241,5,2,0.22397497296333313,4,1,1.4962209612113804
10197496,11,1,0.2542881369590759,3,3,1.369287257429552
10200987,9,5,0.1229022964835167,5,11,2.0963655767953298
10200958,8,1,0.3106983006000519,8,8,1.168932932182735
10201170,8,3,0.13832341134548187,1,2,1.9781607752053085
10201242,7,6,0.06931810826063156,7,9,2.669049104457606
10197498,13,7,0.06815708428621292,7,3,2.6859401748670675
10200988,10,2,0.2725996971130371,10,3,1.299750870824368
10201139,7,1,0.24978025257587433,6,6,1.3871737373543618
10200961,8,2,0.1599750816822052,4,8,1.8327372153631807
10201172,8,1,0.2750341594219208,5,5,1.2908599729500323
10201243,5,4,0.12601029872894287,1,6,2.071391639426868
10200984,12,2,0.13272683322429657,4,5,2.019462148407401
10201141,8,2,0.22807835042476654,5,2,1.47806606684527
10200959,7,1,0.27328553795814514,11,11,1.2972381038106748
10201173,9,3,0.15192781388759613,3,4,1.8843497795749182
10201245,9,1,0.170820951461792,6,6,1.767139338512478
10201300,10,4,0.07365293800830841,1,5,2.608391245378193
10200985,10,8,0.044963814318180084,2,10,3.101897238957431
10201135,9,2,0.15500377118587494,2,4,1.8643058321274144
10200963,16,8,0.036453310400247574,1,7,3.311723004342809
10201168,7,4,0.12334796786308289,5,2,2.092745910702001
10201244,12,3,0.18716152012348175,2,7,1.6757832909638795
10200989,13,1,0.2753773331642151,7,7,1.2896130012156677
10201138,9,3,0.1301662176847458,1,3,2.0389430476613786
10204868,9,5,0.06947591155767441,11,3,2.6667751827822226
10204785,9,3,0.1899261474609375,5,6,1.6611199799581473
10204936,7,4,0.14243732392787933,5,3,1.9488532081129921
10204870,9,1,0.36017340421676636,5,5,1.021169685121867
10204755,7,5,0.09558814764022827,2,7,2.3477064452694707
10204787,6,2,0.22419999539852142,4,2,1.4952167888680679
10204869,12,1,0.33423277735710144,8,8,1.0959175905591652
10204938,7,2,0.2845923900604248,3,9,1.2566973327547701
10204753,7,4,0.06185434013605118,6,4,2.78297301064032
10204867,10,1,0.3704361319541931,3,3,0.993074232495212
10204781,7,1,0.4096079468727112,1,1,0.8925548039003415
10204937,6,1,0.2997274696826935,2,2,1.2048816515935457
10204865,12,3,0.12562982738018036,7,1,2.074415574000183
10204782,6,1,0.5455790758132935,11,11,0.6059075239703815
10204940,10,1,0.37462374567985535,7,7,0.981833101552836
10204871,11,4,0.0879148468375206,9,2,2.4313865825526464
10204754,9,1,0.31452035903930664,4,4,1.1567064703126508
10204783,6,3,0.1801394671201706,3,1,1.7140239107736346
10204939,9,2,0.17017099261283875,5,3,1.7709515085498186
10204864,10,2,0.18051892518997192,6,3,1.7119196580075366
10204749,13,3,0.156844362616539,4,1,1.8525012862311414
10204784,6,1,0.3806205689907074,4,4,0.9659522819894617
10204866,9,2,0.18037471175193787,11,2,1.7127188599382335
10204935,10,5,0.089927077293396,9,2,2.4087561893792837
10204750,9,4,0.12838780879974365,4,11,2.052699839276527
10204786,7,7,0.06784532219171524,7,8,2.690524838457252
10204933,9,1,0.17421290278434753,5,5,1.7474771485102083
10204751,9,1,0.2822820544242859,6,6,1.264848514909838
10204934,5,5,0.08701428025960922,8,7,2.441683032882151
10218747,5,1,0.3237321376800537,3,3,1.1278388406795092
10218748,9,4,0.1175072118639946,3,5,2.1412555697155375
10218749,10,7,0.04930467903614044,1,7,3.0097362929819287
10218750,9,2,0.255086749792099,6,7,1.3661515964138655
10218764,8,3,0.14502553641796112,3,4,1.9308454388403584
10218753,12,7,0.07508929818868637,10,12,2.5890772311826806
10218769,7,3,0.19546127319335938,10,2,1.6323930102619073
10218752,10,6,0.04848432540893555,10,3,3.0265147207196446
10218765,9,1,0.4662734568119049,9,9,0.7629829997734431
10218845,9,1,0.3816052973270416,4,4,0.9633684576200771
10218746,8,6,0.08527056127786636,5,7,2.4619260038895003
10218770,8,1,0.23882761597633362,5,5,1.4320132593580166
10218751,9,3,0.14938972890377045,4,1,1.9011967576174855
10218768,11,1,0.42168134450912476,11,11,0.8635053579819004
10218771,10,1,0.303017795085907,5,5,1.193963745540828
10218847,11,4,0.13956929743289948,6,10,1.9691940452716352
10218766,11,2,0.1336253136396408,1,9,2.012715562476795
10218850,12,2,0.17239676415920258,3,5,1.7579566903068666
10218834,9,2,0.24464164674282074,11,1,1.4079608055338964
10215370,10,6,0.08627257496118546,9,7,2.4502435186378495
10218767,12,1,0.1904294192790985,2,2,1.658473655540304
10218849,14,1,0.2290377914905548,7,7,1.4738682607005424
10215371,12,7,0.04287494719028473,4,7,3.1494676052102673
10218836,8,1,0.24939928948879242,11,11,1.3887000946224066
10218838,4,1,0.5240967273712158,4,4,0.646079017476634
10215372,11,3,0.15788812935352325,9,1,1.845868538801645
10218839,12,10,0.03567066043615341,7,13,3.333426764611633
10215375,8,6,0.07747222483158112,5,7,2.5578357961295395
10218837,9,4,0.16950687766075134,2,3,1.7748617768151982
10215368,8,1,0.32481956481933594,3,3,1.1244854359960264
10218832,11,1,0.36543262004852295,1,1,1.0066733668593077
10215369,8,1,0.26220718026161194,1,1,1.338620323353151
10218833,11,1,0.20181795954704285,3,3,1.6003891782582704
10218763,6,2,0.26506122946739197,7,4,1.3277944250909846
10218757,7,6,0.08529332280158997,1,6,2.461659106545065
10218758,11,4,0.11435506492853165,5,15,2.1684470662845405
10222496,10,4,0.1141391322016716,2,8,2.1703371168315857
10218762,11,3,0.16299518942832947,2,9,1.8140345913205185
10222599,5,1,0.28350526094436646,5,5,1.2605245988635259
10222492,9,2,0.15637359023094177,8,6,1.8555073255454249
10222592,9,3,0.16130252182483673,3,9,1.8244736595972644
10222624,10,2,0.2027433067560196,1,6,1.5958145988322991
10218759,13,7,0.0506768673658371,3,7,2.9822857374791623
10222597,8,1,0.24881282448768616,2,2,1.391054374077016
10222493,10,3,0.11190436780452728,1,3,2.1901106313203345
10222629,9,1,0.27747902274131775,2,2,1.2820099423779785
10222587,6,2,0.28993138670921326,5,6,1.2381109815496714
10218760,13,6,0.05904405564069748,12,8,2.8294714079479384
10222600,10,1,0.3040755093097687,5,5,1.1904792225311858
10222495,9,3,0.22781190276145935,3,5,1.4792349784058199
10218761,11,9,0.04535876587033272,5,10,3.093151827376934
10222601,12,3,0.13862884044647217,4,9,1.9759551298434324
10222626,10,5,0.13948321342468262,5,2,1.969811018834661
10222984,9,1,0.23273389041423798,4,4,1.4578595793374982
10222627,11,3,0.15529944002628326,8,5,1.8624001545887725
10222594,13,2,0.1858198344707489,10,3,1.6829777065736462
10222490,9,5,0.10372195392847061,3,1,2.266041479996341
10222990,6,3,0.13892912864685059,7,1,1.9737913417272326
10222630,10,5,0.07513860613107681,2,9,2.5884207893001374
10222728,5,2,0.239532008767128,2,1,1.4290682227643197
10222595,12,1,0.33832135796546936,3,3,1.0837590719767356
10222491,10,1,0.17553511261940002,9,9,1.739916184182518
10222623,8,1,0.3124399781227112,4,4,1.1633428982608112
10222593,10,9,0.05695974826812744,3,5,2.8654104313381925
10222729,5,2,0.23721101880073547,3,2,1.43880515930877
10222598,12,2,0.19527475535869598,11,3,1.6333477102905758
10222628,10,1,0.40643244981765747,1,1,0.9003375389131989
10222494,12,8,0.0328112430870533,7,6,3.4169840452823608
10222730,5,4,0.12246068567037582,1,2,2.0999652338105235
10222591,11,9,0.04236988723278046,6,12,3.161317375834573
10222596,12,1,0.3153829574584961,2,2,1.1539676406040067
10222731,4,2,0.28228968381881714,3,2,1.2648214877173134
10222583,7,2,0.31781622767448425,5,1,1.1462819636454584
10222584,11,7,0.04783787578344345,9,3,3.0399375728455764
10222615,4,4,0.08254153281450272,3,5,2.494453684264313
10223044,8,4,0.13411526381969452,6,7,2.0090556710131864
10222611,5,1,0.321371465921402,5,5,1.1351576102005327
10222585,7,3,0.21806637942790985,4,10,1.5229557697529916
10222612,4,2,0.32969164848327637,1,3,1.109597459879581
10222581,12,7,0.05625119432806969,10,6,2.877928005623997
10222613,6,6,0.08093723654747009,4,12,2.51408128210553
10222578,7,4,0.12946736812591553,5,7,2.044326413179406
10222614,7,3,0.12918922305107117,2,4,2.0464771040300924
10222579,12,1,0.18736816942691803,9,9,1.6746797772496271
10222616,8,3,0.15819375216960907,1,3,1.8439347176673428
10222582,11,2,0.14984215795993805,2,9,1.8981728191885425
10222449,6,3,0.16026008129119873,5,3,1.8309572753866235
10222447,5,3,0.23058505356311798,6,3,1.4671354886722554
10222430,13,5,0.09236756712198257,5,11,2.381979367124582
10222444,10,1,0.27396395802497864,8,8,1.294758721301041
10222431,11,3,0.1307174414396286,6,9,2.034717220892253
10222983,9,1,0.2773115336894989,4,4,1.2826137344035125
10222636,7,2,0.22422638535499573,4,1,1.4950990885826367
10222536,8,1,0.26435795426368713,1,1,1.3304512068585819
10222524,13,7,0.05817107856273651,9,3,2.8443669796680706
10222448,8,4,0.1090577244758606,1,8,2.215877954584891
10222992,8,3,0.14914610981941223,8,9,1.902828850698692
10222434,9,3,0.18147416412830353,1,4,1.7066419818099736
10222532,9,5,0.09988905489444733,6,9,2.303695159945975
10222522,9,2,0.15969134867191315,7,5,1.83451239760229
10226429,10,1,0.4753281772136688,7,7,0.743749814111412
10222982,7,5,0.11326389759778976,3,8,2.178034806052724
10222688,5,2,0.2291707545518875,1,4,1.4732879002240165
10226341,9,3,0.17271879315376282,8,15,1.7560904800987296
10222639,8,2,0.24782070517539978,1,2,1.3950497572833533
10222774,5,1,0.4324285089969635,1,1,0.8383382633901245
10226383,10,1,0.40377241373062134,2,2,0.9069038921022176
10222428,10,1,0.3342428505420685,5,5,1.0958874527813693
10226442,5,5,0.04552768915891647,4,3,3.0894345851752667
10222533,12,1,0.34756991267204285,9,9,1.0567894466673433
10226478,9,2,0.3036268949508667,3,2,1.1919556505895545
10222525,9,3,0.15728864073753357,1,2,1.8496726855271552
10226424,11,2,0.1961645483970642,5,11,1.628801439323948
10222443,8,7,0.07614827156066895,6,3,2.5750728977230053
10222687,7,2,0.19527697563171387,5,3,1.6333363403600814
10226342,11,1,0.3202325999736786,1,1,1.138707672316248
10223000,4,3,0.15655815601348877,1,3,1.8543277341095097
10226380,10,4,0.14001300930976868,1,9,1.966019937048762
10222433,10,2,0.1374533623456955,3,7,1.9844706023514513
10226489,7,1,0.2761319875717163,4,4,1.2868763117341884
10226444,10,1,0.38315775990486145,4,4,0.9593084688545606
10222534,11,7,0.07241953909397125,2,5,2.625279139012157
10226477,10,3,0.1287587583065033,2,9,2.049814716070354
10222519,8,2,0.19164983928203583,1,4,1.6520853257573551
10226422,11,2,0.3046891689300537,1,11,1.1884631402909498
10222446,9,3,0.13920509815216064,1,3,1.9718069070961577
10222685,7,1,0.3074973225593567,2,2,1.179288898897515
10226346,8,1,0.3076770603656769,2,2,1.178704551381027
10222637,8,1,0.3646855056285858,2,2,1.0087199252296049
10222776,5,1,0.41102731227874756,4,4,0.8890956134608583
10226387,13,2,0.24964706599712372,11,6,1.3877070945695356
10222429,18,15,0.023175543174147606,1,13,3.7646577298697106
10226490,6,6,0.10107360035181046,2,6,2.291906311171162
10222986,10,1,0.18876007199287415,1,1,1.6672785307250289
10222521,7,1,0.26617613434791565,3,3,1.3235970301284248
10226425,12,5,0.08434076607227325,2,12,2.472889947562062
10226439,9,2,0.1692490130662918,4,5,1.7763841984251187
10222691,11,1,0.2291550636291504,8,8,1.4733563708277695
10226347,7,2,0.2617563307285309,6,1,1.3403412433595745
10222631,10,3,0.12538385391235352,1,10,2.0763754157529664
10222777,6,2,0.23863030970096588,7,4,1.4328397459487217
10226381,9,2,0.1778581440448761,1,2,1.726768989986508
10222437,16,2,0.16212721168994904,1,3,1.8193739945576286
10226491,6,2,0.24003182351589203,8,2,1.4269837664475977
10222539,9,4,0.12310785800218582,8,6,2.0946944135302226
10226474,9,4,0.11394905298948288,2,1,2.1720038340798453
10222526,12,2,0.15894939005374908,5,2,1.8391694289793437
10226440,12,1,0.23010367155075073,1,1,1.4692253257415173
10226427,11,2,0.1574469655752182,5,2,1.8486666039281003
10222690,13,6,0.07278197258710861,9,12,2.6202869837426523
10222778,5,1,0.260702908039093,3,3,1.3443738033711277
10226343,8,2,0.19733986258506775,3,6,1.622827845889288
10222638,9,1,0.21979044377803802,1,1,1.51508071485477
10226385,10,5,0.08575671166181564,9,5,2.4562409258903957
10226492,9,6,0.0916019007563591,1,8,2.3903032569020697
10226443,12,2,0.20454810559749603,9,4,1.5869520959671615
10222530,11,2,0.22466225922107697,2,1,1.4931570746407095
10222948,14,1,0.24110355973243713,3,3,1.4225287293563618
10226475,10,1,0.36994636058807373,4,4,0.9943972552368182
10222518,9,7,0.07731223106384277,9,4,2.5599031073953156
10226423,12,7,0.056562285870313644,4,3,2.87241284324737
10222998,7,1,0.23574671149253845,4,4,1.444997306696132
10226344,8,1,0.29081422090530396,7,7,1.2350706318179758
10222640,11,4,0.11838008463382721,2,11,2.133854774786318
10226384,9,5,0.08297200500965118,3,6,2.4892520171206285
10226493,9,1,0.332265704870224,2,2,1.1018203142734626
10226445,12,4,0.11946356296539307,11,4,2.1247438665293052
10222537,9,1,0.2493506222963333,3,3,1.3888952513190338
10226476,10,3,0.13488928973674774,2,5,2.003300913014095
10222520,9,5,0.10294913500547409,1,9,2.273520247627424
10226426,12,11,0.013191127218306065,5,6,4.328210855835724
10222436,11,1,0.1906018853187561,2,2,1.6575683963169574
10222877,12,5,0.07561502605676651,11,7,2.5821002581816415
10222997,13,1,0.27862757444381714,1,1,1.277879247502489
10226345,12,4,0.09255114942789078,1,8,2.379993820505546
10222632,14,3,0.11162660270929337,2,6,2.1925958819105564
10226386,12,5,0.0874486118555069,6,5,2.4367039512226216
10226487,9,2,0.1747894287109375,7,10,1.744173294071529
10226479,9,5,0.08731294423341751,6,9,2.4382565541220083
10222531,16,4,0.12108969688415527,4,10,2.111223711446716
10226441,12,8,0.04997625946998596,1,9,2.996207196912519
10226428,7,3,0.18786315619945526,8,7,1.6720414737506861
10222527,10,2,0.17685656249523163,9,6,1.7324162563276782
10226530,10,5,0.08373462408781052,4,7,2.480102718113583
10222879,13,2,0.16336622834205627,2,6,1.8117607988108422
10222692,9,6,0.10246261209249496,1,10,2.278257307018031
10222634,9,2,0.14663000404834747,3,11,1.9198428443838782
10226382,10,1,0.22671465575695038,2,2,1.4840630753141044
10226488,11,4,0.11627181619405746,3,2,2.1518245859363265
10222535,15,11,0.02533620037138462,5,3,3.67552106121279
10222985,12,1,0.21122558414936066,2,2,1.5548285974156968
10226528,4,1,0.5925287008285522,1,1,0.5233559669290744
10222880,12,6,0.06411613523960114,6,11,2.7470592269250576
10222684,11,1,0.1455565243959427,11,11,1.9271907839899798
10226524,9,2,0.17834743857383728,1,3,1.7240217290755053
10222883,13,2,0.13064108788967133,2,5,2.0353015029688732
10226525,8,6,0.1137375757098198,8,2,2.173861451645567
10222882,14,4,0.08790922909975052,13,7,2.431450484356106
10226529,10,6,0.06935510039329529,8,12,2.668515589240063
10222884,13,3,0.14808206260204315,4,5,1.9099886818427843
10226526,11,1,0.4115598499774933,2,2,0.8878008259961868
10222885,10,5,0.07554323226213455,2,8,2.583050173863774
10226527,5,5,0.11598427593708038,7,4,2.15430064933036
10222473,14,1,0.16618183255195618,12,12,1.794672713294032
10222468,13,1,0.3570595979690552,12,12,1.0298525700458205
10222469,9,4,0.11335067451000214,2,7,2.1772689513625623
10226360,11,1,0.47560355067253113,1,1,0.7431706485236325
10226600,7,2,0.24491055309772491,5,7,1.4068622244958104
10222472,9,1,0.24420972168445587,1,1,1.409727907760286
10226588,10,3,0.13747744262218475,7,2,1.9842954289906223
10226361,11,2,0.1636543571949005,6,1,1.809998653305976
10226791,5,3,0.1994517743587494,5,3,1.6121828044118351
10226416,12,1,0.4038594365119934,3,3,0.9066883909882317
10222474,13,3,0.1052294597029686,7,14,2.251611982681744
10226590,14,3,0.1776486188173294,5,2,1.7279477312859413
10226359,10,1,0.40037599205970764,3,3,0.9153511932295777
10226601,11,6,0.047887321561574936,7,11,3.0389044951627833
10226793,5,1,0.5942902565002441,10,10,0.5203874316619008
10226419,10,7,0.02381676435470581,12,7,3.737365561615638
10222470,12,6,0.08453810214996338,4,10,2.4705529332324154
10226591,12,2,0.24179306626319885,11,7,1.4196730167163216
10226354,11,2,0.13399280607700348,7,4,2.0099691664648813
10226597,9,4,0.18783719837665558,2,6,1.6721796573990368
10226413,9,5,0.06788330525159836,3,1,2.6899651472323405
10226595,9,2,0.24944254755973816,9,6,1.388526660608491
10222471,12,4,0.11051203310489655,1,4,2.202630867076272
10226355,13,11,0.023052318021655083,7,10,3.769988949664987
10226598,10,2,0.1701260209083557,1,6,1.7712158170976926
10226414,13,4,0.10307814180850983,1,6,2.27226792005322
10226589,12,1,0.24624405801296234,6,6,1.401432129117669
10226603,12,4,0.13189968466758728,12,1,2.0257136099547717
10226357,11,1,0.2853780686855316,2,2,1.2539404210212437
10226592,11,4,0.08353104442358017,2,1,2.482536926717965
10226418,13,2,0.20772823691368103,2,3,1.5715246068653854
10226599,8,3,0.1169532909989357,1,3,2.14598064612611
10226358,14,2,0.13929027318954468,3,8,1.9711952269836346
10226593,9,2,0.25309866666793823,8,1,1.37397587944992
10226415,12,4,0.0727292075753212,1,9,2.6210122203057984
10226602,11,1,0.28012558817863464,12,12,1.2725172471626358
10226680,10,1,0.2731209695339203,3,3,1.2978404700963777
10226356,14,9,0.04737589880824089,5,12,3.049641643553904
10226594,9,1,0.3914875090122223,1,1,0.9378016695207487
10226421,11,4,0.12231742590665817,10,14,2.10113576151132
10226685,10,5,0.07433225214481354,4,8,2.599210341432947
10226682,9,5,0.07500161230564117,2,7,2.5902456682683437
10226683,11,8,0.07116073369979858,2,7,2.642814105672752
10226684,14,6,0.05833067372441292,8,11,2.841627188061917
10226679,13,4,0.12804953753948212,4,5,2.055338077905154
10226408,6,1,0.3587406277656555,3,3,1.0251556369445989
10226468,5,2,0.36741581559181213,3,7,1.001261059790082
10230254,8,4,0.11526381969451904,9,5,2.160531693712568
10226324,5,4,0.18261435627937317,2,7,1.7003786924475182
10226499,6,2,0.2680436968803406,6,4,1.3166052637011985
10226407,7,3,0.19648538529872894,1,2,1.6271672255088656
10226473,6,5,0.0732584074139595,7,5,2.613762260688952
10230249,5,1,0.42882677912712097,1,1,0.8467022198529706
10226328,6,1,0.2880026698112488,7,7,1.2447855287112117
10226405,11,2,0.16304442286491394,9,4,1.8137325823921406
10226470,7,3,0.16207905113697052,4,3,1.819671092787088
10226325,8,5,0.07353592664003372,5,4,2.6099811943625
10226501,8,5,0.1129288300871849,4,3,2.180997480928441
10226404,11,1,0.4014977514743805,9,9,0.9125533459238779
10226471,11,2,0.1672579050064087,4,11,1.7882183164784267
10230255,11,5,0.07308416813611984,8,7,2.616143513848097
10226326,8,2,0.22673997282981873,2,3,1.48395141222237
10226503,8,6,0.09711191803216934,6,2,2.3318911714415944
10226409,12,6,0.08583646267652512,6,4,2.455311389843763
10226472,9,2,0.2032184600830078,3,6,1.5934737205389409
10230248,10,1,0.3418188691139221,12,12,1.0734743046929656
10226327,9,2,0.21742305159568787,7,3,1.5259102768172994
10226500,10,3,0.13632327318191528,1,4,1.9927262051718202
10226403,10,5,0.09726361185312271,8,10,2.3303303386367733
10226466,13,1,0.2304660677909851,1,1,1.4676516387010201
10230250,9,2,0.15453214943408966,3,7,1.8673531173393871
10226329,11,1,0.2674895226955414,2,2,1.3186748809064452
10226497,7,1,0.23319995403289795,3,3,1.455859021620322
10226406,18,9,0.05164749547839165,1,13,2.9633135748459716
10226467,12,1,0.21351438760757446,3,3,1.5440510593213683
10230253,8,1,0.2162323296070099,2,2,1.5314018493087753
10226323,8,6,0.07011491805315018,3,11,2.657619696553401
10226498,8,2,0.1814538836479187,3,1,1.7067537421466585
10226401,9,6,0.08190303295850754,5,3,2.5022192563483885
10226469,12,3,0.1553654968738556,3,5,1.8619748935391867
10230252,7,3,0.15684187412261963,8,7,1.8525171523650545
10226402,11,7,0.06752809882164001,9,2,2.6952114888845395
10230277,7,1,0.38183626532554626,3,3,0.9627633870636646
10230146,7,2,0.1941443830728531,5,2,1.639153154086458
10230278,7,1,0.319125771522522,7,7,1.1421699858048546
10230143,7,3,0.2261446863412857,2,5,1.486580279503744
10230271,11,1,0.28996309638023376,12,12,1.2380016179603397
10230265,6,1,0.3195909559726715,1,1,1.1407133634482611
10230154,8,4,0.07455869764089584,3,7,2.596168576020019
10230272,13,1,0.29875728487968445,5,5,1.208123791499206
10230144,8,1,0.264019250869751,4,4,1.331733258533174
10230155,8,4,0.12038792669773102,2,7,2.117036027732369
10230276,8,4,0.13445448875427246,10,9,2.006529510775681
10230145,8,6,0.04338974133133888,10,2,3.1375322406706596
10230268,9,1,0.3285141885280609,2,2,1.1131752501239705
10230273,6,4,0.11775799095630646,8,2,2.1391236846404245
10230156,7,1,0.3824087679386139,1,1,0.9612651693579853
10230140,9,1,0.4737805128097534,1,1,0.7470111176732549
10230269,8,4,0.12391526252031326,1,2,2.0881573137502696
10230274,7,5,0.1306203156709671,1,6,2.035460517798197
10230157,11,2,0.14721083641052246,10,8,1.9158894584776434
10230141,10,1,0.6845625042915344,5,5,0.37897532462915406
10230275,9,2,0.17947140336036682,2,4,1.717739396501045
10230270,10,1,0.32055073976516724,5,5,1.1377147007519166
10230158,10,1,0.2402663379907608,1,1,1.4260072293200365
10230142,9,5,0.10237221419811249,2,7,2.2791399489191986
10230266,10,5,0.1122206598520279,5,10,2.1872881686906074
10230159,12,10,0.03447446599602699,1,16,3.367536345023114
10230264,12,3,0.10305087268352509,1,10,2.2725325031368877
10240898,12,3,0.16255542635917664,8,1,1.8167362500814668
10240901,7,1,0.33052724599838257,2,2,1.1070661843639766
10240904,8,3,0.16357679665088654,1,4,1.8104726946345895
10240899,9,2,0.18193885684013367,5,2,1.7040845997775016
10241013,6,2,0.20986370742321014,1,6,1.561296971234729
10240900,8,5,0.12621501088142395,5,2,2.069768390770755
10240894,7,4,0.10317767411470413,4,7,2.2713027854365317
10241011,8,1,0.20578180253505707,7,7,1.5809388825478248
10240905,11,7,0.06976759433746338,11,4,2.662585641524199
10241025,8,2,0.2244705706834793,10,3,1.494010668662226
10240893,10,2,0.24481438100337982,2,7,1.4072549841406015
10241016,7,2,0.23281072080135345,3,8,1.4575295126329888
10240951,12,1,0.2338932901620865,3,3,1.452890292583783
10240903,9,6,0.04491731524467468,4,11,3.1029319183807957
10241020,7,2,0.21849942207336426,6,2,1.5209719094231515
10240895,9,4,0.12674222886562347,2,7,2.065599949115288
10240949,6,5,0.1033954992890358,7,2,2.2691938450404843
10240902,8,4,0.09499659389257431,10,3,2.3539142417867334
10241023,9,8,0.0358077809214592,9,2,3.329590065016468
10240896,12,1,0.26123449206352234,6,6,1.3423368379874243
10241012,10,1,0.2018107920885086,9,9,1.6004246933622164
10240950,7,2,0.2116406410932541,1,3,1.5528655317821392
10241024,7,2,0.18472759425640106,5,3,1.6888730025224237
10240897,9,4,0.11050951480865479,2,3,2.202653654865659
10241010,7,1,0.32670748233795166,3,3,1.1186900578582168
10240952,10,7,0.028964966535568237,4,10,3.541668229774516
10241021,11,4,0.07176636159420013,8,9,2.6343394141825995
10240891,10,4,0.12494318187236786,5,4,2.0798961900377964
10241176,9,1,0.2867191731929779,1,1,1.249252032873774
10241014,8,4,0.1467449814081192,3,7,1.9190590190998
10240955,7,4,0.10576814413070679,7,3,2.2465059000690943
10241022,7,7,0.10645632445812225,4,6,2.240020476931011
10240892,13,2,0.16014066338539124,5,3,1.8317027038122515
10241015,10,3,0.15501603484153748,15,3,1.8642267168229694
10240953,11,2,0.1565496325492859,4,8,1.8543821783904655
10241026,9,3,0.18793998658657074,1,10,1.6716325873980267
10241175,9,1,0.22064326703548431,4,4,1.5112080579606366
10240948,11,1,0.3206334710121155,2,2,1.1374566430954218
10241019,9,6,0.0912550836801529,3,7,2.394096576508048
10240954,7,6,0.10390465706586838,3,4,2.2642815593033205
10241171,12,1,0.22728078067302704,2,2,1.4815691065907
10241172,11,3,0.11394957453012466,10,3,2.171999257126948
10241173,13,4,0.0985710546374321,10,6,2.3169776239866384
10244215,9,3,0.17069120705127716,1,4,1.7678991616316422
10244221,13,3,0.1156793162226677,10,2,2.1569334315273636
10244218,14,1,0.2215903401374817,10,10,1.5069249164964997
10244510,7,1,0.28879281878471375,1,1,1.2420457379765224
10244214,14,1,0.21645453572273254,11,11,1.5303747502537224
10244517,8,4,0.14439067244529724,8,5,1.9352326498639487
10244219,12,7,0.048470377922058105,9,10,3.0268024321249603
10244513,9,2,0.22417636215686798,6,5,1.4953222058521576
10244280,8,2,0.2665056586265564,4,9,1.3223598024813707
10244217,14,2,0.12789694964885712,1,8,2.05653042018247
10244516,7,5,0.10614010691642761,3,5,2.242995294267768
10244281,8,3,0.1817888617515564,8,12,1.704909365608716
10244222,11,9,0.03985012695193291,1,10,3.2226296880061214
10244514,9,9,0.03237999975681305,3,1,3.4302143382430543
10244401,11,6,0.06947232037782669,5,6,2.666826873686072
10244216,12,1,0.17453841865062714,5,5,1.7456103973852581
10244240,8,1,0.2870893180370331,5,5,1.2479618989665455
10244511,9,8,0.032400667667388916,5,8,3.4295762493779987
10244277,11,6,0.07560083270072937,1,7,2.582287981297397
10244220,14,9,0.05243989825248718,4,11,2.9480875603538297
10244404,7,1,0.42470496892929077,2,2,0.8563605418743006
10244241,8,2,0.26477164030075073,2,7,1.328887559216864
10244515,8,1,0.18534719944000244,1,1,1.6855244590760103
10244278,10,10,0.015111017972230911,2,10,4.192331134203665
10244402,6,6,0.09110119193792343,4,7,2.3957843909607255
10244235,8,3,0.1595175862312317,4,5,1.8356011043322398
10244512,9,1,0.19591453671455383,2,2,1.630076752014114
10244284,6,4,0.16349604725837708,3,1,1.8109664647268107
10244403,7,4,0.13618163764476776,3,6,1.9937657134101994
10244236,12,6,0.047658056020736694,8,6,3.043703596629845
10244509,9,1,0.20060515403747559,3,3,1.6064167106763103
10244279,9,1,0.2558276951313019,4,4,1.3632511270064633
10244406,11,1,0.23738868534564972,5,5,1.438056458659944
10244237,7,1,0.4065626859664917,1,1,0.9000171528636006
10244331,10,4,0.11918710917234421,2,5,2.127060674726242
10241754,11,2,0.2050187885761261,6,3,1.5846536524526202
10244282,9,6,0.06616124510765076,8,4,2.7156604087997325
10244405,7,4,0.1395881175994873,11,3,1.969059209758746
10244324,12,1,0.41526901721954346,5,5,0.8788287345005555
10244239,12,1,0.19593511521816254,3,3,1.6299717193643406
10241758,10,1,0.3118361830711365,6,6,1.1652772833210885
10244407,11,11,0.028119821101427078,9,14,3.571280574029075
10241756,10,1,0.528748095035553,3,3,0.6372431513977791
10244328,8,1,0.34899410605430603,8,8,1.0527002450188596
10241751,10,1,0.35117167234420776,5,5,1.0464800800865015
10244329,10,6,0.06524748355150223,5,9,2.729567799783534
10241757,7,3,0.18049560487270355,6,3,1.7120488512413754
10244325,10,3,0.13275402784347534,6,3,2.0192572777499493
10241752,10,2,0.17957931756973267,4,7,1.717138288042966
10244326,9,3,0.16223064064979553,4,3,1.818736248545895
10241755,12,3,0.12038952112197876,7,4,2.117022783765692
10244330,8,3,0.13939449191093445,8,9,1.9704472942704088
10244262,12,1,0.504551351070404,13,13,0.6840856583021113
10244263,10,1,0.3821992874145508,6,6,0.9618131116084958
10244264,11,6,0.07442949712276459,1,4,2.5979029490114227
10244266,11,1,0.2255089432001114,5,5,1.489395461401821
10248386,10,3,0.15481558442115784,9,7,1.86552064833857
10248270,8,1,0.25216540694236755,8,8,1.3776700300362934
10248298,7,2,0.1957438737154007,3,6,1.6309482410740181
10244259,11,6,0.08511482924222946,7,9,2.4637540019182915
10248284,9,2,0.23441891372203827,9,6,1.4506455345941014
10248391,9,2,0.1726730763912201,2,5,1.7563552041228934
10248267,10,4,0.08215031772851944,10,4,2.4992045668432907
10248295,8,1,0.30351388454437256,1,1,1.1923279214421012
10244260,9,6,0.043206509202718735,11,12,3.1417641190936996
10248286,8,1,0.4403573274612427,7,7,0.820168773784538
10248388,9,1,0.30672767758369446,7,7,1.1817949687523355
10248268,8,3,0.1434902846813202,4,8,1.941487948643581
10248291,10,1,0.2599843442440033,3,3,1.3471338642257131
10244261,14,2,0.19854162633419037,1,9,1.616756496385438
10248290,11,4,0.11837198585271835,2,10,2.1339231905015037
10248389,12,1,0.2911263108253479,9,9,1.233998048167424
10248294,10,1,0.3199847638607025,5,5,1.1394818972572012
10248287,9,2,0.19861967861652374,8,4,1.6163634455903817
10248384,5,1,0.31399214267730713,6,6,1.1583873167076502
10248272,10,3,0.09652142226696014,3,6,2.3379903028701325
10248292,11,7,0.04001571610569954,2,8,3.218482999391744
10248289,12,4,0.09235270321369171,4,7,2.3821403013663516
10248387,12,3,0.16494782269001007,3,2,1.8021260812127307
10248265,10,4,0.10560396313667297,3,9,2.248059378710855
10248296,10,1,0.2640717625617981,7,7,1.331534384888728
10248288,8,7,0.08543304353952408,3,2,2.4600223263321226
10248390,10,1,0.2614457607269287,7,7,1.3415284329490318
10248266,14,4,0.10102938860654831,1,3,2.2923438281638133
10244685,9,2,0.19065305590629578,1,5,1.6572999639253272
10248297,11,5,0.09239703416824341,1,10,2.3816603985959257
10248283,16,6,0.08277302980422974,4,15,2.4916529976535418
10248385,9,5,0.11733982712030411,1,8,2.142681048808296
10244372,6,2,0.19576498866081238,5,3,1.6308403766169839
10248269,12,10,0.04249965026974678,3,2,3.1582594320327586
10244686,11,2,0.27821430563926697,1,2,1.2793635786751587
10248293,12,7,0.0505492202937603,3,6,2.9848077580903953
10248285,6,2,0.27186867594718933,5,10,1.3024361382936285
10244367,13,1,0.25702351331710815,8,8,1.3585877067657524
10248354,6,1,0.2984917163848877,3,3,1.2090130973389372
10244687,10,2,0.18665580451488495,1,3,1.678488975712992
10244681,9,2,0.17462730407714844,9,4,1.7451012670631467
10248465,5,1,0.33236345648765564,3,3,1.1015261604089623
10244365,11,1,0.5492777824401855,2,2,0.5991509864929176
10248356,6,2,0.17087364196777344,3,2,1.7668309314881219
10244683,10,6,0.0724213719367981,7,5,2.625253830653988
10248466,7,2,0.24444052577018738,1,7,1.4087832480405886
10244368,4,1,0.5895950198173523,1,1,0.5283193848568082
10248359,8,5,0.1059708371758461,5,3,2.244591343705374
10244682,12,2,0.24301902949810028,1,2,1.41461552801594
10248467,7,5,0.10399220138788223,6,3,2.263439369307383
10244370,11,6,0.048407718539237976,4,8,3.028096004022972
10248352,6,3,0.17695742845535278,2,4,1.7318460925386054
10244684,12,3,0.08635806292295456,1,6,2.449253103844682
10244371,6,3,0.16902273893356323,2,5,1.777722023207349
10248355,11,2,0.14374800026416779,1,2,1.9396935106072282
10248469,13,8,0.03868462145328522,5,2,3.2523131363902293
10244364,10,2,0.21128776669502258,6,8,1.554534251469058
10248353,9,4,0.1490771472454071,5,3,1.9032913402839315
10244366,10,2,0.14108186960220337,2,1,1.9584149216309046
10248358,6,4,0.1278286576271057,6,7,2.0570645240925347
10248471,9,2,0.17564518749713898,12,10,1.7392892988970547
10248470,7,5,0.11213764548301697,8,3,2.1880281847348124
10248193,7,1,0.3276696503162384,1,1,1.1157493417981332
10248231,9,2,0.16625674068927765,1,13,1.7942220547687056
10248194,6,1,0.2909994125366211,1,1,1.2344340305871802
10248233,8,5,0.12173055857419968,5,2,2.1059452129389435
10248195,8,8,0.05068134143948555,4,1,2.982197455065649
10248232,12,8,0.06037966161966324,2,9,2.8071029588982928
10248448,7,5,0.12065834552049637,7,5,2.1147923179772024
10248308,14,3,0.1343218982219696,12,13,2.0075161342253827
10248197,8,4,0.1353563666343689,5,1,1.9998442257246658
10248450,5,1,0.37014690041542053,8,8,0.9938553239889024
10248229,10,3,0.11455879360437393,2,4,2.1666671065133265
10248325,7,6,0.04479894042015076,3,6,3.1055707911768153
10248312,8,2,0.1674816608428955,3,4,1.7868814212163118
10248196,11,5,0.09889210760593414,1,13,2.313725845297819
10248463,12,5,0.1013282984495163,7,2,2.2893895538318905
10248451,6,1,0.3064574897289276,4,4,1.1826762290523427
10251663,8,5,0.05843422934412956,9,3,2.8398534419422257
10248230,9,1,0.2626302242279053,1,1,1.3370082276667778
10251735,5,1,0.5382778644561768,3,3,0.6193803754641867
10248326,11,1,0.41077107191085815,12,12,0.8897192223194864
10251688,11,2,0.18202610313892365,9,15,1.7036051783493176
10248303,8,1,0.26125094294548035,3,3,1.3422738663489397
10248199,11,1,0.2064714878797531,6,6,1.577592949335569
10248455,10,1,0.2982536554336548,6,6,1.2098109618054393
10248449,8,2,0.22500665485858917,1,9,1.491625300065827
10251664,6,1,0.2977924644947052,7,7,1.2113584629653893
10248227,14,5,0.056931812316179276,1,10,2.8659010024106246
10251729,8,2,0.18030311167240143,3,2,1.7131158906167332
10248329,9,1,0.3912288248538971,2,2,0.9384626603715872
10251684,12,1,0.3991554081439972,12,12,0.9184044438301773
10248309,9,2,0.2128201574087143,5,2,1.5473078013357346
10248192,11,4,0.107026107609272,3,8,2.2346824779341623
10248457,12,2,0.1718384474515915,11,2,1.7612005025511976
10248444,10,9,0.04385058209300041,5,10,3.126967285611222
10251662,8,2,0.25988051295280457,2,3,1.3475333191653651
10248228,13,8,0.07017885893583298,7,8,2.656708168066787
10251733,5,1,0.2975160479545593,5,5,1.2122871127469068
10248331,8,5,0.08496623486280441,2,7,2.465501338319485
10251797,6,1,0.3868385851383209,2,2,0.9497477656255329
10251682,13,3,0.18342319130897522,4,11,1.695959275087775
10248310,7,2,0.198055699467659,5,1,1.619206977405243
10248740,8,3,0.1676703542470932,4,6,1.785755404270931
10248445,13,1,0.23400308191776276,2,2,1.4524209931224374
10251736,9,1,0.2855531573295593,6,6,1.2533270769211544
10248324,10,1,0.2839030623435974,5,5,1.2591224288632634
10251798,9,1,0.39732596278190613,3,3,0.9229982702425442
10251686,13,12,0.026332775130867958,8,2,3.636940912969873
10248304,9,3,0.14317157864570618,4,3,1.9437115172985027
10248460,9,1,0.3174026608467102,7,7,1.1475840876650112
10248446,12,3,0.14693936705589294,10,3,1.9177352462996713
10251660,8,1,0.4943928122520447,1,1,0.7044249112694908
10248475,6,1,0.3023657500743866,2,2,1.1961179014272185
10251730,8,5,0.07608360797166824,2,5,2.5759224384773916
10248327,11,5,0.11864864081144333,1,4,2.131588751611041
10251794,8,3,0.1767033189535141,3,1,1.733283116847519
10251685,12,3,0.10162165015935898,4,2,2.2864986744189815
10248305,11,1,0.34719565510749817,1,1,1.0578668103655509
10248738,12,1,0.22013936936855316,8,8,1.5134944360745906
10248456,14,8,0.03446042537689209,1,4,3.3679437038815796
10248453,7,2,0.20333170890808105,3,5,1.5929165994914525
10251661,11,9,0.04329857602715492,2,5,3.1396355307233494
10251731,8,4,0.13246339559555054,3,4,2.021448931378811
10248477,4,4,0.14852364361286163,1,4,1.907011117164718
10248332,12,1,0.2034405767917633,1,1,1.5923813226788035
10251795,7,4,0.16101734340190887,5,3,1.8262431968061563
10251683,9,2,0.1958538144826889,14,5,1.630386742508066
10248306,14,3,0.13223318755626678,7,1,2.0231883425535586
10251761,7,6,0.08081166446208954,1,13,2.5156339617197268
10248458,12,3,0.11973113566637039,5,11,2.122506586070186
10248447,16,2,0.14072448015213013,9,12,1.9609513417079398
10248743,8,3,0.1841619461774826,1,2,1.6919397662023135
10251665,6,5,0.07455543428659439,2,9,2.596212345906344
10251732,8,4,0.09456151723861694,1,4,2.3585046802054315
10248476,10,1,0.20653387904167175,3,3,1.577290816882142
10248323,12,6,0.07568427920341492,1,5,2.5811848124515273
10251796,9,1,0.25310665369033813,2,2,1.373944322996128
10251687,14,1,0.20679427683353424,12,12,1.5760308116170179
10248311,11,1,0.24309036135673523,8,8,1.4143220473283051
10251762,10,6,0.07858998328447342,11,7,2.543511026796869
10248461,16,5,0.08205987513065338,2,3,2.500306113652738
10248742,11,2,0.15277139842510223,1,9,1.878812602852448
10248452,7,2,0.2117103934288025,4,1,1.5525360069647105
10252473,11,5,0.05806431919336319,1,2,2.846203931258635
10251734,12,1,0.1896592229604721,1,1,1.6625263805481716
10248472,10,4,0.13106034696102142,1,2,2.0320973980293995
10248330,12,7,0.04839680716395378,2,3,3.02832143512242
10248307,10,5,0.12545092403888702,12,14,2.075840640402596
10251765,8,3,0.15791663527488708,4,5,1.8456880100406252
10248744,11,3,0.13164420425891876,6,1,2.0276524178682305
10248462,11,5,0.07562192529439926,15,1,2.5820090207218023
10248473,5,2,0.3807694613933563,1,5,0.9655611752015996
10248737,12,6,0.07837280631065369,10,1,2.5462782700775013
10248464,13,1,0.13640077412128448,4,4,1.9921578582128943
10248474,10,4,0.13271017372608185,6,1,2.019587673468341
10251763,10,1,0.31095993518829346,4,4,1.1680912008627684
10248739,11,1,0.24815623462200165,13,13,1.3936967528556694
10251766,10,4,0.12219219654798508,2,4,2.102160092319782
10248741,13,3,0.16019922494888306,1,2,1.831337082381535
10251760,7,1,0.24939332902431488,4,4,1.388723994192114
10248745,14,6,0.07476721704006195,11,2,2.5933757649376874
10248240,10,3,0.15288935601711273,2,9,1.8780407824852476
10248241,14,4,0.10694149881601334,14,5,2.235473334074324
10248242,10,5,0.0779871791601181,3,6,2.5512108355448073
10251725,6,2,0.18976227939128876,5,7,1.661983151275649
10248243,11,2,0.16072368621826172,1,4,1.828068623084782
10251658,8,1,0.3437930941581726,9,9,1.067715273035094
10251698,10,6,0.04729774594306946,1,11,3.0512926391003217
10251722,9,5,0.13185074925422668,1,8,2.026084683573074
10251753,9,2,0.2180539071559906,2,6,1.5230129662297727
10251891,8,6,0.053587306290864944,4,6,2.9264430618839836
10248244,14,3,0.11779453605413437,2,5,2.1388133920820303
10251652,8,2,0.193510964512825,1,3,1.6424211039686862
10251802,11,1,0.34873607754707336,2,2,1.0534398676554024
10251716,12,5,0.09871318191289902,1,5,2.3155367861119016
10251757,11,1,0.3632814586162567,10,10,1.0125773770709692
10251890,9,2,0.3224635720252991,2,1,1.1317651040865149
10251700,10,1,0.35875388979911804,3,3,1.025118669321462
10248238,10,1,0.33035415410995483,1,1,1.1075900057103096
10251653,7,1,0.40145090222358704,3,3,0.9126700389418707
10251803,13,1,0.34781384468078613,13,13,1.0560878714114665
10251754,9,3,0.1984257847070694,12,8,1.617340129334578
10251704,10,4,0.12513190507888794,4,5,2.078386857423755
10248239,14,4,0.10430321842432022,4,6,2.2604530600754567
10251654,11,2,0.3166417181491852,11,5,1.1499843709513917
10251806,11,2,0.18770350515842438,9,8,1.672891661304982
10248549,5,3,0.17943501472473145,4,5,1.7179421715639944
10251720,14,2,0.2464674562215805,1,4,1.400525317657118
10251759,7,5,0.07192662358283997,1,2,2.632108796523803
10251887,11,6,0.09769871830940247,8,3,2.3258668386540204
10251703,10,1,0.24367433786392212,7,7,1.4119226260543492
10251657,12,2,0.3188101649284363,8,2,1.1431594476043911
10251804,12,2,0.18196958303451538,1,2,1.70391573205646
10248545,7,4,0.14260314404964447,2,4,1.9476897232110233
10251721,7,2,0.35742542147636414,1,2,1.0288285498653547
10251752,11,1,0.3382747173309326,7,7,1.0838969404519265
10251888,11,4,0.13594292104244232,2,3,1.9955201795613684
10251702,10,2,0.1862884759902954,6,7,1.6804588605594637
10251655,10,1,0.29216617345809937,6,6,1.2304325513972871
10251800,7,3,0.17537491023540497,4,7,1.7408292524033782
10248546,7,5,0.10675152391195297,6,4,2.2372513514534895
10251719,13,4,0.11850303411483765,11,13,2.132816714390115
10251756,9,8,0.03201465681195259,1,6,3.441561455670495
10251892,8,2,0.21074891090393066,1,7,1.5570878498291565
10251699,9,7,0.06745590269565582,4,2,2.696281187990462
10251656,11,1,0.2631698250770569,1,1,1.3349557324671373
10251801,14,7,0.05551840737462044,5,10,2.8910406488106544
10248547,4,3,0.24234116077423096,4,3,1.4174087903320536
10251724,10,1,0.22869077324867249,6,6,1.4753845231106213
10251758,8,1,0.23606735467910767,2,2,1.4436381134930376
10251893,9,1,0.24643830955028534,2,2,1.4006435823371162
10251696,10,1,0.2544521391391754,5,5,1.3686425190689944
10251960,6,1,0.34614458680152893,4,4,1.0608987102830576
10251805,14,6,0.05093083158135414,2,6,2.977286810291294
10248548,7,1,0.3127642571926117,5,5,1.1623055441270318
10251723,11,10,0.023385779932141304,2,10,3.7556271365476905
10251755,9,1,0.2386329025030136,11,11,1.4328288806568599
10251889,12,5,0.06660053879022598,2,12,2.709042611525184
10251701,10,1,0.18648508191108704,2,2,1.6794040328505022
10251957,11,8,0.03238724544644356,5,2,3.429990592748306
10251954,8,2,0.3126789927482605,4,1,1.1625781969852647
10251955,7,4,0.12365380674600601,5,9,2.0902694990267694
10251958,9,5,0.0790962278842926,1,9,2.5370900932812526
10251956,11,11,0.022995280101895332,4,7,3.772466297073121
10251635,9,1,0.3702978789806366,9,9,0.9934475189195451
10251578,8,3,0.15239036083221436,9,5,1.8813098868623537
10251631,11,3,0.09421966969966888,5,10,2.3621263113450337
10251632,10,1,0.46903151273727417,2,2,0.7570853214556229
10251633,11,7,0.03857971355319023,2,3,3.255028696280945
10251637,9,3,0.1809355914592743,4,7,1.709614159336641
10251634,9,1,0.21711218357086182,2,2,1.5273410840462747
10255489,8,1,0.3504785895347595,8,8,1.0484556598661272
10255381,8,1,0.44546937942504883,7,7,0.8086267674861377
10255458,8,1,0.565312922000885,6,6,0.5703758569014625
10255487,8,2,0.20509493350982666,1,9,1.5842823167451086
10255375,7,1,0.5843554139137268,1,1,0.5372458957982351
10255459,9,1,0.2836093604564667,6,6,1.2601574790279897
10255488,9,3,0.13744357228279114,8,2,1.9845418295037056
10255376,8,2,0.21676312386989594,10,6,1.528950116735109
10255490,9,5,0.07528320699930191,7,9,2.586498183665251
10255513,6,3,0.13388904929161072,1,7,2.010743812365691
10255378,9,2,0.19203610718250275,2,4,1.6500718663928884
10255492,12,4,0.09704267978668213,5,12,2.332604399448555
10255457,8,3,0.10846967250108719,2,1,2.2212846611925463
10255514,8,1,0.4216543734073639,3,3,0.8635693208882426
10255377,11,1,0.28522416949272156,2,2,1.25447984826581
10255454,8,5,0.06730640679597855,7,5,2.698499849299624
10255516,8,2,0.2153722643852234,1,3,1.5353872858503528
10255491,7,4,0.11174624413251877,8,3,2.191524655605677
10255380,12,1,0.3057510554790497,3,3,1.184984052322532
10255455,11,1,0.37243884801864624,14,14,0.9876824210321961
10255493,10,4,0.11865650117397308,3,4,2.1315225047318807
10255517,10,1,0.2592617869377136,3,3,1.3499169673796476
10255379,9,2,0.18944105505943298,10,13,1.6636773579426671
10255486,10,1,0.17623576521873474,6,6,1.735932605267803
10255456,9,2,0.2921179533004761,2,3,1.2305976086203894
10255512,10,7,0.04139696806669235,5,3,3.184547635936739
10255515,9,1,0.49308115243911743,10,10,0.7070815090761148
10265284,10,9,0.018059726804494858,2,10,4.014070858212095
10265282,12,4,0.10538370162248611,3,12,2.2501472883946274
10265283,8,2,0.25770431756973267,1,2,1.355942407216079
10265330,10,2,0.2384679913520813,8,9,1.433520185827837
10265279,8,2,0.11951229721307755,1,6,2.1243360073562183
10265351,12,7,0.04421260952949524,11,9,3.1187452471113337
10265305,8,3,0.1459912657737732,11,5,1.9242084825306025
10265332,6,4,0.10358486324548721,5,7,2.267364067500562
10265359,6,3,0.22333554923534393,4,7,1.499079933365156
10265280,8,5,0.1090632751584053,15,1,2.21582705914103
10265352,9,3,0.18909431993961334,7,5,1.6655093411056434
10265308,14,2,0.2352088838815689,3,11,1.4472812920656843
10265331,7,3,0.17707811295986176,3,6,1.7311643276022315
10265357,8,1,0.20639732480049133,8,8,1.5779522066966565
10265285,8,1,0.3550894856452942,1,1,1.0353854490313252
10265353,7,2,0.21459096670150757,6,3,1.5390215433271048
10265306,10,1,0.3399432301521301,3,3,1.0789766454537895
10265333,5,1,0.28463014960289,3,3,1.2565646621737951
10265358,8,1,0.36298179626464844,1,1,1.0134025940060123
10265281,10,8,0.06911835074424744,5,10,2.6719350155313184
10265354,8,2,0.22461239993572235,3,1,1.4933790292270326
10265307,9,6,0.08457408845424652,4,5,2.470127342330923
10265336,8,5,0.12258840352296829,5,8,2.0989228478577546
10265361,11,2,0.23318326473236084,9,5,1.4559305906642872
10265286,10,5,0.14632117748260498,7,8,1.9219512276205
10265347,12,5,0.0865917056798935,10,5,2.446551245369128
10265309,11,6,0.11412010341882706,1,3,2.17050384640848
10265335,10,1,0.3037322461605072,4,4,1.191608734889877
10265356,8,4,0.12983271479606628,1,11,2.041508466437573
10265348,8,1,0.25239065289497375,6,6,1.3767771819050383
10265310,11,7,0.06140981614589691,3,4,2.7901855845242083
10265533,6,5,0.1342240273952484,1,3,2.0082450287772504
10265334,10,1,0.2283414751291275,2,2,1.4769130725239066
10265360,8,3,0.134270578622818,4,11,2.007898271509189
10265350,8,5,0.0847204402089119,9,2,2.4683983816577273
10265311,14,5,0.08155661821365356,8,13,2.5064577979210423
10265536,6,1,0.3462519347667694,1,1,1.060588633722137
10265329,9,6,0.09120247513055801,12,1,2.3946732426806716
10265362,10,5,0.0917922779917717,12,2,2.3882271026304793
10265349,10,8,0.06545335054397583,6,7,2.726417595515189
10265534,9,3,0.21617360413074493,8,1,1.5316734712826847
10265363,7,4,0.13636881113052368,1,9,1.9923922171197173
10265531,8,6,0.05733441188931465,5,4,2.858854278990808
10265532,5,3,0.14587296545505524,4,3,1.9250191356531066
10265535,8,4,0.11564107984304428,6,4,2.1572640239059173
10269141,10,2,0.28184524178504944,7,11,1.2663971466795496
10269196,11,3,0.15409155189990997,3,2,1.8702083603528235
10269136,9,2,0.2201644331216812,1,6,1.5133805885310838
10269194,7,2,0.23485839366912842,4,2,1.4487725265937197
10269137,12,4,0.1107325553894043,6,1,2.2006373958773895
10269199,10,1,0.28226450085639954,6,6,1.2649107013415073
10269138,12,4,0.06989307701587677,7,12,2.660788675907986
10269192,11,1,0.41798484325408936,1,1,0.8723101072724772
10269139,15,1,0.19514943659305573,3,3,1.6339896724052572
10269193,9,2,0.2181762456893921,5,3,1.5224520763609233
10266211,9,3,0.09981033951044083,7,4,2.304483498722041
10269140,11,2,0.17942388355731964,12,18,1.7180042080216031
10269195,11,3,0.1382221132516861,9,2,1.9788933713915884
10269180,10,7,0.043136339634656906,9,12,3.1433894901453776
10266213,11,1,0.2898544371128082,2,2,1.2383764230064824
10269198,7,1,0.2860412001609802,4,4,1.2516194220305028
10266214,9,2,0.20817525684833527,6,2,1.5693749730513105
10269197,9,2,0.24419546127319336,6,1,1.4097863035831157
10269183,10,3,0.1372710019350052,7,4,1.9857981907359168
10269184,7,1,0.2839828133583069,6,6,1.2588415589961086
10266209,10,2,0.20109374821186066,1,4,1.6039840706437047
10269179,11,2,0.12527264654636383,6,11,2.0772627446120446
10266212,11,1,0.24039269983768463,1,1,1.4254814435139243
10269178,7,1,0.4102916717529297,4,4,0.8908869776855799
10266210,12,5,0.09754017740488052,6,1,2.327490909910819
10269182,6,1,0.30820176005363464,7,7,1.1770006453608555
10269111,9,3,0.1798432171344757,1,5,1.715669823566287
10269108,9,8,0.06228537857532501,5,7,2.776028574548641
10269109,14,1,0.15786384046077728,6,6,1.8460223867273327
10269104,10,3,0.1858692318201065,8,2,1.682711907258421
10269105,10,7,0.09352373331785202,3,10,2.369540042620965
10273007,9,5,0.11626343429088593,5,1,2.151896677399085
10273112,9,2,0.3404615819454193,11,7,1.0774529881122958
10272917,7,4,0.11705328524112701,3,6,2.1451260184495364
10269110,10,4,0.1298081874847412,2,6,2.041697399006999
10273014,9,7,0.06637252867221832,8,9,2.7124720329234626
10273051,7,2,0.1918218433856964,7,4,1.6511882367519857
10273110,11,3,0.20080417394638062,8,11,1.60542510479504
10272922,10,2,0.20698490738868713,2,4,1.5751093995406789
10269106,11,1,0.26784029603004456,1,1,1.3173643864320683
10273008,11,4,0.18205788731575012,6,1,1.703430580301941
10273117,10,3,0.1788681447505951,7,4,1.721106366085365
10273053,7,4,0.15811479091644287,4,1,1.844433984958931
10272916,8,3,0.1585063636302948,1,2,1.8419605373837213
10269107,13,3,0.1047406941652298,13,3,2.2562675626443576
10273111,11,1,0.2580101191997528,10,10,1.3547564731252024
10273010,11,2,0.2733134627342224,10,2,1.2971359273483463
10273055,8,1,0.2714005410671234,4,4,1.3041595379683097
10272918,10,2,0.17029470205307007,12,8,1.770224801292002
10273115,8,1,0.3776644766330719,2,2,0.9737491054923498
10273009,15,2,0.13508106768131256,3,10,2.0018801794294347
10273054,11,1,0.3248997628688812,3,3,1.1242385661661323
10273118,8,3,0.13182781636714935,8,2,2.0262586293549854
10272919,9,1,0.2950151264667511,2,2,1.2207286477984163
10273011,10,1,0.21681329607963562,1,1,1.5287186825165715
10273052,9,1,0.41361603140830994,5,5,0.882817195880703
10273113,9,3,0.16789261996746063,1,4,1.7844306707934514
10272921,10,5,0.07417391985654831,5,7,2.601342675007022
10273012,14,9,0.046654604375362396,2,13,3.064983656122859
10273114,11,9,0.033438391983509064,10,8,3.3980505785393866
10273056,11,1,0.30650344491004944,4,4,1.1825262841582689
10272914,10,4,0.11438928544521332,5,11,2.168147863118377
10273013,12,7,0.04329458251595497,7,1,3.1397277669062067
10273057,11,4,0.14120550453662872,3,6,1.9575389707123922
10273043,4,1,0.32213640213012695,4,4,1.1327802140349603
10272915,16,6,0.08182582259178162,13,17,2.503162405583627
10269148,9,1,0.34225335717201233,6,6,1.0722040057396651
10273047,5,1,0.43451839685440063,8,8,0.8335169948867074
10273050,13,6,0.0708303228020668,12,15,2.647468081806875
10269149,8,3,0.20406030118465424,5,7,1.5893397347748095
10273044,7,1,0.47847065329551697,4,4,0.7371604005958067
10269150,6,3,0.15847888588905334,5,4,1.8421339065947615
10273045,9,1,0.5670720338821411,2,2,0.567268939439929
10269152,7,6,0.027251865714788437,5,8,3.6026332936188736
10273041,5,1,0.4145611822605133,2,2,0.8805347103282477
10269154,11,4,0.1028425395488739,2,4,2.2745562027151522
10273046,7,5,0.04263981431722641,2,6,3.154966853795699
10269153,9,1,0.2528162896633148,5,5,1.3750921818260915
10273042,8,3,0.17265984416007996,6,7,1.756431838757816
10269151,10,10,0.018081527203321457,1,5,4.012864458375172
10269155,9,2,0.1872764676809311,5,1,1.6751693171428241
10272905,9,1,0.2364761084318161,7,7,1.441908097583111
10272925,7,1,0.24076811969280243,5,5,1.4239209676145534
10272901,10,4,0.06194613128900528,4,5,2.7814901217834693
10272903,7,4,0.12475669384002686,7,1,2.0813898877537627
10272924,7,6,0.08567599207162857,1,4,2.457182631812246
10272900,7,3,0.14524070918560028,5,1,1.9293628495947126
10273135,7,1,0.2647636830806732,6,6,1.3289176128118811
10272930,11,3,0.1392650008201599,1,4,1.9713766801587285
10273002,4,1,0.290503591299057,3,3,1.2361393402913465
10273143,14,2,0.13398423790931702,8,14,2.0100331134922977
10272904,14,11,0.024217884987592697,6,12,3.720663869707705
10272927,10,1,0.19846974313259125,3,3,1.6171186180167716
10273000,6,1,0.37119343876838684,5,5,0.9910319539580256
10273148,14,4,0.11328963935375214,4,14,2.1778075594917605
10272907,14,3,0.12938977777957916,13,12,2.044925897102391
10273138,6,3,0.2017371505498886,3,1,1.6007896638237482
10277123,10,2,0.2779010832309723,7,8,1.2804900443248588
10276843,7,1,0.463160902261734,1,1,0.7696807641837095
10272931,10,1,0.2788975238800049,6,6,1.276910862552304
10276933,9,3,0.12976668775081635,9,11,2.042017150556457
10273001,6,1,0.2570153474807739,6,6,1.3586194780459324
10276890,12,3,0.15165570378303528,2,7,1.886142434061038
10272906,13,7,0.06278527528047562,5,12,2.768034703056506
10276908,8,3,0.1939253956079483,2,5,1.6402817526023925
10273139,7,1,0.3188241422176361,2,2,1.1431156065216719
10276844,7,1,0.3596210479736328,4,4,1.0227044464690134
10272926,13,5,0.08754934370517731,7,9,2.435552716507073
10276936,6,1,0.25362882018089294,2,2,1.3718834186296611
10273004,8,1,0.25020304322242737,3,3,1.3854825178641148
10272899,15,2,0.11828411370515823,6,2,2.1346658052218728
10273230,7,4,0.1406283676624298,2,5,1.9616345584884738
10276909,9,3,0.16078798472881317,6,3,1.8276686468648256
10273140,8,6,0.08655700832605362,4,2,2.446952026333671
10277126,10,4,0.14951474964618683,11,3,1.9003602311772434
10276840,10,3,0.11673334985971451,2,12,2.147863006224709
10272932,12,3,0.09979607164859772,8,2,2.304626458677932
10276934,9,1,0.4530598521232605,2,2,0.7917310383342885
10272996,11,5,0.14515388011932373,9,3,1.92996085707875
10276899,9,1,0.307263046503067,3,3,1.180051069263142
10276894,10,1,0.5452616810798645,12,12,0.6064894507830353
10273253,5,1,0.3719054162502289,1,1,0.989115714429739
10273144,5,2,0.2860342264175415,1,4,1.2516438025338947
10273462,6,5,0.12468742579221725,2,6,2.081945267048269
10273227,8,2,0.15346437692642212,5,4,1.874286811028364
10273131,9,5,0.0913754478096962,7,2,2.3927784601340942
10276841,9,2,0.28420472145080566,9,6,1.2580604503297383
10276935,9,2,0.2645229995250702,2,9,1.3298270767379627
10272999,8,3,0.16598524153232574,5,3,1.7958564010097775
10273256,5,2,0.2018890380859375,1,4,1.600037048916714
10276895,11,4,0.10641469061374664,3,6,2.2404116419272637
10273145,8,1,0.3149416446685791,2,2,1.1553679123387186
10273463,8,5,0.13267025351524353,2,4,2.019888526184228
10276897,8,4,0.1911599040031433,4,3,1.6546450074529746
10273231,7,1,0.2215244024991989,6,6,1.5072225262685288
10272929,11,9,0.06980274617671967,3,2,2.6620819264817333
10273137,10,3,0.11622194945812225,8,1,2.1522535586148845
10277128,9,1,0.32165005803108215,8,8,1.1342911007082868
10276842,8,7,0.05371721833944321,4,7,2.9240216893929505
10276940,9,4,0.13827002048492432,6,9,1.9785468354300026
10272995,9,8,0.02689928375184536,1,11,3.615655619054282
10273254,4,3,0.1718176007270813,1,3,1.7613218257442347
10276892,13,1,0.2753796875476837,5,5,1.2896044515889535
10273151,12,1,0.2261810004711151,8,8,1.4864197132084123
10273458,5,3,0.18005870282649994,3,1,1.7144723544458282
10276900,9,7,0.06936020404100418,1,8,2.668442004746528
10273228,8,1,0.2621407210826874,3,3,1.338873816040392
10273133,11,2,0.1385207623243332,4,2,1.9767350561109571
10277124,9,2,0.20798498392105103,7,2,1.5702893945740912
10276846,11,11,0.014280857518315315,3,13,4.248835273571453
10276938,10,1,0.30335935950279236,10,10,1.1928371712613524
10272997,12,4,0.10360875725746155,12,8,2.267133423216995
10273255,6,2,0.23225177824497223,1,2,1.4599332447191273
10276893,10,4,0.13268935680389404,1,4,2.0197445458048437
10273149,16,6,0.06483322381973267,2,3,2.7359370937489667
10273465,8,2,0.1819019615650177,2,4,1.704287409761297
10276898,10,3,0.11218464374542236,2,5,2.187609160274473
10273233,12,3,0.08771982789039612,1,4,2.4336073174681623
10273136,12,1,0.2014562040567398,9,9,1.602183270813589
10277127,10,6,0.07135993242263794,1,10,2.640018737703013
10276848,9,1,0.25410735607147217,12,12,1.3699984395611864
10276939,10,1,0.28157839179039,6,6,1.2673443913413296
10273003,12,1,0.16257037222385406,1,1,1.8166443111165917
10273257,6,1,0.35170331597328186,3,3,1.0449673111324256
10276889,9,3,0.13212177157402039,11,6,2.024031269723981
10273152,12,2,0.14948292076587677,1,8,1.9005731350462696
10273459,8,1,0.45927107334136963,5,5,0.778114669513153
10276901,6,5,0.06631887704133987,4,2,2.713280700726983
10273229,10,1,0.17991866171360016,8,8,1.7152504095890644
10273132,11,4,0.11465133726596832,15,13,2.1658596058477
10277122,9,2,0.15727543830871582,1,6,1.849756626636169
10276845,10,2,0.17728476226329803,4,2,1.7299980128367167
10276937,15,3,0.10648784786462784,15,16,2.2397244049005627
10273252,5,4,0.1377386450767517,5,2,1.982397265731509
10272998,12,1,0.14872540533542633,11,11,1.9056535905097882
10273150,14,2,0.17322854697704315,10,3,1.7531434755516508
10273467,10,3,0.09680639952421188,1,5,2.335042176097515
10273232,11,8,0.043250180780887604,2,4,3.140753865708069
10277125,10,8,0.044547077268362045,2,7,3.111208732865902
10273460,10,1,0.27902188897132874,9,9,1.276465045143843
10273466,13,1,0.26304003596305847,1,1,1.335449030393458
10273461,13,2,0.15950845181941986,10,3,1.8356583686976824
10273464,9,1,0.20529137551784515,8,8,1.5833249650074859
10272892,10,6,0.04426581785082817,9,12,3.1175425058483497
10272863,6,1,0.2984638810157776,3,3,1.2091063550929528
10272860,10,4,0.14884671568870544,8,7,1.9048382563341142
10272890,10,3,0.17695273458957672,7,8,1.7318726182859079
10272862,6,2,0.1785251945257187,7,5,1.7230255419202292
10276921,9,1,0.3822077810764313,5,5,0.961790888732149
10272894,11,1,0.25115880370140076,11,11,1.3816698558412144
10272861,10,2,0.24905329942703247,2,10,1.3900883514998768
10276990,9,1,0.5820803046226501,8,8,0.5411468603178372
10276920,7,2,0.22424574196338654,1,6,1.4950127661236756
10277011,6,3,0.18580089509487152,6,4,1.6830796350958572
10272891,12,6,0.06655001640319824,7,2,2.7098014876617342
10276866,8,2,0.1965370923280716,6,2,1.626904100458343
10276993,10,1,0.30256354808807373,3,3,1.1954639472499713
10272864,7,2,0.19579455256462097,3,5,1.6306893706996093
10272945,9,2,0.34634751081466675,2,5,1.0603126414466197
10277008,8,2,0.23609015345573425,6,5,1.4435415407339414
10272893,11,2,0.2528989613056183,12,13,1.3747652324494155
10276860,8,3,0.12335862219333649,8,9,2.092659538219954
10276995,9,1,0.3492624759674072,1,1,1.0519315593144196
10272942,6,2,0.2502603828907013,5,1,1.385253371574764
10272859,8,1,0.2563602030277252,5,5,1.3611717803830714
10276923,6,4,0.11680560559034348,2,5,2.1472442166716315
10277009,9,2,0.17216360569000244,5,8,1.7593100583967025
10272895,10,3,0.15424421429634094,1,4,1.8692181255137785
10276861,5,5,0.10485382378101349,6,5,2.2551880532384967
10276870,11,1,0.3703180253505707,11,11,0.9933931145519876
10276992,11,2,0.17034412920475006,5,3,1.7699345986052188
10272943,7,1,0.3576577603816986,5,5,1.0281787264059172
10276922,8,3,0.1496814340353012,5,6,1.8992460163880844
10277005,9,1,0.22170504927635193,1,1,1.5064073873537662
10276867,7,3,0.2024402767419815,3,2,1.5973103656050784
10276862,8,1,0.44760459661483765,8,8,0.8038450331269509
10276994,9,1,0.30017444491386414,7,7,1.2033914902754799
10272944,10,1,0.26633644104003906,8,8,1.3229949534662946
10276918,10,3,0.1995091736316681,7,9,1.6118950605932791
10277006,8,5,0.12938663363456726,5,8,2.044950197192147
10276872,9,2,0.19272279739379883,1,6,1.6465024054539745
10277205,13,2,0.16750220954418182,12,11,1.7867587364954722
10276864,10,2,0.19106166064739227,1,9,1.6551590724194785
10276988,7,4,0.16945858299732208,5,8,1.7751467301178874
10272946,10,7,0.040533363819122314,5,8,3.2056298460019583
10276917,12,2,0.17829345166683197,6,4,1.724324481277482
10277010,9,4,0.11469554156064987,3,7,2.1654741260412593
10276868,8,1,0.2653765380382538,6,6,1.3266055632590588
10277201,14,1,0.35299593210220337,7,7,1.0412987459050318
10276863,11,4,0.1534242480993271,6,8,1.8745483314892175
10276991,9,3,0.11251325160264969,3,5,2.184684272251045
10272947,10,8,0.025199245661497116,1,6,3.6809412189803674
10276914,16,6,0.07621069252490997,4,13,2.574253504284514
10277007,10,3,0.17220906913280487,7,8,1.7590460220988753
10276873,11,6,0.053770773112773895,1,9,2.923025210120454
10277207,13,1,0.3967532217502594,2,2,0.9244407992550676
10276989,8,1,0.28611472249031067,3,3,1.251362421003949
10276865,14,7,0.08331536501646042,2,6,2.485122292839767
10276913,8,3,0.11691923439502716,1,5,2.1462718868701174
10276869,11,3,0.14236421883106232,8,7,1.9493665838321996
10277206,16,2,0.17088676989078522,4,5,1.7667541061885101
10277202,10,1,0.2931883931159973,1,1,1.226939896670013
10277198,10,5,0.0630989596247673,3,8,2.7630509972924893
10277199,11,3,0.14046837389469147,2,5,1.9627729123813678
10277204,12,2,0.15632015466690063,2,8,1.8558491012632523
10277200,10,6,0.06621762365102768,8,1,2.7148086331755072
10276804,5,1,0.4811168313026428,5,5,0.7316451458489016
10276833,5,4,0.1092318445444107,8,6,2.214282641476162
10276806,9,2,0.20360787212848663,2,1,1.5915593303750037
10276835,8,1,0.2323727011680603,8,8,1.4594127257573581
10276834,8,2,0.34909600019454956,1,2,1.0524083224144423
10276807,8,1,0.34249070286750793,1,1,1.0715107665606725
10276829,10,1,0.44809848070144653,1,1,0.8027422477303858
10276801,10,3,0.20031334459781647,9,4,1.607872415475081
10276830,10,1,0.4205746054649353,5,5,0.8661333944622717
10276802,7,4,0.07776925712823868,7,15,2.5540090784844836
10276831,7,1,0.405270516872406,2,2,0.9032004919553397
10276803,11,4,0.109501414000988,5,2,2.2118178165579248
10276832,10,8,0.057265181094408035,3,7,2.8600624997449313
10280126,8,1,0.3960797190666199,8,8,0.9261397772136588
10280212,5,5,0.11677010357379913,5,8,2.1475482039051053
10280125,9,2,0.257209837436676,10,5,1.3578630391515316
10280215,9,2,0.2712770104408264,2,10,1.3046148014229613
10280123,9,2,0.3562718331813812,9,1,1.0320612631540191
10280209,11,1,0.3220692276954651,4,4,1.1329887637023188
10280214,9,6,0.07722502946853638,7,1,2.561031658584345
10280122,8,4,0.12665662169456482,9,10,2.066275620485748
10280315,7,1,0.24406737089157104,4,4,1.4103109815889878
10280208,10,7,0.0420212559401989,3,9,3.1695796949067914
10280124,9,3,0.186936616897583,1,2,1.676985666654841
10280316,9,4,0.14279916882514954,4,6,1.9463160496457665
10280210,11,2,0.16585250198841095,6,4,1.7966564278517296
10280127,8,6,0.04692990705370903,3,7,3.059100129708157
10280211,11,2,0.1605970412492752,1,9,1.828856900744568
10280317,6,3,0.1874929517507553,2,4,1.6740140249408566
10280128,9,2,0.21790894865989685,1,5,1.5236779701377985
10280213,12,10,0.02969529666006565,2,7,3.5167666073279586
10280318,5,3,0.22809362411499023,5,1,1.4779991022306866
10280129,11,5,0.10785846412181854,3,1,2.226935428727392
10280321,10,1,0.2270250916481018,6,6,1.4826947317146546
10280319,11,9,0.03715282306075096,10,9,3.2927155198374005
10290619,10,6,0.08276437222957611,6,3,2.491757597273388
10290616,8,1,0.2642723321914673,7,7,1.330775146198277
10290613,7,1,0.3304457664489746,6,6,1.1073127286200546
10290614,8,7,0.04844140633940697,1,7,3.027400328113255
10290642,7,3,0.13186493515968323,1,6,2.0259770987284202
10290718,6,1,0.3708093762397766,4,4,0.9920671590950961
10290615,13,7,0.04362212121486664,1,15,3.1321908899809694
10290659,9,1,0.21640412509441376,1,1,1.5306076698328364
10290643,7,1,0.5932545065879822,6,6,0.5221317872551975
10290617,10,4,0.12090770155191422,3,6,2.112727821554747
10290647,10,2,0.1967121958732605,3,2,1.6260135531031918
10290719,10,2,0.28470170497894287,4,5,1.2563132960299415
10290612,11,2,0.19522128999233246,8,10,1.633621543366911
10290631,7,3,0.2225419282913208,2,7,1.5026397533700149
10290654,13,1,0.4818589389324188,3,3,0.7301038655807511
10290645,6,1,0.28691112995147705,9,9,1.248582762911528
10290665,10,2,0.17257584631443024,6,2,1.7569184503662032
10290722,7,7,0.03293536230921745,3,8,3.4132083562146778
10290618,10,10,0.044304683804512024,7,2,3.1166648782984967
10290632,9,1,0.34977859258651733,6,6,1.0504549172797555
10290657,12,3,0.09351164847612381,5,10,2.369669267814927
10290666,7,5,0.09654510021209717,1,2,2.337745020104879
10290646,11,10,0.026090819388628006,4,3,3.646171774093319
10290723,8,2,0.18512864410877228,4,10,1.6867043220030526
10290667,7,1,0.30698227882385254,4,4,1.180965256761823
10290634,9,7,0.06543079018592834,1,3,2.7267623333595923
10290658,13,1,0.27110356092453003,2,2,1.3052543874677656
10290641,6,3,0.20376963913440704,3,4,1.5907651431164995
10290671,8,1,0.22753357887268066,6,6,1.4804574520425031
10290716,11,1,0.3995237350463867,9,9,0.9174821036598058
10290633,8,3,0.164003387093544,4,6,1.8078681983617944
10290655,12,3,0.10657275468111038,2,10,2.2389273845226727
10290832,5,1,0.36674565076828003,1,1,1.0030867208752248
10290644,11,2,0.16423845291137695,3,2,1.806435925998137
10290670,7,2,0.22758826613426208,7,6,1.4802171328293314
10290635,13,6,0.10118570923805237,10,5,2.290797745162999
10290720,11,1,0.225547656416893,1,1,1.4892238057075708
10290656,13,4,0.13995490968227386,8,2,1.9664349819477491
10290672,10,6,0.0613168440759182,8,9,2.791700692775274
10290648,10,1,0.2000017613172531,13,13,1.6094291058866126
10290717,10,1,0.2768067717552185,3,3,1.284435591104279
10290668,11,2,0.12508605420589447,8,12,2.0787533448944204
10290828,8,1,0.256776362657547,1,1,1.359549757128862
10290669,10,1,0.2967086434364319,15,15,1.2150046202039506
10290721,12,3,0.1302899718284607,10,8,2.0379927599891277
10290829,10,1,0.2255963236093521,5,5,1.4890080555488518
10290830,13,5,0.08814802020788193,2,8,2.428737829745187
10290831,11,1,0.20975591242313385,5,5,1.561810746079132
10290834,16,3,0.16538360714912415,7,2,1.7994876116481693
10294004,4,1,0.41327258944511414,6,6,0.8836478808708782
10294007,5,4,0.11079633980989456,3,6,2.200061539421323
10293878,6,5,0.08074537664651871,5,1,2.516454573669981
10293986,7,2,0.27180030941963196,8,1,1.3026876388564999
10293925,4,1,0.3979034125804901,2,2,0.9215459851082984
10294005,6,1,0.3605254888534546,5,5,1.020192620586085
10293879,10,1,0.46654292941093445,2,2,0.7624052384679911
10293984,8,2,0.1579621285200119,7,1,1.8453999675974244
10293927,10,1,0.2951648235321045,4,4,1.2202213548327232
10294006,8,2,0.252781480550766,5,1,1.3752298767078908
10293880,8,2,0.17825211584568024,7,3,1.724556349656188
10293992,11,3,0.21903029084205627,6,4,1.5185452443828946
10293922,6,4,0.12010141462087631,2,3,2.1194187712738413
10294001,8,3,0.16518902778625488,6,3,1.800664837859764
10293990,6,2,0.20674796402454376,3,5,1.576254792650191
10294002,8,4,0.13828064501285553,8,6,1.9784699993976806
10293926,9,3,0.16551212966442108,3,8,1.798710795826983
10293876,11,10,0.024316471070051193,5,16,3.716601336440279
10293991,10,1,0.4330378770828247,8,8,0.8369300788635858
10293923,7,2,0.2827039361000061,1,4,1.2633550911393143
10293998,9,2,0.17345544695854187,8,6,1.7518345024356978
10293877,11,6,0.07651857286691666,2,8,2.570221785042493
10293989,10,4,0.11546683311462402,11,5,2.1587719494391253
10293920,11,2,0.2149151861667633,8,3,1.537511811628627
10293999,8,4,0.1284007877111435,2,4,2.0525987529231045
10293881,9,2,0.16480699181556702,1,7,1.802980236341392
10293921,9,6,0.09854446351528168,3,4,2.3172474264107286
10293988,10,10,0.021378424018621445,1,6,3.84537308898236
10294000,10,8,0.0716724842786789,6,3,2.6356483668356097
10293883,10,4,0.14395226538181305,12,6,1.9382735247653016
10293924,13,2,0.145900696516037,7,6,1.9248290495371911
10293985,11,4,0.11900714039802551,4,14,2.128571784325984
10293916,5,1,0.34618905186653137,1,1,1.0607702604647036
10291481,9,2,0.2456892877817154,4,9,1.4036875991774749
10294003,12,5,0.09943484514951706,4,3,2.3082526719254797
10293882,14,3,0.1408923864364624,11,5,1.9597588967648363
10293915,6,2,0.23096150159835815,7,6,1.4655042420969897
10293987,13,7,0.07078706473112106,5,1,2.64807899651226
10291482,11,2,0.2176615595817566,6,10,1.524813901520023
10293917,8,2,0.24187780916690826,3,9,1.4193226011387818
10291483,8,3,0.18074345588684082,1,8,1.7106766239273732
10293911,10,1,0.36313149333000183,5,5,1.0129902697320472
10291485,8,3,0.15565936267375946,2,6,1.860085231807475
10293912,10,2,0.2132866233587265,9,8,1.5451183682762075
10291484,10,3,0.13124969601631165,5,2,2.030653693579283
10293918,5,3,0.21269528567790985,6,1,1.5478947212062957
10291486,12,3,0.12635846436023712,3,11,2.0686324560167093
10293914,7,6,0.0995803028345108,8,7,2.3067908966549218
10291480,12,2,0.1901075839996338,2,1,1.6601651354932414
10293913,5,1,0.3057723641395569,7,7,1.1849143619073093
10293825,11,3,0.12011751532554626,1,8,2.119284721016456
10293826,7,7,0.05844982713460922,5,7,2.8395865485601486
10293819,7,7,0.07320771366357803,2,6,2.6144544856490013
10298384,11,4,0.09374041855335236,8,5,2.367225821452182
10293820,14,12,0.03222282603383064,3,9,3.4350801945324583
10298461,4,1,0.4042503833770752,4,4,0.9057208321590744
10293821,14,4,0.1078551709651947,3,2,2.226965961397455
10293824,10,1,0.21004034578800201,5,5,1.5604556439178805
10298376,12,1,0.2837894856929779,3,3,1.259522563240675
10298383,13,3,0.11586112529039383,4,2,2.1553630008595834
10298627,6,1,0.31589475274086,1,1,1.1523461818189862
10298463,13,3,0.09435924887657166,3,4,2.360645984663285
10298378,14,3,0.11993253976106644,12,4,2.120825862933917
10298629,5,1,0.3768819272518158,4,4,0.975823330901941
10298467,12,1,0.21314385533332825,10,10,1.545787964085449
10298501,13,1,0.1659841239452362,1,1,1.7958631340834028
10298377,10,1,0.35761499404907227,2,2,1.0282983068943738
10298464,13,1,0.21676048636436462,10,10,1.5289622844946915
10298631,8,3,0.1971002072095871,6,2,1.6240430135323505
10298496,6,1,0.28798678517341614,2,2,1.2448406847134588
10298381,14,1,0.16361336410045624,4,4,1.8102491704941448
10298466,8,2,0.21019114553928375,1,2,1.559737945407098
10298632,7,2,0.15216517448425293,1,2,1.882788673900416
10298497,12,5,0.09609387814998627,14,12,2.3424296679487817
10293840,6,5,0.056842878460884094,3,1,2.8674643355702356
10298380,10,1,0.2766638994216919,2,2,1.2849518689998947
10298440,5,4,0.11225303262472153,2,4,2.1869997360234126
10298498,9,9,0.05804409459233284,1,12,2.8465523056886264
10298628,7,2,0.19136860966682434,1,5,1.6535538172439759
10293846,6,6,0.02523060142993927,4,7,3.6796976787242968
10298438,7,1,0.3910464644432068,2,2,0.9389288911639658
10298502,11,1,0.20686815679073334,7,7,1.5756736123551107
10298630,5,2,0.26477283239364624,3,2,1.3288830568834171
10298439,8,5,0.1362084001302719,10,11,1.9935692122032618
10298499,14,4,0.10285196453332901,3,5,2.2744645621095487
10293841,12,6,0.08613698184490204,3,7,2.4518164377584704
10298441,8,1,0.21719324588775635,6,6,1.526967787686904
10293842,7,2,0.19907638430595398,2,1,1.6140666871722165
10298500,12,3,0.16029565036296844,7,4,1.8307353540893054
10298442,6,1,0.21866926550865173,6,6,1.5201948938286807
10293839,9,1,0.40180686116218567,6,6,0.9117837506839175
10298436,11,1,0.23229923844337463,5,5,1.4597289175435855
10293844,7,1,0.2268938273191452,2,2,1.4832730919773829
10298437,8,3,0.1277577430009842,4,7,2.057619441159851
10293845,6,4,0.10877864062786102,5,6,2.2184402815917785
10298314,7,2,0.1667463183403015,5,8,1.7912816733488783
10298315,7,5,0.1152414008975029,8,5,2.1607262124920497
10298316,5,5,0.07672092318534851,8,3,2.567580815302234
10298325,11,3,0.1843036562204361,2,1,1.6911705760851454
10298416,4,3,0.2470237761735916,2,3,1.3982706871747266
10298474,12,3,0.13423289358615875,4,10,2.0081789757890753
10298318,8,5,0.07288549095392227,8,2,2.6188656864711333
10298541,10,3,0.12984131276607513,4,11,2.0414422451824654
10298329,16,7,0.055506836622953415,2,6,2.8912490834205196
10298418,7,3,0.1700368970632553,1,5,1.771739823933424
10298475,7,1,0.30714699625968933,3,3,1.1804288308122075
10298317,10,3,0.16013777256011963,5,3,1.8317207557629747
10298583,8,1,0.392834335565567,7,7,0.934367293986097
10298533,6,2,0.2599417567253113,4,5,1.347297685656135
10301570,7,1,0.395997554063797,1,1,0.9263472443533051
10298330,12,1,0.2711136043071747,4,4,1.3052173418584052
10298420,10,3,0.11807375401258469,7,12,2.1364458157639157
10301660,8,2,0.2300461232662201,12,2,1.4694754542234982
10298472,13,3,0.12799979746341705,4,6,2.055726597380826
10298320,7,2,0.15955187380313873,10,7,1.8353861820263861
10298579,7,2,0.17250023782253265,3,1,1.7573566638303242
10301613,9,5,0.11762478202581406,1,7,2.1402555342063523
10298539,12,3,0.14520294964313507,7,6,1.9296228624511147
10301571,7,1,0.4589979648590088,1,1,0.7787095027897901
10301689,8,3,0.2035292237997055,5,7,1.591945678514468
10298411,10,1,0.2423301786184311,4,4,1.4174541082822154
10301654,11,1,0.26846030354499817,2,2,1.3150522212334324
10298469,13,1,0.1658845692873001,11,11,1.7964630982436414
10298327,16,3,0.11464136838912964,9,7,2.165946559131421
10298321,8,2,0.17141802608966827,10,8,1.7636501086303868
10298582,12,1,0.20553158223628998,7,7,1.5821555720060279
10301610,8,2,0.21852806210517883,8,10,1.5208408420056896
10298536,12,1,0.19173508882522583,14,14,1.6516406053818522
10301803,7,2,0.25783541798591614,9,2,1.3554338123979972
10301574,8,3,0.15579628944396973,8,2,1.8592059619782013
10301684,9,1,0.38804012537002563,5,5,0.9466465288037914
10298413,10,1,0.5065878629684448,1,1,0.6800574995214432
10301658,9,5,0.07914014905691147,3,4,2.5365349595680593
10298470,11,3,0.13987289369106293,1,5,1.9670211709723617
10298693,5,1,0.38250869512557983,3,3,0.9610038936194655
10298328,17,4,0.11988529562950134,3,16,2.121219863089071
10298584,8,4,0.14710527658462524,6,4,1.9166067812864378
10301612,9,1,0.3223974108695984,2,2,1.1319702991834046
10298534,9,7,0.06741070002317429,2,9,2.696951519610936
10301806,10,1,0.21218548715114594,3,3,1.5502944474542824
10301579,12,2,0.29271236062049866,10,5,1.2285648565193032
10301685,8,2,0.2252139300107956,2,4,1.4907045284537919
10298419,11,9,0.045423101633787155,3,6,3.0917344567941556
10298479,9,5,0.12264848500490189,9,2,2.0984328605357305
10298689,6,1,0.2545149326324463,5,5,1.3683957703220828
10298323,13,13,0.02671380713582039,4,6,3.6225747260452446
10298580,10,7,0.06842048466205597,3,5,2.6820830158264317
10301611,11,3,0.13850188255310059,7,4,1.9768713610059607
10298535,12,2,0.14169742166996002,13,3,1.9540613281464587
10301804,12,1,0.20495674014091492,4,4,1.5849563458152174
10301572,9,4,0.13208013772964478,7,8,2.024346436596393
10301688,10,2,0.16850799322128296,3,6,1.7807720927998116
10298412,11,1,0.2290053814649582,3,3,1.4740097758570354
10301656,12,4,0.08635468035936356,8,6,2.449292273665358
10298473,12,3,0.1346265971660614,2,6,2.0052502797612037
10298690,8,1,0.4446765184402466,1,1,0.8104081860072568
10298585,10,3,0.13117384910583496,13,14,2.0312317431788594
10301608,11,7,0.07671409845352173,2,8,2.5676697745471104
10298537,12,8,0.05794498696923256,5,2,2.848261219077462
10301808,12,2,0.20121893286705017,7,6,1.6033617454468256
10301568,11,1,0.3074735105037689,2,2,1.179366340149423
10301686,12,1,0.2600730359554291,3,3,1.3467927798928587
10298414,7,1,0.22921903431415558,8,8,1.4730772508438632
10301659,11,1,0.16929282248020172,3,3,1.7761253860152213
10298478,8,1,0.3864242732524872,9,9,0.9508193596403873
10298694,5,2,0.24751737713813782,1,3,1.3962744887789023
10298587,12,5,0.0683489590883255,1,12,2.6831289450674918
10301609,11,5,0.10727601498365402,1,9,2.2323501866377353
10298542,10,6,0.07361312210559845,2,6,2.608931979660747
10301805,12,1,0.21469606459140778,6,6,1.5385319040678735
10301569,7,4,0.13196596503257751,2,5,2.0252112303046763
10301687,12,6,0.06870739161968231,4,10,2.677898492824159
10298417,15,2,0.17820461094379425,6,5,1.7248228891747157
10301657,13,7,0.07469679415225983,4,3,2.594318104066039
10298477,11,3,0.13434487581253052,1,9,2.007345085232075
10298691,5,2,0.32073771953582764,1,2,1.1371315629353942
10298586,9,7,0.0792260393500328,5,1,2.535450254525818
10298540,13,1,0.16586971282958984,19,19,1.7965526612637501
10301578,12,1,0.24718938767910004,2,2,1.3976004844208525
10301810,12,4,0.11211954057216644,3,7,2.1881896503378404
10298415,14,4,0.11073622107505798,1,2,2.200604292469202
10298471,16,5,0.09371735155582428,5,15,2.3674719248559626
10298581,10,2,0.20319831371307373,3,15,1.5935728619683776
10301717,8,3,0.17006343603134155,9,7,1.7715837584106495
10301789,13,1,0.39248496294021606,13,13,0.9352570534738995
10301899,10,1,0.27041199803352356,6,6,1.307808564371958
10301522,9,3,0.16130758821964264,8,3,1.8244422508183786
10301909,10,2,0.29684963822364807,7,8,1.2145295369839042
10301791,8,1,0.3358868658542633,8,8,1.090980884485131
10301895,8,1,0.3622150421142578,3,3,1.01551720453802
10301591,10,1,0.3217793107032776,2,2,1.1338893388981652
10301523,10,1,0.4394741654396057,3,3,0.8221763452919993
10301910,10,3,0.12539315223693848,4,7,2.07630125963529
10301718,14,1,0.20432695746421814,2,2,1.5880338354754935
10301793,11,1,0.4871528744697571,10,10,0.7191772945436584
10301893,12,2,0.1659867763519287,8,5,1.7958471543292123
10301592,11,2,0.23924604058265686,7,3,1.430262798074805
10301524,11,1,0.30370065569877625,5,5,1.1917127478982692
10301908,10,2,0.2448863536119461,3,8,1.406961038863427
10301715,14,4,0.07666158676147461,14,18,2.568354520555258
10301787,8,2,0.2716381251811981,9,12,1.3032845206113504
10301897,8,1,0.26481303572654724,3,3,1.3287312275563963
10301597,10,2,0.19166825711727142,9,3,1.6519892288841693
10301520,12,1,0.3783058226108551,2,2,0.9720523559446704
10301714,14,1,0.5671287775039673,11,11,0.567168880224129
10301911,9,4,0.09610875695943832,1,2,2.342274843750109
10301713,9,2,0.1840784251689911,4,7,1.6923933884361728
10301792,10,1,0.24513374269008636,1,1,1.4059513288493877
10301901,8,6,0.05815580114722252,4,7,2.844629643218231
10301593,10,4,0.1001821756362915,2,9,2.300764994016657
10301521,12,1,0.3041403591632843,5,5,1.1902659763561914
10301905,9,8,0.03685873746871948,5,8,3.3006625793965414
10301716,11,3,0.13195475935935974,3,2,2.025296147267907
10301794,7,6,0.06311888992786407,3,7,2.7627351892933345
10301898,13,10,0.007469288073480129,2,10,4.8969555891342
10301594,10,1,0.19859980046749115,4,4,1.6164635320669816
10301518,12,2,0.131511852145195,5,2,2.0286583010441057
10301906,10,1,0.2728181779384613,1,1,1.298949720561042
10301790,8,1,0.44306451082229614,4,4,0.8140398969152531
10301719,13,1,0.21851961314678192,1,1,1.5208795057894202
10301892,9,7,0.03880048170685768,6,18,3.2493226173047782
10301596,11,11,0.039525218307971954,3,5,3.2308163726135066
10301519,12,7,0.03414519876241684,2,13,3.37713329545799
10301907,9,2,0.2519829273223877,4,2,1.3783939424864458
10301788,10,2,0.20545825362205505,2,8,1.5825124110741273
10301720,9,4,0.1316702961921692,4,14,2.0274542371125857
10301595,11,3,0.1510690450668335,1,9,1.890018294576862
10301894,14,5,0.05266224965453148,6,8,2.943856405459363
10301900,13,2,0.1411019265651703,14,7,1.9582727663174309
10302110,9,7,0.0416560098528862,2,6,3.1783096265917465
10301583,11,2,0.2744891941547394,11,6,1.2928433843639007
10305601,8,3,0.22891654074192047,5,11,1.4743977927649146
10302108,6,1,0.3420652747154236,1,1,1.072753698390312
10301577,10,1,0.2244269698858261,3,3,1.4942049258984542
10305595,11,1,0.32816359400749207,10,10,1.1142430327205621
10302103,6,3,0.22234414517879486,7,5,1.5035288939268923
10301576,12,2,0.17288552224636078,3,6,1.7551256246377114
10305602,12,6,0.06784909218549728,9,1,2.690469272518148
10302104,11,2,0.2716750502586365,12,6,1.3031485950377977
10301575,10,3,0.16489717364311218,6,1,1.8024331893869279
10305596,9,3,0.11544778198003769,2,3,2.1589369553190845
10302105,8,5,0.07937866449356079,7,5,2.5335256559869275
10305597,8,2,0.2436310201883316,1,5,1.4121004105789345
10301582,10,2,0.14196772873401642,9,1,1.952155509645401
10302106,8,6,0.08174014836549759,5,10,2.504209985757152
10305598,11,1,0.382476806640625,4,4,0.9610872637876574
10301573,9,6,0.07945811748504639,5,11,2.5325252202298856
10305600,8,1,0.2079203873872757,5,5,1.5706000254952142
10302109,11,7,0.048560384660959244,1,8,3.0249472109080826
10301580,10,4,0.10371062159538269,8,4,2.2661507428068766
10305599,9,1,0.24565432965755463,5,5,1.4038298952121804
10302107,8,3,0.18847861886024475,1,2,1.6687707063246007
10301581,11,3,0.13683898746967316,1,10,1.988950318274026
10305573,8,5,0.12399923801422119,5,1,2.087479858442584
10305621,12,2,0.2912921607494354,2,5,1.2334285266406704
10305574,10,1,0.34236451983451843,8,8,1.0718792620623043
10305622,11,2,0.18693459033966064,2,4,1.6769965075962303
10305669,7,1,0.5941362380981445,2,2,0.52064662885022
10305575,7,2,0.1868753284215927,2,3,1.6773135773987695
10305619,10,3,0.1055336445569992,9,11,2.2487254711521003
10305664,10,1,0.30930450558662415,6,6,1.1734290323534864
10305620,7,1,0.5780008435249329,3,3,0.5481799509251275
10305576,7,1,0.30532342195510864,1,1,1.1863836643486951
10305665,11,1,0.5607549548149109,1,1,0.5784712695710827
10305624,9,1,0.27061760425567627,10,10,1.3070485089843018
10305579,9,4,0.08970743417739868,3,8,2.411201635119728
10305666,10,1,0.23688533902168274,7,7,1.4401790565130341
10305623,5,3,0.19396425783634186,1,7,1.640081374849707
10305578,11,2,0.17164842784404755,3,2,1.7623069181996258
10305625,10,4,0.13968899846076965,3,6,1.9683367669958507
10305667,10,1,0.26608556509017944,3,3,1.3239373486548411
10305577,9,5,0.08108869940042496,3,1,2.512211669118103
10305626,6,3,0.1816692054271698,2,8,1.705567798256192
10305670,10,1,0.231919065117836,6,6,1.4613668254313805
10305580,10,2,0.19971320033073425,11,2,1.6108729399400508
10305668,14,2,0.13480201363563538,6,11,2.003948142665683
10315554,11,2,0.17319795489311218,17,6,1.7533200907000033
10315550,12,3,0.23360000550746918,9,2,1.4541450044515705
10315551,10,1,0.3211844861507416,12,12,1.135739597731222
10315553,10,1,0.3189413249492645,1,1,1.14274812744361
10315556,10,2,0.20382146537303925,6,8,1.5905108380625452
10315555,12,12,0.03020896390080452,2,1,3.4996165807355992
10315526,6,3,0.22256702184677124,1,5,1.5025270009507736
10315486,6,2,0.20529446005821228,8,2,1.5833099399379391
10315552,12,3,0.13190235197544098,7,4,2.025693387913367
10315527,7,1,0.22368700802326202,4,4,1.497507489851384
10315557,12,1,0.2860713005065918,1,1,1.2515141967623808
10315529,9,5,0.1119598001241684,9,5,2.189615399579704
10315512,12,1,0.37607961893081665,2,2,0.9779544055330573
10315490,10,8,0.03743781894445419,2,3,3.2850738837583395
10315530,7,2,0.18562953174114227,3,4,1.6840023563028805
10315601,10,7,0.06426866352558136,7,8,2.7446831145003676
10315516,9,1,0.26834672689437866,2,2,1.315475377585246
10306664,7,1,0.2744351029396057,3,3,1.2930404651475171
10315491,8,1,0.3168568015098572,4,4,1.1493053374185207
10315528,8,4,0.11352216452360153,9,2,2.175757178979487
10315604,12,2,0.14097855985164642,4,9,1.9591474579556682
10315513,9,1,0.3771495819091797,1,1,0.9751134012362611
10306661,9,2,0.21280890703201294,2,5,1.5473606660371562
10315493,9,3,0.17912040650844574,10,5,1.7196970372187455
10315532,11,3,0.15209117531776428,7,8,1.8832751003496644
10315602,10,7,0.06479030102491379,11,2,2.7365993623678637
10315514,10,1,0.2443976104259491,3,3,1.4089588290403956
10306665,8,6,0.08182095736265182,1,7,2.50322186571028
10315488,9,1,0.2493433952331543,1,1,1.3889242352768336
10315603,10,3,0.15988048911094666,1,2,1.8333286859058489
10306668,8,1,0.2943262457847595,1,1,1.2230664473426942
10306670,13,7,0.07028310745954514,1,10,2.6552238012231673
10306662,11,5,0.058095782995224,9,8,2.8456621995962577
10306663,11,3,0.13329121470451355,3,11,2.015218960162079
10306667,9,9,0.02354317158460617,8,4,3.748919454509019
10319222,14,1,0.26736924052238464,2,2,1.3191246526348201
10319216,13,2,0.21691438555717468,2,12,1.5282525398946019
10319220,14,1,0.19874727725982666,3,3,1.6157212248631592
10319225,13,6,0.08421643823385239,10,5,2.474365148357895
10319221,11,3,0.1169121116399765,5,10,2.146332809027678
10319309,5,4,0.18565259873867035,4,1,1.6838781004033148
10319256,7,3,0.18369677662849426,2,3,1.6944688338475362
10319217,11,4,0.1408609002828598,2,4,1.9599823983544737
10319312,8,3,0.16700740158557892,2,1,1.7897171466757926
10319257,6,1,0.37119606137275696,7,7,0.9910248886523616
10319218,11,3,0.12784773111343384,6,8,2.056915323875358
10319310,8,1,0.34230849146842957,11,11,1.0720429266592402
10319258,7,1,0.26880988478660583,11,11,1.3137508972495864
10319219,14,6,0.04406072944402695,1,12,3.1221863820475955
10319313,9,5,0.1090199202299118,1,5,2.2162246590476844
10319259,7,1,0.6273047924041748,4,4,0.4663227441761579
10319224,14,2,0.12304151803255081,1,6,2.095233435585122
10319311,7,1,0.31406423449516296,1,1,1.158157745539224
10319262,8,1,0.23120291531085968,1,1,1.4644595327873768
10319439,5,1,0.2752003073692322,3,3,1.29025605602956
10319315,7,2,0.22511330246925354,4,2,1.4911514369947776
10319261,9,2,0.2434060424566269,4,6,1.4130242735247436
10319438,5,2,0.2164733111858368,2,1,1.530288013106874
10319316,7,4,0.10866264253854752,3,1,2.219507218823092
10315775,8,1,0.30751994252204895,5,5,1.1792153401082361
10319260,12,3,0.1350850909948349,5,3,2.0018503954361893
10319441,5,2,0.23360247910022736,2,3,1.4541344154977884
10319285,8,5,0.10569925606250763,6,8,2.2471574243283707
10319314,9,8,0.04886433109641075,4,6,3.0187075740927507
10315776,13,3,0.16911093890666962,8,1,1.7772003361889477
10319440,4,3,0.13592439889907837,1,2,1.9956564382584165
10315779,6,4,0.17866462469100952,3,2,1.7222448356129862
10319317,11,1,0.18701288104057312,4,4,1.676577781929936
10319287,9,4,0.16540640592575073,7,6,1.7993497672407717
10315778,16,2,0.23708392679691315,14,6,1.4393410790272652
10319291,8,4,0.1262637823820114,3,1,2.069382049402724
10315780,11,1,0.2026810348033905,6,6,1.5961217927855744
10319289,10,1,0.17646688222885132,4,4,1.7346220563118
10315777,10,2,0.19865965843200684,4,1,1.6161621775560808
10319290,7,1,0.25243517756462097,7,7,1.3766007857419413
10315774,12,7,0.05826717987656593,1,13,2.842716296517385
10319288,9,2,0.1615670621395111,5,9,1.8228349770640675
10319292,9,2,0.16972792148590088,4,6,1.7735585858867384
10323048,11,8,0.05419677495956421,5,6,2.9151338748979523
10323151,13,6,0.04126769304275513,2,9,3.1876753359136907
10319505,4,2,0.2492028772830963,4,1,1.3894879460556537
10323376,6,3,0.1882273405790329,4,1,1.6701047883171134
10323152,9,3,0.14066322147846222,7,1,1.9613867457734386
10319501,9,1,0.25226742029190063,6,6,1.377265562502001
10323375,7,1,0.2637122571468353,4,4,1.332896705296846
10323044,8,1,0.3091452717781067,7,7,1.1739439773590925
10319502,8,1,0.5178505182266235,6,6,0.6580686532204669
10323372,7,1,0.25234031677246094,1,1,1.3769766391434672
10323041,8,1,0.2729448080062866,6,6,1.298485672711119
10323155,14,6,0.08321322500705719,2,10,2.486348989375143
10319497,5,2,0.22185258567333221,2,1,1.5057421461729308
10319545,7,1,0.22577793896198273,1,1,1.4882033337138192
10323373,8,1,0.45124080777168274,2,2,0.7957541401315984
10323045,12,1,0.35397934913635254,8,8,1.0385167033229754
10323156,8,4,0.1856909841299057,3,8,1.6836713625295885
10319503,6,1,0.23499555885791779,7,7,1.4481886634935022
10319546,11,2,0.1695457547903061,6,9,1.7746324488229979
10323370,5,3,0.19131551682949066,5,2,1.6538312932822972
10323043,9,2,0.2917780578136444,9,2,1.231761841698726
10323149,9,4,0.14545296132564545,4,2,1.9279025344981287
10319498,13,4,0.08793574571609497,1,9,2.4311488935193677
10323374,7,1,0.2736598253250122,7,7,1.2958694573226732
10323042,7,4,0.1215926855802536,9,6,2.107078462737421
10319469,10,6,0.03478984534740448,2,1,3.3584297351456582
10323150,14,1,0.20549741387367249,5,5,1.5823218296813721
10319499,10,2,0.1929880678653717,6,4,1.6451269165202194
10319537,5,3,0.24515525996685028,1,4,1.4058635549990215
10323117,9,1,0.3939824402332306,2,2,0.9314489386133462
10323371,5,1,0.2523902952671051,5,5,1.3767785988676633
10323046,9,1,0.260696679353714,1,1,1.3443976955472243
10319465,7,1,0.2580098509788513,1,1,1.354757512700866
10323154,9,1,0.25018173456192017,4,4,1.38556768696384
10319500,7,3,0.1527366042137146,2,4,1.8790403822313027
10323119,4,3,0.21664485335350037,2,7,1.5294958866588144
10319544,11,2,0.2560402452945709,2,9,1.3624206386765683
10323047,8,1,0.36707377433776855,10,10,1.0021924311354586
10319470,10,1,0.5167837142944336,9,9,0.6601308395984473
10319504,7,4,0.13183088600635529,4,1,2.026235344409877
10323134,7,2,0.3580244481563568,2,3,1.0271540039736127
10319542,13,4,0.08288682997226715,9,11,2.49027909589977
10319466,10,4,0.12960991263389587,2,7,2.043226011616243
10323115,6,3,0.15351438522338867,1,7,1.8739610015354942
10319541,13,2,0.2523271441459656,9,3,1.3770288423367318
10319467,9,2,0.25606533885002136,2,1,1.3623226371852841
10323123,6,1,0.3301796019077301,12,12,1.1081185243657081
10319538,11,10,0.011866232380270958,2,11,4.434058527630133
10319468,10,1,0.440195769071579,2,2,0.8205357213135688
10323118,8,7,0.10164660960435867,8,3,2.2862530930856817
10319539,9,2,0.24980472028255463,4,7,1.3870757852219753
10323116,7,3,0.13153234124183655,5,6,2.0285025166002892
10319540,11,9,0.02425716444849968,5,1,3.71904326405755
10323124,7,5,0.13455992937088013,4,1,2.0057456076470532
10322960,9,7,0.07604216039180756,8,5,2.5764673505107987
10322966,14,2,0.1360165923833847,2,12,1.9949783978688185
10322922,13,2,0.1354132443666458,12,8,1.999424106695036
10322959,14,1,0.18794211745262146,5,5,1.6716212494490907
10322917,9,4,0.15109266340732574,8,5,1.8898619654333737
10322963,12,2,0.16007760167121887,2,4,1.8320965708827415
10327178,6,2,0.20725248754024506,3,4,1.5738174824320321
10322964,7,2,0.1632905751466751,2,3,1.8122239956334756
10327180,9,1,0.2216724306344986,2,2,1.5065545244700616
10322924,16,1,0.29742175340652466,11,11,1.2126041023502183
10323215,10,6,0.09333940595388412,3,4,2.371512902805938
10323084,10,7,0.03351683169603348,2,9,3.3957075276436037
10322967,14,7,0.0762317106127739,2,9,2.5739777530819024
10323222,7,1,0.34009772539138794,3,3,1.0785222750496062
10327181,9,4,0.13761292397975922,1,4,1.983310433621996
10322919,13,1,0.19400225579738617,1,1,1.6398854921648334
10323025,7,4,0.15027731657028198,1,4,1.895272914635673
10323206,12,5,0.06135505437850952,9,10,2.791077725260978
10323086,16,3,0.09390977025032043,3,7,2.365420848656517
10323264,5,1,0.22983576357364655,6,6,1.4703902965482982
10322962,14,1,0.1677102893590927,8,8,1.7855172562862478
10323214,6,4,0.11563149839639664,6,10,2.1573468823816264
10327176,6,2,0.2115597277879715,1,7,1.5532479194746756
10323126,7,1,0.27613070607185364,1,1,1.2868809526410518
10322921,16,2,0.15238207578659058,4,5,1.881364255595417
10323534,7,1,0.416757732629776,8,8,0.8752502029228258
10323028,9,1,0.34771662950515747,3,3,1.0563674139473287
10323207,7,1,0.39250391721725464,11,11,0.9352087616381262
10323085,11,5,0.08269708603620529,3,10,2.4925709129274995
10323063,6,1,0.39246225357055664,1,1,0.9353149156312219
10323252,8,2,0.24044553935527802,1,5,1.425261662666649
10323258,10,4,0.11734456568956375,5,10,2.1426406663252213
10322958,11,8,0.07175630331039429,4,2,2.634479577185133
10322971,7,2,0.21101589500904083,5,8,1.5558218165469657
10323514,9,1,0.23034247756004333,1,1,1.4681880446993554
10323216,8,6,0.10694345831871033,2,6,2.2354550111148854
10327177,6,1,0.38960373401641846,6,6,0.9426251230286319
10323130,6,3,0.160841166973114,5,2,1.827337941488748
10322920,11,1,0.18112996220588684,2,2,1.708540482134724
10323532,10,2,0.20854584872722626,10,5,1.567596363944988
10323023,5,1,0.23386353254318237,2,2,1.4530175280082591
10323193,8,1,0.2703739404678345,3,3,1.3079493134670892
10323203,8,4,0.19868667423725128,4,10,1.6160261964078237
10323088,12,10,0.050573401153087616,4,7,2.9843295098123694
10323064,8,1,0.4413754940032959,10,10,0.8178593054970656
10323251,5,4,0.21846450865268707,1,2,1.5211317094354475
10322961,14,5,0.08377638459205627,16,7,2.4796041179864625
10322972,5,4,0.10130345821380615,4,5,2.2896347299705533
10323515,9,6,0.0294466745108366,1,5,3.5251742950962353
10323219,7,1,0.1899595856666565,6,6,1.6609439364645944
10327179,5,3,0.18908360600471497,4,2,1.6655660019214458
10323122,8,6,0.08711300045251846,2,10,2.440549147334952
10322925,16,4,0.10149931162595749,8,10,2.287703262533564
10323528,9,2,0.17403104901313782,6,2,1.7485215530823555
10323031,12,3,0.12631550431251526,5,8,2.0689724993410095
10323194,7,2,0.1876104176044464,7,5,1.6733877130112524
10323200,7,1,0.28381574153900146,2,2,1.2594300487789238
10323087,16,2,0.1568039357662201,3,12,1.85275907083097
10323065,7,3,0.13687483966350555,7,4,1.9886883498202366
10323719,9,6,0.10349643975496292,2,9,2.268218065371129
10323253,8,2,0.22920796275138855,5,10,1.4731255532468195
10323262,7,2,0.21527788043022156,1,3,1.53582561825381
10322957,14,4,0.08513700217008591,9,14,2.4634935297953446
10322974,7,1,0.3669371008872986,2,2,1.0025648328441052
10323517,7,3,0.17463095486164093,1,2,1.745080361132368
10323220,12,1,0.22235439717769623,8,8,1.5034827862924984
10323344,5,5,0.12631593644618988,4,1,2.068969078280881
10323131,8,3,0.1900651454925537,4,3,1.6603883945750437
10323535,7,5,0.14699581265449524,1,2,1.9173511779526857
10323027,15,5,0.08850658684968948,8,2,2.4246783020577483
10323204,8,2,0.2600192129611969,7,9,1.346999754692181
10323082,13,4,0.10900961607694626,12,4,2.216319179754812
10323066,7,2,0.28615209460258484,3,2,1.2512318102076874
10323716,8,3,0.16008126735687256,9,3,1.832073671716056
10323259,12,6,0.06455415487289429,2,3,2.7402507970236107
10322969,5,2,0.216170534491539,5,3,1.5316876712633565
10323519,7,1,0.3249650299549103,4,4,1.1240377025804473
10323217,14,2,0.12419411540031433,7,5,2.085909490634903
10323345,4,1,0.5121812224388123,5,5,0.669076766492375
10323127,7,1,0.4787929654121399,12,12,0.7364869975279287
10323533,7,3,0.16608314216136932,3,8,1.795266759618501
10323024,12,9,0.03870788589119911,5,10,3.25171192990622
10323201,6,6,0.05001392960548401,8,4,2.9954537202438867
10323083,9,1,0.19257548451423645,6,6,1.647267074769451
10323068,8,5,0.11207593232393265,4,6,2.1885786702249987
10323720,9,1,0.3601612448692322,8,8,1.0212034453957919
10323254,10,1,0.16444550454616547,1,1,1.805176043016455
10323261,7,2,0.13883434236049652,3,1,1.9744738381670244
10322970,8,6,0.06874839216470718,11,2,2.6773019294040976
10323516,7,3,0.1803702861070633,2,6,1.712743396078172
10323221,14,2,0.16002079844474792,7,17,1.83245148191664
10323347,6,4,0.07684026658535004,4,5,2.566026471731344
10323132,8,2,0.21452049911022186,1,3,1.539349978232874
10323529,10,1,0.3424578011035919,2,2,1.0716068373273084
10323030,12,12,0.023695873096585274,8,12,3.742454376949374
10323205,7,2,0.19834867119789124,2,5,1.6177288313238387
10323089,16,2,0.11492645740509033,7,15,2.16346285601206
10323067,9,4,0.12205935269594193,2,5,2.1032478550427047
10323257,6,6,0.03244578465819359,1,7,3.4281847469452034
10323265,10,8,0.056003618985414505,2,6,2.882338965595532
10322973,9,2,0.16458159685134888,4,7,1.8043488022671894
10323521,7,1,0.2849118113517761,1,1,1.2555755804514368
10323213,15,9,0.060083866119384766,12,10,2.812013924072885
10323346,7,1,0.4545038640499115,1,1,0.788548863640762
10323133,10,1,0.3055603802204132,9,9,1.1856078759701358
10323551,8,3,0.14966246485710144,4,2,1.8993727547535253
10323530,11,7,0.0852067843079567,9,13,2.4626742202893492
10323029,13,9,0.05567383021116257,12,7,2.8882450770848096
10323202,10,2,0.18525858223438263,7,6,1.6860026880281243
10323080,13,3,0.09351005405187607,1,3,2.3696863185018393
10323062,9,5,0.07522755861282349,1,5,2.5872376442452016
10323718,11,1,0.2419489175081253,8,8,1.4190286597841248
10323250,10,8,0.025926373898983,13,11,3.652494531131568
10323263,11,5,0.10019933432340622,1,14,2.3005937338324203
10323518,5,1,0.4993434250354767,2,2,0.6944611934258864
10323218,11,8,0.05420350655913353,16,3,2.915009675966295
10323349,8,6,0.026625681668519974,2,7,3.625879052706768
10323129,10,3,0.1783239096403122,9,3,1.7241536652889242
10323550,7,3,0.18008646368980408,3,2,1.7143181895926516
10323531,15,2,0.14264361560344696,6,2,1.947405957995788
10323081,17,2,0.1743108481168747,1,9,1.7469150902008255
10323026,15,1,0.18952201306819916,8,8,1.6632500972578845
10323723,8,2,0.189322829246521,6,5,1.6643016297998858
10323260,10,6,0.07183598726987839,4,3,2.6333697130365543
10323520,5,1,0.3400084972381592,3,3,1.078784669807283
10323552,7,3,0.17953771352767944,5,7,1.7173699899041237
10323724,10,1,0.3282189965248108,1,1,1.114074221060261
10323547,7,1,0.3335125148296356,1,1,1.0980748886044873
10323722,14,1,0.37152785062789917,2,2,0.9901314495914892
10323548,12,4,0.11877158284187317,5,6,2.1305531023346087
10323721,9,3,0.13848558068275452,6,2,1.9769890693684582
10323549,9,3,0.1278376430273056,2,1,2.0569942340294283
10323725,8,6,0.07283724099397659,6,3,2.619527902462612
10323333,9,7,0.05206461623311043,8,2,2.9552697119462863
10323593,10,2,0.29137900471687317,8,13,1.2331304375186136
10322990,6,3,0.2406805455684662,1,2,1.4242847618531544
10323360,9,1,0.39047473669052124,10,10,0.940392006569787
10322984,6,1,0.4101549983024597,3,3,0.8912201460845083
10323340,9,2,0.22837531566619873,9,13,1.4767648820574504
10323589,12,4,0.09785107523202896,1,14,2.3243085966257815
10322987,7,1,0.40796178579330444,6,6,0.8965817712358725
10323361,6,2,0.33340126276016235,2,5,1.0984085211496335
10322978,6,1,0.4044376611709595,3,3,0.9052576676582641
10323334,6,1,0.4671502709388733,2,2,0.761104293760737
10323073,6,2,0.2519981265068054,8,11,1.3783336259951537
10323594,7,4,0.16118347644805908,2,5,1.8252119575873953
10323363,7,3,0.13660842180252075,4,1,1.990636680725999
10322979,4,2,0.2835109531879425,1,8,1.2605045209770938
10323074,6,1,0.4358314275741577,8,8,0.8304997443995258
10323336,10,1,0.19704386591911316,3,3,1.6243289053911851
10323595,9,5,0.09802688658237457,1,2,2.3225134850580615
10322989,10,6,0.052022531628608704,4,5,2.9560783536981172
10323357,8,4,0.1553977131843567,1,10,1.861767556830247
10323075,7,4,0.08739607036113739,1,6,2.437304958874498
10327394,9,1,0.49456146359443665,5,5,0.704083841215706
10322980,7,1,0.2846088409423828,3,3,1.2566395293591814
10323335,7,2,0.2206798940896988,2,3,1.5110420705050713
10323590,9,4,0.12685619294643402,5,2,2.064701173108183
10322991,14,6,0.08220236003398895,6,14,2.498571266456374
10323077,8,2,0.17910198867321014,3,5,1.7197998662741008
10327400,14,4,0.1421617865562439,2,4,1.9507895279929586
10323358,9,2,0.1970939338207245,6,7,1.6240748424623632
10322983,8,1,0.27047646045684814,5,5,1.3075702068229367
10323337,11,6,0.08209574222564697,3,9,2.499869124701132
10323591,11,1,0.2118450403213501,8,8,1.5519002134588114
10323070,6,4,0.16774995625019073,1,3,1.7852807639340118
10322992,12,8,0.060638271272182465,7,10,2.8028290460988674
10323362,11,2,0.19854605197906494,6,8,1.6167342058681722
10322981,7,3,0.17092083394527435,12,10,1.7665547890626205
10323338,11,1,0.22106944024562836,1,1,1.5092784175615377
10323592,10,6,0.08640127629041672,9,5,2.448752831401407
10323076,9,4,0.12511296570301056,1,5,2.0785382241698898
10322986,11,3,0.15599943697452545,1,3,1.8579028808767704
10327395,12,3,0.1349150389432907,2,9,2.0031100398227926
10323359,9,1,0.24621374905109406,10,10,1.4015552217419378
10322982,7,1,0.34555286169052124,14,14,1.0626096469263668
10323339,8,7,0.06232084333896637,10,1,2.7754593451144416
10323596,11,9,0.049069594591856,6,12,3.0145156907474275
10323071,9,3,0.14291025698184967,1,10,1.9455384192824396
10327396,15,7,0.027379421517252922,2,10,3.597963587275897
10323364,12,3,0.12948784232139587,6,5,2.044168283937769
10327397,10,1,0.23004794120788574,2,2,1.4694675517452616
10327402,11,1,0.29096007347106934,5,5,1.2345692257908243
10327401,14,6,0.09566278010606766,8,5,2.3469259787848658
10327067,14,6,0.08876295387744904,6,10,2.4217859020950927
10327072,10,1,0.3263731896877289,5,5,1.1197137987029187
10327079,9,2,0.1319977045059204,11,10,2.0249707466536395
10327074,9,5,0.1024124026298523,1,5,2.2787474542789443
10327076,4,1,0.3988244831562042,4,4,0.9192338507121589
10327073,11,1,0.2548864781856537,6,6,1.366937016533015
10327077,9,3,0.17720724642276764,1,7,1.7304353476136172
10327070,13,3,0.10577904433012009,6,2,2.246402847889557
10323161,8,1,0.305698961019516,10,10,1.1851544487842347
10327081,8,2,0.20078639686107635,1,5,1.605513638175095
10327295,11,4,0.08871018886566162,1,3,2.422380527428555
10327066,8,2,0.17677175998687744,8,6,1.7328958701175723
10323160,7,2,0.25159648060798645,5,7,1.3799287422982542
10327080,10,6,0.10362549871206284,9,8,2.266971852876615
10327296,9,3,0.16341401636600494,13,6,1.8114683207613687
10327068,11,1,0.22169600427150726,4,4,1.5064481856548688
10323493,10,2,0.1842702180147171,6,3,1.691352022509584
10323033,8,3,0.17324034869670868,6,4,1.753075349842143
10327107,13,3,0.21079856157302856,4,2,1.556852285995571
10323162,8,7,0.09242717176675797,5,7,2.381334276823843
10327082,8,3,0.13041432201862335,8,5,2.037038804089454
10327292,10,3,0.1789686381816864,4,10,1.7205446941805946
10323489,9,6,0.08216730505228043,5,2,2.498997804798733
10323037,11,1,0.24924637377262115,14,14,1.3893134188012015
10323164,11,1,0.2639446556568146,2,2,1.3320158354764486
10327293,14,1,0.21257120370864868,9,9,1.54847827046719
10323486,13,7,0.06593982875347137,12,9,2.7190126383472113
10323034,11,1,0.1848737746477127,2,2,1.688081985977397
10327108,10,2,0.1476329118013382,3,5,1.9130264119881766
10323157,8,4,0.09234961867332458,1,7,2.382173701491871
10327294,15,3,0.1312020719051361,6,1,2.031016610636961
10323491,7,3,0.12399943172931671,3,7,2.0874782962156924
10323035,11,1,0.361811101436615,6,6,1.0166330225872753
10327111,13,1,0.21744529902935028,3,3,1.5258079588001348
10323158,12,2,0.2033262550830841,8,2,1.5929434221556085
10327387,8,1,0.256377637386322,2,2,1.3611037754213566
10327297,13,3,0.1135181114077568,9,11,2.175792882916408
10323488,9,4,0.1023925393819809,8,2,2.2789414266288164
10327109,13,10,0.04338137060403824,2,4,3.137725178784276
10327382,10,1,0.26163560152053833,3,3,1.3408025772193266
10327383,9,1,0.2857495844364166,1,1,1.25263943059903
10327384,10,3,0.12564106285572052,4,6,2.0743261448145174
10327385,11,5,0.10156494379043579,7,5,2.287056844810966
10327090,10,1,0.5064499974250793,2,2,0.6803296819335853
10327168,6,4,0.14111560583114624,7,3,1.958175825026289
10327092,9,1,0.4593890607357025,2,2,0.7778578010792132
10327171,8,4,0.13771536946296692,3,9,1.9825662639135038
10327087,11,1,0.24913711845874786,8,8,1.3897518575429595
10327164,9,1,0.36107343435287476,8,8,1.0186739220761076
10327088,11,6,0.08510350435972214,5,9,2.4638870649354696
10327167,9,3,0.20556199550628662,1,4,1.582007609246701
10327091,11,1,0.22704096138477325,2,2,1.482624831150312
10327169,6,1,0.21769703924655914,3,3,1.524650910987728
10327165,10,2,0.26853010058403015,5,1,1.3147922648584642
10327086,11,7,0.08722232282161713,11,12,2.4392949851677543
10340972,8,5,0.06728506088256836,8,3,2.6988170449429636
10340979,6,3,0.2002285122871399,10,9,1.6082960032249594
10340973,8,1,0.28610554337501526,9,9,1.2513945034583596
10340974,7,5,0.06161443516612053,6,7,2.786859098782969
10340927,10,1,0.2674238979816437,10,10,1.3189202466486019
10340975,14,2,0.1336304247379303,7,5,2.0126773137318206
10340983,9,1,0.31288444995880127,3,3,1.1619213260625036
10340928,7,2,0.2596605718135834,1,9,1.34837999388969
10340977,8,5,0.08470794558525085,17,18,2.4685458731612924
10340987,7,5,0.09868301451206207,1,3,2.315842439428614
10340924,8,2,0.19299504160881042,3,4,1.6450907815533347
10341059,10,1,0.30921030044555664,2,2,1.1737336496104291
10340922,7,1,0.266628235578537,3,3,1.321899966948598
10341054,9,1,0.22350116074085236,2,2,1.4983386714706244
10340990,7,1,0.4644017219543457,2,2,0.7670053212532472
10340925,11,9,0.035923607647418976,7,6,3.326360604972889
10341055,10,2,0.204541876912117,1,6,1.5869825473868775
10340984,8,1,0.32895296812057495,3,3,1.1118404924764735
10340926,11,3,0.12859554588794708,14,16,2.051083103175427
10341021,8,3,0.1273307353258133,2,5,2.0609673624522387
10341056,8,1,0.25546976923942566,11,11,1.3646511963409895
10340989,9,7,0.07029710710048676,2,5,2.6550246317876716
10341019,12,1,0.47816863656044006,4,4,0.737791812557062
10341020,9,1,0.4203440546989441,2,2,0.8666817251931485
10341023,10,4,0.11050867289304733,8,9,2.202661273384444
10343995,8,1,0.4593556523323059,3,3,0.7779305272738484
10344004,8,2,0.2254796028137207,4,5,1.489525577284769
10343961,8,1,0.2966226041316986,6,6,1.2152946413538193
10343996,10,2,0.1913026124238968,3,6,1.6538987464666193
10344002,7,4,0.12087644636631012,5,4,2.1129863594783234
10343959,6,2,0.2713130712509155,7,2,1.304481880415523
10343994,11,5,0.09090785682201385,3,5,2.397908847848359
10344000,13,10,0.010740348137915134,1,18,4.533747775350879
10343955,9,5,0.11421530693769455,4,6,2.169669954510279
10341126,8,6,0.06268731504678726,2,7,2.7695961636645383
10343989,11,7,0.05209674313664436,1,11,2.954652843949419
10344003,7,1,0.2381758838891983,6,6,1.4347458703047629
10343960,8,6,0.09287002682685852,2,8,2.376554324329628
10341119,8,1,0.21300603449344635,1,1,1.5464347827188787
10343990,12,3,0.11558847874403,6,5,2.1577189925547615
10344005,10,2,0.22032305598258972,8,4,1.512660373443533
10343956,10,3,0.1321379393339157,1,3,2.023908907069001
10341120,10,1,0.23809963464736938,1,1,1.435066059940857
10343997,14,7,0.04697795212268829,4,13,3.0580768911082647
10343998,9,1,0.22279320657253265,10,10,1.5015112625404945
10343957,11,7,0.056489743292331696,1,11,2.873696191958147
10341121,11,1,0.2728421092033386,3,3,1.2988620056752183
10341123,8,7,0.045170996338129044,2,10,3.0973000720399804
10344037,10,3,0.22932077944278717,8,10,1.4726334720170355
10341122,14,7,0.03699728101491928,2,3,3.2969108551214097
10344040,6,4,0.14757747948169708,3,7,1.9134019564942604
10344044,12,4,0.1499444991350174,7,12,1.8974900591214554
10344042,6,1,0.3948870599269867,1,1,0.9291554792006195
10344041,9,1,0.3553885817527771,5,5,1.0345434916539575
10344038,8,1,0.5123469829559326,1,1,0.6687531823925057
10343948,7,2,0.2108563482761383,1,7,1.5565781912222303
10343949,9,2,0.1919918805360794,6,9,1.6503021967231415
10343942,10,3,0.218504399061203,4,1,1.520949131645941
10350400,10,4,0.12457187473773956,4,9,2.08287242252459
10343943,12,3,0.14887011051177979,9,2,1.9046810947559725
10350398,10,1,0.4241410791873932,9,9,0.857689145161307
10350564,11,2,0.23813362419605255,11,10,1.4349233166607112
10343944,9,2,0.15750008821487427,7,3,1.8483292606221664
10350375,12,6,0.055074211210012436,4,10,2.8990737085022857
10350592,5,1,0.3957437574863434,2,2,0.9269883542270584
10350471,9,1,0.20123538374900818,3,3,1.6032799926550776
10350406,9,1,0.23744599521160126,11,11,1.4378150699468761
10350560,11,2,0.2962905466556549,10,11,1.216414729549938
10343947,9,2,0.18433697521686554,6,8,1.6909898092695599
10350593,7,2,0.26739344000816345,5,1,1.3190341471202194
10350474,10,4,0.13406631350517273,1,6,2.009420724538143
10350402,12,1,0.20077070593833923,1,1,1.6055917885683304
10350567,14,2,0.1848050206899643,6,11,1.6884539519078656
10350380,11,6,0.06784463673830032,4,7,2.690534941687002
10350590,11,5,0.09846346080303192,4,3,2.3180697559398045
10350473,9,1,0.46762391924858093,11,11,0.7600908974662843
10350403,12,1,0.25774797797203064,15,15,1.355773001035216
10350562,13,10,0.04918407276272774,1,14,3.0121854322287103
10350376,11,6,0.09496131539344788,7,2,2.3542856766973896
10350597,11,1,0.18495428562164307,3,3,1.6876465891870962
10350467,9,9,0.024743689224123955,3,9,3.6991848033240564
10350404,7,6,0.10945437848567963,5,12,2.2122474513759647
10350563,14,7,0.07117091119289398,11,3,2.6426710947053675
10350377,12,1,0.16412071883678436,7,7,1.8071530314714583
10350465,5,1,0.4531436562538147,2,2,0.791546081798547
10350594,11,5,0.10715853422880173,2,10,2.2334459127419275
10350469,10,1,0.36113423109054565,4,4,1.0185055584856237
10350405,9,2,0.18404440581798553,1,12,1.6925782145226789
10350561,16,1,0.1886260211467743,1,1,1.667988948274454
10350381,11,2,0.18179373443126678,8,5,1.7048825619070986
10350466,7,1,0.18238887190818787,6,6,1.7016142124783333
10350591,10,2,0.18237881362438202,1,2,1.7016693614633303
10350468,10,4,0.15989594161510468,4,5,1.8332320402329019
10350566,14,10,0.0286727137863636,2,8,3.551809347606786
10350534,6,2,0.23841989040374756,6,3,1.4337219143696476
10350461,10,3,0.21328549087047577,15,1,1.5451236779915545
10350383,7,3,0.19220469892024994,8,3,1.649194334668572
10350536,6,2,0.25840702652931213,7,1,1.3532193149924998
10350457,7,2,0.26403340697288513,2,3,1.3316796422775703
10350389,7,2,0.23981240391731262,3,2,1.4278983116325905
10350532,6,4,0.12995216250419617,1,5,2.0405888769850327
10350462,11,8,0.0716952532529831,9,11,2.635330736455335
10350384,10,2,0.15688441693782806,1,5,1.8522459426087705
10350537,6,1,0.4222666323184967,2,2,0.8621183343281318
10350458,10,8,0.020780758932232857,5,10,3.8737277717338547
10350390,10,2,0.21061867475509644,1,8,1.5577060091627828
10350535,9,3,0.19127726554870605,8,4,1.6540312514763555
10350455,8,1,0.21840442717075348,3,3,1.5214067643884812
10350385,7,4,0.09589851647615433,1,5,2.34446476669984
10350530,7,3,0.152104914188385,8,9,1.8831847713079441
10350459,8,3,0.13043050467967987,2,5,2.0369147252546758
10350386,6,1,0.2778340280056,4,4,1.280731365142428
10350332,8,3,0.22235934436321259,2,5,1.5034605374386654
10350345,11,2,0.17721277475357056,5,10,1.7304041511209078
10350327,13,2,0.1924135982990265,3,1,1.6481080660181813
10350342,12,1,0.2261456996202469,13,13,1.4865757988471011
10350330,18,13,0.03168540447950363,11,1,3.4518991306418174
10350343,14,4,0.11651051789522171,11,2,2.149773727689171
10350328,16,8,0.04953460767865181,7,6,3.00508370867225
10350340,14,6,0.06101733446121216,7,4,2.7965972836826163
10350645,5,1,0.303688645362854,6,6,1.1917522953051887
10350333,12,4,0.12317071110010147,10,3,2.09418399072316
10350551,12,4,0.10540835559368134,11,14,2.2499133709346126
10350483,15,5,0.07242890447378159,6,1,2.6251498261995
10350542,8,1,0.32764095067977905,7,7,1.1158369327403035
10350341,14,5,0.08936316519975662,4,5,2.4150467040812966
10350648,12,4,0.11961586028337479,3,10,2.1234698351926693
10353898,8,1,0.4228961169719696,9,9,0.8606287164518079
10350329,17,9,0.04641608148813248,18,12,3.070109296000259
10353866,7,1,0.40636932849884033,7,7,0.9004928567794437
10350478,12,1,0.2225540578365326,1,1,1.502585250316324
10350543,8,1,0.22557006776332855,3,3,1.4891244465148248
10350344,11,3,0.11790921539068222,10,11,2.1378403117225204
10353889,10,1,0.3274223506450653,2,2,1.116504349285807
10350646,9,2,0.24266982078552246,3,13,1.416053521795493
10353895,11,1,0.2180059254169464,7,7,1.5232330357507589
10350331,14,1,0.2521594762802124,4,4,1.3776935492492164
10350557,11,5,0.09054844081401825,6,5,2.4018703138620547
10353906,13,1,0.38354405760765076,11,11,0.9583007818329466
10350481,9,2,0.16790638864040375,6,9,1.7843486653521137
10350544,11,3,0.11311683058738708,1,3,2.1793340953718365
10353886,11,8,0.039529379457235336,1,12,3.23071109981762
10350500,7,5,0.05738574266433716,2,4,2.8579593921481634
10350651,8,5,0.1143769845366478,8,5,2.168255404396891
10353893,8,2,0.18217304348945618,1,4,1.702798255214731
10350555,12,3,0.10742450505495071,11,1,2.2309669566861188
10353862,8,3,0.11426985263824463,3,4,2.169192499417025
10353907,9,2,0.1560971736907959,9,1,1.8572765573850982
10350477,14,9,0.055739641189575195,12,3,2.887063694165143
10350790,6,2,0.2446630299091339,2,1,1.4078734032778086
10361624,7,2,0.2452963888645172,5,4,1.4052880491284694
10350541,13,2,0.13910061120986938,8,18,1.9725577860302628
10353884,12,2,0.15840309858322144,4,11,1.8426122380303789
10350497,6,3,0.161614328622818,3,4,1.8225424696054393
10350654,14,1,0.19115766882896423,1,1,1.654656700214898
10354092,6,3,0.16785816848278046,8,5,1.7846358913676763
10353896,12,1,0.21018914878368378,4,4,1.5597474451654216
10350556,12,8,0.06896810978651047,6,5,2.674111058228685
10353863,6,1,0.29516851902008057,7,7,1.2202088348284825
10353901,12,2,0.18080052733421326,2,8,1.7103609143567808
10350484,11,3,0.14708325266838074,2,8,1.9167565078331632
10350792,9,1,0.41467127203941345,5,5,0.8802691882084221
10361627,12,2,0.15095451474189758,10,2,1.8907767144199912
10350538,10,5,0.07540645450353622,1,2,2.5848624041368216
10353891,10,4,0.10235525667667389,11,14,2.2793056083825323
10350498,9,1,0.38523125648498535,2,2,0.9539114588273169
10350647,13,1,0.18684916198253632,8,8,1.677453608035086
10354093,5,5,0.07491891086101532,2,7,2.5913489388715636
10353899,10,9,0.043029289692640305,6,15,3.1458742395269894
10350674,10,1,0.3322303295135498,5,5,1.1019267870133351
10350548,10,4,0.10810962319374084,2,8,2.224609537080434
10353864,12,2,0.16931582987308502,7,10,1.7759894923057202
10353902,12,6,0.08450809121131897,7,3,2.4709079952230226
10350480,7,2,0.23215407133102417,7,2,1.4603540271682671
10350784,11,1,0.24603112041950226,5,5,1.40229724528062
10361625,8,1,0.21384122967720032,4,4,1.5425214567134604
10350539,15,1,0.15740515291690826,1,1,1.8489322058160977
10350501,9,3,0.16883324086666107,2,3,1.7788437916418498
10350650,7,1,0.25991228222846985,6,6,1.3474110809350572
10354091,7,2,0.17349417507648468,6,9,1.7516112532050083
10353897,12,9,0.050416797399520874,4,1,2.98743087769431
10350677,10,4,0.1494675725698471,9,3,1.9006758155661905
10350553,16,5,0.07347825914621353,2,6,2.6107657104480664
10353903,9,1,0.2725413739681244,6,6,1.2999648453283237
10350479,12,4,0.11645553261041641,3,5,2.1502457731713944
10350789,10,2,0.12197398394346237,4,10,2.103947503354182
10350495,8,4,0.08303126692771912,1,4,2.488538032150407
10350649,12,5,0.04742594435811043,14,10,3.048585850694887
10350676,6,2,0.2565518915653229,2,8,1.3604243285349171
10350549,12,1,0.17823104560375214,8,8,1.7246745613656385
10350785,8,3,0.15359532833099365,4,1,1.873433873242856
10350679,6,1,0.35052064061164856,5,5,1.0483356851924583
10350787,9,4,0.11896038055419922,9,5,2.1289647778256096
10353870,7,1,0.24199964106082916,4,4,1.418819036046265
10350675,10,2,0.2397281676530838,4,2,1.428249632334484
10350783,9,2,0.2433246225118637,7,2,1.4133588320450203
10350672,9,5,0.11180078238248825,5,3,2.191036720231168
10350788,12,2,0.13791173696517944,7,5,1.98114138565693
10353872,9,4,0.10472731292247772,4,1,2.2563953267163637
10353874,9,2,0.30208152532577515,6,3,1.1970583466277416
10353876,7,2,0.21885432302951813,7,5,1.5193489621497955
10362563,7,1,0.2122882604598999,2,2,1.5498102087406251
10362559,10,2,0.19779039919376373,2,1,1.6205473989201458
10362560,7,1,0.2689236104488373,6,6,1.313327915735752
10362562,12,3,0.15416498482227325,9,1,1.8697319200182034
10362557,13,5,0.10631478577852249,1,3,2.2413509084949563
10354123,6,3,0.21158236265182495,1,5,1.5531409347790548
10353928,6,1,0.3429171144962311,4,4,1.0702665097169832
10362558,11,6,0.08018801361322403,11,3,2.5233812314735724
10354106,11,2,0.2507302165031433,8,1,1.3833777525481876
10354119,6,1,0.28773948550224304,1,1,1.2456997724396188
10353929,13,1,0.28545528650283813,4,4,1.2536698768525274
10354136,6,1,0.254768967628479,4,4,1.3673981537982878
10353943,7,3,0.15557098388671875,1,2,1.8606531635043224
10354107,6,2,0.25974583625793457,6,9,1.348051678937113
10354124,8,7,0.024421731010079384,5,11,3.712281927878161
10354139,14,3,0.12023615837097168,5,3,2.118297483723704
10353930,12,2,0.1441538780927658,6,13,1.9368739520839886
10353883,7,1,0.2824972867965698,6,6,1.2640863327016925
10353840,11,4,0.13337381184101105,2,1,2.014599477808439
10354111,6,1,0.31603366136550903,5,5,1.151906547759857
10353944,9,2,0.1934216171503067,6,11,1.6428829279056745
10354137,9,1,0.24260088801383972,1,1,1.41633762207559
10354120,9,9,0.041629962623119354,3,2,3.1789351156108867
10353885,10,5,0.10662394016981125,1,7,2.2384472130104442
10353931,8,3,0.15118619799613953,6,3,1.8892431024975749
10353838,12,9,0.03937100991606712,10,9,3.234725522436087
10354110,8,3,0.20576412975788116,1,2,1.5810247673825422
10353938,10,1,0.22653178870677948,1,1,1.484869996415536
10354138,12,6,0.05721104145050049,9,3,2.861008366873325
10354121,10,5,0.09938529878854752,1,6,2.3087510757694143
10353888,10,2,0.24382860958576202,1,7,1.4112897202317416
10353933,10,5,0.0790836289525032,4,8,2.537249392095501
10353839,8,8,0.046347759664058685,10,11,3.0715823233259707
10354112,12,1,0.22734586894512177,5,5,1.481282769339709
10353952,8,1,0.41641658544540405,2,2,0.8760691124740105
10353939,14,2,0.18030023574829102,9,7,1.713131841240215
10354133,10,2,0.23686832189559937,11,9,1.4402508960680371
10354122,9,1,0.28338393568992615,5,5,1.2609526375596698
10353879,9,3,0.16928109526634216,1,7,1.7761946601869727
10354114,6,4,0.10987856984138489,11,15,2.2083794334806046
10353841,12,2,0.1478191465139389,4,14,1.9117657354619884
10353953,10,3,0.1659170538187027,6,7,1.7962672912960906
10353937,10,5,0.11642026156187057,4,2,2.1505486904319957
10353880,11,1,0.24272991716861725,2,2,1.4158059057433907
10353949,10,1,0.1916510909795761,6,6,1.6520787946094164
10353950,10,1,0.3626013994216919,5,5,1.0144511212598657
10353954,11,2,0.2022687941789627,5,4,1.598157801877713
10358136,13,2,0.22520406544208527,2,10,1.4907483302947997
10353911,7,2,0.2606580853462219,9,7,1.3445457483135006
10358141,11,1,0.34553062915802,14,14,1.0626739880162737
10353792,8,2,0.16977758705615997,10,7,1.773266009952836
10354097,9,1,0.23514658212661743,3,3,1.4475462055611927
10358139,10,4,0.10408160090446472,3,2,2.262580063415928
10353795,11,4,0.09250020980834961,5,4,2.380544366267956
10354098,12,3,0.15873552858829498,13,4,1.8405158038634537
10358140,9,1,0.20470114052295685,4,4,1.5862042146501176
10353915,8,2,0.2804037928581238,7,8,1.2715245973150267
10353794,11,1,0.5266106128692627,5,5,0.6412938785543364
10358138,13,3,0.10100209712982178,1,3,2.2926139986948377
10354099,11,3,0.09924869984388351,7,2,2.3101264593103785
10353912,8,5,0.06515977531671524,1,7,2.730912943432334
10358137,11,1,0.2118339240550995,8,8,1.551952688408893
10353790,13,7,0.04736259579658508,11,8,3.0499224800142835
10354102,12,1,0.3087214231491089,2,2,1.1753159519256533
10353909,7,1,0.24087506532669067,9,9,1.4234768810418699
10358134,12,5,0.09373518079519272,8,4,2.3672816981441804
10354103,11,2,0.1707015484571457,1,5,1.76783857800352
10357979,6,2,0.2465043067932129,1,5,1.4003758138742821
10358049,11,1,0.3059735596179962,2,2,1.1842565872401476
10357978,8,1,0.29426509141921997,6,6,1.2232742464110602
10358117,8,3,0.16655009984970093,4,1,1.79245911482476
10358001,8,2,0.23187623918056488,6,5,1.4615515014597746
10358044,7,6,0.04023946821689606,3,10,3.212906968563859
10357980,8,5,0.09700120985507965,4,3,2.333031827823758
10358116,9,4,0.10259345918893814,10,11,2.2769810988727683
10358002,7,2,0.21179069578647614,3,1,1.5521567760220707
10358045,11,8,0.07334446161985397,4,6,2.6125882834490097
10358118,8,1,0.335149884223938,5,5,1.0931774316237381
10357982,10,2,0.1874910444021225,3,6,1.674024197901049
10358003,10,1,0.24121059477329254,5,5,1.4220848898313858
10358119,9,2,0.2543184161186218,1,2,1.3691681903062582
10358046,8,2,0.22725073993206024,7,4,1.4817012899031818
10357981,10,2,0.18947547674179077,1,8,1.6634956731674537
10358004,9,6,0.06198135018348694,1,11,2.7809217426796367
10358113,8,2,0.23219269514083862,1,3,1.4601876695549816
10358050,11,5,0.12271949648857117,5,2,2.097854044300461
10357984,13,1,0.21296291053295135,7,7,1.5466372573881983
10368188,6,1,0.43870535492897034,6,6,0.8239272645271137
10368189,4,1,0.35073840618133545,13,13,1.0477146149112757
10368190,8,3,0.12136805057525635,7,4,2.1089276098264564
10368201,10,5,0.11708705872297287,9,10,2.1448375292339805
10368193,8,1,0.3776419162750244,1,1,0.9738088437873411
10368205,7,3,0.14248129725456238,1,5,1.9485445352235216
10368220,10,2,0.2005014270544052,2,1,1.6069339147825121
10368191,6,1,0.307892382144928,2,2,1.1780049656863414
10368312,9,8,0.0878354012966156,7,10,2.4322906557719977
10368203,10,3,0.11910592019557953,1,4,2.1277420960848246
10368232,10,9,0.01664319448173046,1,7,4.0957538859485885
10368223,6,6,0.13261078298091888,6,5,2.020336884921863
10368313,8,3,0.20325377583503723,3,9,1.5932999534326167
10368202,6,4,0.1506945639848709,9,8,1.8925002457662419
10368227,9,1,0.18575584888458252,7,7,1.6833221079414702
10368314,9,2,0.16180101037025452,5,7,1.8213880298144833
10368199,11,6,0.06199522688984871,5,10,2.780697882548194
10368237,10,4,0.10442481935024261,5,1,2.2592878985477958
10368224,9,4,0.14355537295341492,5,4,1.9410344439729539
10368311,10,1,0.24646732211112976,8,8,1.4005258617877279
10368197,10,3,0.1560852825641632,7,9,1.8573527380057588
10368238,10,1,0.2668413817882538,1,1,1.3211008728141993
10368398,12,3,0.17382565140724182,8,2,1.7497024855152707
10368221,10,4,0.1532450020313263,2,4,1.8757173178700595
10368309,10,1,0.23594725131988525,3,3,1.4441470102953313
10368198,10,4,0.10844282060861588,11,1,2.221532243913334
10368233,10,10,0.019826427102088928,9,11,3.9207395290790594
10368397,14,2,0.22622965276241302,11,10,1.486204632988096
10368222,12,4,0.11826329678297043,8,7,2.134841811564099
10368315,13,4,0.07913334667682648,2,11,2.536620916854308
10368236,10,6,0.02443050965666771,5,6,3.711922532011646
10368400,8,2,0.19357965886592865,2,3,1.6420661775009504
10368399,9,2,0.22138892114162445,3,7,1.5078342999703733
10368402,13,4,0.10403933376073837,6,2,2.262986242105981
10368403,11,3,0.13911797106266022,3,10,1.972432993123394
10372120,10,1,0.20423564314842224,1,1,1.5884808382955236
10372121,12,2,0.15296578407287598,8,9,1.8775410161100183
10372181,6,2,0.20230183005332947,8,1,1.5979944886144088
10372162,8,7,0.06828442960977554,6,5,2.6840735089689307
10372122,9,1,0.24380184710025787,7,7,1.4113994856705654
10372134,9,5,0.09916576743125916,8,11,2.310962410625752
10372182,6,1,0.3636447787284851,1,1,1.0115777704429063
10372124,14,8,0.06008634343743324,3,12,2.8119726939201213
10372163,11,3,0.1286311149597168,1,6,2.0508065449689084
10372128,7,7,0.041775498539209366,5,2,3.175445270659037
10372290,10,1,0.29620325565338135,9,9,1.216709385806476
10372184,8,1,0.2474687695503235,1,1,1.3964708885702732
10372157,11,3,0.16990074515342712,5,2,1.7725408644785117
10372292,12,7,0.06710343807935715,4,1,2.7015199981746982
10372129,10,1,0.2304232269525528,1,1,1.467837543815521
10372183,9,1,0.27302250266075134,3,3,1.2982010598653635
10372158,12,2,0.17839258909225464,7,4,1.7237686006617758
10372295,8,1,0.24216322600841522,4,4,1.4181432925519275
10372130,10,1,0.2969704270362854,9,9,1.2141227174054843
10372179,8,1,0.24914643168449402,5,5,1.3897144763139604
10372293,9,1,0.4025948643684387,3,3,0.9098245220216448
10372159,10,2,0.1824781745672226,6,2,1.701124704523693
10372131,9,6,0.07736913114786148,2,5,2.559167400316303
10369127,10,1,0.310516893863678,6,6,1.1695169705100237
10372294,10,2,0.20954053103923798,1,2,1.5628380927509087
10372180,9,2,0.24524733424186707,3,9,1.4054880501497975
10369128,7,2,0.17034918069839478,3,8,1.7699049444059831
10369129,9,9,0.023127445951104164,1,6,3.7667352303184325
10372281,4,1,0.5111747980117798,3,3,0.6710436767980479
10369130,10,4,0.12700286507606506,9,10,2.0635456331239554
10372280,8,7,0.07594086229801178,3,1,2.577800369252011
10369131,10,1,0.22643794119358063,3,3,1.4852843619165697
10372278,5,1,0.4499245285987854,8,8,0.7986754245082962
10372276,6,4,0.13691391050815582,2,6,1.98840294112546
10372274,8,2,0.24919788539409637,2,3,1.389507977682304
10372279,6,2,0.21207460761070251,3,2,1.5508171435283975
10372141,8,2,0.21088851988315582,3,12,1.5564256269137642
10372217,6,1,0.2875499129295349,2,2,1.2463588236235503
10372212,5,5,0.10078467428684235,5,7,2.294768975709379
10372139,9,6,0.10393692553043365,10,5,2.26397104911165
10372216,8,2,0.19451351463794708,9,1,1.6372536343378095
10372137,10,2,0.17015758156776428,16,4,1.771030320886477
10372210,9,2,0.16066010296344757,9,4,1.82846430735875
10376416,8,2,0.22913698852062225,8,9,1.4734352511332547
10372142,14,4,0.1026243194937706,4,14,2.276680342230111
10376410,9,3,0.1510988473892212,7,9,1.88982103786476
10372211,10,2,0.2742917537689209,8,6,1.2935629443088459
10376396,7,2,0.16213512420654297,3,7,1.8193251913774897
10376417,11,1,0.5621705055236816,5,5,0.5759500844905379
10372138,11,7,0.09273827075958252,10,8,2.377974046304562
10376461,10,1,0.32905009388923645,3,3,1.1115452787457951
10376403,9,2,0.2550502419471741,1,7,1.3662947259872094
10372215,7,5,0.0916348546743393,7,11,2.3899435701322616
10376397,11,2,0.23247112333774567,2,4,1.4589892623661396
10376420,4,4,0.11392915993928909,4,2,2.1721784277804774
10376455,11,3,0.14363661408424377,6,9,1.9404686821365333
10376405,6,5,0.06439636647701263,3,6,2.742698068627963
10376398,8,4,0.13356082141399384,4,3,2.013198313775896
10376459,11,9,0.028816090896725655,11,6,3.5468213361696397
10376418,10,1,0.21368630230426788,1,1,1.5432462164920695
10376406,9,4,0.15985722839832306,7,1,1.8334741846155151
10376395,8,1,0.259281188249588,3,3,1.3498421372775662
10376460,10,6,0.07815980166196823,6,4,2.548999808840796
10376421,11,1,0.20002268254756927,8,8,1.6093245061269923
10376404,9,1,0.27450859546661377,2,2,1.292772705347521
10376456,11,5,0.10626664757728577,6,3,2.241803800370786
10376399,7,3,0.18207085132598877,1,5,1.7033593746602633
10376419,7,6,0.07637228071689606,10,2,2.5721354664856544
10376454,10,1,0.26535871624946594,4,4,1.3266727221246157
10376409,9,4,0.11746016144752502,3,1,2.1416560543993075
10376392,11,10,0.022615503519773483,4,9,3.789119611441755
10372420,10,2,0.24650593101978302,4,2,1.4003692248566693
10376442,9,3,0.15557168424129486,10,8,1.8606486616815392
10376448,10,2,0.2636934518814087,3,10,1.332968017628558
10372421,7,1,0.26430436968803406,1,1,1.3306539244475186
10376444,6,2,0.19887904822826385,5,2,1.6150584368895549
10372415,6,1,0.6055354475975037,1,1,0.5016421750146791
10376447,6,1,0.32417699694633484,1,1,1.1264656254787564
10372422,10,7,0.02480621077120304,1,5,3.6966612228419375
10376446,8,3,0.1451025903224945,3,1,1.9303142672699853
10372417,6,1,0.3519599139690399,2,2,1.04423799063872
10376443,9,5,0.14445020258426666,2,6,1.9348204496183552
10372414,5,1,0.3048025369644165,3,3,1.188091131830215
10372419,6,3,0.15632472932338715,3,1,1.8558198370294772
10376300,5,3,0.16134200990200043,5,6,1.824228881995428
10376363,10,7,0.08216065168380737,1,10,2.499078781506639
10376302,8,2,0.1954481452703476,2,6,1.6324601763233868
10376364,12,1,0.19487671554088593,7,7,1.6353881483542425
10376500,11,3,0.12528441846370697,12,2,2.07716877865382
10376483,9,4,0.11653252691030502,2,6,2.1495848439988885
10376303,7,1,0.2754773497581482,2,2,1.289249868802954
10376586,10,1,0.25236767530441284,6,6,1.3768682258335605
10376367,17,5,0.09769491106271744,2,11,2.325905808672621
10376431,11,2,0.20390468835830688,9,6,1.5901026082462248
10376307,5,2,0.24603381752967834,6,2,1.4022862828650196
10376577,10,3,0.1556071788072586,4,1,1.8604205320086562
10380322,11,7,0.052387040108442307,8,11,2.949096044420068
10376366,15,2,0.1746043711900711,12,14,1.745232600437147
10376501,14,1,0.18925991654396057,1,1,1.6646339888618826
10376480,11,11,0.026428064331412315,6,4,3.6333287906032816
10376304,7,1,0.25926172733306885,2,2,1.3499171972810624
10380418,9,4,0.11973331868648529,2,5,2.1224883535511188
10376578,8,4,0.09749612957239151,4,6,2.3279425984596904
10380381,6,1,0.460731565952301,1,1,0.7749396920175994
10380325,7,3,0.15859006345272064,4,1,1.8414326233662746
10380411,10,1,0.5138165950775146,5,5,0.6658888961173297
10376503,13,4,0.11603285372257233,5,1,2.153881906229167
10376821,11,2,0.23629994690418243,2,5,1.4426533194859466
10380407,9,2,0.19848176836967468,7,5,1.6170580300772441
10376477,12,4,0.08161167055368423,11,14,2.5057830057474457
10376301,10,6,0.09290213137865067,2,7,2.3762086907059263
10380419,9,4,0.11420528590679169,3,2,2.1697576964321827
10376540,9,1,0.3448823094367981,2,2,1.0645520522168088
10376583,9,1,0.261508047580719,3,3,1.3412902212634286
10380382,8,2,0.22010017931461334,1,2,1.513672475753945
10380326,8,3,0.14577604830265045,4,6,1.9256837506622475
10376434,9,9,0.04292106628417969,8,10,3.1483925180012147
10380414,11,7,0.07493259012699127,5,10,2.591166367913999
10376505,12,3,0.17589913308620453,11,2,1.7378445556975886
10376824,11,1,0.2663078308105469,4,4,1.3231023806218343
10380402,9,2,0.1964854896068573,2,4,1.6271666946393533
10376478,9,1,0.25177645683288574,13,13,1.3792136612154953
10380420,11,5,0.07623133063316345,1,8,2.5739827376290734
10376538,8,1,0.26229533553123474,6,6,1.3382841752211647
10376585,12,11,0.020213084295392036,2,7,3.9014251468706544
10380548,6,1,0.2791721522808075,3,3,1.2759266541829817
10380379,13,8,0.024337518960237503,10,12,3.7157361292296796
10380323,10,8,0.048878077417612076,1,5,3.018426297592592
10376430,11,4,0.12542007863521576,5,1,2.0760865468923693
10380412,11,1,0.36231228709220886,1,1,1.0152487675181452
10376498,9,3,0.14003971219062805,1,4,1.9658292380918139
10376825,10,2,0.14471690356731415,1,11,1.9329758341486352
10380406,12,2,0.20020315051078796,8,3,1.6084226754077167
10376481,16,2,0.17070041596889496,2,8,1.767845212342913
10380421,8,1,0.30722877383232117,4,4,1.1801626172761415
10376543,9,2,0.2042461335659027,1,4,1.5884294753310988
10376579,14,6,0.09515006095170975,12,15,2.35230004465469
10380549,7,3,0.15846900641918182,1,8,1.8421962478824905
10380380,8,7,0.07893354445695877,6,8,2.539148989935881
10380324,10,1,0.3136172890663147,8,8,1.1595818610742807
10376435,11,2,0.17781634628772736,9,5,1.7270040237518032
10380408,10,6,0.07839193940162659,7,2,2.546034170666234
10376496,13,4,0.09332730621099472,8,14,2.371642542876908
10376828,10,1,0.29389721155166626,4,4,1.2245251933475405
10380403,10,2,0.1934322863817215,1,6,1.6428277689357373
10376479,12,6,0.08332981914281845,1,10,2.4849488209633703
10380422,13,10,0.049897875636816025,5,7,2.9977768495393913
10376541,12,5,0.10779118537902832,1,9,2.227559392134045
10376580,13,1,0.18942444026470184,17,17,1.6637650660868335
10380550,7,5,0.10933299362659454,7,3,2.21335706634476
10380376,11,6,0.0771743655204773,8,11,2.5616879299367175
10380319,10,1,0.26105090975761414,4,4,1.3430398341379148
10376436,14,1,0.16347484290599823,2,2,1.8110961665017786
10380409,14,3,0.11067498475313187,9,10,2.201157438126473
10376497,12,5,0.0933595523238182,6,18,2.3712970861758067
10376822,16,9,0.036807410418987274,7,5,3.302056083998309
10376581,9,5,0.0730990469455719,10,3,2.6159399499916707
10376542,7,1,0.3054226040840149,2,2,1.186058874254124
10376432,14,2,0.1054525077342987,12,9,2.2494945910760293
10376823,13,4,0.0987829938530922,8,1,2.31482981603686
10376539,9,1,0.3545805811882019,8,8,1.0368196494241775
10376437,14,4,0.08335456997156143,8,4,2.4846518425953734
10376819,10,3,0.16086521744728088,3,12,1.827188423323263
10376820,13,6,0.09063555300235748,2,6,2.4009087256641495
10376356,11,1,0.268510103225708,1,1,1.3148667373400011
10376351,8,4,0.11089491099119186,1,2,2.199172273945695
10376355,12,2,0.12378774583339691,1,2,2.0891869072059848
10376352,10,1,0.17874039709568024,7,7,1.7218208213927764
10380544,7,3,0.16921745240688324,5,4,1.776570690516475
10376353,12,10,0.046950992196798325,5,6,3.0586509404990174
10380569,16,2,0.14250552654266357,4,5,1.9483744972699295
10380641,9,4,0.10608921945095062,5,8,2.243474845961431
10380331,10,4,0.09297018498182297,8,1,2.3754764288226533
10380306,6,1,0.34885433316230774,4,4,1.0531008273975329
10380541,7,5,0.11101895570755005,4,2,2.1980543201096143
10376354,11,3,0.11463550478219986,4,7,2.1659977078308073
10380567,10,7,0.08886779099702835,6,5,2.420605508106134
10380330,12,3,0.09638991951942444,1,5,2.339353652133964
10380542,4,1,0.4098380506038666,1,1,0.8919931958434056
10380307,10,6,0.06674706935882568,4,7,2.706844887402313
10380643,8,1,0.2581807076931,6,6,1.3540955218232034
10380566,12,4,0.09725166112184525,4,8,2.330453215685035
10380400,11,1,0.23639348149299622,2,2,1.4422575678870648
10380332,14,5,0.08747277408838272,4,1,2.4364276873124187
10380543,8,4,0.1422431319952011,3,4,1.9502174883700876
10380308,7,2,0.2710261642932892,8,2,1.3055399155551086
10380639,8,5,0.11044226586818695,2,5,2.203262375395888
10380570,10,3,0.13975682854652405,4,3,1.9678513055537317
10380335,12,1,0.18893024325370789,6,6,1.6663774153642197
10380538,12,2,0.17182129621505737,3,2,1.7613003177717141
10380310,9,1,0.36063599586486816,2,2,1.019886151051535
10380640,8,1,0.30309179425239563,5,5,1.193719568025217
10380563,10,5,0.09661043435335159,12,9,2.3370685275167373
10380395,9,6,0.09942605346441269,8,4,2.3083410923758687
10380334,15,3,0.13363057374954224,8,6,2.012676198630008
10380311,10,5,0.104562908411026,1,3,2.257966394339306
10380645,9,8,0.03589855507016182,3,9,3.3270582330399168
10380396,12,8,0.04954978823661804,2,13,3.0047772919464926
10380564,11,1,0.22939817607402802,4,4,1.4722960251727557
10380336,15,3,0.11556042730808258,3,7,2.157961705674752
10380631,10,1,0.22063881158828735,6,6,1.5112282511541195
10380399,12,1,0.20221547782421112,2,2,1.5984214282224225
10380632,12,5,0.08954746276140213,1,6,2.4129864840828157
10380636,14,2,0.20404984056949615,10,8,1.5893909984612027
10380633,14,5,0.08098811656236649,3,2,2.5134528441791186
10380637,14,1,0.17160917818546295,5,5,1.7625356074293252
10380375,9,1,0.33770179748535156,4,4,1.0855920288764669
10380368,9,3,0.15931811928749084,1,6,1.836852325361198
10383791,10,2,0.2655315697193146,6,12,1.3260215387048955
10380371,12,1,0.3593223989009857,12,12,1.0235352464189216
10383782,10,1,0.29313385486602783,4,4,1.2271259317396848
10383783,9,4,0.150421142578125,4,3,1.8943163016938018
10380369,7,3,0.1828337013721466,8,1,1.6991782749626216
10383785,8,1,0.2433537095785141,8,8,1.4132392990197464
10380373,9,3,0.1529792696237564,7,4,1.8774528594248474
10383789,12,4,0.1287233978509903,7,2,2.0500893794199473
10380370,8,5,0.09280488640069962,10,2,2.377255985396265
10383784,12,2,0.15213310718536377,3,6,1.8829994361750626
10383727,9,1,0.2723860442638397,3,3,1.3005349385308114
10383780,6,4,0.07020986825227737,2,8,2.6562664044356206
10383869,10,5,0.06736742705106735,4,1,2.6975936560544853
10383875,7,1,0.33106860518455505,4,4,1.1054296586631953
10383745,12,1,0.5027249455451965,4,4,0.6877120863892787
10383730,8,4,0.19077035784721375,7,4,1.6566848892320265
10383790,8,4,0.09914246201515198,3,6,2.3111974529765362
10383870,7,2,0.3059707283973694,1,2,1.1842658404374804
10383747,11,5,0.07891407608985901,8,2,2.539395662861719
10383729,12,2,0.15993641316890717,4,7,1.8329789604339812
10383871,10,1,0.38994890451431274,6,6,0.9417395625074021
10383777,11,3,0.11359094083309174,1,3,2.175151522062555
10383748,9,2,0.2003522366285324,7,4,1.6076782783559451
10383728,9,5,0.08893084526062012,3,6,2.4198962308297456
10383876,12,2,0.20234450697898865,1,3,1.5977835541666616
10383778,9,1,0.2251109480857849,6,6,1.491161895709366
10383746,12,11,0.021205060184001923,2,13,3.853515437860982
10383874,12,5,0.09074917435646057,4,2,2.3996559038789984
10394528,6,2,0.23352865874767303,2,5,1.4544504738685018
10394524,6,1,0.3391023278236389,5,5,1.0814533651626967
10394525,10,1,0.2923029065132141,9,9,1.2299646633180206
10394629,9,1,0.4917761981487274,1,1,0.7097315477914748
10394606,11,2,0.3218722939491272,6,5,1.1336004147478194
10394549,7,2,0.2591574788093567,3,11,1.350319375764738
10394526,8,3,0.14709855616092682,8,1,1.9166524667803138
10394624,11,1,0.20081450045108795,6,6,1.6053736803699927
10394602,13,2,0.22299009561538696,2,4,1.5006279227891377
10394547,8,3,0.14475049078464508,6,3,1.9327437719672842
10394612,10,2,0.1995682567358017,10,5,1.611598962141854
10394625,12,1,0.22266186773777008,2,2,1.5021009464217332
10394609,12,1,0.3625434935092926,3,3,1.014610829790083
10394545,9,1,0.266498327255249,3,3,1.3223873121117
10394615,7,1,0.41225892305374146,1,1,0.886103673013201
10394626,8,5,0.11842941492795944,4,7,2.1334381504960165
10394601,13,3,0.11301208287477493,3,1,2.1802605378908444
10394546,10,1,0.21700778603553772,5,5,1.5278220457372618
10394616,10,1,0.22879181802272797,3,3,1.4749427805060873
10394628,9,5,0.11968042701482773,5,4,2.122930196790847
10394607,12,2,0.19589653611183167,8,9,1.6301686361081749
10394550,10,5,0.07103394716978073,8,1,2.6445973870563018
10394618,13,2,0.11691226065158844,12,11,2.1463315344675413
10394627,11,7,0.08206487447023392,12,15,2.5002451924376956
10394603,13,4,0.09333732724189758,2,5,2.3715351735190695
10394767,9,2,0.18245497345924377,1,2,1.7012518571714343
10394544,6,1,0.2829567790031433,2,2,1.262461117372972
10394613,11,2,0.2253485769033432,6,4,1.490106844916038
10394604,13,10,0.029266605153679848,5,9,3.531308168821868
10394772,9,8,0.06483162939548492,3,4,2.735961686754832
10394771,10,8,0.026033388450741768,2,12,3.6483753936208645
10394770,12,6,0.08346287906169891,7,3,2.4833533081077124
10394768,11,3,0.14272905886173248,2,6,1.9468071391985864
10397833,10,3,0.20167604088783264,8,5,1.601092626958422
10397879,10,1,0.24389402568340302,11,11,1.4110214690032656
10397828,9,1,0.28553101420402527,4,4,1.2534046245985333
10397945,7,1,0.36100608110427856,2,2,1.0188604756269277
10397834,9,1,0.3634832799434662,6,6,1.0120219804709707
10397880,10,5,0.09198559820652008,1,8,2.386123255420432
10397947,5,1,0.36778524518013,3,3,1.0002560840382164
10397824,11,1,0.2645813524723053,2,2,1.329606504190217
10397831,11,4,0.13444820046424866,1,4,2.0065762807804233
10397948,9,1,0.33030885457992554,6,6,1.1077271392549595
10397881,12,9,0.039862260222435,5,11,3.2223252617801386
10397823,10,1,0.2949657738208771,6,6,1.2208959503194472
10395454,10,1,0.44578853249549866,1,1,0.8079105817898922
10397835,9,7,0.06892072409391403,5,6,2.6747983610816903
10397949,11,4,0.13338451087474823,3,5,2.0145192626261426
10397882,11,5,0.0744607076048851,5,9,2.597483707428207
10397825,12,1,0.24601230025291443,12,12,1.4023737432716765
10395455,8,4,0.14916440844535828,7,3,1.9027061689637303
10397946,9,3,0.18269653618335724,1,8,1.6999287748180911
10397837,12,10,0.019290143623948097,3,15,3.948161006579096
10395458,8,4,0.11741042882204056,2,9,2.142079543999863
10395456,9,2,0.19601789116859436,8,6,1.6295493424450997
10397937,7,2,0.2991531491279602,3,5,1.2067996322820314
10395457,11,10,0.04973223805427551,1,7,3.0011019031604524
10397941,8,2,0.23546215891838074,3,2,1.4462050624351046
10395459,9,3,0.16722151637077332,3,4,1.7884359001828538
10397934,12,1,0.2079942375421524,8,8,1.5702449037888526
10397935,10,3,0.13863591849803925,6,10,1.9759040735779656
10397936,10,4,0.09149876981973648,3,2,2.3914297513840848
10397940,11,1,0.17851299047470093,8,8,1.7230939046418383
10397870,9,1,0.1817624866962433,10,10,1.705054462335613
10397872,6,2,0.21322062611579895,5,4,1.545427845986308
10397867,8,3,0.14565515518188477,6,1,1.9265134018887096
10401834,10,1,0.2263234555721283,5,5,1.485790083582375
10401980,10,5,0.05198916047811508,3,9,2.95672003447386
10401799,8,6,0.09560449421405792,5,2,2.347535449422445
10401809,8,3,0.13878680765628815,1,6,1.9748162811305379
10397868,13,3,0.12194474041461945,4,13,2.104187284281702
10401829,10,1,0.24702903628349304,3,3,1.3982493934596862
10401975,9,2,0.12656940519809723,11,7,2.066964463579695
10401805,7,1,0.3697519898414612,10,10,0.9949227958196066
10401810,9,5,0.11222387105226517,3,6,2.1872595540460487
10397869,7,5,0.09095223248004913,3,5,2.397420828084525
10401831,11,1,0.30035850405693054,3,3,1.2027785042631545
10401978,10,4,0.11897556483745575,4,3,2.1288371444556105
10401801,9,1,0.2897011637687683,6,6,1.2389053570634745
10401812,7,1,0.28070878982543945,5,5,1.2704374821557314
10401861,12,1,0.3298319876194,6,6,1.1091718825975563
10401835,11,2,0.21933040022850037,1,6,1.5171760092327338
10401977,8,1,0.2549327611923218,4,4,1.366755450192554
10401800,9,2,0.1869196742773056,3,2,1.6770763037295082
10401806,8,1,0.37438729405403137,1,1,0.9824644717760644
10401940,9,4,0.10806194692850113,3,5,2.2250506336222755
10401863,11,4,0.12562358379364014,3,4,2.074465273516797
10401830,11,1,0.37323012948036194,6,6,0.9855600804692678
10401976,10,1,0.290688693523407,1,1,1.235502366142025
10401803,9,4,0.1233179122209549,3,4,2.0929896058759465
10401937,8,3,0.15504617989063263,5,3,1.864032271658368
10401807,12,3,0.14994646608829498,1,7,1.8974769413319539
10401857,15,4,0.10027725249528885,3,6,2.2998164043991682
10401833,14,5,0.09110705554485321,6,11,2.3957200293633467
10401981,9,4,0.12423023581504822,3,11,2.085618694544973
10401862,11,6,0.08603592962026596,1,10,2.452990283694856
10401988,6,2,0.30051088333129883,11,6,1.202271308254061
10401991,8,1,0.3177008330821991,7,7,1.1466451154809605
10401992,8,1,0.28163444995880127,2,2,1.2671453256793244
10401989,6,1,0.26641279458999634,3,3,1.3227083137289715
10401990,9,2,0.16029196977615356,1,2,1.8307583155923943
10401788,12,2,0.237122043967247,7,3,1.4391803169417328
10401778,12,3,0.10592705011367798,3,10,2.2450046282675893
10401919,9,5,0.11433026939630508,12,3,2.168663919126433
10401776,16,1,0.20173516869544983,2,2,1.60079948781585
10401792,14,1,0.1882229894399643,9,9,1.670127904987345
10401777,12,1,0.30860936641693115,3,3,1.1756789881950322
10405252,9,2,0.23132772743701935,9,6,1.46391984041825
10401789,14,12,0.02636878378689289,7,14,3.6355744007691793
10401837,11,1,0.19084572792053223,6,6,1.6562898845290834
10401779,14,8,0.06528482586145401,5,11,2.728995645484902
10401925,12,1,0.25835689902305603,5,5,1.3534133204326426
10402029,10,2,0.2008342742919922,3,1,1.6052752170250821
10405255,7,6,0.08237697929143906,2,9,2.496449258630963
10405399,8,6,0.05764472484588623,2,3,2.853456539560651
10401794,8,1,0.20543138682842255,2,2,1.5826431848441418
10405395,10,1,0.46460121870040894,9,9,0.7665758355317289
10401842,11,2,0.16956113278865814,9,2,1.7745417517659585
10401920,8,7,0.06684000045061111,6,3,2.7054535685133057
10401774,16,5,0.08360553532838821,3,5,2.481645549021343
10405333,8,3,0.18097394704818726,1,4,1.709402197036809
10405248,11,4,0.08135848492383957,4,15,2.5088901492952664
10405400,8,1,0.4179319739341736,12,12,0.8724366014855356
10401793,16,15,0.017718547955155373,3,13,4.033143281002772
10401908,17,4,0.1044621467590332,8,4,2.258930505170093
10405393,12,2,0.20312684774398804,3,1,1.5939246293537215
10401843,9,3,0.14168637990951538,7,12,1.954139256104152
10405388,8,1,0.29140952229499817,7,7,1.2330257080095777
10401924,12,4,0.08237148821353912,1,5,2.4965159187703274
10402033,11,1,0.21837012469768524,7,7,1.5215638361454873
10405258,8,1,0.28967219591140747,1,1,1.2390053542652821
10405402,10,3,0.1664194017648697,6,8,1.793244160247298
10405237,11,1,0.2427307367324829,5,5,1.415802529305531
10401912,20,9,0.036189597100019455,2,15,3.318983574377563
10402001,8,7,0.08902851492166519,7,2,2.4187985681864146
10405389,8,6,0.09546300768852234,1,6,2.3490164605832966
10401841,11,2,0.19895270466804504,2,13,1.614688147489141
10405385,9,5,0.1099814847111702,4,6,2.2074432481648016
10401921,15,9,0.04510767385363579,2,1,3.0987028949823916
10405329,7,1,0.4064546227455139,2,2,0.9002829853875978
10402025,17,1,0.2929915487766266,16,16,1.2276115141468387
10405247,9,7,0.053463347256183624,4,1,2.9287589578823217
10405403,10,8,0.053977858275175095,4,7,2.919181348445147
10405232,6,3,0.1752762645483017,7,8,1.7413918952621477
10401911,15,1,0.1749955266714096,2,2,1.7429948672629927
10401997,7,2,0.17636510729789734,1,5,1.7351989594090118
10405390,13,5,0.07004040479660034,2,1,2.6586829920751858
10401839,10,6,0.07474128156900406,4,10,2.5937227080420504
10402260,11,3,0.11601603031158447,2,6,2.1540269050822087
10401923,10,10,0.03308860585093498,4,16,3.4085662899720073
10405330,11,4,0.12354467064142227,10,6,2.0911524827152443
10402026,14,2,0.1525789052248001,4,6,1.8800734054355832
10405256,8,4,0.1533856987953186,9,5,1.8747996225871857
10405233,9,3,0.17776648700237274,4,16,1.7272844607190214
10402419,10,1,0.36249303817749023,3,3,1.0147500098994395
10397877,16,6,0.06487111747264862,12,4,2.7353527855659636
10401998,12,12,0.017409157007932663,9,4,4.050758946366705
10405394,14,5,0.08486359566450119,2,6,2.4667100683815844
10401838,13,8,0.04436318576335907,5,19,3.1153453029524063
10402258,8,2,0.15958821773529053,1,4,1.8351584204052516
10405386,7,3,0.16888633370399475,3,2,1.7785293719767263
10405334,8,1,0.3015972673892975,5,5,1.1986627032696948
10402031,15,12,0.020704882219433784,11,18,3.877385750509176
10402420,7,1,0.3239876925945282,6,6,1.1270497497306446
10405234,8,3,0.1359926015138626,11,9,1.9951547953592164
10397878,13,11,0.04012410715222359,3,12,3.2157779494375083
10405383,8,1,0.21022596955299377,4,4,1.5595722812961972
10401999,8,3,0.13866983354091644,3,6,1.9756594696143124
10402261,9,1,0.19075311720371246,1,1,1.6567752671229843
10402423,12,6,0.04316171258687973,1,10,3.1428014594239237
10405235,9,2,0.1981915682554245,7,2,1.6185211995884217
10401909,13,10,0.03883177042007446,3,8,3.248516542147773
10402262,8,5,0.11474714428186417,5,7,2.165024316783711
10402421,13,1,0.2631157338619232,1,1,1.335161290892237
10405296,10,1,0.22891299426555634,2,2,1.4744132853275083
10402259,9,5,0.10888013988733292,1,5,2.2175076358552834
10402422,14,6,0.09063407778739929,5,8,2.4009250021353026
10405297,11,5,0.07247012853622437,7,2,2.624580822215157
10402255,10,6,0.07898587733507156,7,10,2.53848621040649
10405298,8,2,0.166731059551239,8,7,1.791373186537387
10405292,10,6,0.05172651261091232,6,7,2.961784812454525
10405293,9,2,0.23852810263633728,3,5,1.4332681448349158
10401892,9,1,0.2742522060871124,7,7,1.2937071357858148
10401896,10,2,0.1414562463760376,7,4,1.9557648226052013
10401893,12,3,0.1467258781194687,1,6,1.9191892077577695
10401889,8,2,0.23096244037151337,2,7,1.4655001774747871
10401886,10,1,0.27193954586982727,3,3,1.3021754952205893
10405456,11,2,0.23026883602142334,5,3,1.4685078003678596
10401895,10,1,0.2800414264202118,6,6,1.272817735255875
10405270,10,6,0.08679269999265671,6,4,2.444232762319648
10401884,7,2,0.19678005576133728,2,4,1.6256686421756317
10405323,6,1,0.45502758026123047,11,11,0.7873972459095113
10405415,11,1,0.3849342167377472,9,9,0.9546828249097863
10401890,8,7,0.07570508867502213,2,10,2.5809098991992974
10405264,9,2,0.24388431012630463,6,3,1.4110613049549117
10401888,8,5,0.07349933683872223,6,9,2.6104788954064686
10405317,10,1,0.38021746277809143,3,3,0.9670119194773438
10405559,9,5,0.04453035816550255,2,5,3.1115841164403033
10405420,11,2,0.28586965799331665,11,7,1.2522193133260155
10405460,12,6,0.03992433100938797,7,8,3.2207693412045915
10405280,7,2,0.26244041323661804,2,3,1.3377312199120572
10405265,10,6,0.07365604490041733,8,9,2.6083490634005835
10401885,11,6,0.08725129812955856,2,4,2.438962839734538
10405416,13,7,0.052019599825143814,3,4,2.9561347117027967
10405318,7,1,0.46002012491226196,1,1,0.7764850406467262
10405565,8,1,0.3619481027126312,3,3,1.0162544401060656
10405283,7,3,0.205880269408226,3,4,1.5804604956292438
10405459,9,6,0.1031428724527359,9,6,2.2716401407109075
10405418,13,4,0.12188486754894257,9,10,2.10467838843743
10405266,11,11,0.014649433083832264,8,13,4.223353641617156
10401887,10,2,0.14251062273979187,4,5,1.9483387365094136
10405281,12,8,0.0349777489900589,6,10,3.3530431628042585
10405321,12,11,0.01753845065832138,12,10,4.043359627848294
10405561,10,2,0.19770881533622742,4,6,1.62095996033972
10405454,10,8,0.07355641573667526,15,8,2.6097026061444732
10405417,10,5,0.1470792591571808,7,8,1.9167836595675933
10405267,10,1,0.2587452232837677,4,4,1.3519113953120219
10406490,8,2,0.32291659712791443,7,2,1.1303612023285265
10405282,12,6,0.03725394234061241,5,7,3.289997505109347
10401882,9,2,0.3462497293949127,2,1,1.0605950030118323
10405320,10,9,0.05043724179267883,5,9,2.987025452317166
10405421,10,2,0.19981291890144348,7,1,1.610373755691614
10405564,10,1,0.2888186275959015,5,5,1.241956374057692
10406492,8,2,0.3606501817703247,2,1,1.0198468160250274
10405285,12,4,0.1031654104590416,7,2,2.2714216520872106
10405557,11,1,0.1847151815891266,7,7,1.688940199220211
10406493,9,1,0.4489642083644867,9,9,0.800812108527496
10405560,11,8,0.04676937311887741,5,10,3.0625267108219307
10406494,10,7,0.05714685097336769,5,4,2.8621309913378683
10405563,12,2,0.13242089748382568,11,3,2.0217698119534604
10406495,8,2,0.19770920276641846,3,5,1.6209580007416577
10405314,10,1,0.27333056926727295,1,1,1.2970733398798853
10405309,10,1,0.26929327845573425,9,9,1.3119542387938068
10405356,15,4,0.0970141813158989,17,8,2.3328981120318275
10405310,6,2,0.21799463033676147,3,2,1.5232848479791534
10405348,11,1,0.33801835775375366,7,7,1.0846550720930814
10405313,7,1,0.271191269159317,1,1,1.3049309167994643
10405381,8,1,0.30330806970596313,3,3,1.1930062582915175
10405355,13,2,0.1403055638074875,2,6,1.963932636156189
10405308,13,2,0.11594222486019135,3,11,2.1546632734997
10405372,9,1,0.30145013332366943,11,11,1.1991506717722493
10405351,12,1,0.20834839344024658,5,5,1.5685436320133503
10405246,8,2,0.24513372778892517,3,2,1.4059513896372722
10405486,8,1,0.4856753647327423,7,7,0.7222148520764817
10405316,7,7,0.06059010326862335,2,5,2.8036237116427447
10405376,11,4,0.11954478174448013,9,6,2.1240642351774217
10409343,11,3,0.12642093002796173,10,1,2.068138225312919
10405350,14,9,0.036558493971824646,12,3,3.308841726575492
10405250,6,1,0.33410778641700745,6,6,1.0962916242429668
10405315,9,7,0.07362984120845795,2,12,2.60870488421856
10422710,12,6,0.046304576098918915,1,3,3.0725144869441054
10422715,11,1,0.3016645312309265,1,1,1.1984397027678841
10422714,10,5,0.05546506866812706,3,13,2.8920018497479814
10427076,6,1,0.518275260925293,2,2,0.6572487861135812
10422711,11,2,0.13987523317337036,1,18,1.9670044453389592
10427036,10,4,0.09906604140996933,5,10,2.311968566300625
10427073,6,6,0.06398355215787888,1,3,2.749129226185133
10427108,11,6,0.07197004556655884,2,6,2.6315052803299466
10422712,11,1,0.18179704248905182,5,5,1.7048643653080917
10422866,11,3,0.09933595359325409,6,2,2.3092477030371694
10427040,8,2,0.22760547697544098,2,4,1.4801415129797724
10427074,6,2,0.1627311259508133,3,9,1.8156559741987064
10427109,12,1,0.2679145932197571,2,2,1.3170870312770167
10422716,11,3,0.13470153510570526,2,9,2.004693799151877
10422865,9,6,0.07272498309612274,6,5,2.6210703070364745
10427226,6,6,0.12686289846897125,6,4,2.064648315260542
10427037,10,5,0.04973408952355385,2,4,3.0010646750989842
10427077,8,3,0.1398816704750061,7,1,1.9669584246577683
10427105,10,6,0.0712527334690094,3,11,2.64152209609195
10422867,14,3,0.12956884503364563,5,14,2.043542917221961
10427221,6,2,0.22595901787281036,7,4,1.4874016329993367
10427042,7,1,0.2019142061471939,7,7,1.5999123938444804
10427078,7,3,0.16493645310401917,8,7,1.8021950119671175
10427107,11,6,0.07714543491601944,8,9,2.5620628734593884
10422869,13,1,0.19669251143932343,6,6,1.626113625286303
10427223,10,2,0.18048392236232758,4,3,1.7121135779613064
10427038,10,4,0.11882583051919937,4,1,2.1300964670749782
10427079,9,3,0.13137021660804749,3,5,2.0297358606625617
10427100,12,3,0.13956499099731445,1,3,1.969224900926163
10422872,14,7,0.05830766260623932,2,4,2.8420217601931057
10427229,9,2,0.16902506351470947,2,3,1.7777082702343703
10427043,9,1,0.2152784913778305,6,6,1.5358227803090065
10427101,11,5,0.0903014987707138,3,12,2.4046012210146137
10422871,13,8,0.04370225593447685,8,18,3.1303555549984514
10427201,10,1,0.24228838086128235,2,2,1.417626605832855
10427202,10,1,0.24320264160633087,3,3,1.413860267080978
10427199,9,2,0.16134324669837952,5,3,1.8242212163438136
10427388,7,2,0.17474964261054993,6,3,1.7444009430173764
10427206,9,4,0.12587597966194153,3,8,2.072458145157875
10427389,10,1,0.2315455675125122,2,2,1.4629785889183136
10427204,8,4,0.14085884392261505,1,4,1.9599969969780142
10427390,9,5,0.10509710013866425,2,9,2.252870592929319
10427200,9,5,0.11073599755764008,5,9,2.200606310938329
10427391,9,7,0.11388973146677017,8,3,2.1725245665284034
10427205,10,1,0.24908491969108582,4,4,1.389961397723265
10427014,7,1,0.28440311551094055,1,1,1.2573626264332343
10427016,9,4,0.1677551418542862,6,4,1.785249851711663
10427028,12,1,0.33570727705955505,1,1,1.0915156979610485
10427013,8,3,0.16322559118270874,5,1,1.8126220400277542
10427032,8,7,0.08898341655731201,8,5,2.4193052574284595
10427217,11,4,0.08960717171430588,4,15,2.412319920750092
10427254,11,1,0.2694564461708069,13,13,1.3113485114491676
10427020,13,8,0.06416242569684982,2,10,2.7463375091427555
10427033,8,4,0.1440858393907547,6,1,1.9373460501270259
10427212,11,6,0.08471385389566422,1,10,2.468476126405753
10427189,9,4,0.10496576875448227,10,1,2.254120993840107
10431126,8,1,0.252043753862381,1,1,1.3781525801040195
10427018,11,2,0.16802211105823517,9,2,1.7836596947972914
10431161,10,5,0.12699316442012787,4,7,2.0636220174356406
10427122,12,1,0.2517632842063904,7,7,1.3792659813222308
10427029,15,1,0.17347775399684906,7,7,1.7517059068543208
10431153,7,1,0.26340362429618835,1,1,1.3340677301009973
10427215,13,1,0.3394787013530731,2,2,1.080344069288375
10427186,12,6,0.08905159682035446,2,6,2.4185393376795066
10427251,9,8,0.06268484890460968,9,3,2.76963550480854
10431124,10,1,0.34512168169021606,8,8,1.0638582235836447
10427017,15,2,0.10896670073270798,9,11,2.2167129412920366
10431163,9,1,0.3671537935733795,1,1,1.0019744626487799
10427118,15,4,0.07671388983726501,9,3,2.5676724939499915
10427030,15,14,0.011334745213389397,1,16,4.479882473141231
10431156,8,2,0.24168062210083008,10,9,1.4201381678387197
10427210,10,3,0.13904358446598053,4,1,1.9729678376910522
10427193,11,8,0.05167796090245247,6,12,2.962723876508103
10427253,11,4,0.09692894667387009,10,12,2.333777077411007
10431305,8,1,0.2929707467556,2,2,1.22768251537403
10431125,10,8,0.043010059744119644,2,9,3.146321243112366
10427012,15,3,0.14067043364048004,2,4,1.9613354745381053
10431157,10,1,0.22283567488193512,1,1,1.501320663091947
10427120,14,7,0.0805002748966217,7,6,2.519494679698584
10427031,16,12,0.03072524257004261,13,6,3.482670728685935
10431150,10,6,0.08286698907613754,7,2,2.4905184978796253
10427209,13,1,0.2380639761686325,11,11,1.4352158340016776
10427547,9,2,0.22683463990688324,6,1,1.48353398551558
10427238,6,3,0.21555709838867188,1,2,1.5345294468133772
10427190,10,2,0.18691334128379822,2,3,1.677110185132404
10427249,12,12,0.03275046497583389,9,1,3.418838119266277
10431127,10,3,0.1867658793926239,1,2,1.6778994283692206
10431164,12,9,0.02996082790195942,2,3,3.507864487138169
10427115,11,8,0.04209643602371216,2,8,3.1677921968959533
10431154,12,1,0.23593951761722565,2,2,1.444179788085129
10427213,14,8,0.04352279752492905,9,17,3.134470397137149
10427546,7,1,0.3297331929206848,4,4,1.1094714578400613
10427239,10,7,0.06832510232925415,2,4,2.683478049485202
10427187,14,1,0.3139668107032776,2,2,1.158467997057558
10427250,11,1,0.2289465218782425,7,7,1.4742668316159924
10431308,10,3,0.13991336524486542,4,8,1.9667318676002898
10431123,8,1,0.3620876669883728,1,1,1.015868922474726
10431158,7,1,0.3334495425224304,5,5,1.0982637218572882
10427124,14,4,0.06900306791067123,6,11,2.673604312899808
10431151,12,7,0.06634670495986938,11,8,2.7128611809311494
10427211,14,2,0.13584505021572113,3,7,1.9962403794326025
10427540,7,1,0.3374026119709015,8,8,1.0864783674334246
10427237,12,3,0.1605246514081955,3,8,1.829307756877686
10427188,10,9,0.040706269443035126,4,13,3.201373158027174
10427248,12,7,0.06613551825284958,11,2,2.716049335247696
10431310,9,5,0.07702087610960007,9,3,2.5636787755678854
10431128,10,4,0.08888548612594604,5,9,2.4204064104662755
10431162,10,1,0.31523874402046204,8,8,1.1544250097056719
10427125,16,16,0.0106106111779809,15,12,4.54590072405856
10427214,11,7,0.05813997611403465,2,8,2.844901794686809
10427191,12,1,0.2840953469276428,14,14,1.2584453685467125
10427246,12,1,0.17576469480991364,7,7,1.7386091397814532
10427233,9,7,0.03668126463890076,2,4,3.3054891545736877
10427542,9,3,0.12979651987552643,1,3,2.0417872865082027
10427123,14,10,0.050437502562999725,12,10,2.9870202821366107
10427235,12,2,0.17772884666919708,8,2,1.7274962234610387
10427543,11,9,0.058141276240348816,9,7,2.84487943293394
10427544,11,1,0.30581197142601013,2,2,1.1847848383593524
10431134,9,4,0.11350211501121521,9,2,2.1759338077742534
10427541,12,2,0.20081187784671783,12,8,1.6053867402909137
10431136,9,4,0.15722063183784485,2,5,1.8501051618111888
10431130,10,2,0.24986378848552704,2,9,1.3868393556603318
10431131,7,1,0.3099300265312195,3,3,1.1714087278487681
10427054,10,1,0.2545105814933777,1,1,1.3684128662787607
10427052,10,1,0.32648777961730957,8,8,1.1193627593970172
10427047,8,4,0.10339848697185516,1,3,2.2691649497822266
10427138,8,1,0.5254863500595093,3,3,0.6434310641509037
10427051,7,2,0.2716827690601349,1,3,1.3031201835519426
10427143,10,5,0.11132027208805084,1,6,2.1953438981300675
10431040,7,2,0.1932457983493805,3,5,1.6437923337981577
10431223,7,1,0.34213677048683167,9,9,1.072544708159518
10427048,6,1,0.44822442531585693,4,4,0.8024612226346446
10431451,13,3,0.16090089082717896,4,12,1.8269666884722213
10427140,13,2,0.28200098872184753,5,11,1.2658447019443275
10431337,12,2,0.22648264467716217,1,2,1.4850869609367015
10431219,8,1,0.435920387506485,2,2,0.8302956497682394
10431038,7,1,0.4365549087524414,5,5,0.8288411183664988
10431456,14,8,0.061588745564222336,3,7,2.787276127014192
10427141,13,5,0.08290217071771622,6,3,2.4900940324102865
10431217,9,1,0.32674747705459595,2,2,1.118567647840145
10431042,9,7,0.0347820520401001,4,6,3.3586537712185445
10431449,12,8,0.04302830994129181,10,9,3.1458970091917884
10427142,10,6,0.05786585807800293,4,3,2.8496277388280253
10431220,8,4,0.08039858192205429,4,1,2.520758740738158
10431339,13,4,0.12512589991092682,1,6,2.078434849277296
10431454,12,1,0.2076428234577179,11,11,1.5719358702648658
10431044,7,6,0.06257449090480804,1,3,2.7713975774575537
10431439,10,1,0.47818639874458313,7,7,0.7377546669709786
10431224,10,6,0.06494128704071045,4,9,2.7342716935831266
10427139,7,1,0.2882556915283203,4,4,1.243907374916642
10431452,14,4,0.10423215478658676,4,1,2.261134610062781
10431333,12,1,0.20278438925743103,8,8,1.5956119862760874
10431039,8,4,0.1277305632829666,6,8,2.0578322079867597
10431440,9,1,0.2739776074886322,2,2,1.2947089004277383
10431221,5,2,0.3106958568096161,6,4,1.1689407976909851
10431455,14,2,0.12019430845975876,2,8,2.118645608586474
10431334,14,2,0.1573002189397812,1,4,1.8495990770575819
10431442,11,2,0.3284458518028259,2,1,1.113383289338797
10431443,9,5,0.06959328055381775,2,6,2.665087260069399
10431441,12,5,0.06192934513092041,3,9,2.7817611384313605
10431438,11,2,0.18576450645923615,2,7,1.6832755017486698
10431444,10,1,0.3896830976009369,2,2,0.9424214404266096
10431328,12,2,0.22147607803344727,8,1,1.507440695178347
10434452,9,1,0.39239415526390076,8,8,0.9354884462441092
10445312,11,2,0.1770172268152237,2,5,1.731508224504556
10445373,12,1,0.2575651705265045,4,4,1.356482501476753
10445314,8,4,0.16055724024772644,4,1,1.8291047629344601
10445377,6,2,0.20040060579776764,1,3,1.6074368868330442
10445318,14,2,0.19678685069084167,3,2,1.625634112191562
10445374,11,2,0.18088167905807495,3,6,1.7099121683372684
10445323,14,2,0.17225760221481323,5,9,1.7587642352883275
10445294,10,6,0.09767410904169083,13,10,2.3261187597443325
10445317,11,5,0.07987017929553986,5,12,2.5273527212132425
10445375,5,2,0.22741563618183136,5,6,1.4809759393355402
10445357,7,5,0.1057019755244255,1,7,2.2471316963617203
10445324,12,1,0.19630946218967438,2,2,1.6280629761631442
10445296,8,6,0.08237461745738983,1,7,2.496477930086609
10445315,9,1,0.2326948195695877,2,2,1.4580274711924868
10445379,16,2,0.130095437169075,3,14,2.0394869657998806
10445354,9,1,0.17416852712631226,5,5,1.7477319018033828
10445326,9,2,0.2249615639448166,2,1,1.491825718282222
10445293,10,6,0.08939506113529205,9,13,2.4146898429003834
10445378,11,1,0.1916055679321289,14,14,1.6523163536790517
10445355,9,5,0.09760776907205582,6,11,2.326798187582981
10445426,12,4,0.10607095062732697,2,4,2.2436470632410654
10445432,16,3,0.07744622230529785,6,12,2.5581714892249456
10445425,13,7,0.05647161975502968,8,1,2.8740170722479843
10448675,10,1,0.2950837016105652,10,10,1.2204962286141714
10448650,14,3,0.1335407793521881,3,4,2.0133483844739812
10445433,12,2,0.17601557075977325,11,1,1.7371828176312605
10448661,6,3,0.20483072102069855,1,9,1.5855713920825274
10448677,8,1,0.3168248236179352,1,1,1.1494062647317995
10445427,9,4,0.1006898358464241,6,7,2.2957104193427225
10448655,9,1,0.25420132279396057,1,1,1.3696287164875276
10448671,8,2,0.1803404688835144,6,8,1.712908720916449
10448644,14,1,0.2162080854177475,8,8,1.53151397661439
10445434,8,3,0.2024957686662674,8,7,1.5970362881290794
10448656,9,6,0.04589543864130974,2,9,3.0813895428600837
10448672,11,3,0.21693775057792664,1,7,1.5281448302911287
10448645,13,1,0.16686850786209106,4,4,1.7905491547816181
10448621,12,8,0.02271030843257904,1,12,3.784936341601588
10448623,6,4,0.18276600539684296,3,5,1.6995486033563483
10454391,9,4,0.13212651014328003,3,7,2.023995405201197
10454395,6,2,0.30348819494247437,1,5,1.1924125656394826
10454418,7,4,0.14180560410022736,1,2,1.9532981445068884
10448622,9,1,0.2657194435596466,4,4,1.3253142502726174
10454386,7,1,0.22723841667175293,4,4,1.4817555189651135
10454220,12,3,0.11525808274745941,2,10,2.160581467265537
10454221,8,8,0.024283383041620255,1,3,3.717962987998626
10454208,9,5,0.09132283926010132,6,4,2.393354366475557
10454218,8,1,0.242766872048378,6,6,1.4156536704221574
10454209,12,1,0.20841166377067566,1,1,1.5682400024796632
10454207,13,5,0.09249177575111389,11,3,2.3806355492153255
10454291,7,2,0.2911878228187561,2,7,1.233786780777254
10454225,10,2,0.21092838048934937,10,5,1.5562366320855485
10454211,9,5,0.11682943999767303,1,9,2.1470401855738803
10457750,10,2,0.18303658068180084,2,7,1.6980692516808766
10454286,11,2,0.17711111903190613,12,4,1.730977952246017
10454222,7,4,0.15092740952968597,3,11,1.890956289347174
10454206,12,9,0.0371769517660141,10,9,3.2920662859020924
10454396,9,2,0.17453868687152863,1,12,1.7456088606422449
10457754,10,2,0.25956642627716064,6,11,1.3487426311862893
10454309,11,8,0.0471411757171154,8,11,3.054608440819636
10454287,12,1,0.3043411076068878,2,2,1.189606142123433
10454224,9,8,0.06385976821184158,4,11,2.7510657213318788
10454409,13,1,0.20027847588062286,7,7,1.6080465014923144
10454402,11,3,0.14795410633087158,9,13,1.9108531456655748
10457914,7,3,0.1764509081840515,9,7,1.734712581897331
10454210,12,12,0.024548077955842018,1,6,3.7071217188109067
10454306,13,1,0.25536468625068665,3,3,1.365062613343472
10454284,9,2,0.2918528914451599,4,6,1.2315054000825965
10454226,7,3,0.1537245362997055,4,2,1.8725930035745038
10454412,13,3,0.13105694949626923,17,8,2.032123321269096
10457915,8,7,0.030130872502923012,3,7,3.5022049683128675
10454212,14,1,0.14795315265655518,2,2,1.910859591430506
10457758,10,2,0.2823089361190796,7,1,1.2647532895333646
10454304,10,3,0.1511341631412506,3,4,1.8895873390234046
10454285,6,2,0.1553313285112381,6,3,1.8621948401879038
10454657,7,1,0.28818047046661377,2,2,1.2441683615343906
10454217,8,1,0.24812330305576324,2,2,1.3938294666340405
10454411,8,3,0.15540087223052979,10,4,1.8617472282552698
10457729,7,5,0.03954976424574852,1,5,3.230195545702839
10454205,14,2,0.13866965472698212,6,3,1.975660759109259
10457753,10,8,0.06315986067056656,6,5,2.762086295572959
10457897,13,1,0.3893486559391022,8,8,0.9432800490285338
10454288,16,5,0.06658430397510529,5,18,2.709286405261228
10454653,6,1,0.4360795319080353,5,5,0.8299306396351557
10454219,6,1,0.4451462924480438,1,1,0.8093523037671203
10454407,15,8,0.07003200054168701,4,6,2.6588029907987476
10454398,9,8,0.06472410261631012,7,8,2.7376216180013278
10457917,7,3,0.1633981466293335,4,5,1.8115654391583003
10454213,11,6,0.07403219491243362,5,8,2.6032552140076675
10457756,13,7,0.06475690752267838,1,6,2.73711490420546
10454307,12,9,0.07374449819326401,6,4,2.607148887314285
10457890,14,2,0.19625398516654968,1,15,1.62834561594465
10454282,11,1,0.1813095510005951,2,2,1.7075494819658021
10454376,6,1,0.2795126736164093,1,1,1.274707643528012
10454654,6,5,0.10607300698757172,6,3,2.2436276767804
10454413,14,4,0.10920624434947968,1,3,2.214517034618657
10457725,11,6,0.057547058910131454,3,5,2.8551522500700792
10454403,12,9,0.03831071779131889,1,14,3.2620255840494132
10457919,6,1,0.2586311995983124,4,4,1.3523521718231206
10457757,13,12,0.02080741710960865,2,6,3.872445764030505
10454308,12,2,0.11799424141645432,10,2,2.137119457262779
10457891,14,4,0.10297355055809021,7,1,2.2732831144270316
10454289,11,6,0.077461838722229,10,7,2.5579698674774334
10454377,7,4,0.11218090355396271,2,6,2.1876425004330224
10454659,12,1,0.31065499782562256,1,1,1.169072314317212
10454410,10,5,0.09313470870256424,7,8,2.373708353192359
10457727,12,1,0.3724552392959595,11,11,0.9876384113465374
10454399,10,1,0.27474379539489746,5,5,1.2919162686835275
10457918,12,1,0.23273062705993652,5,5,1.457873601262603
10454506,10,8,0.03059285692870617,2,9,3.486988730976102
10457748,10,4,0.13651509582996368,3,1,1.9913200783110787
10454310,12,4,0.12455982714891434,9,13,2.082969139150723
10457896,14,8,0.07054457813501358,4,5,2.651510455018339
10454283,13,2,0.15900610387325287,11,1,1.8388126883587945
10454651,10,1,0.27800819277763367,6,6,1.2801046953026016
10454379,5,2,0.23683708906173706,1,3,1.4403827621315657
10454408,10,5,0.06842612475156784,3,9,2.682000586462062
10457726,8,3,0.15366576611995697,5,4,1.8729753850615058
10454401,12,2,0.15823104977607727,6,7,1.8436989737786742
10457920,10,2,0.17306308448314667,3,2,1.754099100761482
10454507,7,6,0.10029323399066925,6,2,2.2996570440097686
10457749,10,3,0.11835351586341858,2,4,2.1340792361256833
10454305,14,12,0.031559739261865616,16,4,3.455873044703179
10457728,12,2,0.16499359905719757,1,6,1.8018485994267892
10457892,13,5,0.0925091803073883,5,8,2.380447392822012
10454290,12,1,0.228120356798172,3,3,1.4778819086139596
10454378,5,4,0.17590822279453278,5,2,1.7377928813469625
10454658,10,3,0.16852273046970367,3,1,1.7806846393577709
10454400,14,1,0.20620164275169373,10,10,1.5789007406429727
10454414,14,1,0.19954806566238403,2,2,1.6117001410328278
10457895,14,1,0.2221137285232544,1,1,1.5045657376406218
10457767,13,1,0.2853103578090668,4,4,1.2541777164477463
10454303,15,6,0.07573698461055756,2,5,2.5804886696781337
10454509,8,1,0.24415382742881775,1,1,1.4099568120508854
10454380,5,1,0.2752329707145691,4,4,1.2901373737235446
10454652,10,1,0.25566086173057556,7,7,1.3639034716362874
10454406,11,6,0.07895295321941376,1,3,2.538903132781046
10457768,12,6,0.0673879012465477,6,16,2.6972897839049157
10454508,9,5,0.07787664234638214,1,2,2.5526292125767447
10454381,8,1,0.2715820074081421,2,2,1.3034911321483278
10454655,14,2,0.13564525544643402,9,8,1.9977122169250525
10454511,9,5,0.059001509100198746,2,8,2.830192257434058
10457769,9,7,0.06688695400953293,6,3,2.7047513381957025
10454656,16,10,0.038049813359975815,3,11,3.2688590998119436
10454510,9,2,0.19787488877773285,1,3,1.6201203228645915
10457770,12,5,0.10680640488862991,2,12,2.236737383386902
10457771,10,9,0.024837274104356766,7,10,3.695409766088419
10457765,12,5,0.0572914220392704,9,11,2.8596043690985344
10457766,11,4,0.10914697498083115,9,8,2.2150599107006856
10454247,11,1,0.17174696922302246,1,1,1.7617329944806628
10454193,7,2,0.26120811700820923,4,2,1.3424378062272944
10454242,8,1,0.21143850684165955,3,3,1.5538210705647104
10454191,9,1,0.4404551386833191,5,5,0.8199466806007152
10454248,9,3,0.1306745707988739,1,7,2.0350452388815707
10454188,10,3,0.19761888682842255,9,2,1.6214149171204546
10454243,11,1,0.24242547154426575,1,1,1.417060949679401
10454362,7,3,0.20496323704719543,5,2,1.5849246474026364
10454189,7,7,0.07618965208530426,2,1,2.5745296249165666
10457906,7,1,0.32576316595077515,7,7,1.1215846464469725
10454244,14,1,0.27285146713256836,1,1,1.2988277082979485
10454355,9,1,0.34532973170280457,3,3,1.0632555743172385
10457884,6,4,0.07291382551193237,3,11,2.6184770075794397
10454192,10,2,0.16734206676483154,8,4,1.787715257498761
10457738,9,1,0.3254084587097168,7,7,1.1226740897295369
10457902,7,3,0.17087262868881226,7,5,1.7668368614955468
10454245,8,5,0.13797026872634888,2,4,1.980717061048292
10454356,10,2,0.24434858560562134,1,2,1.4091594436779733
10457885,9,1,0.2800859212875366,9,9,1.2726588611441199
10457812,7,2,0.2940698564052582,2,1,1.2239379330468794
10457737,10,1,0.2882193624973297,10,10,1.2440334134356898
10457908,10,3,0.15701116621494293,7,2,1.8514383537747345
10454246,13,2,0.21193096041679382,3,8,1.5514947157596901
10454357,12,4,0.11451016366481781,3,11,2.1670916942956815
10457886,8,1,0.5611915588378906,9,9,0.5776929721394208
10457811,8,1,0.31813904643058777,6,6,1.1452667388427873
10457935,4,2,0.2524280250072479,2,5,1.3766291203772925
10457732,9,4,0.15110686421394348,1,6,1.889767982449747
10457903,12,1,0.41228118538856506,10,10,0.8860496736149884
10458111,10,2,0.23857508599758148,12,3,1.4330711922153763
10454358,12,6,0.08301280438899994,1,8,2.4887604133369057
10454241,12,3,0.14887061715126038,3,7,1.9046776915300547
10457813,6,1,0.24921296536922455,2,2,1.389447465455856
10457932,5,3,0.16351504623889923,2,5,1.8108502669529656
10457733,11,2,0.15358734130859375,1,5,1.8734858750202419
10457904,10,3,0.13340114057064056,12,6,2.0143945955323628
10458112,10,1,0.18870005011558533,7,7,1.6675965610242798
10457843,8,1,0.36276698112487793,7,7,1.0139945761153493
10454360,14,14,0.017275884747505188,2,13,4.058443695154767
10457889,14,6,0.07303429394960403,9,7,2.616826168014323
10457933,5,1,0.3555505871772766,4,4,1.0340877411920792
10457736,11,4,0.11594371497631073,7,4,2.1546504213524726
10457905,9,4,0.11050405353307724,5,2,2.202703075139895
10458113,8,5,0.16100212931632996,8,7,1.8263376885178644
10457844,10,2,0.2739443778991699,6,4,1.2948301935694235
10454359,11,2,0.21983681619167328,6,11,1.5148697524417003
10457888,14,6,0.0631546601653099,3,1,2.7621686377332297
10457809,10,3,0.15705513954162598,1,2,1.8511583280211634
10457934,5,1,0.44565460085868835,1,1,0.8082110645303091
10457734,12,5,0.07456541061401367,4,7,2.5960785439896394
10457907,11,5,0.0823633149266243,7,8,2.496615148402023
10458106,13,6,0.07583852112293243,6,12,2.5791489211868313
10457845,10,2,0.19800756871700287,4,3,1.619450023174742
10454361,8,3,0.1525782197713852,6,4,1.88007789789772
10457883,12,2,0.1680491417646408,9,6,1.7834988318479204
10457810,8,8,0.033440932631492615,11,4,3.397974601456801
10457735,12,1,0.32852602005004883,2,2,1.1131392355183656
10457901,10,2,0.1927599161863327,12,3,1.6463098220185002
10458110,11,1,0.24266020953655243,17,17,1.4160931288602565
10457846,9,1,0.3597743809223175,7,7,1.0222781636630691
10457840,12,1,0.3498229682445526,5,5,1.0503280574767497
10457842,11,8,0.025533491745591164,4,6,3.6677642867875226
10457841,12,2,0.18595223128795624,2,3,1.682265459285598
10457704,10,3,0.16785719990730286,1,6,1.7846416615859553
10461615,12,3,0.11717040836811066,14,5,2.1441259220464697
10457742,7,1,0.3842262029647827,1,1,0.9565238296073779
10457698,8,1,0.40087026357650757,4,4,0.9141174362515709
10461608,11,1,0.3092816472053528,12,12,1.17350293760073
10457743,8,2,0.24995027482509613,6,3,1.3864932816028737
10461609,14,1,0.610419511795044,5,5,0.4936088339345674
10457746,6,6,0.06459612399339676,1,3,2.7396008700958765
10461610,10,1,0.2059578150510788,8,8,1.5800839124685533
10457701,10,8,0.05157865211367607,3,10,2.964647410827032
10457744,9,6,0.03940919414162636,12,5,3.2337561360526386
10461614,11,6,0.06675032526254654,2,13,2.706796108866511
10457700,11,5,0.08049701899290085,6,10,2.5195351263873778
10461611,12,2,0.1824919730424881,3,6,1.7010490902557183
10457745,10,3,0.16101902723312378,9,2,1.8262327394083686
10457703,12,1,0.22621290385723114,11,11,1.4862786706971685
10461612,12,4,0.12958382070064545,3,2,2.043427343129956
10457740,8,1,0.25606390833854675,2,2,1.3623282237104923
10457702,14,2,0.21194559335708618,7,2,1.5514256723546331
10461613,11,2,0.22080767154693604,10,3,1.5104632208578754
10457741,12,8,0.038915012031793594,7,6,3.2463751893894486
10461581,7,2,0.2773008346557617,1,5,1.2826523164270993
10461627,11,3,0.13174794614315033,10,2,2.026864680728473
10461582,10,7,0.06847023218870163,7,4,2.6813561947536795
10461629,9,1,0.4331028461456299,11,11,0.836780059216236
10461601,8,1,0.39678916335105896,3,3,0.924350214047525
10461622,10,1,0.27830037474632263,9,9,1.279054263895961
10461599,9,1,0.430595338344574,7,7,0.8425865200636246
10461584,9,1,0.24161531031131744,7,7,1.4204084444354386
10461600,10,1,0.3081732392311096,4,4,1.1770931890966607
10461624,11,1,0.22711803019046783,11,11,1.4822854398452228
10461585,10,7,0.0624239481985569,2,7,2.7738062920001867
10461625,11,1,0.24692398309707642,2,2,1.3986747504627968
10461595,10,3,0.12525302171707153,2,4,2.0774194138225766
10461586,9,2,0.15963822603225708,1,3,1.8348451111644166
10461626,10,1,0.25498178601264954,5,5,1.3665631637761435
10461596,11,5,0.10580876469612122,1,3,2.246121920870809
10461580,7,3,0.17734293639659882,5,8,1.7296699271624028
10461628,9,3,0.12883508205413818,4,1,2.0492221262028205
10461597,9,3,0.18856151401996613,3,12,1.6683309910061077
10472317,14,5,0.07799635082483292,5,4,2.5510932376839786
10472310,10,2,0.21710556745529175,9,1,1.5273715577685254
10472311,9,3,0.1398463100194931,6,5,1.9672112449558223
10472313,12,3,0.17846837639808655,3,2,1.7233438564935974
10472417,7,1,0.2402632236480713,4,4,1.4260201914473984
10472358,8,1,0.2939545512199402,1,1,1.2243301112806417
10472271,9,6,0.08927776664495468,9,8,2.4160027958395
10472316,14,1,0.27087363600730896,5,5,1.3061028546443043
10472418,6,2,0.22614850103855133,6,1,1.4865634112538029
10472359,9,2,0.16278542578220367,6,5,1.8153223516433865
10472266,10,3,0.2144903689622879,6,14,1.5394904415648116
10472299,10,3,0.16836261749267578,6,11,1.7816351882020711
10472312,14,7,0.059147898107767105,7,5,2.827714224138115
10472419,8,3,0.1698824167251587,1,2,1.7726487475659776
10472354,11,1,0.43997010588645935,15,15,0.8210484955450736
10472267,12,2,0.1713537722826004,5,4,1.7640250158317703
10472300,7,5,0.06080358847975731,6,3,2.8001064707030494
10472314,12,1,0.3687902092933655,10,10,0.9975273351212711
10472423,9,2,0.20158298313617706,1,3,1.6015541553943082
10472360,7,1,0.3340514302253723,6,6,1.0964603151488619
10472268,10,3,0.1583608090877533,5,2,1.8428792475898348
10472301,10,3,0.1829160451889038,1,9,1.6987280008671635
10472455,9,5,0.11728113889694214,1,2,2.1431813299688613
10472315,12,1,0.20844866335391998,1,1,1.5680624869861803
10472421,10,1,0.28913015127182007,10,10,1.2408783418254976
10472361,11,9,0.03338760510087013,4,7,3.3995705526402635
10472270,7,1,0.30512067675590515,10,10,1.1870479191333232
10472302,9,3,0.137994647026062,2,3,1.9805403842434883
10472456,11,3,0.19487573206424713,3,6,1.6353931950275595
10472422,10,2,0.20684221386909485,3,1,1.5757990282185377
10472355,8,1,0.21695655584335327,4,4,1.528058148971922
10472269,11,2,0.21262824535369873,5,14,1.5482099651082906
10472303,12,6,0.07875004410743713,6,7,2.5414764411821116
10472457,16,1,0.233635812997818,5,5,1.4539917307126973
10472420,8,5,0.11756134778261185,8,4,2.1407949728611073
10472356,14,3,0.15302199125289917,13,2,1.8771736342393175
10472273,10,4,0.11506619304418564,14,1,2.162247724519674
10472297,12,8,0.0713852047920227,2,6,2.6396646469067595
10472424,9,1,0.2906399667263031,7,7,1.2356700055534282
10472357,12,2,0.1763938069343567,12,10,1.7350362441076275
10472272,12,7,0.07193875312805176,9,2,2.631940172974234
10472298,13,2,0.10827509313821793,1,3,2.2230801316812356
10472458,15,1,0.3412688970565796,6,6,1.0750845580261843
10472462,9,3,0.15527281165122986,1,5,1.8625716340108704
10472459,12,7,0.07667674124240875,7,5,2.5681568598505824
10472461,15,5,0.10823307186365128,2,3,2.223468304340626
10476075,7,3,0.16539213061332703,1,5,1.7994360754365812
10476079,14,2,0.14800643920898438,11,2,1.9104994979956615
10476073,14,5,0.08357656747102737,9,13,2.481992091589784
10476083,6,2,0.20503802597522736,3,2,1.5845598244832624
10476078,14,1,0.23360949754714966,2,2,1.4541043715465474
10476084,6,1,0.24717149138450623,3,3,1.397672886163626
10476113,9,9,0.023490896448493004,4,9,3.751142318055553
10476076,12,9,0.04525868967175484,5,3,3.0953605903280774
10476088,6,5,0.10603918135166168,3,2,2.243946617775367
10476074,14,4,0.10859090834856033,5,1,2.2201675918508395
10476085,5,3,0.19856952130794525,1,4,1.6166160068828572
10476110,8,3,0.24901211261749268,8,2,1.3902537386503901
10476137,7,4,0.05494840443134308,4,5,2.9013606352903305
10476080,12,3,0.1036568284034729,1,3,2.2666695628349642
10473214,7,1,0.2929581105709076,2,2,1.2277256475206597
10476115,10,1,0.29222527146339417,13,13,1.2302302965353795
10476086,9,3,0.09464053064584732,1,2,2.35766945233441
10476131,11,2,0.27214398980140686,1,5,1.3014239784853898
10476111,14,5,0.09344244003295898,3,9,2.3704096468767406
10473211,9,2,0.2089758813381195,4,3,1.5655364339725315
10476087,8,2,0.18552029132843018,7,9,1.6845910157017354
10476132,8,3,0.1634785681962967,2,3,1.8110733786049582
10476114,10,2,0.21063239872455597,2,7,1.5576408510168296
10473212,11,1,0.48036450147628784,9,9,0.7332100851862483
10476090,10,5,0.07749234884977341,2,9,2.5575760720154745
10476116,8,1,0.2665943205356598,6,6,1.3220271747815526
10476133,10,5,0.08744385093450546,5,7,2.4367583952041025
10473216,11,1,0.2191154658794403,11,11,1.518156446649947
10476089,8,1,0.4471769332885742,1,1,0.8048009387743876
10476112,11,5,0.08885343372821808,2,18,2.4207670787779962
10476134,10,2,0.204742893576622,4,7,1.586000264657774
10473215,9,3,0.17936083674430847,3,5,1.7183556545024181
10473209,10,3,0.15682972967624664,2,3,1.8525945865110338
10473213,10,1,0.20528952777385712,8,8,1.5833339656403609
10473210,12,1,0.3363065719604492,3,3,1.0897321184689326
10480014,10,2,0.18670322000980377,2,8,1.6782349816104838
10480032,9,4,0.12838196754455566,3,1,2.0527453372729982
10480112,8,1,0.2080356925725937,3,3,1.5700456150955269
10480011,8,1,0.24558281898498535,8,8,1.4041210404289948
10480028,13,2,0.21644119918346405,10,1,1.530436365733836
10480247,10,7,0.02755644917488098,6,5,3.5915186809456228
10480115,6,5,0.1091761589050293,4,1,2.214792564553234
10480015,8,1,0.307508647441864,4,4,1.1792520703688145
10480244,7,2,0.18634867668151855,4,2,1.6801357543350026
10480033,14,4,0.13029281795024872,3,12,2.03797091570854
10480113,7,2,0.1372392773628235,2,1,1.986029326505434
10480016,10,5,0.07425916939973831,1,7,2.6001940153248655
10480030,14,2,0.146271750330925,4,16,1.9222890837164726
10480116,7,1,0.2517611086368561,3,3,1.3792746226892239
10476280,9,1,0.27009472250938416,9,9,1.3089825573993208
10480246,12,6,0.05790278688073158,3,12,2.8489897629064043
10480012,10,4,0.14648562669754028,1,7,1.92082796661783
10480034,16,6,0.07095756381750107,6,10,2.645673273341567
10480117,8,1,0.32092803716659546,3,3,1.1365383642665834
10480249,11,4,0.14879882335662842,3,5,1.9051600641639506
10480017,10,3,0.15256889164447784,8,6,1.8801390364539197
10480035,16,7,0.07201772928237915,12,14,2.630842950245139
10480250,9,7,0.07357963174581528,3,7,2.6093870341316334
10480118,6,3,0.18812492489814758,6,7,1.6706490426915812
10476286,9,1,0.49540606141090393,5,5,0.7023775266143579
10480013,9,3,0.10919885337352753,9,5,2.2145847159688823
10480251,8,2,0.1976277381181717,1,9,1.6213701284280688
10480029,15,6,0.07562698423862457,2,12,2.581942125109228
10480114,10,2,0.1404392421245575,7,1,1.9629803241322574
10476282,6,5,0.1383415311574936,4,5,1.978029787795963
10480010,11,7,0.06727971881628036,3,2,2.6988964426323556
10480242,10,4,0.14928674697875977,7,1,1.901886346101395
10480145,10,3,0.16373758018016815,1,5,1.8094902535712272
10480111,10,2,0.15165206789970398,10,8,1.886166408938512
10476285,9,8,0.03691113367676735,2,6,3.2992420477880358
10480031,16,2,0.13400885462760925,10,15,2.00984940190385
10480146,6,1,0.29679498076438904,2,2,1.214713679003103
10476283,10,1,0.2737654149532318,6,6,1.2954836891053532
10480150,9,1,0.32840874791145325,7,7,1.1134962637822379
10476279,12,1,0.26426419615745544,10,10,1.3308059332246267
10480152,8,1,0.38696810603141785,5,5,0.9494130027040318
10476284,11,6,0.06595662236213684,7,11,2.718757989967908
10480147,12,3,0.1218796968460083,13,6,2.104720812183046
10480151,10,6,0.10740465670824051,7,4,2.231151739297602
10480148,12,6,0.10841198265552521,10,1,2.2218166549831775
10480149,12,2,0.18137206137180328,11,10,1.7072047698563666
10479993,8,3,0.17822539806365967,6,4,1.7247062484914755
10480000,13,1,0.17383424937725067,11,11,1.7496530235555152
10479994,7,4,0.16286703944206238,4,2,1.8148211199913482
10480004,5,1,0.3001920282840729,2,2,1.203332914818659
10480187,16,3,0.15575873851776123,3,2,1.8594470168354187
10480237,11,1,0.2996959090232849,2,2,1.2049869549919745
10480199,11,6,0.04944406822323799,1,9,3.006913183149285
10484043,11,2,0.23420856893062592,2,8,1.4515432403980704
10479995,10,2,0.15823520720005035,4,1,1.8436726997359814
10484447,7,5,0.08509879559278488,1,3,2.463942396349202
10480075,9,5,0.08668099343776703,1,10,2.4455206413994173
10480006,11,4,0.11383723467588425,2,5,2.172985616817748
10480245,15,1,0.2606167495250702,18,18,1.3447043434286803
10480194,17,4,0.08413343876600266,5,4,2.475351183822294
10484039,9,5,0.10660944879055023,8,3,2.2385831333684516
10479996,6,2,0.2276577651500702,6,3,1.4799118077454336
10484452,7,2,0.1992594599723816,9,1,1.6131474845348046
10480001,10,2,0.17571480572223663,1,2,1.7388930202805235
10484148,10,3,0.15033139288425446,3,5,1.894913135874413
10480183,12,2,0.18787115812301636,10,6,1.671998880230439
10480243,10,4,0.12609891593456268,3,4,2.07068863291925
10479997,12,3,0.11402229964733124,13,9,2.1713612387754653
10484445,12,2,0.2826661169528961,17,12,1.2634888766023475
10480067,10,2,0.191081702709198,11,6,1.6550541795245812
10480005,9,2,0.24112345278263092,3,7,1.4224462244377705
10484149,8,2,0.2091122269630432,4,1,1.564884200019687
10484242,7,1,0.31931039690971375,5,5,1.1415916182202246
10480186,13,5,0.07608748972415924,18,9,2.5758714202150457
10480241,12,2,0.18851090967655182,9,3,1.6685993975006588
10488246,7,5,0.09688322246074677,2,13,2.334248917896316
10480197,11,1,0.3469506800174713,7,7,1.0585726416515528
10484161,5,1,0.2953694760799408,2,2,1.2195282450297407
10484040,11,3,0.19159874320030212,2,1,1.6523519729642697
10479999,13,2,0.1327182799577713,7,11,2.019526593116333
10484446,7,1,0.3849184513092041,2,2,0.9547237819115599
10480069,10,1,0.3547559678554535,2,2,1.0363251403760758
10480002,13,3,0.1599898487329483,10,2,1.832644911180129
10484150,11,1,0.49387335777282715,11,11,0.7054761554440081
10484244,7,2,0.2567591667175293,1,2,1.3596167279187703
10480190,13,2,0.15084998309612274,5,4,1.8914694254345956
10480156,7,3,0.18385575711727142,2,3,1.6936037575164251
10480504,8,2,0.19980625808238983,3,1,1.6104070915245163
10480234,13,10,0.04449879005551338,20,11,3.112293279943335
10488241,11,4,0.05897505581378937,9,4,2.8306407072914004
10480198,15,10,0.04930056631565094,7,8,3.0098197108665903
10484162,4,1,0.441837340593338,4,4,0.816813472343273
10484041,8,3,0.13863028585910797,7,6,1.9759447034047786
10479998,14,3,0.10974238067865372,5,12,2.209619653777122
10484449,12,8,0.07537176460027695,10,8,2.585322548898811
10480070,13,1,0.4390842616558075,7,7,0.823063944334639
10480007,16,2,0.15107257664203644,1,3,1.8899949176241393
10484151,7,5,0.09802684932947159,1,4,2.3225138650855355
10484243,7,1,0.32722824811935425,3,3,1.117097345096902
10480184,15,9,0.06004013493657112,3,4,2.812742024774846
10480153,6,2,0.2703280746936798,2,1,1.3081189661518529
10480507,8,1,0.23323467373847961,1,1,1.4557101488584017
10480239,12,10,0.033418551087379456,2,8,3.398644111411239
10480196,11,1,0.2611163258552551,4,4,1.3427892780190251
10484163,9,1,0.3536681532859802,4,4,1.0393962255974631
10484042,9,7,0.04619605839252472,2,3,3.0748608007131946
10484451,11,5,0.09627797454595566,7,14,2.340515703409907
10480074,11,5,0.11226922273635864,4,11,2.186855517699584
10484152,12,6,0.09003230184316635,1,3,2.4075867636759174
10484245,7,1,0.2686375379562378,1,1,1.3143922505391645
10480185,16,1,0.13542306423187256,9,9,1.9993515915637978
10480154,6,4,0.11474244296550751,3,4,2.1650652887198563
10480506,8,6,0.056291837245225906,3,5,2.8772057411113945
10480235,13,7,0.05034584552049637,4,2,2.988839175227899
10488243,7,5,0.10384036600589752,2,10,2.2649005013224617
10480201,14,1,0.13771677017211914,10,10,1.9825560929207207
10484159,12,1,0.18194371461868286,4,4,1.7040579000730887
10484045,9,1,0.338444322347641,4,4,1.0833956836220902
10484450,12,1,0.19858162105083466,4,4,1.6165550741970223
10480073,11,8,0.0618298202753067,1,10,2.783369502171396
10484153,14,3,0.12847614288330078,5,4,2.0520120503792483
10484246,8,1,0.4107421338558197,2,2,0.889789672933907
10480188,16,8,0.04382063075900078,9,1,3.127650550600733
10480155,7,7,0.04947187379002571,6,7,3.0063509771599537
10480508,10,4,0.10805076360702515,8,6,2.2251541288906314
10480240,15,12,0.03106069378554821,12,4,3.4718121245648863
10488244,11,2,0.16639363765716553,2,8,1.7933989865593942
10480193,14,4,0.0775299146771431,12,8,2.557091421265959
10484160,9,9,0.02914724126458168,8,1,3.535395009958155
10484046,13,3,0.10619615763425827,2,6,2.2424673512972055
10484448,12,10,0.031925175338983536,4,7,3.4443603848630002
10480068,14,6,0.08035554736852646,9,12,2.521294149125436
10484147,11,2,0.18048566579818726,5,2,1.7121039182231075
10484241,5,2,0.2881541848182678,2,3,1.2442595781500259
10480189,13,6,0.056862954050302505,7,14,2.8671112210609153
10480157,7,6,0.09367424994707108,2,7,2.3679319413045934
10480509,12,1,0.3072061836719513,2,2,1.180236148770742
10480238,16,9,0.044528357684612274,8,3,3.1116290414287566
10480195,10,9,0.01714474894106388,11,13,4.066063336448665
10484052,7,3,0.21041548252105713,2,7,1.558671214699211
10480071,14,1,0.15738622844219208,6,6,1.849052440840686
10480158,7,3,0.17128349840641022,4,1,1.764435209836843
10480510,9,8,0.035768087953329086,5,10,3.330699181058595
10480330,9,4,0.13221898674964905,4,5,2.0232957404728134
10484054,10,1,0.3337199091911316,2,2,1.0974532330592568
10480502,10,4,0.10836947709321976,9,11,2.222208806257548
10480329,11,8,0.04049590975046158,1,11,3.206554303785626
10484048,10,4,0.1299796849489212,8,6,2.0403771103616077
10480503,10,2,0.21093766391277313,9,1,1.5561926208476284
10480331,11,1,0.19965316355228424,5,5,1.6111736001074146
10480505,16,2,0.17528386414051056,13,9,1.7413485384078558
10480326,10,2,0.1799456775188446,7,8,1.7151002652021388
10484050,10,2,0.24431952834129333,1,3,1.4092783680093668
10484053,8,1,0.4102734625339508,3,3,0.8909313598271578
10484051,11,3,0.12706133723258972,1,13,2.063085338780827
10480095,9,1,0.29143139719963074,2,2,1.2329506449729541
10480099,14,1,0.2273189127445221,12,12,1.4814013454939081
10480103,11,4,0.1058286502957344,2,8,2.245933999470687
10480059,7,2,0.22062958776950836,4,5,1.5112700570880762
10484113,8,2,0.20226247608661652,7,4,1.5981890384856643
10480102,8,6,0.04225573688745499,7,5,3.1640151500783493
10484278,6,1,0.3644670248031616,5,5,1.0093191985581451
10484567,8,1,0.47870466113090515,7,7,0.736671445570487
10484087,8,5,0.06764249503612518,6,7,2.6935188686402682
10480060,8,1,0.4951476454734802,9,9,0.7028992872044
10484347,9,5,0.09634172171354294,1,3,2.3398538067175902
10480097,12,7,0.037628427147865295,3,4,3.2799954730748118
10484082,8,3,0.22790272533893585,4,2,1.4788363843161039
10484279,8,1,0.42475125193595886,6,6,0.8562515709689683
10484571,5,2,0.27783361077308655,1,2,1.2807328668765017
10480053,7,3,0.1001310870051384,5,6,2.301275081382687
10480101,10,5,0.11249322444200516,7,16,2.1848622863335683
10484109,9,3,0.1533469706773758,1,3,1.8750521429216853
10484349,5,3,0.1919960230588913,2,1,1.6502806204038187
10484083,6,1,0.5142210721969604,3,3,0.6651020044436246
10484284,8,1,0.5634156465530396,6,6,0.5737376522658532
10484568,9,2,0.23645620048046112,4,3,1.4419922870156854
10484093,9,1,0.23001614212989807,3,3,1.4696057893481955
10480054,6,1,0.30450236797332764,1,1,1.1890764152669298
10480098,9,5,0.07153254002332687,1,3,2.6376028275897916
10484084,10,2,0.2156585305929184,4,5,1.5340589990869957
10484280,10,2,0.22774910926818848,3,10,1.4795106538565737
10484572,6,3,0.15758661925792694,1,4,1.8477800083485805
10480100,12,5,0.07427724450826645,3,9,2.599950639197197
10480057,9,2,0.24415524303913116,6,3,1.409951014041391
10484110,9,7,0.06659172475337982,10,4,2.709174962108086
10484354,5,1,0.27520009875297546,5,5,1.290256814082259
10484085,8,6,0.0226712878793478,3,10,3.786656006224187
10484285,12,1,0.3606231212615967,1,1,1.0199218514065589
10484573,8,2,0.25231626629829407,2,1,1.3770719533630449
10484086,9,4,0.10739381611347198,4,3,2.2312526766519074
10480055,9,1,0.3366221785545349,3,3,1.0887941094539069
10484358,12,3,0.21394196152687073,2,3,1.5420505085621379
10484111,8,7,0.07393720000982285,3,6,2.60453919459989
10484411,6,1,0.35646504163742065,4,4,1.0315191038590588
10484281,12,7,0.06618437170982361,10,1,2.7153109208005923
10484079,9,2,0.21473240852355957,7,6,1.5383626375449766
10484090,11,1,0.2499309927225113,2,2,1.3865704283328921
10484569,7,1,0.3374294638633728,8,8,1.0863987864726286
10480058,12,1,0.23989686369895935,3,3,1.427546182590185
10484353,10,1,0.2375442385673523,6,6,1.4374014052010966
10484116,9,3,0.1524335741996765,5,2,1.8810263568452825
10484283,12,8,0.06795704364776611,1,5,2.6888794844817965
10484412,7,2,0.30580899119377136,4,2,1.1847945837161042
10484091,12,5,0.10591691732406616,9,11,2.2451002910305378
10484080,7,7,0.0246798787266016,1,8,3.701766993790021
10484343,8,1,0.29964032769203186,3,3,1.2051724312839371
10484570,12,6,0.0345136933028698,1,3,3.3663991263621416
10480056,9,6,0.07169041782617569,3,8,2.635398182899221
10484282,11,9,0.029526520520448685,6,2,3.522466418802282
10484112,14,1,0.1677568405866623,3,3,1.785239725501781
10484092,11,2,0.1548025906085968,9,4,1.8656045827688885
10484413,8,1,0.3741012215614319,6,6,0.9832288722994146
10484344,12,1,0.2538030743598938,5,5,1.3711966104580608
10484566,10,2,0.17654167115688324,3,4,1.7341983332692075
10484409,9,1,0.32642918825149536,2,2,1.1195422351002227
10484410,10,1,0.2723507285118103,1,1,1.3006646002457676
10484129,9,1,0.31282955408096313,7,7,1.1620967924181376
10487282,8,4,0.18542037904262543,1,3,1.6851297125673068
10484127,6,3,0.19946345686912537,7,4,1.6121242330188936
10484126,8,1,0.32219672203063965,3,3,1.1325929820010106
10487285,12,2,0.2825893461704254,6,7,1.2637605087685138
10484132,9,4,0.08990488946437836,2,6,2.409002951170641
10487286,14,2,0.13327337801456451,10,4,2.0153527865626053
10487287,14,1,0.39837637543678284,8,8,0.9203580536323782
10484130,6,1,0.21240480244159698,10,10,1.5492613795046295
10487284,9,1,0.2294485867023468,2,2,1.4720762976619126
10484128,6,2,0.19026967883110046,1,4,1.6593128508951958
10487288,9,7,0.07474606484174728,2,6,2.59365871235466
10484125,12,6,0.0744837149977684,7,8,2.597174768125019
10487289,9,1,0.20103934407234192,8,8,1.6042546484245168
10484133,7,3,0.16650798916816711,2,11,1.7927119877207909
10487283,11,1,0.1926209032535553,10,10,1.6470312535573541
10487306,6,2,0.2707445025444031,7,3,1.306579697852318
10487300,10,1,0.3384104073047638,3,3,1.0834958972762756
10487424,7,2,0.21529553830623627,1,8,1.535743597974544
10487259,7,3,0.10548630356788635,7,2,2.249174158494958
10487425,7,2,0.20070472359657288,1,3,1.6059204878485671
10487258,9,5,0.1229025349020958,1,9,2.0963636368938414
10487302,11,1,0.21337920427322388,10,10,1.5446843943792858
10487254,9,2,0.24014060199260712,4,1,1.426530685542501
10487420,9,7,0.07071888446807861,15,1,2.6490426347013867
10487303,13,4,0.11057037860155106,9,12,2.2021030503444146
10487256,9,3,0.20330969989299774,6,2,1.593024847272561
10487421,7,2,0.257004976272583,2,4,1.3586598313460378
10487304,14,2,0.17746758460998535,9,3,1.7289673086596546
10487422,9,1,0.2349666953086853,3,3,1.4483114969722033
10487255,9,2,0.17676618695259094,10,6,1.7329273973374093
10487305,9,2,0.15945996344089508,4,8,1.8359624011759998
10487423,6,3,0.1830584555864334,1,10,1.6979497477133736
10487257,10,5,0.12523095309734344,1,9,2.0775956216602363
10497436,10,2,0.16220161318778992,3,1,1.8189151916795676
10497432,11,3,0.13787268102169037,8,9,1.981424620975555
10497433,11,1,0.35561487078666687,8,8,1.0339069573566286
10497635,6,4,0.06378016620874405,2,1,2.7523130114339747
10497570,8,3,0.19478456676006317,5,7,1.6358611169899582
10497437,8,2,0.15191063284873962,2,3,1.884462872826015
10497582,9,4,0.11702672392129898,2,6,2.1453529606821267
10497636,10,4,0.11266831308603287,2,10,2.183307059084359
10497574,9,2,0.17714419960975647,3,2,1.7307911910249105
10497434,10,3,0.15844671428203583,4,7,1.8423369296835286
10497581,14,1,0.2169431447982788,11,11,1.5281199653090105
10497639,6,3,0.1910671591758728,4,6,1.6551302940170358
10497571,12,1,0.3086276352405548,7,7,1.1756197927042242
10497435,7,2,0.26919421553611755,1,3,1.3123221690497162
10497576,7,1,0.21839995682239532,7,7,1.5214272328110616
10497572,12,2,0.23490209877490997,4,6,1.4485864525980958
10497438,12,4,0.08239538222551346,4,12,2.4962258845895704
10497577,8,2,0.22531187534332275,6,11,1.4902697239080533
10497638,11,1,0.18366891145706177,11,11,1.6946205364827558
10497575,12,3,0.11266589164733887,1,2,2.183328551060661
10497687,7,1,0.39230045676231384,4,4,0.9357272614483841
10497578,11,1,0.22871701419353485,8,8,1.4752697854712038
10497637,9,3,0.15558166801929474,8,3,1.8605844889645764
10497568,12,2,0.15671895444393158,7,2,1.8533011768590992
10497688,11,1,0.5938313007354736,7,7,0.521160005452526
10497579,7,1,0.31314682960510254,1,1,1.16108309426729
10497633,10,4,0.10596391558647156,9,6,2.244656661821321
10497573,11,7,0.0626317709684372,8,2,2.770482606165092
10497689,12,2,0.32517164945602417,8,1,1.1234020839032872
10497580,12,7,0.07781178504228592,4,10,2.5534623805769088
10497634,12,8,0.06634817272424698,1,11,2.712839058534215
10497569,12,10,0.05858633294701576,10,3,2.837253835760761
10497690,8,2,0.2206953763961792,8,1,1.5109719156616896
10497684,12,2,0.20672208070755005,2,7,1.5763799930963047
10497686,11,1,0.31893181800842285,2,2,1.1427779356929377
10497685,14,9,0.04243548959493637,7,9,3.159770248100569
10501122,9,3,0.16233718395233154,1,2,1.8180797244034081
10501124,6,6,0.06844056397676468,2,8,2.681789589536739
10498369,9,4,0.12557294964790344,10,13,2.074868417188637
10501123,8,3,0.08974102884531021,5,9,2.410827213765116
10501144,8,1,0.4468201994895935,3,3,0.8055990035663988
10501164,7,5,0.1177818700671196,1,3,2.1389209239629645
10501125,7,3,0.17386628687381744,5,1,1.7494687414315768
10501145,7,5,0.07209974527359009,3,1,2.6297047676573904
10501165,7,2,0.17796237766742706,1,3,1.7261831124489737
10501186,12,2,0.201594740152359,1,13,1.6014958336393792
10498365,10,4,0.08806834369897842,3,15,2.4296421329843048
10501126,13,12,0.00791076384484768,2,5,4.8395309348803295
10501166,6,2,0.24180807173252106,4,1,1.4196109595036808
10501187,8,1,0.24141885340213776,4,4,1.4212218731109665
10498370,8,1,0.3863031268119812,2,2,0.95113291508436
10501183,8,2,0.306820273399353,2,7,1.1814931314918142
10498367,8,6,0.0541866235435009,2,5,2.9153211990865864
10501140,7,2,0.17573808133602142,1,7,1.7387605666022303
10498356,7,2,0.2907739281654358,3,2,1.2352091928942186
10501189,11,10,0.0359036810696125,7,4,3.3269154519864297
10501146,9,2,0.1506263166666031,5,3,1.8929532334203818
10498368,7,7,0.04222496971487999,5,10,3.1647435335205025
10501161,8,5,0.0890117660164833,1,6,2.418986715555572
10498357,10,1,0.5320090055465698,7,7,0.6310948620646487
10501188,12,2,0.19620303809642792,1,5,1.6286052472794872
10501141,9,5,0.09579761326313019,1,2,2.345517508061706
10498363,7,1,0.3108384907245636,10,10,1.168481824126556
10501162,7,3,0.17452287673950195,6,5,1.7456994471386436
10501185,12,5,0.10661711543798447,8,6,2.23851122255879
10498358,11,4,0.10726828873157501,8,3,2.2324222114078975
10501143,11,7,0.03806772083044052,10,8,3.268388578243279
10501167,9,1,0.21605300903320312,9,9,1.5322314892158626
10498364,12,6,0.08364597707986832,8,10,2.4811619449966504
10501182,11,1,0.41558516025543213,2,2,0.8780677271909292
10501147,12,4,0.07903080433607101,2,3,2.5379175742127043
10498359,16,6,0.06308519095182419,4,7,2.7632692287095866
10501163,7,1,0.34234192967414856,8,8,1.0719452470121884
10501148,11,1,0.26294180750846863,5,5,1.335822535513268
10498360,9,1,0.24759319424629211,7,7,1.3959682254384331
10498361,10,2,0.1987352818250656,11,7,1.6157815819001689
10498355,9,1,0.241180419921875,2,2,1.4222099951942042
10501311,7,2,0.23632784187793732,4,5,1.4425352774475844
10501316,14,1,0.32920846343040466,6,6,1.1110641014258413
10506649,7,1,0.2173319011926651,2,2,1.526329595349607
10507112,8,7,0.05148182064294815,6,8,2.9665265308549404
10506624,8,7,0.03605355694890022,1,5,3.3227497530199765
10506654,11,1,0.3589961528778076,10,10,1.0244436067690834
10507111,10,3,0.1604280173778534,4,1,1.8299099268713344
10506772,13,8,0.04212280735373497,7,4,3.1671659426142207
10506627,10,4,0.15487109124660492,1,8,1.8651621774684768
10506618,7,2,0.2558841407299042,8,2,1.3630305122194857
10506648,14,1,0.24584899842739105,4,4,1.4030377590499528
10507105,10,2,0.21751540899276733,13,9,1.5254855850190958
10506777,11,1,0.4292190968990326,8,8,0.8457877750424743
10506619,6,3,0.18104439973831177,7,4,1.709012975376419
10506652,8,3,0.19645005464553833,3,6,1.6273470548125843
10507106,7,1,0.3029347360134125,2,2,1.1942378893681143
10506621,10,2,0.19650913774967194,1,9,1.627046346211171
10506647,14,2,0.12074703723192215,3,1,2.114057523132074
10507108,10,1,0.2454504817724228,3,3,1.4046600556671163
10506779,13,5,0.07753587514162064,11,4,2.5570145446771577
10506630,9,3,0.1629922240972519,6,2,1.8140527842381258
10506620,10,1,0.2786048352718353,2,2,1.2779608621810252
10506650,14,2,0.1422358751296997,2,1,1.9502685070064103
10507109,11,4,0.11597062647342682,4,2,2.1544183399980494
10506773,14,2,0.1585056185722351,6,2,1.8419652378878129
10506631,8,5,0.12107254564762115,7,16,2.1113653622373882
10506622,9,3,0.16986480355262756,3,4,1.7727524315492196
10506655,10,1,0.18245987594127655,2,2,1.7012249879878911
10507110,14,2,0.15310142934322357,4,13,1.8766546403514746
10506778,11,7,0.0788351520895958,1,9,2.540396289080425
10506632,11,2,0.17742745578289032,5,10,1.7291934534219011
10506623,10,2,0.2756662666797638,4,3,1.2885643236079087
10506653,8,5,0.09480489045381546,2,7,2.355934283986164
10507107,9,2,0.14104822278022766,1,3,1.9586534415410006
10506776,13,2,0.23850007355213165,8,10,1.4333856602591066
10506626,12,3,0.07410029321908951,1,14,2.602335789615192
10506846,8,3,0.17599987983703613,3,5,1.7372719666883312
10506651,13,5,0.07978130131959915,5,9,2.5284661212867
10506843,10,1,0.5534454584121704,9,9,0.5915920711428498
10506839,9,4,0.08664262294769287,6,5,2.445963402651475
10506754,10,1,0.46996361017227173,14,14,0.755100012440895
10506844,12,3,0.14543306827545166,7,6,1.928039310061067
10506755,6,5,0.14603929221630096,3,7,1.9238795687121906
10506841,11,2,0.1822548508644104,8,7,1.7023492919076086
10506840,11,6,0.10464300215244293,1,8,2.257200701390054
10506757,12,7,0.06707966327667236,7,3,2.7018743617673313
10506845,9,2,0.22153909504413605,6,4,1.5071562037435455
10506758,12,1,0.22945217788219452,2,2,1.4720606464356567
10506842,9,3,0.15667089819908142,3,10,1.8536078635295292
10506752,12,8,0.05477500334382057,4,7,2.9045213324541352
10506759,13,1,0.20264485478401184,9,9,1.5963003158969975
10506570,6,3,0.14697708189487457,1,6,1.9174786098349668
10506600,6,2,0.23035745322704315,1,4,1.4681230320262277
10506571,6,1,0.3589651882648468,1,1,1.0245298638172156
10506681,8,4,0.13243919610977173,9,2,2.0216316361661844
10506572,6,1,0.2260713428258896,1,1,1.4869046533043555
10506605,8,2,0.2902745008468628,7,6,1.2369282490576172
10506800,15,3,0.12781421840190887,11,6,2.057177488126084
10506894,13,3,0.12946581840515137,11,1,2.044338383222991
10506660,7,6,0.12002140283584595,2,4,2.1200851951384205
10506598,10,2,0.19197972118854523,2,3,1.650365531342075
10509974,9,4,0.07691536843776703,4,2,2.565049572791954
10506678,18,2,0.13655145466327667,9,1,1.9910537781475313
10506808,12,8,0.023094704374670982,3,12,3.7681519355854354
10506574,15,3,0.12657316029071808,2,1,2.066934795770855
10509738,6,3,0.1688094586133957,1,4,1.7789846639506028
10506667,10,2,0.2268858700990677,13,3,1.4833081628283866
10506602,11,6,0.06359675526618958,6,3,2.755192827764722
10509968,12,4,0.12211038917303085,3,11,2.1028298140729964
10506682,8,1,0.2201227843761444,5,5,1.513569777515028
10506802,8,1,0.375310480594635,1,1,0.9800016473194522
10509711,8,3,0.16461420059204102,7,9,1.8041507211188155
10510009,12,5,0.057462889701128006,7,12,2.85661593603893
10509720,11,4,0.11679711192846298,6,2,2.1473169355335906
10506576,11,4,0.11617139726877213,2,3,2.1526886157355762
10509740,9,1,0.38084959983825684,9,9,0.9653507328708452
10506661,12,2,0.1621231883764267,1,3,1.8193988106474266
10506599,9,3,0.13964702188968658,1,10,1.968637312348694
10509970,10,1,0.4944620430469513,3,3,0.7042848891122476
10506679,11,2,0.14342354238033295,7,4,1.9419531914858283
10506809,13,1,0.24544134736061096,1,1,1.404697271246072
10509706,12,1,0.24861237406730652,1,1,1.391860326134983
10506897,9,4,0.10994169861078262,2,4,2.2078050663253124
10510008,7,1,0.47145748138427734,1,1,0.7519263583146604
10509718,9,3,0.14166317880153656,7,6,1.9543030192533604
10506575,11,1,0.3295050859451294,1,1,1.1101634898168797
10509736,9,1,0.28676193952560425,3,3,1.2491028864354443
10506666,11,2,0.2052738219499588,8,9,1.583410474290812
10506611,10,2,0.20507954061031342,4,6,1.5843573721202802
10509969,9,2,0.18364651501178741,2,13,1.694742483145968
10506675,15,7,0.07326362282037735,11,1,2.6136910713065538
10507067,10,6,0.09342356026172638,2,8,2.37061171436111
10506803,12,4,0.09582208096981049,1,8,2.345262130273831
10506892,13,13,0.0192284993827343,10,11,3.95136175764558
10510010,7,2,0.27103573083877563,6,2,1.3055046186800716
10509719,11,2,0.16426746547222137,8,1,1.8062592925842698
10506569,14,11,0.03926092013716698,9,5,3.2375256533945325
10509737,9,5,0.11489040404558182,8,9,2.1637766133193064
10506664,9,8,0.0518813394010067,10,4,2.9587961025771254
10506601,14,3,0.148878276348114,1,3,1.9046262441727508
10509975,12,1,0.2440946102142334,15,15,1.410199382063646
10506672,12,3,0.11001529544591904,3,10,2.2071358733478528
10506747,6,2,0.20251215994358063,4,2,1.5969553451343166
10507068,12,7,0.06397900730371475,9,2,2.7492002603092573
10506806,14,3,0.14123432338237762,6,2,1.9573349000183882
10509708,8,2,0.22851218283176422,8,2,1.476165753518764
10506893,13,6,0.07029509544372559,9,7,2.655053248691382
10509722,9,6,0.059100955724716187,3,1,2.828508183385844
10509741,8,1,0.22688274085521698,3,3,1.483321955073047
10506663,10,3,0.13853153586387634,1,10,1.9766572835054308
10509973,12,1,0.13954442739486694,1,1,1.96937225247455
10506673,18,3,0.10712271183729172,18,4,2.2337802620375506
10507063,10,3,0.15186084806919098,7,6,1.8847906506664096
10506748,4,1,0.5217590928077698,1,1,0.6505493056581989
10506804,14,8,0.04257538169622421,5,6,3.156479087207003
10509710,12,5,0.09558118879795074,10,8,2.3477792481824302
10506898,13,7,0.06075432151556015,11,10,2.800917063232925
10510006,10,1,0.22953061759471893,1,1,1.4717188483810844
10509723,7,1,0.3615090548992157,10,10,1.0174681895664064
10509742,13,1,0.36847248673439026,3,3,0.9983892330047688
10506668,13,6,0.05943009629845619,3,9,2.822954509237117
10506937,10,2,0.2919783592224121,6,1,1.2310755917123173
10509971,11,3,0.16202348470687866,3,1,1.8200139869300889
10506676,9,3,0.10827820003032684,2,9,2.223051437662653
10507069,12,1,0.3481752872467041,3,3,1.0550492270366323
10506751,7,5,0.0974276140332222,6,5,2.328645596880752
10506805,7,1,0.25316810607910156,4,4,1.3737015599988447
10509709,12,2,0.3135802149772644,3,4,1.15970008249211
10506890,16,5,0.0607302151620388,5,10,2.8013139261505775
10510007,10,6,0.06844624131917953,8,4,2.681706640089481
10509721,9,6,0.09183026105165482,3,7,2.3878133945898137
10509739,10,5,0.12138359993696213,1,7,2.1087995006111804
10506938,7,7,0.05622890219092369,6,3,2.8783243804161205
10506662,16,10,0.039296992123126984,3,13,3.2366072993431754
10509972,11,5,0.0935305655002594,9,8,2.3694669923627933
10506674,11,9,0.03867202624678612,12,17,3.2526387763186615
10506749,4,2,0.28417667746543884,2,1,1.258159130495708
10506801,16,4,0.07370647042989731,14,8,2.6076646894763855
10506896,11,1,0.2632100582122803,15,15,1.3348028651689026
10507070,12,5,0.11333762109279633,4,8,2.177384117583964
10509808,9,3,0.1622208058834076,3,6,1.8187968725097952
10509743,9,2,0.1648838073015213,6,1,1.802514251318152
10506940,8,6,0.04260438680648804,3,5,3.1557980543304236
10506665,15,5,0.09142383933067322,4,3,2.3922490103439507
10506750,9,1,0.5044090747833252,2,2,0.6843676838095073
10507071,12,3,0.13214229047298431,6,13,2.023875978846771
10509811,9,1,0.2571508586406708,8,8,1.358092367701374
10506939,8,2,0.15491139888763428,1,7,1.8649019455797127
10507064,16,4,0.10020513832569122,5,3,2.3005358109506613
10506935,8,6,0.0779559314250946,3,1,2.5516115936844193
10507065,16,2,0.2109556496143341,2,15,1.5561073590006391
10509812,8,2,0.1519990861415863,9,10,1.88388077038034
10506936,10,2,0.30595773458480835,5,7,1.184308308841384
10507066,15,5,0.06723027676343918,8,12,2.6996315858439033
10509806,8,5,0.09861306846141815,3,6,2.316551485979566
10509809,7,3,0.12708549201488495,2,1,2.062895253526256
10509810,10,1,0.4231196343898773,3,3,0.8601003163061876
10509807,10,8,0.029139164835214615,11,3,3.5356721390508263
10506609,6,3,0.14918722212314606,6,1,1.9025532374862737
10506593,8,1,0.23810698091983795,2,2,1.4350352066421876
10506591,11,2,0.2136548012495041,1,5,1.543393644645172
10509773,8,1,0.40792256593704224,1,1,0.8966779119602514
10510128,12,1,0.3153080642223358,7,7,1.1542051364107893
10506588,8,3,0.13278605043888092,6,1,2.0190160893329843
10506643,6,2,0.21766015887260437,1,2,1.5248203368026787
10509770,10,4,0.14133919775485992,2,11,1.9565926197305852
10510017,11,2,0.17081542313098907,15,7,1.7671717023426468
10510131,12,3,0.13843899965286255,1,10,1.9773254860944478
10506589,7,1,0.20345009863376617,2,2,1.592334519728627
10510073,9,1,0.2954321503639221,9,9,1.2193160780978598
10509733,7,1,0.39493614435195923,1,1,0.9290311870178378
10506640,8,3,0.17352406680583954,6,3,1.7514389756367361
10509767,12,1,0.19088175892829895,6,6,1.6561011058368746
10510011,9,6,0.04610944166779518,7,11,3.076737541537871
10510126,8,1,0.3962590992450714,13,13,0.9256869906597994
10506592,13,3,0.16501377522945404,1,9,1.801726322327223
10510058,10,2,0.2432216852903366,9,5,1.4137819663753493
10509731,4,3,0.20700891315937042,1,6,1.574993427902849
10506637,8,6,0.11727771908044815,2,4,2.1432104895284168
10510012,6,2,0.3570290505886078,1,2,1.0299381263154175
10510132,12,1,0.2414988875389099,4,4,1.4208904123642607
10510059,9,4,0.07884680479764938,5,8,2.5402484889350583
10506590,11,2,0.2209690511226654,11,13,1.509732627439859
10506641,9,3,0.1656799614429474,1,3,1.7976972946148535
10509769,14,1,0.43378764390945435,1,1,0.8352001643757176
10510014,8,3,0.1906624436378479,2,1,1.657250725268282
10510130,7,2,0.21971172094345093,2,1,1.5154389512492545
10510067,11,5,0.0642550140619278,3,8,2.744895518377398
10506607,10,1,0.23465575277805328,5,5,1.4496357206218056
10509727,8,4,0.09400049597024918,2,4,2.364455220446806
10506644,11,6,0.06655535101890564,4,5,2.7097213313793307
10509765,12,1,0.45822060108184814,6,6,0.7804045490789783
10510013,12,1,0.233690544962883,2,2,1.4537574962665425
10510133,7,5,0.14730805158615112,7,2,1.9152292958658628
10510232,7,1,0.6429376006126404,4,4,0.4417076036019099
10510062,10,1,0.462268590927124,3,3,0.7716091911848089
10509728,12,1,0.327655166387558,10,10,1.1157935456137482
10506642,8,5,0.07639812678098679,3,2,2.571797101683719
10510016,14,1,0.17972266674041748,8,8,1.716340356583913
10509768,12,1,0.2800583243370056,6,6,1.2727573963009795
10510068,11,3,0.2050916999578476,3,6,1.5842980829925448
10510127,10,6,0.06418550759553909,5,9,2.745977832156208
10510233,9,7,0.015722496435046196,3,5,4.152662698288814
10509730,7,2,0.22155790030956268,1,8,1.5070713227101145
10506638,10,1,0.20283527672290802,2,2,1.595361074054556
10510018,10,2,0.19632631540298462,5,2,1.6279771296138361
10506885,6,1,0.26448842883110046,5,5,1.3299577759711583
10509771,10,1,0.3582192063331604,1,1,1.0266101717724256
10510070,14,1,0.382916122674942,2,2,0.9599393146343941
10510134,12,2,0.16706766188144684,16,9,1.7893563876541758
10509729,10,2,0.21040238440036774,2,8,1.5587334654814293
10510015,11,4,0.10805396735668182,10,7,2.225124478918207
10506639,10,1,0.2282010167837143,7,7,1.4775283858948758
10506886,5,2,0.3028671443462372,5,1,1.19446103713192
10509766,13,4,0.09648686647415161,9,4,2.3383483786129218
10510129,12,3,0.1567990630865097,7,12,1.8527901462972673
10510235,10,3,0.13909532129764557,5,9,1.972595816149372
10506887,8,2,0.198039248585701,2,1,1.6192900427513088
10510237,10,3,0.15299849212169647,1,2,1.877327213052015
10506888,7,2,0.20952367782592773,5,3,1.5629185253574773
10510238,11,3,0.10545594245195389,2,8,2.2494620203786253
10506883,8,2,0.2362000048160553,5,7,1.4430763548291408
10510236,12,3,0.17280209064483643,1,5,1.75560832404627
10506884,8,7,0.03860107436776161,4,7,3.254475169536993
10510201,6,5,0.03415975719690323,1,7,3.376707017906021
10510203,13,2,0.1535656452178955,13,11,1.8736271472310686
10513897,8,2,0.3350488543510437,8,4,1.0934789239060851
10513898,9,1,0.2869170308113098,6,6,1.2485621962672382
10510204,10,4,0.12227707356214523,3,1,2.1014657145148963
10513899,8,1,0.26082953810691833,1,1,1.343888195730608
10513901,13,1,0.22954301536083221,4,4,1.4716648362783353
10510198,6,3,0.20588630437850952,1,2,1.5804311830494078
10513902,11,9,0.04375554248690605,7,2,3.1291369887874376
10510199,11,9,0.030891872942447662,4,12,3.4772621412433193
10513903,12,3,0.11924739927053452,2,4,2.126554958503629
10510200,13,5,0.12055394053459167,2,12,2.1156579869207883
10513835,9,1,0.2619316875934601,1,1,1.3396715435942639
10513906,7,2,0.3110390901565552,3,1,1.1678366828797373
10513836,10,5,0.0925813540816307,1,5,2.379667517415215
10513909,8,1,0.2872857451438904,8,8,1.2472779308519584
10513837,11,1,0.42052343487739563,12,12,0.8662550701413209
10513910,10,4,0.10631873458623886,4,9,2.2413137665832763
10513912,5,4,0.1534753143787384,4,6,1.8742155432671017
10513832,12,4,0.09119324386119843,6,5,2.3947744651152605
10513907,8,1,0.6409352421760559,5,5,0.44482685341136463
10513830,10,1,0.3013773262500763,2,2,1.1993922237214543
10513908,6,4,0.1147395521402359,3,2,2.165090483073517
10513831,14,11,0.050145186483860016,1,6,2.992832751556468
10513911,8,3,0.1711895614862442,5,8,1.7649837897604799
10513833,11,1,0.35825175046920776,2,2,1.026519326119128
10513913,10,1,0.22804377973079681,2,2,1.4782176520973347
10523594,14,1,0.3053697645664215,1,1,1.1862318938281633
10523596,8,1,0.2535826861858368,4,4,1.3720653308875823
10523595,12,1,0.24794965982437134,3,3,1.3945295380004608
10523788,8,1,0.4226990044116974,1,1,0.8610949267192464
10523597,13,4,0.13016371428966522,4,10,2.038962280141191
10523658,11,6,0.032602645456790924,7,11,3.4233618449205587
10523791,5,2,0.31323230266571045,1,9,1.1608101826815271
10523609,8,2,0.22775053977966309,7,4,1.4795043727914725
10523598,11,2,0.1598951816558838,3,8,1.833236793080405
10523655,8,1,0.38349562883377075,2,2,0.9584270563264322
10523786,5,3,0.19098646938800812,9,2,1.6555526943453234
10523639,6,1,0.3368081748485565,1,1,1.0882417247928617
10523592,11,6,0.10065813362598419,3,7,2.2960253191729514
10523787,7,1,0.25207188725471497,3,3,1.3780409652677852
10523640,11,2,0.20316357910633087,4,5,1.5937438160240665
10523591,13,3,0.1137966439127922,7,2,2.173342248825022
10523672,8,4,0.14048774540424347,5,2,1.9626350153344478
10523784,9,7,0.07389926165342331,2,11,2.6050524422358996
10523607,10,4,0.0991160050034523,1,14,2.3114643471198693
10523634,11,4,0.1803370714187622,5,3,1.712927560263914
10523673,9,6,0.08940013498067856,6,3,2.4146330869528176
10523653,10,6,0.0689411535859108,6,2,2.6745019848464304
10523789,7,3,0.1625412106513977,2,4,1.8168237053558043
10523610,9,4,0.09415721148252487,3,6,2.36278943114021
10523635,12,3,0.13098594546318054,1,12,2.0326652480772047
10523775,6,3,0.1325376331806183,1,6,2.020888649878376
10523674,9,5,0.10625340044498444,8,2,2.241928467501645
10523654,11,2,0.16862520575523376,14,1,1.7800767442608398
10523785,6,6,0.04030676558613777,2,15,3.211235943570538
10523612,11,6,0.08761205524206161,3,2,2.434836673589619
10523636,8,4,0.13312840461730957,7,5,2.0164411682553527
10523770,16,1,0.3123359978199005,13,13,1.1636757545413805
10523675,6,1,0.3325367867946625,3,3,1.1010047880296185
10523656,10,3,0.13842830061912537,8,2,1.9774027724603855
10523790,6,1,0.33799025416374207,3,3,1.0847382177499039
10523613,11,2,0.16470658779144287,13,1,1.8035896438647554
10523637,10,4,0.1786307841539383,1,4,1.7224342617087864
10523771,10,2,0.15073013305664062,1,8,1.8922642394118594
10523677,9,8,0.04503830522298813,2,10,3.100241924122692
10523657,5,1,0.3830968141555786,16,16,0.959467543270491
10523638,11,8,0.054416537284851074,7,12,2.9110871771102955
10523772,9,2,0.2609463930130005,2,6,1.3434402835098007
10523773,10,4,0.15676839649677277,6,4,1.8529857443346112
10523774,14,10,0.02268284745514393,10,14,3.7861462588346195
10523776,12,1,0.27928683161735535,7,7,1.2755159549500343
10527104,5,4,0.13990356028079987,3,1,1.9668019488796917
10527111,11,6,0.03701949119567871,14,12,3.2963107159701686
10527105,9,2,0.18743984401226044,5,1,1.6742973169838584
10527109,10,1,0.27087998390197754,9,9,1.3060794200259258
10527106,10,2,0.25337061285972595,8,2,1.3729019891710217
10527110,9,1,0.21599730849266052,5,5,1.5324893320577342
10527107,12,1,0.18655084073543549,12,12,1.6790514725685697
10527108,13,5,0.1168135330080986,2,3,2.1471763505044525
10527079,9,4,0.13061858713626862,11,4,2.0354737511618337
10531314,6,1,0.5409954190254211,3,3,0.6143444677770121
10527080,10,2,0.17128130793571472,13,6,1.7644479984867858
10531312,7,5,0.07243872433900833,4,7,2.625014256019712
10531311,7,1,0.2194480299949646,1,1,1.5166398398990575
10531307,9,6,0.07335454970598221,3,7,2.6124507489686755
10527081,10,2,0.24646207690238953,1,8,1.4005471435727093
10531309,9,2,0.20667599141597748,6,3,1.5766029708742453
10527082,11,2,0.2034829705953598,2,20,1.592172960179154
10531313,9,3,0.1630374789237976,1,8,1.8137751725578586
10531388,10,2,0.245938241481781,8,7,1.4026748254553925
10527076,12,9,0.046063173562288284,9,15,3.0777414863489745
10531308,12,4,0.12829352915287018,1,13,2.0534344439179493
10527077,9,7,0.06517471373081207,1,8,2.730683711488105
10531522,8,1,0.4275084137916565,2,2,0.8497813094150063
10531385,11,6,0.026753731071949005,9,4,3.6210813360412617
10531310,10,4,0.07619428634643555,6,5,2.574468801431094
10527078,9,1,0.18967020511627197,6,6,1.6624684775488783
10531384,9,1,0.38834530115127563,3,3,0.9458603837100213
10531508,8,2,0.19624635577201843,4,8,1.6283844918065868
10531387,7,1,0.371387779712677,3,3,0.9905085339094426
10531509,8,5,0.12231770157814026,6,3,2.1011335077754403
10531389,12,8,0.0398288331925869,11,12,3.223164176905432
10531382,10,2,0.2219797968864441,4,7,1.505168906267083
10531514,9,1,0.31915992498397827,4,4,1.1420629695841378
10531386,12,2,0.16449366509914398,5,8,1.8048832195538398
10531331,8,1,0.7345540523529053,1,1,0.3084916953979829
10531515,7,4,0.17022666335105896,5,2,1.7706244161757014
10531332,7,1,0.3363276720046997,4,4,1.0896693799317656
10531337,8,1,0.3977702260017395,9,9,0.9218807620156543
10531523,9,2,0.29668277502059937,2,1,1.2150918085758895
10531336,11,9,0.02987317368388176,7,8,3.51079440251937
10531510,9,5,0.10993647575378418,4,3,2.2078525731505305
10531335,11,1,0.17126213014125824,7,7,1.7645599714066829
10531334,7,1,0.28993746638298035,2,2,1.238090012415927
10531333,7,4,0.13541357219219208,5,4,1.9994216857712115
10531330,8,2,0.21107330918312073,12,3,1.5555497689614612
10531215,14,2,0.16910746693611145,1,8,1.7772208671269352
10531260,9,3,0.10725183039903641,10,5,2.232575654661962
10531219,9,1,0.26136958599090576,6,6,1.3418198350168564
10531368,9,2,0.18658629059791565,3,1,1.6788614627324532
10531262,8,2,0.15784966945648193,3,5,1.84611215801592
10531213,7,1,0.3058498501777649,1,1,1.1846609831489556
10531371,15,3,0.1160544604063034,2,7,2.1536957117887288
10531351,13,3,0.13809692859649658,17,16,1.9797994592450847
10531256,9,1,0.20653045177459717,2,2,1.5773074112323144
10535114,8,3,0.23229962587356567,3,4,1.459727249738428
10531438,8,1,0.31579461693763733,2,2,1.152663223101832
10535045,9,6,0.09722910821437836,8,1,2.3306851451209885
10531322,7,3,0.17046308517456055,1,2,1.7692365149401887
10531222,9,3,0.18146154284477234,1,3,1.7067115328808313
10531365,7,4,0.12416321039199829,7,14,2.086158365987196
10531356,11,7,0.062321435660123825,4,8,2.7754498407767128
10535115,9,2,0.2785894274711609,2,4,1.27801616713195
10531258,7,4,0.1505306512117386,7,3,1.8935885529931367
10535048,6,2,0.2964012622833252,12,6,1.2160411268536016
10531211,8,6,0.0782056450843811,2,7,2.5484134462564745
10535079,7,1,0.5748944282531738,9,9,0.5535688580798463
10531364,10,6,0.07776860892772675,14,7,2.5540174134389018
10531350,14,5,0.09193138033151627,9,3,2.3867128461912825
10531433,8,1,0.2477751523256302,8,8,1.3952335879155444
10535118,8,4,0.1494230031967163,10,4,1.9009740476087822
10531261,11,7,0.05876569449901581,9,12,2.8341970212247345
10535043,7,2,0.2213817536830902,4,7,1.507866675459277
10531316,9,2,0.21757076680660248,5,1,1.525231116744933
10531212,14,14,0.009779135696589947,5,11,4.62750417342248
10535080,13,2,0.21641486883163452,5,1,1.5305580244273724
10531367,11,1,0.19015543162822723,15,15,1.6599134800501425
10531401,7,2,0.22621552646160126,3,1,1.4862670772419637
10531437,7,2,0.22390952706336975,3,1,1.4965132057540036
10535190,6,3,0.16076424717903137,2,5,1.8278162903732165
10535117,7,1,0.4416954219341278,1,1,0.8171347250832953
10531259,10,3,0.10951066762208939,1,7,2.2117333132644235
10535044,9,3,0.19538606703281403,3,10,1.6327778467631868
10531214,12,2,0.1915910691022873,3,6,1.652392026732765
10535082,11,2,0.24871739745140076,3,7,1.391437977055278
10531362,9,2,0.18646790087223053,3,4,1.6794961679970852
10531403,6,1,0.29850953817367554,5,5,1.2089533929793332
10531705,7,2,0.20990391075611115,6,3,1.5611054208088135
10531352,13,1,0.16426926851272583,6,6,1.806248316396112
10535150,9,3,0.1260324865579605,4,6,2.071215575437973
10531435,7,6,0.07943293452262878,8,1,2.532842204255232
10535194,7,2,0.20367449522018433,3,4,1.5912321711477302
10535119,8,4,0.15141800045967102,6,3,1.8877110516532407
10531257,14,1,0.13101544976234436,7,7,2.032440025617888
10535046,6,2,0.24069738388061523,10,6,1.4242148030489559
10531317,12,10,0.0416986458003521,12,7,3.1772866255163996
10531216,13,9,0.0438154898583889,4,12,3.1277678743841584
10531370,11,4,0.11040756851434708,12,7,2.2035765921053763
10531404,10,4,0.10022082924842834,7,2,2.3003792352039247
10531707,6,3,0.2083761990070343,1,7,1.5684101838447857
10531349,18,13,0.030679771676659584,3,15,3.4841517446014003
10535152,10,2,0.217164546251297,5,7,1.5270999351331824
10531434,9,1,0.2239939123392105,11,11,1.496136404553496
10535188,6,2,0.30148202180862427,1,5,1.1990448937515776
10535120,9,6,0.05522443354129791,8,3,2.8963497870160606
10535047,11,3,0.13300971686840057,9,2,2.0173330942681673
10531323,13,2,0.2202523648738861,1,2,1.5129812769981292
10535084,13,6,0.08620116114616394,4,6,2.4510716310300826
10531366,13,13,0.021929820999503136,6,11,3.8199078789430105
10531405,10,3,0.20428624749183655,4,5,1.5882330946870045
10531711,9,1,0.33812353014945984,1,1,1.0843439764534353
10531353,18,3,0.09810762852430344,1,4,2.321690152699185
10535151,8,4,0.11047228425741196,1,3,2.202990610685119
10531439,10,4,0.10705052316188812,4,11,2.2344543768786287
10535191,8,4,0.12197062373161316,3,9,2.103975052328365
10535121,9,8,0.0492759607732296,1,7,3.010318927945118
10535049,11,3,0.13015791773796082,6,1,2.0390068139101305
10531500,8,3,0.13434672355651855,5,1,2.00733133159041
10531318,13,9,0.04752959683537483,7,14,3.046402670711259
10535085,13,8,0.04361649975180626,5,8,3.132319765541034
10531369,18,10,0.046112626791000366,6,16,3.076668466461597
10531406,9,5,0.12650242447853088,5,6,2.067493805160036
10531706,8,4,0.12926016747951508,4,7,2.0459281034688592
10531354,16,4,0.0790838822722435,3,8,2.5372461889125173
10535148,10,4,0.16344162821769714,1,4,1.8112993663485235
10531441,11,3,0.11079566180706024,12,13,2.200067658801349
10535189,7,1,0.4719972014427185,1,1,0.750782222560942
10535116,9,3,0.13270066678524017,6,9,2.019659312899703
10531502,11,1,0.43494439125061035,12,12,0.8325370922706905
10535050,9,7,0.05732922628521919,7,12,2.8589447279628017
10531315,14,1,0.2768933176994324,4,4,1.2841229816372879
10535083,13,1,0.25062233209609985,4,4,1.3838081259810546
10531363,11,5,0.0800623819231987,9,15,2.524949174134094
10531408,7,2,0.2206193059682846,4,1,1.5113166602699606
10531708,9,2,0.1380108743906021,1,5,1.9804227969975845
10531355,16,6,0.05958990380167961,10,23,2.8202691185611926
10535149,10,2,0.15634551644325256,3,2,1.855686871899744
10531440,10,3,0.13367167115211487,5,16,2.012368701003779
10535070,9,2,0.21255287528038025,3,1,1.5485644967205858
10531503,11,1,0.2822156250476837,4,4,1.2650838723942868
10531319,13,11,0.026946956291794777,5,8,3.6138849270852003
10531709,13,2,0.19168046116828918,3,1,1.651925558129894
10535071,8,5,0.1287473887205124,4,5,2.0499030214263976
10531499,10,3,0.13120688498020172,1,5,2.0309799268657724
10531703,10,1,0.444174200296402,3,3,0.8115384504863911
10535065,10,3,0.09133058786392212,5,10,2.3932695215980484
10531497,12,2,0.18092288076877594,4,11,1.7096844116119314
10531710,15,4,0.06087971851229668,2,7,2.7988551890876106
10531501,12,1,0.21121178567409515,1,1,1.5548939253258491
10531704,15,12,0.03322005644440651,7,10,3.4046014756892653
10535068,9,1,0.2388724833726883,2,2,1.4318254118086955
10535067,4,2,0.25718820095062256,2,3,1.357947162668542
10535069,9,1,0.27372172474861145,5,5,1.2956432917756073
10531248,5,1,0.29073405265808105,3,3,1.235346338071008
10531244,12,2,0.24368032813072205,7,2,1.4118980432721653
10531225,10,7,0.04491971805691719,5,7,3.102878425691762
10531249,14,3,0.09652666747570038,13,1,2.3379359619155182
10531218,7,6,0.04848957434296608,6,8,3.0264064661470416
10531246,13,2,0.1638587862253189,7,3,1.8087502816844123
10531226,8,1,0.5360899567604065,4,4,0.6234533022162987
10531252,16,13,0.0372651182115078,1,15,3.289697558467605
10531304,7,1,0.2627910077571869,2,2,1.336396210014987
10531253,11,1,0.1611001193523407,5,5,1.8257292479407572
10531300,10,6,0.04556341469287872,2,10,3.0886501938509037
10531221,10,4,0.11711084842681885,4,3,2.1446343702543182
10531247,14,13,0.010928068310022354,2,12,4.516420725256114
10538394,9,1,0.4053117334842682,7,7,0.9030987956453611
10535210,8,1,0.23508264124393463,3,3,1.447818161789768
10535192,9,7,0.0380910187959671,1,7,3.267776751777462
10531301,9,1,0.4718732535839081,1,1,0.7510448599999312
10531223,7,3,0.09253554046154022,1,3,2.380162487051983
10531251,16,10,0.0555720254778862,2,3,2.8900753432293813
10538390,9,1,0.21311043202877045,10,10,1.5459447873978112
10535211,4,2,0.23881368339061737,1,3,1.4320715984745824
10535193,9,1,0.24054962396621704,3,3,1.4248288740629345
10531217,11,3,0.1188049241900444,1,7,2.1302724235014474
10531250,12,1,0.13996919989585876,10,10,1.9663328813204124
10538391,9,4,0.13593968749046326,4,15,1.9955439659447392
10535196,8,6,0.028072824701666832,5,7,3.5729532630454455
10531224,10,1,0.29624807834625244,8,8,1.2165580731487626
10531299,10,2,0.2019062638282776,6,2,1.5999517297350945
10531243,13,13,0.015458466485142708,5,2,4.169598433165607
10538393,8,5,0.11956001073122025,1,8,2.1239368518104635
10531220,9,7,0.044359348714351654,6,9,3.1154317984303006
10535205,8,2,0.18086762726306915,1,5,1.7099898563646805
10535200,7,4,0.16781401634216309,1,9,1.7848989583888237
10531298,12,3,0.2171747386455536,6,3,1.5270530022647413
10538395,9,2,0.1842275857925415,5,2,1.6915834063709005
10535206,11,2,0.16352996230125427,10,3,1.8107590497689334
10535197,10,8,0.04418225958943367,2,1,3.1194319372225743
10531302,9,3,0.15931275486946106,1,3,1.8368859970387745
10535207,8,1,0.2768690288066864,6,6,1.2842107048019804
10538392,14,9,0.031395744532346725,2,7,3.4610829196997535
10531487,10,3,0.1386578232049942,1,9,1.975746084386677
10531303,10,4,0.1544519066810608,3,4,1.8678725147208683
10535199,9,1,0.20308518409729004,8,8,1.5941297618637325
10535208,12,7,0.07183154672384262,3,12,2.633431530009586
10538396,14,1,0.2067192643880844,5,5,1.5763936168884052
10531488,6,4,0.16521285474300385,3,4,1.8005206077082414
10535195,11,2,0.17595291137695312,6,3,1.7375388687361872
10535209,12,9,0.031193779781460762,8,2,3.4675365700215606
10531489,8,4,0.13069353997707367,4,3,2.0349000859156887
10531484,10,3,0.08792269229888916,1,4,2.431297347211748
10531485,9,5,0.12550309300422668,1,6,2.0754248752619873
10531486,10,2,0.2500583827495575,2,1,1.3860608573857796
10535129,10,2,0.18036407232284546,1,11,1.7127778468260604
10535130,9,6,0.07967264950275421,9,1,2.5298289201775455
10535240,5,4,0.16269195079803467,5,3,1.8158967386420841
10535216,6,1,0.5424275994300842,5,5,0.6117006597454707
10535241,11,6,0.04976484552025795,12,9,3.000446457473436
10538270,10,4,0.12052439898252487,5,1,2.1159030653651962
10535215,9,1,0.5399311184883118,2,2,0.6163137059150541
10535091,11,1,0.34050968289375305,7,7,1.077311716517157
10538268,12,3,0.14585138857364655,2,12,1.9251670621539287
10535237,12,1,0.3005460798740387,3,3,1.2021541927560808
10535217,7,6,0.04538591951131821,4,2,3.0925533649616037
10535086,13,3,0.11231107264757156,9,17,2.186482823277522
10538271,12,2,0.15454618632793427,11,8,1.8672622866843065
10535218,6,2,0.2002497762441635,3,2,1.6081898104167471
10535087,13,1,0.23258019983768463,7,7,1.458520167896332
10535313,7,3,0.1254047006368637,3,7,2.0762091663434132
10535239,12,4,0.0886235460639,5,9,2.4233576997493254
10535219,9,2,0.1502506583929062,9,8,1.8954503235936841
10538267,12,9,0.026891008019447327,7,15,3.6159633226264623
10535088,12,11,0.01553857047110796,7,13,4.164429928550193
10535320,8,2,0.21684546768665314,4,1,1.5285703096032832
10535242,11,2,0.21564820408821106,2,3,1.534106883823676
10538272,10,9,0.06640129536390305,1,3,2.7120387141975213
10535213,8,5,0.12594027817249298,8,2,2.0719474671539864
10535089,10,2,0.17570339143276215,4,7,1.7389579815692155
10538269,11,9,0.03381795436143875,2,6,3.3867634234014146
10535244,11,1,0.2180958390235901,1,1,1.5228206842527865
10535214,8,3,0.16238617897033691,1,2,1.8177779597386412
10535093,11,2,0.15342523157596588,10,1,1.8745419213324213
10538266,10,2,0.1556253880262375,9,4,1.8603035184249883
10535243,12,7,0.06636486947536469,15,13,2.7125874366750655
10535315,10,2,0.22120222449302673,1,8,1.5086779529061023
10535319,8,2,0.2853449583053589,4,1,1.2540564506140375
10535317,13,6,0.0794222429394722,13,9,2.5329768121835796
10535316,7,6,0.0945046916604042,3,8,2.359105798514777
10538400,13,5,0.0698440819978714,13,12,2.661489921308407
10538097,11,1,0.2864765226840973,1,1,1.2500986914412437
10538402,7,1,0.2867740988731384,8,8,1.24906048509805
10538096,8,2,0.18542234599590302,9,2,1.685119104548625
10538401,11,2,0.2580485939979553,3,7,1.3546073629666493
10538091,7,4,0.059874530881643295,6,4,2.8155040582438673
10538403,9,1,0.41645222902297974,1,1,0.8759835201766925
10538092,13,9,0.027569374069571495,1,5,3.5910497575203872
10538399,10,2,0.19992753863334656,2,12,1.6098002849163455
10538093,6,1,0.3722408413887024,1,1,0.9882142111089949
10538397,11,1,0.26747646927833557,1,1,1.3187236818298844
10538094,10,4,0.09099091589450836,3,12,2.39699560278324
10538398,8,2,0.21722623705863953,18,1,1.5268159014467988
10538095,14,2,0.1343097984790802,9,13,2.0076062184786276
10548629,11,4,0.10806792974472046,2,9,2.2249952704645954
10548631,11,3,0.14728565514087677,2,4,1.9153813455859081
10548632,11,1,0.24819476902484894,8,8,1.3935414820789749
10548316,6,1,0.36956867575645447,6,6,0.9954186945474344
10548234,7,1,0.3461354672908783,10,10,1.0609250565878434
10548633,8,4,0.13341505825519562,7,9,2.014290271397405
10548276,8,1,0.6127949357032776,7,7,0.4897249247816835
10548299,10,1,0.2551927864551544,12,12,1.365735994152558
10548235,7,1,0.2919468283653259,9,9,1.2311835879343918
10548634,7,1,0.4515867233276367,7,7,0.7949878463247186
10548231,10,6,0.09747441112995148,6,12,2.328165385373566
10548277,7,1,0.27599066495895386,6,6,1.2873882364494704
10548289,9,3,0.12708814442157745,1,9,2.0628743827016516
10548238,12,1,0.2728370428085327,9,9,1.2988805748097998
10548635,5,4,0.17869465053081512,1,3,1.722076792738724
10548232,7,3,0.15347018837928772,8,1,1.874248943329361
10548278,9,1,0.35042569041252136,7,7,1.0486066052201564
10548293,5,5,0.15813378989696503,4,3,1.844313832764122
10548313,7,5,0.08761800825595856,6,8,2.4347687284690114
10548239,9,5,0.10358680784702301,5,1,2.2673452946487953
10548636,7,1,0.32870885729789734,4,4,1.1125828522256747
10548225,10,3,0.12714225053787231,6,16,2.062448736373089
10548273,12,2,0.1358327567577362,6,7,1.9963308797066606
10548290,6,4,0.15325966477394104,3,7,1.8756216407452786
10548312,8,1,0.2162402868270874,9,9,1.5313650505854526
10548236,9,1,0.24757395684719086,3,3,1.3960459260656595
10548637,8,2,0.2986481487751007,2,1,1.208489158466594
10548354,6,1,0.3304886817932129,2,2,1.1071828659856806
10548227,8,2,0.25229209661483765,4,2,1.3771677491732268
10548279,11,2,0.16963468492031097,3,2,1.77410806639034
10548292,6,5,0.11641085147857666,3,5,2.150629522269083
10548315,12,1,0.18796534836292267,6,6,1.6714976503591903
10548237,11,8,0.03519400954246521,1,11,3.3468793943136257
10548348,10,1,0.4960152506828308,6,6,0.7011486053854825
10548228,10,2,0.17922049760818481,9,12,1.7191384010084092
10548274,9,1,0.4083107113838196,8,8,0.8957268468987812
10548294,10,8,0.034997135400772095,6,8,3.3524890665344906
10548314,12,4,0.10467766970396042,15,5,2.256869462707061
10548241,10,2,0.198368638753891,10,7,1.6176281674227901
10548352,8,1,0.3638190031051636,1,1,1.0110987792288821
10548230,10,3,0.13385407626628876,3,10,2.0110050554915264
10548280,9,4,0.12709370255470276,4,10,2.0628306491841535
10548296,9,3,0.19355596601963043,3,1,1.642188578255646
10548240,10,1,0.20375943183898926,13,13,1.590815236698268
10548349,8,1,0.3106437027454376,2,2,1.1691086738981216
10548229,11,4,0.12025216221809387,12,10,2.1181643891342734
10548275,11,9,0.06355402618646622,4,2,2.7558649287277466
10548291,9,1,0.4011934995651245,12,12,0.9133114255053677
10548351,12,1,0.3305906355381012,5,5,1.1068744196524685
10548350,12,5,0.13064056634902954,6,9,2.0353054951407943
10548355,13,12,0.014474840834736824,2,11,4.235343251456637
10548347,13,8,0.03381452336907387,2,7,3.386864883305974
10551861,14,2,0.2339944988489151,10,11,1.4524576730934515
10551659,7,1,0.33724749088287354,2,2,1.0869382238541245
10551544,9,5,0.0898347944021225,3,10,2.409782913216879
10551865,11,1,0.19438955187797546,1,1,1.637891133883804
10551559,9,2,0.24217812716960907,1,10,1.4180817609023966
10551660,7,5,0.13231784105300903,4,9,2.022548363944694
10551425,7,2,0.19132031500339508,1,2,1.6538062136974518
10551560,10,2,0.2936399579048157,4,2,1.2254008950960043
10551863,10,4,0.12744182348251343,9,7,2.060095304925637
10551663,9,2,0.28217601776123047,3,5,1.265224226302864
10551545,10,5,0.08379659801721573,2,4,2.479362868771431
10548379,10,1,0.32137376070022583,6,6,1.1351504696455232
10551424,13,1,0.2961542308330536,3,3,1.2168749102458831
10551864,11,4,0.12563790380954742,1,10,2.0743512885518958
10551665,7,5,0.11526405066251755,6,5,2.1605296898941306
10551549,6,2,0.25461915135383606,6,8,1.3679863743451746
10548375,11,1,0.6605907082557678,12,12,0.4146208317377999
10551558,10,1,0.459479957818985,4,4,0.7776599555065723
10551426,10,2,0.19716012477874756,1,6,1.6237390642645173
10551661,7,2,0.21420249342918396,6,1,1.5408334803771184
10551561,9,1,0.21288523077964783,1,1,1.5470020811205536
10551551,10,6,0.02745773456990719,2,4,3.595107381320612
10548381,11,5,0.08590017259120941,9,1,2.454569440783126
10551428,10,6,0.04810516536235809,7,8,3.0343657196452862
10551664,9,2,0.3219473361968994,2,1,1.1333672989973878
10551548,9,7,0.04123076796531677,3,7,3.188570506064816
10548378,11,1,0.3945305645465851,9,9,0.9300586650266858
10551427,13,1,0.31605467200279236,12,12,1.151840067693126
10551662,10,9,0.048248838633298874,4,7,3.031383521263013
10551546,7,6,0.09811601042747498,2,5,2.321604720554298
10548377,13,3,0.18914255499839783,4,11,1.6652542889822677
10551422,12,6,0.07985632121562958,2,15,2.5275262438272197
10551658,11,2,0.13062216341495514,3,4,2.035446371982443
10551550,11,5,0.11219868063926697,2,4,2.1874840449709945
10548380,8,3,0.1785389631986618,6,2,1.7229484203573275
10551423,14,11,0.035601384937763214,4,9,3.335370739134687
10548376,12,1,0.25061532855033875,5,5,1.3838360709912223
10548373,14,2,0.1586095094680786,1,8,1.8413100127637236
10548374,14,1,0.35706210136413574,6,6,1.029845558929696
10556650,11,2,0.19342561066150665,2,1,1.642862281454502
10556615,7,2,0.15554262697696686,3,10,1.8608354564599516
10556369,7,4,0.10107573121786118,7,1,2.2918852290727525
10556656,7,3,0.17514568567276,6,1,1.742137161827231
10556616,8,7,0.05776260048151016,2,8,2.8514137632242242
10556375,7,6,0.049357183277606964,5,3,3.00867196589157
10556520,14,1,0.40893587470054626,10,10,0.8941969208047147
10556652,12,1,0.30662962794303894,2,2,1.182114683348077
10556611,10,3,0.09709348529577255,9,11,2.3320809986671636
10556370,7,1,0.2130151242017746,4,4,1.546392110151359
10556518,11,3,0.18938876688480377,7,2,1.6639534089393542
10556651,11,5,0.07558117806911469,5,6,2.5825479941339156
10556617,10,1,0.2799775302410126,14,14,1.2730459281722628
10556373,8,2,0.1781199425458908,1,7,1.7252981210871265
10556519,13,1,0.19523917138576508,1,1,1.633529952052482
10556653,10,8,0.03012903966009617,1,11,3.5022657995607607
10556618,11,6,0.057001013308763504,6,10,2.864686233958874
10556368,10,3,0.18150053918361664,2,3,1.7064966545730125
10556515,9,6,0.05616103112697601,3,10,2.8795321589100564
10556657,7,2,0.2791486084461212,2,10,1.2760109922064131
10556612,11,2,0.15898925065994263,5,4,1.8389186849595986
10556371,9,5,0.0848509818315506,4,1,2.4668587159893494
10556517,9,1,0.2897471487522125,1,1,1.2387466371826943
10556654,13,6,0.07595212757587433,8,7,2.577652037483803
10556613,12,1,0.37853577733039856,5,5,0.9714446865812595
10556372,9,1,0.23161198198795319,5,5,1.4626917989222623
10556516,11,2,0.19236989319324493,11,12,1.6483352332794377
10556658,14,7,0.0680379569530487,13,1,2.6876895390503805
10556614,10,6,0.09745724499225616,3,6,2.328341510053171
10556374,11,6,0.049467623233795166,10,11,3.0064368994935213
10556521,13,8,0.05598603934049606,2,5,2.8826529168179147
10556655,10,4,0.10683171451091766,5,8,2.236500444188249
10556350,6,4,0.11348959058523178,4,3,2.176044159172012
10556351,6,5,0.16395720839500427,9,6,1.8081498096253434
10556530,11,6,0.08991667628288269,2,7,2.40887185656614
10556355,10,8,0.020377278327941895,1,8,3.8933348063302864
10556528,12,1,0.19636906683444977,6,6,1.6277593963092556
10556628,14,3,0.15420816838741302,4,17,1.8694518465748926
10556352,11,1,0.3979322612285614,2,2,0.9214734861011961
10559698,12,5,0.09182187169790268,9,11,2.3879047559438296
10556701,6,5,0.07240767776966095,1,6,2.625442938670725
10556497,7,3,0.15036457777023315,1,7,1.8946924153503488
10559919,10,4,0.08230198174715042,7,2,2.4973600920367676
10556627,11,2,0.14499670267105103,9,8,1.931044277019773
10559703,8,3,0.17903564870357513,1,8,1.7201703382014841
10556353,12,1,0.40992963314056396,2,2,0.8917697604997237
10556500,11,4,0.12119098752737045,12,11,2.1103875684470172
10556534,11,5,0.10899663716554642,8,3,2.2164382489211514
10556916,7,4,0.11931048333644867,4,2,2.126026080005084
10556630,11,3,0.14461970329284668,2,6,1.9336477178703588
10559708,14,1,0.5721458792686462,9,9,0.558361286431457
10556704,12,10,0.05586947873234749,1,4,2.884737045564494
10559700,8,3,0.1738981455564499,16,1,1.7492855215289609
10556354,12,11,0.03880908712744713,2,7,3.2491008554588108
10559746,12,1,0.22078803181648254,2,2,1.5105521697779707
10556499,7,3,0.17617782950401306,6,4,1.73626139914018
10559921,7,1,0.36445093154907227,6,6,1.0093633551163743
10556535,10,1,0.2088043987751007,3,3,1.566357356264999
10559681,8,4,0.14839349687099457,3,4,1.9078877708330781
10556907,14,1,0.3220027983188629,2,2,1.133195043044239
10559887,6,2,0.33159562945365906,2,4,1.1038390359837942
10559699,12,1,0.30376794934272766,1,1,1.1914911935869248
10556356,8,4,0.12355449050664902,6,1,2.091073001545124
10559747,9,6,0.08944734930992126,3,5,2.414105102670268
10559715,8,4,0.174244686961174,2,1,1.7472947207034968
10556501,8,5,0.11535564810037613,2,9,2.159735330668388
10559923,12,4,0.106719970703125,1,3,2.237546971335804
10556531,13,1,0.35696300864219666,6,6,1.0301231198198848
10559682,9,3,0.14552171528339386,1,2,1.9274299575726779
10556917,7,1,0.26804885268211365,2,2,1.316586028956088
10556632,17,1,0.19039739668369293,1,1,1.658641829598111
10559706,7,7,0.057475488632917404,2,7,2.8563967067088756
10556698,8,1,0.31915929913520813,2,2,1.1420649305113557
10559884,9,1,0.2928433418273926,1,1,1.2281174824828762
10559701,8,3,0.14287234842777252,1,11,1.9458037157251336
10556357,14,3,0.14392511546611786,3,10,1.938462146154698
10559748,8,3,0.15755321085453033,3,1,1.8479920310783626
10559716,11,4,0.09972713887691498,1,3,2.305317433670203
10556503,9,1,0.26188769936561584,9,9,1.3398394954839523
10559924,14,7,0.04310030862689018,5,2,3.144225121181363
10556533,14,4,0.09328844398260117,11,4,2.372059037507345
10559685,9,1,0.2663688361644745,5,5,1.3228733285233418
10556633,15,1,0.1845492124557495,5,5,1.6898391168912872
10556703,13,10,0.04362347722053528,9,8,3.132159805188314
10559885,9,2,0.26592645049095154,5,2,1.324535510347856
10559702,11,8,0.03745228052139282,2,9,3.2846876757756682
10559749,10,6,0.07346596568822861,4,7,2.6109330318658013
10559717,12,2,0.2588120698928833,13,1,1.3516530795260457
10556495,11,2,0.14024263620376587,1,8,1.964381240743739
10556536,9,7,0.0707239955663681,1,2,2.648970363855509
10559920,14,2,0.18175071477890015,2,16,1.7051192298175062
10556526,11,2,0.2050556242465973,3,16,1.5844739988608894
10559687,12,4,0.09618330746889114,4,6,2.341499455401041
10556909,9,1,0.27866238355636597,1,1,1.2777543246967058
10556635,11,5,0.07210052758455276,5,3,2.629693917317829
10559707,10,2,0.1426902562379837,4,11,1.9470790382743324
10556818,7,1,0.29051274061203003,7,7,1.2361078461233816
10556702,14,7,0.052938707172870636,15,18,2.938620503092049
10559696,11,2,0.1696094274520874,3,9,1.7742569707771758
10559751,10,9,0.03228307142853737,5,3,3.4332122905238815
10559711,14,3,0.12141759693622589,11,7,2.1085194608096987
10556502,10,3,0.15087619423866272,7,9,1.891295684177954
10556537,7,2,0.2793349325656891,6,4,1.2753437420090545
10559916,14,1,0.20047836005687714,2,2,1.60704896795125
10556527,12,1,0.21376201510429382,5,5,1.5428919617308072
10559683,11,6,0.07271653413772583,3,9,2.6211864906210125
10556914,12,2,0.2986340820789337,1,4,1.2085362608093155
10556629,18,9,0.055520832538604736,4,3,2.8909969676041443
10559705,9,2,0.22244055569171906,2,1,1.5030953785013597
10556819,11,8,0.04140858352184296,3,6,3.18426708819558
10556699,16,2,0.13159716129302979,16,13,2.02800983104523
10559886,9,9,0.03008856810629368,11,6,3.5036099765016053
10559697,11,1,0.17739368975162506,6,6,1.7293837804742322
10559750,9,5,0.08419980853796005,1,3,2.4745626316324025
10559712,11,11,0.01792769879102707,4,11,4.021408343660624
10556498,11,5,0.09200858324766159,13,4,2.3858734101146792
10556538,7,4,0.10620760172605515,1,4,2.2423595933945917
10559917,14,12,0.017811419442296028,4,10,4.027915485681979
10556529,12,1,0.1956479549407959,7,7,1.6314383830213062
10559684,13,1,0.26296424865722656,11,11,1.3357371927091362
10556911,13,4,0.12718042731285095,10,8,2.0621485132424735
10556634,11,7,0.05962447449564934,2,11,2.8196891433026288
10556697,11,8,0.06673137843608856,13,12,2.707079995362716
10559744,12,1,0.18746750056743622,5,5,1.674149778902112
10556539,8,5,0.059515707194805145,4,3,2.8215150148015358
10556496,13,1,0.19610294699668884,10,10,1.6291155178627263
10556910,9,2,0.20627909898757935,5,7,1.5785251777186557
10559686,14,2,0.18232151865959167,1,5,1.701983564441446
10556821,10,1,0.2903673052787781,1,1,1.236608587497852
10559790,10,2,0.211797297000885,1,7,1.552125607931748
10556540,10,8,0.07606600970029831,1,6,2.57615376697782
10556908,13,3,0.14564700424671173,11,3,1.9265693639536057
10556822,10,2,0.22397741675376892,1,8,1.4962100502731113
10556913,16,6,0.061419934034347534,15,6,2.790020837979358
10556823,12,2,0.2581712007522583,1,3,1.3541323453177514
10559789,10,6,0.03728783130645752,6,17,3.289088243992476
10556915,16,3,0.1383046954870224,2,16,1.9782960894270074
10556493,12,8,0.039648085832595825,14,3,3.2277126086720345
10556489,12,4,0.10516420006752014,6,9,2.2522323401356004
10556494,9,7,0.06743187457323074,2,9,2.696637456336872
10559926,7,3,0.17780888080596924,3,1,1.7270460088596664
10556454,15,1,0.2825023829936981,10,10,1.2640682930552964
10559800,12,2,0.17922434210777283,5,12,1.7191169500114236
10560001,12,2,0.33120593428611755,12,5,1.1050149391010013
10559934,14,2,0.260183185338974,6,5,1.3463693370557246
10559836,9,1,0.45766597986221313,1,1,0.7816156625486316
10556448,9,4,0.1454087197780609,2,3,1.9282067447176243
10559795,7,2,0.2682686746120453,1,4,1.3157662834469288
10560004,12,3,0.16642284393310547,2,6,1.7932234767656763
10559766,7,2,0.3829578459262848,11,5,0.959830358714505
10559928,14,4,0.06272023916244507,8,3,2.7690710897705157
10559838,11,3,0.11323923617601395,4,1,2.178252563939446
10559771,12,1,0.34106141328811646,6,6,1.0756927202951396
10556451,8,3,0.15552879869937897,1,8,1.8609243638712765
10559797,10,1,0.3383070230484009,5,5,1.0838014435871288
10560002,12,4,0.15826499462127686,8,4,1.843484469705523
10559767,11,3,0.10072817653417587,2,7,2.2953297117013185
10559931,6,4,0.1726175993680954,3,6,1.7566765393195654
10559839,12,1,0.2902931869029999,13,13,1.2368638773864484
10556450,14,2,0.18637382984161377,13,2,1.680000784432766
10559799,10,2,0.27662670612335205,8,1,1.2850863129901706
10560003,8,1,0.40803176164627075,2,2,0.896410260435677
10559761,10,1,0.37486353516578674,4,4,0.9811932254662332
10559929,12,1,0.16150695085525513,5,5,1.8232070978941672
10559835,7,1,0.3293125033378601,1,1,1.1107481208767886
10559772,8,6,0.08364865183830261,2,6,2.4811299683761
10556449,13,9,0.0288761705160141,3,13,3.544738573610658
10559798,10,5,0.10452719777822495,4,1,2.2583079756202102
10559998,11,7,0.058029502630233765,2,14,2.8468037317239197
10559830,6,4,0.15650388598442078,2,3,1.8546744387388239
10559762,14,4,0.127218559384346,3,14,2.0618487316098837
10559927,12,4,0.1315668523311615,7,1,2.02824017380057
10559837,8,1,0.30079472064971924,13,13,1.201327238091992
10556452,11,2,0.2208349108695984,3,2,1.510339866254939
10559796,10,8,0.032634563744068146,5,8,3.422383314716245
10559999,12,4,0.11952008306980133,5,12,2.1242708625694133
10559831,7,1,0.29182496666908264,1,1,1.2316010856588449
10559763,13,3,0.13217709958553314,3,4,2.023612592095293
10559932,14,1,0.21865718066692352,11,11,1.520250160743531
10559832,10,2,0.2310984581708908,4,1,1.4649114334207658
10559775,12,2,0.18837453424930573,1,2,1.6693230945040645
10556749,9,4,0.08537998050451279,3,4,2.460643625990216
10556447,11,2,0.24584639072418213,2,3,1.4030483660365811
10559801,7,4,0.0993284210562706,10,9,2.309323534821307
10559997,10,4,0.13675226271152496,2,3,1.9895842914803727
10559825,10,1,0.3092961013317108,5,5,1.1734562041823526
10559764,11,7,0.058616507798433304,6,10,2.836738919025086
10559933,14,8,0.0794396623969078,4,3,2.5327575090414127
10559833,10,4,0.1358851045370102,2,5,1.9959455698880701
10556750,8,3,0.21939532458782196,4,1,1.516880041359764
10559802,10,1,0.19119131565093994,14,14,1.654480699632036
10560000,10,1,0.28884440660476685,3,3,1.241867121301825
10559826,9,2,0.21867790818214417,1,2,1.5201553706580124
10559765,8,1,0.3072264790534973,9,9,1.1801700865875782
10559930,14,2,0.25396400690078735,2,12,1.3705627271197294
10559834,14,2,0.14450734853744507,10,1,1.9344249177923027
10559776,11,6,0.10632950067520142,7,2,2.241212509321879
10556752,7,4,0.10403790324926376,3,6,2.262999991918264
10559828,9,5,0.06048133596777916,3,5,2.805420457940489
10559777,12,1,0.15240921080112457,6,6,1.8811861992283243
10556751,8,2,0.17005379498004913,2,1,1.7716404509296748
10559827,12,2,0.18039096891880035,2,5,1.7126287340324475
10556754,9,1,0.33303302526474,5,5,1.099513618950016
10559829,10,2,0.23420439660549164,11,1,1.4515610551275564
10556753,9,3,0.19394947588443756,6,10,1.6401575874228977
10559695,7,1,0.3346951901912689,6,6,1.0945350413752268
10572816,6,1,0.37655821442604065,3,3,0.9766826237051435
10559810,9,1,0.3778499960899353,4,4,0.9732579978636011
10559688,9,1,0.26148712635040283,12,12,1.3413702267065766
10572815,7,1,0.3646359443664551,5,5,1.0088558358413313
10559814,8,1,0.3484037518501282,2,2,1.054393265261175
10559689,10,1,0.18561913073062897,1,1,1.6840583888846374
10563667,12,3,0.14426322281360626,13,11,1.936115711842785
10559812,11,2,0.16087640821933746,10,3,1.8271188596040029
10563674,11,7,0.08098755776882172,4,12,2.513459743900908
10572811,8,1,0.24727976322174072,6,6,1.3972349386897087
10559811,10,1,0.24461786448955536,4,4,1.4080580228704553
10559691,7,4,0.15156051516532898,5,3,1.8867702937524717
10563676,9,1,0.29580068588256836,5,5,1.2180694099705722
10572812,7,5,0.09156985580921173,5,7,2.3906531465146945
10559806,9,2,0.1946372389793396,7,9,1.6366177658759795
10559694,8,7,0.07509128749370575,3,1,2.589050739009801
10563669,11,6,0.06515169143676758,8,7,2.7310370135569273
10572813,5,1,0.40956273674964905,6,6,0.8926651841275931
10559813,13,7,0.041844259947538376,1,4,3.1738006492185526
10559690,14,3,0.11483145505189896,14,12,2.164289833917541
10563670,11,7,0.06753136217594147,11,2,2.695163164179584
10572814,6,1,0.34080076217651367,1,1,1.076457247596045
10559809,13,6,0.06604538857936859,7,11,2.717413067568942
10559692,7,5,0.12662328779697418,11,10,2.0665388383449934
10563668,11,7,0.05791763588786125,11,1,2.848733348590931
10559807,13,7,0.06925260275602341,2,14,2.669994549696459
10563453,6,1,0.36297526955604553,2,2,1.0134205749828782
10563451,7,1,0.3391646444797516,5,5,1.0812696125731334
10563660,7,3,0.17322957515716553,6,8,1.753137540172702
10563450,13,7,0.04452267661690712,7,9,3.111756632708463
10563661,8,3,0.2083265334367752,1,11,1.5686485579500045
10563663,12,1,0.4440069794654846,10,10,0.8119149971566053
10563665,10,1,0.3756493031978607,5,5,0.9790992750925246
10563446,6,2,0.25805434584617615,3,2,1.354585073427966
10563662,10,5,0.09301197528839111,2,4,2.3750270275767407
10563448,11,1,0.1883273720741272,5,5,1.6695734897085126
10563666,5,1,0.28811129927635193,5,5,1.244408417680342
10563449,9,5,0.08267448097467422,6,4,2.4928442980333005
10563664,8,6,0.07825881987810135,7,2,2.547733741816489
10563452,13,3,0.1356668472290039,6,5,1.9975530512822188
10563659,11,1,0.45594269037246704,3,3,0.7853881563737669
10566856,11,5,0.08568168431520462,9,1,2.4571161948285267
10572853,9,5,0.11991884559392929,1,8,2.120940051702364
10566866,9,2,0.18618690967559814,8,3,1.6810042191046088
10572850,10,3,0.17065127193927765,1,6,1.7681331501601125
10566857,8,3,0.1744333803653717,10,6,1.746212384644536
10572846,9,6,0.027835072949528694,6,2,3.5814584365658826
10566858,8,1,0.2681387662887573,9,9,1.3162506478159601
10572847,11,2,0.19086408615112305,4,2,1.6561936950682512
10566862,8,2,0.18808692693710327,5,1,1.6708510456906263
10572909,8,2,0.1720058172941208,9,3,1.7602269812631708
10572852,7,3,0.1728781759738922,4,3,1.7551681176611693
10572898,10,4,0.11685806512832642,10,11,2.1467951991696554
10566865,6,1,0.29784879088401794,2,2,1.211169334395224
10572907,9,2,0.1482618898153305,10,12,1.9087750432050254
10572889,5,1,0.2988642454147339,3,3,1.2077658374069602
10572851,7,1,0.2598917484283447,4,4,1.3474900868639257
10572900,10,1,0.4308401644229889,4,4,0.8420181058661131
10566863,10,2,0.1494259536266327,2,6,1.9009543023170614
10572910,7,6,0.10871437191963196,6,11,2.2190312772228284
10572890,8,2,0.3738844096660614,2,4,0.983808594402062
10572848,11,1,0.20700275897979736,1,1,1.5750231574007723
10566859,12,3,0.09935169667005539,1,3,2.309089232424493
10572908,9,2,0.15772244334220886,6,3,1.846918478447962
10572891,9,1,0.3158707618713379,6,6,1.1524221304707525
10572849,12,1,0.1657971888780594,1,1,1.796989991321787
10566861,10,2,0.14455915987491608,2,4,1.9340664443163513
10572990,12,1,0.2996862530708313,4,4,1.205019174677728
10572913,9,1,0.2561340630054474,8,8,1.3620542879619564
10572892,9,1,0.24518579244613647,9,9,1.4057390193144181
10572902,12,7,0.06243563070893288,3,9,2.7736191616172032
10572991,8,4,0.14632107317447662,1,5,1.9219519404917829
10572912,10,4,0.12858803570270538,5,9,2.0511415064778262
10572894,8,3,0.14348751306533813,8,3,1.9415072645349418
10572903,12,1,0.14853566884994507,3,3,1.906930155305685
10572906,10,1,0.20951296389102936,5,5,1.5629696613863304
10572893,12,8,0.07988468557596207,8,3,2.5271711144687625
10572901,12,2,0.12786680459976196,1,2,2.0567661459155655
10572911,10,1,0.35701119899749756,2,2,1.0299881279536285
10572888,9,1,0.35425540804862976,1,1,1.0377371343355533
10572897,13,8,0.057397305965423584,3,11,2.8577579111583558
10572992,10,4,0.13998964428901672,4,10,1.9661868284728674
10572986,10,6,0.079621322453022,2,3,2.530473351989727
10572987,11,1,0.31652846932411194,1,1,1.1503420909720794
10575739,8,2,0.24050703644752502,2,4,1.4250059322862492
10575804,9,4,0.15356646478176117,10,4,1.8736218103493882
10575794,5,1,0.31647562980651855,2,2,1.1505090393940207
10575806,7,1,0.569200873374939,3,3,0.5635218783773517
10575740,11,6,0.10197999328374863,7,8,2.2829786292136447
10575796,7,1,0.30237317085266113,8,8,1.1960933593380023
10575807,14,3,0.13752244412899017,11,2,1.9839681451670632
10575742,11,4,0.07463985681533813,2,10,2.59508064078173
10575808,12,4,0.12228745222091675,2,5,2.101380839909763
10575795,8,1,0.2515143156051636,12,12,1.3802553701669933
10575743,9,4,0.12953007221221924,5,1,2.0438422069459623
10575810,12,2,0.21544654667377472,4,3,1.5350424434833037
10575790,7,4,0.14528706669807434,1,7,1.929043723392569
10575745,12,2,0.12399941682815552,11,3,2.0874784163869053
10575809,13,5,0.0761524885892868,4,8,2.5750175200792587
10573660,9,1,0.3577100336551666,1,1,1.0280325826348478
10575791,8,6,0.07479539513587952,7,3,2.592998958251297
10575805,11,4,0.10146249830722809,1,2,2.288066023578563
10575744,13,10,0.021506989374756813,11,12,3.839377309479923
10575792,10,5,0.11746639013290405,2,1,2.141603027737667
10575803,11,2,0.18981610238552094,8,4,1.6616995577035338
10575746,11,3,0.0664878562092781,5,12,2.710735961390499
10573656,14,1,0.3174193799495697,1,1,1.1475314143115707
10573655,15,1,0.24736101925373077,14,14,1.3969063930638737
10573657,8,3,0.2059507817029953,1,7,1.580118062511255
10573658,15,14,0.015947485342621803,6,13,4.138454120950526
10575702,11,2,0.1680259257555008,12,9,1.7836369915117614
10575700,12,2,0.15205569565296173,9,2,1.8835084064813385
10580491,10,2,0.17731213569641113,8,4,1.729843621000099
10580514,6,4,0.14115071296691895,6,8,1.9579270731659664
10580567,10,5,0.06748376786708832,8,7,2.695868186065789
10580496,8,2,0.27466708421707153,12,8,1.2921955175341457
10580614,7,2,0.29073256254196167,2,12,1.2353514634422
10580509,9,2,0.26649531722068787,1,3,1.3223986069351652
10580490,9,6,0.07354162633419037,2,3,2.6099036883931084
10580464,7,4,0.14079731702804565,2,5,1.960433890638287
10580613,10,1,0.5446538925170898,3,3,0.6076047456563258
10580510,8,4,0.08746546506881714,2,1,2.436511248454969
10580569,10,3,0.1358821541070938,1,7,1.9959672828047124
10580495,6,4,0.10708647966384888,8,12,2.2341185497976084
10580465,11,4,0.08132483065128326,1,5,2.509303888994601
10580615,14,2,0.19744378328323364,2,5,1.622301376762951
10580511,8,1,0.35133904218673706,9,9,1.0460035895725948
10580568,10,1,0.2752614915370941,2,2,1.2900337547972656
10580489,9,1,0.2017284333705902,6,6,1.6008328753374295
10580466,12,5,0.12706385552883148,4,10,2.0630655194452117
10580512,7,3,0.18559962511062622,3,1,1.6841634785101682
10580570,11,1,0.28528404235839844,2,2,1.2542699551752183
10580492,9,1,0.2396034300327301,4,4,1.4287700971808313
10580469,10,2,0.15885283052921295,3,6,1.8397770995445797
10580617,14,4,0.12551787495613098,6,5,2.075307100623147
10580515,9,5,0.10936872661113739,1,5,2.213030292647489
10580571,10,6,0.07168879359960556,8,13,2.635420839273936
10580493,8,2,0.24041536450386047,4,1,1.4253871661177093
10580467,10,1,0.23590689897537231,3,3,1.4443180476575588
10580611,11,2,0.16618618369102478,13,3,1.794646530635917
10580513,8,7,0.04001060500741005,4,2,3.2186107348224207
10580572,11,1,0.20592045783996582,2,2,1.580265311749235
10580494,9,1,0.3447643518447876,1,1,1.0648941334586481
10580468,12,1,0.32828038930892944,6,6,1.1138871903162195
10580612,14,10,0.039089418947696686,1,5,3.241903463762126
10580516,8,1,0.25117456912994385,2,2,1.3816070870529915
10580565,11,10,0.021383531391620636,8,4,3.8451342143577327
10580504,6,2,0.17863082885742188,4,3,1.7224340114524928
10580441,8,2,0.19517852365970612,4,8,1.633840633291147
10580443,13,3,0.13388162851333618,10,2,2.010799238735279
10580439,14,3,0.13724251091480255,4,7,1.9860057653650065
10580556,6,5,0.04555930197238922,3,5,3.0887404615830962
10580499,13,2,0.21052367985248566,2,3,1.5581571388256277
10580438,7,5,0.06957195699214935,2,6,2.665393709614002
10580554,8,1,0.3196723163127899,1,1,1.1404588193688967
10580595,11,3,0.1518283635377884,2,4,1.8850045833995126
10583474,12,2,0.2367679625749588,3,4,1.4406746783053068
10580503,13,8,0.04490916058421135,1,4,3.1031134831234954
10580663,7,5,0.07024610042572021,7,4,2.6557504822631772
10580437,11,5,0.08722253888845444,9,3,2.439292507974271
10580524,7,1,0.30830302834510803,3,3,1.1766721214165492
10583504,10,2,0.18163178861141205,5,9,1.705773780714286
10580559,14,10,0.03049136884510517,20,10,3.4903116241027012
10583470,11,1,0.32864654064178467,1,1,1.1127724502923966
10580659,12,6,0.057579949498176575,2,9,2.8545808708707985
10583387,12,2,0.2587678134441376,12,11,1.3518240925436624
10580500,7,1,0.33593371510505676,2,2,1.0908414149535413
10580440,14,9,0.03316618874669075,9,4,3.4062243332370348
10583505,12,2,0.19567325711250305,17,7,1.6313090663833982
10580558,9,2,0.2081264704465866,10,5,1.5696093530635626
10580598,10,1,0.2413177341222763,1,1,1.4216408149685082
10583475,11,3,0.1118231937289238,1,13,2.1908362824525334
10580662,9,2,0.1500268280506134,5,9,1.8969411472075361
10583383,4,1,0.6092036366462708,2,2,0.4956026884348397
10580501,14,3,0.10181806981563568,6,8,2.284567687516979
10583376,10,1,0.36057448387145996,1,1,1.0200567309177062
10580526,11,1,0.346344918012619,3,3,1.0603201276033607
10580434,13,3,0.1492886245250702,3,8,1.9018737694022454
10583500,11,9,0.0704965740442276,18,20,2.652191165462034
10580555,8,1,0.23826353251934052,6,6,1.434377938399415
10580596,13,1,0.29658442735671997,2,2,1.2154233545113
10583476,9,3,0.1922147274017334,3,6,1.6491421599822835
10580664,10,1,0.39792463183403015,2,2,0.9214926588811216
10583555,8,1,0.3160156309604645,3,3,1.15196360155382
10583384,8,6,0.09595142304897308,3,2,2.343913225487048
10580505,10,6,0.078732430934906,2,6,2.5417001254060207
10583374,11,4,0.14540345966815948,4,2,1.9282429200243947
10580436,7,6,0.07573853433132172,6,4,2.5804682080117862
10580561,13,8,0.06993783265352249,3,8,2.660148536481305
10580939,8,2,0.257100909948349,2,4,1.358286625438653
10580594,11,9,0.052040401846170425,17,5,2.955734903496577
10583471,11,6,0.05635136738419533,5,13,2.8761487728778037
10580657,7,1,0.20356149971485138,3,3,1.5917871098547116
10583389,11,5,0.11559882014989853,8,2,2.1576295291117016
10580506,14,1,0.32448825240135193,1,1,1.1255059456463048
10583378,6,1,0.2875658869743347,2,2,1.2463032729160002
10580522,11,2,0.20855453610420227,7,3,1.567554707896261
10580435,14,1,0.1978118121623993,4,4,1.6204391438697856
10583498,14,11,0.014909741468727589,1,11,4.20574048981071
10580560,13,4,0.10414370149374008,7,16,2.261983588440012
10580942,10,1,0.3752337098121643,1,1,0.9802062209707301
10580602,15,9,0.05262446776032448,13,8,2.944574100848799
10583477,10,1,0.3059431314468384,3,3,1.1843560392460406
10580549,9,5,0.09177271276712418,1,4,2.388440272087691
10580656,12,4,0.10412228852510452,14,10,2.2621892194094184
10583552,8,3,0.13529130816459656,2,8,2.0003249870766617
10583385,10,4,0.1092078685760498,3,1,2.214502161710049
10583377,10,7,0.04435407742857933,15,14,3.1155506369422983
10580529,13,10,0.05734994634985924,2,15,2.85858337089352
10583503,10,2,0.19592703878879547,7,2,1.6300129401318255
10580557,9,2,0.19815360009670258,2,7,1.6187127909682077
10580601,12,1,0.20293529331684113,4,4,1.5948681028863967
10583472,12,1,0.3662422299385071,3,3,1.0044603340608689
10580550,6,2,0.21308216452598572,4,2,1.5460774387064198
10580658,9,3,0.18587325513362885,5,9,1.6826902615565509
10583553,10,2,0.15320368111133575,3,10,1.875986993822439
10583388,8,1,0.23591841757297516,2,2,1.4442692219705888
10583379,6,3,0.20371529459953308,3,7,1.5910318746233465
10580523,14,12,0.033116988837718964,14,4,3.4077088703337934
10580762,12,2,0.1992984563112259,8,4,1.612951797346692
10583499,13,1,0.3043709993362427,6,6,1.1895079290961645
10580553,13,7,0.07786024361848831,3,19,2.5528398078747414
10580943,10,1,0.29347729682922363,10,10,1.2259549959283074
10580599,18,1,0.18099920451641083,16,16,1.7092626426629258
10583473,11,8,0.056028127670288086,12,10,2.8819014345207035
10580551,7,6,0.05838478356599808,1,7,2.8406999784751505
10580661,8,6,0.10295339673757553,5,1,2.2734788520013867
10583554,9,4,0.1356176733970642,2,8,1.997915577182073
10583390,9,5,0.0878852978348732,4,3,2.4317227484071253
10583380,8,2,0.16201002895832062,11,5,1.8200970385157942
10580527,12,5,0.08826779574155807,3,8,2.4273799520352397
10580763,10,3,0.19985073804855347,2,5,1.610184500819097
10583502,14,10,0.03910767287015915,3,8,3.2414365941543264
10580562,11,7,0.0701909065246582,12,10,2.656536513026753
10580597,9,5,0.1074371486902237,1,7,2.2308492657434384
10580552,6,1,0.3837149441242218,3,3,0.9578553350698302
10580660,12,2,0.14364604651927948,4,14,1.9404030155556176
10580941,9,1,0.32826605439186096,1,1,1.1139308579568208
10583381,10,4,0.13362805545330048,6,8,2.0126950440177085
10580528,14,7,0.06350423395633698,3,7,2.756648698828521
10580765,10,1,0.48745080828666687,4,4,0.7185658997142281
10583433,10,1,0.24867548048496246,8,8,1.39160652376512
10580547,7,1,0.3847690224647522,5,5,0.9551120663813503
10580940,12,1,0.2875688970088959,5,5,1.2462928056841618
10580548,8,4,0.09377165883779526,3,6,2.3668926132112347
10580937,14,7,0.0641760304570198,11,3,2.7461254953687293
10580760,11,1,0.3178764283657074,2,2,1.1460925617675821
10580938,11,3,0.15756280720233917,1,6,1.847931124318554
10580761,12,4,0.09947752952575684,5,10,2.3078234942338995
10583435,7,1,0.29431426525115967,7,7,1.2231071531160038
10583432,9,1,0.23323991894721985,2,2,1.4556876601363031
10583436,9,4,0.13297148048877716,2,9,2.01762060616951
10583437,11,9,0.012564391829073429,4,14,4.376888511141805
10583438,9,2,0.22519099712371826,4,6,1.490806360763856
10580453,12,1,0.22053244709968567,8,8,1.5117104425415588
10580461,10,1,0.46909770369529724,1,1,0.7569442087880426
10580421,10,2,0.3039013147354126,1,8,1.1910522528581107
10580452,12,2,0.24156981706619263,10,5,1.4205967500875853
10580457,8,1,0.1751050055027008,2,2,1.7423694535615064
10580418,14,1,0.2546288073062897,6,6,1.367948451944935
10580459,12,2,0.1382978856563568,2,3,1.9783453285240455
10580544,10,7,0.04062477871775627,2,10,3.203377085294608
10580422,12,1,0.4816887676715851,1,1,0.730457083717096
10580539,9,4,0.11637488752603531,7,1,2.1509385098641243
10580458,14,8,0.04686182364821434,2,5,3.0605519297110693
10583446,10,3,0.14350751042366028,3,1,1.9413679077049077
10586652,12,2,0.20411497354507446,1,5,1.5890718480892019
10583448,6,5,0.08162151277065277,2,3,2.5056624148629205
10580423,12,6,0.08182918280363083,1,14,2.5031213410058393
10583517,6,1,0.4591974914073944,1,1,0.7782748969546937
10586644,8,4,0.11891673505306244,3,4,2.1293317362151556
10583412,6,3,0.13603535294532776,5,3,1.9948404788993355
10583403,6,6,0.075444795191288,3,2,2.5843540796959577
10586641,10,3,0.16217608749866486,2,10,1.8190725741946032
10583411,7,4,0.07248862087726593,6,8,2.6243256828570063
10583404,10,1,0.3938622772693634,3,3,0.9317539808688299
10586637,12,1,0.2648533284664154,5,5,1.3285790837063434
10583631,10,1,0.34940892457962036,1,1,1.0515123390221812
10583406,6,3,0.25304946303367615,9,10,1.3741703033014754
10586640,12,1,0.22122615575790405,6,6,1.5085697714875095
10583405,12,6,0.04412706196308136,8,3,3.1206820347789868
10583632,12,2,0.1639760136604309,3,1,1.8080351200228117
10583407,9,4,0.11908524483442307,1,4,2.127915699175483
10586643,11,7,0.04602104425430298,8,7,3.0786565033176507
10583399,10,2,0.15631084144115448,2,3,1.8559086809329897
10583626,10,2,0.19136512279510498,1,2,1.6535720381188228
10586642,11,9,0.04041633754968643,1,10,3.2085211809663514
10583408,8,2,0.19986337423324585,5,4,1.6101212747066915
10583400,11,6,0.08346632122993469,15,9,2.4833120670518607
10583627,12,6,0.09211378544569016,11,6,2.3847306678153766
10586636,10,8,0.03050287254154682,4,3,3.489934418113528
10583409,7,1,0.6661356687545776,3,3,0.40626192234846353
10583401,14,8,0.049991950392723083,8,15,2.995893278660156
10586638,12,5,0.10447239130735397,12,1,2.2588324404994666
10583630,11,2,0.19819121062755585,3,9,1.618523004045566
10583410,7,3,0.14108988642692566,3,6,1.9583580993263814
10586639,12,4,0.10505563020706177,3,10,2.253265257629345
10583402,12,1,0.15019503235816956,7,7,1.8958206137132274
10583628,12,4,0.09491247683763504,8,2,2.3548001084819554
10586635,12,3,0.1263037621974945,1,3,2.069065462282367
10586489,12,3,0.08785539120435715,11,4,2.4320630979410693
10586490,10,7,0.10213842242956161,5,2,2.281426303059501
10586492,12,3,0.15774871408939362,12,5,1.8467519291668208
10586550,9,2,0.20976828038692474,2,12,1.561751784217068
10586563,10,1,0.5531579852104187,1,1,0.592111630719273
10586493,11,7,0.05572643131017685,8,10,2.887300714796873
10586551,9,1,0.37996745109558105,11,11,0.9676696849419344
10586557,9,1,0.38713833689689636,2,2,0.9489731901439435
10586594,6,4,0.10237361490726471,4,2,2.2791262664997975
10586488,13,5,0.12165985256433487,5,4,2.106526221956703
10586672,10,3,0.18499694764614105,9,8,1.687415953249974
10586552,8,2,0.26441121101379395,3,5,1.3302497701872171
10586558,8,2,0.19955594837665558,2,1,1.611660638978249
10586589,7,5,0.13443513214588165,1,2,2.006673485157135
10586546,9,6,0.0818134993314743,1,11,2.50331302048701
10586562,10,7,0.03735337778925896,1,3,3.2873319353676727
10586678,10,3,0.15931321680545807,3,11,1.836883097488593
10586590,6,4,0.12463275343179703,4,7,2.0823838385386853
10586547,10,2,0.2320752739906311,2,4,1.4606935030844017
10586561,13,3,0.13660828769207,3,1,1.9906376624408508
10586677,8,5,0.06470821797847748,3,7,2.7378670688723217
10586591,7,1,0.2953599691390991,1,1,1.2195604321533704
10586548,10,3,0.2391003519296646,4,1,1.430871932625739
10586671,12,6,0.0790439024567604,2,5,2.537751853573582
10586564,11,8,0.05194934830069542,4,11,2.957486106256772
10586592,9,5,0.09545527398586273,3,9,2.349097476425216
10586674,12,4,0.12199166417121887,7,11,2.1038025630486588
10586549,10,4,0.11701548099517822,1,4,2.1454490367392927
10586559,14,1,0.158342182636261,5,5,1.8429968748431322
10586593,7,1,0.49257782101631165,12,12,0.7081028186367475
10586675,9,4,0.13781994581222534,6,4,1.981807186231027
10586560,11,1,0.2479359656572342,2,2,1.3945847691523108
10597004,11,3,0.16813987493515015,5,6,1.7829590570890481
10597006,12,1,0.2284224033355713,3,3,1.476558717851367
10597002,10,5,0.07311815768480301,8,4,2.6156785479304254
10597009,10,4,0.13674315810203552,5,6,1.9896508710923144
10597003,10,3,0.15708495676517487,3,6,1.8509684940968159
10597008,9,5,0.08295372873544693,6,3,2.4894723117532407
10597093,7,1,0.25076889991760254,3,3,1.3832234814307744
10597030,9,2,0.18646767735481262,1,2,1.6794973666889288
10597042,7,6,0.05011121183633804,1,6,2.99351050677991
10597007,6,6,0.06967093050479889,4,8,2.6639721141401225
10597095,6,2,0.2203197330236435,2,6,1.5126754557688504
10597033,10,8,0.047554705291986465,9,1,3.045874540270514
10597043,8,2,0.23009037971496582,5,2,1.4692830919631887
10597005,12,3,0.20643648505210876,1,3,1.577762492333151
10597031,11,2,0.22011707723140717,7,13,1.5135957049479358
10597044,10,2,0.2102135419845581,5,3,1.5596313983301497
10597001,11,2,0.13590823113918304,2,4,1.995775392041942
10597099,8,1,0.3310755491256714,8,8,1.1054086845563595
10597035,7,1,0.20752555131912231,5,5,1.572500808005018
10597188,9,2,0.25300970673561096,1,7,1.374327424446677
10597100,12,8,0.0503229983150959,6,4,2.9892930834068796
10597034,10,1,0.26781710982322693,13,13,1.3174509574626516
10597183,7,4,0.08529479056596756,4,5,2.4616418982607517
10597045,9,1,0.32828667759895325,4,4,1.1138680352585235
10597104,11,1,0.364697128534317,8,8,1.0086880546991375
10597032,11,7,0.06316909193992615,7,13,2.7619401490375015
10597184,14,3,0.11943493038415909,1,10,2.1249835715267675
10597040,9,4,0.11434173583984375,10,13,2.168563631874074
10597103,11,3,0.12559068202972412,4,3,2.0747272153615115
10597036,11,5,0.0870809257030487,7,10,2.440917412182529
10597185,10,3,0.14772586524486542,6,1,1.912396984635276
10597041,11,8,0.04144526273012161,16,14,3.183381692711024
10597088,12,4,0.08512818813323975,3,6,2.4635970628409227
10597029,14,1,0.24535690248012543,9,9,1.4050413836439715
10597190,10,1,0.2213277816772461,2,2,1.5081105012719178
10597186,14,4,0.1146484762430191,1,8,2.1658845602766252
10597189,11,1,0.23999759554862976,3,3,1.4271263742377078
10597187,15,3,0.13208791613578796,1,5,2.0242875467644725
10599869,10,3,0.1835302859544754,3,6,1.6953755790326814
10599843,9,3,0.14037537574768066,13,7,1.9634351891849526
10599868,10,1,0.38388529419898987,8,8,0.9574114840414959
10599844,8,2,0.21605825424194336,1,3,1.5322072120947308
10599854,10,2,0.2004970908164978,9,11,1.6069555419841814
10599875,10,1,0.19306492805480957,1,1,1.6447287318602601
10599846,5,1,0.41999414563179016,5,5,0.8675145067737996
10599857,10,1,0.3310636281967163,6,6,1.1054446918773722
10599873,10,2,0.16383656859397888,4,1,1.8088858809905808
10599847,9,4,0.13987873494625092,10,9,1.966979410677937
10599856,12,1,0.2904401421546936,8,8,1.2363577750242198
10599874,9,7,0.048748645931482315,4,3,3.0210778576885
10599855,11,3,0.14868289232254028,11,1,1.905939480402642
10599841,8,3,0.2067597210407257,2,4,1.5761979278488356
10597927,7,1,0.34528353810310364,7,7,1.0633893499100033
10599872,10,10,0.014436018653213978,5,7,4.2380289000706775
10599851,11,4,0.1197470873594284,5,1,2.1223733656639205
10600815,7,1,0.2657451331615448,2,2,1.325217575524973
10597923,11,1,0.22450242936611176,1,1,1.4938687506284807
10599876,10,5,0.09043633937835693,5,8,2.4031091080841787
10599852,9,3,0.16256815195083618,3,8,1.8166579685139952
10599845,8,1,0.3118499219417572,2,2,1.1652332263170524
10597925,11,1,0.2527753412723541,6,6,1.3752541639023155
10599853,10,3,0.15064534544944763,1,13,1.8928269103355209
10599871,10,1,0.19322459399700165,9,9,1.6439020671843112
10599842,10,3,0.1328321099281311,7,8,2.018669279539195
10597924,14,1,0.43868517875671387,4,4,0.823973255842236
10599858,13,2,0.17005683481693268,3,5,1.7716225753526285
10599870,10,1,0.3300917446613312,2,2,1.1083846490351308
10597928,13,8,0.019754189997911453,3,8,3.9243896583430304
10597930,9,3,0.1680249124765396,5,7,1.7836430220217074
10597926,12,4,0.06133435294032097,1,5,2.7914151861524665
10597929,14,11,0.019898364320397377,8,6,3.9171177455847865
10599828,11,7,0.060451939702034,1,9,2.805906614726722
10599831,10,9,0.03871912509202957,13,6,3.251421612592748
10599829,13,5,0.04022988677024841,6,11,3.21314510758447
10605190,7,2,0.21026647090911865,6,3,1.5593796435583789
10599830,14,1,0.31507617235183716,1,1,1.1549408523995606
10605191,9,2,0.20182333886623383,3,5,1.6003625242998551
10606068,5,1,0.402957022190094,1,1,0.9089253674119964
10599832,13,7,0.05818314477801323,6,12,2.844159574814624
10605150,9,3,0.12608309090137482,5,10,2.0708141377751055
10605192,8,2,0.19181615114212036,2,1,1.651217911829312
10606064,5,4,0.17744798958301544,5,3,1.7290777294380855
10599833,13,2,0.18102505803108215,3,7,1.709119815137868
10605152,8,2,0.19704627990722656,2,1,1.6243166544473895
10605186,8,6,0.08199912309646606,1,10,2.5010467257206
10605227,7,3,0.22278818488121033,4,8,1.501533802491304
10606066,6,1,0.5236743092536926,10,10,0.6468853351274255
10605187,10,1,0.36250150203704834,4,4,1.014726661145514
10605228,11,4,0.1037941500544548,17,3,2.2653456676954025
10606069,4,2,0.3154451251029968,3,2,1.1537705420713935
10605230,7,2,0.21438813209533691,3,4,1.5399672053505247
10605189,10,5,0.06423570215702057,1,10,2.745196114492369
10606062,4,1,0.29960429668426514,2,2,1.2052926860391555
10599837,12,9,0.03066101111471653,2,13,3.4847634277809845
10605231,9,3,0.20169569551944733,5,8,1.6009951752539209
10605147,14,4,0.09425164014101028,3,1,2.361787050778796
10605185,8,3,0.2089463472366333,4,5,1.5656777717598804
10606065,7,2,0.2388586699962616,1,3,1.4318832408882232
10605233,12,2,0.18305298686027527,2,1,1.6979796223664139
10605148,12,4,0.0904017984867096,2,1,2.403491117017418
10605193,9,4,0.09291611611843109,6,2,2.3760581700762766
10605229,14,8,0.04910550266504288,8,10,3.0137841798899614
10606067,7,4,0.11962814629077911,2,10,2.123367128273561
10600039,9,5,0.06349200755357742,5,7,2.756841246303186
10605149,14,13,0.0145579744130373,5,9,4.229616365875382
10605194,10,3,0.14267407357692719,12,11,1.9471924558208376
10605232,13,6,0.06219669431447983,6,7,2.7774534267187616
10606063,7,3,0.12616179883480072,8,4,2.0701900780681863
10600040,7,2,0.19126015901565552,2,1,1.6541206886501505
10605154,10,1,0.22248348593711853,8,8,1.5029024006376528
10605226,12,10,0.037091661244630814,11,5,3.294363098927693
10605188,12,3,0.14580708742141724,5,9,1.9254708500169002
10600041,13,4,0.07437176257371902,4,9,2.598678944484317
10600034,10,1,0.4423711597919464,1,1,0.8156060212426964
10600035,11,1,0.3343963325023651,2,2,1.0954283652289662
10600037,12,4,0.11495865881443024,2,4,2.163182703820565
10605129,7,1,0.2139585316181183,4,4,1.5419730602229968
10605125,9,4,0.13621458411216736,6,7,1.9935238123489603
10605093,9,2,0.211500346660614,4,1,1.553528641439871
10605270,15,1,0.3311949670314789,4,4,1.105048052747489
10605126,14,4,0.09543488919734955,1,3,2.349311052528361
10605091,12,1,0.2852795422077179,9,9,1.2542857295807441
10605276,14,8,0.06473220884799957,8,11,2.7374963829840717
10605346,10,1,0.2900666892528534,11,11,1.2376444194981677
10605128,11,4,0.07268105447292328,5,1,2.621674527126236
10608784,7,3,0.17037034034729004,8,11,1.7697807387317233
10605284,14,2,0.15407009422779083,2,1,1.8703476227978646
10608730,10,4,0.09210263192653656,4,5,2.3848517592938268
10605175,10,7,0.07395413517951965,7,3,2.6043101728015654
10605087,9,3,0.15721216797828674,7,1,1.8501589975405726
10605275,10,1,0.2666068375110626,5,5,1.321980224488155
10608643,10,2,0.27615267038345337,3,4,1.2868014126347882
10605343,10,2,0.1743575483560562,9,4,1.7466472125271781
10608677,6,1,0.48923516273498535,1,1,0.7149119997166836
10605286,15,1,0.23309479653835297,1,1,1.4563100560623732
10608691,11,8,0.030358102172613144,11,3,3.4946918391920816
10605127,14,12,0.00816847663372755,4,13,4.80747284603586
10605094,8,5,0.11788889020681381,1,3,2.138012706524991
10608617,12,3,0.07438232004642487,2,3,2.5985369991670844
10608644,10,6,0.047382790595293045,1,7,3.0494961838159598
10608671,10,2,0.1882096379995346,10,1,1.6701988416674416
10605285,13,1,0.14002904295921326,11,11,1.965905428178882
10608794,8,3,0.1450578272342682,1,2,1.930622807552346
10608692,11,1,0.34582722187042236,2,2,1.0618159874015232
10605130,13,2,0.1485663205385208,2,9,1.906723817483797
10608726,8,1,0.37301105260849,1,1,0.9861472281191803
10605088,11,5,0.09570096433162689,4,7,2.346526903963476
10608611,14,5,0.07166258245706558,3,4,2.635786530117695
10605273,11,8,0.031213993206620216,3,11,3.466888784500672
10608649,8,1,0.3819087743759155,3,3,0.9625735094295906
10605347,15,3,0.11674690991640091,2,3,2.1477468503088755
10608672,5,2,0.2678118050098419,5,8,1.3174707652558393
10605280,11,9,0.0641438290476799,4,7,2.7466273882189887
10608787,8,3,0.2003852277994156,4,7,1.607513626064177
10608693,10,4,0.11432536691427231,2,1,2.1687068000465155
10605131,15,2,0.17003251612186432,5,4,1.771765588916815
10608729,14,1,0.3205919563770294,5,5,1.13758612840081
10605168,10,5,0.11595091223716736,3,6,2.1545883478068677
10605090,14,4,0.1101827397942543,8,1,2.205615020716925
10608612,12,2,0.24314387142658234,9,11,1.4141019473581453
10605272,13,2,0.1381872594356537,8,9,1.9791455612205966
10608650,9,2,0.2428203821182251,2,4,1.4154332771988816
10605340,11,2,0.23464199900627136,11,16,1.4496943348884777
10608673,13,2,0.1863311380147934,6,10,1.6802298762382906
10605287,14,8,0.04653312638401985,3,8,3.067590824666681
10608792,10,1,0.31197109818458557,1,1,1.164844729487215
10608694,9,4,0.09404114633798599,12,11,2.3640228654867976
10605132,14,2,0.11592946201562881,7,10,2.154773358907258
10608728,9,6,0.0664287880063057,4,7,2.711624762145431
10605169,13,10,0.035548724234104156,5,7,3.3368510098999136
10605437,9,1,0.2012982815504074,5,5,1.6029674831318588
10608613,11,6,0.07345215231180191,3,5,2.611121073703737
10605278,13,1,0.44217154383659363,2,2,0.8160573639713687
10608645,8,5,0.09841147065162659,6,7,2.3185979100550056
10605675,13,4,0.10893449187278748,1,10,2.217008569413847
10605341,14,1,0.19169600307941437,5,5,1.6518444790205427
10608674,9,6,0.10487796366214752,2,3,2.2549578555985974
10605281,13,4,0.09358243644237518,2,6,2.3689125579525063
10608783,8,1,0.28904104232788086,1,1,1.2411865859775106
10608695,9,3,0.17593859136104584,3,10,1.7376202575495219
10608724,13,1,0.22201725840568542,1,1,1.5050001595653482
10605171,14,7,0.07664415240287781,1,4,2.568581966165148
10605438,7,2,0.23393172025680542,1,6,1.452725999978858
10608614,13,5,0.0832638144493103,2,6,2.485741224556937
10605274,13,2,0.17726320028305054,2,7,1.730119643659916
10608646,9,1,0.2945783734321594,2,2,1.2222101875866076
10605672,9,5,0.12365736067295074,4,8,2.0902407584973215
10605344,12,1,0.22672408819198608,12,12,1.484021471304024
10605279,12,4,0.1066075786948204,2,6,2.2386006750793737
10608696,10,1,0.29663676023483276,5,5,1.2152469182027419
10605576,10,1,0.3301285207271576,1,1,1.1082732435912437
10608725,10,7,0.06480048596858978,8,2,2.736442176136755
10605173,14,3,0.1249576136469841,1,11,2.0797806900082563
10605439,11,1,0.23680941760540009,6,6,1.4404996064700288
10608615,13,11,0.035927847027778625,3,8,3.3262426009496235
10605277,15,2,0.16946786642074585,3,12,1.7750919487726013
10608647,12,12,0.01387382298707962,8,6,4.277751452707914
10605668,10,6,0.10644874721765518,2,9,2.2400916564516358
10605345,16,6,0.062257613986730576,9,16,2.7764744380771016
10605282,11,7,0.067707359790802,5,12,2.692560393143925
10608698,8,3,0.1605909764766693,8,5,1.8288946653700953
10605571,8,4,0.16557835042476654,4,2,1.798310779727392
10608731,11,5,0.09804701805114746,12,8,2.3223081393351697
10605170,13,7,0.06771588325500488,13,9,2.6924345142471795
10605441,5,1,0.3174275755882263,4,4,1.1475055950536044
10608616,14,4,0.10038124769926071,5,8,2.2987798650730773
10608648,12,3,0.1196262538433075,3,4,2.1233829478151924
10605269,14,1,0.20751871168613434,1,1,1.5725337665764199
10605348,13,2,0.12516993284225464,11,10,2.078083002174628
10605283,10,8,0.03684955835342407,8,10,3.3009116454003196
10605669,16,8,0.061381746083498,9,13,2.790642783087012
10608727,16,9,0.0531676709651947,13,19,2.934304755976268
10605572,10,5,0.10044649988412857,1,6,2.2981300326873706
10605174,13,5,0.08888471871614456,5,3,2.4204150441943195
10608623,10,4,0.10396218299865723,2,8,2.2637280709812817
10605440,6,3,0.19224391877651215,3,4,1.6489903029483737
10605670,10,6,0.08043977618217468,8,10,2.520246496501066
10605573,8,4,0.14996370673179626,1,7,1.8973619692831023
10608624,8,2,0.21058422327041626,6,1,1.557869595334286
10605435,9,3,0.16969579458236694,3,8,1.7737478885318336
10605671,14,6,0.06146673113107681,14,6,2.789259207758073
10608618,6,3,0.22011668980121613,2,4,1.5135974650591315
10605575,10,5,0.11661521345376968,6,8,2.148875537987153
10605673,16,1,0.268463671207428,12,12,1.3150396769530939
10605574,10,10,0.02198076993227005,2,5,3.817587301854456
10608619,10,1,0.26741519570350647,1,1,1.3189527883167063
10605674,13,1,0.2529151439666748,6,6,1.374701245854762
10608620,9,1,0.2806798815727234,6,6,1.2705404705280106
10608622,11,2,0.19566206634044647,3,2,1.6313662591354396
10608625,7,4,0.14940573275089264,1,4,1.901089635193009
10605104,7,1,0.2723309397697449,7,7,1.3007372619240523
10605116,7,5,0.14194726943969727,6,5,1.9522996323193436
10605107,7,2,0.2101161926984787,4,3,1.560094602713696
10605117,5,2,0.25580617785453796,3,6,1.3633352390166826
10605100,10,1,0.1915285289287567,3,3,1.652718505328
10605203,9,3,0.16867659986019135,6,7,1.7797720076451462
10605118,6,6,0.09821129590272903,7,4,2.3206340406777506
10612812,5,5,0.07945799827575684,4,7,2.5325267205093125
10608679,6,5,0.12286001443862915,1,4,2.09670966572537
10605101,14,5,0.10643383115530014,11,2,2.240231790627889
10612808,7,2,0.2178167849779129,2,7,1.5241010054384172
10605122,7,2,0.17911449074745178,3,4,1.7197300644924132
10608859,6,1,0.27904438972473145,9,9,1.2763844068602777
10605102,12,1,0.18142925202846527,9,9,1.7068894972538522
10605119,10,3,0.15333619713783264,5,1,1.8751224013556538
10612809,6,6,0.1436099261045456,4,1,1.9406545014662104
10608686,9,3,0.17140357196331024,2,9,1.7637344331096418
10608860,4,2,0.41298413276672363,4,1,0.8843461062101827
10608657,10,1,0.5038980841636658,6,6,0.6853812453197486
10605196,12,7,0.043760839849710464,2,1,3.129015928874552
10605105,10,1,0.30697065591812134,6,6,1.1810031192919124
10608599,12,1,0.40275055170059204,3,3,0.9094378870921193
10608702,11,1,0.6259312033653259,2,2,0.46851481269878625
10605515,7,1,0.24852274358272552,2,2,1.3922209141617385
10605120,8,6,0.055461086332798004,1,5,2.8920736513051657
10608863,7,1,0.431133508682251,1,1,0.8413374719216217
10608658,12,4,0.14855290949344635,1,2,1.9068140913114597
10605197,6,2,0.24631455540657043,1,5,1.401145879350966
10605106,9,8,0.04305782541632652,1,5,3.1452112895676323
10608703,12,2,0.27033525705337524,10,7,1.3080923974564223
10605121,12,4,0.10737437009811401,3,8,2.2314337650687177
10605516,5,1,0.3427872359752655,2,2,1.070645327562982
10612811,8,1,0.4000220000743866,2,2,0.9162357332006433
10608683,11,3,0.19810360670089722,3,1,1.6189651189774552
10608862,10,1,0.208051398396492,2,2,1.5699701221314497
10605103,9,3,0.1437893807888031,4,1,1.9394056835096214
10605204,12,5,0.08932209759950638,1,7,2.4155063681893485
10608601,7,1,0.3631257712841034,7,7,1.013006027360032
10605517,6,2,0.30529454350471497,3,5,1.1864782519699206
10608705,12,1,0.32940444350242615,1,1,1.110468971644014
10605115,11,3,0.12357056885957718,5,4,2.090942878335506
10612813,7,1,0.3963150978088379,9,9,0.9255456825928252
10608678,9,3,0.1385049968957901,2,1,1.9768488753355988
10608864,7,2,0.1868782788515091,1,9,1.677297789297416
10605200,13,6,0.08272802829742432,2,6,2.492196819045751
10608602,11,3,0.1406387835741043,1,10,1.9615604942997944
10605518,6,4,0.133658766746521,2,5,2.012465243737224
10608704,11,3,0.13820354640483856,11,2,1.9790277065824569
10608740,8,2,0.2139713317155838,3,1,1.5419132368801265
10612810,7,2,0.2211267203092575,2,4,1.509019346728007
10608682,10,1,0.21735654771327972,4,4,1.5262161967962151
10608865,10,3,0.16424475610256195,3,4,1.8063975484432861
10608661,10,8,0.030330631881952286,7,5,3.495597123936108
10605198,13,6,0.06467779725790024,1,9,2.738337300853455
10608604,9,6,0.07387950271368027,3,8,2.605319854674289
10605519,6,2,0.28518661856651306,1,6,1.2546115110150033
10608699,12,11,0.016902850940823555,3,9,4.080272976557176
10608741,9,1,0.33075544238090515,8,8,1.1063760214560687
10612816,5,3,0.14561165869235992,7,12,1.92681207298872
10608681,10,5,0.11540386825799942,9,13,2.1593174050366644
10608866,9,3,0.16029562056064606,8,2,1.8307355400102903
10608655,9,4,0.11589518189430237,5,6,2.155069100731752
10605201,12,8,0.07470843940973282,3,2,2.5941622158522337
10605520,6,6,0.0758325457572937,2,4,2.5792277149312777
10608605,14,6,0.06629101186990738,3,7,2.7137009585534755
10608700,12,2,0.18379999697208405,6,7,1.693907085534522
10608742,9,1,0.2861953675746918,1,1,1.2510805979632065
10612815,9,7,0.03822056204080582,11,15,3.2643816348672017
10608685,9,2,0.2067645937204361,2,8,1.5761743612553527
10608858,10,1,0.3965461850166321,7,7,0.9249627629337539
10608662,11,1,0.27591630816459656,2,2,1.2876576905365837
10608603,9,7,0.052996959537267685,3,11,2.9375207342969416
10608701,12,9,0.02568119764328003,3,14,3.661996164048479
10608736,9,2,0.22115084528923035,1,5,1.5089102524312428
10608656,12,4,0.09576737135648727,11,12,2.3458332432881015
10608737,10,2,0.17173904180526733,5,3,1.7617791530868476
10608738,10,4,0.09181733429431915,1,9,2.3879541724457134
10608739,14,2,0.14154960215091705,4,1,1.9551050780893082
10608849,9,6,0.08497624099254608,1,10,2.4653835792989356
10608636,6,3,0.19344711303710938,4,3,1.642751121508051
10609019,9,6,0.1098189577460289,5,4,2.2089221077425645
10608637,6,1,0.45510467886924744,2,2,0.7872278230428281
10609020,9,1,0.411025732755661,2,2,0.8890994563347363
10608638,8,4,0.1558557152748108,8,11,1.8588246018029961
10612454,10,1,0.20373007655143738,5,5,1.5909593154389385
10609021,10,2,0.20014508068561554,1,4,1.6087127719839205
10612456,10,2,0.30131691694259644,11,1,1.1995926879149137
10608639,10,1,0.6110447645187378,3,3,0.49258505814279024
10609022,7,5,0.1259423941373825,8,7,2.0719306659594445
10608852,4,1,0.35628756880760193,3,3,1.0320170966573612
10612455,11,8,0.04832661896944046,2,9,3.0297727527532996
10608641,11,5,0.11709926277399063,4,5,2.1447333040943497
10609024,9,6,0.10024957358837128,5,10,2.300092466287085
10608854,9,1,0.21805842220783234,11,11,1.522992260317383
10612457,12,1,0.2698299288749695,9,9,1.3099634115054075
10608640,12,1,0.26327452063560486,6,6,1.3345579864915906
10609023,8,1,0.3936404883861542,7,7,0.9323172522597274
10612458,11,1,0.21763339638710022,5,5,1.5249432997329335
10608847,12,4,0.08898922801017761,11,15,2.4192399501686634
10608635,9,1,0.25443628430366516,3,3,1.3687048307066148
10609018,9,1,0.20873090624809265,6,6,1.5667093865095454
10612459,11,4,0.10799750685691833,4,5,2.225647136782536
10608848,12,9,0.0404791496694088,2,16,3.206968260414054
10612447,8,1,0.29971247911453247,2,2,1.204931666839257
10612529,10,2,0.23157507181167603,1,8,1.4628511737409344
10612613,10,1,0.31576523184776306,3,3,1.1527562787004484
10612442,8,4,0.14374227821826935,1,7,1.9397333174899472
10612431,6,1,0.5409517884254456,1,1,0.6144251197713031
10612526,14,3,0.1242666020989418,4,13,2.0853260044290063
10612607,12,2,0.2663083076477051,1,10,1.32310059007467
10612445,6,4,0.09870272874832153,1,8,2.3156426860320476
10612432,9,2,0.2807296812534332,3,1,1.2703630610781618
10612531,9,1,0.2516591250896454,14,14,1.379679785381438
10612608,7,1,0.3493736982345581,10,10,1.0516131610630908
10612444,7,1,0.5779571533203125,9,9,0.5482555422610764
10612530,14,2,0.1512504369020462,5,14,1.8888182934667883
10612434,5,1,0.40402793884277344,2,2,0.9062712478607025
10612609,10,1,0.3347470760345459,7,7,1.094380029222578
10612533,10,1,0.2702399790287018,8,8,1.308444903525145
10612446,10,10,0.021001270040869713,3,2,3.8631723649507896
10612433,9,1,0.24856188893318176,6,6,1.3920634144203403
10612611,14,2,0.16594678163528442,3,4,1.7960881345849018
10612527,12,2,0.15344388782978058,1,11,1.8744203303826783
10612440,12,3,0.1328272968530655,2,5,2.0187055144696604
10612435,6,1,0.20628699660301208,5,5,1.5784868923844118
10612528,11,4,0.16168732941150665,2,9,1.8220908740870423
10612610,14,1,0.16983622312545776,11,11,1.7729206996732034
10612443,12,2,0.13426516950130463,14,6,2.0079385575534263
10612429,5,1,0.463922917842865,2,2,0.7680368658948773
10612532,11,1,0.19383202493190765,8,8,1.6407633458506419
10612612,14,10,0.039937350898981094,4,11,3.2204432802101985
10612441,10,6,0.10111619532108307,7,10,2.291484974676301
10612534,12,4,0.113686703145504,2,7,2.174308831893801
10612430,7,7,0.041010793298482895,6,9,3.193919995739832
10621792,11,4,0.07648781687021255,12,7,2.570623807430854
10621793,14,5,0.07647089660167694,1,9,2.5708450471133877
10622299,8,3,0.20857691764831543,4,2,1.567447396189444
10621817,6,3,0.21986034512519836,3,1,1.514762729082818
10621806,7,1,0.24476712942123413,1,1,1.4074480125997497
10622300,6,2,0.2419571876525879,1,4,1.41899447900246
10621818,10,1,0.352518230676651,1,1,1.0426529398355213
10621800,7,2,0.2463275045156479,10,7,1.4010933093000755
10622293,7,3,0.12912407517433167,3,9,2.0469815138190453
10621819,7,1,0.24774186313152313,1,1,1.3953679493728455
10621801,12,1,0.3404689133167267,15,15,1.0774314547212709
10622294,6,4,0.14806361496448517,1,4,1.9101132667277194
10621967,11,2,0.29892244935035706,3,8,1.2075711059540297
10621802,9,1,0.16702155768871307,11,11,1.7896323869401496
10622297,11,9,0.020826492458581924,1,5,3.8715294268185607
10621823,9,1,0.2712633013725281,7,7,1.304665338011682
10621963,12,1,0.43886056542396545,5,5,0.8235735349826686
10621803,12,1,0.278203547000885,6,6,1.2794022497506183
10622295,5,5,0.14063812792301178,2,3,1.9615651562614822
10621821,8,2,0.2229972779750824,6,4,1.500595713986282
10621964,9,8,0.05925032123923302,5,4,2.825984077222387
10621805,12,7,0.06492973864078522,13,4,2.7344495377157196
10622298,9,4,0.09969350695610046,8,2,2.3056547299515673
10621816,9,1,0.24272538721561432,13,13,1.4158245684419426
10621804,13,9,0.06140806898474693,6,11,2.7902140357737677
10622296,8,4,0.10147659480571747,1,4,2.287927100138078
10621822,10,6,0.10006031394004822,7,1,2.3019821354090286
10621965,12,9,0.025416502729058266,5,7,3.6723566021877923
10621962,12,1,0.315704345703125,9,9,1.1529491182195362
10621966,11,3,0.13276222348213196,4,5,2.0191955441376503
10621968,12,5,0.12217459082603455,2,7,2.1023041849124797
10625621,7,2,0.233955517411232,5,1,1.4526242782282683
10625622,6,1,0.22830216586589813,6,6,1.4770852385623552
10625620,5,3,0.17929427325725555,4,2,1.7187268383275522
10625616,13,3,0.15645648539066315,2,1,1.8549773562865748
10625617,10,6,0.08400407433509827,5,6,2.476889977325839
10625619,9,7,0.06961695104837418,2,1,2.664747191749533
10625623,11,11,0.014670062810182571,5,9,4.221946405297041
10625657,4,4,0.03640551120042801,1,5,3.3130351091951002
10625650,8,1,0.47715190052986145,4,4,0.7399203890400176
10625687,11,1,0.48341402411460876,4,4,0.7268817997256153
10625618,9,1,0.25182875990867615,1,1,1.379005946623828
10625659,6,5,0.0747411698102951,1,5,2.5937242033173544
10625688,14,2,0.20112492144107819,7,8,1.6038290642671642
10625652,11,1,0.4648084342479706,4,4,0.7661299276366738
10625660,8,3,0.09979742765426636,1,4,2.304612871004251
10622411,7,1,0.24632948637008667,1,1,1.401085263724856
10625685,14,4,0.11837895959615707,1,10,2.1338642784373723
10625658,8,1,0.27086931467056274,4,4,1.306118808102456
10625689,12,12,0.023467091843485832,13,7,3.752156186320023
10622414,10,1,0.36551153659820557,5,5,1.0064574364102532
10625661,9,1,0.2377306967973709,6,6,1.43661677203107
10625655,9,2,0.23156379163265228,5,1,1.462899885606495
10625686,11,2,0.21838155388832092,1,10,1.521511498896663
10625656,11,6,0.06014170125126839,2,7,2.811051813639809
10625691,13,10,0.033137425780296326,9,14,3.4070919471191408
10625651,10,7,0.04538758471608162,2,9,3.0925166757365314
10622407,8,2,0.21053454279899597,4,2,1.5581055405148556
10622409,11,4,0.11519252508878708,5,2,2.161150419207615
10622412,11,2,0.1968693882226944,2,1,1.6252147740741731
10622408,12,3,0.1310502290725708,9,10,2.032174601235838
10629827,10,1,0.375436931848526,7,7,0.9796647796779766
10629813,13,1,0.4516371488571167,13,13,0.7948761895559258
10629871,11,1,0.3072148561477661,1,1,1.1802079190219106
10629858,10,7,0.0461774617433548,2,11,3.0752634409805313
10626809,10,3,0.19528906047344208,1,4,1.6332744566292143
10629873,12,1,0.329731285572052,1,1,1.1094772423779553
10629859,9,1,0.33183231949806213,1,1,1.1031254994051218
10629829,9,2,0.22617115080356598,11,9,1.4864632618796099
10626812,7,2,0.19217921793460846,1,5,1.6493269155834411
10629818,14,1,0.3264060616493225,6,6,1.1196130848350863
10629872,11,1,0.35368818044662476,2,2,1.0393396002173123
10629860,9,1,0.38944485783576965,3,3,0.9430329953603785
10629825,7,2,0.2609884440898895,8,2,1.3432791481572979
10626807,9,3,0.1362093836069107,8,10,1.9935619918476353
10629814,9,2,0.17246004939079285,7,6,1.7575896670681537
10629867,8,2,0.3306227922439575,2,11,1.1067771539148699
10629861,10,2,0.1611585021018982,4,10,1.825366913180354
10629828,9,1,0.42853978276252747,1,1,0.8473717033342961
10629819,12,5,0.09479890018701553,3,9,2.3559974711912473
10629868,7,1,0.28246578574180603,4,4,1.2641978481487284
10629862,10,3,0.18304693698883057,9,2,1.6980126727499356
10629823,9,1,0.22249044477939606,1,1,1.5028711231097
10626814,9,2,0.21892181038856506,4,1,1.5190406431052892
10629815,12,3,0.1571151316165924,9,2,1.8507764199846428
10629869,10,1,0.36007964611053467,1,1,1.0214300328058337
10629856,12,5,0.08733630925416946,6,15,2.437988989040283
10629822,8,3,0.16230422258377075,1,2,1.8182827876480248
10626808,8,2,0.26183193922042847,2,1,1.3400524343974085
10629816,14,4,0.10056225955486298,9,10,2.2969782452343774
10629874,9,1,0.267866313457489,1,1,1.3172672533110497
10629857,11,3,0.18692541122436523,1,7,1.6770456121554709
10629824,9,6,0.10165801644325256,3,1,2.286140878827427
10626810,13,1,0.2150999754667282,9,9,1.5366523567636512
10629817,12,5,0.0730597972869873,2,9,2.6164770322289335
10629870,12,7,0.06275660544633865,4,15,2.7684914404332184
10625849,11,2,0.15009242296218872,6,2,1.8965040215489959
10629826,11,10,0.04087582603096962,2,7,3.197216441260176
10626813,11,3,0.1165715828537941,1,2,2.1492497495735345
10625850,9,2,0.174131378531456,3,1,1.7479452156423685
10625851,11,3,0.21241188049316406,4,2,1.549228056653376
10625853,12,5,0.04765845835208893,6,4,3.0436951546226045
10625848,12,11,0.010496205650269985,6,11,4.5567414537682716
10629765,11,2,0.20563794672489166,1,4,1.5816381966487487
10629766,6,1,0.34456220269203186,5,5,1.0654806454890355
10629796,13,9,0.06311997771263123,3,2,2.7627179555397765
10633854,6,2,0.25044259428977966,9,5,1.3845255492312742
10633709,8,1,0.29074177145957947,8,8,1.2353197890686978
10629761,12,3,0.11466790735721588,3,5,2.165715090359664
10629793,16,1,0.21432910859584808,6,6,1.5402425546682548
10629916,9,2,0.16080236434936523,10,2,1.8275792186801623
10629900,12,9,0.052143000066280365,6,11,2.9537653334615577
10633851,10,1,0.31972065567970276,1,1,1.1403076154329062
10633712,7,4,0.13432089984416962,5,1,2.0075235669785196
10629760,13,9,0.07144762575626373,16,10,2.6387906046018457
10633675,6,2,0.2626408636569977,5,2,1.336967717426107
10629899,12,9,0.03819705545902252,5,9,3.2649968485651364
10633850,7,3,0.12495776265859604,2,5,2.079779497511707
10633714,12,2,0.20676063001155853,3,6,1.5761935315920104
10629833,10,3,0.1175181195139885,5,2,2.1411627486571625
10629764,9,3,0.1674359291791916,3,7,1.7871545132565663
10633762,12,1,0.42807772755622864,1,1,0.8484504934490069
10629799,9,2,0.20373815298080444,5,6,1.5909196734311315
10633676,8,1,0.21543869376182556,3,3,1.5350788936153252
10629904,9,2,0.18239235877990723,5,2,1.701595094873445
10633849,9,2,0.1982986032962799,2,8,1.6179812868685848
10633713,7,6,0.0987795740365982,2,6,2.314864436122343
10629762,14,2,0.12921473383903503,4,1,2.046279655133769
10629832,8,2,0.1656658798456192,1,4,1.7977822909877184
10629797,12,1,0.29958346486091614,1,1,1.2053622195800398
10633677,11,7,0.02319953776896,13,8,3.7636229242600776
10633852,9,1,0.2313423603773117,5,5,1.463856586100832
10633710,10,5,0.07709542661905289,8,13,2.5627113176942187
10629836,10,2,0.2049918919801712,1,9,1.5847848519421408
10629763,11,3,0.11663428694009781,12,9,2.1487119922017306
10633757,12,1,0.2523972988128662,6,6,1.3767508503815922
10629801,11,1,0.18159247934818268,9,9,1.7059902269534302
10629893,8,1,0.2358337938785553,1,1,1.4446279852928303
10629921,9,8,0.05833699554204941,1,9,2.8415188149765127
10633678,9,7,0.06653913110494614,3,8,2.709965066713523
10629898,9,2,0.16597752273082733,4,6,1.7959029050296904
10633933,6,2,0.30023589730262756,4,3,1.2031867889748622
10633848,8,1,0.22136251628398895,2,2,1.507953576184677
10630306,13,4,0.11378175765275955,3,1,2.1734730719607103
10633717,10,10,0.022005265578627586,11,14,3.8164735097790703
10629838,14,5,0.05309801176190376,5,8,2.9356157947139097
10633758,12,2,0.1517896056175232,3,5,1.8852598905579363
10629798,13,5,0.08859916031360626,9,10,2.4236328986890783
10630274,10,2,0.32838869094848633,1,6,1.113557338816294
10629894,8,5,0.12334641814231873,2,7,2.092758474593618
10629917,6,1,0.32944583892822266,1,1,1.1103433120610864
10633679,9,6,0.04349209740757942,6,8,3.13517602618255
10629897,14,2,0.12620218098163605,13,9,2.0698700470779525
10633855,9,1,0.4450274109840393,2,2,0.809619400996016
10633711,10,1,0.2516535520553589,3,3,1.3797019307973584
10629830,11,5,0.10351968556642532,5,3,2.267993485652771
10633934,6,1,0.34929314255714417,2,2,1.0518437593198495
10633759,12,4,0.13804297149181366,7,11,1.9801902546741579
10629794,9,8,0.03263061121106148,4,8,3.422504436984414
10630278,8,1,0.24973295629024506,3,3,1.3873631068642411
10629913,10,1,0.3755423426628113,2,2,0.9793840507189887
10633680,12,3,0.11106652766466141,7,5,2.197625908876997
10629902,15,12,0.023888610303401947,14,12,3.73435348997675
10633935,6,2,0.208441823720932,5,2,1.5680952995986082
10633846,9,4,0.11595088243484497,4,5,2.1545886048322385
10633715,11,4,0.09400851279497147,2,6,2.364369939163959
10629831,12,2,0.1321585774421692,2,5,2.023752733173505
10633760,12,3,0.1231565847992897,2,10,2.094298686098479
10629800,13,6,0.08962633460760117,16,8,2.412106089153963
10629889,11,2,0.19632762670516968,4,1,1.6279704504388963
10630271,10,1,0.27773576974868774,2,2,1.2810850858030323
10629918,17,6,0.07101602852344513,3,1,2.644849673568048
10629903,14,2,0.21570846438407898,7,2,1.5338274848915887
10633936,4,3,0.1680455356836319,4,3,1.7835202905692333
10633853,10,7,0.06813862919807434,5,2,2.6862109843852773
10633700,7,3,0.1374049186706543,8,1,1.984823101649371
10629835,14,1,0.25019457936286926,4,4,1.3855163464003704
10633761,11,6,0.06985911726951599,5,12,2.661274675390182
10633716,10,1,0.2634276747703552,3,3,1.3339764277268742
10629795,15,5,0.08050689101219177,10,14,2.519412495585393
10629891,5,1,0.3470533490180969,1,1,1.0582767672846063
10629915,13,5,0.09035477042198181,3,2,2.4040114639798857
10629901,12,1,0.24986283481121063,4,4,1.386843172444437
10633932,4,2,0.3028567433357239,3,2,1.194495379546759
10630272,10,3,0.09663457423448563,1,6,2.3368186904685673
10633705,10,1,0.3474205434322357,3,3,1.057219292115709
10629837,14,4,0.09211692959070206,8,10,2.3846965351246188
10629890,10,1,0.3720230162143707,2,2,0.9887995550789482
10630273,10,7,0.06780777126550674,6,9,2.6910784701690047
10633701,8,2,0.2227391004562378,4,6,1.5017541455624763
10629892,12,1,0.32325923442840576,1,1,1.1293006942876143
10630275,12,6,0.055539947003126144,4,2,2.8906527513148474
10633702,6,3,0.18123003840446472,5,1,1.7079881242533148
10630276,11,6,0.049407709389925,5,6,3.0076488064396396
10633706,9,7,0.05537095293402672,7,8,2.893700138000491
10630277,12,1,0.23901799321174622,7,7,1.4312164444796343
10633703,10,2,0.20855098962783813,2,4,1.5675717130719082
10633704,7,5,0.07292293757200241,4,7,2.618352045122934
10633707,7,1,0.3503981828689575,3,3,1.0486851058096103
10629778,10,2,0.22915863990783691,2,1,1.4733407645796517
10629849,6,1,0.4526250660419464,6,6,0.7926911649875958
10629780,9,2,0.1613854467868805,3,1,1.8239596958184103
10629842,10,1,0.3642427623271942,2,2,1.009934704173709
10633749,10,1,0.3176216781139374,3,3,1.1468942959122417
10633727,10,4,0.14509811997413635,10,5,1.9303450759358494
10633802,8,1,0.2827741801738739,2,2,1.2631066497860326
10629843,8,4,0.08406661450862885,3,7,2.476145764556232
10633691,7,2,0.2542538046836853,2,7,1.3694222798244873
10629775,14,2,0.1567230224609375,2,7,1.8532752197933207
10633765,6,2,0.3361276090145111,1,3,1.090264402386755
10633803,13,1,0.29921093583106995,8,8,1.2066064833122252
10633825,8,2,0.2096453160047531,4,1,1.5623381475908484
10629844,8,3,0.19538863003253937,5,2,1.6327647292315521
10629776,12,2,0.14004775881767273,6,5,1.9657717801339987
10633689,7,3,0.25183242559432983,1,3,1.3789913904667952
10633742,13,2,0.25724226236343384,8,12,1.3577369829965917
10633733,8,5,0.06920948624610901,3,10,2.670617341272388
10633804,12,4,0.1013977900147438,3,6,2.288703982788955
10629846,8,1,0.4691343307495117,1,1,0.7568661320375408
10629781,11,1,0.295556902885437,6,6,1.218893895918065
10633685,6,1,0.2777986526489258,2,2,1.2808586987495165
10633766,7,4,0.14634326100349426,7,5,1.9218003140278173
10633726,9,3,0.14051827788352966,1,6,1.9624177069718076
10633806,8,1,0.20446012914180756,3,3,1.5873822900296422
10633821,5,1,0.32062408328056335,3,3,1.1374859222251255
10629777,9,3,0.13291996717453003,6,1,2.018008082452364
10629845,8,1,0.3079524636268616,7,7,1.1778098467938583
10633943,11,2,0.28703072667121887,1,9,1.248166007381006
10633686,8,1,0.3956447243690491,1,1,0.9272386311013922
10633747,14,5,0.0773058608174324,1,2,2.559985507149917
10633768,11,5,0.09223273396492004,2,1,2.383440179271108
10633732,11,7,0.05433175712823868,4,13,2.9126463771739974
10633805,9,5,0.09094467014074326,7,2,2.3975039778160627
10633824,6,1,0.239810511469841,3,3,1.427906203029815
10629847,9,7,0.07164447754621506,5,8,2.6360392030976088
10633940,13,1,0.6340709924697876,9,9,0.4555943553093031
10633688,7,3,0.22504742443561554,1,9,1.4914441237183007
10633744,13,3,0.09427890181541443,10,11,2.3614978491002643
10633769,9,3,0.16078054904937744,3,5,1.827714893177235
10633729,11,4,0.09839736670255661,5,3,2.3187412364348954
10633808,12,8,0.029718825593590736,6,12,3.515974575606792
10633953,12,1,0.5378104448318481,4,4,0.6202491139305212
10633822,9,2,0.26582780480384827,1,4,1.3249065301836267
10629848,8,1,0.2848564088344574,2,2,1.2557700543288153
10633944,11,4,0.10183048248291016,10,4,2.2844457846883093
10633687,7,4,0.15736570954322815,1,3,1.849182822239602
10633748,10,8,0.01927885226905346,4,9,3.948746521185105
10633771,10,1,0.2066337913274765,2,2,1.5768071764866434
10633734,9,5,0.09406401962041855,6,11,2.3637796687364188
10633952,12,2,0.19695448875427246,5,1,1.6247825984856543
10633807,14,1,0.280434787273407,2,2,1.2714140684876143
10633823,12,7,0.06705889105796814,3,6,2.702184074645531
10633947,9,6,0.10053117573261261,3,9,2.2972873932923785
10633690,9,8,0.029926007613539696,1,13,3.509027356808735
10633745,11,5,0.10799050331115723,8,16,2.225711988028289
10633770,13,1,0.3171423375606537,12,12,1.1484045914947305
10633731,9,4,0.13305291533470154,11,3,2.017008370226141
10633809,10,5,0.1039041131734848,8,4,2.2642867938502835
10633945,10,5,0.09446847438812256,1,3,2.3594891044992443
10633730,10,1,0.15741345286369324,6,6,1.8488794773773427
10633946,11,11,0.010099541395902634,6,13,4.595265262512097
10633957,12,8,0.01953285001218319,2,9,3.9356576147769937
10633939,10,6,0.06585052609443665,5,2,2.7203678615394664
10633956,12,1,0.24288959801197052,12,12,1.4151482680492018
10633941,12,12,0.04068005457520485,7,10,3.202017366229304
10633955,11,3,0.19865480065345764,7,1,1.616186630623108
10637166,9,1,0.34002774953842163,4,4,1.0787280484128827
10633621,7,1,0.46074599027633667,1,1,0.7749083850716204
10633694,6,1,0.5797922611236572,6,6,0.5450854100764904
10633870,7,1,0.4149269461631775,1,1,0.879652807588867
10633615,11,1,0.5147953629493713,3,3,0.6639858107805867
10637161,12,5,0.09330836683511734,6,2,2.371845498460192
10633696,6,1,0.30086666345596313,4,4,1.2010880909288624
10633867,7,3,0.20204152166843414,9,8,1.599282049889987
10633617,9,1,0.2945130169391632,1,1,1.2224320767343106
10637162,12,1,0.29391685128211975,7,7,1.2244583704125256
10633871,8,3,0.1499132663011551,4,8,1.8976983767811955
10637160,7,3,0.21276435256004333,9,8,1.5475700517122575
10633619,11,7,0.10923055559396744,1,13,2.2142944416801558
10633699,10,1,0.19725139439105988,10,10,1.6232762501249427
10637158,12,5,0.09172999113798141,2,3,2.3889058960703955
10633698,9,1,0.2196292132139206,6,6,1.5158145489870731
10633864,7,1,0.37032783031463623,8,8,0.993366637757468
10637165,9,8,0.04502842575311661,4,2,3.1004613052372076
10633693,9,1,0.37558576464653015,5,5,0.9792684326683667
10637159,10,1,0.2699788212776184,7,7,1.3094117627728419
10633866,9,1,0.22543680667877197,4,4,1.4897153957707516
10637163,10,6,0.09070125967264175,5,1,2.400184033615242
10633695,9,1,0.3077831566333771,7,7,1.1783597808635482
10633869,12,1,0.417743057012558,10,10,0.8728887316027171
10636993,7,5,0.1217951774597168,8,9,2.105414518416992
10636971,10,5,0.08404584974050522,6,10,2.476392798805857
10636968,8,3,0.1853068768978119,2,3,1.6857420341408689
10637192,12,3,0.13105590641498566,11,8,2.032131280293311
10636972,10,3,0.15787602961063385,6,5,1.84594517665019
10636985,11,2,0.1846095323562622,6,11,1.689512320346997
10637191,11,5,0.07589219510555267,7,6,2.578441431151943
10637186,9,5,0.08511007577180862,4,12,2.463809851212749
10636990,9,8,0.08137131482362747,4,12,2.508732465824453
10636973,8,2,0.1805954873561859,3,5,1.7114956252649975
10637187,12,4,0.06286986172199249,3,14,2.7666883760170955
10636987,14,11,0.021137360483407974,5,12,3.8567131652093587
10636969,10,3,0.12421541661024094,4,6,2.0857379898892883
10637190,11,4,0.10332334786653519,2,5,2.2698919083900364
10636992,9,3,0.13978110253810883,5,10,1.9676776332971502
10636966,11,3,0.15753653645515442,11,2,1.8480978701260236
10637188,11,2,0.1818997859954834,2,4,1.7042993699541709
10636986,9,3,0.17069131135940552,9,8,1.7678985505392593
10636967,8,1,0.24844110012054443,9,9,1.3925494831872323
10637189,10,3,0.15298479795455933,1,7,1.877416722300333
10636970,12,1,0.19090183079242706,7,7,1.655995957974646
10647805,8,3,0.1676885336637497,3,7,1.7856469865886828
10647806,9,2,0.25312989950180054,9,1,1.3738524852521636
10647807,14,1,0.2696431875228882,1,1,1.310655721664575
10647808,11,1,0.22776059806346893,2,2,1.4794602101663603
10647802,10,4,0.10562888532876968,5,1,2.2478234098036194
10647887,6,6,0.07241421192884445,1,3,2.6253527014945424
10647835,8,1,0.3711967170238495,4,4,0.9910231223337453
10647875,11,2,0.23325292766094208,3,8,1.4556318877324166
10647803,12,10,0.030496567487716675,3,12,3.4901411430883664
10647824,7,2,0.21648728847503662,9,3,1.530223447004482
10647833,9,4,0.1421254426240921,4,2,1.9510452125867026
10647804,7,5,0.10644693672657013,6,7,2.240108664697661
10647825,10,1,0.23168329894542694,10,10,1.462383930653484
10647831,7,6,0.087717205286026,7,8,2.4336372154244015
10647809,12,4,0.10653688758611679,10,6,2.2392639914912795
10647819,7,1,0.2937590181827545,3,3,1.2249955137983985
10647884,11,1,0.2307804673910141,7,7,1.4662883779511175
10647834,11,1,0.47280141711235046,11,11,0.7490798156181955
10647820,10,5,0.09644981473684311,6,2,2.3387324604529476
10647890,12,6,0.08064001798629761,1,5,2.5177602516147384
10647832,9,2,0.24825723469257355,1,4,1.3932898337118154
10647941,11,1,0.2913185656070709,11,11,1.2333378834154118
10647821,10,4,0.10630510747432709,2,7,2.2414419470525817
10647883,10,2,0.19444459676742554,13,19,1.6376080060257723
10647828,8,2,0.15684767067432404,7,6,1.8524801951135221
10647940,12,2,0.3284529745578766,1,4,1.113361603335519
10647823,9,9,0.024238169193267822,1,16,3.719826648963967
10647886,13,2,0.12026632577180862,3,4,2.1180466139574086
10647829,11,5,0.10969486832618713,7,1,2.210052691954775
10647822,9,1,0.252105712890625,1,1,1.3779067838366743
10647885,13,7,0.0694529190659523,14,12,2.6671061794778517
10647830,11,7,0.060513053089380264,1,12,2.804896183673314
10647936,9,6,0.09803520888090134,3,2,2.322428590540209
10647937,9,8,0.044612426310777664,7,5,3.109742841929001
10647938,12,2,0.19133606553077698,7,3,1.6537238916550554
10647939,14,2,0.22633607685565948,8,2,1.4857343185641647
10634228,7,1,0.27128538489341736,1,1,1.3045839314155163
10651037,7,5,0.10814683139324188,1,7,2.224265425271709
10634230,9,2,0.22592446208000183,4,3,1.487554574164079
10634231,7,1,0.2438521683216095,1,1,1.4111931048352238
10651036,11,3,0.1712576150894165,2,1,1.7645863351530353
10634227,5,1,0.27799734473228455,3,3,1.2801437166598315
10651032,8,5,0.11513817310333252,1,7,2.161622366602296
10634229,6,5,0.07665961235761642,5,3,2.5683802756872245
10651029,9,1,0.19017267227172852,2,2,1.6598228181014918
10650709,8,4,0.13319572806358337,5,9,2.015935592984872
10634234,8,5,0.09472193568944931,5,7,2.3568096721446805
10651030,8,1,0.3072214126586914,7,7,1.1801865774727267
10650711,8,2,0.29405924677848816,6,2,1.2239740122910918
10634232,11,4,0.1281726062297821,4,5,2.0543774372832795
10650752,9,2,0.15347594022750854,3,2,1.8742114654289386
10650690,7,1,0.39288005232810974,1,1,0.9342509240600813
10651034,13,9,0.04122419282793999,2,1,3.1887299904021433
10650704,9,1,0.35524916648864746,9,9,1.0349358582746817
10650756,10,7,0.02330431342124939,12,7,3.7591168101685595
10634233,11,6,0.07212725281715393,2,11,2.6293233197417916
10650686,7,1,0.3654356300830841,6,6,1.0066651299860803
10651033,9,1,0.26679110527038574,8,8,1.3212893040631808
10650754,9,2,0.2973646819591522,1,7,1.2127960080298175
10650705,12,3,0.21119293570518494,12,5,1.5549831760750412
10634235,8,3,0.164010152220726,4,2,1.8078269492889842
10650687,6,3,0.21222569048404694,1,4,1.550104992816234
10650751,10,2,0.214054673910141,4,9,1.5415238110297573
10650706,9,3,0.16464808583259583,6,2,1.8039448959024362
10648678,8,1,0.49575695395469666,6,6,0.7016694845405271
10650691,8,5,0.0983409434556961,6,5,2.319314823230086
10650755,10,8,0.03162002936005592,5,7,3.4539645186732244
10650707,12,1,0.4971438944339752,2,2,0.6988757687659846
10648672,10,1,0.43201106786727905,7,7,0.839304071003069
10650749,6,4,0.17495743930339813,6,7,1.743212538618089
10650692,8,6,0.07655425369739532,3,7,2.569755590853416
10648673,7,5,0.10139434784650803,1,4,2.2887379305373483
10650710,10,2,0.21788591146469116,3,7,1.5237836950893069
10650750,7,5,0.1293357014656067,9,2,2.045343917893522
10650689,8,1,0.227138489484787,6,6,1.4821953616913743
10650753,12,4,0.10989878326654434,1,14,2.20819548891188
10650708,11,4,0.10184688121080399,6,15,2.2842847581742984
10648674,7,5,0.12248943746089935,2,6,2.099730477523913
10648675,15,2,0.1882116049528122,13,9,1.670188390858331
10648677,11,6,0.09898290783166885,6,11,2.312808091917918
10648676,11,1,0.2364489734172821,1,1,1.4420228515498814
10650696,8,2,0.20677293837070465,5,6,1.5761340038530753
10650697,9,3,0.14914105832576752,1,3,1.902862720701727
10655676,5,1,0.23083636164665222,1,1,1.4660462106279384
10655777,8,2,0.2565757930278778,12,2,1.3603311686322659
10650701,11,3,0.15663689374923706,3,1,1.853824930904499
10655710,6,5,0.06130704656243324,4,3,2.7918604905676094
10655673,9,1,0.3093160092830658,3,3,1.1733918409052029
10655773,12,1,0.3730676472187042,6,6,0.9859955159463603
10655639,9,1,0.46503007411956787,5,5,0.7656531999602
10650699,7,1,0.3042103946208954,1,1,1.1900357293893393
10655711,6,1,0.44162920117378235,2,2,0.8172846603590415
10655576,7,3,0.21109554171562195,9,4,1.555444443651579
10655771,10,3,0.12791983783245087,1,8,2.0563514781835486
10655633,8,3,0.17604182660579681,9,5,1.7370336610092512
10650700,9,1,0.2820368707180023,4,4,1.2657174693637385
10655571,11,2,0.3131883144378662,6,10,1.1609506257854592
10655674,9,4,0.1303994208574295,7,2,2.037153070776828
10655775,12,3,0.18422409892082214,14,2,1.6916023335294081
10655634,7,3,0.24016161262989044,7,3,1.4264431963048625
10655714,9,2,0.23047317564487457,6,7,1.4676207979601146
10655574,10,1,0.27824655175209045,6,6,1.2792476815282838
10655675,13,6,0.08341695368289948,3,13,2.4839037087067966
10655778,12,1,0.20257264375686646,5,5,1.5966567221636063
10655635,10,3,0.11124066263437271,8,5,2.1960592928346476
10655568,7,2,0.18064410984516144,10,7,1.711226427260981
10655669,13,1,0.18066725134849548,3,3,1.7110983299695521
10655772,10,4,0.15358005464076996,13,6,1.8735333192992978
10655637,10,4,0.11975852400064468,4,13,2.1222778635906288
10655569,13,7,0.04748096689581871,2,11,3.0474263451721404
10655677,11,1,0.26487860083580017,2,2,1.3284836680139678
10655774,11,2,0.21902690827846527,13,1,1.5185606878619557
10655636,11,1,0.3752024173736572,2,2,0.9802896189772801
10655573,12,1,0.24827760457992554,5,5,1.3932077855421712
10655670,12,3,0.13180598616600037,2,8,2.026424239386697
10655779,12,1,0.23526664078235626,3,3,1.447035766430238
10655638,12,7,0.05486336350440979,2,3,2.9029094846628984
10655572,8,3,0.15319357812404633,1,3,1.876052940804591
10655671,10,2,0.2809447944164276,2,9,1.2695970901009144
10655776,12,3,0.14435862004756927,1,2,1.9354546583584658
10655611,11,10,0.01195610873401165,3,21,4.426512940087611
10655610,12,2,0.18827268481254578,1,14,1.6698639159098143
10655612,8,4,0.07941625267267227,7,6,2.533052238065444
10655606,11,1,0.27592214941978455,3,3,1.2876365203730769
10655607,10,5,0.0985814556479454,2,9,2.3168721116550133
10655609,12,9,0.07114152610301971,4,5,2.6430840605831256
10655590,9,4,0.10390933603048325,1,4,2.264236528989953
10655588,12,1,0.27016595005989075,1,1,1.3087188789398816
10655593,13,4,0.13939526677131653,9,3,1.9704417355268902
10655539,10,3,0.15262028574943542,8,1,1.8798022348288932
10655586,13,1,0.247836634516716,5,5,1.394985481663702
10655682,11,7,0.0850679948925972,6,13,2.4643044023603187
10655535,7,1,0.22708295285701752,5,5,1.4824398971662296
10655587,11,1,0.16802948713302612,8,8,1.7836157963315091
10655725,7,1,0.3862193822860718,4,4,0.9513497230744217
10659061,7,3,0.09106031805276871,3,7,2.396233156299164
10658863,10,2,0.32829761505126953,4,2,1.1138347190417337
10655624,13,1,0.2623496949672699,1,1,1.3380769515439368
10655592,9,1,0.30498525500297546,4,4,1.187491847795886
10655684,8,1,0.2714473605155945,1,1,1.3039870423265263
10655839,11,8,0.05251801759004593,19,16,2.946598976070178
10655721,8,2,0.20480121672153473,1,2,1.5857154448113133
10659067,9,3,0.21560817956924438,7,5,1.5342925020340878
10655541,7,3,0.17234443128108978,2,7,1.7582602970658323
10658864,7,2,0.2745809853076935,6,7,1.2925090331015572
10655589,10,4,0.13283321261405945,1,2,2.018660978222954
10655683,8,1,0.3274751603603363,1,1,1.1163430730112818
10655818,6,1,0.26848819851875305,3,3,1.314948319374417
10655841,14,1,0.31103435158729553,6,6,1.1678519176380207
10658792,8,1,0.6567163467407227,9,9,0.4205030938447922
10655724,10,1,0.2994568943977356,4,4,1.2057847970011026
10659068,9,4,0.148506298661232,4,5,1.9071279064117315
10655542,12,6,0.09144172817468643,5,6,2.3920533601259866
10658857,9,1,0.23467808961868286,4,4,1.4495405353245665
10655626,8,1,0.31397268176078796,2,2,1.1584492976204912
10655591,14,4,0.09040182828903198,2,8,2.403490787352323
10655685,7,1,0.258238285779953,4,4,1.353872532011367
10655816,9,6,0.06170091778039932,2,9,2.785456473296509
10655840,13,1,0.25536420941352844,4,4,1.3650644806243806
10658791,8,2,0.3187079429626465,9,8,1.1434801348614292
10655723,15,3,0.11061279475688934,14,5,2.2017195116220587
10659062,11,2,0.17913246154785156,1,2,1.7196297381655612
10655537,8,2,0.19418315589427948,1,9,1.6389534627554831
10658859,10,6,0.09517966210842133,4,1,2.351988993322567
10655622,10,1,0.21068066358566284,3,3,1.5574117346393153
10655594,11,5,0.08360864967107773,3,5,2.481608299278567
10655678,11,3,0.13911187648773193,3,5,1.9724768027648318
10655824,12,6,0.07021427154541016,10,9,2.6562036902450186
10658787,11,1,0.12960392236709595,4,4,2.0432722303437347
10655720,9,3,0.1381673514842987,1,3,1.9792896366266348
10659063,9,3,0.15023627877235413,9,3,1.8955460323835485
10655540,14,4,0.09367802739143372,4,10,2.3678916167948856
10658858,10,1,0.25507357716560364,4,4,1.3662032375384385
10655629,14,4,0.09815120697021484,2,13,2.321246061134922
10655681,17,7,0.04547286033630371,5,4,3.09063960711308
10655815,6,3,0.14361365139484406,2,1,1.9406285614627392
10655837,16,2,0.1106906533241272,14,2,2.201015875315211
10658788,12,3,0.1511133313179016,2,5,1.889725185151256
10655722,10,9,0.05375417694449425,2,10,2.9233339043984348
10659065,12,1,0.17530784010887146,6,6,1.7412117641025446
10655871,6,5,0.1504090130329132,3,6,1.8943969421814133
10658860,10,2,0.15130187571048737,8,4,1.8884782609712993
10655628,11,6,0.07305370271205902,9,1,2.6165604547043633
10655679,12,11,0.026210535317659378,12,4,3.6415938376791477
10655817,6,6,0.02990470454096794,5,6,3.5097394684552414
10656111,9,2,0.18230029940605164,6,3,1.702099954917894
10655843,14,6,0.0931815430521965,4,5,2.373205612822932
10658789,11,1,0.3137657344341278,9,9,1.1591086402027464
10655726,13,7,0.05858100950717926,3,4,2.8373447047645066
10659064,11,5,0.12342565506696701,5,3,2.092116287442204
10658861,11,2,0.1631460040807724,7,4,1.8131097485457068
10655872,5,2,0.2081676423549652,4,3,1.5694115510421227
10655623,11,1,0.3440112769603729,6,6,1.067080840284503
10655680,12,1,0.19998422265052795,1,1,1.6095168022931836
10656112,9,4,0.1344611942768097,4,7,2.0064796399577127
10655819,5,2,0.22217512130737305,4,2,1.5042893733585436
10655838,13,2,0.121949702501297,4,5,2.1041465938369432
10658790,12,7,0.0779571533203125,3,5,2.551595919628327
10655728,14,3,0.10185007750988007,13,2,2.28425337528968
10659066,11,3,0.1728849709033966,3,2,1.7551288137066174
10658862,14,5,0.10374029725790024,4,7,2.265864644650416
10655873,8,1,0.39938047528266907,1,1,0.9178407443163475
10655621,10,1,0.23364172875881195,7,7,1.4539664105957832
10655686,10,7,0.0367194227874279,5,15,3.3044494326500224
10655820,6,1,0.47978687286376953,5,5,0.7344132885511372
10656113,15,5,0.07162318378686905,1,12,2.636336461520126
10655727,12,1,0.31051400303840637,1,1,1.1695262802731483
10655845,17,10,0.04401770234107971,8,21,3.1231634000416233
10655874,8,5,0.06470275670289993,1,2,2.7379514709192767
10655625,16,2,0.14618384838104248,9,6,1.9228902139592625
10655821,7,4,0.15685898065567017,4,7,1.8524080896525568
10656114,16,3,0.12280545383691788,15,16,2.0971538519025428
10655844,16,5,0.07370921224355698,2,6,2.607627491077813
10655875,8,3,0.1868860125541687,6,4,1.6772564065177415
10655822,11,4,0.11450599879026413,5,6,2.1671280661788668
10656116,12,1,0.2148563414812088,2,2,1.5377856533428247
10655870,6,6,0.09873602539300919,2,7,2.3153054002226012
10656118,13,1,0.2770010530948639,1,1,1.2837339710155131
10656117,15,1,0.15067069232463837,13,13,1.892658669206122
10655577,11,2,0.19526740908622742,1,12,1.633385331183469
10655579,11,2,0.2843801975250244,4,2,1.2574432124328698
10655660,8,3,0.16983264684677124,2,5,1.772941757114746
10658913,8,1,0.39576590061187744,8,8,0.9269324026026827
10655578,10,3,0.13429571688175201,11,9,2.0077110681301487
10655664,10,2,0.23436878621578217,1,3,1.450859394754911
10658911,7,7,0.017301911488175392,5,8,4.056938292936069
10655663,11,1,0.3082691431045532,3,3,1.1767820363370014
10658908,8,4,0.13354186713695526,13,12,2.013340238794871
10659000,7,1,0.3605407476425171,1,1,1.0201502977361372
10658839,7,2,0.2027328759431839,4,5,1.5958660485266736
10658981,10,1,0.2118719220161438,1,1,1.5517733283103787
10655581,10,5,0.07910410314798355,5,8,2.536990532633736
10655659,8,5,0.06798256933689117,1,2,2.6885039399460333
10658848,11,4,0.12853191792964935,3,1,2.0515780169326105
10658909,6,2,0.2562565803527832,4,9,1.3615760694337344
10659006,11,1,0.6252976059913635,3,3,0.4695275729923157
10658843,11,5,0.09597112238407135,11,8,2.3437079412655093
10655582,10,5,0.05345922335982323,5,10,2.92883609587739
10658979,4,3,0.24715402722358704,4,3,1.3977435447085282
10655665,12,2,0.2135387659072876,4,8,1.5439368894596592
10658854,12,2,0.19470253586769104,5,6,1.6362823422014305
10658910,12,6,0.05732090398669243,13,17,2.859089905269127
10659002,11,4,0.07037463039159775,3,1,2.6539224445204757
10658840,11,3,0.23888874053955078,2,6,1.43175735619407
10655583,14,14,0.011101359501481056,3,14,4.500687700552713
10659024,7,4,0.16083459556102753,5,1,1.8273787988541623
10658980,5,5,0.12414699792861938,2,5,2.086288948322184
10655666,12,1,0.1669756919145584,4,4,1.789907034557742
10658849,11,6,0.0759291872382164,4,9,2.5779541199073117
10658912,14,7,0.06309431791305542,10,16,2.7631245624110843
10659001,13,8,0.023674769327044487,3,10,3.743345383271316
10658836,9,1,0.3447514474391937,1,1,1.0649315637992112
10659021,7,1,0.24764172732830048,4,4,1.395772225196732
10658975,11,3,0.16332198679447174,8,3,1.812031647563905
10655662,14,5,0.07909321039915085,8,5,2.53712824355443
10658850,15,1,0.22048257291316986,1,1,1.5119366216260126
10658915,9,3,0.15885277092456818,8,5,1.8397774747639306
10659007,9,4,0.11721611768007278,4,3,2.1437358884271123
10658837,10,10,0.015238066203892231,3,11,4.183958626283175
10659022,7,2,0.2638620138168335,2,6,1.3323289874142172
10658976,9,4,0.1277885138988495,7,2,2.057378616673613
10655667,8,3,0.1402118057012558,1,7,1.9646011017837341
10658853,12,7,0.046825289726257324,1,13,3.061331843244382
10658914,12,1,0.20895980298519135,8,8,1.565613375729549
10659004,13,3,0.12874791026115417,6,8,2.049898970551342
10658842,11,4,0.11716954410076141,8,6,2.144133298230856
10659023,8,4,0.15009693801403046,1,5,1.8964739401908333
10658977,11,7,0.0469268336892128,1,12,3.059165620252001
10655661,9,3,0.12158171832561493,8,7,2.1071686634696523
10658847,11,2,0.22374725341796875,6,4,1.4972381971294688
10658907,11,2,0.199351504445076,3,10,1.6126856584309246
10658999,11,3,0.14936059713363647,3,7,1.9013917818078367
10658841,12,2,0.18500466644763947,1,2,1.6873742301806387
10659018,11,5,0.06436144560575485,6,7,2.7432404958647907
10658978,8,3,0.14271339774131775,8,9,1.9469168714410623
10658838,12,2,0.17448779940605164,5,3,1.7459004572278238
10659005,13,1,0.17003770172595978,4,4,1.771735091661697
10659019,10,3,0.13127170503139496,1,3,2.0304860195150196
10659025,12,6,0.06481336802244186,4,3,2.736243400257513
10659020,13,6,0.04036172106862068,3,10,3.2098734414767582
10658810,7,4,0.12424629926681519,7,6,2.0854893990218843
10662594,12,2,0.19518625736236572,11,8,1.6338010103382754
10659035,6,6,0.03318576514720917,1,5,3.405634255630044
10662600,12,1,0.29577502608299255,10,10,1.2181561606571636
10658806,8,2,0.1694142371416092,3,4,1.775408455776191
10662598,12,5,0.10005379468202591,8,3,2.3020472908153065
10659029,7,1,0.4067949056625366,1,1,0.8994461378395948
10658809,12,2,0.230499267578125,3,4,1.4675075940857316
10659030,9,1,0.3642187714576721,2,2,1.0100005713977644
10662602,8,1,0.554534912109375,7,7,0.5896255127501228
10658811,11,2,0.22909101843833923,2,13,1.4736358939649417
10662592,11,1,0.32301872968673706,8,8,1.1300449707943963
10662603,12,10,0.030234310775995255,7,8,3.4987778810849908
10658807,7,6,0.04925261437892914,3,4,3.0107928289368115
10662596,11,9,0.03744293376803398,1,11,3.284937271253725
10659033,11,4,0.11317235976457596,7,2,2.1788433147188404
10662608,9,1,0.3744192123413086,1,1,0.9823792206810914
10658808,10,1,0.27170273661613464,6,6,1.3030466904027873
10662593,12,10,0.03822379931807518,9,11,3.264296938567468
10659032,11,1,0.3074702322483063,9,9,1.1793770021181034
10662607,14,5,0.08395197987556458,11,3,2.4775103117514012
10658804,10,1,0.2142230123281479,7,7,1.5407376929008647
10662590,12,8,0.027063054963946342,1,10,3.609585766678785
10659034,12,2,0.17863544821739197,1,2,1.7224081519730692
10662609,11,2,0.29014602303504944,1,3,1.2373709550220875
10658805,12,9,0.02341047301888466,3,13,3.75457179183618
10662597,12,2,0.17964377999305725,3,9,1.7167793889384604
10662595,11,4,0.09918497502803802,12,8,2.310768737573655
10662305,5,1,0.4452529847621918,2,2,0.8091126532701144
10662351,8,1,0.3884335458278656,2,2,0.9456331770158309
10659674,11,2,0.16178269684314728,9,4,1.8215012217133246
10662306,8,1,0.42085739970207214,7,7,0.865461220725005
10662636,9,4,0.06654632836580276,4,12,2.709856906725313
10662352,8,4,0.11988220363855362,1,7,2.121245654665972
10659669,12,1,0.30736902356147766,8,8,1.1797062221110897
10662299,7,2,0.24937868118286133,3,6,1.3887827298114268
10662637,10,5,0.07659518718719482,1,12,2.5692210346638826
10659673,9,5,0.13128435611724854,3,9,2.030389650870487
10662300,10,7,0.016413656994700432,5,9,4.109641547111252
10662631,11,4,0.10677102208137512,3,12,2.2370687180984437
10662354,9,2,0.2143816500902176,2,8,1.5399974407140653
10659670,10,2,0.1950138956308365,4,7,1.6346844633119229
10662303,8,3,0.1713283658027649,2,1,1.764173295984474
10662632,8,4,0.11247535049915314,4,3,2.1850211880192307
10662356,6,1,0.393075168132782,3,3,0.9337544178887345
10659750,12,2,0.14082039892673492,2,4,1.9602699670110912
10662301,10,4,0.10030125826597214,3,7,2.299577039068288
10662633,9,2,0.24439042806625366,1,4,1.408988217483362
10662355,12,5,0.08279507607221603,1,7,2.4913866870860577
10659751,12,1,0.18735401332378387,6,6,1.6747553324411397
10662304,11,3,0.09430316090583801,1,3,2.3612405702243486
10662634,11,4,0.10408708453178406,2,4,2.2625273789566003
10659671,10,2,0.16809000074863434,5,2,1.7832557242830633
10662302,11,3,0.10853426903486252,1,7,2.220689312230439
10662635,8,3,0.18207089602947235,4,5,1.7033591291323398
10659672,11,5,0.1399533897638321,9,11,1.9664458420647575
10672071,11,2,0.22437883913516998,2,1,1.4944194095342416
10672077,7,2,0.2263386994600296,4,2,1.485722731418128
10672074,8,1,0.3008321523666382,5,5,1.2012028031019804
10672073,11,3,0.10572341829538345,6,5,2.2469288562899195
10672078,6,5,0.09789367020130157,6,3,2.323873387293846
10672079,13,1,0.21759523451328278,3,3,1.5251186644548558
10672161,10,4,0.11283310502767563,2,11,2.181845498688363
10672131,9,1,0.32197555899620056,9,9,1.1332796400570708
10672114,10,1,0.2025424987077713,3,3,1.5968055442933713
10672076,11,1,0.303552508354187,4,4,1.1922006740427447
10672104,7,6,0.024809066206216812,5,3,3.696546119785344
10672164,8,7,0.057561200112104416,1,5,2.8549065474217334
10672137,7,7,0.061742763966321945,8,6,2.784778493072112
10672126,14,5,0.06989337503910065,10,12,2.6607844119293316
10672075,14,1,0.21008406579494476,4,4,1.5602475150594033
10672105,7,5,0.11105483770370483,8,2,2.1977311662973986
10672132,10,3,0.15729360282421112,11,2,1.849641138376739
10672127,13,7,0.020646030083298683,8,13,3.8802322258392152
10672072,12,10,0.05104364827275276,6,7,2.975074163801949
10672106,6,1,0.2560303807258606,4,4,1.362459166833468
10672157,12,1,0.14952629804611206,6,6,1.9002829949582019
10672133,8,2,0.323108434677124,8,1,1.1297673010231475
10672128,13,1,0.29576438665390015,5,5,1.2181921326612752
10672117,12,9,0.016764560714364052,4,13,4.08848810195039
10672301,13,1,0.22409166395664215,12,12,1.4957000967401965
10672107,7,3,0.19233275949954987,2,5,1.6485282846844669
10672158,11,7,0.08066069334745407,5,4,2.51750389364708
10672185,8,3,0.15496334433555603,4,1,1.8645666781883272
10672134,11,1,0.23826707899570465,11,11,1.4343630538304974
10672118,9,1,0.2610319256782532,3,3,1.343112558533665
10672123,13,1,0.37549710273742676,3,3,0.9795045235535816
10672296,8,1,0.27967357635498047,5,5,1.2741321546170448
10672109,9,8,0.0489150807261467,12,7,3.0176695307388988
10672188,7,1,0.2989429533481598,5,5,1.2075025152721863
10672162,9,1,0.21160458028316498,5,5,1.5530359332815777
10672135,6,1,0.35980191826820374,6,6,1.0222016259951925
10672112,9,5,0.07035025954246521,4,1,2.6542688061255566
10672124,12,10,0.022600771859288216,3,9,3.7897712202212492
10672110,11,5,0.05670301988720894,4,7,2.869927808869401
10672159,13,1,0.2818516194820404,1,1,1.2663745185706157
10672130,10,1,0.2125726044178009,2,2,1.5484716811243584
10672113,7,2,0.18548966944217682,8,3,1.6847560888240811
10672125,16,6,0.07416966557502747,8,9,2.6014000321419415
10672300,9,1,0.2328324317932129,4,4,1.4574362610013298
10672108,9,2,0.26981037855148315,5,15,1.3100358683742732
10672163,10,1,0.20992356538772583,17,17,1.56101178886357
10672136,9,6,0.11298494786024094,4,9,2.1805006739189694
10672129,11,6,0.09721602499485016,2,12,2.3308197149025203
10672303,9,1,0.3472101390361786,3,3,1.0578250943291796
10672189,6,1,0.45014140009880066,1,1,0.7981935231335247
10672298,10,5,0.08483061194419861,7,8,2.4670988114174577
10672184,8,1,0.1763957291841507,2,2,1.735025346676739
10672302,12,3,0.1457015722990036,3,4,1.9261947744939494
10672299,12,1,0.3079669773578644,7,7,1.1777627181272188
10675921,11,5,0.026992162689566612,5,4,3.6122087258713105
10675922,9,1,0.19611939787864685,5,5,1.629031632371843
10675923,10,1,0.2685225307941437,3,3,1.3148204549815348
10675918,7,1,0.24686747789382935,2,2,1.398903613081767
10675919,10,9,0.05071690306067467,4,9,2.9814960302466607
10675961,9,3,0.17747639119625092,3,7,1.7289176862579931
10675948,8,3,0.1720145344734192,8,5,1.7601763029864033
10676023,5,3,0.19164162874221802,5,8,1.6521281680353812
10675956,13,1,0.3117447793483734,13,13,1.1655704408384797
10675920,12,3,0.1377052366733551,1,5,1.9826398443892608
10675942,9,1,0.30786025524139404,1,1,1.1781093157178717
10675999,9,1,0.3270042836666107,6,6,1.1177820082727945
10676024,7,4,0.16022293269634247,5,3,1.8311891041787982
10675957,9,3,0.15239396691322327,8,3,1.8812862236967587
10675924,7,7,0.03389286249876022,6,5,3.384550832522888
10676003,8,1,0.3166629374027252,5,5,1.1499173597479782
10676025,5,3,0.2543993890285492,6,1,1.3688498491363918
10675958,10,3,0.12177955359220505,4,1,2.105542806498976
10675926,11,1,0.2603895962238312,3,3,1.3455763225033515
10675944,7,1,0.4915201961994171,4,4,0.710252249294228
10676005,10,2,0.21652257442474365,1,6,1.5300604671150688
10673097,8,1,0.5806012749671936,8,8,0.5436910314463893
10676026,7,1,0.32997027039527893,5,5,1.108752718291209
10675962,9,3,0.18011493980884552,8,2,1.714160077387512
10676000,10,5,0.1080356240272522,9,6,2.225294254142976
10675945,12,2,0.23223648965358734,9,11,1.459999074547121
10673098,10,1,0.3642430901527405,7,7,1.0099338041547308
10676027,6,1,0.377848744392395,12,12,0.9732613105528336
10675963,8,2,0.1807522177696228,2,7,1.7106281482004297
10676001,12,3,0.10060491412878036,9,4,2.296554174310921
10673099,12,1,0.2918509542942047,11,11,1.2315120375271476
10675946,8,1,0.3649219274520874,4,4,1.0080718456704967
10676021,6,4,0.15122899413108826,3,7,1.8889600734940821
10675998,11,1,0.20325618982315063,1,1,1.5932880767834945
10675959,14,5,0.09373997151851654,5,3,2.3672305903225226
10675947,8,5,0.09279028326272964,2,10,2.3774133508926467
10676002,10,4,0.13712826371192932,4,5,1.986838559671409
10676022,6,5,0.09922557324171066,4,5,2.310359503139364
10675960,7,7,0.014948557130992413,7,11,4.203140496780215
10673101,10,1,0.3017771542072296,4,4,1.1980664339655178
10673094,10,3,0.16358938813209534,3,1,1.8103957216355409
10673095,12,1,0.2400483340024948,7,7,1.4269149842396656
10673102,13,7,0.028101861476898193,2,12,3.571919460107049
10675933,13,6,0.0733247697353363,1,2,2.6128568044530955
10675934,10,2,0.24300912022590637,10,1,1.4146563045520353
10680340,12,2,0.231429323554039,9,8,1.4634807498914417
10675935,8,2,0.26252031326293945,1,7,1.337426816085618
10680493,10,3,0.12139610201120377,4,11,2.108696509511411
10680332,7,2,0.2277347296476364,10,9,1.479573793837966
10680343,10,1,0.29174405336380005,5,5,1.2318783906665594
10675936,8,6,0.05985409393906593,7,9,2.815845445991475
10680457,9,3,0.1679794192314148,6,4,1.7839138116580884
10680494,9,3,0.1754579097032547,2,1,1.7403560955908957
10680327,7,1,0.305429607629776,3,3,1.186035943844355
10680344,10,1,0.3250102996826172,1,1,1.1238984058234294
10680458,10,2,0.1567385196685791,8,9,1.8531763419051501
10675938,10,1,0.24784167110919952,2,2,1.394965159642639
10680490,10,1,0.38531696796417236,5,5,0.9536889900010425
10680450,10,2,0.19645223021507263,6,2,1.627335980458384
10680341,9,4,0.1284908503293991,3,8,2.0518975808442272
10675939,12,5,0.0907706618309021,7,10,2.399419153174577
10680491,9,1,0.3428880274295807,8,8,1.0703513357554295
10680331,11,1,0.29509422183036804,6,6,1.2204605776032267
10680337,7,3,0.1599678248167038,6,1,1.832782578866201
10675937,14,1,0.16416023671627045,12,12,1.8069122750156938
10680487,14,3,0.13560938835144043,4,1,1.9979766702424258
10680456,11,1,0.1360933631658554,4,4,1.9944141349086288
10680328,10,1,0.3112183213233948,4,4,1.1672606152637008
10680339,9,4,0.10333572328090668,4,8,2.2697721419136117
10680453,10,8,0.04392281547188759,10,6,3.125321379284296
10680488,10,2,0.20532402396202087,7,8,1.5831659429918192
10680329,12,3,0.12756015360355377,10,2,2.059167232673917
10680338,11,4,0.08513756096363068,8,7,2.463486966354106
10680454,9,2,0.1466587781906128,1,8,1.919646627248412
10680489,12,2,0.18420720100402832,2,9,1.6916940625264238
10680330,11,2,0.20617586374282837,9,3,1.5790257669040706
10680451,10,4,0.10168031603097916,2,5,2.285921544011953
10680342,12,2,0.19930236041545868,6,2,1.6129322083038748
10680492,13,1,0.22605694830417633,16,16,1.4869683278056
10680455,10,1,0.1976463794708252,2,2,1.6212758072881925
10680326,9,3,0.17108631134033203,3,8,1.7655871051399212
10680345,12,7,0.08538799732923508,15,10,2.4605497345612735
10676142,12,2,0.24171070754528046,7,1,1.4200136912805188
10676143,12,3,0.1310843974351883,1,2,2.031913907993849
10676144,11,1,0.28844648599624634,1,1,1.2432457007204183
10676140,12,1,0.30153754353523254,9,9,1.1988607480622633
10676141,14,1,0.21486803889274597,5,5,1.5377312118818591
10680308,9,2,0.19238100945949554,9,7,1.6482774490550107
10680284,7,2,0.23504410684108734,4,7,1.4479820937638177
10680309,10,7,0.07722581923007965,6,3,2.5610214318805107
10680289,6,5,0.10602258890867233,1,6,2.244103104661267
10680303,7,4,0.12333743274211884,3,1,2.0928313241147496
10680285,5,1,0.3072415590286255,1,1,1.180121003562273
10684300,9,3,0.12609624862670898,11,8,2.070709785647205
10680304,10,2,0.13499966263771057,2,10,2.0024829995267517
10680414,8,1,0.26363494992256165,2,2,1.333189898183017
10680286,7,5,0.09396019577980042,2,6,2.364884035543102
10684304,6,1,0.3054775297641754,8,8,1.1858790554023502
10680466,10,2,0.17283691465854645,6,2,1.7554068189308547
10684273,8,2,0.24410662055015564,1,2,1.4101501796644393
10680355,7,2,0.21199674904346466,5,1,1.5511843391283406
10680305,11,5,0.09899173676967621,9,10,2.3127188993040764
10680501,10,1,0.22640979290008545,3,3,1.4854086787295389
10680411,9,2,0.23041826486587524,8,4,1.4678590787109929
10680464,12,1,0.24915693700313568,4,4,1.389672311964677
10684305,9,1,0.6387649178504944,4,4,0.4482187829807853
10680290,6,3,0.14162935316562653,1,4,1.9545418228380218
10684275,10,4,0.10099513828754425,4,2,2.2926828990663295
10680357,12,1,0.2935538589954376,5,5,1.2256941506021661
10680302,7,1,0.295459508895874,2,2,1.2192234772579504
10680499,5,2,0.25384268164634705,4,1,1.371040567445527
10680408,10,3,0.12695083022117615,3,11,2.0639554311035138
10684230,7,1,0.43261972069740295,5,5,0.8378961800542135
10680465,10,2,0.20288409292697906,1,5,1.595120433809311
10684298,9,1,0.28015032410621643,1,1,1.2724289480690802
10680287,12,4,0.09633570909500122,1,2,2.339916217956088
10684277,8,2,0.2073407620191574,1,7,1.5733916458785422
10680358,7,7,0.08607065677642822,3,6,2.4525867296257102
10680306,9,3,0.15904295444488525,3,2,1.8385809595054399
10684221,11,4,0.11442289501428604,1,4,2.167854088816266
10680506,10,2,0.12457693368196487,1,5,2.082831812703832
10684231,8,1,0.5306301116943359,5,5,0.6336900886167095
10680470,8,2,0.1695156842470169,1,2,1.7748098240117152
10680444,7,1,0.38559457659721375,1,1,0.952968781185908
10684301,11,6,0.06675677001476288,7,9,2.706699563402647
10680291,10,1,0.22813475131988525,3,3,1.4778188100471188
10684276,8,1,0.28934594988822937,4,4,1.240132248336114
10680351,8,3,0.13268715143203735,2,5,2.0197611665062873
10680307,13,7,0.032259952276945114,1,11,3.4339286856121105
10684222,10,3,0.1364978849887848,3,5,1.9914461590648223
10680503,7,5,0.1042804941534996,4,7,2.2606709512101926
10680412,9,2,0.2474195659160614,3,4,1.3966697359905822
10684232,12,1,0.34943628311157227,1,1,1.0514340426221636
10680468,12,6,0.0864415094256401,12,9,2.4482872853760598
10680445,11,3,0.1847408413887024,6,1,1.6888012933801588
10684303,7,7,0.03528578579425812,5,2,3.3442750648536044
10680288,14,10,0.020577164366841316,6,13,3.883573343937347
10684270,7,7,0.05035335570573807,3,2,2.9886900144567274
10680359,11,5,0.07014603912830353,4,3,2.6571759369172283
10684223,10,2,0.17216338217258453,8,1,1.7593113566824936
10680504,11,2,0.17859826982021332,6,4,1.7226162980434745
10684256,6,2,0.20307542383670807,3,4,1.5941778229528345
10680413,6,3,0.17656660079956055,5,11,1.7340571321436684
10684233,7,3,0.1516953706741333,1,6,1.8858809094140918
10680467,10,8,0.07158232480287552,1,10,2.63690709578559
10680441,10,1,0.35418522357940674,4,4,1.0379352722353836
10684306,12,1,0.36995354294776917,2,2,0.9943778408277574
10684271,11,4,0.12387639284133911,2,4,2.08847104246915
10680754,9,2,0.2780812680721283,1,10,1.2798418768172322
10680350,8,1,0.27827006578445435,1,1,1.279163177196744
10684224,10,2,0.15954993665218353,2,10,1.8353983232984927
10680505,12,1,0.26625150442123413,3,3,1.3233139115660746
10680814,13,8,0.06037041172385216,8,9,2.8072561661895685
10680409,12,1,0.16945557296276093,5,5,1.7751644929319115
10684234,13,8,0.042168743908405304,2,14,3.166075998046108
10680471,11,1,0.17413103580474854,8,8,1.7479471838519334
10680442,10,1,0.3042626976966858,2,2,1.1898638135673265
10684302,10,2,0.15687954425811768,9,11,1.8522770021332118
10680749,8,3,0.09966986626386642,3,4,2.3058918917929128
10684272,12,1,0.19625966250896454,1,1,1.6283166878171882
10680352,11,11,0.02159789763391018,15,13,3.835159300792479
10684225,11,5,0.11151184886693954,4,1,2.1936244258630646
10680508,11,8,0.048610787838697433,2,10,3.023909800718167
10684253,8,8,0.05478436499834061,8,5,2.9043504359861387
10680809,12,2,0.14306646585464478,8,6,1.944445960520191
10680410,13,5,0.09574597328901291,9,1,2.3460567062285356
10684235,12,1,0.21162717044353485,7,7,1.5529291824985727
10680469,11,2,0.2352912873029709,6,3,1.4469310119710477
10680443,11,1,0.3229214549064636,2,2,1.1303461589951893
10684299,9,3,0.1354988068342209,5,12,1.998792444352658
10680748,5,5,0.040188051760196686,3,6,3.2141855474313537
10684274,10,5,0.12879498302936554,10,8,2.049533417705879
10680354,9,4,0.1072603091597557,2,5,2.2324966030918167
10684226,11,5,0.10166128724813461,2,1,2.286108704756171
10680500,10,9,0.023572372272610664,3,6,3.7476799191305563
10684254,7,2,0.25876715779304504,1,2,1.3518266262897045
10680415,9,2,0.15808598697185516,9,5,1.844616172649042
10680472,11,1,0.23840375244617462,9,9,1.4337896037882454
10680446,12,6,0.08067598938941956,11,12,2.5173142772281496
10680750,9,1,0.32219573855400085,8,8,1.1325960344161115
10680356,11,8,0.05036957561969757,4,6,2.9883679445192017
10684255,10,2,0.1819612979888916,4,12,1.7039612629309047
10680815,13,4,0.10735860466957092,2,3,2.2315806025871607
10680752,10,2,0.24068135023117065,7,4,1.4242814185777042
10684249,10,3,0.15048719942569733,2,1,1.893877252060325
10680811,12,2,0.15599074959754944,9,8,1.8579585709423696
10680751,12,3,0.15584193170070648,6,2,1.858913043754657
10684250,9,2,0.19299879670143127,1,6,1.6450713248042974
10680816,16,7,0.053616393357515335,13,10,2.925900411444501
10680753,13,8,0.03699369356036186,5,9,3.29700782517974
10684251,9,4,0.12779195606708527,4,3,2.0573516805917094
10680812,15,3,0.18225079774856567,10,9,1.7023715308817386
10680250,10,1,0.21861739456653595,4,4,1.5204321338229223
10680265,6,1,0.26691409945487976,1,1,1.320828397234533
10680377,7,1,0.481239378452301,5,5,0.731390464372171
10680246,8,4,0.14102545380592346,4,3,1.9588148814500996
10680260,6,2,0.16747376322746277,2,6,1.7869285774339256
10680378,9,1,0.30154260993003845,7,7,1.198843946332752
10680247,8,3,0.14595390856266022,1,3,1.9244644018921866
10684193,12,3,0.0460200235247612,1,12,3.0786786831894504
10680261,7,1,0.2354273498058319,1,1,1.4463529065130352
10694904,8,4,0.1159631758928299,4,6,2.154482587473178
10684334,11,3,0.14624321460723877,1,4,1.9224841897944318
10680523,7,1,0.3232274651527405,5,5,1.1293989771315194
10680382,10,7,0.10758168995380402,3,9,2.2295048134501974
10680248,7,2,0.17193220555782318,5,6,1.7606550336012705
10684177,10,5,0.12110660970211029,7,10,2.111084049383154
10684197,9,4,0.12191362679004669,3,6,2.104442462113804
10680262,5,2,0.36512717604637146,5,1,1.0075095585621139
10680524,5,4,0.10806760936975479,4,5,2.2249982350392044
10680381,9,2,0.19981816411018372,8,2,1.6103475054374996
10680244,9,2,0.14444054663181305,6,4,1.934887298089505
10684178,11,7,0.019112247973680496,3,11,3.957425894279275
10684366,10,3,0.16165083646774292,6,10,1.8223166002633473
10694905,6,1,0.32226574420928955,1,1,1.1323787812289576
10684191,10,4,0.11033403128385544,8,2,2.204242866457644
10680263,5,4,0.17856892943382263,1,4,1.72278059300963
10694906,6,2,0.24889594316482544,3,9,1.3907203687979688
10684337,13,1,0.2743425667285919,4,4,1.2933777099626962
10680525,6,1,0.3768618702888489,3,3,0.9758765504787709
10684212,10,2,0.24246855080127716,8,11,1.4168832644321532
10680383,10,3,0.13765014708042145,1,5,1.9830399788839466
10684179,12,1,0.25721922516822815,4,4,1.3578265414797024
10680249,8,3,0.13521666824817657,1,6,2.000876837113056
10684369,4,2,0.25419825315475464,2,1,1.3696407921829103
10680264,8,7,0.06513675302267075,3,2,2.7312663265128734
10684192,9,1,0.218768909573555,1,1,1.5197393137156374
10680527,5,2,0.33302637934684753,3,1,1.0995335748814141
10694914,4,1,0.3851143717765808,4,4,0.954214919261214
10684335,13,3,0.1369355320930481,2,1,1.988245032570074
10684213,10,7,0.0673479288816452,8,4,2.6978831281703153
10680251,12,1,0.3284904360771179,1,1,1.1132475554017836
10680379,12,2,0.1403280794620514,9,5,1.963772173181402
10684370,10,1,0.25439050793647766,8,8,1.3688847597827134
10684194,12,1,0.6182153224945068,4,4,0.48091846393209764
10680526,6,6,0.06135861575603485,3,5,2.7910196815642583
10694915,8,5,0.13419443368911743,10,8,2.008465533031178
10684338,9,2,0.18672598898410797,10,1,1.6781130362790313
10684207,9,1,0.25076842308044434,1,1,1.3832253829329613
10680384,12,1,0.22015120089054108,2,2,1.5134406919211159
10684181,12,1,0.3908611238002777,2,2,0.9394029641853484
10684463,6,1,0.46736299991607666,4,4,0.7606490215082987
10680528,5,1,0.337520569562912,1,1,1.086128823673664
10684195,9,3,0.1871325671672821,3,2,1.6759379979562712
10694916,6,5,0.15616443753242493,12,9,1.8568457401456309
10684332,11,3,0.16322457790374756,2,3,1.812628247890743
10684208,11,4,0.10109921544790268,8,3,2.291652913145043
10680380,10,1,0.3281777501106262,1,1,1.1141998963152049
10680817,10,1,0.3876834213733673,1,1,0.9475661967017099
10684175,11,1,0.24507850408554077,10,10,1.4061766949235432
10680521,6,3,0.17707720398902893,2,4,1.7311694607784924
10684364,7,5,0.13762694597244263,8,10,1.9832085443666496
10684464,8,1,0.25063416361808777,8,8,1.3837609185250266
10684196,12,2,0.1688263863325119,4,5,1.7788843919007966
10694903,6,1,0.3184334933757782,7,7,1.1443416377811573
10684336,10,1,0.39764222502708435,9,9,0.9222026100722053
10684209,9,8,0.07975202053785324,6,7,2.5288332017402855
10680818,8,2,0.21214082837104797,3,5,1.5505049400804958
10684176,10,9,0.039955656975507736,4,12,3.2199850154049536
10680522,5,4,0.14379003643989563,1,5,1.9394011237181115
10684365,5,2,0.23523442447185516,4,1,1.4471727111172137
10684465,10,2,0.1967063546180725,1,2,1.6260432479672553
