race_id,field_size,winner_rank,winner_probability,predicted_runner_number,winner_runner_number,race_logloss
10146908,7,3,0.13583943247795105,1,4,1.9962817342992123
10146774,13,3,0.11274787038564682,4,8,2.1826011887099077
10147275,7,2,0.17247648537158966,1,8,1.7574943684891233
10146842,8,5,0.11940915882587433,4,5,2.125199373881099
10146777,12,2,0.22040428221225739,2,1,1.5122917726169085
10147277,7,4,0.08783628791570663,8,7,2.4322805617255976
10146901,6,1,0.374372273683548,2,2,0.9825045924533355
10150557,6,4,0.1584407091140747,6,7,1.8423748306383692
10146843,11,3,0.16362546384334564,4,2,1.8101752199610068
10150516,8,5,0.08505183458328247,3,7,2.4644943897287885
10147270,6,4,0.15320488810539246,6,2,1.8759791154914915
10150498,6,2,0.1960504949092865,2,7,1.629383025843583
10146907,8,3,0.19982348382472992,2,3,1.6103208830142661
10150774,10,3,0.15888267755508423,3,10,1.8395892261391864
10150558,12,5,0.07272547483444214,4,6,2.6210635454445703
10146836,7,1,0.25064319372177124,6,6,1.383724890152501
10150518,13,1,0.33054953813552856,2,2,1.106998742464066
10146780,11,9,0.03376905620098114,4,17,3.388210392828892
10147276,11,1,0.24220621585845947,12,12,1.4179657840369748
10150501,5,1,0.3839757442474365,3,3,0.9571758944117681
10146904,9,1,0.23634380102157593,4,4,1.442467750047181
10150775,7,3,0.1468108743429184,6,1,1.9186100896397675
10150562,9,1,0.20817123353481293,3,3,1.5693942998073438
10150914,5,1,0.4051630198955536,2,2,0.9034657746037146
10146837,10,2,0.23153558373451233,12,7,1.463021707831595
10150512,13,5,0.07521865516901016,14,5,2.5873560047356374
10146772,9,8,0.03133086860179901,10,15,3.4631514501189447
10147273,7,7,0.05974779650568962,8,10,2.817622967416412
10146905,10,3,0.13960932195186615,2,1,1.9689073147237939
10150776,4,1,0.3903667628765106,4,4,0.9406685641419926
10150561,8,4,0.1571372002363205,7,5,1.8506359683950921
10150915,5,5,0.11524272710084915,6,2,2.1607147045122352
10146835,6,1,0.34191828966140747,4,4,1.073183489583943
10146775,9,1,0.2243812531232834,2,2,1.4944086510547998
10147456,6,1,0.2944566011428833,6,6,1.2226236512900108
10147271,9,1,0.24817706644535065,2,2,1.3936128099756877
10150499,7,1,0.3103991150856018,2,2,1.1698963415611519
10146974,8,4,0.05942036956548691,5,3,2.8231181894199464
10146903,8,2,0.2181398868560791,6,2,1.5226187391573918
10150777,8,1,0.28052979707717896,4,4,1.2710753312220864
10150559,10,9,0.03516045957803726,7,2,3.3478331352028827
10150918,10,1,0.308476984500885,4,4,1.1761080429549702
10146839,9,3,0.15884368121623993,3,2,1.8398346973628579
10150514,14,1,0.27018463611602783,11,11,1.3086497162272925
10146779,6,1,0.24524825811386108,3,3,1.4054842830537893
10147455,10,3,0.12781302630901337,6,3,2.057186814932363
10147272,9,2,0.15140575170516968,4,1,1.887791948573779
10150500,6,3,0.20136843621730804,5,1,1.6026190328402659
10146975,8,2,0.2499423772096634,2,1,1.3865248788484072
10146900,8,1,0.2080289125442505,4,4,1.5700782063241987
10150773,8,4,0.12998375296592712,1,5,2.0403458135220296
10150563,9,5,0.11136540025472641,4,2,2.194938589905083
10150916,8,5,0.13143905997276306,6,9,2.029211957037957
10146841,13,6,0.051231615245342255,15,4,2.971398452241664
10150515,9,1,0.41269463300704956,5,5,0.8850473468949082
10146773,10,1,0.2728852927684784,7,7,1.2987037451038272
10147458,12,1,0.25956958532333374,10,10,1.348730460787386
10147269,10,7,0.08139312267303467,6,9,2.5084644975892156
10150496,9,3,0.20597019791603088,7,1,1.5800237909688444
10146906,11,1,0.3880317211151123,2,2,0.946668187249338
10150560,6,1,0.372967928647995,2,2,0.986262845211958
10150920,6,2,0.218649759888649,4,8,1.520284099277714
10146840,14,2,0.11848083138465881,14,4,2.133004091958601
10150517,14,1,0.1745488941669464,14,14,1.745550380788047
10146776,10,1,0.1884240359067917,4,4,1.6690603458543005
10150544,10,5,0.0902804434299469,7,9,2.4048344153263566
10150497,7,1,0.30949658155441284,5,5,1.1728082319769233
10147460,11,1,0.2033834606409073,1,1,1.5926621131236933
10146978,9,3,0.14719755947589874,8,5,1.9159796524722321
10147274,9,4,0.12971241772174835,7,2,2.0424354503633757
10146902,10,6,0.07137364894151688,1,10,2.639826540200644
10150556,9,1,0.19689619541168213,7,7,1.625078615963138
10150917,10,1,0.18936467170715332,4,4,1.6640806430459145
10146838,14,3,0.12622979283332825,1,3,2.069651280402836
10146771,10,8,0.040286507457494736,14,8,3.211738668631939
10150545,7,3,0.16179896891117096,1,2,1.821400646991333
10146979,5,1,0.36019793152809143,3,3,1.0211015888217576
10147457,10,2,0.24080374836921692,5,6,1.4237729993512789
10147278,12,2,0.1680336445569992,15,8,1.7835910544090472
10150919,5,1,0.4312228858470917,9,9,0.8411301860112308
10150543,10,3,0.20151236653327942,1,2,1.6019045271050114
10146977,7,5,0.10763067752122879,3,2,2.2290495648151345
10147459,12,4,0.11353115737438202,6,4,2.1756779654211034
10150539,10,7,0.09190865606069565,4,15,2.386960064059407
10147452,14,1,0.22277429699897766,9,9,1.5015961411432415
10150540,7,7,0.08448030799627304,3,4,2.4712368132416147
10147454,16,1,0.23215407133102417,3,3,1.4603540271682671
10150541,10,4,0.14161810278892517,9,3,1.95462126133938
10147453,12,2,0.16510020196437836,12,4,1.8012027047716523
10150542,5,3,0.18254601955413818,3,8,1.7007529758065862
10168663,8,3,0.14438697695732117,8,6,1.9352582438666974
10168658,10,3,0.15536564588546753,8,9,1.861973934436017
10168659,14,1,0.27708664536476135,3,3,1.2834250225554906
10168666,11,8,0.06269336491823196,9,10,2.7694996596186026
10168661,14,13,0.0336066372692585,1,15,3.393031693745445
10172223,5,2,0.22779326140880585,2,1,1.47931680957952
10172322,7,1,0.373831182718277,3,3,0.983950966577837
10172358,11,3,0.12157168239355087,9,5,2.1072512116227116
10168664,8,6,0.07389461249113083,2,5,2.605115356376569
10172222,9,3,0.16651365160942078,6,2,1.7926779812745972
10172325,11,4,0.10288553684949875,9,10,2.2741382014194262
10172357,14,3,0.10802482068538666,6,7,2.225394257101767
10172216,7,5,0.14677682518959045,4,6,1.9188420418198815
10168665,10,5,0.09859215468168259,4,8,2.3167635876620736
10172324,11,1,0.30133354663848877,4,4,1.1995374993872296
10172337,6,4,0.11995211988687515,4,2,2.1206626167648546
10172224,4,1,0.4437806010246277,3,3,0.8124249805146478
10168660,13,1,0.13981910049915314,2,2,1.9674058311963973
10172320,14,2,0.2820214033126831,11,14,1.2657723126522256
10172353,13,9,0.021583015099167824,7,14,3.835848611619401
10172338,5,1,0.27962860465049744,3,3,1.274292968238401
10172218,8,2,0.2332596629858017,6,2,1.4556030125209214
10172326,12,8,0.021429499611258507,3,9,3.842986819687207
10172356,8,1,0.2954646050930023,8,8,1.2192062290292598
10172340,8,1,0.24606472253799438,3,3,1.4021606779064988
10172219,8,1,0.3480919599533081,3,3,1.055288581376877
10172321,11,1,0.27291905879974365,11,11,1.298580015671435
10172361,10,7,0.08070574700832367,8,3,2.5169454917644956
10172339,11,1,0.244559183716774,1,1,1.408297939167747
10172217,7,3,0.1421518474817276,1,6,1.9508594442637979
10172323,11,11,0.024631917476654053,3,7,3.7037122186150606
10172355,10,3,0.16442549228668213,5,8,1.8052977458099562
10172343,13,1,0.184748113155365,6,6,1.6887619321674672
10172220,9,3,0.14452452957630157,5,4,1.9343060309830769
10172327,12,1,0.17192266881465912,10,10,1.7607105031838026
10169065,6,5,0.056523993611335754,2,6,2.8730900652873363
10172359,8,1,0.28023314476013184,4,4,1.272133362424179
10172342,7,1,0.42118948698043823,5,5,0.864672458719384
10172221,11,7,0.07101890444755554,1,4,2.6448091775569518
10172293,7,5,0.10802103579044342,6,3,2.225429294986829
10169066,7,1,0.2299843728542328,2,2,1.4697439164792787
10168822,9,2,0.17222772538661957,3,10,1.7589376930577867
10172281,5,2,0.3217935860157013,1,5,1.1338449762082545
10172344,12,1,0.3275124430656433,9,9,1.1162292305350203
10172294,7,6,0.10639666020870209,1,6,2.2405810915831963
10169067,7,4,0.12292735278606415,2,6,2.0961617258545773
10172283,5,1,0.3362320065498352,2,2,1.0899538616173619
10172341,12,9,0.04592717066407204,2,13,3.080698383585357
10172295,9,1,0.2725471556186676,1,1,1.2999436317080415
10169068,8,2,0.22954338788986206,1,2,1.471663213363663
10168820,14,3,0.10221488028764725,9,3,2.2806780121277015
10172282,8,5,0.1329536736011505,1,10,2.0177545302258046
10172296,6,1,0.22092176973819733,9,9,1.5099466232162655
10169069,8,1,0.24262595176696777,2,2,1.4162343147104755
10172285,6,4,0.14803937077522278,1,2,1.910277021843231
10172297,8,4,0.1335679441690445,10,9,2.013144985523981
10169063,9,1,0.28107428550720215,5,5,1.2691362833500706
10168821,7,1,0.47397518157958984,1,1,0.7466003181945993
10172284,7,5,0.131239652633667,5,2,2.0307302176950324
10172291,7,5,0.08438068628311157,1,7,2.4724167390752223
10169064,11,1,0.19282527267932892,1,1,1.6459708230345693
10168823,10,2,0.1871872842311859,1,5,1.6756456433611884
10172286,6,4,0.12196766585111618,1,4,2.103999303383844
10172292,7,5,0.055229052901268005,11,1,2.8962661434820887
10168825,11,4,0.09720064699649811,1,4,2.330977911195324
10172280,7,2,0.18018214404582977,8,6,1.7137870283633865
10168818,10,6,0.04908066987991333,7,6,3.014290010497579
10172151,5,3,0.21606428921222687,6,5,1.5321792803407628
10172117,9,4,0.1143236756324768,1,10,2.1687215937388635
10172152,7,1,0.4546986520290375,7,7,0.7881203826837444
10172155,8,1,0.18281687796115875,4,4,1.6992702940209827
10172121,15,5,0.09275859594345093,3,11,2.377754903153402
10172156,9,6,0.1108960211277008,1,7,2.199162263288376
10172119,12,1,0.23629796504974365,8,8,1.4426617065498277
10172306,9,7,0.07886679470539093,4,11,2.5399949926238765
10172475,7,2,0.18663421273231506,4,1,1.6786046593991146
10172318,8,1,0.3167493939399719,6,6,1.1496443731529735
10172149,11,2,0.19580170512199402,5,4,1.630652840435423
10172298,7,1,0.26972633600234985,3,3,1.3103474043552212
10172118,12,3,0.15215294063091278,2,1,1.8828690756427975
10172234,6,3,0.1919976770877838,2,1,1.650272005528669
10172478,5,3,0.19226016104221344,4,1,1.6489058187175762
10172316,13,2,0.16669927537441254,15,11,1.7915638361189845
10172374,7,1,0.3004983961582184,6,6,1.2023128622649835
10172153,8,2,0.15087571740150452,1,9,1.8912988446361967
10176190,8,5,0.11878208070993423,2,7,2.1304647192054165
10172303,7,3,0.18682223558425903,4,3,1.6775977260944248
10172116,11,7,0.07304860651493073,5,8,2.616630216738342
10172232,8,4,0.13060691952705383,7,9,2.03556308094721
10172480,5,3,0.1835966408252716,2,5,1.695014097121775
10176065,10,7,0.03606845438480377,8,3,3.3223366354199557
10172365,7,2,0.18266944587230682,1,4,1.7000770661885556
10172150,9,3,0.13279254734516144,1,4,2.0189671629034
10176191,6,1,0.4478505551815033,2,2,0.8032956844022096
10168710,4,1,0.5492934584617615,1,1,0.5991224475670959
10172305,13,2,0.12122032791376114,3,4,2.1101454973499596
10176082,5,1,0.467555969953537,6,6,0.7602362155937337
10172122,18,9,0.05432475730776787,8,6,2.9127752202630073
10176202,15,3,0.11959205567836761,2,15,2.1236688637656997
10172236,9,5,0.07375449687242508,2,8,2.6070133110797227
10172473,6,2,0.27978402376174927,5,3,1.273737317159548
10176060,9,2,0.2911863327026367,6,5,1.2337918981613456
10176045,6,3,0.1592862755060196,6,3,1.8370522207932614
10172154,12,2,0.1396506428718567,1,3,1.9686113831510874
10176195,5,1,0.41285255551338196,8,8,0.8846647582059642
10168711,4,3,0.2887040972709656,2,1,1.242353000273444
10172304,9,1,0.2768746614456177,1,1,1.2841903609532628
10176084,8,1,0.3540107011795044,2,2,1.0384281369846253
10172115,17,1,0.2187415510416031,1,1,1.5198643783001462
10176199,9,3,0.16406430304050446,1,6,1.8074968362954134
10172474,5,3,0.2667938768863678,3,4,1.3212789154050486
10176061,10,1,0.19540435075759888,3,3,1.6326842737175549
10172314,9,1,0.19878941774368286,2,2,1.6155092168420446
10176041,7,1,0.4337407648563385,5,5,0.8353082393452236
10172366,12,2,0.17245976626873016,1,11,1.7575913087370276
10176192,6,3,0.22938469052314758,4,3,1.4723548135533433
10168712,7,5,0.14172926545143127,3,6,1.953836622548488
10172301,9,2,0.17161263525485992,4,9,1.7625154626176511
10176083,9,4,0.13285300135612488,1,10,2.0185120149643314
10172114,12,7,0.06122014671564102,5,14,2.7932789489365266
10176200,14,1,0.4059400260448456,1,1,0.901549849393311
10172228,9,1,0.43173497915267944,1,1,0.839943353173922
10172479,4,2,0.19696898758411407,4,1,1.6247089860674104
10176062,10,2,0.1734624207019806,6,1,1.751794298433023
10172310,9,1,0.21635286509990692,3,3,1.5308445695059
10172663,8,1,0.2943594455718994,4,4,1.2229536544290476
10176042,10,4,0.06658568233251572,6,3,2.709265704539561
10172372,8,1,0.2660215497016907,1,1,1.3241779595657577
10176194,6,2,0.2482960969209671,7,4,1.3931333057983015
10172307,8,1,0.188442200422287,1,1,1.6689639481738592
10176085,11,4,0.13141503930091858,3,4,2.0293947251361355
10176198,10,2,0.15016137063503265,1,9,1.8960447589150102
10172230,11,6,0.05881727859377861,1,10,2.8333196136083885
10172476,4,1,0.279449999332428,1,1,1.2749318956553082
10176063,10,3,0.13588471710681915,8,4,1.9959484210522553
10172312,14,3,0.1003461480140686,6,14,2.299129589986561
10172671,9,1,0.24289432168006897,5,5,1.4151288204392374
10176043,10,1,0.21695943176746368,1,1,1.52804489329943
10172371,11,2,0.1562090814113617,4,3,1.8565599036291958
10176196,6,3,0.2104092389345169,4,10,1.5587008877969277
10168707,8,2,0.19911745190620422,3,1,1.6138604177794678
10172302,16,6,0.04660990089178085,3,12,3.0659422949292727
10176086,11,9,0.03500194102525711,7,9,3.352351761165965
10172608,8,3,0.1672779768705368,2,3,1.7880983182047612
10176204,8,3,0.1154874637722969,8,1,2.1585932936790395
10172235,15,12,0.045675307512283325,14,13,3.08619744412369
10172477,5,5,0.09830539673566818,2,3,2.319676352667964
10176064,10,1,0.3176412284374237,2,2,1.1468327455736627
10172313,7,1,0.2136119157075882,7,7,1.5435943883041459
10172664,14,2,0.13822108507156372,1,3,1.978900810027291
10176044,9,2,0.18107876181602478,6,12,1.70882319421098
10172370,10,1,0.2299450784921646,12,12,1.4699147877381153
10168708,10,9,0.049437958747148514,2,9,3.0070367541618226
10176193,6,4,0.07833661139011383,3,5,2.546740206848303
10172299,13,4,0.10810957849025726,13,3,2.2246099505819474
10176080,12,7,0.0891369879245758,12,14,2.417580902425304
10172611,5,3,0.17998430132865906,2,4,1.714885646736145
10176203,8,3,0.1916884481906891,4,8,1.6518838905757125
10172233,11,11,0.028229868039488792,12,11,3.567374711205568
10176066,10,9,0.028220364823937416,5,8,3.5677114047906637
10172319,9,5,0.11487054079771042,11,8,2.163949516925134
10172665,10,2,0.2783021032810211,5,6,1.2790480528754689
10176046,10,1,0.5452789068222046,4,4,0.6064578595840783
10172367,11,1,0.19005197286605835,8,8,1.6604577028269716
10168709,8,5,0.09619762003421783,1,10,2.3413506613855546
10176189,7,7,0.06598276644945145,1,8,2.7183616854542634
10172300,10,1,0.24593226611614227,1,1,1.402699121954356
10176081,14,4,0.08158201724290848,1,5,2.50614641822378
10172610,7,5,0.043638911098241806,1,4,3.13180607024787
10176197,14,5,0.07483384013175964,13,10,2.592485088128826
10172231,12,3,0.12373174726963043,13,6,2.089639385223129
10172317,11,3,0.21195851266384125,9,2,1.551364718442767
10172667,10,1,0.20328150689601898,7,7,1.5931635270893068
10172373,11,3,0.161949023604393,15,7,1.8204736623771505
10176096,9,1,0.32248443365097046,2,2,1.1317004116601639
10172612,10,3,0.10777786374092102,2,1,2.2276829872250716
10176201,11,10,0.032965317368507385,8,13,3.4122992590248016
10172666,10,1,0.2481357753276825,5,5,1.3937792014702777
10172368,10,3,0.1141313910484314,13,3,2.1704049412105983
10176097,9,2,0.15186549723148346,2,1,1.8847600365141324
10172606,9,2,0.1977296769618988,7,1,1.6208544489841132
10172669,12,6,0.06246260926127434,1,7,2.7731871530834162
10176099,10,1,0.3469997048377991,9,9,1.0584313496471698
10172609,9,4,0.13689148426055908,3,2,1.9885667527089814
10172668,15,15,0.018515657633543015,12,9,3.9891385462874194
10176098,8,3,0.14215819537639618,5,3,1.9508147895297911
10172607,10,8,0.07689167559146881,4,10,2.565357658115811
10172670,15,6,0.056572768837213516,10,13,2.872227525496705
10176100,7,6,0.0954030305147171,9,2,2.349644934630791
10176101,5,1,0.4191437065601349,5,5,0.8695414427786544
10176095,8,2,0.2109040915966034,2,1,1.556351791037882
10172142,5,5,0.049058642238378525,1,3,3.014738916067208
10172139,8,2,0.203217551112175,2,4,1.593478193424255
10172169,11,1,0.19383256137371063,1,1,1.6407605782942443
10172145,9,2,0.18276380002498627,9,5,1.6995606700706025
10172174,4,4,0.1643224060535431,2,4,1.8059248904216068
10172140,8,5,0.10444637387990952,2,7,2.2590815079066537
10172171,10,8,0.05612030625343323,1,10,2.8802575666452825
10172141,10,4,0.06517884135246277,6,1,2.7306203818512653
10172173,6,4,0.16316750645637512,1,2,1.8129779588714243
10176069,7,1,0.37079936265945435,5,5,0.9920941641175497
10176148,11,2,0.18758413195610046,1,9,1.673527830443234
10176340,6,1,0.44175097346305847,3,3,0.8170089641332404
10176028,5,4,0.09126488864421844,3,2,2.3939891366048958
10172144,10,1,0.3138856589794159,2,2,1.1587265027678395
10176026,7,1,0.6039063930511475,4,4,0.504336071449854
10172168,9,3,0.14431467652320862,5,6,1.935759109966717
10176075,7,6,0.022878320887684822,5,6,3.7775655029395674
10176154,10,7,0.03136772662401199,9,4,3.461975729153394
10176336,7,2,0.19170360267162323,9,2,1.6518048358279267
10172146,11,1,0.2409166544675827,6,6,1.4233042373899072
10176029,6,4,0.15781566500663757,4,5,1.8463276042259622
10176020,11,3,0.17363308370113373,7,8,1.7508109205975788
10172172,8,2,0.23763097822666168,3,7,1.437036320250505
10176071,9,2,0.20627999305725098,6,9,1.5785208434562974
10176149,9,2,0.1731540560722351,8,11,1.7535735832146837
10176334,9,7,0.06541483849287033,2,9,2.7270061579840466
10172143,11,3,0.1713217943906784,2,1,1.7642116523773825
10176030,8,1,0.2761547863483429,6,6,1.2867937503631177
10176021,9,2,0.19265158474445343,3,7,1.6468719819149775
10176236,8,3,0.15587349236011505,4,3,1.8587105471370353
10172170,5,2,0.3147561550140381,1,2,1.1559570510017394
10176070,8,1,0.6292891502380371,6,6,0.4631644295989303
10176150,11,5,0.12335976213216782,9,2,2.0926502974101586
10176337,10,1,0.35431256890296936,13,13,1.0375757924281486
10176031,9,1,0.32028913497924805,5,5,1.138531144330916
10176022,8,4,0.14665646851062775,2,3,1.9196623760375464
10176234,11,2,0.1767161637544632,1,5,1.7332104281499048
10172175,12,2,0.20440420508384705,1,5,1.5876558480469496
10176073,14,4,0.1112806424498558,7,9,2.1956999581102883
10176151,10,5,0.09355677664279938,7,10,2.369186790159788
10176339,8,1,0.23703037202358246,2,2,1.4395669940595335
10176034,11,1,0.2835225760936737,9,9,1.260463525497523
10176023,8,1,0.20853997766971588,9,9,1.567624516699837
10176230,12,1,0.2019287645816803,1,1,1.5998402943625138
10176359,6,1,0.31608331203460693,5,5,1.1517494544645037
10176072,10,7,0.06527327001094818,9,1,2.729172667835891
10176338,9,2,0.19038687646389008,7,1,1.6586970851354184
10176153,8,1,0.31105032563209534,10,10,1.1678005611414268
10176024,8,1,0.31723281741142273,5,5,1.1481193348901064
10176033,10,2,0.1666778326034546,6,4,1.7916924758514339
10176231,14,7,0.05801238492131233,7,11,2.847098758104596
10176364,13,2,0.2366434782743454,3,11,1.4412005815376376
10176074,14,14,0.009166507981717587,14,8,4.692198874212914
10176152,8,2,0.1972930133342743,8,3,1.6230652779628547
10176333,8,3,0.14774879813194275,7,3,1.9122417571997912
10176037,9,2,0.22257709503173828,3,1,1.5024817428665407
10176025,8,2,0.24052633345127106,2,10,1.4249257008305376
10176232,12,12,0.005035784561187029,6,17,5.291185943463521
10176076,8,6,0.08672916144132614,1,6,2.4449651029439963
10176155,11,1,0.25205689668655396,6,6,1.3781004364530973
10176335,10,9,0.03475881740450859,1,3,3.3593220008982034
10176032,13,3,0.11850208044052124,1,8,2.1328247621009693
10176360,15,8,0.06988475471735,3,16,2.66090775485539
10176367,12,1,0.3055647909641266,5,5,1.1855934411409996
10176361,10,7,0.06397797912359238,5,6,2.7492163310241295
10176366,13,1,0.25519663095474243,6,6,1.365720929186644
10176365,12,3,0.10974682867527008,15,4,2.209579123341662
10176362,12,5,0.10582394897937775,1,2,2.245978424310009
10175988,8,3,0.12726595997810364,7,5,2.0614762091914316
10179711,9,1,0.25345003604888916,4,4,1.372588571831044
10175989,5,1,0.4740108549594879,1,1,0.7465250567908656
10179717,10,3,0.1141747534275055,1,12,2.170025079514847
10176294,6,1,0.33460110425949097,1,1,1.094816190197289
10175990,8,4,0.13208326697349548,3,9,2.0243227448677494
10179715,8,2,0.2986730933189392,8,6,1.2084056370978729
10176293,8,1,0.26536378264427185,1,1,1.3266536296805735
10179712,9,1,0.28697967529296875,4,4,1.2483438835247482
10176295,10,2,0.2205687016248703,3,7,1.511546060628834
10175993,12,6,0.05609649047255516,2,15,2.8806820268318227
10179713,10,1,0.2850321829319,10,10,1.2551531825206894
10176296,10,1,0.289584219455719,1,1,1.2393091107849545
10175991,7,5,0.13928227126598358,7,12,1.9712526764611409
10179716,14,2,0.14718176424503326,6,2,1.9160869645665801
10176290,13,4,0.10602647811174393,8,2,2.2440664225562554
10175987,12,5,0.09265666455030441,6,2,2.37885439629268
10179714,14,1,0.25869056582450867,7,7,1.3521226580836074
10176291,8,5,0.11876267939805984,7,14,2.1306280678889125
10176292,14,7,0.06644699722528458,5,10,2.711350683327215
10179522,6,1,0.31201085448265076,3,3,1.164717301769317
10179382,6,1,0.26734721660614014,7,7,1.3192070286902542
10179393,8,2,0.2739245891571045,4,2,1.2949024325289702
10179529,11,1,0.17383675277233124,7,7,1.7496386226128704
10179379,7,2,0.28053754568099976,4,2,1.2710477102816724
10179396,6,3,0.20999647676944733,2,1,1.5606645256937548
10179523,11,3,0.1934421956539154,17,6,1.6427765416118572
10179549,4,2,0.2735564708709717,1,3,1.2962472035849393
10179376,6,1,0.40763574838638306,4,4,0.8973812769004316
10179524,13,1,0.32297059893608093,6,6,1.1301939848681979
10179390,6,1,0.33233916759490967,1,1,1.1015992423914214
10179551,4,4,0.15786801278591156,1,6,1.8459959571790205
10179526,10,6,0.030997587367892265,4,7,3.473845904367842
10179391,8,2,0.3569256067276001,6,10,1.0302279034340944
10179521,9,2,0.22708331048488617,1,5,1.482438322289813
10179381,8,4,0.12980352342128754,1,2,2.041733330078351
10179392,8,5,0.12913335859775543,6,8,2.046909621031355
10179546,7,1,0.2626774311065674,1,1,1.3368284972619007
10179525,12,5,0.0932593047618866,9,2,2.3723714424669082
10179380,11,2,0.12031488120555878,5,3,2.117642962857479
10179394,11,3,0.13130861520767212,6,1,2.030204885144503
10179527,12,4,0.10210651159286499,13,6,2.2817387792255217
10179547,6,4,0.14154410362243652,2,6,1.9551439240853095
10179378,8,5,0.1357347071170807,8,3,1.9970529812685858
10179395,8,1,0.2536625564098358,4,4,1.3717504132976197
10179550,9,3,0.15513363480567932,3,10,1.8634683734727318
10179548,8,3,0.138409823179245,4,1,1.9775362615886478
10190307,10,6,0.04324844852089882,4,6,3.140793918596837
10179440,12,3,0.14764870703220367,3,6,1.9129194278085115
10179438,13,1,0.3421679437160492,14,14,1.0724535989545334
10190324,9,1,0.6162398457527161,6,6,0.48411903124137196
10190314,12,2,0.21384522318840027,1,6,1.5425027817651504
10179441,7,3,0.14149229228496552,6,2,1.9555100348668126
10190323,11,1,0.6605486869812012,4,4,0.41468444542570043
10190272,8,4,0.10083593428134918,8,2,2.2942604959862467
10190312,14,9,0.04298024997115135,8,11,3.1470145717969853
10179446,13,2,0.15680818259716034,8,4,1.8527319874965462
10190273,7,1,0.6017048358917236,3,3,0.5079882597402242
10190309,12,3,0.15255242586135864,1,5,1.8802469658720922
10179442,6,1,0.4329769015312195,3,3,0.8370708975960411
10190430,7,6,0.03920373320579529,5,1,3.2389833018785534
10190325,10,3,0.17323622107505798,1,6,1.7530991761092618
10190271,10,4,0.08922741562128067,2,9,2.416566936604156
10190310,14,2,0.16575390100479126,3,2,1.7972511147192662
10190375,6,1,0.397429883480072,4,4,0.9227367542077847
10179445,7,2,0.21512678265571594,1,6,1.5365277378806257
10190432,7,3,0.15740272402763367,4,6,1.8489476367468496
10190322,12,3,0.11848714202642441,9,3,2.1329508304002878
10190267,7,3,0.18924058973789215,2,3,1.6647361118750066
10190306,12,2,0.21149267256259918,1,4,1.5535649261900533
10190376,10,2,0.19191940128803253,9,7,1.6506797800468909
10179443,6,4,0.18614763021469116,3,1,1.681215209259131
10190429,10,2,0.17585955560207367,2,7,1.738069582032804
10190319,12,2,0.19703878462314606,9,3,1.6243546933621114
10190268,5,3,0.23283521831035614,7,2,1.4574242931648582
10190550,4,1,0.39258113503456116,1,1,0.935012049658108
10190308,9,5,0.10225296020507812,1,8,2.2803055338173777
10190373,9,1,0.21276460587978363,4,4,1.5475688611012062
10179439,12,1,0.3637065589427948,12,12,1.0114078932150563
10190426,8,1,0.29382070899009705,4,4,1.224785531034473
10190320,9,1,0.22155411541461945,3,3,1.507088405952315
10190269,7,4,0.12141469866037369,7,4,2.108543331406031
10190551,10,2,0.39503219723701477,3,9,0.9287880054104947
10190370,9,1,0.3934725821018219,5,5,0.9327438905488745
10179444,15,6,0.060634467750787735,4,7,2.8028917728324534
10190427,10,7,0.06706622242927551,4,3,2.7020747532645597
10190321,12,1,0.1969936639070511,1,1,1.624583713669756
10190270,7,4,0.12075942009687424,1,10,2.113954976267697
10190547,12,4,0.10609278827905655,6,2,2.2434412066520055
10190377,14,6,0.07683741301298141,3,9,2.5660636088403423
10179447,10,7,0.06844110786914825,5,6,2.6817816426381333
10190428,8,2,0.23292243480682373,8,7,1.4570497786640086
10190371,8,3,0.15916311740875244,8,7,1.8378257069806907
10190431,10,4,0.14766289293766022,5,3,1.9128233536585701
10190374,7,1,0.34564316272735596,5,5,1.0623483576996977
10190548,11,8,0.0522831529378891,1,4,2.9510810833627232
10190372,11,3,0.08220305293798447,2,4,2.4985628372449145
10190549,13,3,0.12699300050735474,2,9,2.0636233081577013
10190553,11,1,0.2482660561800003,2,2,1.393254300686115
10193783,6,3,0.16327469050884247,8,7,1.8123212787160061
10193786,8,7,0.09371987730264664,1,8,2.3674449745341093
10193784,9,5,0.05363176390528679,8,3,2.925613776256187
10193905,8,1,0.2844429910182953,3,3,1.2572224285591085
10193787,8,3,0.15845921635627747,2,3,1.8422580288297454
10193907,7,4,0.087700754404068,6,3,2.433824777542161
10193788,7,5,0.10708940029144287,2,3,2.2340912766275878
10193906,8,1,0.35278525948524475,5,5,1.0418957372267805
10193789,12,4,0.09509634971618652,5,15,2.3528646938037774
10193908,12,2,0.20693932473659515,6,5,1.5753296458985313
10193785,7,6,0.04815328121185303,2,8,3.0333659974346174
10190900,9,5,0.07481756061315536,7,2,2.592702653999743
10193903,12,2,0.22286084294319153,11,3,1.5012077249814766
10193790,8,2,0.2391355335712433,10,2,1.4307248017110221
10193917,5,5,0.09065589308738708,1,3,2.400684334656701
10190898,12,3,0.16530989110469818,7,5,1.7999334386513381
10193904,10,4,0.15224777162075043,4,3,1.8822460088161528
10193918,8,3,0.19513724744319916,8,2,1.6340521349506583
10190901,11,2,0.25560563802719116,10,8,1.3641194987126766
10190899,12,2,0.2040242850780487,12,4,1.589516247722916
10193923,12,2,0.15780869126319885,5,3,1.8463717943735305
10190895,8,1,0.37709125876426697,8,8,0.9752680551395869
10193921,9,1,0.23528286814689636,7,7,1.4469667944549685
10190896,11,1,0.2689179480075836,3,3,1.3133489719043017
10193916,9,1,0.24957740306854248,9,9,1.3879861791631405
10190897,13,1,0.19664961099624634,6,6,1.6263317582591033
10193919,10,2,0.13409171998500824,2,1,2.0092312356790485
10193922,11,1,0.30241867899894714,1,1,1.1959428674079837
10193739,9,2,0.19918429851531982,8,2,1.6135247596525706
10193737,6,3,0.16333726048469543,1,4,1.811938133050772
10197707,10,1,0.341696560382843,9,9,1.0738321861016549
10190345,6,2,0.27909889817237854,4,3,1.2761890862356196
10197617,6,1,0.28556889295578003,6,6,1.2532719726707868
10197730,12,1,0.4420776069164276,5,5,0.8162698310581381
10193736,11,1,0.3663187325000763,7,7,1.004251470728614
10197715,8,3,0.16391071677207947,3,1,1.8084334093291736
10190342,7,3,0.18061237037181854,7,6,1.7114021443770062
10197618,8,8,0.04552408680319786,6,2,3.089513712807483
10197725,9,6,0.10298725217580795,11,1,2.273150063695474
10197712,6,2,0.2195509672164917,2,3,1.5161708765343687
10190346,10,2,0.25797781348228455,12,10,1.3548816920129485
10197727,9,1,0.3943342864513397,3,3,0.9305562866384165
10193738,13,4,0.10809111595153809,1,4,2.2247807413262763
10197709,7,1,0.2726576328277588,1,1,1.2995383630348953
10197622,8,1,0.25205692648887634,5,5,1.3781003182166156
10197723,12,3,0.15888682007789612,11,10,1.8395631536379364
10193743,10,1,0.2672867178916931,5,5,1.3194333469645032
10197710,15,3,0.1561303436756134,9,3,1.8570640842166724
10190340,9,2,0.20971721410751343,7,4,1.5619952552325564
10197616,7,1,0.33929145336151123,9,9,1.0808957965409987
10197724,12,1,0.21855852007865906,8,8,1.5207014738586404
10193741,9,1,0.3380405604839325,1,1,1.0845893892669611
10197708,9,4,0.1516834795475006,5,7,1.88595930068382
10190344,10,4,0.11500483751296997,3,2,2.1627810861734345
10197621,11,4,0.12321896851062775,1,2,2.093792274550473
10197728,9,6,0.09027176350355148,2,9,2.40493056398662
10193742,8,6,0.10526373982429504,2,5,2.2512862702909735
10197716,15,2,0.15688565373420715,13,1,1.852238059152095
10190347,10,2,0.14742200076580048,3,2,1.914456051438173
10197623,10,2,0.15949119627475739,9,2,1.8357665540501265
10197729,13,3,0.07684940099716187,5,6,2.5659076034695243
10197713,10,1,0.24423742294311523,5,5,1.409614481941367
10190343,14,6,0.06462282687425613,14,2,2.739187573422901
10197619,9,6,0.06895390897989273,5,15,2.67431698338545
10197726,12,11,0.025010259822010994,3,8,3.688469145421622
10197711,16,1,0.22095051407814026,13,13,1.5098165207362675
10190341,10,7,0.066973015666008,9,3,2.7034654919708525
10197633,9,1,0.38367846608161926,4,4,0.957950405061688
10197593,6,1,0.2927166521549225,3,3,1.228550195358581
10197714,14,1,0.35020729899406433,5,5,1.0492300169887485
10197634,9,4,0.09302602708339691,5,2,2.3748759638709025
10197589,7,1,0.2995383143424988,7,7,1.205512941920873
10197636,7,2,0.21633613109588623,1,7,1.530921918383159
10197595,6,2,0.21528926491737366,2,10,1.5357727368982408
10197635,10,2,0.1952430009841919,3,4,1.633510337336636
10197590,7,3,0.15990358591079712,3,8,1.8331842334349804
10197637,9,1,0.3450596332550049,8,8,1.0640380268731129
10197591,7,1,0.2593854069709778,1,1,1.3494402655404898
10197638,8,7,0.068893201649189,4,8,2.675197775653803
10197594,9,1,0.32669582962989807,14,14,1.1187257255931102
10197632,8,3,0.12527939677238464,2,3,2.07720886178648
10197483,12,6,0.043373167514801025,5,7,3.137914289104947
10197515,7,5,0.12134116888046265,3,7,2.109149123413488
10197479,12,2,0.2189023494720459,8,5,1.5191295414271095
10197480,7,2,0.2405509501695633,6,7,1.4248233608566838
10197481,9,3,0.1504780352115631,11,3,1.8939381508823974
10197517,11,2,0.1591493785381317,1,4,1.8379120301430183
10197674,8,2,0.1921541690826416,5,6,1.6494572651853672
10197475,14,5,0.09193070977926254,7,12,2.386720140269723
10197575,6,4,0.15736709535121918,2,4,1.8491740159889063
10197605,13,1,0.1965475231409073,10,10,1.6268510288680156
10197523,13,6,0.048866309225559235,6,9,3.0186670928446544
10197579,12,1,0.3502800464630127,8,8,1.0490223116827735
10197482,9,9,0.07683059573173523,4,8,2.566152336237884
10201163,14,5,0.09642896056175232,8,6,2.338948701717854
10197610,15,2,0.12549851834774017,10,17,2.075461326474092
10197804,7,3,0.18898625671863556,4,7,1.6660809823408298
10197676,7,2,0.230654776096344,1,7,1.4668331620765296
10197522,15,1,0.25853148102760315,6,6,1.3527378089763056
10197578,7,1,0.22024725377559662,4,4,1.5130044829128375
10197477,9,3,0.17712213099002838,3,1,1.7309157787593377
10201160,10,3,0.12288504093885422,7,14,2.0965059871587908
10197608,13,10,0.045677315443754196,10,6,3.086153484105768
10197800,13,1,0.2756659984588623,1,1,1.288565296599763
10201091,8,6,0.05472169443964958,6,7,2.9054950405103965
10197670,8,1,0.20575512945652008,8,8,1.5810685092058516
10197518,16,6,0.07427452504634857,1,3,2.5999872521830447
10197574,8,1,0.2027636170387268,6,6,1.595714426521878
10200941,9,4,0.11679789423942566,4,7,2.1473102375225714
10201149,5,4,0.11226814985275269,2,9,2.186865074091855
10197478,9,2,0.17999595403671265,4,5,1.7148209059183697
10201162,14,1,0.3094175457954407,1,1,1.1730636333513926
10197609,8,3,0.1775721311569214,6,2,1.7283783798986458
10197801,8,4,0.1511930525302887,1,3,1.8891977651661382
10201093,9,1,0.38731831312179565,6,6,0.9485084095054538
10197673,8,2,0.200375035405159,4,1,1.6075644913579428
10200937,6,2,0.3089572787284851,2,7,1.1745522681848277
10197520,16,9,0.05908476561307907,6,17,2.8287821608436134
10201150,5,1,0.41424524784088135,6,6,0.8812970944591138
10197577,9,3,0.15764014422893524,2,4,1.847440411729749
10197476,10,7,0.04849683865904808,7,13,3.0262566654508256
10201164,9,1,0.26550737023353577,1,1,1.326112678860447
10197612,10,7,0.036775898188352585,4,9,3.3029125889083915
10198043,10,3,0.1580427587032318,3,8,1.8448896578634313
10197805,10,1,0.2432543784379959,2,2,1.4136475583329147
10201087,7,2,0.1287030577659607,3,2,2.05024740579702
10197672,11,4,0.11612395197153091,8,6,2.153097106891823
10200939,7,2,0.23872990906238556,6,7,1.432422453686191
10197524,16,13,0.026003459468483925,1,10,3.649525693331732
10201153,8,1,0.2406386435031891,10,10,1.4244588752744944
10197570,8,6,0.08669010549783707,2,3,2.4454155251472347
10197778,5,3,0.2411961406469345,3,5,1.4221448148917182
10201159,10,2,0.2236882746219635,5,3,1.4975018274969776
10197611,10,4,0.13311992585659027,1,4,2.016504858876113
10198035,8,1,0.33862608671188354,2,2,1.0828587693922642
10197798,11,1,0.22996555268764496,3,3,1.4698257521990092
10201088,10,1,0.3073899447917938,6,6,1.1796381589142884
10197667,10,3,0.11073438823223114,2,5,2.200620844036316
10200936,13,10,0.036335259675979614,10,12,3.314966668221596
10201151,6,3,0.1752425879240036,1,7,1.7415840482614182
10197571,7,4,0.15646158158779144,4,6,1.8549447842003546
10197781,12,5,0.0907001718878746,6,8,2.400196026737433
10201157,11,8,0.06865381449460983,4,9,2.678678583932924
10197606,8,1,0.2377263605594635,1,1,1.4366350123236074
10197802,10,9,0.04689707234501839,6,9,3.0598000288254776
10201092,9,2,0.18831291794776917,2,1,1.6696502426568725
10197671,10,2,0.17404529452323914,4,1,1.7484397002913008
10197969,8,2,0.2712254822254181,2,1,1.3048047663217768
10200935,11,3,0.1803937703371048,14,7,1.7126132044492934
10201152,7,6,0.07200746983289719,1,7,2.6309854176683722
10197779,9,1,0.2260877937078476,9,9,1.4868318874100672
10197572,9,1,0.2510473132133484,9,9,1.3821138587560688
10201161,11,6,0.0730636864900589,8,10,2.616423800496812
10197604,9,1,0.3129844069480896,8,8,1.1616019077401663
10198042,7,1,0.328317254781723,2,2,1.1137748978851878
10197803,11,4,0.1014680489897728,11,1,2.288011318334626
10201089,13,3,0.14697681367397308,10,13,1.9174804347531293
10197678,15,12,0.029760897159576416,3,2,3.5145599229804994
10200938,15,2,0.1623845249414444,5,2,1.817788145564349
10197965,10,6,0.07956960052251816,9,5,2.5311231620587566
10201154,8,1,0.27358925342559814,6,6,1.2961273724203703
10197573,12,2,0.1525377333164215,8,6,1.8803432819577246
10197782,4,3,0.18045750260353088,1,3,1.712259971569889
10201158,11,1,0.3103801906108856,1,1,1.169957311617816
10197613,12,4,0.11266811937093735,9,7,2.183308778425465
10198041,12,3,0.13002897799015045,12,8,2.039997945750224
10197806,12,9,0.03882414847612381,1,13,3.2487128425478833
10201090,11,1,0.29013776779174805,4,4,1.2373994074566805
10197669,11,1,0.26373836398124695,11,11,1.3327977127717177
10200940,13,4,0.10948041081428528,7,2,2.212009642402694
10197966,10,5,0.09404006600379944,7,3,2.3640343534411032
10201148,10,1,0.24486806988716125,6,6,1.4070357037318428
10197780,5,1,0.3261972665786743,1,1,1.1202529684174745
10197576,13,4,0.0884862095117569,10,4,2.424908563836098
10197607,12,2,0.1908745914697647,6,12,1.656138655748108
10198036,8,3,0.20593588054180145,4,5,1.5801904181496684
10197799,10,5,0.10677113384008408,3,1,2.237067671385129
10197967,9,1,0.2182578593492508,3,3,1.5220780741467617
10197777,11,4,0.11222103983163834,3,1,2.1872847826922746
10198039,15,2,0.23346015810966492,8,3,1.454743845512647
10197797,13,3,0.12595412135124207,3,4,2.071837554597064
10201134,8,6,0.10042167454957962,3,8,2.2983772130557427
10197968,9,4,0.1074187308549881,6,4,2.2310207093671335
10198044,11,2,0.20240654051303864,3,2,1.5974770273031977
10201132,7,2,0.1996525675058365,4,2,1.6111765855213538
10197970,12,2,0.18791553378105164,2,1,1.6717627055111233
10198037,13,8,0.037474021315574646,7,11,3.2841073509962793
10201130,11,2,0.16513104736804962,8,1,1.801015893839475
10197971,10,4,0.12216339260339737,1,4,2.102395846654857
10198040,11,2,0.19241034984588623,5,10,1.6481249488195557
10201131,13,6,0.0885368138551712,6,4,2.4243368376975396
10201133,7,5,0.07658344507217407,5,6,2.569374347366452
10201128,8,1,0.2945728898048401,3,3,1.2222288029326542
10197491,8,3,0.16882961988449097,1,4,1.778865238964556
10197494,14,6,0.06042715162038803,3,5,2.8063167449108963
10201171,8,4,0.10832056403160095,6,9,2.22266026274531
10197499,8,2,0.19872182607650757,3,1,1.615849291085868
10200957,5,2,0.267547070980072,7,3,1.3184597618456828
10201174,4,1,0.5582377910614014,6,6,0.5829702585209032
10197493,7,4,0.17439472675323486,1,7,1.746434004471071
10200986,9,8,0.016445055603981018,9,2,4.107730418137893
10201136,8,5,0.0664704218506813,10,4,2.710998214466443
10200960,5,3,0.2092815339565277,1,5,1.5640748810549219
10201167,6,1,0.26421332359313965,10,10,1.3309984582141359
10201240,6,1,0.38294926285743713,7,7,0.9598527715338915
10197495,12,10,0.052290353924036026,3,13,2.9509433623208574
10200990,6,1,0.46959319710731506,1,1,0.7558884971419316
10200962,10,1,0.4357931315898895,12,12,0.8305876170595838
10201169,8,1,0.47274550795555115,5,5,0.7491980734336084
10201241,5,2,0.23890984058380127,4,1,1.4316690342730858
10197496,11,1,0.25645947456359863,3,3,1.3607846207577634
10200987,9,5,0.11010418832302094,5,11,2.2063281948960207
10200958,8,1,0.3050328195095062,8,8,1.1873359032145219
10201170,8,3,0.13818864524364471,1,2,1.9791355327921585
10201242,7,6,0.07908926904201508,7,9,2.5371780765972614
10197498,13,8,0.05733602121472359,7,3,2.8588262102835484
10200988,10,2,0.2537754476070404,10,3,1.3713054675183385
10201139,7,1,0.25731995701789856,6,6,1.3574349994768977
10200961,8,2,0.16164755821228027,4,8,1.8223368803236055
10201172,8,1,0.31571367383003235,5,5,1.15291957162245
10201243,5,4,0.1254158318042755,1,6,2.076120408319413
10200984,12,2,0.14200188219547272,4,5,1.9519149665710265
10201141,8,2,0.2247343510389328,5,2,1.4928362363574277
10200959,7,1,0.25619733333587646,11,11,1.3618072980987446
10201173,9,3,0.14885269105434418,3,4,1.9047981127160605
10201245,9,1,0.17318440973758698,6,6,1.753398299967652
10201300,10,4,0.07805382460355759,1,5,2.5503566312538273
10200985,10,8,0.053074441850185394,6,10,2.9360597876952093
10201135,9,5,0.1318996101617813,2,4,2.0257141748221343
10200963,16,9,0.03866617754101753,15,7,3.252790026425162
10201168,7,4,0.12954959273338318,5,2,2.043691515681135
10201244,12,3,0.1947965770959854,11,7,1.6357994593039256
10200989,13,1,0.28310346603393555,7,7,1.261942843795692
10201138,9,3,0.13988982141017914,1,3,1.9669001561392683
10204868,9,5,0.05844748765230179,11,3,2.8396265748398286
10204785,9,3,0.17790967226028442,5,6,1.726479316702939
10204936,7,4,0.14618715643882751,5,3,1.9228675847810566
10204870,9,1,0.406472772359848,5,5,0.9002383329021572
10204755,7,5,0.08390361815690994,4,7,2.4780865418034184
10204787,6,2,0.23254342377185822,4,2,1.4586783024826497
10204869,12,1,0.33052486181259155,8,8,1.1070733976706522
10204938,7,2,0.2846274971961975,3,9,1.2565739810005423
10204753,7,4,0.0605168491601944,6,4,2.8048334542032443
10204867,10,1,0.3596564829349518,3,3,1.0226059171536241
10204781,7,1,0.39356446266174316,1,1,0.9325104058331296
10204937,6,1,0.3199555575847626,2,2,1.1395731753810558
10204865,12,4,0.11475902050733566,7,1,2.1649208230453794
10204782,6,1,0.5660804510116577,11,11,0.569019071283261
10204940,10,1,0.3923135995864868,7,7,0.9356937600751475
10204871,11,4,0.0879092738032341,9,2,2.4314499758375727
10204754,9,1,0.31427645683288574,4,4,1.157482244656593
10204783,6,3,0.18385550379753113,3,1,1.6936051353352042
10204939,9,2,0.17694829404354095,5,3,1.7318977131326403
10204864,10,2,0.1861620396375656,6,3,1.681137803679591
10204749,13,3,0.16112764179706573,4,1,1.8255584219095438
10204784,6,1,0.38337764143943787,4,4,0.9587347666087891
10204866,9,3,0.17653009295463562,11,2,1.7342639188154259
10204935,10,6,0.08319784700870514,9,2,2.486533808789014
10204750,9,5,0.11483671516180038,4,11,2.1642440277451187
10204786,7,7,0.07159072160720825,7,8,2.636789799904097
10204933,9,1,0.17930155992507935,5,5,1.718686198324794
10204751,9,1,0.28559038043022156,6,6,1.2531967310509693
10204934,5,5,0.07740654051303864,8,7,2.5586839992041748
10218747,5,1,0.3384460210800171,3,3,1.0833906643973588
10218748,9,4,0.11449553072452545,3,5,2.1672194897232258
10218749,10,7,0.03970721736550331,1,7,3.2262223101924463
10218750,9,2,0.2451728731393814,6,7,1.4057917126087953
10218764,8,3,0.1365819275379181,3,4,1.9908306426631588
10218753,12,7,0.07336637377738953,10,12,2.612289571255883
10218769,7,3,0.1711544543504715,10,2,1.765188888341274
10218752,10,6,0.04482106864452362,10,3,3.1050769678654033
10218765,9,1,0.49302348494529724,9,9,0.7071984692681668
10218845,9,1,0.37619155645370483,4,4,0.9776568066687725
10218746,8,6,0.08932971954345703,5,7,2.4154210408293793
10218770,8,1,0.22009927034378052,5,5,1.5136766055675264
10218751,9,4,0.14349938929080963,4,1,1.9414244996046905
10218768,11,1,0.44523128867149353,11,11,0.8091613820154719
10218771,10,1,0.30622321367263794,5,5,1.1834409865072686
10218847,11,4,0.1278095245361328,6,10,2.057214212928895
10218766,11,2,0.14658553898334503,1,9,1.9201461370735053
10218850,12,2,0.18139706552028656,3,5,1.7070669182771152
10218834,9,2,0.24621911346912384,11,1,1.401533434333183
10215370,10,7,0.07756640017032623,9,7,2.556620933054913
10218767,12,2,0.19353057444095612,10,2,1.6423197715473608
10218849,14,1,0.22142434120178223,7,7,1.5076743225566622
10215371,12,6,0.05163507163524628,4,7,2.96355415452079
10218836,8,1,0.24400383234024048,11,11,1.410571347499817
10218838,4,1,0.5176631212234497,4,4,0.6584305934172549
10215372,11,3,0.1591288149356842,6,1,1.838041247933604
10218839,12,9,0.038269273936748505,7,13,3.263107951850224
10215375,8,6,0.08729137480258942,5,7,2.4385036205297226
10218837,9,3,0.17687901854515076,6,3,1.732289291152825
10215368,8,1,0.3284359276294708,3,3,1.1134135053492469
10218832,11,1,0.38497549295425415,1,1,0.9545756013846719
10215369,8,1,0.2801108658313751,1,1,1.2725698047823963
10218833,11,1,0.21916209161281586,3,3,1.51794367858663
10218763,6,1,0.2598414719104767,4,4,1.34768355734477
10218757,7,5,0.09497462213039398,1,6,2.3541455585381685
10218758,11,4,0.11855137348175049,5,15,2.1324088808630113
10222496,10,4,0.1313232034444809,2,8,2.030093792460466
10218762,11,3,0.1626676619052887,2,9,1.8160460435455987
10222599,5,1,0.2815549969673157,5,5,1.2674274793753721
10222492,9,2,0.16129356622695923,8,6,1.8245291816461142
10222592,9,3,0.1566215604543686,3,9,1.8539228263941494
10222624,10,2,0.19960454106330872,1,6,1.6114171645453894
10218759,13,8,0.04180287942290306,3,7,3.174790056108554
10222597,8,1,0.26794376969337463,2,2,1.3169781350623984
10222493,10,4,0.1049003154039383,1,3,2.2547447568738406
10222629,9,1,0.28419530391693115,2,2,1.2580935873228947
10222587,6,1,0.32196110486984253,6,6,1.1333245330633914
10218760,13,7,0.05036882683634758,12,8,2.9883828104160544
10222600,10,1,0.2986697852611542,5,5,1.2084167130072163
10222495,9,3,0.22763918340206146,11,5,1.4799934324876076
10218761,11,9,0.04102806746959686,5,10,3.1934988740614587
10222601,12,3,0.14091379940509796,4,9,1.9596069272925352
10222626,10,2,0.16331037878990173,5,2,1.8121027244429773
10222984,9,1,0.21820425987243652,4,4,1.5223236829852986
10222627,11,3,0.1488531082868576,8,5,1.9047953097306007
10222594,13,2,0.17402337491512299,10,3,1.748565650197568
10222490,9,4,0.10393355786800385,3,1,2.264003450656834
10222990,6,3,0.1349443644285202,7,1,2.002892700830869
10222630,10,5,0.07838497310876846,2,9,2.546123039527741
10222728,5,2,0.2593074142932892,2,1,1.3497409933511668
10222595,12,1,0.34051528573036194,3,3,1.077295262387376
10222491,10,1,0.1771552860736847,9,9,1.7307286085805105
10222623,8,1,0.289718896150589,4,4,1.238844149718224
10222593,10,6,0.07221968472003937,3,5,2.6280426286915186
10222729,5,2,0.24899938702583313,3,2,1.3903048442641015
10222598,12,2,0.19160829484462738,11,3,1.6523021218739768
10222628,10,1,0.4247816205024719,1,1,0.8561800762275374
10222494,12,8,0.031922001391649246,7,6,3.444459808126469
10222730,5,4,0.12405183166265488,1,2,2.0870558034341515
10222591,11,8,0.047349777072668076,6,12,3.0501931674357246
10222596,12,1,0.32500147819519043,2,2,1.1239255483698494
10222731,4,3,0.2791385054588318,5,2,1.2760471850077117
10222583,7,2,0.3039456903934479,5,1,1.1909062435572844
10222584,11,7,0.04021206125617027,9,3,3.213588297109519
10222615,4,4,0.07373106479644775,3,5,2.6073310652504946
10223044,8,5,0.12742771208286285,6,7,2.06020603922453
10222611,5,1,0.3222162425518036,5,5,1.1325323981138362
10222585,7,3,0.19200295209884644,6,10,1.6502445315577323
10222612,4,2,0.29833438992500305,1,3,1.209540307733608
10222581,12,7,0.053967442363500595,10,6,2.9193743334411626
10222613,6,6,0.07848692685365677,4,12,2.544823204958675
10222578,7,3,0.15218879282474518,5,7,1.882633470794319
10222614,7,3,0.12499704211950302,2,4,2.079465205003786
10222579,12,1,0.1945510357618332,9,9,1.6370607556807133
10222616,8,2,0.16534879803657532,1,3,1.7996981087880417
10222582,11,2,0.1515527218580246,2,9,1.8868217155074742
10222449,6,3,0.16473618149757385,5,3,1.803409984701044
10222447,5,3,0.23405961692333221,6,3,1.4521794228969767
10222430,13,5,0.09917640686035156,5,11,2.310855127047354
10222444,10,1,0.2575557231903076,8,8,1.35651918155055
10222431,11,3,0.13219793140888214,6,9,2.0234549991235684
10222983,9,1,0.262003630399704,4,4,1.3393969188296206
10222636,7,2,0.22246727347373962,4,1,1.5029752737052593
10222536,8,1,0.24593143165111542,1,1,1.402702515028619
10222524,13,7,0.0605810284614563,4,3,2.80377349661305
10222448,8,5,0.1082950010895729,1,8,2.2228962840315214
10222992,8,3,0.1368672102689743,3,9,1.98874409130778
10222434,9,3,0.18485437333583832,1,4,1.6881869350433418
10222532,9,5,0.1005791649222374,6,9,2.2968101508952015
10222522,9,2,0.1676436811685562,7,5,1.7859144973942485
10226429,10,1,0.4732631742954254,7,7,0.748103651360626
10222982,7,5,0.12367313355207443,3,8,2.090113213536119
10222688,5,2,0.22554732859134674,1,4,1.4892252591732804
10226341,9,1,0.21155840158462524,15,15,1.5532541881890332
10222639,8,2,0.25746241211891174,1,2,1.3568815418870879
10222774,5,1,0.44134870171546936,1,1,0.8179200091414536
10226383,10,1,0.4538322389125824,2,2,0.7900276670430146
10222428,10,1,0.3024339973926544,5,5,1.1958922157557434
10226442,5,5,0.03912262246012688,4,3,3.241054399760541
10222533,12,1,0.33764055371284485,9,9,1.085773399917587
10226478,9,2,0.32795658707618713,3,2,1.1148740358329237
10222525,9,3,0.16339291632175446,1,2,1.811597449259998
10226424,11,2,0.1921061873435974,5,11,1.6497070007539272
10222443,8,7,0.07050562649965286,6,3,2.652062763842729
10222687,7,2,0.18418733775615692,5,3,1.6918018993470103
10226342,11,1,0.28996241092681885,1,1,1.2380039818964188
10223000,4,3,0.1647169589996338,1,3,1.8035266780671044
10226380,10,4,0.12635408341884613,1,9,2.0686671273571706
10222433,10,2,0.14185591042041779,3,7,1.9529434519021982
10226489,7,1,0.3070913553237915,4,4,1.180610001316806
10226444,10,1,0.42906418442726135,4,4,0.8461487571956255
10222534,11,7,0.07172974199056625,4,5,2.634849805803194
10226477,10,5,0.1233106404542923,2,9,2.0930485752579244
10222519,8,3,0.1743333637714386,1,4,1.7467859289881769
10226422,11,2,0.3060344457626343,1,11,1.1840576155132956
10222446,9,4,0.11304206401109695,1,3,2.179995281651038
10222685,7,1,0.34671738743782043,2,2,1.0592452763002906
10226346,8,1,0.3376629650592804,2,2,1.0857070257737513
10222637,8,1,0.35709866881370544,2,2,1.0297431521576395
10222776,5,1,0.43884962797164917,4,4,0.8235984576790191
10226387,13,2,0.2522430419921875,11,6,1.3773622039061129
10222429,18,17,0.018081214278936386,1,13,4.012881764827739
10226490,6,6,0.1007281094789505,2,6,2.2953303774062883
10222986,10,1,0.19012609124183655,1,1,1.6600677888171185
10222521,7,1,0.24525749683380127,3,3,1.4054466128741916
10226425,12,5,0.07624105364084244,1,12,2.573855199678664
10226439,9,2,0.17154313623905182,4,5,1.762920520743037
10222691,11,1,0.25296369194984436,8,8,1.37450931063284
10226347,7,2,0.24827925860881805,6,1,1.3932011235503023
10222631,10,3,0.12098300457000732,1,10,2.1121052013496717
10222777,6,1,0.24493001401424408,4,4,1.4067827663298846
10226381,9,3,0.16419440507888794,1,2,1.8067041563635315
10222437,16,3,0.14968335628509521,1,3,1.8992331741978457
10226491,6,2,0.2342928946018219,8,2,1.4511832599981338
10222539,9,3,0.12615391612052917,8,6,2.0702525610116327
10226474,9,4,0.11123322695493698,2,1,2.196126138246954
10222526,12,1,0.1719173789024353,2,2,1.7607412727946106
10226440,12,1,0.2429128885269165,1,1,1.4150523833404602
10226427,11,2,0.1575680375099182,5,2,1.8478979298048004
10222690,13,7,0.06999676674604416,9,12,2.659306227341765
10222778,5,1,0.26158517599105835,3,3,1.3409953277055588
10226343,8,2,0.21181806921958923,3,6,1.552027536802241
10222638,9,1,0.22491903603076935,1,1,1.4920147813988633
10226385,10,6,0.08482560515403748,9,5,2.4671578341900764
10226492,9,6,0.09192989766597748,1,8,2.386728974280405
10226443,12,1,0.21031278371810913,4,4,1.5591594101128718
10222530,11,2,0.22830340266227722,2,1,1.4770798212110816
10222948,14,1,0.23696047067642212,3,3,1.439861942152914
10226475,10,1,0.40228208899497986,4,4,0.9106017225313523
10222518,9,8,0.07597925513982773,9,4,2.577294934642286
10226423,12,8,0.05289096757769585,4,3,2.9395226999196495
10222998,7,1,0.23854438960552216,4,4,1.433199866032612
10226344,8,1,0.25937142968177795,7,7,1.3494941531742157
10222640,11,4,0.12462613731622696,5,11,2.082436924834237
10226384,9,5,0.07979533076286316,10,6,2.528290287981822
10226493,9,1,0.3664543032646179,2,2,1.0038814495638835
10226445,12,5,0.10302285850048065,3,4,2.2728043881855644
10222537,9,1,0.22559739649295807,3,3,1.4890032997929175
10226476,10,3,0.12148971855640411,2,5,2.1079256407170326
10222520,9,5,0.10753735154867172,1,9,2.2299170354966558
10226426,12,11,0.012085125781595707,5,6,4.415779856805083
10222436,11,1,0.17471137642860413,2,2,1.7446199441649377
10222877,12,4,0.07987535744905472,11,7,2.527287891188915
10222997,13,1,0.25468358397483826,1,1,1.36773335146948
10226345,12,3,0.0988943874835968,1,8,2.313702791371294
10222632,14,3,0.09486445784568787,2,6,2.355306165691195
10226386,12,5,0.07504367083311081,6,5,2.5896850571289414
10226487,9,2,0.17236115038394928,7,10,1.7581632919474826
10226479,9,5,0.08769173920154572,6,9,2.433927577865537
10222531,16,4,0.12090923637151718,4,10,2.1127151274927334
10226441,12,7,0.05364518240094185,1,9,2.9253636107511634
10226428,7,3,0.18242746591567993,8,7,1.7014026319999687
10222527,10,1,0.19114786386489868,6,6,1.654707994079251
10226530,10,5,0.08520587533712387,4,7,2.46268488816854
10222879,13,2,0.1579207181930542,2,6,1.8456621554789496
10222692,9,6,0.09853851050138474,1,10,2.3173078376555707
10222634,9,3,0.13350974023342133,3,11,2.0135808432533517
10226382,10,2,0.2194235920906067,7,2,1.5167512068827191
10226488,11,4,0.10680212080478668,3,2,2.236777494930483
10222535,15,11,0.02833113819360733,5,3,3.5637937896810548
10222985,12,1,0.21608303487300873,2,2,1.5320925244603079
10226528,4,1,0.5816996693611145,1,1,0.5418009964666237
10222880,12,6,0.06659819930791855,6,11,2.7090777392199517
10222684,11,1,0.14007921516895294,11,11,1.965547193754724
10226524,9,2,0.17540381848812103,1,3,1.7406644291092934
10222883,13,2,0.14520642161369324,2,5,1.9295989515797587
10226525,8,6,0.11116848140954971,8,2,2.1967083779041263
10222882,14,4,0.08746006339788437,13,7,2.436573008119002
10226529,10,7,0.06406120955944061,8,12,2.7479162533146826
10222884,13,3,0.14926214516162872,4,5,1.9020511554028823
10226526,11,1,0.36896154284477234,2,2,0.9970628603057508
10222885,10,5,0.07251566648483276,2,8,2.6239526510195
10226527,5,5,0.1077350378036499,7,4,2.228080419931215
10222473,14,2,0.1556694507598877,1,12,1.8600204251741248
10222468,13,1,0.3594760000705719,12,12,1.023107863241263
10222469,9,3,0.11613456159830093,2,7,2.1530057463934344
10226360,11,1,0.4640105962753296,1,1,0.7678478902163582
10226600,7,2,0.25824353098869324,5,7,1.353852220710678
10222472,9,1,0.23295775055885315,1,1,1.456898169931951
10226588,10,3,0.14507129788398743,7,2,1.9305299478663462
10226361,11,1,0.1681283563375473,1,1,1.7830275654792922
10226791,5,3,0.1900738775730133,5,3,1.6603424530645368
10226416,12,1,0.3751337230205536,3,3,0.9804727218550369
10222474,13,3,0.10684671252965927,7,14,2.2363600648436983
10226590,14,3,0.16169056296348572,5,2,1.8220708754906298
10226359,10,1,0.4009603261947632,3,3,0.9138927937403392
10226601,11,6,0.037309061735868454,8,11,3.288519039857604
10226793,5,1,0.5821723341941833,10,10,0.5409887682188261
10226419,10,7,0.018769072368741035,12,7,3.9755448505564384
10222470,12,7,0.08379221707582474,1,10,2.479415150797407
10226591,12,2,0.21877120435237885,11,7,1.5197288242599243
10226354,11,1,0.12678198516368866,4,4,2.0652863199138856
10226597,9,3,0.1918417364358902,2,6,1.6510845362640694
10226413,9,5,0.07292211800813675,3,1,2.6183632839525592
10226595,9,2,0.261837899684906,9,6,1.3400296701897534
10222471,12,4,0.11324510723352432,1,4,2.178200718788269
10226355,13,11,0.02565907873213291,6,10,3.662857823317857
10226598,10,2,0.16714298725128174,1,6,1.7889056218194797
10226414,13,5,0.093077652156353,1,6,2.3743211647987814
10226589,12,1,0.24218997359275818,6,6,1.418032845942337
10226603,12,4,0.14247044920921326,12,1,1.94862067474882
10226357,11,1,0.26918479800224304,2,2,1.31235715382304
10226592,11,4,0.09473396092653275,5,1,2.3566827271689434
10226418,13,2,0.21726465225219727,2,3,1.5266390729120567
10226599,8,3,0.13633044064044952,2,3,1.9926736296287595
10226358,14,2,0.13201911747455597,3,8,2.0248085375298275
10226593,9,2,0.2455829232931137,8,1,1.4041206156920094
10226415,12,5,0.05794138088822365,1,9,2.8483234538523843
10226602,11,1,0.2807111442089081,12,12,1.2704290949100143
10226680,10,2,0.2560708820819855,10,3,1.3623009896948792
10226356,14,10,0.040781646966934204,5,12,3.1995231280173537
10226594,9,1,0.36295270919799805,1,1,1.0134827308956273
10226421,11,4,0.11665172874927521,10,14,2.148562460656444
10226685,10,5,0.07420257478952408,4,8,2.600956428743416
10226682,9,5,0.07120506465435028,2,7,2.642191330308205
10226683,11,9,0.07084979861974716,2,7,2.647193155196034
10226684,14,6,0.05851181969046593,8,11,2.838526499161998
10226679,13,4,0.12028198689222336,4,5,2.1179164021071286
10226408,6,1,0.35740798711776733,3,3,1.0288773286672144
10226468,5,2,0.36162441968917847,3,7,1.0171491204180527
10230254,8,3,0.11208751052618027,9,5,2.1884753687935907
10226324,5,4,0.15506798028945923,2,7,1.8638916756994486
10226499,6,3,0.26134833693504333,6,4,1.3419011372065925
10226407,7,3,0.2093753069639206,1,2,1.5636269103075437
10226473,6,5,0.0674147680401802,7,5,2.6968911746766207
10230249,5,1,0.4145223796367645,1,1,0.8806283139782545
10226328,6,1,0.2831295132637024,7,7,1.2618508419846441
10226405,11,2,0.16761386394500732,9,4,1.7860923739196963
10226470,7,3,0.16079957783222198,4,3,1.8275965476622225
10226325,8,5,0.07031185179948807,5,4,2.654814905477617
10226501,8,4,0.12005875259637833,4,3,2.1197740510476777
10226404,11,1,0.4114360213279724,9,9,0.8881017476770182
10226471,11,2,0.1668899655342102,4,11,1.7904205727448514
10230255,11,5,0.07401620596647263,11,7,2.6034712102079403
10226326,8,2,0.23246335983276367,2,3,1.459022658490814
10226503,8,6,0.09463050216436386,6,2,2.3577754218675597
10226409,12,7,0.08619246631860733,6,4,2.4511725028278613
10226472,9,2,0.20197898149490356,3,6,1.5995916390001457
10230248,10,1,0.335654079914093,12,12,1.0916741734080513
10226327,9,1,0.262178897857666,3,3,1.3387281919833587
10226500,10,3,0.13631443679332733,1,4,1.992791026641982
10226403,10,5,0.09563636779785156,8,10,2.347202114969196
10226466,13,1,0.2436186522245407,1,1,1.4121511770113973
10230250,9,3,0.14824870228767395,3,7,1.9088639946827566
10226329,11,1,0.29173415899276733,2,2,1.2319123058010892
10226497,7,1,0.23212827742099762,3,3,1.4604651402016289
10226406,18,9,0.05534802004694939,1,13,2.894114391976803
10226467,12,1,0.24462585151195526,3,3,1.4080253723850658
10230253,8,1,0.20342417061328888,2,2,1.5924619695207232
10226323,8,6,0.06555544584989548,3,11,2.7248589928961624
10226498,8,2,0.20911477506160736,3,1,1.5648720147779314
10226401,9,5,0.08721578121185303,5,3,2.439369987241452
10226469,12,1,0.17086726427078247,5,5,1.7668682562383948
10230252,7,4,0.13714580237865448,8,7,1.9867106681284785
10226402,11,7,0.06272109597921371,9,2,2.769057428934274
10230277,7,1,0.4022146761417389,3,3,0.9107693126481063
10230146,7,3,0.18657037615776062,5,2,1.6789467590253109
10230278,7,1,0.32119590044021606,7,7,1.1357040602530735
10230143,7,3,0.21752890944480896,2,5,1.525423520298451
10230271,11,2,0.26458391547203064,5,12,1.3295968172365162
10230265,6,1,0.30447107553482056,1,1,1.1891791863774543
10230154,8,4,0.07891339063644409,3,7,2.5394043489723077
10230272,13,1,0.299637109041214,5,5,1.2051831730560132
10230144,8,2,0.2675926089286804,1,4,1.3182895709574791
10230155,8,4,0.12202633917331696,2,7,2.103518362687569
10230276,8,4,0.12874065339565277,2,9,2.0499553370586563
10230145,8,6,0.04921700805425644,10,2,3.011516023061959
10230268,9,1,0.3247371315956116,2,2,1.1247392497881767
10230273,6,4,0.13049568235874176,8,2,2.0364151381403484
10230156,7,1,0.3903171122074127,1,1,0.9407957620277169
10230140,9,1,0.4596066474914551,1,1,0.7773842694666704
10230269,8,4,0.12746694684028625,1,2,2.0598981884606182
10230274,7,5,0.13210168480873108,1,6,2.024183313494833
10230157,11,2,0.16239868104457855,10,8,1.817700972934224
10230141,10,1,0.7211115956306458,5,5,0.32696137471354175
10230275,9,3,0.16833409667015076,2,4,1.7818046037110056
10230270,10,1,0.29591915011405945,5,5,1.217669003474568
10230158,10,1,0.243073508143425,1,1,1.4143913787384501
10230142,9,4,0.09773871302604675,2,7,2.325457554547805
10230266,10,5,0.10574130713939667,5,10,2.2467596664260396
10230159,12,10,0.0363415889441967,1,16,3.314792492583735
10230264,12,3,0.10937034338712692,1,10,2.213015509956957
10240898,12,3,0.16418784856796265,8,1,1.8067440885514212
10240901,7,1,0.3213712275028229,2,2,1.1351583520793016
10240904,8,5,0.12424876540899277,1,4,2.0854695504008993
10240899,9,2,0.1861216425895691,5,2,1.6813548266117453
10241013,6,2,0.20680348575115204,1,6,1.575986280826707
10240900,8,5,0.12444759905338287,5,2,2.083870542814398
10240894,7,4,0.1000620424747467,4,7,2.3019648606304433
10241011,8,2,0.1842401921749115,5,7,1.6915149804019083
10240905,11,8,0.06415556371212006,2,4,2.746444461952224
10241025,8,1,0.24420887231826782,3,3,1.4097313857858915
10240893,10,2,0.24019558727741241,2,7,1.4263017405399225
10241016,7,2,0.22039814293384552,3,8,1.5123196276288688
10240951,12,1,0.21589359641075134,3,3,1.532969601879234
10240903,9,6,0.04424494877457619,4,11,3.1180140660310114
10241020,7,2,0.20981116592884064,6,2,1.5615473626590446
10240895,9,4,0.1189335286617279,2,7,2.129190524610585
10240949,6,5,0.12285969406366348,5,2,2.0967122733710295
10240902,8,4,0.0860811248421669,10,3,2.4524651152496855
10241023,9,8,0.029674477875232697,9,2,3.5174679334101016
10240896,12,1,0.3066161274909973,6,6,1.1821587128482378
10241012,10,1,0.21872131526470184,9,9,1.519956892561238
10240950,7,2,0.20409999787807465,1,3,1.5891452195628366
10241024,7,2,0.1702701449394226,5,3,1.7703690153170661
10240897,9,3,0.11051736772060394,2,3,2.2025825964327423
10241010,7,1,0.30716025829315186,3,3,1.1803856536126343
10240952,10,7,0.026948241516947746,4,10,3.613837233590957
10241021,11,6,0.05122889578342438,8,9,2.971451535363956
10240891,10,4,0.11983263492584229,5,4,2.121659218663217
10241176,9,2,0.27851468324661255,9,1,1.2782844983955646
10241014,8,3,0.15353623032569885,1,7,1.8738187116247054
10240955,7,4,0.10868904739618301,7,3,2.2192642498563147
10241022,7,7,0.09599357098340988,4,6,2.3434740586796328
10240892,13,2,0.17966946959495544,5,3,1.7166363961489017
10241015,10,3,0.1345561146736145,15,3,2.0057739574786617
10240953,11,2,0.16324780881404877,4,8,1.8124859331879655
10241026,9,2,0.18941576778888702,1,10,1.66381085043407
10241175,9,1,0.17832162976264954,4,4,1.7241664504069802
10240948,11,1,0.2964842617511749,2,2,1.215761142050373
10241019,9,6,0.08617811650037766,3,7,2.451339002447787
10240954,7,6,0.10976621508598328,3,4,2.2094024922820092
10241171,12,1,0.2589723765850067,2,2,1.3510338770824968
10241172,11,3,0.10708826035261154,10,3,2.2341019214243225
10241173,13,4,0.08998136967420578,10,6,2.408152633700014
10244215,9,2,0.18924687802791595,1,4,1.6647028833506303
10244221,13,3,0.11232633888721466,10,2,2.1863469043354162
10244218,14,1,0.22345280647277832,10,10,1.4985550439465827
10244510,7,1,0.25437402725219727,1,1,1.3689495468625756
10244214,14,1,0.2319454550743103,11,11,1.461253042396231
10244517,8,3,0.14980271458625793,3,5,1.8984360866596175
10244219,12,7,0.053016308695077896,9,10,2.9371557015355205
10244513,9,2,0.23834258317947388,6,5,1.4340462151661018
10244280,8,2,0.2690303921699524,4,9,1.3129309237178557
10244217,14,2,0.12641270458698273,1,8,2.068203291347305
10244516,7,4,0.11510365456342697,3,5,2.161922212555692
10244281,8,3,0.1610184758901596,8,12,1.8262361635000275
10244222,11,9,0.03306693583726883,1,10,3.4092214131525664
10244514,9,9,0.03798873350024223,3,1,3.2704656500523934
10244401,11,6,0.07334683835506439,5,6,2.612555878865902
10244216,12,1,0.1987042874097824,5,5,1.6159375523557815
10244240,8,1,0.2816586196422577,5,5,1.267059510018612
10244511,9,8,0.03176681697368622,5,8,3.4493330254057057
10244277,11,5,0.08162074536085129,1,7,2.505671816960273
10244220,14,9,0.053895141929388046,4,11,2.9207149363094294
10244404,7,1,0.3979405462741852,2,2,0.9214526660768254
10244241,8,2,0.28421759605407715,2,7,1.2580151509005033
10244515,8,1,0.21070165932178497,1,1,1.557312082921632
10244278,10,10,0.01706545799970627,2,10,4.070698858442373
10244402,6,6,0.08821673691272736,4,7,2.4279585730564404
10244235,8,3,0.1588270515203476,4,5,1.8399393950525962
10244512,9,1,0.19835476577281952,2,2,1.6176981052228736
10244284,6,4,0.17376188933849335,3,1,1.7500693690308702
10244403,7,3,0.15965129435062408,3,6,1.8347632524278152
10244236,12,6,0.043214913457632065,8,6,3.1415696243797475
10244509,9,2,0.187033012509346,2,3,1.6764701402253244
10244279,9,1,0.26294538378715515,4,4,1.335808934578521
10244406,11,1,0.2411387711763382,5,5,1.422382697199055
10244237,7,1,0.3887679874897003,1,1,0.9447725464891512
10244331,10,4,0.1266193836927414,2,5,2.066569671254867
10241754,11,2,0.22536757588386536,6,3,1.4900225391709878
10244282,9,6,0.06517981737852097,8,4,2.7306054073790254
10244405,7,4,0.11551810055971146,11,3,2.158328046496074
10244324,12,1,0.37896478176116943,5,5,0.970312002330433
10244239,12,1,0.20842738449573517,3,3,1.5681645742052137
10241758,10,1,0.3061571717262268,6,6,1.1836566758018372
10244407,11,11,0.02450970932841301,9,14,3.7086859408183126
10241756,10,1,0.5115920305252075,3,3,0.670227786949196
10244328,8,1,0.32667627930641174,8,8,1.1187855699703793
10241751,10,1,0.34000536799430847,5,5,1.0787938732780082
10244329,10,7,0.05593474954366684,5,9,2.88356945432504
10241757,7,3,0.18906137347221375,6,3,1.6656835892688044
10244325,10,4,0.13759593665599823,6,3,1.9834338840352082
10241752,10,2,0.1989334225654602,4,7,1.6147850702078796
10244326,9,3,0.18469342589378357,4,3,1.6890579858387549
10241755,12,3,0.13451102375984192,7,4,2.006109122259149
10244330,8,3,0.13059759140014648,4,9,2.035634504881492
10244262,12,1,0.512826144695282,13,13,0.667818390480159
10244263,10,1,0.4365360736846924,6,6,0.8288842640824227
10244264,11,5,0.07794994115829468,1,4,2.5516884383433616
10244266,11,1,0.2388661950826645,5,5,1.4318517370375612
10248386,10,3,0.14622260630130768,9,7,1.922625117755868
10248270,8,1,0.25547489523887634,8,8,1.3646311315480395
10248298,7,2,0.1824573129415512,3,6,1.7012390350089879
10244259,11,7,0.07536400854587555,7,9,2.585425458171724
10248284,9,2,0.2500181198120117,9,6,1.3862218844983376
10248391,9,4,0.14195454120635986,2,5,1.9522484049837543
10248267,10,4,0.08350184559822083,10,4,2.48288654439689
10248295,8,1,0.2722196877002716,1,1,1.3011458633117248
10244260,9,6,0.04723815247416496,11,12,3.0525533977707515
10248286,8,1,0.42066386342048645,7,7,0.8659211883894696
10248388,9,1,0.26733019948005676,7,7,1.3192706824956222
10248268,8,3,0.12908948957920074,4,8,2.047249397463119
10248291,10,2,0.2612113952636719,9,3,1.3424252559477368
10244261,14,2,0.19047971069812775,1,9,1.6582095956091363
10248290,11,4,0.11723434925079346,2,10,2.143580362434811
10248389,12,1,0.310418039560318,9,9,1.1698353752216093
10248294,10,1,0.3670729398727417,5,5,1.002194704427733
10248287,9,2,0.2130552977323532,8,4,1.546203533199618
10248384,5,1,0.3099108934402466,6,6,1.1714704633372217
10248272,10,4,0.08984783291816711,3,6,2.409637784928608
10248292,11,7,0.03415651246905327,3,8,3.3768020092709845
10248289,12,4,0.08283569663763046,4,7,2.4908961916839747
10248387,12,3,0.14887093007564545,3,2,1.904675589543362
10248265,10,4,0.09429904818534851,3,9,2.36128418286823
10248296,10,1,0.22882091999053955,7,7,1.4748155901311988
10248288,8,7,0.07708639651536942,3,2,2.562828453469503
10248390,10,1,0.26279324293136597,7,7,1.336387704531133
10248266,14,5,0.09254715591669083,1,3,2.3800369706704614
10244685,9,2,0.19552896916866302,1,5,1.6320467306434128
10248297,11,5,0.08627380430698395,1,10,2.4502292691844128
10248283,16,5,0.08372294157743454,4,15,2.4802422461229447
10248385,9,5,0.11827617138624191,1,8,2.1347329535930903
10244372,6,2,0.19258657097816467,5,3,1.6472095069806556
10248269,12,11,0.0399155467748642,3,2,3.220989387497321
10244686,11,2,0.2835409641265869,1,2,1.260398671978947
10248293,12,7,0.03937136009335518,3,6,3.234716628182891
10248285,6,2,0.26244235038757324,5,10,1.3377238386410784
10244367,13,1,0.28685569763183594,8,8,1.2487759853745521
10248354,6,1,0.30224424600601196,3,3,1.1965198268693977
10244687,10,2,0.175863116979599,1,3,1.7380493309781915
10244681,9,2,0.19043327867984772,9,4,1.6584533889152446
10248465,5,1,0.31960752606391907,3,3,1.1406615169820478
10244365,11,1,0.5588051080703735,2,2,0.5819545104987095
10248356,6,2,0.17892472445964813,3,2,1.720790095335478
10244683,10,6,0.07061462104320526,7,5,2.6505180589952966
10248466,7,2,0.23217779397964478,1,7,1.4602518474540862
10244368,4,1,0.5931634306907654,1,1,0.5222853181392713
10248359,8,6,0.09208489209413528,5,3,2.38504438724244
10244682,12,2,0.24016830325126648,1,2,1.42641533786359
10248467,7,5,0.10152820497751236,10,3,2.2874186375503767
10244370,11,6,0.06721904873847961,4,8,2.6997986082509513
10248352,6,3,0.1763722449541092,2,4,1.7351584893189165
10244684,12,5,0.0826498493552208,1,6,2.493142277400119
10244371,6,4,0.15863217413425446,2,5,1.8411671269615992
10248355,11,4,0.13300390541553497,1,2,2.017376787164919
10248469,13,8,0.0377819649875164,5,2,3.27592340694537
10244364,10,1,0.23097598552703857,8,8,1.4654415326218384
10248353,9,4,0.15419061481952667,5,3,1.8695656833917746
10244366,10,2,0.14644353091716766,2,1,1.9211153793220155
10248358,6,4,0.13218654692173004,6,7,2.0235411198159103
10248471,9,2,0.1744866520166397,12,10,1.745907033006694
10248470,7,5,0.10183952003717422,8,3,2.2843570376547926
10248193,7,1,0.3443271815776825,1,1,1.0661629643890909
10248231,9,2,0.1846197098493576,1,13,1.6894571920313892
10248194,6,1,0.2954785227775574,1,1,1.2191591257331855
10248233,8,5,0.10450412333011627,5,2,2.2585287506512444
10248195,8,8,0.06125958263874054,4,1,2.792634990549777
10248232,12,7,0.05970151349902153,2,9,2.8183979071625265
10248448,7,4,0.13177470862865448,7,5,2.0266615673709567
10248308,14,4,0.12459268420934677,12,13,2.082705388563231
10248197,8,4,0.11386781185865402,5,1,2.1727170484797256
10248450,5,1,0.3512120246887207,8,8,1.046365178944212
10248229,10,3,0.10819003731012344,2,4,2.223865993425302
10248325,7,6,0.04765816777944565,3,6,3.043701251620685
10248312,8,2,0.1713159829378128,3,4,1.7642455742228456
10248196,11,5,0.10133479535579681,1,13,2.2893254384948474
10248463,12,5,0.09468799084424973,7,2,2.3571680994582245
10248451,6,1,0.32650822401046753,4,4,1.1193001421894049
10251663,8,5,0.06300254166126251,9,3,2.7645802095748313
10248230,9,1,0.24868345260620117,1,1,1.3915744659464746
10251735,5,1,0.5438222289085388,3,3,0.6091328706266763
10248326,11,1,0.39359742403030396,12,12,0.9324266584639104
10251688,11,2,0.20655609667301178,9,15,1.5771832488816209
10248303,8,1,0.24653077125549316,3,3,1.4002684606108573
10248199,11,2,0.2032446712255478,7,6,1.5933447487303936
10248455,10,1,0.2944927215576172,6,6,1.2225009907710596
10248449,8,2,0.22036416828632355,1,9,1.5124737907536387
10251664,6,1,0.3282773494720459,7,7,1.1138964502387032
10248227,14,4,0.05513075366616249,1,10,2.898047575765436
10251729,8,2,0.1648644208908081,3,2,1.8026318344259784
10248329,9,1,0.3814755082130432,2,2,0.963708628973642
10251684,12,1,0.4045702815055847,12,12,0.904929808489479
10248309,9,2,0.19308407604694366,5,2,1.6446295577489902
10248192,11,5,0.09581845998764038,3,8,2.345299919586598
10248457,12,2,0.16888444125652313,11,2,1.7785405774901213
10248444,10,9,0.05055934190750122,5,10,2.9846075452982364
10251662,8,2,0.24790099263191223,2,3,1.394725835786394
10248228,13,7,0.07076391577720642,7,8,2.6484060723691405
10251733,5,1,0.3223411738872528,5,5,1.1321447481269542
10248331,8,5,0.07702046632766724,2,7,2.563684095982864
10251797,6,1,0.36508065462112427,2,2,1.0076369782455417
10251682,13,3,0.18445603549480438,4,11,1.6903441338981888
10248310,7,2,0.22313958406448364,5,1,1.499957765830297
10248740,8,3,0.1632319986820221,4,6,1.812582785315883
10248445,13,1,0.21574550867080688,2,2,1.533655766520071
10251736,9,1,0.2641267776489258,6,6,1.3313260727366167
10248324,10,1,0.2705029845237732,5,5,1.3074721473968627
10251798,9,1,0.3962772786617279,3,3,0.9256411141116271
10251686,13,12,0.024538801982998848,8,2,3.7074996598397574
10248304,9,2,0.1647079735994339,4,3,1.8035812301019565
10248460,9,1,0.32931163907051086,7,7,1.1107507453397976
10248446,12,3,0.15488308668136597,10,3,1.865084726149839
10251660,8,1,0.4676566421985626,1,1,0.7600209228483058
10248475,6,1,0.3338279724121094,2,2,1.097129471348974
10251730,8,5,0.080539271235466,2,5,2.5190103720792054
10248327,11,5,0.10882163047790527,3,4,2.218045154780722
10251794,8,3,0.1763724684715271,3,1,1.7351572220147762
10251685,12,3,0.0927141010761261,4,2,2.3782347028101003
10248305,11,1,0.3102411925792694,1,1,1.1704052434413241
10248738,12,1,0.2312035858631134,8,8,1.4644566325156374
10248456,14,8,0.041646428406238556,1,4,3.178539666597541
10248453,7,2,0.197364941239357,3,5,1.6227007703934744
10251661,11,7,0.04649151489138603,2,5,3.0684854584935617
10251731,8,6,0.11888980865478516,3,4,2.1295581925436697
10248477,4,4,0.13746273517608643,1,4,1.984402415508418
10248332,12,1,0.20441767573356628,1,1,1.5875899481998221
10251795,7,4,0.15796001255512238,5,3,1.8454133630807694
10251683,9,2,0.19587662816047668,14,5,1.630270266098116
10248306,14,3,0.12827758491039276,7,1,2.0535587310385486
10251761,7,6,0.08130690455436707,1,13,2.5095243391664708
10248458,12,2,0.12691007554531097,5,11,2.06427650989343
10248447,16,2,0.14581631124019623,9,12,1.925407591589597
10248743,8,3,0.1900230497121811,1,2,1.6606098999049952
10251665,6,5,0.06869295984506607,2,9,2.678108561787091
10251732,8,4,0.09989695996046066,1,4,2.303616024616876
10248476,10,1,0.19666211307048798,3,3,1.6262681848974114
10248323,12,6,0.06750747561454773,2,5,2.6955169373908126
10251796,9,1,0.24546703696250916,2,2,1.4045926097542658
10251687,14,2,0.17343050241470337,7,12,1.7519783222930692
10248311,11,1,0.24346788227558136,8,8,1.4127702454647235
10251762,10,6,0.07715873420238495,11,7,2.5618904959212516
10248461,16,4,0.08364500850439072,6,3,2.4811735245264646
10248742,11,2,0.1535835862159729,1,9,1.8735103245516562
10248452,7,2,0.21880659461021423,4,1,1.5195670689880778
10252473,11,5,0.055106066167354584,1,2,2.898495475101754
10251734,12,1,0.18250183761119843,1,1,1.7009950369078268
10248472,10,4,0.1268838793039322,1,2,2.0644829469733628
10248330,12,8,0.039576753973960876,2,3,3.2295133539454786
10248307,10,5,0.132049560546875,12,14,2.024577968174295
10251765,8,3,0.1526341587305069,4,5,1.8797113402893908
10248744,11,2,0.14141295850276947,6,1,1.9560708854275901
10248462,11,5,0.07083602994680405,15,1,2.6473875101731794
10248473,5,2,0.3539280593395233,1,5,1.0386616087055294
10248737,12,5,0.09014984965324402,10,1,2.406281997074146
10248464,13,1,0.12872321903705597,4,4,2.0500907685540244
10248474,10,4,0.12940426170825958,6,1,2.0448139630816216
10251763,10,1,0.2985061705112457,4,4,1.208964674633671
10248739,11,1,0.25426173210144043,13,13,1.3693911011595996
10251766,10,4,0.12066612392663956,2,4,2.1147278536801197
10248741,13,3,0.15381744503974915,1,2,1.8719888015565196
10251760,7,1,0.24793201684951782,4,4,1.3946006960032298
10248745,14,5,0.07883848994970322,13,2,2.5403539502333636
10248240,10,3,0.15910093486309052,2,9,1.8382164677091444
10248241,14,4,0.08717595040798187,14,5,2.4398267841800885
10248242,10,5,0.08065453171730042,3,6,2.517580286066384
10251725,6,2,0.19227665662765503,5,7,1.6488200241476225
10248243,11,2,0.157290518283844,1,4,1.8496607486504957
10251658,8,1,0.33087506890296936,9,9,1.1060144101901805
10251698,10,6,0.04379449412226677,1,11,3.128247174472347
10251722,9,5,0.1286458969116211,2,8,2.0506916341821806
10251753,9,2,0.22451846301555634,2,6,1.4937973345775868
10251891,8,6,0.0425867959856987,4,6,3.156211027139646
10248244,14,3,0.12325356155633926,2,5,2.0935115694680104
10251652,8,2,0.19878947734832764,1,3,1.6155089170039723
10251802,11,1,0.318241685628891,2,2,1.1449441671682459
10251716,12,5,0.10525619238615036,11,5,2.251357973127552
10251757,11,1,0.3518470525741577,10,10,1.044558707543254
10251890,9,2,0.32750725746154785,2,1,1.1162450639644315
10251700,10,1,0.34384292364120483,3,3,1.0675703432122527
10248238,10,1,0.3417372703552246,1,1,1.0737130524837426
10251653,7,1,0.42616942524909973,3,3,0.8529182999268156
10251803,13,1,0.35451093316078186,13,13,1.0370160924113931
10251754,9,3,0.19033360481262207,12,8,1.6589769316592358
10251704,10,2,0.1276034116744995,4,5,2.0588281711679137
10248239,14,4,0.10390477627515793,4,6,2.264280412009017
10251654,11,2,0.3299047350883484,11,5,1.1089513477486104
10251806,11,2,0.19811761379241943,9,8,1.618894415588522
10248549,5,3,0.17317163944244385,4,5,1.7534720408200444
10251720,14,2,0.2475961595773697,1,4,1.395956248884193
10251759,7,5,0.08123660832643509,1,2,2.5103892919544197
10251887,11,6,0.09548573940992355,8,3,2.3487783681961614
10251703,10,1,0.2302095592021942,7,7,1.4687652579171016
10251657,12,2,0.31309956312179565,8,2,1.1612340459819686
10251804,12,2,0.17165130376815796,1,2,1.7622901636038855
10248545,7,4,0.11561332643032074,2,4,2.157504048849044
10251721,7,2,0.3243602514266968,1,2,1.125900493759032
10251752,11,1,0.3179643452167511,7,7,1.1458160244479993
10251888,11,4,0.13426057994365692,2,3,2.0079727409243517
10251702,10,3,0.17840144038200378,6,7,1.723718984978666
10251655,10,1,0.2949296236038208,6,6,1.2210185151580928
10251800,7,3,0.17538340389728546,4,7,1.7407808221222418
10248546,7,5,0.10833278298377991,6,4,2.222547465483137
10251719,13,4,0.10063701868057251,11,13,2.2962351100720086
10251756,9,8,0.028567258268594742,1,6,3.5554940327418825
10251892,8,2,0.19989147782325745,1,7,1.6099806705843733
10251699,9,7,0.06407231837511063,4,2,2.7477428589521464
10251656,11,1,0.2559029459953308,1,1,1.3629570235914101
10251801,14,7,0.048782650381326675,5,10,3.020380554309836
10248547,4,3,0.26849988102912903,1,3,1.3149048081278074
10251724,10,1,0.2301512211561203,6,6,1.4690187028189057
10251758,8,1,0.23597955703735352,2,2,1.44401010043157
10251893,9,1,0.2566288709640503,2,2,1.3601243196299637
10251696,10,1,0.229197695851326,5,5,1.4731703471967703
10251960,6,1,0.3424616754055023,4,4,1.0715955241670223
10251805,14,5,0.05591372773051262,2,6,2.8839453523956093
10248548,7,1,0.3090830147266388,5,5,1.1741453820927075
10251723,11,10,0.026685483753681183,2,10,3.623635541060706
10251755,9,1,0.25031954050064087,11,11,1.3850170152710024
10251889,12,5,0.058309707790613174,2,12,2.8419866850689264
10251701,10,2,0.18300986289978027,7,2,1.6982152319658186
10251957,11,8,0.03103664331138134,5,2,3.472586730256331
10251954,8,2,0.3155599534511566,4,1,1.1534065882671218
10251955,7,4,0.1121189221739769,5,9,2.1881951658785908
10251958,9,6,0.06382476538419724,1,9,2.7516139917846165
10251956,11,10,0.02801474556326866,4,7,3.5750242801668084
10251635,9,1,0.38645830750465393,9,9,0.9507312886887677
10251578,8,3,0.15785419940948486,9,5,1.8460834605341976
10251631,11,3,0.09562088549137115,5,10,2.347364015302365
10251632,10,1,0.4741923213005066,2,2,0.7461422984374294
10251633,11,7,0.034490182995796204,2,3,3.3670805462835833
10251637,9,3,0.17335782945156097,4,7,1.7523974423010298
10251634,9,1,0.22540976107120514,2,2,1.4898353727630762
10255489,8,1,0.39336735010147095,8,8,0.9330113706211776
10255381,8,1,0.46460384130477905,7,7,0.7665701906972721
10255458,8,1,0.5850346088409424,6,6,0.5360842730883214
10255487,8,2,0.17946921288967133,1,9,1.7177516016993222
10255375,7,1,0.5739631056785583,1,1,0.5551901605496766
10255459,9,1,0.28497514128685,6,6,1.2553533260725944
10255488,9,3,0.1463984102010727,8,2,1.9214235367961787
10255376,8,2,0.2384704202413559,10,6,1.4335100004906298
10255490,9,5,0.06747288256883621,7,9,2.696029501543619
10255513,6,3,0.15143676102161407,1,7,1.8875871601755219
10255378,9,2,0.20233935117721558,2,4,1.5978090348062741
10255492,12,4,0.08475691080093384,5,12,2.467967992672207
10255457,8,4,0.09836585074663162,2,1,2.31906158041588
10255514,8,1,0.4318626821041107,3,3,0.8396476067677165
10255377,11,1,0.27446961402893066,2,2,1.292914719864944
10255454,8,6,0.06252658367156982,1,5,2.7721634739255463
10255516,8,2,0.2224041223526001,1,3,1.503259181019401
10255491,7,4,0.11860978603363037,8,3,2.1319162828914004
10255380,12,1,0.2999191880226135,3,3,1.2042422138713837
10255455,11,1,0.3598853647708893,14,14,1.021969729433933
10255493,10,4,0.10625120252370834,3,4,2.2419491533714613
10255517,10,1,0.2581250071525574,3,3,1.3543112875571748
10255379,9,3,0.17233359813690186,10,13,1.758323156565231
10255486,10,1,0.1867022067308426,6,6,1.6782404088425946
10255456,9,2,0.29740697145462036,2,3,1.2126538038904753
10255512,10,7,0.04362007603049278,5,3,3.1322377751910815
10255515,9,1,0.5334711670875549,10,10,0.6283502545226307
10265284,10,8,0.018570084124803543,2,10,3.986203373482197
10265282,12,4,0.11224021762609482,3,12,2.18711390425454
10265283,8,1,0.27220553159713745,2,2,1.3011978671595834
10265330,10,3,0.20852543413639069,8,9,1.5676942589173377
10265279,8,3,0.11066048592329025,1,6,2.201288450384183
10265351,12,8,0.04294384643435478,11,9,3.1478619135904418
10265305,8,4,0.12771010398864746,11,5,2.0579923962181907
10265332,6,5,0.0882025733590126,5,7,2.428119139988976
10265359,6,2,0.23934818804264069,4,7,1.429835933497569
10265280,8,4,0.11413540691137314,15,1,2.1703697555158055
10265352,9,2,0.21035777032375336,7,5,1.5589455296528136
10265308,14,2,0.2247234582901001,3,11,1.4928847069751752
10265331,7,3,0.17357660830020905,3,6,1.7511362306492493
10265357,8,1,0.22733773291110992,8,8,1.4813185570126293
10265285,8,1,0.3531038463115692,1,1,1.0409930831261864
10265353,7,2,0.21973611414432526,6,3,1.515327933745234
10265306,10,1,0.3748021125793457,3,3,0.9813570920826727
10265333,5,2,0.27571403980255127,4,3,1.288391038046762
10265358,8,1,0.36404162645339966,1,1,1.0104870594953579
10265281,10,7,0.076475590467453,5,10,2.57078366792296
10265354,8,2,0.22895894944667816,3,1,1.474212551555076
10265307,9,6,0.08985414355993271,4,5,2.4095675504003977
10265336,8,6,0.10456328839063644,5,8,2.2579627603650234
10265361,11,2,0.23415648937225342,9,5,1.4517656291423369
10265286,10,5,0.14158856868743896,7,8,1.9548298305898097
10265347,12,5,0.09181855618953705,10,5,2.387940864641725
10265309,11,6,0.1080026850104332,1,3,2.225599190959237
10265335,10,1,0.2992463707923889,4,4,1.2064880622954937
10265356,8,4,0.1369447261095047,1,11,1.988177893620225
10265348,8,1,0.24092020094394684,6,6,1.4232895167377846
10265310,11,7,0.06510710716247559,3,4,2.731721562723855
10265533,6,5,0.11918800324201584,4,3,2.1270531733586493
10265334,10,1,0.22211675345897675,2,2,1.504552118873585
10265360,8,3,0.14182889461517334,4,11,1.9531339154367027
10265350,8,5,0.08139678835868835,9,2,2.508419461804982
10265311,14,6,0.07329056411981583,8,13,2.6133234079827763
10265536,6,1,0.3454054892063141,1,1,1.0630362210787758
10265329,9,5,0.09784971177577972,12,1,2.324322530716391
10265362,10,4,0.0993167981505394,12,2,2.3094405565728584
10265349,10,8,0.061398766934871674,6,7,2.790365526524643
10265534,9,3,0.2051357924938202,8,1,1.5840831167264913
10265363,7,4,0.1328224092721939,1,9,2.018742311656026
10265531,8,6,0.061499107629060745,5,4,2.7887326143715105
10265532,5,4,0.1414215862751007,4,3,1.956009876102575
10265535,8,4,0.10755614936351776,6,4,2.2297422481152225
10269141,10,2,0.2577347159385681,7,11,1.3558244558507593
10269196,11,3,0.1496923565864563,5,2,1.8991730470667738
10269136,9,2,0.2252122163772583,1,6,1.4907121373972383
10269194,7,2,0.22776713967323303,4,2,1.4794314891501734
10269137,12,4,0.1082630604505539,6,1,2.223191268563831
10269199,10,1,0.33596426248550415,6,6,1.0907504863260196
10269138,12,4,0.06311272084712982,7,12,2.762832931541909
10269192,11,1,0.4797496497631073,1,1,0.7344908741350168
10269139,15,1,0.19976529479026794,3,3,1.6106121276036411
10269193,9,2,0.21122045814990997,5,3,1.554852865601158
10266211,9,2,0.11160541325807571,7,4,2.1927857243145636
10269140,11,2,0.18682721257209778,12,18,1.6775710862165198
10269195,11,4,0.11792885512113571,9,2,2.137673759049695
10269180,10,7,0.04354392737150192,9,12,3.1339850257851696
10266213,11,1,0.3001870810985565,2,2,1.2033493950240464
10269198,7,1,0.26430338621139526,4,4,1.3306576454547412
10266214,9,2,0.18964174389839172,6,2,1.662618545154223
10269197,9,2,0.24954113364219666,6,1,1.388131513081807
10269183,10,3,0.13146935403347015,7,4,2.0289815036996286
10269184,7,1,0.28901445865631104,6,6,1.2412785621685278
10266209,10,2,0.19104021787643433,1,4,1.6552713083030772
10269179,11,2,0.11741429567337036,6,11,2.1420466100629576
10266212,11,1,0.27037522196769714,1,1,1.3079445737468947
10269178,7,1,0.3985174298286438,4,4,0.9200040431170446
10266210,12,5,0.0963834896683693,6,1,2.3394203610341657
10269182,6,1,0.3085845112800598,7,7,1.1757595305911348
10269111,9,3,0.17294538021087646,1,5,1.7547794556592418
10269108,9,8,0.06553434580564499,5,7,2.72518091032644
10269109,14,1,0.16952349245548248,6,6,1.774763763208106
10269104,10,3,0.16739346086978912,8,2,1.7874081845942227
10269105,10,6,0.09538424015045166,3,10,2.3498419117588845
10273007,9,5,0.11449596285820007,5,1,2.1672157154898004
10273112,9,2,0.3021122217178345,11,7,1.1969567355394577
10272917,7,4,0.10360871255397797,3,6,2.2671338546814237
10269110,10,3,0.12591956555843353,2,6,2.0721119444585008
10273014,9,7,0.0699881911277771,8,9,2.6594287493385287
10273051,7,1,0.20263484120368958,4,4,1.5963497315495625
10273110,11,3,0.19946610927581787,8,11,1.6121109353998768
10272922,10,2,0.1969657987356186,2,4,1.6247251757952856
10269106,11,1,0.2671017646789551,1,1,1.3201255520780315
10273008,11,3,0.19259211421012878,6,1,1.647180724328979
10273117,10,2,0.18930469453334808,7,4,1.6643974216377624
10273053,7,4,0.16504831612110138,4,1,1.8015170229700501
10272916,8,4,0.14114001393318176,1,2,1.9580028746905846
10269107,13,4,0.09475435316562653,13,3,2.356467492374437
10273111,11,2,0.22740930318832397,1,10,1.4810037873841393
10273010,11,2,0.2912774384021759,10,2,1.2334790694334425
10273055,8,1,0.2836001217365265,4,4,1.260190055069932
10272918,10,2,0.15125593543052673,12,8,1.8887819403252744
10273115,8,1,0.39602944254875183,2,2,0.9262667206208857
10273009,15,3,0.1264449506998062,3,10,2.067948237863069
10273054,11,1,0.2979360818862915,3,3,1.210876305797528
10273118,8,3,0.12877203524112701,8,2,2.0497116065784557
10272919,9,1,0.26887527108192444,2,2,1.313507683186757
10273011,10,1,0.21212099492549896,1,1,1.5505984363343388
10273052,9,1,0.40327930450439453,5,5,0.9081258938065645
10273113,9,3,0.15575195848941803,1,4,1.8594905468227314
10272921,10,5,0.0713711827993393,5,7,2.639861093356058
10273012,14,9,0.0470493920147419,2,13,3.0565573351438697
10273114,11,9,0.038955364376306534,10,8,3.2453387914680256
10273056,11,1,0.3208151161670685,4,4,1.1368902838783652
10272914,10,4,0.12367051094770432,5,11,2.090134419695473
10273013,12,7,0.03650958463549614,7,1,3.3101804601118148
10273057,11,4,0.14642223715782166,3,6,1.9212607958350036
10273043,4,2,0.3123425245285034,5,4,1.1636548583255844
10272915,16,3,0.09035290777683258,13,17,2.404032078988256
10269148,9,1,0.3541180193424225,6,6,1.0381250334368393
10273047,5,1,0.4354272484779358,8,8,0.8314275495079863
10273050,13,6,0.07302036881446838,12,15,2.61701685189821
10269149,8,3,0.20036794245243073,5,7,1.6075998903698827
10273044,7,1,0.4778973162174225,4,4,0.7383593891965458
10269150,6,3,0.16192594170570374,2,4,1.8206161982394469
10273045,9,1,0.6170933246612549,2,2,0.48273501098593724
10269152,7,6,0.026641588658094406,5,8,3.6252818007751504
10273041,5,1,0.43816882371902466,2,2,0.8251510005886064
10269154,11,7,0.09326901286840439,3,4,2.3722673498910476
10273046,7,5,0.0436980202794075,2,6,3.130452480437504
10269153,9,1,0.2567492425441742,5,5,1.3596553803465683
10273042,8,3,0.18022091686725616,6,7,1.7135718646992504
10269151,10,10,0.01962781324982643,1,5,3.9308076752777117
10269155,9,2,0.2020895630121231,5,1,1.599044298597219
10272905,9,1,0.25987952947616577,7,7,1.3475371035141357
10272925,7,1,0.2416902631521225,5,5,1.4200982769326356
10272901,10,5,0.06264463067054749,2,5,2.7702773048954636
10272903,7,4,0.12370599806308746,7,1,2.089847511971142
10272924,7,5,0.10618124157190323,1,4,2.2426078188086764
10272900,7,3,0.15649324655532837,5,1,1.8547424229341434
10273135,7,1,0.2673134505748749,6,6,1.3193333369578444
10272930,11,4,0.1410152018070221,1,4,1.9588875801813064
10273002,4,2,0.2772741913795471,2,3,1.2827484018077395
10273143,14,2,0.13729149103164673,8,14,1.985648941678202
10272904,14,11,0.025471195578575134,6,12,3.6702070504338264
10272927,10,1,0.20939798653125763,3,3,1.563518596010947
10273000,6,1,0.3897089660167694,5,5,0.9423550594174883
10273148,14,4,0.10718382149934769,4,14,2.2332099605841993
10272907,14,1,0.13471364974975586,12,12,2.0046038662547003
10273138,6,3,0.21444545686244965,3,1,1.539699853310338
10277123,10,2,0.282291978597641,7,8,1.2648133585874581
10276843,7,1,0.4776376187801361,1,1,0.7389029537155788
10272931,10,1,0.24416863918304443,6,6,1.4098961482262862
10276933,9,3,0.11684550344944,9,11,2.146902700128883
10273001,6,2,0.2264624387025833,7,6,1.4851761813536293
10276890,12,2,0.176474928855896,2,7,1.7345764588405266
10272906,13,6,0.06341039389371872,5,12,2.758127489434598
10276908,8,3,0.18497399985790253,2,5,1.6875400050893024
10273139,7,1,0.3226463198661804,2,2,1.1311985406278955
10276844,7,1,0.35539010167121887,4,4,1.034539214884051
10272926,13,6,0.08128192275762558,7,9,2.5098316394570395
10276936,6,1,0.24687528610229492,2,2,1.3988719844320505
10273004,8,1,0.23699414730072021,3,3,1.4397198330856007
10272899,15,2,0.12038010358810425,6,2,2.1171010123536265
10273230,7,4,0.14882396161556244,3,5,1.9049911371848138
10276909,9,3,0.15706786513328552,6,3,1.851077305036682
10273140,8,6,0.08376549929380417,4,2,2.47973405920492
10277126,10,4,0.14010170102119446,11,3,1.9653866842339789
10276840,10,3,0.1285724639892578,2,12,2.0512626114957837
10272932,12,2,0.09839978069067001,8,2,2.3187167036797667
10276934,9,1,0.4626481235027313,2,2,0.7707885062712634
10272996,11,5,0.15866152942180634,1,3,1.84098209153665
10276899,9,1,0.32160502672195435,3,3,1.1344311114451429
10276894,10,1,0.5315585732460022,12,12,0.6319418836107719
10273253,5,1,0.3989298343658447,1,1,0.9189697312760393
10273144,5,2,0.28667014837265015,1,4,1.2494230329904603
10273462,6,5,0.12296231091022491,2,6,2.0958773859285245
10273227,8,2,0.150996133685112,5,4,1.890501047229377
10273131,9,4,0.09869395941495895,7,2,2.3157315358851016
10276841,9,2,0.27830180525779724,9,6,1.2790491237383188
10276935,9,2,0.24774695932865143,2,9,1.3953473789910429
10272999,8,2,0.18007828295230865,5,3,1.7143636173452181
10273256,5,3,0.1953040510416031,1,4,1.6331976986540917
10276895,11,4,0.11026988178491592,3,6,2.2048244472633085
10273145,8,1,0.29700687527656555,2,2,1.213999991368028
10273463,8,4,0.14237409830093384,2,4,1.9492971905030896
10276897,8,3,0.20969724655151367,1,3,1.5620904715776651
10273231,7,1,0.24606774747371674,6,6,1.4021483847297356
10272929,11,9,0.06504639238119125,3,2,2.7326545347284683
10273137,10,4,0.11335479468107224,8,1,2.177232603134306
10277128,9,1,0.353017657995224,8,8,1.0412372006505715
10276842,8,8,0.0453772209584713,4,7,3.092745040851806
10276940,9,3,0.1326604038476944,6,9,2.0199627706582857
10272995,9,8,0.0298553928732872,1,11,3.5113897896898556
10273254,4,3,0.15312525629997253,2,3,1.8764990238888075
10276892,13,1,0.3312910199165344,5,5,1.1047580756381734
10273151,12,1,0.21278755366802216,8,8,1.5474610116273126
10273458,5,3,0.17085111141204834,3,1,1.7669627952500233
10276900,9,7,0.06234010308980942,1,8,2.775150350973967
10273228,8,1,0.26894891262054443,3,3,1.3132338333253646
10273133,11,4,0.12325315177440643,4,2,2.0935148941801636
10277124,9,2,0.2179505079984665,7,2,1.523487269497669
10276846,11,11,0.01488273125141859,3,13,4.207553714578123
10276938,10,1,0.28853729367256165,10,10,1.2429309338924246
10272997,12,3,0.12307300418615341,12,8,2.0949775697102395
10273255,6,2,0.23066513240337372,1,2,1.4667882634851588
10276893,10,4,0.1141914501786232,1,4,2.16987885165027
10273149,16,7,0.0628054216504097,2,3,2.7677138772214844
10273465,8,2,0.1812586784362793,2,4,1.7078301053658649
10276898,10,3,0.09713907539844513,2,5,2.3316115603469676
10273233,12,3,0.09075983613729477,1,4,2.3995384245228224
10273136,12,1,0.19298246502876282,9,9,1.645155948978046
10277127,10,6,0.07200739532709122,1,10,2.630986452364421
10276848,9,1,0.24035966396331787,12,12,1.4256188775731458
10276939,10,1,0.2858315706253052,6,6,1.2523525555377206
10273003,12,2,0.15562941133975983,9,1,1.860277666206608
10273257,6,1,0.35851341485977173,3,3,1.0257892002289617
10276889,9,3,0.12755851447582245,11,6,2.0591800825977873
10273152,12,2,0.14739570021629333,1,8,1.9146344705052052
10273459,8,1,0.4179708957672119,5,5,0.872343476232645
10276901,6,5,0.06874624639749527,3,2,2.6773331417805877
10273229,10,1,0.190194234251976,8,8,1.659709443462948
10273132,11,2,0.1256559193134308,15,13,2.0742079065643058
10277122,9,2,0.15029428899288177,1,6,1.8951599803311434
10276845,10,2,0.15380342304706573,4,2,1.8720799656753933
10276937,15,2,0.11941789835691452,15,16,2.125126186771169
10273252,5,5,0.14518727362155914,5,2,1.929730827667126
10272998,12,1,0.15579812228679657,11,11,1.8591941976925925
10273150,14,2,0.16072146594524384,10,3,1.8280824374042886
10273467,10,6,0.07928571105003357,1,5,2.5346973551014043
10273232,11,8,0.046650152653455734,2,4,3.0650790793799745
10277125,10,9,0.04123516008257866,2,7,3.1884639865028586
10273460,10,1,0.2657544016838074,9,9,1.3251826986467978
10273466,13,1,0.2589615285396576,1,1,1.351075766772449
10273461,13,2,0.1564863622188568,10,3,1.8547864151705682
10273464,9,1,0.1910427063703537,8,8,1.655258282366761
10272892,10,5,0.04426794499158859,9,12,3.117494453202838
10272863,6,1,0.2842669188976288,3,3,1.257841626935019
10272860,10,3,0.15038824081420898,8,7,1.8945350565988264
10272890,10,3,0.166368305683136,7,8,1.7935512393910984
10272862,6,3,0.16740460693836212,7,5,1.7873416007656475
10276921,9,1,0.4126022458076477,5,5,0.8852712352971531
10272894,11,1,0.25325027108192444,11,11,1.3733770654415798
10272861,10,2,0.2529870569705963,2,10,1.37441694978223
10276990,9,1,0.6040155291557312,8,8,0.5041553708550982
10276920,7,3,0.21852973103523254,1,6,1.5208332048918802
10277011,6,3,0.19183871150016785,6,4,1.6511003042592263
10272891,12,7,0.05939747765660286,7,2,2.8235035172087004
10276866,8,2,0.19841594994068146,6,2,1.6173896945165196
10276993,10,1,0.29882851243019104,3,3,1.2078854071494958
10272864,7,3,0.17206978797912598,3,5,1.7598551403958622
10272945,9,2,0.3203873336315155,2,5,1.1382245975546643
10277008,8,2,0.22743502259254456,6,5,1.480890696364684
10272893,11,2,0.2681490480899811,12,13,1.316212303475666
10276860,8,3,0.12482409924268723,8,9,2.0808497387826286
10276995,9,1,0.36092066764831543,1,1,1.0190971020062918
10272942,6,2,0.24935296177864075,5,1,1.3888858690631922
10272859,8,1,0.27780917286872864,5,5,1.2808208295211834
10276923,6,4,0.11262669414281845,2,5,2.1836765208331985
10277009,9,2,0.1716950386762619,5,8,1.7620354068004251
10272895,10,3,0.16040925681591034,1,4,1.8300268743925447
10276861,5,4,0.11751127243041992,6,5,2.141221014421405
10276870,11,1,0.35369402170181274,11,11,1.0393230850854065
10276992,11,2,0.1617857962846756,5,3,1.8214820638435427
10272943,7,1,0.36587244272232056,5,5,1.0054705234791175
10276922,8,4,0.1325816810131073,5,6,2.0205563630132843
10277005,9,1,0.22732962667942047,1,1,1.481354214868947
10276867,7,2,0.21760116517543793,7,2,1.5250914093481511
10276862,8,1,0.45717695355415344,8,8,0.7826847561313117
10276994,9,1,0.2890097200870514,7,7,1.2412949579160901
10272944,10,1,0.3033522963523865,8,8,1.1928604546459323
10276918,10,2,0.20863918960094452,7,9,1.5671488844493193
10277006,8,5,0.1340712308883667,5,8,2.009384046472744
10276872,9,2,0.1822769194841385,1,6,1.7022282126407235
10277205,13,2,0.16168563067913055,12,11,1.8221013804223627
10276864,10,2,0.19884850084781647,1,9,1.6152120464676614
10276988,7,4,0.14246831834316254,5,8,1.948635631408239
10272946,10,9,0.03691401332616806,5,8,3.299164035091304
10276917,12,3,0.17164838314056396,3,4,1.7623071786359723
10277010,9,4,0.11366160959005356,5,7,2.1745295817665435
10276868,8,1,0.28222280740737915,6,6,1.2650584228172104
10277201,14,1,0.3198157250881195,7,7,1.1400103081585244
10276863,11,2,0.1578875333070755,13,8,1.8458723139275854
10276991,9,3,0.10827022790908813,3,5,2.223125066654728
10272947,10,8,0.02884170226752758,1,6,3.5459329437744116
10276914,16,4,0.08042915910482407,4,13,2.520378493114919
10277007,10,2,0.17412947118282318,4,8,1.7479561692056784
10276873,11,6,0.056217893958091736,1,9,2.8785201749295104
10277207,13,1,0.39797109365463257,2,2,0.9213759053437743
10276989,8,1,0.26611611247062683,3,3,1.3238225523970732
10276865,14,7,0.07412607222795486,2,6,2.6019879566362545
10276913,8,3,0.11577719449996948,1,5,2.1560876719258677
10276869,11,3,0.14577725529670715,8,7,1.9256754709134551
10277206,16,1,0.18830958008766174,5,5,1.6696679678863788
10277202,10,1,0.2640628218650818,1,1,1.3315682425340358
10277198,10,6,0.06587637215852737,3,8,2.7199754426065805
10277199,11,3,0.15225045382976532,2,5,1.8822283915770965
10277204,12,3,0.141206294298172,2,8,1.9575333777340072
10277200,10,6,0.06758301705121994,8,1,2.6943985545489806
10276804,5,1,0.48284366726875305,5,5,0.7280623479731145
10276833,5,4,0.10207411646842957,8,6,2.282056097523686
10276806,9,2,0.20403745770454407,2,1,1.5894516857945662
10276835,8,2,0.22674641013145447,9,8,1.4839230219470363
10276834,8,2,0.3369785249233246,1,2,1.0877360749233842
10276807,8,1,0.3502928912639618,1,1,1.048985642264762
10276829,10,1,0.4689098596572876,1,1,0.7573447259008244
10276801,10,3,0.18408836424350739,9,4,1.6923393961978475
10276830,10,1,0.39794421195983887,5,5,0.9214434544777446
10276802,7,7,0.06256258487701416,7,15,2.771587865232067
10276831,7,1,0.3802957832813263,2,2,0.9668059519838976
10276803,11,4,0.10804068297147751,5,2,2.2252474286090105
10276832,10,7,0.06431824713945389,3,7,2.743911906667881
10280126,8,1,0.4020673334598541,8,8,0.9111357082202417
10280212,5,5,0.11533165723085403,5,8,2.1599433253785794
10280125,9,2,0.24462494254112244,10,5,1.4080290881514739
10280215,9,2,0.27854689955711365,2,10,1.2781688332284393
10280123,9,2,0.35055840015411377,9,1,1.0482279668317425
10280209,11,1,0.3128547966480255,4,4,1.1620161045535724
10280214,9,7,0.0649234727025032,7,1,2.734546045737694
10280122,8,4,0.12384536117315292,3,10,2.088721578950873
10280315,7,2,0.22944515943527222,3,4,1.4720912347452941
10280208,10,8,0.0347730815410614,3,9,3.35891171045686
10280124,9,3,0.19637314975261688,1,2,1.6277386044616018
10280316,9,4,0.14178316295146942,4,6,1.9534564099349452
10280210,11,3,0.16099143028259277,6,4,1.8264041434727674
10280127,8,6,0.057992421090602875,3,7,2.847442947825572
10280211,11,2,0.17200243473052979,1,9,1.760246646858814
10280317,6,3,0.19794230163097382,2,4,1.6197796966587252
10280128,9,2,0.25027358531951904,1,5,1.3852006181967345
10280213,12,11,0.029331445693969727,2,7,3.529095106584618
10280318,5,3,0.24556110799312592,5,1,1.4042094503254876
10280129,11,5,0.095304474234581,3,1,2.3506785204777625
10280321,10,1,0.21781373023986816,6,6,1.5241150298831614
10280319,11,9,0.04098024219274521,10,9,3.194665226165782
10290619,10,6,0.08084633201360703,6,3,2.515205061785239
10290616,8,1,0.2725679576396942,7,7,1.299867310136576
10290613,7,1,0.32642585039138794,6,6,1.1195524605251943
10290614,8,7,0.04893640801310539,1,7,3.017233619388521
10290642,7,4,0.13553552329540253,1,6,1.9985215084797838
10290718,6,1,0.3973672688007355,4,4,0.9228943156164697
10290615,13,6,0.04828356206417084,1,15,3.030664106183336
10290659,9,1,0.21609771251678467,1,1,1.5320246008247909
10290643,7,1,0.5638893246650696,6,6,0.5728972796036175
10290617,10,4,0.11886079609394073,3,6,2.1298022513213044
10290647,10,2,0.19578678905963898,3,2,1.6307290227675593
10290719,10,2,0.25733187794685364,4,5,1.3573886732884057
10290612,11,2,0.17651379108428955,8,10,1.734356269206381
10290631,7,3,0.22481317818164825,2,7,1.4924855408763067
10290654,13,1,0.4682926535606384,3,3,0.7586618503796273
10290645,6,1,0.2919810116291046,9,9,1.2310665074957607
10290665,10,2,0.17995204031467438,6,2,1.7150649062903416
10290722,7,7,0.03022022545337677,3,8,3.4992438617624346
10290618,10,10,0.04321220889687538,7,2,3.1416322103061067
10290632,9,1,0.3526242673397064,6,6,1.0423521873942687
10290657,12,4,0.09363454580307007,5,10,2.368355884498896
10290666,7,5,0.10042751580476761,1,2,2.298319047472109
10290646,11,10,0.025727424770593643,4,3,3.6601977443436726
10290723,8,2,0.1773064136505127,4,10,1.7298758925544746
10290667,7,1,0.297043114900589,4,4,1.213877982699843
10290634,9,7,0.0662812739610672,1,3,2.713847865711282
10290658,13,1,0.2788885831832886,2,2,1.2769429203486666
10290641,6,3,0.20087555050849915,3,4,1.6050697143756376
10290671,8,1,0.21512022614479065,6,6,1.5365582157725888
10290716,11,1,0.376645028591156,9,9,0.9764521038121275
10290633,8,3,0.15144333243370056,4,6,1.8875437673462834
10290655,12,4,0.09684230387210846,2,10,2.3346713566943555
10290832,5,1,0.3495022654533386,1,1,1.0512452353454786
10290644,11,3,0.15913818776607513,3,2,1.837982348768349
10290670,7,2,0.22937297821044922,7,6,1.4724058745535147
10290635,13,5,0.10656383633613586,4,5,2.239011071185175
10290720,11,1,0.21131093800067902,1,1,1.554424590434028
10290656,13,4,0.13758142292499542,8,2,1.983539370409802
10290672,10,6,0.06411934643983841,8,9,2.74700914405882
10290648,10,1,0.18421342968940735,13,13,1.69166024962421
10290717,10,1,0.26879987120628357,3,3,1.3137881494765478
10290668,11,2,0.1308366358280182,8,12,2.0338057887487664
10290828,8,1,0.25122690200805664,1,1,1.3813987561411272
10290669,10,1,0.31656527519226074,15,15,1.1502258179287614
10290721,12,3,0.12698431313037872,10,8,2.0636917188110386
10290829,10,1,0.22835469245910645,5,5,1.4768551901464282
10290830,13,3,0.09012546390295029,2,8,2.406552536062113
10290831,11,1,0.2061409205198288,5,5,1.5791952638754139
10290834,16,3,0.14336131513118744,7,2,1.9423871561704495
10294004,4,1,0.40204790234565735,6,6,0.9111840373982882
10294007,5,4,0.10062155872583389,3,6,2.296388742826133
10293878,6,5,0.058938637375831604,5,1,2.8312584207754012
10293986,7,2,0.24822694063186646,8,1,1.393411868057522
10293925,4,1,0.37823134660720825,2,2,0.9722492425139434
10294005,6,1,0.40771058201789856,5,5,0.8971977140905308
10293879,10,1,0.43956345319747925,2,2,0.8219731964021508
10293984,8,2,0.16235508024692535,7,1,1.8179694889799922
10293927,10,1,0.2718619406223297,4,4,1.302460912785462
10294006,8,2,0.2788890302181244,5,1,1.2769413174344404
10293880,8,3,0.1590205430984497,7,3,1.838721883230707
10293992,11,3,0.2151167243719101,6,4,1.5365744941181674
10293922,6,4,0.0984373614192009,2,3,2.318334857768119
10294001,8,3,0.165743887424469,6,3,1.7973115288799324
10293990,6,2,0.21819250285625458,3,5,1.5223775652190314
10294002,8,4,0.13944163918495178,8,6,1.9701091223535818
10293926,9,3,0.17293091118335724,3,8,1.7548631215703647
10293876,11,10,0.02610265091061592,5,16,3.6457184023545657
10293991,10,1,0.4451792240142822,8,8,0.8092783273042548
10293923,7,2,0.26543930172920227,1,4,1.3263690831597894
10293998,9,3,0.16840168833732605,4,6,1.7814031514680753
10293877,11,8,0.06799142062664032,2,8,2.6883737490210775
10293989,10,4,0.1086067408323288,11,5,2.2200218031293115
10293920,11,2,0.2044069766998291,8,3,1.5876422886527568
10293999,8,4,0.11539891362190247,2,4,2.1593603389740923
10293881,9,2,0.15204128623008728,1,7,1.883603175083092
10293921,9,6,0.08327846229076385,3,4,2.485565319173895
10293988,10,10,0.022723421454429626,2,6,3.7843591042826485
10294000,10,6,0.07092874497175217,6,3,2.6460794978235644
10293883,10,4,0.1418592482805252,12,6,1.9529199222457438
10293924,13,2,0.1495707929134369,7,6,1.8999854670383527
10293985,11,3,0.11790137737989426,3,14,2.1379067888955663
10293916,5,1,0.33485621213912964,1,1,1.0940540567924015
10291481,9,2,0.2266862690448761,4,9,1.4841882921390317
10294003,12,5,0.09484734386205673,4,3,2.355486586556144
10293882,14,3,0.14846520125865936,11,5,1.907404683158632
10293915,6,2,0.2121364027261734,7,6,1.5505258021232844
10293987,13,7,0.06698878854513168,5,1,2.703230008740547
10291482,11,2,0.2673237919807434,6,10,1.319294651265765
10293917,8,2,0.22524316608905792,3,9,1.4905747221812014
10291483,8,2,0.18484683334827423,1,8,1.688227724672528
10293911,10,1,0.3818487823009491,5,5,0.9627306065988831
10291485,8,3,0.1643907129764557,2,6,1.8055092883665544
10293912,10,2,0.21002405881881714,9,8,1.5605331890229377
10291484,10,3,0.13961158692836761,5,2,1.9688910911787119
10293918,5,2,0.23890255391597748,6,1,1.4316995343936696
10291486,12,3,0.11960695683956146,3,11,2.1235442716024107
10293914,7,6,0.09029477834701538,8,7,2.4046756458456104
10291480,12,2,0.19168531894683838,2,1,1.6519002153434408
10293913,5,1,0.3278701901435852,7,7,1.1151375106897083
10293825,11,3,0.1238074079155922,2,8,2.0890280827545453
10293826,7,7,0.06696101278066635,3,7,2.7036447277560067
10293819,7,7,0.0776318609714508,4,6,2.5557773565286697
10298384,11,5,0.08624689280986786,8,5,2.4505412491124345
10293820,14,10,0.04001924395561218,3,9,3.218394841668863
10298461,4,1,0.4125240743160248,4,4,0.8854607129321534
10293821,14,4,0.11140774190425873,3,2,2.194558457456155
10293824,10,1,0.22608117759227753,5,5,1.4868611513179888
10298376,12,1,0.28215354681015015,3,3,1.2653038639915584
10298383,13,3,0.11363700777292252,4,2,2.174746053098508
10298627,6,1,0.3316445052623749,1,1,1.1036916510284938
10298463,13,4,0.09555288404226303,3,4,2.348075425158874
10298378,14,2,0.12354979664087296,12,4,2.0911109925150972
10298629,5,1,0.36378014087677,4,4,1.011205602412367
10298467,12,1,0.2273462861776352,10,10,1.4812809341089546
10298501,13,1,0.193783700466156,1,1,1.6410126879842841
10298377,10,1,0.33934199810028076,2,2,1.0807468361891206
10298464,13,1,0.22676777839660645,10,10,1.4838287877832181
10298631,8,3,0.20589520037174225,6,2,1.5803879757021546
10298496,6,1,0.29054901003837585,2,2,1.235983007665671
10298381,14,1,0.15609955787658691,4,4,1.857261283773622
10298466,8,2,0.20864486694335938,1,2,1.5671216735251243
10298632,7,3,0.13864751160144806,1,2,1.9758204544204025
10298497,12,6,0.10089612007141113,14,12,2.2936638055689427
10293840,6,5,0.056983403861522675,3,1,2.864995213867147
10298380,10,1,0.2769455313682556,2,2,1.283934429790245
10298440,5,4,0.11817097663879395,5,4,2.1356227486721777
10298498,9,9,0.0633913204073906,1,12,2.7584283290025344
10298628,7,3,0.17307527363300323,1,5,1.7540286714110456
10293846,6,6,0.024057824164628983,4,7,3.7272950062477985
10298438,7,1,0.419998437166214,2,2,0.8675042887444699
10298502,11,1,0.20656323432922363,7,7,1.5771486939446964
10298630,5,2,0.2734161913394928,3,2,1.2967601342823807
10298439,8,3,0.143743634223938,10,11,1.9397238839447892
10298499,14,4,0.10227052122354507,3,5,2.2801338076332986
10293841,12,6,0.08925192058086395,3,7,2.4162923394406
10298441,8,1,0.2183935046195984,6,6,1.5214567763064066
10293842,7,2,0.22281399369239807,2,1,1.5014179645871932
10298500,12,2,0.1807868927717209,7,4,1.7104363293836358
10298442,6,1,0.23127344250679016,6,6,1.4641545347251623
10293839,9,1,0.380121111869812,6,6,0.9672653615938108
10298436,11,1,0.2278512418270111,5,5,1.4790623110917451
10293844,7,1,0.2253720909357071,2,2,1.4900025052038257
10298437,8,3,0.13104823231697083,4,7,2.032189837918949
10293845,6,4,0.10802392661571503,4,6,2.2254025336567835
10298314,7,2,0.17948326468467712,5,8,1.7176733083547104
10298315,7,5,0.12104179710149765,8,5,2.111619362441917
10298316,5,5,0.09884129464626312,8,3,2.314239799543392
10298325,11,2,0.19598010182380676,2,1,1.629742146212365
10298416,4,3,0.23227153718471527,1,3,1.4598481728224166
10298474,12,3,0.12548351287841797,4,10,2.0755809005269974
10298318,8,4,0.08582857251167297,8,2,2.4554033149681667
10298541,10,3,0.13906021416187286,4,11,1.9728482442443305
10298329,16,6,0.05624299868941307,2,6,2.878073713388128
10298418,7,2,0.1792851686477661,1,5,1.7187776198751115
10298475,7,1,0.3062208890914917,3,3,1.183448577669093
10298317,10,3,0.16633516550064087,5,3,1.79375045692548
10298583,8,1,0.3757077157497406,7,7,0.978943789616181
10298533,6,1,0.29681992530822754,5,5,1.2146296361544549
10301570,7,1,0.4141073524951935,1,1,0.8816300332267489
10298330,12,1,0.2720303535461426,4,4,1.3018416249926361
10298420,10,3,0.12298905849456787,7,12,2.095659882895196
10301660,8,2,0.23498424887657166,12,2,1.4482367931414666
10298472,13,3,0.14390887320041656,4,6,1.9385750047214976
10298320,7,2,0.1679101139307022,10,7,1.7843264788885536
10298579,7,3,0.1577295958995819,3,1,1.8468731304616788
10301613,9,4,0.13959908485412598,1,7,1.9689806441615558
10298539,12,2,0.16525742411613464,7,6,1.800250874686834
10301571,7,1,0.4545176029205322,1,1,0.7885186358164015
10301689,8,3,0.1954086273908615,5,7,1.6326623878872375
10298411,10,1,0.21778537333011627,4,4,1.5242452271657525
10301654,11,1,0.31956616044044495,2,2,1.1407909516706316
10298469,13,1,0.15760044753551483,11,11,1.8476922618700373
10298327,16,3,0.11911465227603912,9,7,2.1276687852001017
10298321,8,2,0.1802201122045517,10,8,1.7135763295777717
10298582,12,2,0.18661653995513916,14,7,1.678699355937899
10301610,8,2,0.2203996777534485,8,10,1.5123126638031377
10298536,12,1,0.1867949366569519,14,14,1.6777438592455962
10301803,7,1,0.2934211790561676,2,2,1.2261462309562818
10301574,8,3,0.13587090373039246,8,2,1.9960500813336217
10301684,9,1,0.40852871537208557,5,5,0.8951930724841258
10298413,10,1,0.4932175278663635,1,1,0.706804969259448
10301658,9,5,0.07358480989933014,3,4,2.6093166617854453
10298470,11,3,0.14014995098114014,4,5,1.9650423511313715
10298693,5,1,0.3641120195388794,3,3,1.010293712703547
10298328,17,2,0.12761075794696808,3,16,2.058770601696113
10298584,8,4,0.1358141154050827,6,4,1.996468126659179
10301612,9,1,0.3689163029193878,2,2,0.9971854820261369
10298534,9,7,0.07803374528884888,2,9,2.5506139139424273
10301806,10,1,0.21685269474983215,3,3,1.528536981986034
10301579,12,2,0.28029924631118774,10,5,1.2718975096798408
10301685,8,2,0.2058076113462448,2,4,1.580813472076364
10298419,11,9,0.0478152297437191,3,6,3.040411076346015
10298479,9,2,0.13817891478538513,9,2,1.9792059495824834
10298689,6,1,0.2193925678730011,5,5,1.5168926064959871
10298323,13,13,0.028270158916711807,4,6,3.565948485901854
10298580,10,7,0.06491335481405258,3,5,2.734701901185869
10301611,11,2,0.13908758759498596,7,4,1.9726514177152077
10298535,12,2,0.12932242453098297,13,3,2.0454465779942574
10301804,12,1,0.2175760716199875,4,4,1.5252067350286165
10301572,9,4,0.1355057954788208,2,8,1.9987408685156292
10301688,10,2,0.1522536724805832,3,6,1.8822072512999057
10298412,11,1,0.2153906524181366,3,3,1.5353019115889803
10301656,12,4,0.0945441946387291,8,6,2.3586878856703994
10298473,12,3,0.13642366230487823,2,6,1.991990071309732
10298690,8,1,0.43026497960090637,1,1,0.8433540284572582
10298585,10,3,0.11859264224767685,13,14,2.13206083272681
10301608,11,6,0.08072464913129807,2,8,2.5167113088161437
10298537,12,8,0.05510377511382103,5,2,2.8985370513077853
10301808,12,2,0.18549354374408722,7,6,1.6847352021544268
10301568,11,2,0.29474377632141113,1,2,1.2216488548973001
10301686,12,1,0.25366830825805664,3,3,1.3717277383585547
10298414,7,1,0.20183134078979492,8,8,1.6003228769281512
10301659,11,1,0.18474014103412628,3,3,1.688805084398422
10298478,8,1,0.3790568709373474,9,9,0.970069029913212
10298694,5,2,0.2611978352069855,1,3,1.3424771694894526
10298587,12,5,0.07149379700422287,1,12,2.638144588231318
10301609,11,4,0.11357259750366211,12,9,2.1753130209510108
10298542,10,6,0.07896467298269272,2,6,2.538754703963031
10301805,12,1,0.2216370850801468,6,6,1.5067139866659935
10301569,7,4,0.14309939742088318,2,5,1.9442158033238934
10301687,12,6,0.0668492540717125,7,10,2.7053151337355934
10298417,15,2,0.1695936918258667,6,5,1.7743497507390198
10301657,13,7,0.06792740523815155,4,3,2.689315714091992
10298477,11,2,0.13621562719345093,1,9,1.993516154745359
10298691,5,2,0.27290278673171997,1,2,1.2986396397709896
10298586,9,7,0.08577600121498108,5,1,2.4560160177323747
10298540,13,2,0.1480725109577179,11,19,1.9100531862954
10301578,12,1,0.2487868219614029,2,2,1.3911588859129569
10301810,12,4,0.11546836793422699,3,7,2.158758657229051
10298415,14,4,0.12256919592618942,1,2,2.0990795437697827
10298471,16,4,0.09683433175086975,1,15,2.3347536807311973
10298581,10,2,0.18575872480869293,3,15,1.68330662578107
10301717,8,3,0.1684560477733612,9,7,1.7810804072904611
10301789,13,1,0.4127747416496277,13,13,0.8848532545511119
10301899,10,1,0.26884225010871887,6,6,1.3136305022207135
10301522,9,3,0.15484288334846497,8,3,1.8653443319757432
10301909,10,2,0.30214035511016846,7,8,1.1968636175506127
10301791,8,1,0.3400946259498596,8,8,1.0785313884761898
10301895,8,1,0.34975558519363403,3,3,1.0505206964614522
10301591,10,1,0.31899771094322205,2,2,1.1425713519496148
10301523,10,1,0.4244042932987213,3,3,0.8570687561324937
10301910,10,3,0.101286880671978,4,7,2.289798385769308
10301718,14,1,0.18589282035827637,2,2,1.6825850059888412
10301793,11,1,0.5203717350959778,10,10,0.6532118476236433
10301893,12,3,0.15848468244075775,8,5,1.8420973310871371
10301592,11,3,0.215938001871109,7,3,1.5327639408729952
10301524,11,1,0.3386748731136322,5,5,1.08271470817066
10301908,10,2,0.23543822765350342,3,8,1.446306702890625
10301715,14,4,0.08376359939575195,14,18,2.479756740614504
10301787,8,2,0.279489666223526,9,12,1.2747899594371113
10301897,8,1,0.30439144372940063,3,3,1.189440762031578
10301597,10,2,0.1907263696193695,9,3,1.656915497910278
10301520,12,1,0.37243902683258057,2,2,0.9876819409160849
10301714,14,1,0.6244447827339172,11,11,0.4708923716860591
10301911,9,4,0.10059891641139984,1,2,2.2966137926329595
10301713,9,2,0.20079495012760162,4,7,1.6054710402477226
10301792,10,1,0.24916982650756836,1,1,1.3896205808300905
10301901,8,6,0.06524136662483215,4,7,2.7296615537964826
10301593,10,4,0.09202540665864944,2,9,2.3856905807249205
10301521,12,1,0.2844262719154358,5,5,1.2572812086829566
10301905,9,8,0.03985346108675003,6,8,3.222546024650403
10301716,11,3,0.13648365437984467,3,2,1.991550419660509
10301794,7,6,0.0669710636138916,3,7,2.7034946392407733
10301898,13,10,0.008287876844406128,2,10,4.792961453082396
10301594,10,1,0.19427280128002167,4,4,1.6384919155160707
10301518,12,4,0.10992062091827393,5,2,2.2079968017042386
10301906,10,1,0.27320030331611633,1,1,1.297550041051432
10301790,8,1,0.469772070646286,4,4,0.755507657978992
10301719,13,1,0.23847568035125732,1,1,1.4334879430300693
10301892,9,7,0.04207920283079147,6,18,3.1682016548673086
10301596,11,11,0.038090016692876816,3,5,3.2678030602434447
10301519,12,6,0.04105979949235916,2,13,3.1927257506872677
10301907,9,2,0.2522309422492981,4,2,1.3774101736459594
10301788,10,2,0.21513062715530396,2,8,1.5365098671850819
10301720,9,4,0.13950662314891815,4,14,1.9696432010777278
10301595,11,2,0.17023064196109772,1,9,1.7706010440231474
10301894,14,5,0.05284270644187927,6,8,2.9404355810734657
10301900,13,3,0.13741528987884521,19,7,1.9847476253352339
10302110,9,7,0.04143359139561653,2,6,3.183663340779288
10301583,11,2,0.25521406531333923,12,6,1.3656526141660885
10305601,8,3,0.22895844280719757,8,11,1.4742147643536687
10302108,6,1,0.33864691853523254,1,1,1.0827972526237108
10301577,10,1,0.21733640134334564,3,3,1.526308889212746
10305595,11,1,0.3363807499408722,10,10,1.0895115762398506
10302103,6,3,0.2048373520374298,7,5,1.5855390194512782
10301576,12,2,0.17850379645824432,3,6,1.7231454093149807
10305602,12,6,0.06677040457725525,9,1,2.706495341863752
10302104,11,2,0.2785070538520813,12,6,1.2783118919208925
10301575,10,3,0.15719343721866608,6,1,1.850278147831364
10305596,9,3,0.11958686262369156,2,3,2.123712287782446
10302105,8,5,0.08974819630384445,7,5,2.4107473487087923
10305597,8,2,0.233048215508461,1,5,1.4565099133115145
10301582,10,3,0.13455142080783844,9,1,2.0058088421634634
10302106,8,6,0.088727667927742,5,10,2.422183511273685
10305598,11,1,0.35424965620040894,4,4,1.0377533709117224
10301573,9,6,0.07955671846866608,5,11,2.5312850718416495
10305600,8,2,0.18581821024417877,4,5,1.6829864474794456
10302109,11,9,0.04423048347234726,1,8,3.1183410562923854
10301580,10,5,0.09099750965833664,8,4,2.396923139231659
10305599,9,1,0.2458449751138687,5,5,1.4030541241621524
10302107,8,2,0.1559075564146042,1,2,1.8584920344675928
10301581,11,4,0.12906478345394135,1,10,2.0474408033619604
10305573,8,5,0.1254657357931137,5,1,2.0757225792562872
10305621,12,1,0.3218282163143158,5,5,1.133737365501089
10305574,10,1,0.347439706325531,8,8,1.0571641360082562
10305622,11,2,0.20150436460971832,2,4,1.601944237235851
10305669,7,1,0.6124720573425293,2,2,0.4902519582691675
10305575,7,2,0.1959591656923294,2,3,1.629848979761501
10305619,10,4,0.09603823721408844,9,11,2.3430088625029857
10305664,10,1,0.29242241382598877,6,6,1.2295558993726885
10305620,7,1,0.5644870400428772,3,3,0.5718378539502491
10305576,7,1,0.26718074083328247,1,1,1.3198299176371213
10305665,11,1,0.5600215792655945,1,1,0.5797799615925259
10305624,9,1,0.29282692074775696,10,10,1.228173558676903
10305579,9,5,0.06964126229286194,3,8,2.6643980382719543
10305666,10,1,0.25912293791770935,7,7,1.350452666124874
10305623,5,3,0.2001987248659134,1,7,1.6084447814224327
10305578,11,2,0.17886322736740112,3,2,1.7211338581287112
10305625,10,4,0.13955947756767273,3,6,1.9692644060950992
10305667,10,1,0.2803323566913605,3,3,1.2717793915429614
10305577,9,5,0.07441820949316025,3,1,2.5980546158376385
10305626,6,3,0.17435778677463531,2,8,1.7466458451162552
10305670,10,1,0.23136933147907257,6,6,1.463740007668663
10305580,10,2,0.1765962839126587,11,2,1.7338890334308479
10305668,14,2,0.12867215275764465,6,11,2.050487561081608
10315554,11,2,0.17015820741653442,17,6,1.771026642839261
10315550,12,2,0.24483710527420044,9,2,1.4071621659976006
10315551,10,1,0.3438703417778015,12,12,1.0674906060950853
10315553,10,1,0.29020819067955017,1,1,1.237156714672765
10315556,10,2,0.19409523904323578,6,8,1.6394063174787563
10315555,12,11,0.032519664615392685,2,1,3.4259103075355153
10315526,6,2,0.24015282094478607,1,5,1.4264798043453075
10315486,6,2,0.2289104014635086,8,2,1.4744246119747348
10315552,12,3,0.12089669704437256,7,4,2.112818841466818
10315527,7,3,0.205851212143898,1,4,1.5806016423021516
10315557,12,1,0.29007968306541443,1,1,1.237599624552674
10315529,9,5,0.11459904164075851,9,5,2.1663158373825513
10315512,12,1,0.3351621627807617,2,2,1.0931407962779167
10315490,10,7,0.035662438720464706,2,3,3.3336572807625453
10315530,7,2,0.17708083987236023,3,4,1.7311489282315438
10315601,10,7,0.059795964509248734,7,8,2.8168171034255702
10315516,9,1,0.31283682584762573,2,2,1.1620735475486792
10306664,7,1,0.24793274700641632,3,3,1.3945977510192271
10315491,8,2,0.3026851415634155,1,4,1.1950621505040828
10315528,8,3,0.11465196311473846,9,2,2.1658541471493815
10315604,12,2,0.15687939524650574,4,9,1.8522779519809656
10315513,9,1,0.4032748341560364,1,1,0.9081369788612284
10306661,9,1,0.22020487487316132,5,5,1.513196916550046
10315493,9,2,0.2092421054840088,10,5,1.5642632979992468
10315532,11,3,0.1471121460199356,7,8,1.9165600849674311
10315602,10,7,0.07235053181648254,11,2,2.626232475323746
10315514,10,1,0.23885878920555115,3,3,1.4318827418095847
10306665,8,6,0.07536141574382782,1,7,2.585459862480887
10315488,9,1,0.23948226869106293,1,1,1.4292758995647181
10315603,10,3,0.15510551631450653,1,2,1.8636496432521794
10306668,8,1,0.27590107917785645,1,1,1.2877128862846456
10306670,13,9,0.06324294954538345,1,10,2.7607716272259157
10306662,11,5,0.0621148981153965,9,8,2.778769413575485
10306663,11,3,0.1231720969080925,3,11,2.0941727396701886
10306667,9,9,0.02321980521082878,8,4,3.7627496916007748
10319222,14,1,0.28079351782798767,2,2,1.2701356917550994
10319216,13,2,0.2162323147058487,2,12,1.5314019182215126
10319220,14,1,0.22341910004615784,3,3,1.498705898928481
10319225,13,6,0.07501395046710968,10,5,2.590081176514711
10319221,11,4,0.09601397067308426,5,10,2.343261570257823
10319309,5,4,0.16722726821899414,4,1,1.7884015041946701
10319256,7,3,0.17906494438648224,2,3,1.720006721142268
10319217,11,4,0.13255536556243896,2,4,2.020754867530813
10319312,8,2,0.18827351927757263,2,1,1.6698594837045881
10319257,6,1,0.3787323236465454,7,7,0.9709255934877918
10319218,11,3,0.1316179782152176,6,8,2.0278516568439273
10319310,8,1,0.346263587474823,11,11,1.0605549804459853
10319258,7,1,0.27336385846138,11,11,1.2969515563296614
10319219,14,6,0.043215617537498474,1,12,3.1415533319919
10319313,9,4,0.1050490140914917,8,5,2.253328236870897
10319259,7,1,0.6546478867530823,4,4,0.42365776536967253
10319224,14,3,0.11962276697158813,1,6,2.123412096287422
10319311,7,1,0.3212977349758148,1,1,1.1353870624469067
10319262,8,2,0.21402493119239807,3,1,1.5416627698469318
10319439,5,1,0.29279187321662903,3,3,1.2282932526878567
10319315,7,2,0.2250346839427948,4,2,1.4915007378008736
10319261,9,1,0.24790455400943756,6,6,1.3947114697610459
10319438,5,2,0.2337428331375122,2,1,1.4535337716576588
10319316,7,4,0.1017119362950325,3,1,2.2856106151152376
10315775,8,1,0.2979193329811096,5,5,1.2109325238154174
10319260,12,4,0.12767870724201202,5,3,2.058238270316138
10319441,5,1,0.2547357976436615,3,3,1.3675283586054858
10319285,8,5,0.10866161435842514,6,8,2.219516680998526
10319314,9,7,0.0560363344848156,4,6,2.881754968560231
10315776,13,3,0.17135374248027802,10,1,1.7640251897545534
10319440,4,2,0.1465134471654892,1,2,1.9206380652118922
10315779,6,4,0.18358823657035828,3,2,1.6950598738159266
10319317,11,1,0.19835332036018372,4,4,1.6177053922567726
10319287,9,5,0.1552399843931198,3,6,1.8627830730153208
10315778,16,2,0.22126945853233337,14,6,1.5083740507925731
10319291,8,4,0.12429295480251312,3,1,2.085113961053981
10315780,11,1,0.22367464005947113,6,6,1.4975627827619276
10319289,10,1,0.1808452606201172,4,4,1.710113527064452
10315777,10,2,0.23241856694221497,4,1,1.4592153650173854
10319290,7,1,0.252088338136673,7,7,1.3779757047369647
10315774,12,7,0.05448967218399048,1,13,2.9097440964817456
10319288,9,2,0.17275604605674744,5,9,1.7558748180654877
10319292,9,2,0.18286015093326569,4,6,1.6990336208427974
10323048,11,8,0.04853829741477966,5,6,3.0254021552201653
10323151,13,6,0.04630926623940468,6,9,3.072413203153878
10319505,4,1,0.2821248471736908,1,1,1.2654055855417368
10323376,6,3,0.19413340091705322,4,1,1.6392097226374058
10323152,9,3,0.13629716634750366,7,1,1.992917730315984
10319501,9,1,0.265070378780365,6,6,1.3277599079528566
10323375,7,1,0.27258676290512085,4,4,1.2997983195739875
10323044,8,1,0.3005251884460449,7,7,1.202223706735881
10319502,8,1,0.5533939599990845,6,6,0.5916851260381968
10323372,7,1,0.27708280086517334,1,1,1.2834388973716293
10323041,8,1,0.27925923466682434,6,6,1.2756147720475641
10323155,14,6,0.08165552467107773,2,10,2.5052457990123416
10319497,5,2,0.26089051365852356,2,1,1.3436544475674828
10319545,7,3,0.1945948451757431,5,1,1.6368355989143641
10323373,8,1,0.510551393032074,2,2,0.6722639744913657
10323045,12,1,0.3393668532371521,8,8,1.0806735937764618
10323156,8,4,0.1970812976360321,3,8,1.6241389570169487
10319503,6,1,0.23404943943023682,7,7,1.4522229063244338
10319546,11,2,0.17154166102409363,6,9,1.7629291204534874
10323370,5,4,0.18111103773117065,5,2,1.7086449676829458
10323043,9,2,0.29960334300994873,9,2,1.2052958691571707
10323149,9,4,0.14229054749011993,4,2,1.9498842027257062
10319498,13,4,0.09088073670864105,1,9,2.3982072176530562
10323374,7,1,0.24706028401851654,7,7,1.398122907280847
10323042,7,4,0.12254610657691956,9,6,2.099267939590871
10319469,10,6,0.03571879863739014,2,1,3.332078156311266
10323150,14,1,0.18802902102470398,5,5,1.67115896091289
10319499,10,2,0.18209874629974365,6,4,1.70320617695243
10319537,5,3,0.24649493396282196,1,4,1.4004138375855466
10323117,9,2,0.391671746969223,7,2,0.9373311701708597
10323371,5,2,0.25174829363822937,1,5,1.3793255254075112
10323046,9,1,0.30731505155563354,1,1,1.1798818310398635
10319465,7,1,0.2543650269508362,1,1,1.3689849296439354
10323154,9,1,0.24174058437347412,4,4,1.4198900931901586
10319500,7,3,0.1402149200439453,2,4,1.9645788903295203
10323119,4,3,0.20947173237800598,3,7,1.5631664777069438
10319544,11,2,0.21851377189159393,2,9,1.520906237180606
10323047,8,1,0.35397133231163025,10,10,1.0385393512981316
10319470,10,1,0.5086483955383301,9,9,0.6759982761003871
10319504,7,4,0.1444021612405777,4,1,1.9351530855954044
10323134,7,2,0.28972357511520386,2,3,1.238827999833302
10319542,13,4,0.08564101159572601,10,11,2.4575910031430523
10319466,10,4,0.14237505197525024,2,7,1.9492904921560323
10323115,6,3,0.1267143338918686,1,7,2.0658200655215393
10319541,13,1,0.2595727741718292,3,3,1.348718175723618
10319467,9,2,0.2767941355705261,2,1,1.2844812419857259
10323123,6,1,0.34056976437568665,12,12,1.0771352863449348
10319538,11,10,0.011172004044055939,2,11,4.494344268917896
10319468,10,1,0.42819827795028687,2,2,0.8481689244360264
10323118,8,7,0.09101589769124985,8,3,2.3967210878196936
10319539,9,2,0.229215607047081,4,7,1.4730922028861628
10323116,7,3,0.1380314826965332,5,6,1.9802734843617495
10319540,11,9,0.025559252128005028,5,1,3.6667559093685913
10323124,7,5,0.13244523108005524,4,1,2.021586069347866
10322960,9,6,0.07857508212327957,8,5,2.5437006511411826
10322966,14,2,0.14710493385791779,2,12,1.9166091110948216
10322922,13,2,0.13787958025932312,12,8,1.9813745815843846
10322959,14,1,0.1878259778022766,5,5,1.672239394818586
10322917,9,4,0.14546750485897064,8,5,1.9278025516160162
10322963,12,2,0.16652719676494598,2,4,1.7925966389671968
10327178,6,2,0.20248635113239288,3,4,1.5970827965224914
10322964,7,2,0.1887364685535431,2,3,1.6674035832053915
10327180,9,1,0.23421162366867065,2,2,1.4515301976723594
10322924,16,1,0.3061401844024658,11,11,1.1837121629719036
10323215,10,6,0.09870126098394394,3,4,2.315657556697829
10323084,10,7,0.03694585710763931,2,9,3.2983017594534707
10322967,14,8,0.07192832976579666,2,9,2.6320850756450005
10323222,7,1,0.3648938834667206,3,3,1.008148697898034
10327181,9,4,0.13068222999572754,1,4,2.034986627842313
10322919,13,1,0.18542277812957764,1,1,1.685116774014143
10323025,7,3,0.16369786858558655,1,4,1.8097328149366871
10323206,12,5,0.046131864190101624,9,10,3.0762513705640417
10323086,16,3,0.10758145898580551,3,7,2.2295069603605735
10323264,5,2,0.21213552355766296,4,6,1.5505299464866324
10322962,14,1,0.1653803586959839,8,8,1.799507253770503
10323214,6,4,0.10138384997844696,4,10,2.2888414709394533
10327176,6,2,0.20046421885490417,1,7,1.607119507737856
10323126,7,1,0.2915201485157013,1,1,1.2326461554578012
10322921,16,2,0.1441836953163147,4,5,1.9366671304526442
10323534,7,1,0.39073702692985535,8,8,0.9397205106671287
10323028,9,1,0.3604326844215393,3,3,1.0204500680660304
10323207,7,1,0.39544782042503357,11,11,0.9277364336641326
10323085,11,5,0.07695410400629044,3,10,2.5645460867043446
10323063,6,1,0.372566282749176,1,1,0.9873403167257698
10323252,8,2,0.23204177618026733,1,5,1.4608378537839055
10323258,10,4,0.11939162015914917,12,10,2.1253462634082707
10322958,11,8,0.06246645376086235,4,2,2.773125606162368
10322971,7,2,0.2099134922027588,5,8,1.5610597750276631
10323514,9,1,0.23825637996196747,1,1,1.4344079583720803
10323216,8,5,0.11325596272945404,2,6,2.178104864972304
10327177,6,1,0.4246579706668854,6,6,0.8564712089643333
10323130,6,3,0.16459618508815765,5,2,1.804260167871925
10322920,11,1,0.19481313228607178,2,2,1.6357144758463902
10323532,10,2,0.19900307059288025,10,5,1.6144350242617116
10323023,5,2,0.22048163414001465,6,2,1.5119408794462175
10323193,8,1,0.2668628692626953,3,3,1.3210203507857132
10323203,8,3,0.2020016312599182,4,10,1.5994795060693898
10323088,12,10,0.054963160306215286,4,7,2.9010921307886233
10323064,8,1,0.45333877205848694,10,10,0.7911155918042759
10323251,5,4,0.20577943325042725,6,2,1.580950396191112
10322961,14,5,0.08683937042951584,16,7,2.4436951837735923
10322972,5,4,0.10969951748847961,4,5,2.210010310174804
10323515,9,6,0.03378152474761009,1,5,3.387841231036485
10323219,7,1,0.1937393844127655,6,6,1.6412414023773765
10327179,5,3,0.20572178065776825,3,2,1.581230602378057
10323122,8,6,0.08937208354473114,2,10,2.4149469101677337
10322925,16,4,0.08010268211364746,8,10,2.524445940903532
10323528,9,2,0.16633111238479614,6,2,1.7937748243838874
10323031,12,3,0.1193157285451889,5,8,2.1259821182902354
10323194,7,2,0.17360500991344452,7,5,1.7509726182238856
10323200,7,1,0.2827119529247284,2,2,1.2633267338721117
10323087,16,2,0.1508396714925766,3,12,1.8915377844478618
10323065,7,3,0.11687575280666351,7,4,2.1466438502674974
10323719,9,6,0.0954425036907196,2,9,2.3492312683982566
10323253,8,2,0.2235565334558487,5,10,1.4980909508028077
10323262,7,2,0.21288615465164185,1,3,1.5469977413644045
10322957,14,3,0.08289329707622528,9,14,2.4902010756439465
10322974,7,1,0.39267992973327637,2,2,0.9347604270992698
10323517,7,3,0.18379494547843933,1,2,1.6939345695559906
10323220,12,1,0.23409847915172577,8,8,1.4520134010816599
10323344,5,5,0.1214342713356018,4,1,2.1083821392439166
10323131,8,3,0.1619325876235962,4,3,1.8205751561343824
10323535,7,3,0.15496687591075897,1,2,1.8645438887023567
10323027,15,6,0.08257231116294861,8,2,2.494080870597561
10323204,8,2,0.2557655870914459,7,9,1.3634939294134505
10323082,13,4,0.10021232813596725,12,4,2.300464062610499
10323066,7,2,0.2927163541316986,3,2,1.228551213487797
10323716,8,3,0.16328778862953186,9,3,1.8122410605554202
10323259,12,6,0.06274168193340302,2,3,2.768729268587173
10322969,5,4,0.19463025033473969,5,3,1.6366536725200869
10323519,7,1,0.3381918966770172,4,4,1.0841418029554535
10323217,14,3,0.12498564273118973,7,5,2.0795564064270207
10323345,4,1,0.5198845267295837,5,5,0.6541485560480905
10323127,7,1,0.5169728398323059,12,12,0.6597649400271655
10323533,7,3,0.18389885127544403,4,8,1.6933693938544268
10323024,12,10,0.03921116888523102,5,10,3.2387936522262617
10323201,6,6,0.05342840030789375,8,4,2.92941283342148
10323083,9,1,0.1863439381122589,6,6,1.6801611831686944
10323068,8,5,0.12007809430360794,4,6,2.1196129620059825
10323720,9,1,0.34197843074798584,8,8,1.0730076118967466
10323254,10,2,0.1549287885427475,3,1,1.864789696389085
10323261,7,2,0.1368480771780014,3,1,1.988883894175077
10322970,8,6,0.054515983909368515,11,2,2.9092613375712078
10323516,7,3,0.18317100405693054,2,6,1.697335114067299
10323221,14,1,0.15271899104118347,17,17,1.8791557061790336
10323347,6,4,0.08808261156082153,4,5,2.429480137134174
10323132,8,2,0.22197958827018738,1,3,1.505169846065919
10323529,10,1,0.3637191653251648,2,2,1.0113732329550444
10323030,12,10,0.031241564080119133,8,12,3.466005888678822
10323205,7,2,0.19551411271095276,2,5,1.6321227143823194
10323089,16,3,0.10759489983320236,7,15,2.229382031697517
10323067,9,4,0.12362933158874512,2,5,2.090467451523698
10323257,6,6,0.030564479529857635,1,7,3.4879167439514327
10323265,10,8,0.06234366446733475,2,6,2.7750932244113664
10322973,9,2,0.14796456694602966,4,7,1.9107824464086027
10323521,7,1,0.29104021191596985,1,1,1.2342938360791038
10323213,15,9,0.06135639548301697,12,10,2.7910558674064907
10323346,7,1,0.44621071219444275,1,1,0.8069639896644362
10323133,10,1,0.28844982385635376,9,9,1.2432341289351583
10323551,8,4,0.11677981913089752,4,2,2.147465004929987
10323530,11,7,0.08589282631874084,9,13,2.454654965484594
10323029,13,9,0.05769515037536621,12,7,2.852582157954186
10323202,10,3,0.18917129933834076,7,6,1.665102328700249
10323080,13,3,0.09966034442186356,1,3,2.3059874301659207
10323062,9,5,0.08344630897045135,1,5,2.483551860284466
10323718,11,1,0.24384793639183044,8,8,1.4112104594748405
10323250,10,8,0.02512781322002411,5,11,3.6837799499147694
10323263,11,4,0.09295134246349335,1,14,2.375679122062678
10323518,5,1,0.5352666974067688,2,2,0.6249901564701552
10323218,11,8,0.060177866369485855,16,3,2.8104506625548815
10323349,8,6,0.028506802394986153,2,7,3.5576125396613674
10323129,10,2,0.17161710560321808,9,3,1.7624894138938592
10323550,7,3,0.17016452550888062,3,2,1.7709895128344997
10323531,15,1,0.1538538932800293,2,2,1.8717518718467214
10323081,17,2,0.17230451107025146,1,9,1.7584919543037423
10323026,15,1,0.19284071028232574,8,8,1.645890766178704
10323723,8,2,0.18146619200706482,6,5,1.7066859125611573
10323260,10,6,0.06272095441818237,2,3,2.7690596859291317
10323520,5,1,0.376554399728775,3,3,0.976692754188139
10323552,7,3,0.1810283660888672,5,7,1.7091015412723845
10323724,10,1,0.30309435725212097,1,1,1.193711111877814
10323547,7,1,0.32659679651260376,1,1,1.1190289070897013
10323722,14,1,0.32811588048934937,2,2,1.1143884388168395
10323548,12,4,0.11878538131713867,3,6,2.130436932511258
10323721,9,4,0.12794487178325653,6,2,2.0561557970290574
10323549,9,2,0.14244338870048523,2,1,1.9488106304842656
10323725,8,5,0.07615240663290024,6,3,2.575018596293998
10323333,9,8,0.047350458800792694,8,2,3.0501787698343175
10323593,10,2,0.3001781702041626,8,13,1.2033790799346078
10322990,6,3,0.24114370346069336,6,2,1.4223622432758265
10323360,9,1,0.3893316388130188,10,10,0.9433237566353675
10322984,6,1,0.4027070105075836,3,3,0.909546002516429
10323340,9,2,0.2650606036186218,9,13,1.3277967862416902
10323589,12,4,0.0828738883137703,1,14,2.4904352445779008
10322987,7,1,0.41936129331588745,6,6,0.8690224553887913
10323361,6,2,0.3547383248806,2,5,1.036374874320486
10322978,6,1,0.4254636764526367,3,3,0.8545757013514648
10323334,6,1,0.4959162473678589,2,2,0.7013482226281958
10323073,6,2,0.24829886853694916,8,11,1.393122143317105
10323594,7,4,0.14870569109916687,2,5,1.905786153893541
10323363,7,3,0.13082429766654968,4,1,2.033900095233979
10322979,4,2,0.33301737904548645,1,8,1.0995606010377235
10323074,6,1,0.41509515047073364,8,8,0.8792475067889465
10323336,10,1,0.20233257114887238,3,3,1.597842543572115
10323595,9,4,0.0997224673628807,1,2,2.3053642777239287
10322989,10,6,0.05399034172296524,15,5,2.918950105396805
10323357,8,4,0.15576615929603577,1,10,1.859399375196962
10323075,7,4,0.0981924757361412,1,6,2.3208256883888754
10327394,9,1,0.4741950035095215,5,5,0.7461366420796424
10322980,7,2,0.26671090722084045,7,3,1.3215899516643956
10323335,7,2,0.21681806445121765,2,3,1.5286966897733512
10323590,9,4,0.12913841009140015,5,2,2.04687050337114
10322991,14,6,0.08445202559232712,6,14,2.4715716503164287
10323077,8,2,0.1862700879573822,3,5,1.6805575727336428
10327400,14,3,0.1598154604434967,2,4,1.833735501622078
10323358,9,1,0.2054959237575531,7,7,1.582329080972247
10322983,8,1,0.30376070737838745,5,5,1.1915150343202316
10323337,11,4,0.09144280850887299,3,9,2.3920415457407342
10323591,11,1,0.22344088554382324,8,8,1.498608394124358
10323070,6,4,0.16402919590473175,1,3,1.8077108431929567
10322992,12,8,0.057395968586206436,7,10,2.8577812118129007
10323362,11,2,0.19730231165885925,6,8,1.6230181495556093
10322981,7,3,0.1682424396276474,12,10,1.7823492468152295
10323338,11,1,0.21463990211486816,1,1,1.5387935289081627
10323592,10,6,0.08476480096578598,9,5,2.467874905305691
10323076,9,4,0.13096603751182556,2,5,2.0328172450284567
10322986,11,3,0.16217637062072754,1,3,1.819070828426655
10327395,12,3,0.1356523036956787,2,9,1.9976602573772515
10323359,9,2,0.2155519425868988,1,10,1.5345533655962524
10322982,7,1,0.34433797001838684,14,14,1.0661316329337958
10323339,8,6,0.07400456815958023,10,1,2.6036284557970824
10323596,11,8,0.04755647853016853,6,12,3.0458372525802337
10323071,9,2,0.15178853273391724,1,10,1.8852669588113475
10327396,15,7,0.031046444550156593,2,10,3.4722709844004376
10323364,12,3,0.12285295128822327,6,5,2.096767156793348
10327397,10,1,0.23420874774456024,2,2,1.4515424769167558
10327402,11,1,0.2678648829460144,5,5,1.317272593718643
10327401,14,6,0.08893169462680817,7,5,2.4198866800138337
10327067,14,4,0.09808050841093063,6,10,2.3219666231725706
10327072,10,1,0.3268199563026428,5,5,1.1183458520631684
10327079,9,3,0.12341544032096863,11,10,2.092199051181266
10327074,9,5,0.10574471950531006,1,5,2.2467273960584144
10327076,4,1,0.4211532175540924,4,4,0.8647585743257115
10327073,11,1,0.2383297085762024,6,6,1.4341002338430724
10327077,9,3,0.15655894577503204,6,7,1.854322689597161
10327070,13,3,0.09952722489833832,6,2,2.3073240551751866
10323161,8,1,0.32125014066696167,10,10,1.1355352048989926
10327081,8,2,0.1953197568655014,1,5,1.6331172845902848
10327295,11,4,0.0887925997376442,1,3,2.4214519687444644
10327066,8,2,0.16329240798950195,8,6,1.81221277127139
10323160,7,2,0.24424797296524048,5,7,1.4095712871100976
10327080,10,5,0.12041153758764267,9,8,2.116839923558654
10327296,9,3,0.15442869067192078,13,6,1.8680228382399413
10327068,11,1,0.22892063856124878,4,4,1.4743798919935762
10323493,10,2,0.19412443041801453,6,3,1.6392559316166784
10323033,8,3,0.1523381918668747,6,4,1.8816522831713784
10327107,13,3,0.20014159381389618,4,2,1.608730193856501
10323162,8,6,0.09709960222244263,5,7,2.3320180002695348
10327082,8,3,0.15647241473197937,8,5,1.8548755482316222
10327292,10,2,0.17553433775901794,4,10,1.7399205984679604
10323489,9,6,0.07922692596912384,5,2,2.5354390635823196
10323037,11,1,0.251486599445343,14,14,1.3803655733853943
10323164,11,1,0.2738775908946991,2,2,1.2950740209754281
10327293,14,1,0.22099575400352478,9,9,1.5096117903026836
10323486,13,8,0.0627242922782898,12,9,2.7690064697221235
10323034,11,2,0.18650609254837036,4,2,1.679291372612168
10327108,10,1,0.1523045003414154,5,5,1.8818734703290445
10323157,8,3,0.0925808995962143,1,7,2.379672426465601
10327294,15,3,0.1297786980867386,6,1,2.041924601533541
10323491,7,3,0.11576276272535324,10,7,2.156212330967943
10323035,11,1,0.373250275850296,6,6,0.9855061035134225
10327111,13,1,0.2343011200428009,3,3,1.451148153100808
10323158,12,2,0.18280130624771118,8,2,1.699355474212393
10327387,8,1,0.25300073623657227,2,2,1.3743628802328736
10327297,13,3,0.10521171987056732,9,11,2.2517805792699144
10323488,9,4,0.09915810078382492,8,2,2.3110397250459176
10327109,13,10,0.04691311717033386,2,4,3.059457958831699
10327382,10,1,0.285668283700943,3,3,1.2529239885050936
10327383,9,1,0.2954927086830139,1,1,1.219111116947972
10327384,10,3,0.12616349756717682,4,6,2.070176613446126
10327385,11,5,0.09806317836046219,7,5,2.3221433308790362
10327090,10,1,0.493491530418396,2,2,0.7062495825286281
10327168,6,4,0.15425299108028412,7,3,1.869161225264489
10327092,9,1,0.4461219310760498,2,2,0.8071629762628878
10327171,8,4,0.1571023315191269,3,9,1.8508578928432475
10327087,11,1,0.2617727220058441,8,8,1.3402786249538414
10327164,9,1,0.36092641949653625,8,8,1.0190811655335308
10327088,11,6,0.07932014763355255,5,9,2.5342631140923273
10327167,9,3,0.1806841790676117,1,4,1.711004638799662
10327091,11,1,0.2205611616373062,2,2,1.5115802455171978
10327169,6,1,0.2158854603767395,3,3,1.5330072879776444
10327165,10,2,0.25786542892456055,5,1,1.3553174234532899
10327086,11,7,0.07614187151193619,11,12,2.575156948451534
10340972,8,5,0.054805006831884384,8,3,2.903973723656409
10340979,6,3,0.1961631327867508,10,9,1.6288086557931463
10340973,8,1,0.29572343826293945,9,9,1.2183305916093756
10340974,7,5,0.0557321235537529,6,7,2.8871985738066557
10340927,10,1,0.25696849822998047,10,10,1.358801776580465
10340975,14,2,0.12924602627754211,7,5,2.0460375105339788
10340983,9,1,0.3091883063316345,3,3,1.1738047820925865
10340928,7,2,0.26319772005081177,1,9,1.3348497419894219
10340977,8,6,0.08252058923244476,17,18,2.494707450324153
10340987,7,5,0.09766311198472977,1,3,2.3262313553563194
10340924,8,2,0.18523834645748138,3,4,1.6861119238967874
10341059,10,1,0.2906624376773834,2,2,1.235592693122166
10340922,7,1,0.265103816986084,3,3,1.327633767503056
10341054,9,2,0.19117166101932526,3,2,1.6545835057760991
10340990,7,1,0.44952794909477234,2,2,0.7995572488170776
10340925,11,9,0.03718375787138939,7,6,3.291883229408213
10341055,10,1,0.23772603273391724,6,6,1.436636391328323
10340984,8,1,0.31905660033226013,3,3,1.1423867614275711
10340926,11,3,0.13241587579250336,14,16,2.0218077348692307
10341021,8,3,0.1334911733865738,2,5,2.0137199202821585
10341056,8,2,0.23843394219875336,12,11,1.4336629789305293
10340989,9,7,0.06446227431297302,2,5,2.741675120670362
10341019,12,1,0.4202137291431427,4,4,0.8669918182274429
10341020,9,1,0.36834198236465454,2,2,0.9987434724410816
10341023,10,4,0.10952780395746231,8,9,2.2115768445374067
10343995,8,1,0.47428539395332336,3,3,0.7459460415267636
10344004,8,2,0.2156480997800827,4,5,1.5341073675195824
10343961,8,1,0.28818705677986145,6,6,1.2441455069739353
10343996,10,2,0.17741547524929047,3,6,1.7292609792625289
10344002,7,4,0.10947436839342117,5,4,2.2120648357251462
10343959,6,2,0.2688892185688019,7,2,1.313455811086055
10343994,11,4,0.08884856104850769,3,5,2.4208219198023495
10344000,13,11,0.00729835219681263,1,18,4.920106682771868
10343955,9,5,0.0992581769824028,4,6,2.310030975076502
10341126,8,6,0.060915932059288025,4,7,2.7982605283113258
10343989,11,7,0.06128842011094093,1,11,2.7921643590896856
10344003,7,2,0.2150331735610962,4,6,1.5369629671238156
10343960,8,6,0.09442248940467834,2,8,2.3599759989851354
10341119,8,1,0.22266140580177307,1,1,1.502103021031458
10343990,12,2,0.14295357465744019,6,5,1.9452353541785146
10344005,10,2,0.21609652042388916,8,4,1.5320301172931037
10343956,10,4,0.11503154784440994,1,3,2.1625488591584037
10341120,10,2,0.22436833381652832,2,1,1.4944662301908465
10343997,14,7,0.0493311882019043,10,13,3.0091987772253503
10343998,9,1,0.2121587097644806,10,10,1.5504206534299763
10343957,11,7,0.0625632107257843,1,11,2.7715778617189284
10341121,11,1,0.2706458568572998,3,3,1.3069441139764026
10341123,8,7,0.051463108509778976,2,10,2.9668900676222054
10344037,10,3,0.21031604707241058,8,10,1.5591438935621145
10341122,14,7,0.03840029612183571,2,3,3.2596901079120513
10344040,6,4,0.15115486085414886,3,7,1.889450399132852
10344044,12,3,0.15976180136203766,7,12,1.8340713145122702
10344042,6,1,0.36597785353660583,1,1,1.0051824568743677
10344041,9,1,0.3425508737564087,5,5,1.071335095795251
10344038,8,1,0.5005306005477905,1,1,0.6920865421402073
10343948,7,2,0.20161497592926025,1,7,1.6013954601805505
10343949,9,2,0.17704777419567108,6,9,1.7313356721176443
10343942,10,3,0.20301881432533264,4,1,1.5944566228294264
10350400,10,3,0.12078730762004852,4,9,2.1137240683720546
10343943,12,3,0.13112246990203857,9,2,2.0316235077651705
10350398,10,1,0.4130411446094513,9,9,0.8842080672315227
10350564,11,2,0.24699842929840088,11,10,1.3983733014901651
10343944,9,3,0.15913435816764832,4,3,1.8380064136679197
10350375,12,8,0.05159694328904152,5,10,2.964292846833761
10350592,5,1,0.3967456817626953,2,2,0.9244598036608228
10350471,9,1,0.22018156945705414,3,3,1.513302757301636
10350406,9,1,0.2508741617202759,11,11,1.3828038132951301
10350560,11,2,0.320456326007843,10,11,1.1380092802130435
10343947,9,2,0.17674066126346588,6,8,1.7330718114515813
10350593,7,2,0.28583574295043945,5,1,1.2523379584983751
10350474,10,4,0.13993719220161438,1,6,1.966561584167418
10350402,12,1,0.18425032496452332,1,1,1.6914599841990587
10350567,14,2,0.173820361495018,6,11,1.7497329182659878
10350380,11,6,0.05950135737657547,4,7,2.821756153639078
10350590,11,6,0.09421762824058533,11,3,2.362147978595689
10350473,9,1,0.46157535910606384,11,11,0.7731099466990864
10350403,12,1,0.2272396683692932,15,15,1.4817500106795372
10350562,13,11,0.0514710433781147,1,14,2.966735893945036
10350376,11,6,0.09079933166503906,7,2,2.3991033539191693
10350597,11,1,0.1823534369468689,3,3,1.7018085138279173
10350467,9,9,0.030510863289237022,3,9,3.4896724853658583
10350404,7,6,0.10097918659448624,5,12,2.2928408566988208
10350563,14,7,0.0670401006937027,11,3,2.7024643208150656
10350377,12,1,0.15009941160678864,7,7,1.8964574603584745
10350465,5,1,0.43890899419784546,2,2,0.8234631899077037
10350594,11,4,0.10487182438373566,2,10,2.2550163946652715
10350469,10,1,0.341576486825943,4,4,1.0741836519135335
10350405,9,1,0.19094257056713104,12,12,1.6557825738070975
10350561,16,1,0.21237117052078247,1,1,1.5494197308381583
10350381,11,2,0.16682696342468262,8,5,1.7907981508945283
10350466,7,1,0.20968331396579742,6,6,1.562156915218754
10350591,10,2,0.17879153788089752,1,2,1.7215347446507399
10350468,10,3,0.1614980548620224,4,5,1.8232621805899614
10350566,14,11,0.031829409301280975,2,8,3.4473645957842765
10350534,6,2,0.2541024684906006,6,3,1.3700176740609364
10350461,10,3,0.19711366295814514,15,1,1.6239747472962713
10350383,7,3,0.17862355709075928,8,3,1.7224747206331192
10350536,6,2,0.2484758347272873,7,1,1.3924096827322123
10350457,7,2,0.24881340563297272,2,3,1.3910520384071845
10350389,7,2,0.25922319293022156,3,2,1.3500658396095555
10350532,6,4,0.12286519259214401,1,5,2.096667519837464
10350462,11,7,0.07693084329366684,9,11,2.5648483997402702
10350384,10,2,0.17557714879512787,1,5,1.7396767383952398
10350537,6,1,0.4385780692100525,2,2,0.8242174460495468
10350458,10,8,0.021622002124786377,5,10,3.834043865841912
10350390,10,1,0.22919203341007233,8,8,1.4731950529913922
10350535,9,3,0.18913128972053528,5,4,1.6653138504773228
10350455,8,1,0.22936660051345825,3,3,1.4724336798586908
10350385,7,4,0.10736916959285736,1,5,2.2314821996364365
10350530,7,3,0.16266676783561707,8,9,1.816051539857024
10350459,8,3,0.12268085777759552,2,5,2.098168947768392
10350386,6,1,0.2687177360057831,4,4,1.3140937588185961
10350332,8,2,0.2266383022069931,2,5,1.4843999146325115
10350345,11,1,0.21908722817897797,10,10,1.5182853262797817
10350327,13,2,0.22841069102287292,3,1,1.4766099939644401
10350342,12,1,0.22250697016716003,13,13,1.502796851272532
10350330,18,15,0.030537068843841553,4,1,3.4888139614061275
10350343,14,4,0.11474107950925827,11,2,2.1650771715446844
10350328,16,8,0.0460309237241745,7,6,3.0784418534817717
10350340,14,6,0.05931149423122406,7,4,2.8249521598689515
10350645,5,1,0.2928676903247833,6,6,1.2280343408103853
10350333,12,3,0.12796840071678162,1,3,2.05597191493993
10350551,12,4,0.1071009412407875,11,14,2.2339835131376633
10350483,15,5,0.07346567511558533,6,1,2.6109369870743824
10350542,8,1,0.31354233622550964,7,7,1.1598208842452222
10350341,14,3,0.10830744355916977,4,5,2.2227813964121252
10350648,12,4,0.09999861568212509,3,10,2.3025989362686126
10353898,8,1,0.4245985150337219,9,9,0.8566112270490029
10350329,17,9,0.05076643079519272,18,12,2.980519953947855
10353866,7,1,0.3880699872970581,7,7,0.9465695759937203
10350478,12,1,0.19230739772319794,1,1,1.6486601574279256
10350543,8,1,0.23463860154151917,3,3,1.4497088143480943
10350344,11,3,0.11685502529144287,10,11,2.146821212576763
10353889,10,1,0.33033403754234314,2,2,1.1076509015091816
10350646,9,2,0.23992061614990234,3,13,1.4274471763973722
10353895,11,1,0.2157261073589325,7,7,1.5337456974038959
10350331,14,1,0.2548723816871643,4,4,1.3669923230695076
10350557,11,4,0.092707060277462,6,5,2.3783106466626367
10353906,13,1,0.3702455163002014,11,11,0.9935889358327364
10350481,9,1,0.18427996337413788,9,9,1.6912991376655917
10350544,11,3,0.1433606594800949,2,3,1.9423917295980246
10353886,11,8,0.0402659997344017,1,12,3.212247845174073
10350500,7,6,0.05596311017870903,2,4,2.8830625521247684
10350651,8,5,0.116556316614151,8,5,2.1493807183653417
10353893,8,2,0.18899019062519073,1,4,1.666060166723439
10350555,12,3,0.11082176119089127,11,1,2.1998321233132216
10353862,8,4,0.10829491913318634,3,4,2.222897040820078
10353907,9,2,0.1703091710805893,9,1,1.770139840264432
10350477,14,9,0.05681423097848892,14,3,2.867968439240356
10350790,6,2,0.24334627389907837,2,1,1.4132698545146662
10361624,7,2,0.2418399453163147,5,4,1.4194791546260994
10350541,13,2,0.11870834231376648,8,18,2.131085699180933
10353884,12,3,0.1543872058391571,4,11,1.8682915085608793
10350497,6,3,0.1638936847448349,3,4,1.808537325122745
10350654,14,1,0.19615882635116577,1,1,1.628830609372266
10354092,6,3,0.17332352697849274,8,5,1.7525953327992867
10353896,12,1,0.21289826929569244,4,4,1.5469408363046018
10350556,12,8,0.06969597190618515,6,5,2.663612754762501
10353863,6,2,0.299828439950943,3,7,1.204544834734328
10353901,12,2,0.16347433626651764,2,8,1.8110992656958604
10350484,11,3,0.15202923119068146,2,8,1.8836824661601381
10350792,9,1,0.41637831926345825,5,5,0.8761610106874994
10361627,12,2,0.1355060189962387,10,2,1.9987392190125006
10350538,10,5,0.07587215304374695,1,2,2.578705551970391
10353891,10,4,0.1017143502831459,11,14,2.2855868818194662
10350498,9,1,0.41725048422813416,2,2,0.874068555918076
10350647,13,1,0.17602315545082092,8,8,1.7371397275364264
10354093,5,5,0.0689103826880455,2,7,2.674948420181256
10353899,10,9,0.04543277993798256,6,15,3.0915214094038364
10350674,10,1,0.3455745577812195,5,5,1.0625468622933336
10350548,10,4,0.10738059133291245,2,8,2.23137582708434
10353864,12,2,0.1679476797580719,7,10,1.7841027780947516
10353902,12,6,0.08884920924901962,7,3,2.420814624263291
10350480,7,2,0.2297206073999405,7,2,1.4708914589013404
10350784,11,1,0.22257618606090546,5,5,1.502485826722019
10361625,8,1,0.22519540786743164,4,4,1.4907867742769432
10350539,15,1,0.15584425628185272,1,1,1.8588981275906695
10350501,9,3,0.161591574549675,2,3,1.8226832719420134
10350650,7,1,0.2511485517024994,6,6,1.3817106754660615
10354091,7,2,0.18487167358398438,6,9,1.6880933508974436
10353897,12,10,0.048455044627189636,4,1,3.027118825793269
10350677,10,4,0.15293240547180176,9,3,1.8777592495115065
10350553,16,5,0.07074184715747833,2,6,2.6487179836220722
10353903,9,1,0.28062909841537476,6,6,1.270721415994047
10350479,12,4,0.10877522081136703,3,5,2.2184717203947644
10350789,10,2,0.12415700405836105,4,10,2.086208352522946
10350495,8,5,0.08736392110586166,1,4,2.4376728835392742
10350649,12,5,0.05505336448550224,14,10,2.8994523007781536
10350676,6,2,0.23951399326324463,2,8,1.4291434368515494
10350549,12,1,0.18132735788822174,8,8,1.7074512741595669
10350785,8,5,0.1400114744901657,4,1,1.966030899087382
10350679,6,1,0.364522784948349,5,5,1.0091662193407398
10350787,9,4,0.12025277316570282,9,5,2.1181593085931363
10353870,7,1,0.2207629531621933,4,4,1.510665763248122
10350675,10,2,0.23331737518310547,4,2,1.4553556270180916
10350783,9,1,0.2356424480676651,2,2,1.4454396733668924
10350672,9,5,0.11398463696241379,5,3,2.1716916031566544
10350788,12,1,0.161801278591156,5,5,1.8213863720950503
10353872,9,3,0.10914632678031921,4,1,2.2150658495041826
10353874,9,2,0.2964162826538086,6,3,1.2159904523396134
10353876,7,2,0.19954344630241394,7,5,1.6117232904100098
10362563,7,1,0.23592059314250946,2,2,1.4442600003102983
10362559,10,2,0.21721476316452026,2,1,1.5268687228615183
10362560,7,1,0.26089486479759216,6,6,1.3436377696794148
10362562,12,3,0.14336194097995758,9,1,1.9423827906454578
10362557,13,5,0.093998983502388,1,3,2.3644713105749857
10354123,6,3,0.20888951420783997,1,5,1.565949806950672
10353928,6,1,0.36761367321014404,4,4,1.000722693299689
10362558,11,6,0.08282546699047089,11,3,2.491019692532919
10354106,11,1,0.25488075613975525,1,1,1.3669594661747864
10354119,6,1,0.29003244638442993,1,1,1.2377624781759335
10353929,13,1,0.25600987672805786,4,4,1.362539254277825
10354136,6,1,0.2480238527059555,4,4,1.3942303571762305
10353943,7,3,0.16317331790924072,1,2,1.8129423430217828
10354107,6,2,0.23942860960960388,6,9,1.4294999875281154
10354124,8,7,0.027411166578531265,2,11,3.596804809247268
10354139,14,3,0.1264961212873459,5,3,2.067543633044755
10353930,12,2,0.15498609840869904,6,13,1.864419853770884
10353883,7,2,0.2557860016822815,1,6,1.363414115016254
10353840,11,4,0.14410248398780823,2,1,1.9372305381806922
10354111,6,1,0.3263855576515198,5,5,1.119675904262307
10353944,9,2,0.1901356726884842,6,11,1.660017394864539
10354137,9,1,0.2530566155910492,1,1,1.3741420382492437
10354120,9,9,0.03757606819272041,3,2,3.281387915464529
10353885,10,7,0.09354621917009354,1,7,2.3692996421499033
10353931,8,3,0.11727778613567352,6,3,2.1432099177641746
10353838,12,10,0.03836468979716301,4,9,3.2606177789537356
10354110,8,2,0.2075604945421219,1,2,1.5723324418388676
10353938,10,1,0.22092083096504211,1,1,1.509950872571822
10354138,12,6,0.05265821889042854,9,3,2.943932948303514
10354121,10,5,0.10323987901210785,1,6,2.270700076041478
10353888,10,2,0.2420613318681717,1,7,1.4185641474635178
10353933,10,5,0.08240516483783722,4,8,2.4961071639601844
10353839,8,7,0.04537196829915047,10,11,3.092860802973091
10354112,12,1,0.2322286069393158,5,5,1.460033017740399
10353952,8,1,0.38343334197998047,2,2,0.9585894881976944
10353939,14,2,0.17071221768856049,9,7,1.767776077703437
10354133,10,2,0.23674026131629944,11,9,1.4407916826456468
10354122,9,1,0.26881155371665955,5,5,1.3137446886800086
10353879,9,3,0.18347884714603424,1,7,1.6956558925406502
10354114,6,5,0.10327430069446564,11,15,2.270366717017653
10353841,12,2,0.1508563756942749,4,14,1.8914270491440943
10353953,10,3,0.1648123413324356,6,7,1.8029477775846925
10353937,10,5,0.11570572853088379,4,2,2.1567051340731447
10353880,11,1,0.24521847069263458,2,2,1.405605748668126
10353949,10,1,0.19719445705413818,6,6,1.6235649454533816
10353950,10,1,0.37355905771255493,5,5,0.98467916719654
10353954,11,2,0.19231919944286346,5,4,1.6485987902746597
10358136,13,2,0.2407732605934143,2,10,1.4238996157606005
10353911,7,3,0.2350333034992218,9,7,1.448028057860921
10358141,11,1,0.3579649031162262,14,14,1.0273203333754732
10353792,8,3,0.1671786904335022,10,7,1.7886920360143148
10354097,9,1,0.2302079200744629,3,3,1.468772378097395
10358139,10,4,0.09429093450307846,3,2,2.3613702286078753
10353795,11,4,0.08621001988649368,5,4,2.4509688680853077
10354098,12,3,0.1640482395887375,13,4,1.8075947505759897
10358140,9,1,0.21460799872875214,4,4,1.5389421767459834
10353915,8,2,0.28052249550819397,7,8,1.2711013593448903
10353794,11,1,0.4540172517299652,5,5,0.7896200822575384
10358138,13,3,0.10416261851787567,1,3,2.26180196145734
10354099,11,3,0.11418212205171585,7,2,2.169960543474954
10353912,8,5,0.049636952579021454,1,7,3.003019710960872
10358137,11,1,0.2330745905637741,8,8,1.4563967454724915
10353790,13,7,0.05958583578467369,11,8,2.820337387774736
10354102,12,1,0.30212754011154175,2,2,1.1969060325083822
10353909,7,1,0.22778400778770447,9,9,1.4793574332968487
10358134,12,7,0.06765632331371307,8,4,2.693314457725159
10354103,11,2,0.17810097336769104,1,5,1.725404623414027
10357979,6,3,0.2203650176525116,1,5,1.5124699363858538
10358049,11,2,0.2814438045024872,5,2,1.2678224800964535
10357978,8,1,0.2950354814529419,6,6,1.2206596537632415
10358117,8,3,0.1648802012205124,4,1,1.8025361219948535
10358001,8,2,0.22729916870594025,6,5,1.4814882053853196
10358044,7,6,0.043106984347105026,3,10,3.1440702451842664
10357980,8,5,0.09970889985561371,7,3,2.3055003396431455
10358116,9,4,0.11296094954013824,10,11,2.180713099286892
10358002,7,3,0.20367173850536346,3,1,1.5912457061437246
10358045,11,8,0.06962987035512924,9,6,2.6645616319405274
10358118,8,1,0.3382149338722229,5,5,1.0840736865669898
10357982,10,2,0.1784774512052536,3,6,1.7232930095220558
10358003,10,1,0.24052904546260834,5,5,1.4249144255742734
10358119,9,2,0.2775019407272339,1,2,1.2819273522084493
10358046,8,2,0.21224814653396606,7,4,1.5499991862953995
10357981,10,1,0.21535834670066833,8,8,1.5354519094652141
10358004,9,7,0.048893459141254425,1,11,3.0181116513405106
10358113,8,2,0.23984946310520172,1,3,1.4277437894972669
10358050,11,5,0.12298993021249771,5,2,2.095652795152178
10357984,13,1,0.22138488292694092,7,7,1.5078525405015273
10368188,6,1,0.4627678096294403,6,6,0.770529841765734
10368189,4,2,0.3275909721851349,8,13,1.1159894848153689
10368190,8,3,0.14648930728435516,7,4,1.920802841008857
10368201,10,5,0.12203387171030045,9,10,2.103456635813216
10368193,8,1,0.43389374017715454,1,1,0.8349556131610096
10368205,7,3,0.14859677851200104,1,5,1.9065188258567465
10368220,10,2,0.18992263078689575,2,1,1.661138496137444
10368191,6,1,0.3095445930957794,2,2,1.1726531161512597
10368312,9,8,0.07294102758169174,7,10,2.618104005660096
10368203,10,3,0.1418735384941101,1,4,1.95281919216263
10368232,10,9,0.0164076816290617,1,7,4.1100056617973255
10368223,6,5,0.1368105411529541,6,5,1.9891582215506345
10368313,8,3,0.22063615918159485,3,9,1.511240272713774
10368202,6,4,0.15152795612812042,9,8,1.8869851421575916
10368227,9,1,0.19242465496063232,7,7,1.6480506046742778
10368314,9,3,0.1461680680513382,5,7,1.9229981683035486
10368199,11,6,0.06049196794629097,5,10,2.805244683977223
10368237,10,3,0.1068570613861084,5,1,2.2362632124927306
10368224,9,3,0.13581301271915436,5,4,1.9964762457740552
10368311,10,1,0.2592011094093323,8,8,1.3501510343845804
10368197,10,3,0.15443755686283112,10,9,1.8679654270402162
10368238,10,1,0.2649898827075958,1,1,1.3280636321866335
10368398,12,4,0.1697712391614914,8,2,1.77330340012579
10368221,10,3,0.15464894473552704,2,4,1.8665976034402814
10368309,10,1,0.2206866294145584,3,3,1.5110115501801193
10368198,10,5,0.10941486805677414,11,1,2.212608492773592
10368233,10,10,0.022258324548602104,9,11,3.805039203325864
10368397,14,1,0.24507038295269012,10,10,1.4062098323357302
10368222,12,4,0.10521174967288971,2,7,2.2517802960094735
10368315,13,4,0.08291749656200409,2,11,2.4899091828736433
10368236,10,6,0.021930983290076256,5,6,3.8198548798887426
10368400,8,2,0.18945176899433136,2,3,1.6636208040349598
10368399,9,2,0.2396208643913269,3,7,1.4286973364347366
10368402,13,4,0.10336613655090332,6,2,2.2694778700551885
10368403,11,3,0.1330980509519577,3,10,2.0166691971747066
10372120,10,1,0.22100797295570374,1,1,1.5095565013924923
10372121,12,3,0.16041839122772217,10,9,1.8299699315955633
10372181,6,2,0.1945483535528183,8,1,1.6370745424359157
10372162,8,6,0.07500986754894257,6,5,2.5901356067808132
10372122,9,1,0.22837379574775696,7,7,1.476771537433033
10372134,9,5,0.08102290332317352,8,11,2.51302340720173
10372182,6,1,0.4124043583869934,1,1,0.8857509585465022
10372124,14,8,0.052938707172870636,3,12,2.938620503092049
10372163,11,3,0.12904749810695648,1,6,2.0475747400108184
10372128,7,7,0.043543439358472824,5,2,3.1339962332208153
10372290,10,1,0.28497710824012756,9,9,1.255346423903933
10372184,8,1,0.23475252091884613,1,1,1.4492234222129958
10372157,11,3,0.1725304126739502,5,2,1.7571817526944524
10372292,12,7,0.06121023744344711,4,1,2.793440824965645
10372129,10,1,0.24822068214416504,1,1,1.3934370811410965
10372183,9,2,0.2543046772480011,4,3,1.3692222140845856
10372158,12,1,0.1897081881761551,4,4,1.6622682391553292
10372295,8,2,0.23420284688472748,3,4,1.4515676721079114
10372130,10,1,0.27630841732025146,9,9,1.2862375830931583
10372179,8,1,0.27042677998542786,5,5,1.30775390130966
10372293,9,1,0.4168843924999237,3,3,0.8749463318316124
10372159,10,2,0.17478445172309875,6,2,1.744201768669419
10372131,9,7,0.06813197582960129,2,5,2.6863086337422604
10369127,10,1,0.3018833100795746,6,6,1.1977147267402826
10372294,10,2,0.22444859147071838,1,2,1.4941085892440655
10372180,9,2,0.26525333523750305,3,9,1.3270699276274047
10369128,7,3,0.15789532661437988,3,8,1.8458229552809007
10369129,9,9,0.024461526423692703,1,6,3.7106537457768094
10372281,4,1,0.544532835483551,3,3,0.6078270345089627
10369130,10,4,0.11422338336706161,9,10,2.1695992446899797
10372280,8,6,0.08123195171356201,3,1,2.510446615203585
10369131,10,1,0.22601473331451416,3,3,1.4871550901775925
10372278,5,1,0.46128222346305847,8,8,0.7737452249010554
10372276,6,4,0.15081778168678284,2,6,1.891682914664944
10372274,8,2,0.27859434485435486,2,3,1.2779985162833851
10372279,6,2,0.2251686304807663,3,2,1.4909056886858072
10372141,8,3,0.22604739665985107,3,12,1.4870105819641062
10372217,6,1,0.31245163083076477,2,2,1.1633056031271016
10372212,5,5,0.11823713034391403,5,7,2.1350630918339153
10372139,9,4,0.11812504380941391,10,5,2.136011522294954
10372216,8,2,0.19829221069812775,9,1,1.618013524620581
10372137,10,2,0.17368818819522858,16,4,1.7504936092261425
10372210,9,2,0.15135854482650757,9,4,1.8881037877145592
10376416,8,3,0.19661159813404083,8,9,1.6265250794483859
10372142,14,4,0.09346421808004379,4,14,2.3701766102647417
10376410,9,3,0.14537370204925537,7,9,1.928447596477196
10372211,10,2,0.2663626968860626,8,6,1.3228963768245263
10376396,7,2,0.15406054258346558,3,7,1.87040962016643
10376417,11,1,0.5424447059631348,5,5,0.611669123254094
10372138,11,7,0.09484247118234634,4,8,2.355537961794296
10376461,10,1,0.34258848428726196,3,3,1.0712253063620518
10376403,9,2,0.24056661128997803,1,7,1.4247582577647377
10372215,7,5,0.09081641584634781,7,11,2.3989152184563225
10376397,11,2,0.23358428478240967,2,4,1.4542123043389692
10376420,4,4,0.10242364555597305,4,2,2.27863767940063
10376455,11,3,0.1557925045490265,6,9,1.8592302561442071
10376405,6,5,0.05835326761007309,3,6,2.841239921644891
10376398,8,3,0.14431262016296387,4,3,1.9357733592097264
10376459,11,9,0.035522300750017166,11,6,3.3375945895882713
10376418,10,1,0.21879351139068604,1,1,1.5196268643096635
10376406,9,3,0.17108219861984253,2,1,1.7656111442923854
10376395,8,1,0.2798435091972351,3,3,1.2735247277774804
10376460,10,7,0.07034382224082947,1,4,2.654360313906959
10376421,11,1,0.21341075003147125,8,8,1.5445365663529387
10376404,9,1,0.2833089828491211,2,2,1.2612171647446409
10376456,11,5,0.11334212869405746,6,3,2.1773443469272027
10376399,7,2,0.18248668313026428,1,5,1.7010780777712056
10376419,7,6,0.08749985694885254,10,2,2.4361181204901614
10376454,10,1,0.2671326994895935,4,4,1.320009742212709
10376409,9,4,0.12157260626554489,3,1,2.107243612250346
10376392,11,11,0.022067992016673088,4,9,3.8136270453323458
10372420,10,2,0.2610289454460144,4,2,1.343123975716617
10376442,9,3,0.15593086183071136,10,8,1.8583425633646946
10376448,10,2,0.2766645550727844,3,10,1.2849494991557733
10372421,7,1,0.26648980379104614,1,1,1.3224192958040455
10376444,6,2,0.19374984502792358,5,2,1.641187410604879
10372415,6,1,0.6211449503898621,1,1,0.4761908098091505
10376447,6,1,0.33340343832969666,1,1,1.0984019957921167
10372422,10,7,0.02759535051882267,1,5,3.5901079799128683
10376446,8,4,0.1331929862499237,3,1,2.015956178043566
10372417,6,1,0.33363720774650574,2,2,1.0977010807046934
10376443,9,5,0.14182880520820618,2,6,1.9531345458230254
10372414,5,1,0.3092021942138672,3,3,1.173759865871452
10372419,6,3,0.15666888654232025,3,1,1.8536207036274623
10376300,5,3,0.1646503359079361,5,6,1.803931230028616
10376363,10,7,0.08453485369682312,1,10,2.4705913598763973
10376302,8,2,0.19337552785873413,2,6,1.643121240377136
10376364,12,1,0.1997656375169754,7,7,1.6106104119582192
10376500,11,4,0.11984129250049591,12,2,2.1215869740536313
10376483,9,4,0.12858664989471436,2,6,2.0511522836504534
10376303,7,1,0.2954764664173126,2,2,1.219166085181138
10376586,10,1,0.24377024173736572,6,6,1.4115291295269714
10376367,17,5,0.08807380497455597,2,11,2.4295801231176095
10376431,11,1,0.20693039894104004,6,6,1.575372779256909
10376307,5,2,0.25224801898002625,6,2,1.3773424731785582
10376577,10,3,0.16074217855930328,4,1,1.8279535729778305
10380322,11,8,0.048096004873514175,8,11,3.034556164082691
10376366,15,2,0.18641731142997742,12,14,1.6797675085646082
10376501,14,1,0.18744440376758575,1,1,1.6742729907799565
10376480,11,11,0.02885020524263382,6,4,3.545638171923912
10376304,7,1,0.28012049198150635,2,2,1.2725354398722644
10380418,9,4,0.11483875662088394,2,5,2.1642262508439307
10376578,8,5,0.09617016464471817,4,6,2.341636108241762
10380381,6,1,0.43455085158348083,1,1,0.8334423064101478
10380325,7,3,0.151549831032753,4,1,1.8868407904063433
10380411,10,1,0.5480449199676514,5,5,0.60139802464965
10376503,13,4,0.11556637287139893,5,1,2.1579102571771043
10376821,11,2,0.25771909952163696,2,5,1.3558850487359706
10380407,9,2,0.19429928064346313,7,5,1.6383556249037787
10376477,12,4,0.07725182175636292,11,14,2.560684780875708
10376301,10,6,0.08568700402975082,2,7,2.457054109804719
10380419,9,4,0.11305522173643112,3,2,2.1798788917058376
10376540,9,1,0.38602736592292786,2,2,0.9518470158569329
10376583,9,1,0.2732415795326233,3,3,1.2973989683833915
10380382,8,2,0.23819823563098907,1,2,1.4346520291790958
10380326,8,3,0.15408632159233093,4,6,1.8702423037863365
10376434,9,9,0.048385538160800934,8,10,3.028554308239226
10380414,11,7,0.07984986156225204,5,10,2.5276071380451977
10376505,12,3,0.17219437658786774,1,2,1.7591313438058942
10376824,11,1,0.27136051654815674,4,4,1.3043070228273566
10380402,9,2,0.213485449552536,2,4,1.5441866006146634
10376478,9,1,0.2532360255718231,13,13,1.3734333177437612
10380420,11,5,0.0734875351190567,1,8,2.6106394773623087
10376538,8,1,0.26378685235977173,6,6,1.3326138793656195
10376585,12,11,0.024569744244217873,2,7,3.706239501773968
10380548,6,1,0.28575706481933594,3,3,1.2526132528356408
10380379,13,6,0.02766510471701622,10,12,3.5875834174588115
10380323,10,8,0.04599064588546753,2,5,3.079317253487444
10376430,11,4,0.11770495772361755,5,1,2.139574143907014
10380412,11,1,0.3582713305950165,1,1,1.0264646729576847
10376498,9,6,0.11732922494411469,10,4,2.1427714073460185
10376825,10,2,0.14583511650562286,1,11,1.9252786344602042
10380406,12,2,0.20933844149112701,8,3,1.5638029994520959
10376481,16,2,0.16274867951869965,2,8,1.8155481114827505
10380421,8,1,0.29569536447525024,4,4,1.218425528691458
10376543,9,2,0.1817437708377838,1,4,1.705157436400505
10376579,14,6,0.0989806205034256,12,15,2.312831200500217
10380549,7,2,0.185819610953331,1,8,1.6829789094460574
10380380,8,7,0.07698031514883041,6,8,2.5642055372296118
10380324,10,1,0.2660166025161743,8,8,1.3241965566738632
10376435,11,2,0.1692093312740326,9,5,1.7766186839569698
10380408,10,6,0.07566345483064651,7,2,2.581459998241823
10376496,13,5,0.0917266234755516,8,14,2.3889426095182835
10376828,10,1,0.2676405608654022,4,4,1.318110389473385
10380403,10,2,0.185821995139122,1,6,1.6829660788815999
10376479,12,5,0.08404191583395004,1,10,2.476439606573721
10380422,13,10,0.053151194006204605,5,7,2.9346147096072897
10376541,12,5,0.09204893559217453,4,9,2.3854349347357453
10376580,13,1,0.16893869638442993,17,17,1.7782193731537212
10380550,7,5,0.09997861832380295,7,3,2.302798932618079
10380376,11,5,0.08218789100646973,8,11,2.4987472991282025
10380319,10,1,0.23685552179813385,4,4,1.44030493640246
10376436,14,1,0.15970104932785034,2,2,1.8344516531637816
10380409,14,4,0.1101570650935173,9,10,2.2058480671323584
10376497,12,5,0.09487604349851608,6,18,2.3551840446599916
10376822,16,8,0.04102134704589844,1,5,3.193662688117979
10376581,9,5,0.07518545538187027,4,3,2.5877974792080773
10376542,7,1,0.32389160990715027,2,2,1.1273463564835116
10376432,14,5,0.09276358783245087,12,9,2.377701088683353
10376823,13,4,0.09278609603643417,8,1,2.3774584776087946
10376539,9,1,0.3640052080154419,8,8,1.0105871037130205
10376437,14,4,0.0885249674320221,8,4,2.4244706488800625
10376819,10,3,0.15369822084903717,3,12,1.8727642039825456
10376820,13,6,0.08873205631971359,2,6,2.4221340533812974
10376356,11,1,0.29335060715675354,1,1,1.2263867738774397
10376351,8,5,0.09916573762893677,1,2,2.310962711156143
10376355,12,3,0.11397679150104523,1,2,2.1717604346377044
10376352,10,2,0.15769371390342712,8,7,1.847100646914613
10380544,7,3,0.17828266322612762,5,4,1.7243849925695012
10376353,12,10,0.04431697353720665,5,6,3.116387525490119
10380569,16,2,0.16363337635993958,4,5,1.8101268636410337
10380641,9,4,0.09753575921058655,5,8,2.327536207084539
10380331,10,5,0.08052806556224823,8,1,2.5191495147937824
10380306,6,1,0.35604241490364075,4,4,1.0327054122393138
10380541,7,5,0.11721097677946091,4,2,2.1437797476970872
10376354,11,2,0.11118017137050629,4,7,2.1966032280790997
10380567,10,8,0.08852578699588776,6,5,2.424461390926112
10380330,12,4,0.08284163475036621,1,5,2.4908245088208028
10380542,4,1,0.40269017219543457,1,1,0.9095878162016843
10380307,10,6,0.07085025310516357,4,7,2.6471867404430274
10380643,8,2,0.251581609249115,7,6,1.3799878520217321
10380566,12,4,0.10023024678230286,4,8,2.300285271788333
10380400,11,1,0.20776478946208954,2,2,1.571348659033858
10380332,14,5,0.08475841581821442,4,1,2.467950235961818
10380543,8,4,0.14599625766277313,3,4,1.9241742900490768
10380308,7,2,0.2892818748950958,8,2,1.2403537205524542
10380639,8,5,0.11108266562223434,2,5,2.1974806195121106
10380570,10,1,0.14968155324459076,3,3,1.8992452199683891
10380335,12,1,0.2044556736946106,6,6,1.5874040815435246
10380538,12,1,0.18990926444530487,2,2,1.6612088764386468
10380310,9,1,0.3567149043083191,2,2,1.0308184036149142
10380640,8,1,0.2997666299343109,5,5,1.2047510072662764
10380563,10,5,0.10069569200277328,12,9,2.2956522606814387
10380395,9,5,0.10358224809169769,8,4,2.267389314305161
10380334,15,3,0.13471178710460663,8,6,2.0046176930497572
10380311,10,6,0.09516248106956482,1,3,2.3521695212772937
10380645,9,8,0.0341041199862957,3,9,3.3783370812784166
10380396,12,7,0.059446681290864944,2,13,2.8226754809381895
10380564,11,1,0.24391841888427734,4,4,1.4109214584308978
10380336,15,3,0.12375146895647049,3,7,2.0894800072484725
10380631,10,1,0.20148663222789764,6,6,1.6020322410968368
10380399,12,1,0.22260604798793793,2,2,1.5023516707526503
10380632,12,5,0.0935133621096611,1,6,2.3696509426344394
10380636,14,1,0.1988954246044159,8,8,1.61497609688395
10380633,14,6,0.07981548458337784,3,2,2.5280377509519467
10380637,14,1,0.18236970901489258,5,5,1.7017192841301882
10380375,9,1,0.3206179738044739,4,4,1.13750497735734
10380368,9,2,0.16536514461040497,1,6,1.7995992525153843
10383791,10,2,0.22921161353588104,6,12,1.4731096255479106
10380371,12,1,0.3608960807323456,12,12,1.0191652270976934
10383782,10,2,0.29519417881965637,6,4,1.220121905895859
10383783,9,4,0.14379368722438812,4,3,1.9393757343501308
10380369,7,3,0.1638202965259552,8,1,1.8089852048245625
10383785,8,1,0.22205805778503418,8,8,1.5048164097464503
10380373,9,3,0.15205417573451996,5,4,1.8835184023320806
10383789,12,4,0.12761005759239197,7,2,2.058776089920689
10380370,8,5,0.08270316570997238,8,2,2.492497398241692
10383784,12,3,0.15582746267318726,3,6,1.8590058923165678
10383727,9,1,0.286179780960083,3,3,1.2511350608959613
10383780,6,4,0.06383534520864487,2,8,2.751448241897315
10383869,10,5,0.06061767786741257,4,1,2.8031687144634136
10383875,7,1,0.33430927991867065,4,4,1.0956887266871902
10383745,12,1,0.5373867154121399,4,4,0.6210373032176816
10383730,8,4,0.17729860544204712,2,4,1.7299199314599973
10383790,8,4,0.08054442703723907,3,6,2.5189463581308034
10383870,7,2,0.2870098948478699,1,2,1.2482385869949817
10383747,11,5,0.0832313597202301,8,2,2.486131082457061
10383729,12,1,0.18060247600078583,7,7,1.7114569282328447
10383871,10,1,0.3713993728160858,6,6,0.9904773187669343
10383777,11,3,0.10753574222326279,1,3,2.2299320008777803
10383748,9,2,0.19104307889938354,7,4,1.6552563323908958
10383728,9,5,0.09522274881601334,3,6,2.3515364075793683
10383876,12,2,0.1948271244764328,1,3,1.6356426547749061
10383778,9,1,0.2331116944551468,6,6,1.456237564936112
10383746,12,11,0.021018709987401962,2,13,3.8623422861396195
10383874,12,5,0.08293284475803375,4,2,2.4897240979838404
10394528,6,2,0.23521319031715393,2,5,1.447262983249745
10394524,6,1,0.3446033298969269,5,5,1.0653612918562751
10394525,10,1,0.31359168887138367,9,9,1.159663493180471
10394629,9,1,0.4775383174419403,1,1,0.7391108763291788
10394606,11,2,0.3336203694343567,6,5,1.0977515509060924
10394549,7,2,0.23574736714363098,3,11,1.444994525532498
10394526,8,3,0.16044087707996368,8,1,1.8298297713789242
10394624,11,1,0.20689713954925537,6,6,1.5755335196077207
10394602,13,2,0.22842788696289062,2,4,1.4765347116180951
10394547,8,3,0.14761988818645477,6,3,1.9131146320822277
10394612,10,2,0.2121250033378601,10,5,1.5505795396924016
10394625,12,1,0.2141166627407074,2,2,1.5412342595082362
10394609,12,1,0.32750287652015686,3,3,1.1162584406777485
10394545,9,1,0.25177091360092163,3,3,1.3792356779403947
10394615,7,1,0.3950032889842987,1,1,0.9288611875731523
10394626,8,5,0.12089502811431885,4,7,2.1128326461580462
10394601,13,3,0.11162083595991135,3,1,2.1926475443118605
10394546,10,1,0.22664396464824677,5,5,1.484374930459655
10394616,10,1,0.22719937562942505,3,3,1.4819273402488418
10394628,9,5,0.11025401949882507,5,4,2.20496830728053
10394607,12,2,0.1802707314491272,8,9,1.7132954944564402
10394550,10,7,0.05863933637738228,8,1,2.836349538360986
10394618,13,2,0.12708009779453278,12,11,2.062937700030183
10394627,11,6,0.08281397074460983,12,15,2.49115850302439
10394603,13,3,0.0980653464794159,2,5,2.3221212217140836
10394767,9,2,0.17812122404575348,1,2,1.7252909265235397
10394544,6,1,0.2743833363056183,2,2,1.2932291127236157
10394613,11,3,0.2124352604150772,6,4,1.5491179939052224
10394604,13,10,0.028795527294278145,5,9,3.5475352061828938
10394772,9,8,0.0587526373565197,3,4,2.834419235790644
10394771,10,8,0.02696266770362854,2,12,3.613302047401976
10394770,12,5,0.09692063927650452,7,3,2.3338627871362037
10394768,11,3,0.14488473534584045,2,6,1.931816781334259
10397833,10,3,0.16891443729400635,8,5,1.7783629804673557
10397879,10,1,0.27084898948669434,11,11,1.306193847781647
10397828,9,2,0.25621259212493896,7,4,1.361747741137379
10397945,7,1,0.38085058331489563,2,2,0.9653481505512908
10397834,9,1,0.38934099674224854,6,6,0.9432997210424806
10397880,10,5,0.08963990211486816,1,8,2.411954722030505
10397947,5,1,0.3719181418418884,3,3,0.9890814977354105
10397824,11,1,0.280795156955719,2,2,1.2701298542879105
10397831,11,4,0.1270606368780136,1,4,2.0630908507368755
10397948,9,1,0.3629545569419861,6,6,1.0134776400415355
10397881,12,9,0.05025507137179375,5,11,2.990643814313551
10397823,10,1,0.31771519780158997,6,6,1.1465999018927124
10395454,10,1,0.4520433247089386,1,1,0.7939772526173612
10397835,9,7,0.06744439154863358,5,6,2.696451849546312
10397949,11,4,0.12559522688388824,3,5,2.074691028186966
10397882,11,5,0.07412175089120865,5,9,2.602046255458544
10397825,12,1,0.2375107705593109,12,12,1.4375423068122943
10395455,8,4,0.15179112553596497,7,3,1.8852498772844588
10397946,9,3,0.17985260486602783,5,8,1.7156176253978344
10397837,12,11,0.020311541855335236,3,15,3.8965659902036105
10395458,8,3,0.12457164376974106,2,9,2.0828742766205735
10395456,9,2,0.19239822030067444,8,6,1.648187990789807
10397937,7,2,0.30088526010513306,3,5,1.2010262825708073
10395457,11,11,0.049753669649362564,1,7,3.00067105630157
10397941,8,2,0.23148110508918762,3,2,1.4632570282720503
10395459,9,3,0.1511092185974121,3,4,1.8897524016543985
10397934,12,1,0.23111894726753235,8,8,1.46482277775175
10397935,10,3,0.14234578609466553,6,10,1.9494960681222044
10397936,10,4,0.07797037065029144,3,2,2.551426387916747
10397940,11,1,0.1984815001487732,8,8,1.6170593814410743
10397870,9,1,0.1758934110403061,10,10,1.7378770864944713
10397872,6,2,0.20224393904209137,5,4,1.598280691146017
10397867,8,3,0.14823153614997864,6,1,1.9089797942234272
10401834,10,1,0.24388499557971954,5,5,1.411058494390955
10401980,10,5,0.0517219714820385,3,9,2.9618726074360864
10401799,8,6,0.08837658911943436,5,2,2.426148173377597
10401809,8,3,0.15151071548461914,1,6,1.8870989272624967
10397868,13,3,0.12102146446704865,4,13,2.1117873568278895
10401829,10,1,0.24172620475292206,3,3,1.4199495786434708
10401975,9,2,0.1320473700761795,11,7,2.024594556558646
10401805,7,1,0.3687658905982971,10,10,0.9975932791086661
10401810,9,3,0.11849208921194077,3,6,2.132909078340487
10397869,7,5,0.09240072220563889,3,5,2.3816204842867013
10401831,11,1,0.29110896587371826,3,3,1.2340576287264484
10401978,10,4,0.11572729796171188,4,3,2.1565187351721975
10401801,9,1,0.2817445397377014,6,6,1.2667545060629921
10401812,7,1,0.28237971663475037,5,5,1.264502600890353
10401861,12,1,0.28269633650779724,6,6,1.2633819733060818
10401835,11,1,0.22163628041744232,6,6,1.506717617214396
10401977,8,1,0.24179719388484955,4,4,1.4196559459769336
10401800,9,2,0.1848745346069336,3,2,1.6880778752934433
10401806,8,1,0.35817503929138184,1,1,1.0267334755038675
10401940,9,4,0.117180734872818,3,5,2.1440377935690815
10401863,11,3,0.13335704803466797,3,4,2.014725176097516
10401830,11,1,0.33980438113212585,6,6,1.079385176560425
10401976,10,1,0.2998996078968048,1,1,1.2043075006744945
10401803,9,4,0.12817791104316711,3,4,2.0543360500963743
10401937,8,4,0.15644238889217377,5,3,1.855067458870237
10401807,12,4,0.1338857263326645,1,7,2.010768631424459
10401857,15,4,0.09165798872709274,3,6,2.38969114289673
10401833,14,5,0.08810538798570633,6,11,2.429221590297042
10401981,9,4,0.1328296810388565,3,11,2.0186875651139915
10401862,11,5,0.08939317613840103,1,10,2.414710929264004
10401988,6,2,0.30793678760528564,11,6,1.177860752119931
10401991,8,1,0.32823267579078674,7,7,1.1140325446762869
10401992,8,1,0.31115803122520447,2,2,1.1674543568740046
10401989,6,1,0.2707695960998535,3,3,1.3064870186200277
10401990,9,2,0.16223640739917755,1,2,1.8187007025672368
10401788,12,1,0.2918921411037445,3,3,1.231370924733068
10401778,12,3,0.10614197701215744,3,10,2.2429776752987505
10401919,9,5,0.11678999662399292,12,3,2.1473778575983085
10401776,16,1,0.19404396414756775,2,2,1.639670526275728
10401792,14,1,0.19399410486221313,9,9,1.6399275076886923
10401777,12,1,0.32257384061813354,3,3,1.1314232057973699
10405252,9,2,0.21149668097496033,9,6,1.5535459734087231
10401789,14,12,0.02427027001976967,7,14,3.718503133645456
10401837,11,1,0.1794113963842392,6,6,1.7180738063793093
10401779,14,7,0.06713346391916275,5,11,2.701072642196434
10401925,12,1,0.2445482611656189,5,5,1.4083426023650514
10402029,10,2,0.20546498894691467,3,1,1.5824796296484862
10405255,7,6,0.07616320252418518,2,9,2.574876839433191
10405399,8,6,0.052844446152448654,2,3,2.9404026591803722
10401794,8,1,0.20642848312854767,2,2,1.5778012552419896
10405395,10,1,0.45508137345314026,9,9,0.787279033267491
10401842,11,1,0.16828347742557526,2,2,1.7821053559524358
10401920,8,7,0.06670012325048447,6,3,2.707548478228916
10401774,16,3,0.08972299098968506,3,5,2.411028232952165
10405333,8,4,0.15078091621398926,1,4,1.8919273817215578
10405248,11,4,0.08355093747377396,4,15,2.4822988034917275
10405400,8,1,0.44092172384262085,12,12,0.8188879162452483
10401793,16,15,0.01915934681892395,3,13,3.954964597890887
10401908,17,4,0.09735501557588577,8,4,2.329391027423956
10405393,12,3,0.1864735186100006,3,1,1.6794660413472844
10401843,9,3,0.14016170799732208,7,12,1.964958465814352
10405388,8,1,0.30178117752075195,7,7,1.19805310198645
10401924,12,4,0.08439958095550537,1,5,2.472192842374715
10402033,11,1,0.23526236414909363,7,7,1.4470539444095676
10405258,8,1,0.30276283621788025,1,1,1.1948054987098993
10405402,10,3,0.16819365322589874,6,8,1.7826392656516559
10405237,11,1,0.23712338507175446,5,5,1.43917466120137
10401912,20,12,0.030457649379968643,2,15,3.4914181052096565
10402001,8,7,0.0819944515824318,7,2,2.5011036976360512
10405389,8,4,0.11520187556743622,1,6,2.1610692498855513
10401841,11,2,0.2091936618089676,2,13,1.5644948445306108
10405385,9,5,0.10956024378538132,4,6,2.211280709458471
10401921,15,7,0.05941924825310707,2,1,2.823137060439569
10405329,7,1,0.3913328945636749,2,2,0.9381966884800186
10402025,17,1,0.3004518747329712,16,16,1.2024676884713887
10405247,9,6,0.06148604303598404,4,1,2.7889450724293363
10405403,10,8,0.05321289226412773,4,7,2.9334545762012385
10405232,6,3,0.179855078458786,7,8,1.7156038720482514
10401911,15,1,0.17348453402519226,2,2,1.7516668246336984
10401997,7,2,0.2080402374267578,1,5,1.5700237688225915
10405390,13,4,0.07127103954553604,2,1,2.641265211556267
10401839,10,6,0.07558061182498932,4,10,2.5825554860288684
10402260,11,3,0.14463497698307037,2,6,1.933542110657896
10401923,10,10,0.03710557520389557,4,16,3.2939880456212935
10405330,11,3,0.11851492524147034,10,6,2.1327163749333504
10402026,14,2,0.1594613790512085,4,6,1.83595352368726
10405256,8,4,0.152292862534523,9,5,1.8819498846931624
10405233,9,3,0.17356619238853455,9,16,1.7511962400266985
10402419,10,1,0.36984699964523315,3,3,0.994665873336896
10397877,16,7,0.05974568799138069,12,4,2.81765825828299
10401998,12,12,0.020459109917283058,9,4,3.8893270229590664
10405394,14,6,0.07142570614814758,2,6,2.6390974443457775
10401838,13,9,0.04099409654736519,5,19,3.1943272092945314
10402258,8,2,0.16011708974838257,1,4,1.8318499204639678
10405386,7,3,0.16800540685653687,3,2,1.783759116426899
10405334,8,1,0.275199294090271,5,5,1.2902597380051954
10402031,15,11,0.024116402491927147,11,18,3.724863068664796
10402420,7,1,0.3410102427005768,6,6,1.075842764904636
10405234,8,3,0.13591428101062775,11,9,1.9957308786468018
10397878,13,10,0.04317272827029228,5,12,3.142546273119062
10405383,8,1,0.23238258063793182,4,4,1.4593702110393558
10401999,8,3,0.12686853110790253,3,6,2.064603916827588
10402261,9,1,0.21061041951179504,1,1,1.5577452051414786
10402423,12,6,0.04671875759959221,1,10,3.0636095332902333
10405235,9,1,0.22723467648029327,2,2,1.4817719784278016
10401909,13,9,0.04315866529941559,10,8,3.1428720635510143
10402262,8,4,0.11414045840501785,5,7,2.170325497717124
10402421,13,1,0.2657583951950073,1,1,1.3251676716851764
10405296,10,2,0.2238897979259491,1,2,1.4966013217306584
10402259,9,5,0.10892332345247269,1,5,2.217111098857722
10402422,14,6,0.07789911329746246,5,8,2.5523407087445107
10405297,11,5,0.059234388172626495,7,2,2.826253024444044
10402255,10,6,0.07961537688970566,7,10,2.5305480277817227
10405298,8,2,0.16511443257331848,8,7,1.8011165147154857
10405292,10,6,0.047850102186203,2,7,3.0396820255326222
10405293,9,2,0.24520547688007355,3,5,1.4056587387907673
10401892,9,1,0.29256346821784973,7,7,1.2290736504879742
10401896,10,2,0.1386047750711441,7,4,1.9761287406470398
10401893,12,3,0.1452246755361557,1,6,1.9294732493208364
10401889,8,2,0.23201046884059906,2,7,1.4609727840209712
10401886,10,2,0.2612135112285614,10,3,1.3424171553963915
10405456,11,3,0.2160547375679016,5,3,1.5322234887358337
10401895,10,1,0.2763635516166687,6,6,1.2860380640304991
10405270,10,6,0.07109016925096512,6,4,2.643806218245083
10401884,7,2,0.21188895404338837,2,4,1.5516929432242796
10405323,6,1,0.4273436963558197,11,11,0.8501666800210328
10405415,11,1,0.3924618661403656,9,9,0.9353159028099346
10401890,8,7,0.06668388843536377,2,10,2.7077919079323065
10405264,9,2,0.25604358315467834,6,3,1.3624076022949367
10401888,8,5,0.07897377014160156,6,9,2.5386395051711603
10405317,10,1,0.3811832666397095,3,3,0.9644750047035842
10405559,9,5,0.04883655160665512,2,5,3.019276238156691
10405420,11,1,0.3220337927341461,7,7,1.133098792564879
10405460,12,6,0.04644317552447319,7,8,3.0695257454102323
10405280,7,2,0.27797141671180725,2,3,1.2802369881610172
10405265,10,6,0.07292547821998596,8,9,2.6183172055537827
10401885,11,5,0.08306364715099335,2,4,2.4881481319073555
10405416,13,8,0.039249908179044724,3,4,3.2378061741438517
10405318,7,1,0.49910324811935425,1,1,0.6949422945747262
10405565,8,1,0.3479135036468506,3,3,1.0558013828409492
10405283,7,3,0.21175119280815125,3,4,1.5523433123694932
10405459,9,6,0.09891734272241592,9,6,2.3134706995848435
10405418,13,4,0.11462739109992981,1,10,2.166068488427399
10405266,11,11,0.014465576969087124,8,13,4.235983454098417
10401887,10,4,0.12062968313694,4,5,2.1150298961434353
10405281,12,8,0.039051324129104614,6,10,3.2428784947155083
10405321,12,11,0.016204534098505974,12,10,4.122464193279808
10405561,10,3,0.19650690257549286,4,6,1.6270577206791306
10405454,10,8,0.071001797914505,15,8,2.64505007952193
10405417,10,5,0.13907195627689362,7,8,1.9727638087400938
10405267,10,1,0.24673688411712646,4,4,1.3994327566218197
10406490,8,2,0.34991803765296936,7,2,1.0500563300570318
10405282,12,6,0.04771150276064873,8,7,3.0425827621373664
10401882,9,2,0.3270142078399658,2,1,1.117751659976883
10405320,10,7,0.05962739884853363,5,9,2.8196400983224055
10405421,10,2,0.200746551156044,7,1,1.605712106098387
10405564,10,1,0.30633744597435,5,5,1.1830680200059525
10406492,8,1,0.3986457288265228,1,1,0.9196821541847883
10405285,12,4,0.11877821385860443,8,2,2.130497273899265
10405557,11,1,0.1754106879234314,7,7,1.7406252663313257
10406493,9,1,0.4419296085834503,9,9,0.8166046661856463
10405560,11,7,0.05557496100664139,5,10,2.8900225207670056
10406494,10,6,0.06303133070468903,5,4,2.7641233634367763
10405563,12,3,0.13250602781772614,11,3,2.0211271416266627
10406495,8,1,0.2019502967596054,5,5,1.599733667503107
10405314,10,1,0.2814439535140991,1,1,1.2678219506423667
10405309,10,2,0.25752514600753784,13,9,1.3566379092480214
10405356,15,4,0.0953233540058136,17,8,2.350480440570242
10405310,6,2,0.22558242082595825,3,2,1.4890696842650524
10405348,11,1,0.3685905635356903,7,7,0.9980688348997033
10405313,7,1,0.2733254134654999,1,1,1.297092202937955
10405381,8,1,0.28876638412475586,3,3,1.242137277198279
10405355,13,2,0.1448955088853836,2,6,1.9317424247156656
10405308,13,3,0.1126352846622467,3,11,2.18360024946705
10405372,9,1,0.2735280990600586,11,11,1.2963509236037367
10405351,12,1,0.21394017338752747,5,5,1.542058866655161
10405246,8,2,0.23642274737358093,3,2,1.4421337739949125
10405486,8,1,0.47066035866737366,7,7,0.7536185519516574
10405316,7,5,0.06552347540855408,2,5,2.7253467973679784
10405376,11,5,0.11753137409687042,3,6,2.1410499674493213
10409343,11,3,0.13278472423553467,10,1,2.0190260769029487
10405350,14,9,0.04134570062160492,12,3,3.1857868382119565
10405250,6,1,0.27969276905059814,6,6,1.2740635316268243
10405315,9,8,0.07493818551301956,2,12,2.5910916984394867
10422710,12,5,0.055711690336465836,1,3,2.887565273703272
10422715,11,1,0.3141663670539856,1,1,1.157832602002852
10422714,10,5,0.03966546431183815,3,13,3.2272743864643845
10427076,6,1,0.5192952752113342,2,2,0.655282626553123
10422711,11,2,0.12980085611343384,1,18,2.041753879098815
10427036,10,5,0.08741573244333267,5,10,2.43708000744716
10427073,6,6,0.06687220185995102,6,3,2.704971915987867
10427108,11,4,0.08162818849086761,2,6,2.505580629473214
10422712,11,2,0.16559305787086487,19,5,1.798221958979347
10422866,11,3,0.11308715492486954,6,2,2.17959647503434
10427040,8,2,0.24454432725906372,2,4,1.4083586889165485
10427074,6,2,0.16148559749126434,3,9,1.8233393199168189
10427109,12,1,0.2865595519542694,2,2,1.24980890420296
10422716,11,3,0.14056573808193207,13,9,1.9620800129290468
10422865,9,6,0.0712432786822319,8,5,2.6416547985676
10427226,6,5,0.13397732377052307,6,4,2.0100847189446034
10427037,10,5,0.06291259080171585,2,4,2.7660089635790377
10427077,8,2,0.16571815311908722,7,1,1.7974668064217667
10427105,10,6,0.07725277543067932,3,11,2.56067243594444
10422867,14,3,0.13708743453025818,5,14,1.9871363484722295
10427221,6,2,0.2539520859718323,7,4,1.3706096676641402
10427042,7,1,0.2043551355600357,7,7,1.5878959380909825
10427078,7,3,0.15966036915779114,8,7,1.8347064126176449
10427107,11,6,0.0853218212723732,3,9,2.461325039235824
10422869,13,1,0.19315916299819946,6,6,1.6442407511907842
10427223,10,2,0.19194939732551575,4,3,1.6505234972875074
10427038,10,4,0.11604548990726471,4,1,2.15377301037523
10427079,9,3,0.14262396097183228,3,5,1.9475437558617898
10427100,12,3,0.1363900899887085,1,3,1.9922361902539347
10422872,14,7,0.05803194269537926,2,4,2.846761683907972
10427229,9,3,0.1552918255329132,2,3,1.8624491868328563
10427043,9,1,0.22938337922096252,6,6,1.472360530176934
10427101,11,5,0.09928463399410248,3,12,2.309764463166792
10422871,13,9,0.044571906328201294,8,18,3.110651521383463
10427201,10,1,0.23611195385456085,2,2,1.4434492056998336
10427202,10,2,0.18448008596897125,2,3,1.6902137564544972
10427199,9,2,0.16738665103912354,5,3,1.78744886700291
10427388,7,2,0.1793805956840515,6,3,1.7182454975036612
10427206,9,4,0.12538833916187286,3,8,2.0763396442468447
10427389,10,1,0.2458772510290146,2,2,1.4029228471383521
10427204,8,4,0.13200891017913818,1,4,2.024885857316773
10427390,9,5,0.10363434255123138,2,9,2.2668865122807715
10427200,9,5,0.11377672106027603,5,9,2.1735173383182005
10427391,9,6,0.11033976823091507,8,3,2.2041908716392875
10427205,10,1,0.2332288920879364,4,4,1.4557349381494293
10427014,7,1,0.3003329336643219,1,1,1.2028636407942197
10427016,9,3,0.17781510949134827,6,4,1.7270109792466504
10427028,12,1,0.342766135931015,1,1,1.070706883803887
10427013,8,3,0.1581544727087021,4,1,1.844183048196929
10427032,8,6,0.09868743270635605,8,5,2.3157976688527047
10427217,11,4,0.10347628593444824,4,15,2.26841281393533
10427254,11,1,0.2555137574672699,13,13,1.3644790255149106
10427020,13,8,0.061506085097789764,4,10,2.7886191643848584
10427033,8,4,0.15175242722034454,3,1,1.8855048543082082
10427212,11,6,0.08049530535936356,1,10,2.5195564147754332
10427189,9,3,0.12094324082136154,10,1,2.112433927560749
10431126,8,1,0.2760432958602905,1,1,1.2871975565086275
10427018,11,1,0.16780759394168854,2,2,1.7849372300631055
10431161,10,5,0.12249605357646942,4,7,2.099676465218583
10427122,12,1,0.2473706305027008,7,7,1.3968675386708873
10427029,15,1,0.1641877442598343,7,7,1.8067447238491148
10431153,7,1,0.2592943012714386,1,1,1.3497915640356049
10427215,13,1,0.32671335339546204,2,2,1.1186720876399763
10427186,12,6,0.08695998042821884,2,6,2.442307261235689
10427251,9,8,0.06611878424882889,9,3,2.716302393239663
10431124,10,1,0.34445637464523315,8,8,1.0657878303781276
10427017,15,3,0.09304455667734146,9,11,2.3746767965051503
10431163,9,1,0.3540390133857727,1,1,1.0383481646162989
10427118,15,5,0.07452216744422913,9,3,2.596658648268754
10427030,15,14,0.013346546329557896,1,16,4.316497629510764
10431156,8,2,0.2655550241470337,10,9,1.3259332125147592
10427210,10,3,0.13809692859649658,4,1,1.9797994592450847
10427193,11,8,0.04885435849428177,6,12,3.018911682481952
10427253,11,4,0.08815845847129822,10,12,2.4286194193100554
10431305,8,1,0.3076625168323517,2,2,1.1787518213238906
10431125,10,9,0.04934953898191452,2,9,3.008826854951458
10427012,15,2,0.14997412264347076,2,4,1.897292515478623
10431157,10,1,0.2302969992160797,1,1,1.468385502131487
10427120,14,6,0.07562607526779175,7,6,2.5819541443151315
10427031,16,12,0.0314372219145298,13,6,3.459762676822382
10431150,10,6,0.07963988929986954,7,2,2.5302401897937683
10427209,13,1,0.22915539145469666,11,11,1.4733549402448856
10427547,9,2,0.24418434500694275,6,1,1.4098318266211678
10427238,6,3,0.20751473307609558,1,2,1.5725529390555977
10427190,10,2,0.18301227688789368,2,3,1.698202041571845
10427249,12,12,0.029395435005426407,9,1,3.5269158886177063
10431127,10,2,0.22790701687335968,1,2,1.4788175539400654
10431164,12,9,0.030443254858255386,2,3,3.4918908246926055
10427115,11,8,0.047318875789642334,2,8,3.050845997769503
10431154,12,1,0.2380283921957016,2,2,1.4353653174858152
10427213,14,10,0.043388884514570236,6,17,3.137551987855184
10427546,7,1,0.32856836915016174,4,4,1.113010337445676
10427239,10,6,0.07477060705423355,2,4,2.5933304250486966
10427187,14,1,0.2974141836166382,2,2,1.2126295540400567
10427250,11,1,0.2202332317829132,7,7,1.5130681497182823
10431308,10,3,0.14391368627548218,4,8,1.9385415599833586
10431123,8,1,0.3473648130893707,1,1,1.0573797167489039
10431158,7,1,0.34929004311561584,5,5,1.051852632827234
10427124,14,3,0.0878111943602562,12,11,2.4325662880599124
10431151,12,7,0.06787418574094772,11,8,2.690099497250121
10427211,14,2,0.12821978330612183,3,7,2.0540094304406615
10427540,7,1,0.33801865577697754,8,8,1.084654190415842
10427237,12,3,0.14004819095134735,3,8,1.9657686945222648
10427188,10,9,0.04394341632723808,4,13,3.1248524652246816
10427248,12,6,0.07524431496858597,11,2,2.58701492679731
10431310,9,4,0.08463864028453827,9,3,2.4693643756923693
10431128,10,4,0.0945533812046051,5,9,2.358590723495345
10431162,10,1,0.33920857310295105,8,8,1.0811401009057435
10427125,16,16,0.011036898009479046,15,12,4.506511255016994
10427214,11,7,0.06070853769779205,11,8,2.8016709368076618
10427191,12,1,0.3122902810573578,14,14,1.1638221357109546
10427246,12,1,0.18572337925434113,7,7,1.6834969205708963
10427233,9,7,0.04248402267694473,2,4,3.158627210746865
10427542,9,4,0.12675584852695465,1,3,2.06549249535087
10427123,14,10,0.05250703543424606,12,10,2.946808110091512
10427235,12,3,0.1580963283777237,8,2,1.844550758453686
10427543,11,8,0.06454932689666748,9,7,2.7403255893710035
10427544,11,1,0.31070175766944885,2,2,1.1689218054718473
10431134,9,4,0.10775819420814514,9,2,2.2278655045543543
10427541,12,2,0.2088371068239212,12,8,1.5662007240890834
10431136,9,3,0.16708393394947052,2,5,1.7892589943258808
10431130,10,2,0.2735767364501953,2,9,1.2961731244431078
10431131,7,1,0.3031277358531952,3,3,1.193600991836042
10427054,10,2,0.23892897367477417,8,1,1.4315889524948282
10427052,10,1,0.3270372152328491,8,8,1.1176813065090023
10427047,8,4,0.08080554008483887,1,3,2.5157097503991657
10427138,8,1,0.5444356203079224,3,3,0.6080055799486767
10427051,7,2,0.25811561942100525,1,3,1.354347657153328
10427143,10,5,0.11297164857387543,2,6,2.180618389326183
10431040,7,2,0.2110365629196167,3,5,1.555723876538779
10431223,7,1,0.33586519956588745,9,9,1.0910453912860734
10427048,6,1,0.4784790575504303,4,4,0.7371428359216795
10431451,13,3,0.2004663199186325,1,12,1.6071090268015082
10427140,13,2,0.2919030785560608,5,11,1.2313334545656214
10431337,12,3,0.22458508610725403,10,2,1.4935006408982936
10431219,8,1,0.46989673376083374,2,2,0.7552423238214794
10431038,7,1,0.4228868782520294,5,5,0.8606505630010829
10431456,14,8,0.06381570547819138,3,7,2.7517559515558374
10427141,13,5,0.07443463057279587,6,3,2.5978339807500586
10431217,9,1,0.30685651302337646,2,2,1.1813750249416977
10431042,9,7,0.02678012102842331,4,6,3.6200954193707227
10431449,12,9,0.04197091609239578,10,9,3.170778374560202
10427142,10,6,0.06737404316663742,4,3,2.6974954514621694
10431220,8,4,0.08630329370498657,4,1,2.449887515862224
10431339,13,4,0.11226247996091843,1,6,2.186915578487092
10431454,12,1,0.23145492374897003,11,11,1.46337013824239
10431044,7,6,0.05565701425075531,1,3,2.8885471669614544
10431439,10,1,0.5136991739273071,7,7,0.6661174495940951
10431224,10,6,0.07023391872644424,4,9,2.6559239118993636
10427139,7,1,0.2794255018234253,4,4,1.2750195627975167
10431452,14,5,0.09591535478830338,4,1,2.344289197414039
10431333,12,1,0.24182136356830597,8,8,1.419555992478028
10431039,8,4,0.13229095935821533,6,8,2.022751544601153
10431440,9,2,0.2864185869693756,5,2,1.2503009473653839
10431221,5,2,0.2950689494609833,6,4,1.22054622296583
10431455,14,1,0.11808985471725464,8,8,2.1363094636410676
10431334,14,2,0.14498983323574066,1,4,1.931091654635359
10431442,11,2,0.3198338747024536,2,1,1.13995355954383
10431443,9,5,0.06874563544988632,2,6,2.6773420288159637
10431441,12,4,0.06191934272646904,3,9,2.78192266463961
10431438,11,2,0.18189898133277893,2,7,1.70430379362339
10431444,10,1,0.40677395462989807,2,2,0.8994976418576706
10431328,12,2,0.1827152818441391,8,1,1.6998261746290797
10434452,9,1,0.4027409851551056,8,8,0.9094616404031081
10445312,11,2,0.18739144504070282,2,5,1.674555561016521
10445373,12,1,0.2623465061187744,4,4,1.3380891065718896
10445314,8,3,0.18725644052028656,4,1,1.6752762618743822
10445377,6,2,0.20218774676322937,1,3,1.5985585738203762
10445318,14,3,0.19858400523662567,15,2,1.616543068194321
10445374,11,2,0.18583467602729797,3,6,1.6828978390830724
10445323,14,2,0.17886216938495636,5,9,1.7211397731822935
10445294,10,6,0.10165508091449738,13,10,2.2861697557546248
10445317,11,5,0.08782284706830978,5,12,2.432433595012757
10445375,5,3,0.21518535912036896,5,6,1.5362554868361953
10445357,7,5,0.10255176573991776,1,7,2.2773875762802627
10445324,12,1,0.20409880578517914,2,2,1.5891510603094767
10445296,8,6,0.0894707515835762,1,7,2.413843505060283
10445315,9,2,0.21381467580795288,6,2,1.542645640053108
10445379,16,3,0.11641284823417664,3,14,2.150612369757526
10445354,9,1,0.18457555770874023,5,5,1.6896963724581584
10445326,9,2,0.20957215130329132,2,1,1.5626872012821198
10445293,10,5,0.09415382146835327,11,13,2.362825435553959
10445378,11,1,0.19360126554965973,14,14,1.6419545672309654
10445355,9,5,0.0888698399066925,6,11,2.4205824526658897
10445426,12,5,0.09910402446985245,2,4,2.3115852282805296
10445432,16,3,0.07344020158052444,6,12,2.61128378784082
10445425,13,6,0.057587217539548874,8,1,2.854454653623837
10448675,10,1,0.29871445894241333,10,10,1.208267148696554
10448650,14,3,0.13804619014263153,3,4,1.9801669386497331
10445433,12,2,0.18518872559070587,11,1,1.6863798355631672
10448661,6,3,0.1800621598958969,1,9,1.7144531549505757
10448677,8,1,0.3190588355064392,1,1,1.142379755879504
10445427,9,5,0.09231562167406082,6,7,2.3825419028879096
10448655,9,2,0.2405197024345398,2,1,1.4249532699870717
10448671,8,5,0.14332982897758484,6,8,1.9426068082551142
10448644,14,1,0.2358507663011551,8,8,1.4445560201532435
10445434,8,3,0.20243391394615173,8,7,1.5973417965827827
10448656,9,6,0.043952617794275284,2,9,3.12464309361508
10448672,11,3,0.21986335515975952,1,7,1.5147490385104916
10448645,13,1,0.17157766222953796,4,4,1.76271927388912
10448621,12,8,0.02000301517546177,1,12,3.911872258018019
10448623,6,5,0.1585962027311325,3,5,1.841393912494669
10454391,9,4,0.13720819354057312,3,7,1.986255845790024
10454395,6,2,0.30874061584472656,1,5,1.175253785527035
10454418,7,4,0.1296437680721283,1,2,2.0429648354714516
10448622,9,1,0.29389703273773193,4,4,1.224525801771104
10454386,7,2,0.22276626527309418,5,4,1.5016321949913733
10454220,12,4,0.1080031543970108,2,10,2.2255948449047147
10454221,8,8,0.020495735108852386,1,3,3.887538457952435
10454208,9,6,0.0932743102312088,6,4,2.3722105549040404
10454218,8,1,0.22887496650218964,6,6,1.474579422346011
10454209,12,1,0.20872612297534943,1,1,1.5667323027495825
10454207,13,5,0.09822062402963638,11,3,2.320539065004575
10454291,7,2,0.271578848361969,2,7,1.3035027642316768
10454225,10,2,0.19417548179626465,10,5,1.6389929834318429
10454211,9,5,0.11466871947050095,1,9,2.1657080080780737
10457750,10,2,0.18255092203617096,2,7,1.700726120024055
10454286,11,2,0.16545261442661285,12,4,1.799070442825718
10454222,7,4,0.1450132131576538,3,11,1.9309304154880151
10454206,12,7,0.045681118965148926,10,9,3.086070218199964
10454396,9,2,0.15878580510616302,1,12,1.8401991226647245
10457754,10,1,0.2953992187976837,11,11,1.2194275534459587
10454309,11,8,0.04184407740831375,8,11,3.1738050115760896
10454287,12,1,0.2881372272968292,2,2,1.244318428658942
10454224,9,8,0.0747995600104332,4,11,2.592943276232466
10454409,13,1,0.215999573469162,7,7,1.5324788459797274
10454402,11,3,0.151719868183136,9,13,1.8857194309784786
10457914,7,3,0.17052853107452393,9,7,1.7688526585774613
10454210,12,12,0.0288107730448246,1,6,3.547005897728344
10454306,13,1,0.2360154092311859,3,3,1.4438581827355625
10454284,9,2,0.28278982639312744,4,6,1.2630513201714326
10454226,7,4,0.14387337863445282,4,2,1.9388216812689039
10454412,13,1,0.1513172835111618,8,8,1.8883764313268885
10457915,8,7,0.039307303726673126,3,7,3.2363449319116295
10454212,14,1,0.17257550358772278,2,2,1.7569204363164683
10457758,10,1,0.29430776834487915,1,1,1.2231292280840136
10454304,10,3,0.14723826944828033,1,4,1.9157031238120499
10454285,6,2,0.17976051568984985,6,3,1.716129782340543
10454657,7,1,0.3174959719181061,2,2,1.1472901476019766
10454217,8,1,0.2608848810195923,2,2,1.3436760378493893
10454411,8,3,0.17687316238880157,1,4,1.7323223999598676
10457729,7,5,0.048349156975746155,1,5,3.0293064931035856
10454205,14,2,0.1346968114376068,6,3,2.004728867430206
10457753,10,8,0.06229778379201889,6,5,2.775829426983285
10457897,13,1,0.37322157621383667,8,8,0.985582997602313
10454288,16,5,0.07035467028617859,5,18,2.6542061111834503
10454653,6,1,0.4154123365879059,5,5,0.8784836698879274
10454219,6,1,0.4504566490650177,1,1,0.7974934350545294
10454407,15,8,0.07112487405538559,4,6,2.6433181572875
10454398,9,7,0.06882628798484802,7,8,2.676169514218681
10457917,7,4,0.14327824115753174,4,5,1.9429667968666415
10454213,11,6,0.07540774345397949,5,8,2.5848453109126983
10457756,13,7,0.06364428251981735,1,6,2.7544457848819377
10454307,12,8,0.07813985645771027,6,4,2.5492550263455067
10457890,14,2,0.20285958051681519,1,15,1.5952412608821556
10454282,11,1,0.18880780041217804,2,2,1.66702571038174
10454376,6,1,0.3057054579257965,1,1,1.1851331963821277
10454654,6,4,0.12071602046489716,6,3,2.11431443006841
10454413,14,4,0.11658842116594315,1,3,2.1491053138908445
10457725,11,6,0.056729506701231,1,5,2.8694608032353015
10454403,12,9,0.03687923774123192,1,14,3.300106549129037
10457919,6,1,0.2597517967224121,4,4,1.348028731904829
10457757,13,12,0.02163592353463173,2,6,3.833400219152259
10454308,12,2,0.11988850682973862,10,2,2.121193077842271
10457891,14,4,0.09575016051530838,7,1,2.3460129745226994
10454289,11,6,0.07791641354560852,10,7,2.552118648099238
10454377,7,5,0.11002941429615021,2,6,2.2070075462431737
10454659,12,1,0.317872554063797,1,1,1.1461047499173629
10454410,10,5,0.09160309284925461,7,8,2.390290243142214
10457727,12,1,0.3776264488697052,11,11,0.9738498024876792
10454399,10,1,0.28239762783050537,5,5,1.2644391734319518
10457918,12,1,0.23231534659862518,5,5,1.4596595776830834
10454506,10,9,0.029953282326459885,2,9,3.508116366887719
10457748,10,4,0.13388101756572723,3,1,2.0108038020873216
10454310,12,5,0.11544451862573624,1,13,2.158965222647992
10457896,14,8,0.07357199490070343,4,5,2.6094908297238772
10454283,13,2,0.14308182895183563,11,1,1.944338581951215
10454651,10,1,0.2884010076522827,6,6,1.2434033796374928
10454379,5,2,0.24463330209255219,4,3,1.4079949158037526
10454408,10,5,0.08486208319664001,3,9,2.4667278908804704
10457726,8,3,0.16116994619369507,5,4,1.8252959042957073
10454401,12,2,0.17243757843971252,6,7,1.75771997211695
10457920,10,2,0.15063919126987457,3,2,1.8928677632756745
10454507,7,6,0.10438887029886246,6,2,2.2596322155491926
10457749,10,4,0.10787862539291382,2,4,2.2267485227929575
10454305,14,12,0.03266194090247154,16,4,3.4215447656957174
10457728,12,2,0.16125744581222534,1,6,1.8247531487926223
10457892,13,6,0.07982702553272247,5,8,2.5278931660371096
10454290,12,1,0.2421434372663498,3,3,1.4182250124355344
10454378,5,4,0.16350960731506348,5,2,1.8108835300343702
10454658,10,3,0.1521759182214737,3,1,1.882718070636626
10454400,14,1,0.1940748244524002,10,10,1.6395115012256458
10454414,14,1,0.18191789090633392,2,2,1.7041998425699072
10457895,14,1,0.23223590850830078,1,1,1.4600015769360202
10457767,13,1,0.29945600032806396,4,4,1.205787782642853
10454303,15,4,0.07559394091367722,2,5,2.582379145653045
10454509,8,1,0.26814645528793335,1,1,1.316221972779367
10454380,5,1,0.2888377606868744,4,4,1.2418901302097298
10454652,10,1,0.256329745054245,7,7,1.3612905967305735
10454406,11,7,0.07659270614385605,1,3,2.569253426823407
10457768,12,7,0.05328530818223953,6,16,2.932094629667511
10454508,9,5,0.07459253072738647,1,2,2.5957149010829625
10454381,8,2,0.2304438054561615,3,2,1.4677482403844864
10454655,14,2,0.13946972787380219,9,8,1.9699077057584709
10454511,9,7,0.053575970232486725,2,8,2.9266546279873777
10457769,9,8,0.06113995611667633,6,3,2.7945896802711565
10454656,16,10,0.043455809354782104,3,11,3.136010734141729
10454510,9,2,0.18717047572135925,1,3,1.6757354425406688
10457770,12,7,0.08504533022642136,2,12,2.464570867862584
10457771,10,9,0.030421040952205658,7,10,3.492620773400309
10457765,12,5,0.05329097807407379,9,11,2.931988229040528
10457766,11,4,0.10382387042045593,9,8,2.265059369173375
10454247,11,2,0.1565251350402832,2,1,1.8545386746117438
10454193,7,2,0.2958298623561859,4,2,1.217970779250005
10454242,8,1,0.22432033717632294,3,3,1.4946801720328915
10454191,9,1,0.45547357201576233,5,5,0.786417583689236
10454248,9,3,0.12563687562942505,1,7,2.0743594722631675
10454188,10,3,0.1970376968383789,4,2,1.6243602140405498
10454243,11,1,0.2677437663078308,1,1,1.3177248516887736
10454362,7,3,0.22875471413135529,5,2,1.475104966814349
10454189,7,7,0.0739060714840889,2,1,2.6049602962960225
10457906,7,1,0.3492595851421356,7,7,1.0519398362907173
10454244,14,1,0.26471275091171265,1,1,1.3291099997278903
10454355,9,1,0.3568222224712372,3,3,1.0305175975049037
10457884,6,4,0.06895953416824341,2,11,2.674235407750394
10454192,10,1,0.1695443093776703,4,4,1.774640974066221
10457738,9,1,0.3357946276664734,7,7,1.0912555330775353
10457902,7,3,0.1764148771762848,7,5,1.734916801231632
10454245,8,5,0.12789574265480042,2,4,2.0565398574658094
10454356,10,2,0.25916412472724915,1,2,1.3502937317713273
10457885,9,1,0.2845461070537567,9,9,1.2568599750887706
10457812,7,2,0.2995005249977112,2,1,1.2056391085142757
10457737,10,2,0.28953805565834045,8,10,1.23946853755702
10457908,10,4,0.14664402604103088,7,2,1.919747220555953
10454246,13,1,0.22621271014213562,8,8,1.4862795270372586
10454357,12,4,0.10418492555618286,3,11,2.261587828495115
10457886,8,1,0.5880797505378723,9,9,0.5308927101140001
10457811,8,1,0.3134021759033203,6,6,1.1602680061892312
10457935,4,2,0.22778400778770447,2,5,1.4793574332968487
10457732,9,4,0.1275479644536972,1,6,2.059262793332344
10457903,12,1,0.4574427008628845,10,10,0.7821036461258006
10458111,10,2,0.2206897735595703,12,3,1.5109973031791888
10454358,12,5,0.08437105268239975,1,8,2.4725309139072134
10454241,12,3,0.1663309931755066,3,7,1.7937755410828293
10457813,6,1,0.25907665491104126,2,2,1.3506312961640776
10457932,5,3,0.17478565871715546,2,5,1.744194863078691
10457733,11,2,0.16427159309387207,1,5,1.806234165455283
10457904,10,4,0.12278611958026886,12,6,2.0973113023917427
10458112,10,1,0.1764192134141922,7,7,1.7348922217591647
10457843,8,1,0.3722388744354248,7,7,0.988219495210726
10454360,14,13,0.018930628895759583,2,13,3.9669740921384453
10457889,14,6,0.06601722538471222,9,7,2.717839580330396
10457933,5,1,0.3866574764251709,4,4,0.950216051698234
10457736,11,4,0.10636936873197556,7,4,2.24083763137963
10457905,9,3,0.12132616341114044,5,2,2.109272794524878
10458113,8,3,0.17320263385772705,8,7,1.7532930759386713
10457844,10,2,0.27610480785369873,6,4,1.2869747467470838
10454359,11,2,0.20629550516605377,6,11,1.5784456469946708
10457888,14,6,0.0591798834502697,3,1,2.8271736014227984
10457809,10,3,0.16578269004821777,1,2,1.797077444335509
10457934,5,1,0.48289236426353455,1,1,0.7279614984796033
10457734,12,5,0.07871252298355103,4,7,2.5419530131736576
10457907,11,5,0.07722722738981247,7,8,2.5610031977340997
10458106,13,5,0.07302498817443848,6,12,2.6169535926468805
10457845,10,1,0.20744431018829346,3,3,1.5728923599677158
10454361,8,3,0.15138773620128632,6,4,1.887910943893191
10457883,12,3,0.1604543924331665,8,6,1.8297455360878816
10457810,8,8,0.030284157022833824,11,4,3.497130573744817
10457735,12,1,0.30415230989456177,2,2,1.190226683654218
10457901,10,2,0.202215775847435,12,3,1.5984199544331386
10458110,11,1,0.24361386895179749,17,17,1.4121708114673726
10457846,9,1,0.35807034373283386,7,7,1.0270258210094025
10457840,12,1,0.3491024076938629,5,5,1.052389968034824
10457842,11,8,0.026867752894759178,4,6,3.616828488628924
10457841,12,2,0.1776999533176422,2,3,1.7276588065247611
10457704,10,3,0.15498030185699463,1,6,1.86445725493243
10461615,12,3,0.12111325562000275,14,5,2.1110291742977823
10457742,7,1,0.3511660397052765,1,1,1.046496119774631
10457698,8,1,0.42001375555992126,4,4,0.8674678169078904
10461608,11,1,0.33765414357185364,12,12,1.0857331512407788
10457743,8,2,0.23599855601787567,6,3,1.443929592543569
10461609,14,1,0.634446918964386,5,5,0.4550016533817781
10457746,6,6,0.07024424523115158,1,3,2.65577689254155
10461610,10,1,0.19789016246795654,8,8,1.6200431372203148
10457701,10,6,0.06356975436210632,3,10,2.755617482094985
10457744,9,6,0.03778943046927452,12,5,3.2757258326717373
10461614,11,6,0.05899442359805107,2,13,2.830312354830539
10457700,11,5,0.07186338305473328,6,10,2.6329884199922646
10461611,12,2,0.18195024132728577,3,6,1.7040220285863714
10457745,10,3,0.1582290679216385,9,2,1.843711498923727
10457703,12,1,0.2080923318862915,11,11,1.569773394477263
10461612,12,4,0.1328379362821579,3,2,2.018625417958931
10457740,8,1,0.2609501779079437,2,2,1.3434257791227087
10457702,14,2,0.20437368750572205,7,2,1.5878051593415912
10461613,11,1,0.2529468238353729,3,3,1.3745759948149292
10457741,12,8,0.04450569674372673,7,6,3.1121380812904222
10461581,7,2,0.2783222198486328,1,5,1.2789757722841093
10461627,11,3,0.1386251598596573,1,2,1.9759816801316954
10461582,10,7,0.057719409465789795,7,4,2.852161776144227
10461629,9,1,0.4678427278995514,11,11,0.759623091039133
10461601,8,1,0.4181666672229767,3,3,0.871875200513415
10461622,10,1,0.2657633423805237,9,9,1.3251490565085362
10461599,9,1,0.4530402719974518,7,7,0.7917742567939058
10461584,9,1,0.2380601167678833,7,7,1.4352320457448202
10461600,10,1,0.3041195273399353,4,4,1.1903344728124574
10461624,11,1,0.2102585881948471,11,11,1.5594171334254003
10461585,10,7,0.061090949922800064,2,7,2.7953915428784137
10461625,11,1,0.2651764452457428,2,2,1.3273598434470963
10461595,10,3,0.12787295877933502,2,4,2.0567180174626967
10461586,9,2,0.1501362919807434,1,3,1.89621178422003
10461626,10,1,0.2560398280620575,5,5,1.3624222682362217
10461596,11,2,0.12267010658979416,1,3,2.0982565870229264
10461580,7,3,0.17167676985263824,5,8,1.7621418152077966
10461628,9,3,0.13139478862285614,4,1,2.029548834122565
10461597,9,3,0.18868987262248993,3,12,1.6676504972450672
10472317,14,5,0.07928983867168427,5,4,2.5346452963614676
10472310,10,2,0.2225208282470703,9,1,1.5027345716578016
10472311,9,3,0.140528604388237,6,5,1.9623442209780937
10472313,12,1,0.20357564091682434,2,2,1.5917176433257838
10472417,7,1,0.24647705256938934,4,4,1.4004863828576064
10472358,8,1,0.275983065366745,1,1,1.2874157725142932
10472271,9,4,0.09687408804893494,9,8,2.3343432050413484
10472316,14,1,0.28315046429634094,5,5,1.2617768466696822
10472418,6,1,0.2551354765892029,1,1,1.365960594161386
10472359,9,3,0.15263661742210388,6,5,1.8796952320223106
10472266,10,3,0.21135707199573517,6,14,1.5542062914658152
10472299,10,3,0.16207559406757355,6,11,1.8196924225409463
10472312,14,6,0.06053302809596062,7,5,2.804566143963378
10472419,8,2,0.17644403874874115,1,2,1.7347515137968719
10472354,11,1,0.46864113211631775,15,15,0.7579179801572581
10472267,12,3,0.14543741941452026,5,4,1.9280093920098857
10472300,7,5,0.06904589384794235,6,3,2.6729838672535764
10472314,12,1,0.3385173976421356,10,10,1.0831797916665464
10472423,9,2,0.21305057406425476,1,3,1.5462257045350127
10472360,7,1,0.32734256982803345,6,6,1.1167480422966332
10472268,10,3,0.16261424124240875,5,2,1.8163745011870678
10472301,10,3,0.19091548025608063,1,9,1.655924460620993
10472455,9,6,0.10540618747472763,1,2,2.2499339399041176
10472315,12,1,0.21752247214317322,1,1,1.5254531135920648
10472421,10,1,0.29466280341148376,10,10,1.22192361569306
10472361,11,9,0.0341133177280426,4,7,3.378067421727697
10472270,7,1,0.3118283152580261,10,10,1.1653025142365305
10472302,9,2,0.13563473522663116,2,3,1.9977897767906514
10472456,11,2,0.2105054408311844,7,6,1.5582437790147103
10472422,10,2,0.19700965285301208,3,1,1.6245025521907044
10472355,8,1,0.21627359092235565,4,4,1.5312110481497048
10472269,11,2,0.21614356338977814,5,14,1.5318124467538068
10472303,12,7,0.07631462067365646,6,7,2.5728907381619464
10472457,16,1,0.2249169498682022,5,5,1.492024056613086
10472420,8,5,0.11727342754602432,8,4,2.14324708311993
10472356,14,3,0.149268239736557,13,2,1.9020103248862084
10472273,10,4,0.1044430211186409,14,1,2.259113608734644
10472297,12,8,0.08176938444375992,2,6,2.503852378734838
10472424,9,1,0.28068774938583374,7,7,1.270512439652424
10472357,12,2,0.1826699674129486,12,10,1.7000742110865719
10472272,12,6,0.071744404733181,9,2,2.6346454101960326
10472298,13,2,0.104237861931324,1,3,2.261079857395433
10472458,15,1,0.38373133540153503,6,6,0.957812618653703
10472462,9,3,0.15672822296619415,1,5,1.8532420375658898
10472459,12,7,0.07236242294311523,7,5,2.626068134450751
10472461,15,4,0.12630170583724976,5,3,2.0690817434837268
10476075,7,3,0.15949590504169464,1,5,1.8357370308065961
10476079,14,3,0.13392852246761322,11,2,2.0104490357681057
10476073,14,5,0.08813571184873581,9,13,2.4288774723432027
10476083,6,2,0.2291574329137802,3,2,1.4733460316611628
10476078,14,1,0.22750510275363922,2,2,1.4805826111563474
10476084,6,1,0.2440197616815567,3,3,1.4105060664703053
10476113,9,9,0.019251937046647072,4,9,3.950143597510932
10476076,12,9,0.04452848434448242,5,3,3.111626196956232
10476088,6,5,0.11209370940923691,1,2,2.188420066364065
10476074,14,3,0.10122082382440567,5,1,2.290450774280446
10476085,5,2,0.21348027884960175,1,4,1.544210821307757
10476110,8,2,0.25771060585975647,8,2,1.3559180063315168
10476137,7,4,0.05198085680603981,4,5,2.956879766525654
10476080,12,5,0.08467503637075424,1,3,2.4689344507448334
10473214,7,1,0.32956910133361816,2,2,1.1099692312950753
10476115,10,2,0.2770332396030426,1,13,1.28361778142711
10476086,9,3,0.09861130267381668,1,2,2.316569392362954
10476131,11,1,0.27551260590553284,5,5,1.2891218949730487
10476111,14,6,0.08303426951169968,3,9,2.488501870716249
10473211,9,2,0.1954231560230255,4,3,1.6325880406473903
10476087,8,2,0.1905035525560379,7,9,1.6580844360011386
10476132,8,3,0.15761494636535645,2,3,1.8476002687115025
10476114,10,2,0.2180062085390091,2,7,1.5232317370618433
10473212,11,1,0.46314120292663574,9,9,0.7697232974673778
10476090,10,5,0.07034057378768921,2,9,2.654406494623976
10476116,8,1,0.261599600315094,6,6,1.3409401872477607
10476133,10,5,0.0803963765501976,5,7,2.5207861715964115
10473216,11,1,0.21741347014904022,11,11,1.5259543460073055
10476089,8,1,0.47685086727142334,1,1,0.7405514842078508
10476112,11,6,0.08920042961835861,2,18,2.41686942305846
10476134,10,2,0.19738627970218658,4,7,1.6225926594531233
10473215,9,3,0.1867605447769165,4,5,1.6779279918943828
10473209,10,3,0.16185657680034637,2,3,1.8210446642773206
10473213,10,1,0.21925599873065948,8,8,1.5175152878730709
10473210,12,1,0.33914804458618164,3,3,1.0813185572378605
10480014,10,2,0.1778164803981781,2,8,1.727003269544426
10480032,9,4,0.13505713641643524,3,1,2.0020573573670752
10480112,8,3,0.2040305733680725,4,3,1.5894854269158891
10480011,8,1,0.24414609372615814,8,8,1.409988488085737
10480028,13,3,0.2065156251192093,10,1,1.5773792030067613
10480247,10,7,0.02399844489991665,6,5,3.7297662465703385
10480115,6,5,0.11084411293268204,4,1,2.199630452740745
10480015,8,1,0.30117613077163696,4,4,1.2000600333027354
10480244,7,3,0.18201328814029694,4,2,1.7036755828106973
10480033,14,4,0.13377772271633148,3,12,2.011575642038559
10480113,7,2,0.12916140258312225,2,1,2.0466924738825023
10480016,10,5,0.060787931084632874,1,7,2.8003640116116104
10480030,14,4,0.12329506874084473,4,16,2.093174863603146
10480116,7,1,0.2285962700843811,3,3,1.4757978440958297
10476280,9,1,0.2698031961917877,9,9,1.3100624887560872
10480246,12,4,0.061720285564661026,3,12,2.7851426247211304
10480012,10,4,0.14665618538856506,1,7,1.919664306551344
10480034,16,6,0.07297014445066452,6,10,2.6177049016168112
10480117,8,1,0.32140880823135376,3,3,1.1350414202317505
10480249,11,4,0.1480831354856491,3,5,1.9099814366727716
10480017,10,3,0.14235708117485046,8,6,1.9494167216772655
10480035,16,6,0.07448308169841766,12,14,2.597183270682163
10480250,9,7,0.06761651486158371,3,7,2.693903023084111
10480118,6,3,0.18719996511936188,6,7,1.675577901266858
10476286,9,1,0.4938648045063019,5,5,0.7054934743385333
10480013,9,3,0.1002841517329216,9,5,2.2997476051437777
10480251,8,2,0.19328457117080688,1,9,1.6435917140041447
10480029,15,6,0.07583819329738617,2,12,2.5791532438746945
10480114,10,2,0.13392813503742218,7,1,2.0104519285854408
10476282,6,4,0.1300773322582245,4,5,2.039626141862922
10480010,11,7,0.06111139804124832,3,2,2.7950568828824354
10480242,10,5,0.14383193850517273,4,1,1.9391097547044502
10480145,10,3,0.17140141129493713,1,5,1.7637470389262353
10480111,10,2,0.1685391515493393,10,8,1.7805872027710514
10476285,9,8,0.037678953260183334,2,6,3.2786536093789644
10480031,16,4,0.11353416740894318,10,15,2.1756514529224273
10480146,6,2,0.290024995803833,6,2,1.2377881672889608
10476283,10,1,0.2705218493938446,6,6,1.307402409858412
10480150,9,1,0.33951830863952637,7,7,1.0802274051914342
10476279,12,1,0.25567758083343506,10,10,1.3638380781455044
10480152,8,1,0.43931347131729126,5,5,0.8225420630544807
10476284,11,6,0.06684707850217819,7,11,2.705347678675198
10480147,12,3,0.10825532674789429,13,6,2.223262705477462
10480151,10,6,0.10406731069087982,1,4,2.2627173710145874
10480148,12,6,0.10773959755897522,10,1,2.228038097034895
10480149,12,2,0.17263293266296387,11,10,1.7565877151559162
10479993,8,3,0.17443706095218658,6,4,1.7461912846235592
10480000,13,1,0.17330089211463928,11,11,1.7527259344686374
10479994,7,4,0.173273503780365,4,2,1.7528839861577161
10480004,5,1,0.3246541917324066,2,2,1.1249946885680817
10480187,16,3,0.1390542834997177,6,2,1.972890893313012
10480237,11,1,0.2954580783843994,2,2,1.2192283189194797
10480199,11,7,0.04538038745522499,1,9,3.092675261649592
10484043,11,2,0.21820883452892303,2,8,1.5223027181859132
10479995,10,2,0.1606520116329193,4,1,1.8285146716628793
10484447,7,5,0.07690336555242538,1,3,2.5652056381170887
10480075,9,5,0.08012217283248901,1,10,2.52420264882573
10480006,11,4,0.11401939392089844,2,5,2.1713867229436232
10480245,15,1,0.2519775331020355,18,18,1.3784153498022016
10480194,17,6,0.07353989034891129,5,4,2.6099272941502196
10484039,9,5,0.10325279086828232,10,3,2.2705750173050228
10479996,6,2,0.19914132356643677,6,3,1.6137405376325318
10484452,7,3,0.1989794224500656,9,1,1.6145538643778266
10480001,10,2,0.18447096645832062,1,2,1.6902631912540051
10484148,10,3,0.15677186846733093,3,5,1.8529635974466592
10480183,12,2,0.18144431710243225,10,6,1.7068064651718422
10480243,10,4,0.1293293535709381,3,4,2.045392999859147
10479997,12,3,0.11337607353925705,13,9,2.177044901667679
10484445,12,2,0.2734253704547882,17,12,1.296726562893746
10480067,10,2,0.18826501071453094,11,6,1.6699046772896553
10480005,9,2,0.23661643266677856,3,7,1.4413148764820054
10484149,8,2,0.20416341722011566,4,1,1.5888345410145965
10484242,7,1,0.3349834382534027,5,5,1.0936741864287154
10480186,13,5,0.08384978771209717,18,9,2.478728322474059
10480241,12,2,0.1770174205303192,9,3,1.7315071301760945
10488246,7,5,0.08850984275341034,2,13,2.4246415155998076
10480197,11,1,0.3301413357257843,7,7,1.1082344261334933
10484161,5,1,0.3040626049041748,2,2,1.190521661593281
10484040,11,3,0.2108321189880371,2,1,1.5566931068056942
10479999,13,4,0.12146271020174026,7,11,2.1081479752284693
10484446,7,1,0.3863570988178253,2,2,0.9509932107120069
10480069,10,1,0.3680962920188904,2,2,0.9994107119462122
10480002,13,3,0.14895060658454895,1,2,1.9041405274273182
10484150,11,1,0.49087586998939514,11,11,0.7115639937618362
10484244,7,2,0.24500279128551483,1,2,1.4064856755002084
10480190,13,2,0.17937470972537994,5,4,1.7182783107252824
10480156,7,3,0.19552338123321533,2,3,1.632075309607034
10480504,8,2,0.21177713572978973,3,1,1.5522208038149392
10480234,13,10,0.048050619661808014,20,11,3.035500247461519
10488241,11,4,0.05662686005234718,9,4,2.8712718471118697
10480198,15,10,0.048310525715351105,7,8,3.03010581835226
10484162,4,1,0.44052618741989136,4,4,0.8197853860655845
10484041,8,3,0.13246086239814758,7,6,2.0214680553157596
10479998,14,3,0.09751694649457932,5,12,2.327729105880765
10484449,12,8,0.0782165601849556,10,8,2.548273886779309
10480070,13,1,0.4140535295009613,7,7,0.8817600152036281
10480007,16,2,0.1517035812139511,1,3,1.8858267856950168
10484151,7,5,0.10088784247636795,1,4,2.2937458497011254
10484243,7,1,0.31939882040023804,3,3,1.141314736382002
10480184,15,6,0.07005207240581512,3,4,2.658516421971284
10480153,6,2,0.2793525755405426,2,1,1.275280583357381
10480507,8,1,0.2715045213699341,1,1,1.3037764864505534
10480239,12,9,0.033200155943632126,2,8,3.4052007059733724
10480196,11,1,0.26416730880737305,4,4,1.3311726310852114
10484163,9,1,0.35391831398010254,4,4,1.0386891439442159
10484042,9,8,0.046368688344955444,2,3,3.071130867695354
10484451,11,5,0.09058314561843872,7,14,2.40148711394062
10480074,11,4,0.12610867619514465,4,11,2.070611234292948
10484152,12,7,0.0788785070180893,13,3,2.53984649612234
10484245,7,1,0.28001928329467773,1,1,1.2728968092746786
10480185,16,1,0.147170290350914,9,9,1.916164924913355
10480154,6,4,0.1323067545890808,3,4,2.022632154069401
10480506,8,6,0.05563472956418991,2,5,2.888947640277791
10480235,13,6,0.055418893694877625,4,2,2.892834701946523
10488243,7,5,0.11031848192214966,2,10,2.2043838062684404
10480201,14,1,0.14268474280834198,10,10,1.9471176781668305
10484159,12,2,0.1751105636358261,5,4,1.7423377123505748
10484045,9,1,0.3190213143825531,4,4,1.1424973621831505
10484450,12,1,0.20413154363632202,4,4,1.5889906711994586
10480073,11,7,0.06926418095827103,1,10,2.6698273756982744
10484153,14,3,0.1344611793756485,5,4,2.0064797507789955
10484246,8,1,0.40764930844306946,2,2,0.8973480123224191
10480188,16,6,0.05088059976696968,9,1,2.978273572146915
10480155,7,7,0.055136408656835556,6,7,2.897945006867155
10480508,10,3,0.1201043426990509,8,6,2.1193943915236853
10480240,15,12,0.028581777587532997,12,4,3.5549859115099793
10488244,11,2,0.16098487377166748,2,8,1.8264448701401876
10480193,14,4,0.08044365793466568,12,8,2.5201982410356965
10484160,9,9,0.03138337284326553,8,1,3.4614770536015516
10484046,13,4,0.09900736808776855,8,6,2.3125610064879845
10484448,12,11,0.028565097600221634,4,7,3.5555696700350166
10480068,14,7,0.08133917301893234,9,12,2.509127545521397
10484147,11,2,0.18823625147342682,5,2,1.6700574483108888
10484241,5,1,0.3080408573150635,3,3,1.1775228511859401
10480189,13,7,0.05748505890369415,7,14,2.8562302100975785
10480157,7,7,0.09715088456869125,2,7,2.331489998015464
10480509,12,1,0.27570483088493347,2,2,1.2884244388536918
10480238,16,9,0.04518252611160278,8,3,3.0970448573405704
10480195,10,9,0.02023167721927166,11,13,3.9005057237121
10484052,7,3,0.21068254113197327,2,7,1.5574028228677632
10480071,14,1,0.15230345726013184,6,6,1.8818803190095044
10480158,7,3,0.1720919907093048,4,1,1.759726115433856
10480510,9,8,0.03703342378139496,5,10,3.295934428665747
10480330,9,4,0.136683851480484,4,5,1.9900846733166968
10484054,10,1,0.32675161957740784,2,2,1.118554969864511
10480502,10,4,0.09132189303636551,9,11,2.3933647278336307
10480329,11,8,0.04137749969959259,1,11,3.185018031409742
10484048,10,4,0.11260172724723816,8,6,2.1838982237206803
10480503,10,2,0.20238149166107178,9,1,1.5976007901124107
10480331,11,1,0.2016076296567917,5,5,1.6014318979812472
10480505,16,2,0.18513861298561096,13,9,1.6866504750768119
10480326,10,3,0.17594632506370544,7,8,1.7375763016861139
10484050,10,2,0.23840734362602234,1,3,1.4337745404649405
10484053,8,1,0.39218243956565857,3,3,0.9360281404046954
10484051,11,3,0.12699106335639954,1,13,2.063638562271883
10480095,9,1,0.2682766318321228,2,2,1.3157366225031744
10480099,14,1,0.24608461558818817,12,12,1.4020798363868074
10480103,11,3,0.1125679761171341,2,8,2.184198007660105
10480059,7,2,0.19639120995998383,4,5,1.6276466398679055
10484113,8,3,0.1771395206451416,7,4,1.7308176046834989
10480102,8,6,0.03809058293700218,13,5,3.2677881944080975
10484278,6,1,0.3728959560394287,5,5,0.9864558364809207
10484567,8,1,0.519381046295166,7,7,0.6551174719573152
10484087,8,5,0.06833680719137192,6,7,2.6833067528570864
10480060,8,1,0.47063228487968445,9,9,0.7536782013877599
10484347,9,5,0.09817100316286087,1,3,2.3210443907003877
10480097,12,7,0.03332531824707985,3,4,3.4014378631631184
10484082,8,3,0.20573478937149048,4,2,1.5811673698783273
10484279,8,1,0.4850868582725525,6,6,0.7234273148574565
10484571,5,2,0.27836939692497253,1,2,1.278806281402511
10480053,7,3,0.10811739414930344,4,6,2.224537659332117
10480101,10,4,0.12019684165716171,7,16,2.1186245329570106
10484109,9,2,0.17142479121685028,1,3,1.7636106437395307
10484349,5,4,0.1526479721069336,2,1,1.8796208444821305
10484083,6,1,0.5086924433708191,3,3,0.6759116820488522
10484284,8,1,0.568652868270874,6,6,0.5644851043639225
10484568,9,2,0.23644831776618958,4,3,1.44202562446106
10484093,9,1,0.23818795382976532,3,3,1.4346951950031808
10480054,6,1,0.3016064167022705,1,1,1.1986323675366248
10480098,9,5,0.07660404592752457,1,3,2.5691053847332728
10484084,10,2,0.2447468489408493,4,5,1.4075308722576672
10484280,10,2,0.20497828722000122,3,10,1.5848512214532184
10484572,6,3,0.15845012664794922,2,4,1.8423153935526948
10480100,12,6,0.06921225041151047,3,9,2.6705774029582394
10480057,9,2,0.24151399731636047,6,3,1.4208278476670062
10484110,9,6,0.06968405842781067,10,4,2.663783704336481
10484354,5,1,0.3006569445133209,5,5,1.2017853834319698
10484085,8,7,0.016169894486665726,3,10,4.124604130666994
10484285,12,1,0.3325672745704651,1,1,1.1009131098168548
10484573,8,2,0.25509142875671387,2,1,1.3661332539413267
10484086,9,4,0.11137057840824127,4,3,2.1948920940174688
10480055,9,1,0.33241668343544006,3,3,1.1013660264196878
10484358,12,2,0.24347439408302307,2,3,1.4127434997588844
10484111,8,7,0.07031325995922089,3,6,2.654794878332888
10484411,6,1,0.35086554288864136,4,4,1.0473521975991553
10484281,12,8,0.06423907727003098,10,1,2.7451435732383387
10484079,9,2,0.2114497274160385,7,6,1.553768004182283
10484090,11,1,0.24331450462341309,2,2,1.4134004147616082
10484569,7,1,0.3830623924732208,8,8,0.95955739843919
10480058,12,1,0.2032761573791504,3,3,1.5931898432424085
10484353,10,1,0.2446599304676056,6,6,1.4078860715634987
10484116,9,3,0.15782947838306427,5,2,1.8462400795057199
10484283,12,8,0.06830859929323196,1,5,2.683719615598196
10484412,7,2,0.3080107569694519,4,2,1.1776205713929409
10484091,12,2,0.12895958125591278,9,11,2.0482562473141344
10484080,7,7,0.025042686611413956,1,8,3.6871734457176015
10484343,8,1,0.2886045575141907,3,3,1.2426978409645932
10484570,12,7,0.024591021239757538,1,3,3.7053738929227333
10480056,9,6,0.06646077334880829,3,8,2.711143379818721
10484282,11,9,0.02903551049530506,6,2,3.5392356982460407
10484112,14,1,0.1633797436952591,3,3,1.8116780718341254
10484092,11,2,0.14795629680156708,9,4,1.910838340706558
10484413,8,1,0.3460790812969208,6,6,1.0610879713783437
10484344,12,1,0.25129434466362,5,5,1.381130339008857
10484566,10,2,0.1925486922264099,3,4,1.6474062106092027
10484409,9,1,0.33380645513534546,2,2,1.0971939296090145
10484410,10,1,0.2801697552204132,1,1,1.2723595908751424
10484129,9,1,0.34411701560020447,7,7,1.0667735178220874
10487282,8,3,0.1987956017255783,1,3,1.6154781091212145
10484127,6,2,0.21416456997394562,7,4,1.5410105409337176
10484126,8,1,0.33037009835243225,3,3,1.1075417427854326
10487285,12,3,0.2820402681827545,6,7,1.2657054232639486
10484132,9,4,0.08970794826745987,2,6,2.411195904395259
10487286,14,2,0.14062204957008362,10,4,1.9616794870785141
10487287,14,1,0.45732495188713074,8,8,0.7823610863097645
10484130,6,1,0.20270486176013947,10,10,1.5960042408086637
10487284,9,1,0.23993158340454102,2,2,1.4274014654278246
10484128,6,2,0.20990176498889923,1,4,1.5611156434777096
10487288,9,8,0.07413023710250854,2,6,2.6019317718496024
10484125,12,6,0.07222647219896317,7,8,2.627948649328224
10487289,9,1,0.19421836733818054,8,8,1.6387721481009758
10484133,7,3,0.1550806760787964,2,11,1.8638098066403148
10487283,11,1,0.19665585458278656,10,10,1.626300008959451
10487306,6,2,0.2632373869419098,7,3,1.3346990419671543
10487300,10,1,0.34943291544914246,3,3,1.0514436800834706
10487424,7,3,0.20432105660438538,1,8,1.588062715389894
10487259,7,3,0.09425295889377594,7,2,2.361773059048383
10487425,7,2,0.19148315489292145,1,3,1.6529554382361284
10487258,9,3,0.12378369271755219,1,9,2.0892196502062985
10487302,11,2,0.2084721028804779,8,10,1.567950045829582
10487254,9,1,0.2507458031177521,1,1,1.3833155895972031
10487420,9,7,0.06922151893377304,8,1,2.670443497447752
10487303,13,4,0.1024518758058548,9,12,2.2783620949884678
10487256,9,3,0.19878217577934265,6,2,1.6155456478369095
10487421,7,2,0.2433987408876419,2,4,1.4130542714591736
10487304,14,2,0.16735173761844635,9,3,1.787657468238901
10487422,9,1,0.21994619071483612,3,3,1.5143723502060513
10487255,9,2,0.17737680673599243,10,6,1.7294789575862668
10487305,9,2,0.170324444770813,4,8,1.7700501621497469
10487423,6,3,0.16505804657936096,1,10,1.8014580694970979
10487257,10,5,0.13232026994228363,1,9,2.022530007637165
10497436,10,2,0.16505326330661774,3,1,1.8014870492539272
10497432,11,2,0.13899727165699005,8,9,1.9733009744110623
10497433,11,1,0.358367919921875,8,8,1.0261951110340986
10497635,6,4,0.059299517422914505,2,1,2.825154110905086
10497570,8,3,0.1946534514427185,5,7,1.6365344735507985
10497437,8,2,0.1663757860660553,2,3,1.793506277613528
10497582,9,4,0.1093456894159317,2,6,2.2132409527009904
10497636,10,5,0.1180545911192894,2,10,2.1366081248956434
10497574,9,2,0.17936921119689941,3,2,1.7183089650620407
10497434,10,2,0.1698860228061676,4,7,1.7726275208680888
10497581,14,1,0.21326950192451477,11,11,1.5451986457975282
10497639,6,3,0.17733056843280792,3,6,1.729739669974468
10497571,12,1,0.33372730016708374,7,7,1.0974310860614154
10497435,7,2,0.2713077962398529,1,3,1.3045013231291334
10497576,7,1,0.22822356224060059,7,7,1.47742959429626
10497572,12,2,0.2136543095111847,4,6,1.5433959462030231
10497438,12,4,0.08760138601064682,4,12,2.4349584591256113
10497577,8,1,0.23347042500972748,11,11,1.4546998693824238
10497638,11,1,0.1835489124059677,11,11,1.6952740943852729
10497575,12,3,0.11543820053339005,1,2,2.159019952533111
10497687,7,1,0.3785803020000458,4,4,0.9713270700864733
10497578,11,1,0.20934060215950012,8,8,1.563792678093022
10497637,9,3,0.15543371438980103,8,3,1.8615359122640183
10497568,12,2,0.1526162326335907,7,2,1.8798287920433865
10497688,11,1,0.609281599521637,7,7,0.4954747215573455
10497579,7,1,0.3146190643310547,1,1,1.1563926915574454
10497633,10,5,0.09032367169857025,9,6,2.40435570785706
10497573,11,7,0.0659746304154396,8,2,2.7184849984964337
10497689,12,1,0.33418571949005127,1,1,1.096058394164541
10497580,12,8,0.0701422244310379,9,10,2.6572303206150485
10497634,12,8,0.05882174149155617,1,11,2.833243739161688
10497569,12,8,0.05953032895922661,10,3,2.821269365891797
10497690,8,2,0.21909219026565552,8,1,1.51826267762734
10497684,12,2,0.19157090783119202,2,7,1.6524972630157346
10497686,11,1,0.30050644278526306,2,2,1.2022860850195314
10497685,14,9,0.04188821464776993,7,9,3.1727507649417186
10501122,9,3,0.17093580961227417,1,2,1.766467175337443
10501124,6,6,0.07084169238805771,2,8,2.647307576064085
10498369,9,4,0.12196145206689835,10,13,2.104050250841632
10501123,8,3,0.09176907688379288,5,9,2.3884798912211727
10501144,8,1,0.4663425385951996,3,3,0.7628348535186904
10501164,7,5,0.11394419521093369,1,3,2.1720464661331276
10501125,7,3,0.16950564086437225,5,1,1.7748690732795558
10501145,7,5,0.06271771341562271,2,1,2.7691113606258795
10501165,7,2,0.16122941672801971,1,3,1.824926979652307
10501186,12,2,0.20609965920448303,1,13,1.579395444631569
10498365,10,4,0.08473034203052521,3,15,2.468281512068886
10501126,13,12,0.008265267126262188,2,5,4.795693228054522
10501166,6,2,0.2536728084087372,4,1,1.3717099982206757
10501187,8,3,0.22225616872310638,2,4,1.503924649188802
10498370,8,1,0.4109545350074768,2,2,0.8892726910245567
10501183,8,2,0.31474941968917847,2,7,1.1559784497792263
10498367,8,6,0.06585147231817245,2,5,2.72035349237655
10501140,7,3,0.16165465116500854,1,7,1.8222930021655004
10498356,7,2,0.2814495861530304,3,2,1.2678019374834493
10501189,11,10,0.03359771892428398,7,4,3.3932971034757666
10501146,9,3,0.14193937182426453,5,3,1.9523552715378683
10498368,7,7,0.044241081923246384,5,10,3.1181014662975115
10501161,8,5,0.09617716819047928,1,6,2.3415632863766396
10498357,10,1,0.5512349009513855,7,7,0.5955942431605897
10501188,12,3,0.19684679806232452,1,5,1.6253295276006046
10501141,9,5,0.0902068093419075,1,2,2.4056503631674793
10498363,7,1,0.2957679033279419,10,10,1.2181802426119868
10501162,7,3,0.18240788578987122,6,5,1.7015099687793458
10501185,12,5,0.1012590229511261,4,6,2.290073461399367
10498358,11,4,0.10283541679382324,8,3,2.274625463954229
10501143,11,7,0.03889117017388344,10,8,3.2469880419412767
10501167,9,1,0.23354090750217438,9,9,1.4543980244888408
10498364,12,6,0.0913977324962616,8,10,2.392534609404589
10501182,11,1,0.4126066267490387,2,2,0.8852606175213712
10501147,12,3,0.07865673303604126,2,3,2.5426620455635685
10498359,16,6,0.05710405111312866,4,7,2.8628802171463215
10501163,7,1,0.34019190073013306,8,8,1.0782454066813976
10501148,11,1,0.2506569027900696,5,5,1.3836701960944022
10498360,9,1,0.24613143503665924,7,7,1.4018895969642902
10498361,10,2,0.19089312851428986,11,7,1.656041544108913
10498355,9,1,0.25181540846824646,2,2,1.3790589659627628
10501311,7,2,0.24722732603549957,4,5,1.3974470172931377
10501316,14,1,0.3477272689342499,6,6,1.056336816427911
10506649,7,2,0.21160916984081268,3,2,1.5530142442053294
10507112,8,7,0.04617883265018463,6,8,3.0752337536302767
10506624,8,7,0.034165285527706146,1,5,3.376545193468171
10506654,11,1,0.3523998558521271,10,10,1.0429887939663738
10507111,10,3,0.15816758573055267,4,1,1.844100138886571
10506772,13,7,0.046766385436058044,7,4,3.06259059404406
10506627,10,3,0.1691756546497345,9,8,1.7768177272113113
10506618,7,2,0.27305734157562256,8,2,1.2980734634514464
10506648,14,1,0.2297603189945221,4,4,1.4707186047417908
10507105,10,2,0.24041613936424255,13,9,1.425383943115989
10506777,11,1,0.4768703877925873,8,8,0.7405105487226384
10506619,6,3,0.17390362918376923,7,4,1.749253988467786
10506652,8,3,0.18592286109924316,3,6,1.6824234165641325
10507106,7,1,0.3067208528518677,2,2,1.1818172191335443
10506621,10,3,0.1892463117837906,1,9,1.6647058754474002
10506647,14,1,0.12011823803186417,1,1,2.119278704373989
10507108,10,1,0.2630782425403595,3,3,1.33530379089531
10506779,13,5,0.0718885064125061,11,4,2.632638882214059
10506630,9,3,0.17516173422336578,6,2,1.7420455363023035
10506620,10,1,0.26413923501968384,2,2,1.3312789094875657
10506650,14,2,0.14262358844280243,2,1,1.9475463678318532
10507109,11,5,0.10670891404151917,4,2,2.2376505811319096
10506773,14,2,0.16591770946979523,6,2,1.7962633396239631
10506631,8,5,0.11785104125738144,7,16,2.1383338141924324
10506622,9,3,0.17064836621284485,2,4,1.7681501775818151
10506655,10,1,0.18498116731643677,2,2,1.6875012573751407
10507110,14,2,0.16127145290374756,4,13,1.8246662908919085
10506778,11,6,0.08382204174995422,1,9,2.4790592780374974
10506632,11,2,0.2041303962469101,5,10,1.5889962920487215
10506623,10,2,0.2739640772342682,4,3,1.2947582861734992
10506653,8,5,0.09549183398485184,2,7,2.3487145431634935
10507107,9,2,0.1271776407957077,1,3,2.0621704234351723
10506776,13,2,0.2305745780467987,8,10,1.4671809198661547
10506626,12,3,0.08187561482191086,1,14,2.5025540757796683
10506846,8,3,0.1660461276769638,3,5,1.7954896516543446
10506651,13,5,0.07575926929712296,5,9,2.580194475120165
10506843,10,1,0.5810769200325012,9,9,0.5428721384105467
10506839,9,5,0.07668996602296829,6,5,2.567984400249302
10506754,10,1,0.4776991903781891,14,14,0.7387740534208389
10506844,12,2,0.15399496257305145,7,6,1.870835387668111
10506755,6,4,0.14676465094089508,3,7,1.9189249892034188
10506841,11,2,0.18958492577075958,8,7,1.662918197750423
10506840,11,6,0.10236690193414688,6,8,2.279191841923986
10506757,12,7,0.06959357112646103,7,3,2.6650830847807163
10506845,9,2,0.2373647391796112,6,4,1.4381573369888692
10506758,12,1,0.2364191710948944,2,2,1.4421489007362056
10506842,9,3,0.15771052241325378,3,10,1.8469940629952664
10506752,12,8,0.05457627400755882,10,7,2.9081560326581086
10506759,13,1,0.21594882011413574,9,9,1.532713843289655
10506570,6,3,0.1328466683626175,1,6,2.018559685279581
10506600,6,2,0.22025328874588013,1,4,1.5129770824004598
10506571,6,1,0.3875231444835663,1,1,0.9479797042728375
10506681,8,4,0.12782584130764008,9,2,2.0570865563233576
10506572,6,1,0.22643746435642242,1,1,1.4852864677370774
10506605,8,2,0.28880372643470764,7,6,1.2420079688794408
10506800,15,4,0.12985873222351074,11,6,2.0413080945899047
10506894,13,4,0.12710784375667572,11,1,2.0627193894204523
10506660,7,5,0.12550508975982666,2,4,2.0754089653774725
10506598,10,3,0.18390703201293945,2,3,1.6933249098596432
10509974,9,5,0.06181897595524788,4,2,2.7835449073579763
10506678,18,2,0.1426868885755539,9,1,1.9471026397609348
10506808,12,8,0.02265801839530468,3,12,3.78724147666319
10506574,15,2,0.13697831332683563,2,1,1.9879326625686977
10509738,6,3,0.1667976677417755,1,4,1.790973771518701
10506667,10,2,0.20595979690551758,13,3,1.5800742898917015
10506602,11,6,0.06622393429279327,6,3,2.714713336172537
10509968,12,4,0.13249395787715912,3,11,2.021218235522715
10506682,8,1,0.2254989594221115,5,5,1.4894397345861419
10506802,8,1,0.34435558319091797,1,1,1.0660804834132207
10509711,8,3,0.17178116738796234,7,9,1.7615338948354913
10510009,12,5,0.05288068205118179,7,12,2.939717185428433
10509720,11,4,0.11221567541360855,6,2,2.1873325860833104
10506576,11,4,0.11767137795686722,2,3,2.139859472225012
10509740,9,1,0.35699135065078735,9,9,1.0300437253649406
10506661,12,2,0.14702802896499634,1,3,1.9171320371479632
10506599,9,3,0.12187664955854416,1,10,2.104745814916384
10509970,10,1,0.4927135705947876,3,3,0.7078272664894525
10506679,11,2,0.14095740020275116,13,4,1.9592975604749134
10506809,13,1,0.21049277484416962,1,1,1.5583039502294422
10509706,12,1,0.23717659711837769,1,1,1.4389502798020675
10506897,9,4,0.12203015387058258,2,4,2.103487101914964
10510008,7,1,0.4901767373085022,1,1,0.7129892645251846
10509718,9,3,0.1296270787715912,7,6,2.0430935757503015
10506575,11,1,0.3322581946849823,1,1,1.1018429174792979
10509736,9,1,0.2718440592288971,3,3,1.3025266887505753
10506666,11,1,0.22067990899085999,9,9,1.5110420029812004
10506611,10,2,0.2136402577161789,4,6,1.5434617172007778
10509969,9,2,0.1932791769504547,2,13,1.6436196225722852
10506675,15,6,0.07846440374851227,4,1,2.5451102124687446
10507067,10,6,0.09107580780982971,2,8,2.3960630664059592
10506803,12,4,0.09922223538160324,1,8,2.3103931428165256
10506892,13,13,0.020215194672346115,10,11,3.9013207458419745
10510010,7,2,0.27412906289100647,6,2,1.2941562510460982
10509719,11,2,0.15643085539340973,8,1,1.8551411852049742
10506569,14,13,0.033320385962724686,4,5,3.4015858782354367
10509737,9,5,0.10808714479207993,8,9,2.2248174810007
10506664,9,8,0.056379396468400955,10,4,2.87565149806434
10506601,14,1,0.16360436379909515,3,3,1.8103041815806231
10509975,12,1,0.23142530024051666,15,15,1.463498134674117
10506672,12,3,0.10728041082620621,3,10,2.232309210539851
10506747,6,3,0.17728044092655182,4,2,1.7300223882503645
10507068,12,7,0.06719836592674255,7,2,2.7001063483150167
10506806,14,3,0.13433653116226196,6,2,2.0074072008087738
10509708,8,2,0.22909057140350342,8,2,1.4736378453084513
10506893,13,5,0.06317790597677231,9,7,2.761800627924918
10509722,9,8,0.051318708807229996,3,1,2.9696998991920913
10509741,8,1,0.24257086217403412,3,3,1.4164613961404746
10506663,10,3,0.12593024969100952,1,10,2.0720270991901266
10509973,12,2,0.11950529366731644,6,1,2.124394610120453
10506673,18,3,0.1008174940943718,18,4,2.294443385879836
10507063,10,3,0.14188900589942932,7,6,1.9527101756229905
10506748,4,1,0.5303543210029602,1,1,0.6342099656084692
10506804,14,9,0.04635976254940033,5,6,3.071323382408942
10509710,12,6,0.08533176779747009,10,8,2.461208469462374
10506898,13,8,0.053456779569387436,11,10,2.928881810089842
10510006,10,1,0.2531275749206543,1,1,1.3738616686470315
10509723,7,1,0.35192444920539856,10,10,1.0443387593601943
10509742,13,1,0.3494056761264801,3,3,1.0515216360607291
10506668,13,7,0.056610893458127975,3,9,2.8715538483672822
10506937,10,2,0.3005983829498291,6,1,1.2019801810861515
10509971,11,3,0.19933953881263733,3,1,1.6127456830171027
10506676,9,3,0.12854424118995667,2,9,2.0514821444848583
10507069,12,1,0.32899296283721924,3,3,1.11171891799805
10506751,7,5,0.11117994785308838,6,5,2.1966052384883286
10506805,7,1,0.2239658087491989,4,4,1.496261878290198
10509709,12,1,0.3290523588657379,4,4,1.1115383953904998
10506890,16,5,0.06076333299279213,5,10,2.800768747709803
10510007,10,6,0.06439884752035141,8,4,2.7426595416786754
10509721,9,4,0.0974319726228714,3,7,2.3286008611844
10509739,10,5,0.12170857191085815,1,7,2.106125846704415
10506938,7,7,0.06343216449022293,6,3,2.7577842198412474
10506662,16,10,0.0386136956512928,11,13,3.254148255822415
10509972,11,5,0.09558863192796707,9,8,2.347701378882853
10506674,11,10,0.0411481074988842,12,17,3.1905773432232256
10506749,4,2,0.2703739404678345,2,1,1.3079493134670892
10506801,16,3,0.08462820202112198,14,8,2.4694877106974693
10506896,11,1,0.2854025661945343,15,15,1.2538545824082261
10507070,12,3,0.1277681291103363,6,8,2.057538149122595
10509808,9,3,0.16611775755882263,3,6,1.7950583592342289
10509743,9,2,0.16907279193401337,6,1,1.7774259352899051
10506940,8,6,0.054911863058805466,3,5,2.9020258689497784
10506665,15,5,0.10442442446947098,4,3,2.259291680038831
10506750,9,1,0.5097679495811462,2,2,0.6737996576293308
10507071,12,3,0.13114921748638153,6,13,2.031419539241522
10509811,9,1,0.2325475513935089,8,8,1.4586605527439052
10506939,8,2,0.13196159899234772,1,7,2.025244315444884
10507064,16,4,0.08804699778556824,5,3,2.429884541321191
10506935,8,6,0.09133093059062958,3,1,2.393265769010088
10507065,16,2,0.2188449651002884,2,15,1.5193917217771695
10509812,8,2,0.15193136036396027,9,10,1.8843264366801509
10506936,10,2,0.31152471899986267,5,7,1.166276589168338
10507066,15,5,0.07067377865314484,14,12,2.649680656724145
10509806,8,3,0.10766903311014175,3,6,2.228693265317971
10509809,7,4,0.12882180511951447,2,1,2.0493251852343963
10509810,10,1,0.41364070773124695,3,3,0.882757537683249
10509807,10,8,0.031007520854473114,11,3,3.473525495712793
10506609,6,3,0.15352758765220642,6,1,1.8738750039847212
10506593,8,2,0.2225070297718048,5,2,1.5027965833949155
10506591,11,2,0.20676520466804504,1,5,1.5761714064617136
10509773,8,1,0.4085514545440674,1,1,0.8951374128981392
10510128,12,1,0.3515991270542145,7,7,1.0452635959551573
10506588,8,3,0.133366197347641,6,1,2.0146565708061885
10506643,6,2,0.21163024008274078,1,2,1.5529146776647311
10509770,10,4,0.14304591715335846,2,11,1.9445896012889379
10510017,11,2,0.1752358078956604,15,7,1.7416227383971008
10510131,12,3,0.1459319144487381,1,10,1.924615105436037
10506589,7,1,0.20991946756839752,2,2,1.561031309584443
10510073,9,1,0.3082750141620636,9,9,1.1767629912858355
10509733,7,1,0.39305996894836426,1,1,0.933793086010035
10506640,8,3,0.17520305514335632,6,3,1.741809662599031
10509767,12,1,0.2040988653898239,6,6,1.5891507682713346
10510011,9,6,0.04590030759572983,7,11,3.0812834605060697
10510126,8,1,0.41444307565689087,13,13,0.880819646390502
10506592,13,3,0.16836291551589966,1,9,1.7816334180765852
10510058,10,1,0.2595800757408142,5,5,1.3486900469404024
10509731,4,3,0.20582570135593414,1,6,1.5807255782682452
10506637,8,6,0.10912448167800903,2,4,2.2152660146342558
10510012,6,2,0.35514697432518005,1,2,1.0352235630025122
10510132,12,1,0.2599027752876282,4,4,1.347447659101485
10510059,9,4,0.08311530202627182,1,8,2.4875264541654047
10506590,11,2,0.19977164268493652,11,13,1.6105803513443082
10506641,9,3,0.1808255910873413,1,3,1.7102222974157393
10509769,14,1,0.41267165541648865,1,1,0.8851030254242814
10510014,8,3,0.18806248903274536,2,1,1.6709809829089484
10510130,7,2,0.22018025815486908,2,1,1.5133087128686393
10510067,11,5,0.07638572156429291,3,8,2.571959490795598
10506607,10,1,0.26218223571777344,5,5,1.3387154608334173
10509727,8,4,0.08837183564901352,2,4,2.4262019613582053
10506644,11,5,0.06288950145244598,4,5,2.7663760377526927
10509765,12,1,0.45575398206710815,6,6,0.7858021280679904
10510013,12,1,0.22805120050907135,2,2,1.4781851116020577
10510133,7,4,0.16362088918685913,5,2,1.8102031784482104
10510232,7,1,0.6219073534011841,4,4,0.4749641468528196
10510062,10,1,0.46505624055862427,3,3,0.7655969332704308
10509728,12,1,0.3732389509677887,10,10,0.985536445230627
10506642,8,5,0.08978287130594254,3,2,2.410361064563202
10510016,14,2,0.15963995456695557,11,8,1.8348342833985152
10509768,12,1,0.28446292877197266,6,6,1.2571523369921482
10510068,11,3,0.20250043272972107,3,6,1.5970132555009322
10510127,10,5,0.07690741866827011,5,9,2.565152935494627
10510233,9,8,0.01463997457176447,3,5,4.223999507351814
10509730,7,1,0.2323652058839798,8,8,1.4594449817191268
10506638,10,1,0.20059944689273834,2,2,1.606445160722618
10510018,10,2,0.20322676002979279,5,2,1.593432878888576
10506885,6,1,0.26915156841278076,5,5,1.3124806067107793
10509771,10,1,0.37852296233177185,1,1,0.9714785412822399
10510070,14,1,0.36709755659103394,2,2,1.0021276444779803
10510134,12,2,0.19854065775871277,16,9,1.6167613748477436
10509729,10,2,0.23539741337299347,2,8,1.4464800724364104
10510015,11,4,0.10343717038631439,10,7,2.2687909000133972
10506639,10,1,0.2414371222257614,7,7,1.4211462032443625
10506886,5,2,0.30960509181022644,5,1,1.1724576909863458
10509766,13,4,0.10995640605688095,9,4,2.2076713003145274
10510129,12,3,0.1453741490840912,7,12,1.9284445214083068
10510235,10,3,0.14670045673847198,5,9,1.9193624804196974
10506887,8,3,0.18806307017803192,2,1,1.6709778927425274
10510237,10,3,0.15121260285377502,1,2,1.8890684665028
10506888,7,2,0.21551275253295898,5,3,1.5347351947021453
10510238,11,4,0.09708134829998016,2,8,2.3322060096748563
10506883,8,3,0.21822509169578552,5,7,1.522228218171624
10510236,12,3,0.14941030740737915,1,5,1.9010590166459964
10506884,8,7,0.04359672591090202,4,7,3.132773225233479
10510201,6,5,0.04093614220619202,1,7,3.195741933619052
10510203,13,3,0.13915903866291046,13,11,1.9721378368646079
10513897,8,1,0.3660754859447479,4,4,1.0049157210958244
10513898,9,1,0.30808064341545105,6,6,1.177393701008919
10510204,10,4,0.12352586537599564,4,1,2.091304708599934
10513899,8,1,0.2654840350151062,1,1,1.3262005718779757
10513901,13,1,0.1991576850414276,4,4,1.6136583808877423
10510198,6,3,0.19408148527145386,1,2,1.6394771809330861
10513902,11,9,0.04261681064963341,7,2,3.1555064873587253
10510199,11,9,0.03241739794611931,4,12,3.429060026656954
10513903,12,3,0.11836695671081543,2,4,2.133965677317143
10510200,13,5,0.1198597177863121,2,12,2.121433238482551
10513835,9,1,0.25124019384384155,1,1,1.3813458498477689
10513906,7,2,0.309284508228302,3,1,1.1734936871012511
10513836,10,4,0.09925845265388489,1,5,2.3100281977627564
10513909,8,1,0.28161901235580444,8,8,1.2672001415092609
10513837,11,2,0.3871939480304718,1,12,0.9488295537884576
10513910,10,3,0.1173425242304802,4,9,2.142658063610128
10513912,5,4,0.15205319225788116,4,6,1.8835248702887453
10513832,12,4,0.09582109749317169,6,5,2.3452723938965354
10513907,8,1,0.6621862053871155,5,5,0.41220848557628154
10513830,10,1,0.33079421520233154,2,2,1.1062588032819638
10513908,6,4,0.11681005358695984,3,2,2.14720613706145
10513831,14,9,0.061854287981987,12,6,2.7829738538161752
10513911,8,2,0.17998006939888,5,8,1.714909159784232
10513833,11,1,0.39099323749542236,2,2,0.9390650145544656
10513913,10,1,0.19455187022686005,2,2,1.637056466506749
10523594,14,1,0.3073454797267914,1,1,1.1797828229870146
10523596,8,1,0.28152966499328613,4,4,1.2675174550957495
10523595,12,1,0.2636834979057312,3,3,1.333005766626434
10523788,8,1,0.4368366003036499,1,1,0.8281960661578268
10523597,13,4,0.12426985055208206,4,10,2.0852998637715228
10523658,11,6,0.0273088738322258,7,11,3.600543580808659
10523791,5,2,0.2841453552246094,1,9,1.2582693575819708
10523609,8,2,0.21889297664165497,7,4,1.5191723597480613
10523598,11,2,0.1677444577217102,3,8,1.7853135425929225
10523655,8,1,0.42083919048309326,2,2,0.8655044886179585
10523786,5,4,0.18649794161319733,9,2,1.67933507688573
10523639,6,2,0.2985513508319855,7,1,1.208813331356982
10523592,11,6,0.09719323366880417,3,7,2.331054182399666
10523787,7,1,0.2728356122970581,3,3,1.2988858179219889
10523640,11,2,0.227692648768425,4,5,1.4797585911572557
10523591,13,4,0.09329754114151001,7,2,2.3719615258007716
10523672,8,4,0.12622545659542084,1,2,2.0696856329300077
10523784,9,7,0.07066769152879715,4,11,2.649766790317401
10523607,10,4,0.10201967507600784,1,14,2.2825895913972722
10523634,11,2,0.18668654561042786,10,3,1.6783242952495938
10523673,9,6,0.08961718529462814,6,3,2.4122081772292914
10523653,10,6,0.06231585517525673,6,2,2.7755393883725152
10523789,7,2,0.18764659762382507,2,4,1.6731948850665503
10523610,9,4,0.08419729024171829,2,6,2.474592540654116
10523635,12,3,0.13275836408138275,1,12,2.01922461458213
10523775,6,3,0.13407523930072784,1,6,2.0093541492873843
10523674,9,4,0.12712730467319489,8,2,2.0625662955884043
10523654,11,2,0.15694764256477356,14,1,1.85184301610151
10523785,6,6,0.03547235205769539,2,15,3.3390017012111266
10523612,11,6,0.0870468020439148,3,2,2.441309350445461
10523636,8,4,0.13353943824768066,7,5,2.013358427183393
10523770,16,1,0.2991665303707123,13,13,1.2067549028732794
10523675,6,1,0.3277750015258789,3,3,1.1154278769414083
10523656,10,3,0.1353699415922165,8,2,1.9997439402522423
10523790,6,1,0.3711433708667755,3,3,0.991166846640262
10523613,11,1,0.17848674952983856,1,1,1.7232409128436332
10523637,10,4,0.16684256494045258,1,4,1.7907046361174508
10523771,10,2,0.14879049360752106,1,8,1.9052160456702392
10523677,9,8,0.04251360893249512,7,10,3.157931044131747
10523657,5,1,0.37624919414520264,16,16,0.9775036047281156
10523638,11,9,0.04750223830342293,7,12,3.046978446874432
10523772,9,2,0.28156578540802,2,6,1.2673891627618026
10523773,10,3,0.1926906853914261,6,4,1.6466690420864813
10523774,14,11,0.01928405836224556,1,14,3.948476515983812
10523776,12,1,0.28170037269592285,7,7,1.2669112810764651
10527104,5,4,0.12001703679561615,3,1,2.1201215729805445
10527111,11,6,0.02492225170135498,14,12,3.69199423194762
10527105,9,2,0.20680265128612518,5,1,1.575990315897525
10527109,10,2,0.2440626174211502,3,9,1.4103304578372609
10527106,10,2,0.28153955936431885,8,2,1.267482310674404
10527110,9,2,0.1982206404209137,2,5,1.6183745231495783
10527107,12,2,0.17965614795684814,7,12,1.7167105441498385
10527108,13,3,0.12845973670482635,2,3,2.0521397567822857
10527079,9,4,0.13078616559505463,11,4,2.0341916131747344
10531314,6,1,0.5398145318031311,3,3,0.6165296580434138
10527080,10,2,0.17781910300254822,13,6,1.7269885207144855
10531312,7,5,0.06772717833518982,4,7,2.692267727110526
10531311,7,1,0.21655647456645966,1,1,1.5299039130547225
10531307,9,6,0.07331977784633636,3,7,2.612924885934258
10527081,10,2,0.25312843918800354,1,8,1.3738582542980653
10531309,9,3,0.18966899812221527,6,3,1.6624748412152033
10527082,11,3,0.20857270061969757,2,20,1.5674676144921025
10531313,9,3,0.15676987171173096,1,8,1.8529763342235799
10531388,10,3,0.22698967158794403,8,7,1.4828507621484546
10527076,12,9,0.0440649650990963,9,15,3.122090254463136
10531308,12,4,0.12609973549842834,1,13,2.0706821335675603
10527077,9,7,0.050477396696805954,1,8,2.9862296330614577
10531522,8,1,0.43714457750320435,2,2,0.8274912976339213
10531385,11,6,0.027198998257517815,9,4,3.6045751351261086
10531310,10,4,0.08366287499666214,6,5,2.4809599483103835
10527078,9,1,0.19754120707511902,6,6,1.6218080729856472
10531384,9,1,0.3702750504016876,3,3,0.9935091700495027
10531508,8,2,0.1906297504901886,4,8,1.657422211326706
10531387,7,1,0.40749186277389526,3,3,0.8977343151536136
10531509,8,5,0.11995222419500351,6,3,2.120661747183866
10531389,12,7,0.041966989636421204,11,12,3.1708719307656694
10531382,10,2,0.20865841209888458,4,7,1.567056755964155
10531514,9,1,0.3271413743495941,4,4,1.1173628640552629
10531386,12,1,0.18125887215137482,8,8,1.7078290366446667
10531331,8,1,0.7537120580673218,1,1,0.28274486976351115
10531515,7,4,0.17455533146858215,5,2,1.7455135018208863
10531332,7,1,0.32392123341560364,4,4,1.127254899487006
10531337,8,1,0.3965335190296173,9,9,0.9249947042051072
10531523,9,2,0.314281702041626,2,1,1.1574655550037223
10531336,11,9,0.026199497282505035,7,8,3.6420150560898197
10531510,9,5,0.10755044966936111,8,3,2.229795242251001
10531335,11,1,0.19529244303703308,7,7,1.6332571359749555
10531334,7,1,0.3004920482635498,2,2,1.2023339870423497
10531333,7,5,0.11870799958705902,5,4,2.131088586317553
10531330,8,2,0.20402082800865173,12,3,1.589533192267949
10531215,14,2,0.1673041731119156,1,8,1.7879417274157208
10531260,9,4,0.1031731516122818,10,5,2.2713466185775637
10531219,9,1,0.2770649492740631,6,6,1.2835033263659252
10531368,9,2,0.19450972974300385,3,1,1.63727309278919
10531262,8,3,0.15057139098644257,3,5,1.8933179485518306
10531213,7,1,0.29122647643089294,1,1,1.2336540449833582
10531371,15,3,0.11695242673158646,2,7,2.1459880360040287
10531351,13,2,0.1389029324054718,17,16,1.9739799178142197
10531256,9,1,0.22140322625637054,2,2,1.5077696867434445
10535114,8,3,0.21360783278942108,3,4,1.5436135022059803
10531438,8,1,0.3099204897880554,2,2,1.1714394989553938
10535045,9,6,0.08806823194026947,8,1,2.4296434019848916
10531322,7,3,0.17392252385616302,1,2,1.7491453441220561
10531222,9,3,0.16753368079662323,1,3,1.78657086854794
10531365,7,4,0.12567061185836792,7,14,2.0740909865966017
10531356,11,7,0.06116056814789772,4,8,2.794252608430451
10535115,9,2,0.2957262396812439,2,4,1.2183211185522114
10531258,7,4,0.14728516340255737,7,3,1.9153846842623041
10535048,6,2,0.28047487139701843,12,6,1.2712711430697325
10531211,8,6,0.0701446607708931,2,7,2.6571955869355324
10535079,7,1,0.5821832418441772,9,9,0.5409700322755822
10531364,10,7,0.0756334662437439,14,7,2.581856418566604
10531350,14,4,0.08802130073308945,9,3,2.4301764400091144
10531433,8,1,0.23878957331180573,8,8,1.4321725612653247
10535118,8,4,0.15436452627182007,10,4,1.8684384199140418
10531261,11,7,0.053708747029304504,9,12,2.9241794037802906
10535043,7,2,0.2298816740512848,4,7,1.470190563085813
10531316,9,2,0.22671028971672058,5,1,1.4840823333645206
10531212,14,14,0.010026768781244755,5,11,4.602496884320791
10535080,13,2,0.22131460905075073,5,1,1.5081700194146677
10531367,11,1,0.18648765981197357,15,15,1.6793902093154383
10531401,7,2,0.23110277950763702,3,1,1.464892734480157
10531437,7,2,0.24460817873477936,3,1,1.408097619105821
10535190,6,4,0.15687192976474762,2,5,1.8523255405083399
10535117,7,1,0.43671715259552,1,1,0.8284695415071752
10531259,10,3,0.10510329157114029,1,7,2.2528116831201843
10535044,9,3,0.20119608938694,3,10,1.6034752773920633
10531214,12,1,0.2156917154788971,6,6,1.533905133932883
10535082,11,2,0.24527591466903687,3,7,1.405371519782417
10531362,9,2,0.19531841576099396,3,4,1.6331241508138206
10531403,6,1,0.29883185029029846,5,5,1.207874237393843
10531705,7,2,0.20756006240844727,6,3,1.5723345238059847
10531352,13,1,0.16143177449703217,6,6,1.8236726745109009
10535150,9,3,0.1261454075574875,4,6,2.0703200091753526
10531435,7,6,0.08501006662845612,3,1,2.4649855985811957
10535194,7,2,0.20477686822414398,3,4,1.585834340320201
10535119,8,4,0.1552000492811203,6,3,1.8630403537000775
10531257,14,3,0.10696646571159363,12,7,2.2352398982062507
10535046,6,2,0.22233271598815918,10,6,1.5035802984034292
10531317,12,10,0.03922877088189125,12,7,3.238344850327435
10531216,13,9,0.04392540454864502,4,12,3.125262434965161
10531370,11,5,0.11169224232435226,12,7,2.1920080263093933
10531404,10,3,0.10825186222791672,7,2,2.2232947092182545
10531707,6,3,0.19263741374015808,1,7,1.6469455423039712
10531349,18,12,0.03202652558684349,3,15,3.4411907949618006
10535152,10,3,0.20088551938533783,5,7,1.605020088478119
10531434,9,2,0.21291635930538177,8,11,1.5468558697088808
10535188,6,1,0.3097080886363983,5,5,1.1721250746934155
10535120,9,6,0.057775139808654785,8,3,2.851196702943101
10535047,11,3,0.13629621267318726,9,2,1.992924727362793
10531323,13,2,0.23728275299072266,1,2,1.4385027983725542
10535084,13,4,0.10741965472698212,8,6,2.2310121087440042
10531366,13,13,0.020941464230418205,2,11,3.8660241509405386
10531405,10,3,0.18912112712860107,4,5,1.6653675849228093
10531711,9,1,0.3503130078315735,1,1,1.048928216063689
10531353,18,3,0.08333270251750946,1,4,2.4849142196065377
10535151,8,4,0.11702445894479752,1,3,2.1453723152222217
10531439,10,4,0.11801951378583908,4,11,2.136905297122327
10535191,8,5,0.112790048122406,3,9,2.182227169675504
10535121,9,7,0.061265651136636734,1,7,2.792535933437798
10535049,11,2,0.14527606964111328,7,1,1.9291194181768756
10531500,8,3,0.11527333408594131,5,1,2.1604491526447043
10531318,13,9,0.04821736738085747,7,14,3.032036003719995
10535085,13,8,0.04099375754594803,5,8,3.1943354788466722
10531369,18,12,0.044040143489837646,6,16,3.1226537089622655
10531406,9,5,0.13198816776275635,5,6,2.025042998574443
10531706,8,4,0.12036806344985962,4,7,2.117201035032119
10531354,16,4,0.0821448490023613,3,8,2.499271138809697
10535148,10,4,0.1807507425546646,1,4,1.710636309765452
10531441,11,4,0.10598858445882797,12,13,2.2444238844541036
10535189,7,1,0.47306573390960693,1,1,0.7485209278212126
10535116,9,3,0.1275835484266281,4,9,2.0589838472095394
10531502,11,1,0.4525655210018158,12,12,0.7928227285302769
10535050,9,8,0.05685530975461006,7,12,2.8672456637695567
10531315,14,1,0.2618710398674011,4,4,1.339903110644798
10535083,13,2,0.24288374185562134,3,4,1.4151723787027468
10531363,11,5,0.07333266735076904,9,15,2.6127491029195453
10531408,7,2,0.227903813123703,2,1,1.4788316113052962
10531708,9,2,0.1342601627111435,1,5,2.0079758485614696
10531355,16,5,0.05938127264380455,10,23,2.8237763776800873
10535149,10,2,0.14502322673797607,3,2,1.9308613649898787
10531440,10,3,0.12747371196746826,5,16,2.059845116289116
10535070,9,2,0.19842229783535004,3,1,1.6173577021634402
10531503,11,1,0.27285096049308777,4,4,1.2988295651322044
10531319,13,11,0.026491185650229454,5,8,3.6309432182917285
10531709,13,2,0.175582617521286,3,1,1.7396455917395968
10535071,8,5,0.11920895427465439,4,5,2.126877407418423
10531499,10,3,0.14061406254768372,1,5,1.9617362864869679
10531703,10,1,0.39327314496040344,3,3,0.9332508831865979
10535065,10,3,0.09641758352518082,5,10,2.339066692285313
10531497,12,2,0.17385387420654297,4,11,1.7495401360107186
10531710,15,4,0.05779989808797836,2,7,2.850768266489125
10531501,12,1,0.19728098809719086,1,1,1.6231262309756915
10531704,15,12,0.03825576603412628,7,10,3.263460984080398
10535068,9,1,0.24189405143260956,2,2,1.4192554526870826
10535067,4,2,0.21815679967403412,2,3,1.5225412101800437
10535069,9,1,0.2681805193424225,5,5,1.3160949455883202
10531248,5,1,0.28933820128440857,3,3,1.2401590284157327
10531244,12,2,0.2500659227371216,7,2,1.386030704931752
10531225,10,7,0.047265682369470596,5,7,3.051970778110292
10531249,14,4,0.09025493264198303,13,1,2.4051170279498626
10531218,7,6,0.04864843562245369,6,8,3.023135626623478
10531246,13,2,0.17140629887580872,7,3,1.7637185239265611
10531226,8,1,0.5407631397247314,4,4,0.614773915369325
10531252,16,13,0.038975704461336136,1,15,3.2448167895041147
10531304,7,1,0.27858173847198486,2,2,1.2780437672650744
10531253,11,2,0.14643488824367523,10,5,1.9211743981703122
10531300,10,6,0.045692626386880875,2,10,3.0858183423082965
10531221,10,4,0.11657869070768356,4,3,2.149188777276285
10531247,14,13,0.01422655675560236,2,12,4.252644866953963
10538394,9,1,0.3862367570400238,7,7,0.9513047373384804
10535210,8,1,0.23925648629665375,3,3,1.4302191380587683
10535192,9,7,0.04147373139858246,1,7,3.182695030508266
10531301,9,1,0.46487319469451904,1,1,0.7659906101657523
10531223,7,3,0.09692186117172241,1,3,2.333850180043176
10531251,16,10,0.05341067537665367,2,3,2.929744639575532
10538390,9,2,0.19369569420814514,2,10,1.6414669379946525
10535211,4,4,0.2168046087026596,1,3,1.528758751788995
10535193,9,2,0.2257504165172577,5,3,1.488325241649058
10531217,11,3,0.10208471864461899,1,7,2.2819522354871196
10531250,12,1,0.1392822414636612,10,10,1.9712528904318445
10538391,9,5,0.11672674864530563,4,15,2.147919557339464
10535196,8,6,0.03104563243687153,5,7,3.4722971427550786
10531224,10,1,0.31864961981773376,8,8,1.1436631503255308
10531299,10,2,0.20794275403022766,6,2,1.5704924581695923
10531243,13,13,0.016614209860563278,5,2,4.097496934095542
10538393,8,5,0.1221814751625061,1,8,2.1022478381510803
10531220,9,6,0.049277838319540024,6,9,3.010280825988056
10535205,8,2,0.17536957561969757,1,5,1.740859671217774
10535200,7,3,0.1819094866514206,1,9,1.7042460417040748
10531298,12,3,0.21191634237766266,6,3,1.5515636936158217
10538395,9,2,0.17922471463680267,5,2,1.7191148714508981
10535206,11,2,0.15953129529953003,10,3,1.835515167229179
10535197,10,6,0.050560008734464645,2,1,2.9845943563891066
10531302,9,3,0.14459453523159027,1,3,1.933821762284274
10535207,8,1,0.2587071657180786,6,6,1.3520584912248694
10538392,14,10,0.026280440390110016,8,7,3.638930327891598
10531487,10,3,0.15547673404216766,1,9,1.8612591788646866
10531303,10,4,0.12421194463968277,3,4,2.085765941484804
10535199,9,1,0.20664143562316895,8,8,1.5767701827585183
10535208,12,7,0.06708817183971405,3,12,2.701747527149396
10538396,14,1,0.20897072553634644,5,5,1.5655611060320171
10531488,6,4,0.16670672595500946,5,4,1.791519142378809
10535195,11,2,0.1696372926235199,6,3,1.774092694043777
10535209,12,9,0.03267965838313103,8,2,3.4210024624375355
10531489,8,4,0.12812860310077667,4,3,2.0547208077227146
10531484,10,3,0.08705410361289978,1,4,2.441225473007125
10531485,9,4,0.14015989005565643,1,6,1.964971436214623
10531486,10,2,0.2543759047985077,2,1,1.3689421658441532
10535129,10,3,0.16278614103794098,1,11,1.8153179577969318
10535130,9,6,0.06085175275802612,9,1,2.799314655394404
10535240,5,3,0.18330490589141846,5,3,1.6966043602206657
10535216,6,1,0.5716221928596497,5,5,0.5592770078234989
10535241,11,6,0.04487355053424835,12,9,3.103906732767813
10538270,10,4,0.11759532988071442,5,1,2.140505956204836
10535215,9,1,0.5620821118354797,2,2,0.5761073332921314
10535091,11,1,0.3868987262248993,7,7,0.9495923095403312
10538268,12,3,0.13622654974460602,2,12,1.993435972217942
10535237,12,1,0.3462602198123932,3,3,1.0605647062125059
10535217,7,7,0.037670426070690155,4,2,3.278879946731848
10535086,13,2,0.1301211565732956,9,17,2.039289288903612
10538271,12,2,0.15136699378490448,11,8,1.8880479684504305
10535218,6,2,0.19127504527568817,3,2,1.6540428591595668
10535087,13,1,0.23686964809894562,7,7,1.4402452971782278
10535313,7,5,0.1131301298737526,3,7,2.1792165310398897
10535239,12,3,0.0913972333073616,5,9,2.3925400711403406
10535219,9,2,0.14834928512573242,9,8,1.9081857510925595
10538267,12,8,0.02889915555715561,7,15,3.5439429037662324
10535088,12,11,0.013822970911860466,7,13,4.281423511831114
10535320,8,2,0.23714309930801392,4,1,1.4390915255090109
10535242,11,1,0.25875720381736755,3,3,1.3518650939500394
10538272,10,9,0.06250449270009995,1,3,2.7725168416216555
10535213,8,5,0.1125548779964447,8,2,2.184314371862716
10535089,10,2,0.1720275729894638,4,7,1.760100506938373
10538269,11,9,0.033852484077215195,2,6,3.385742897465128
10535244,11,1,0.23127780854701996,1,1,1.4641356566431336
10535214,8,3,0.14688695967197418,1,2,1.9180919698448902
10535093,11,2,0.16967149078845978,10,1,1.7738911185660555
10538266,10,2,0.1605304479598999,9,4,1.8292716474888837
10535243,12,7,0.06625890731811523,15,13,2.71418537306865
10535315,10,2,0.22014372050762177,1,8,1.5134746708863798
10535319,8,1,0.29353153705596924,1,1,1.225770193847763
10535317,13,7,0.06696194410324097,13,9,2.7036308194224947
10535316,7,6,0.08142776787281036,3,8,2.5080389354861903
10538400,13,5,0.06871820986270905,13,12,2.6777410513731867
10538097,11,1,0.25899749994277954,1,1,1.3509368700597681
10538402,7,1,0.286265105009079,8,8,1.2508369569152318
10538096,8,1,0.21014118194580078,2,2,1.5599756791736976
10538401,11,2,0.28182101249694824,3,7,1.266483117013704
10538091,7,4,0.05546081066131592,6,4,2.8920786218563292
10538403,9,1,0.41284194588661194,1,1,0.8846904568796325
10538092,13,9,0.029774034395813942,1,5,3.514118594298076
10538399,10,2,0.19968181848526,2,12,1.6110300868450467
10538093,6,1,0.40515848994255066,1,1,0.9034769552349776
10538397,11,1,0.27252885699272156,1,1,1.3000107732645567
10538094,10,4,0.07983208447694778,3,12,2.5278297942166517
10538398,8,1,0.21318842470645905,1,1,1.5455788812860467
10538095,14,2,0.14287517964839935,9,13,1.9457838994863301
10548629,11,5,0.10611522942781448,2,9,2.243229705229165
10548631,11,3,0.14632146060466766,2,4,1.9219492926867217
10548632,11,2,0.23737069964408875,9,8,1.4381322263104137
10548316,6,1,0.4181329309940338,6,6,0.8719558802818451
10548234,7,1,0.35957473516464233,10,10,1.0228332370157334
10548633,8,4,0.11578937619924545,7,9,2.155982460718132
10548276,8,1,0.5900301933288574,7,7,0.5275815682581178
10548299,10,1,0.2512021064758301,12,12,1.3814974587710631
10548235,7,2,0.2657569348812103,1,9,1.3251731665927147
10548634,7,1,0.41876354813575745,7,7,0.8704488426091996
10548231,10,3,0.1278759241104126,6,12,2.0566948280665653
10548277,7,1,0.2840915322303772,6,6,1.2584587961614837
10548289,9,3,0.1352742314338684,1,9,2.00045121697849
10548238,12,1,0.27571406960487366,9,9,1.2883909299553467
10548635,5,4,0.18678566813468933,1,3,1.6777934791784601
10548232,7,3,0.15372714400291443,8,1,1.8725760402376541
10548278,9,1,0.3695986568927765,7,7,0.9953375731693264
10548293,5,4,0.16778691112995148,4,3,1.7850604907926506
10548313,7,5,0.09808801114559174,6,8,2.3218901304235633
10548239,9,5,0.1149851605296135,5,1,2.162952197818045
10548636,7,1,0.3265792429447174,4,4,1.1190826554418458
10548225,10,3,0.13220243155956268,6,16,2.023420958696162
10548273,12,2,0.12041797488927841,6,7,2.116786464150203
10548290,6,3,0.1472390592098236,3,7,1.9156977599930634
10548312,8,1,0.22202852368354797,9,9,1.5049494203023293
10548236,9,1,0.23378250002861023,3,3,1.453364082922614
10548637,8,2,0.30543380975723267,2,1,1.1860221858508753
10548354,6,1,0.29822221398353577,2,2,1.2099163858527822
10548227,8,1,0.2790662348270416,2,2,1.2763061245221163
10548279,11,2,0.1686769425868988,3,2,1.7797699757903451
10548292,6,5,0.11501029878854752,3,5,2.1627335999456463
10548315,12,1,0.17782166600227356,6,6,1.726974107295391
10548237,11,8,0.03401123732328415,1,11,3.3810642994638545
10548348,10,1,0.5273275971412659,6,6,0.6399332971164517
10548228,10,2,0.17749720811843872,9,12,1.7288003991005716
10548274,9,1,0.3950040340423584,8,8,0.9288593013677008
10548294,10,8,0.03948049247264862,6,8,3.231948590516727
10548314,12,5,0.09723485261201859,15,5,2.330626065817888
10548241,10,1,0.2287069857120514,7,7,1.4753136331114112
10548352,8,1,0.384398877620697,1,1,0.9560745217115499
10548230,10,3,0.12789587676525116,3,10,2.0565388088743735
10548280,9,4,0.12479196488857269,4,10,2.08110720902521
10548296,9,3,0.20435203611850739,3,1,1.5879111051433035
10548240,10,1,0.21364448964595795,13,13,1.5434419087250235
10548349,8,1,0.2979748547077179,2,2,1.2107461762123832
10548229,11,3,0.12190411239862442,12,10,2.1045205072261797
10548275,11,9,0.0655507743358612,4,2,2.7249302559381388
10548291,9,1,0.3792113959789276,12,12,0.9696614563657979
10548351,12,1,0.32926541566848755,5,5,1.1108911188975052
10548350,12,4,0.13755300641059875,6,9,1.9837459349940043
10548355,13,13,0.012531682848930359,2,11,4.379495213511313
10548347,13,8,0.03373335674405098,2,7,3.389268116803516
10551861,14,2,0.24337494373321533,10,11,1.4131520464835736
10551659,7,1,0.3536987900733948,2,2,1.0393096035472773
10551544,9,7,0.07909654080867767,7,10,2.5370861370399194
10551865,11,1,0.20954486727714539,1,1,1.5628173989356386
10551559,9,1,0.27069398760795593,10,10,1.3067662931443502
10551660,7,5,0.1327335685491562,4,9,2.019411403928631
10551425,7,2,0.17335137724876404,1,2,1.7524346619806517
10551560,10,2,0.3332083225250244,4,2,1.098987391435284
10551863,10,4,0.13295800983905792,9,7,2.0177219161048177
10551663,9,3,0.2700072228908539,3,5,1.309306568893969
10551545,10,5,0.07841688394546509,2,4,2.545716018364387
10548379,10,1,0.28391820192337036,6,6,1.2590691037036428
10551424,13,1,0.2945072650909424,3,3,1.222451606955583
10551864,11,4,0.11815283447504044,1,10,2.1357762851584394
10551665,7,5,0.12446919083595276,6,5,2.083697056866474
10551549,6,2,0.25512993335723877,6,8,1.3659823210190418
10548375,11,1,0.6422780752182007,12,12,0.44273393010062106
10551558,10,1,0.45063474774360657,4,4,0.7970981395683251
10551426,10,2,0.1977146863937378,1,6,1.6209302653039666
10551661,7,2,0.22161416709423065,6,1,1.5068173952218595
10551561,9,1,0.2127191126346588,1,1,1.5477827035742249
10551551,10,6,0.02932688407599926,2,4,3.529250638390503
10548381,11,5,0.09855346381664276,9,1,2.31715609819141
10551428,10,7,0.04922051355242729,7,8,3.0114448002575824
10551664,9,1,0.3323409855365753,1,1,1.101593772266709
10551548,9,7,0.04165787622332573,3,7,3.178264823245564
10548378,11,1,0.4238169193267822,9,9,0.8584537110406781
10551427,13,1,0.3339371979236603,12,12,1.096802333854007
10551662,10,9,0.047357961535453796,4,7,3.050020331236141
10551546,7,4,0.10164913535118103,2,5,2.2862282450808893
10548377,13,3,0.1616729199886322,4,11,1.8221799971187738
10551422,12,5,0.08005411177873611,2,15,2.525052475727562
10551658,11,2,0.12766441702842712,3,4,2.0583501998121108
10551550,11,4,0.11257995665073395,2,4,2.1840915839993245
10548380,8,2,0.18485282361507416,6,2,1.6881953185467031
10551423,14,11,0.035527411848306656,4,9,3.337450715725552
10548376,12,1,0.2639608383178711,5,5,1.331954526544277
10548373,14,2,0.1504676192998886,1,8,1.894007372095746
10548374,14,1,0.3886844515800476,6,6,0.9449874430044265
10556650,11,2,0.2072298526763916,2,1,1.5739267023513375
10556615,7,2,0.14976851642131805,3,10,1.8986644007402014
10556369,7,4,0.09375278651714325,7,1,2.367093891723804
10556656,7,4,0.15859511494636536,6,1,1.841400771350549
10556616,8,7,0.05028761923313141,2,8,2.989996370679831
10556375,7,6,0.04384446144104004,5,3,3.1271068750731494
10556520,14,1,0.4159705638885498,10,10,0.8771407811077662
10556652,12,1,0.35841161012649536,2,2,1.0260732040798877
10556611,10,3,0.0911988765001297,9,11,2.394712701055257
10556370,7,1,0.2144937813282013,4,4,1.5394745325112433
10556518,11,3,0.18438921868801117,7,2,1.6907064365536595
10556651,11,4,0.08320115506649017,5,6,2.486494048240643
10556617,10,1,0.29315808415412903,14,14,1.227043279100266
10556373,8,2,0.18251098692417145,1,7,1.700944905447451
10556519,13,1,0.20821167528629303,1,1,1.5692000471098841
10556653,10,8,0.02663213014602661,1,11,3.625636891892478
10556618,11,7,0.05132867023348808,6,10,2.9695058089701596
10556368,10,2,0.19238322973251343,2,3,1.648265908101919
10556515,9,6,0.0521877147257328,3,10,2.9529081618744675
10556657,7,2,0.3016394376754761,2,10,1.198522889873417
10556612,11,2,0.161604106426239,5,4,1.8226057221645382
10556371,9,5,0.09097715467214584,4,1,2.3971468515418373
10556517,9,1,0.283805787563324,1,1,1.259465121358691
10556654,13,7,0.06094386801123619,8,7,2.7978020349866792
10556613,12,1,0.35526418685913086,5,5,1.0348935779419761
10556372,9,1,0.23448596894741058,5,5,1.4503595267988842
10556516,11,2,0.173738494515419,11,12,1.7502040153460785
10556658,14,7,0.06693131476640701,13,1,2.7040883381598357
10556614,10,6,0.0862603485584259,3,6,2.4503852469819893
10556374,11,6,0.05389636382460594,10,11,2.9206922648529092
10556521,13,9,0.052126429975032806,2,5,2.9540831656656943
10556655,10,3,0.11400015652179718,5,8,2.171555457590363
10556350,6,4,0.10944586992263794,4,3,2.2123251905572388
10556351,6,5,0.15745790302753448,1,6,1.8485971388076072
10556530,11,6,0.09667816013097763,2,7,2.336367753830858
10556355,10,9,0.018115894868969917,1,8,4.010965556519299
10556528,12,1,0.2060452699661255,6,6,1.5796593772185001
10556628,14,1,0.16193635761737823,17,17,1.8205518751509004
10556352,11,1,0.417980432510376,2,2,0.8723206597292389
10559698,12,4,0.09656671434640884,9,11,2.3375211691255764
10556701,6,5,0.07267145812511444,1,6,2.6218065695333643
10556497,7,3,0.14943929016590118,1,7,1.900865054473397
10559919,10,5,0.08324046432971954,7,2,2.486021699268038
10556627,11,2,0.14484679698944092,9,8,1.932078667614365
10559703,8,3,0.1923849880695343,1,8,1.6482567683812275
10556353,12,1,0.4355963468551636,2,2,0.8310392744250649
10556500,11,5,0.10778192430734634,12,11,2.227645312606233
10556534,11,4,0.11832106113433838,5,3,2.1343534922768534
10556916,7,4,0.12770403921604156,4,2,2.0580398859345466
10556630,11,3,0.14205388724803925,2,6,1.9515488057058594
10559708,14,1,0.6027712821960449,9,9,0.5062174540480526
10556704,12,9,0.059133321046829224,1,4,2.8279607055510705
10559700,8,3,0.19576223194599152,16,1,1.6308544584722207
10556354,12,7,0.04456450045108795,2,7,3.1108176909071843
10559746,12,3,0.1874016374349594,5,2,1.67450117156946
10556499,7,2,0.18862906098365784,6,4,1.6679728327227885
10559921,7,1,0.4043010175228119,6,6,0.9055955855866326
10556535,10,1,0.20328812301158905,3,3,1.5931309810500358
10559681,8,3,0.15521670877933502,3,4,1.8629330173672403
10556907,14,1,0.3434659540653229,2,2,1.068667287034483
10559887,6,2,0.31815779209136963,2,4,1.1452078177240503
10559699,12,1,0.3391214609146118,1,1,1.0813969439893447
10556356,8,4,0.1317661553621292,6,1,2.0267264777336136
10559747,9,7,0.06892265379428864,3,5,2.6747703626329535
10559715,8,3,0.17441369593143463,2,1,1.74632523887377
10556501,8,5,0.0973159521818161,1,9,2.3297923548025983
10559923,12,5,0.10132122039794922,1,3,2.289459408935522
10556531,13,1,0.3214148283004761,6,6,1.1350226901515843
10559682,9,2,0.15652543306350708,1,2,1.8545367706176021
10556917,7,1,0.2769385278224945,2,2,1.2839597186413874
10556632,17,1,0.1630125641822815,1,1,1.81392800027306
10559706,7,7,0.060669682919979095,2,7,2.8023111633481794
10556698,8,1,0.2995222806930542,2,2,1.20556647122853
10559884,9,1,0.3174249827861786,1,1,1.1475137632558539
10559701,8,4,0.14746737480163574,1,11,1.914148315453409
10556357,14,2,0.1545339673757553,3,10,1.867341353243831
10559748,8,3,0.16932587325572968,3,1,1.7759301766186397
10559716,11,4,0.09557035565376282,1,3,2.347892594315527
10556503,9,1,0.2536916434764862,9,9,1.3716357515221234
10559924,14,7,0.038420747965574265,5,2,3.2591576537007163
10556533,14,4,0.09612536430358887,11,4,2.3421020612692183
10559685,9,1,0.26650270819664,5,5,1.322370873339166
10556633,15,1,0.16625693440437317,5,5,1.7942208896130443
10556703,13,9,0.04624706134200096,9,8,3.073757355593693
10559885,9,2,0.2633213400840759,5,2,1.3343801672108602
10559702,11,7,0.043028928339481354,2,9,3.1458826374038504
10559749,10,6,0.06985165923833847,4,7,2.6613814392543738
10559717,12,2,0.2599644660949707,13,1,1.347210326172147
10556495,11,3,0.13439960777759552,1,8,2.006937769218808
10556536,9,6,0.0809202790260315,1,2,2.514290818517115
10559920,14,2,0.17381951212882996,2,16,1.7497378047376069
10556526,11,2,0.19437193870544434,3,16,1.6379817455980288
10559687,12,4,0.09237419813871384,4,6,2.381907580252515
10556909,9,1,0.2809505760669708,1,1,1.2695765110007933
10556635,11,5,0.07503245025873184,5,3,2.5898345889041265
10559707,10,2,0.14199158549308777,4,11,1.9519874802275783
10556818,7,1,0.30050674080848694,7,7,1.2022850932834697
10556702,14,7,0.05175820365548134,15,18,2.9611723346567773
10559696,11,2,0.18218761682510376,3,9,1.7027182612019702
10559751,10,9,0.032239869236946106,5,3,3.434551417277924
10559711,14,4,0.11663872748613358,11,7,2.1486739205366714
10556502,10,2,0.16496394574642181,7,9,1.8020283395862287
10556537,7,2,0.25401562452316284,6,4,1.3703594999847812
10559916,14,1,0.20598018169403076,2,2,1.579975320189372
10556527,12,2,0.19060833752155304,6,5,1.6575345451639139
10559683,11,6,0.06841154396533966,3,9,2.682213697170832
10556914,12,2,0.3063979148864746,1,4,1.1828706463396572
10556629,18,7,0.06178411468863487,4,3,2.7841089914331527
10559705,9,2,0.24020043015480042,5,1,1.4262815785185385
10556819,11,9,0.032710153609514236,3,6,3.4200697413403267
10556699,16,2,0.11920931935310364,16,13,2.126874344914499
10559886,9,9,0.03605981916189194,11,6,3.322576076142116
10559697,11,2,0.1622791737318039,7,6,1.8184371322774846
10559750,9,5,0.08699288964271545,1,3,2.4419288919121382
10559712,11,11,0.018619706854224205,4,11,3.9835347508541292
10556498,11,3,0.11089751869440079,13,4,2.199148759137613
10556538,7,4,0.10979781299829483,1,4,2.2091146681533904
10559917,14,12,0.014711570926010609,4,10,4.219120957004102
10556529,12,2,0.1730733960866928,16,7,1.7540395196186205
10559684,13,1,0.2732246220111847,11,11,1.2974610308545789
10556911,13,4,0.12609641253948212,10,8,2.0707084857459916
10556634,11,7,0.0557333379983902,2,11,2.8871767832964754
10556697,11,8,0.060729093849658966,13,12,2.801332390151221
10559744,12,1,0.19181467592716217,5,5,1.6512256026343992
10556539,8,5,0.065268874168396,4,3,2.7292400153209733
10556496,13,1,0.19133760035037994,10,10,1.6537158700965326
10556910,9,2,0.2001865953207016,5,7,1.6085053707827512
10559686,14,2,0.17087426781654358,1,5,1.7668272688540445
10556821,10,1,0.29139408469200134,1,1,1.2330786850427167
10559790,10,1,0.2202729433774948,7,7,1.512887849886278
10556540,10,6,0.09653466194868088,8,6,2.3378531439528647
10556908,13,3,0.1636963188648224,11,3,1.8097422819389954
10556822,10,2,0.2208532989025116,1,8,1.5102566037520377
10556913,16,6,0.05621974170207977,15,6,2.878487307927686
10556823,12,2,0.27422669529914856,1,3,1.293800159557259
10559789,10,7,0.037944186478853226,6,17,3.27163897583815
10556915,16,4,0.13278691470623016,9,16,2.0190095806332096
10556493,12,8,0.040736548602581024,14,3,3.2006295894310077
10556489,12,5,0.0947795882821083,6,9,2.356201206384306
10556494,9,7,0.07462240755558014,2,9,2.595314447496522
10559926,7,3,0.2057662308216095,3,1,1.5810145564045457
10556454,15,1,0.31045079231262207,10,10,1.1697298690320468
10559800,12,2,0.1908801645040512,5,12,1.6561094588136904
10560001,12,1,0.3721233308315277,5,5,0.9885299451610527
10559934,14,2,0.2547200322151184,6,5,1.3675902498534571
10559836,9,1,0.44654956459999084,1,1,0.8062048778835295
10556448,9,4,0.15362010896205902,2,3,1.873272549115804
10559795,7,2,0.2634109854698181,1,4,1.334039784127238
10560004,12,2,0.2030046433210373,2,6,1.5945264266992976
10559766,7,2,0.3604830503463745,11,5,1.0203103404321665
10559928,14,5,0.05615675449371338,8,3,2.8796083112886146
10559838,11,3,0.11749657243490219,4,1,2.141346116590188
10559771,12,1,0.3732610046863556,6,6,0.9854773595778918
10556451,8,3,0.14634883403778076,1,8,1.9217622328197381
10559797,10,1,0.36667686700820923,5,5,1.0032742901374312
10560002,12,2,0.17541690170764923,8,4,1.740589842753465
10559767,11,3,0.09694184362888336,2,7,2.333644030498554
10559931,6,4,0.15550965070724487,3,6,1.8610474868626288
10559839,12,1,0.3028188943862915,13,13,1.1946203604676493
10556450,14,2,0.1680995225906372,13,2,1.7831990786035024
10559799,10,2,0.2848328649997711,8,1,1.255852709333152
10560003,8,1,0.4338494837284088,2,2,0.835057616720507
10559761,10,1,0.4169650971889496,4,4,0.8747527604730498
10559929,12,1,0.16639085114002228,5,5,1.7934157332362204
10559835,7,1,0.3359871208667755,1,1,1.0906824505072192
10559772,8,6,0.07994267344474792,2,6,2.5264454831164636
10556449,13,9,0.028975069522857666,3,13,3.5413194903508254
10559798,10,5,0.11338844150304794,4,1,2.176935819664255
10559998,11,8,0.051309309899806976,2,14,2.96988306374243
10559830,6,4,0.14267343282699585,2,3,1.9471969468355965
10559762,14,5,0.11091773957014084,3,14,2.1989664373626883
10559927,12,4,0.1303669959306717,7,1,2.037401760215632
10559837,8,1,0.29020416736602783,13,13,1.2371705783111475
10556452,11,1,0.2408539205789566,2,2,1.4235646679443246
10559796,10,8,0.03244580700993538,5,8,3.4281840580503493
10559999,12,4,0.11924456059932709,9,12,2.126578763676844
10559831,7,1,0.3087417483329773,1,1,1.1752501174441343
10559763,13,3,0.13000795245170593,3,4,2.040159657692098
10559932,14,1,0.2275463193655014,11,11,1.4804014597085267
10559832,10,2,0.23093858361244202,4,1,1.4656034756181286
10559775,12,2,0.1838075816631317,1,2,1.6938658203839128
10556749,9,4,0.08353551477193832,3,4,2.4824834109410108
10556447,11,2,0.2610410749912262,2,3,1.343077508596349
10559801,7,4,0.10276339203119278,10,9,2.275326098028798
10559997,10,4,0.12226326763629913,2,3,2.101578627793688
10559825,10,1,0.3039506673812866,5,5,1.1908898690955025
10559764,11,7,0.06662136316299438,6,10,2.708729984657789
10559933,14,7,0.07862681895494461,4,3,2.5430424296670386
10559833,10,3,0.1370893269777298,2,5,1.9871225438925764
10556750,8,3,0.2328616827726364,4,1,1.4573106378570937
10559802,10,1,0.20189985632896423,14,14,1.5999834652586244
10560000,10,1,0.31595101952552795,3,3,1.152168078910693
10559826,9,2,0.23926030099391937,1,2,1.4302031942199438
10559765,8,1,0.33208218216896057,9,9,1.1023728040442953
10559930,14,1,0.2736338973045349,12,12,1.2959642072510011
10559834,14,1,0.16225160658359528,1,1,1.8186070215449872
10559776,11,6,0.1208018809556961,7,2,2.1136034227773477
10556752,7,4,0.09955967217683792,3,6,2.3069980942077537
10559828,9,5,0.05741110444068909,3,5,2.8575175372121766
10559777,12,1,0.1438823938369751,6,6,1.9387590225604596
10556751,8,2,0.16580407321453094,2,1,1.7969484695469355
10559827,12,2,0.1925966888666153,2,5,1.6471569715280139
10556754,9,1,0.29482629895210266,5,5,1.2213689131747079
10559829,10,2,0.2375456690788269,11,1,1.43739538313474
10556753,9,2,0.20974291861057281,6,10,1.5618726952985527
10559695,7,1,0.3371374011039734,6,6,1.087264713314924
10572816,6,1,0.3818891644477844,3,3,0.9626248579005374
10559810,9,1,0.37784722447395325,4,4,0.9732653331187977
10559688,9,1,0.2822287678718567,12,12,1.2650373033279971
10572815,7,1,0.3803234100341797,5,5,0.9667333091867967
10559814,8,1,0.35709601640701294,2,2,1.0297505798429678
10559689,10,2,0.19350287318229675,7,1,1.6424629181352166
10563667,12,3,0.14677822589874268,13,11,1.9188324987433987
10559812,11,2,0.16112563014030457,10,3,1.8255709068518942
10563674,11,7,0.07647158950567245,4,12,2.5708359861387278
10572811,8,1,0.27314504981040955,6,6,1.2977523069097538
10559811,10,1,0.2561348080635071,4,4,1.3620513791064637
10559691,7,3,0.15959769487380981,5,3,1.8350990372172868
10563676,9,1,0.3080245554447174,5,5,1.1775757737166073
10572812,7,5,0.09080745279788971,5,7,2.3990139174712954
10559806,9,2,0.1742791086435318,7,9,1.747097192254055
10559694,8,7,0.07471729815006256,3,1,2.59404364537723
10563669,11,7,0.06741496175527573,8,7,2.696888301199149
10572813,5,1,0.39782723784446716,6,6,0.9217374437035278
10559813,13,7,0.044166773557662964,1,4,3.1197825020533974
10559690,14,4,0.10567382723093033,14,12,2.2473980304765497
10563670,11,7,0.06919994950294495,11,2,2.6707551460850083
10572814,6,1,0.3431362509727478,1,1,1.069627677535701
10559809,13,6,0.05495185777544975,7,11,2.901297790233577
10559692,7,5,0.14842261373996735,11,10,1.9076915761655702
10563668,11,7,0.055839210748672485,8,1,2.8852789547849196
10559807,13,7,0.07493297010660172,2,14,2.5911612969742865
10563453,6,1,0.33158499002456665,2,2,1.1038711220513926
10563451,7,1,0.31841564178466797,5,5,1.1443977000104337
10563660,7,3,0.15359348058700562,6,8,1.873445903264357
10563450,13,7,0.048462580889463425,7,9,3.026963306871942
10563661,8,3,0.2153613418340683,1,11,1.535438001889221
10563663,12,1,0.45595917105674744,10,10,0.7853520106326971
10563665,10,1,0.42898672819137573,5,5,0.8463292971495069
10563446,6,2,0.25806766748428345,3,2,1.3545334513782716
10563662,10,4,0.10404933243989944,2,4,2.2628901419256944
10563448,11,1,0.19366669654846191,5,5,1.6416166565033634
10563666,5,1,0.26894158124923706,5,5,1.3132610930423194
10563449,9,5,0.08549940586090088,6,4,2.4592458520588782
10563664,8,5,0.09663528203964233,7,2,2.336811365941397
10563452,13,3,0.1268201768398285,6,5,2.0649851262952916
10563659,11,1,0.4259405732154846,3,3,0.8534554419378936
10566856,11,5,0.08218099921941757,9,1,2.4988311566884343
10572853,9,5,0.10419048368930817,1,8,2.2615344811913545
10566866,9,3,0.18082930147647858,8,3,1.7102017784667982
10572850,10,2,0.186269149184227,1,6,1.6805626125955506
10566857,8,3,0.16980546712875366,10,6,1.7731018081629484
10572846,9,6,0.024981459602713585,4,2,3.6896213451384954
10566858,8,1,0.28800034523010254,9,9,1.2447936001312758
10572847,11,2,0.16010434925556183,4,2,1.83192949347986
10566862,8,2,0.2053910791873932,5,1,1.582839413845684
10572909,8,2,0.19221146404743195,9,3,1.6491591377760662
10572852,7,2,0.18490763008594513,4,3,1.6878988754267115
10572898,10,4,0.11845723539590836,10,11,2.1332032662757467
10566865,6,1,0.33088719844818115,2,2,1.10597775187401
10572907,9,2,0.14110510051250458,10,12,1.9582502725661781
10572889,5,1,0.32659202814102173,3,3,1.1190435073749545
10572851,7,1,0.2850281298160553,4,4,1.2551674024751545
10572900,10,1,0.4721493124961853,4,4,0.7504600033872497
10566863,10,3,0.13726863265037537,2,6,1.9858154507911614
10572910,7,6,0.10524856299161911,6,11,2.2514304597991326
10572890,8,2,0.3584480881690979,2,4,1.0259714323030091
10572848,11,1,0.19544945657253265,1,1,1.632453467138276
10566859,12,4,0.07401692867279053,1,3,2.6034614460923633
10572908,9,2,0.14594393968582153,6,3,1.9245327057656298
10572891,9,1,0.29941391944885254,6,6,1.2059283169321569
10572849,12,1,0.16585496068000793,1,1,1.7966416033941957
10566861,10,2,0.1285119652748108,2,4,2.051733264002721
10572990,12,1,0.32262253761291504,4,4,1.1312722533230009
10572913,9,1,0.2891816198825836,8,8,1.2407003457567103
10572892,9,1,0.22811909019947052,9,9,1.4778874609558703
10572902,12,9,0.05293527990579605,3,9,2.9386852454743915
10572991,8,4,0.12405174225568771,1,5,2.08705652415708
10572912,10,3,0.13920369744300842,3,9,1.9718169693440062
10572894,8,5,0.1219944953918457,8,3,2.103779355005776
10572903,12,1,0.16226883232593536,3,3,1.8185008603280595
10572906,10,1,0.20923103392124176,5,5,1.5643162120896725
10572893,12,6,0.0853443443775177,8,3,2.461061095821035
10572901,12,2,0.13547007739543915,1,2,1.999004494079113
10572911,10,1,0.3387588858604431,2,2,1.0824666758099202
10572888,9,1,0.315898597240448,1,1,1.15233401170169
10572897,13,8,0.051854249089956284,3,11,2.959318398002646
10572992,10,4,0.14060939848423004,4,10,1.9617694562903476
10572986,10,6,0.07699907571077347,2,3,2.5639618609566877
10572987,11,1,0.30944278836250305,1,1,1.1729820557621269
10575739,8,2,0.292751669883728,2,4,1.2284305723917042
10575804,9,4,0.15508385002613068,10,4,1.8637893404227608
10575794,5,1,0.3275662362575531,2,2,1.1160649962415572
10575806,7,1,0.5934223532676697,3,3,0.5218489020208343
10575740,11,6,0.10734923928976059,7,8,2.2316678409445823
10575796,7,1,0.33719563484191895,8,8,1.0870919982468905
10575807,14,3,0.13543203473091125,11,2,1.9992853532018373
10575742,11,4,0.08189968764781952,2,10,2.5022601019543234
10575808,12,4,0.12472031265497208,2,5,2.081681547380626
10575795,8,1,0.24090278148651123,12,12,1.4233618231991962
10575743,9,3,0.14585021138191223,5,1,1.9251751333591227
10575810,12,2,0.20535920560359955,4,3,1.5829946107379944
10575790,7,4,0.13405486941337585,1,7,2.009506089608364
10575745,12,3,0.11684200912714005,11,3,2.1469326060683294
10575809,13,5,0.07634769380092621,4,8,2.5724574533935214
10573660,9,1,0.368146687746048,1,1,0.999273812230707
10575791,8,6,0.06628778576850891,7,3,2.7137496254814693
10575805,11,4,0.09861985594034195,1,2,2.3164826589422236
10575744,13,11,0.019063709303736687,11,12,3.95996878774212
10575792,10,5,0.10417407751083374,7,1,2.2616919569004086
10575803,11,3,0.18117974698543549,8,4,1.708265663223726
10575746,11,6,0.052023883908987045,5,12,2.956052359907338
10573656,14,1,0.31760019063949585,1,1,1.1469619493590348
10573655,15,1,0.2672106921672821,14,14,1.3197178225241333
10573657,8,2,0.24280059337615967,1,7,1.4155147759111488
10573658,15,14,0.014702675864100456,1,13,4.219725770191723
10575702,11,2,0.16592727601528168,12,9,1.7962056829112958
10575700,12,2,0.14283882081508636,9,2,1.946038411574994
10580491,10,2,0.1686193197965622,8,4,1.7801116504385608
10580514,6,4,0.13570275902748108,6,8,1.9972883805316346
10580567,10,5,0.07135044038295746,8,7,2.640151762927569
10580496,8,2,0.2827421724796295,12,8,1.2632198479071068
10580614,7,2,0.2611563801765442,2,12,1.342635893318255
10580509,9,1,0.2795048952102661,3,3,1.274735472371245
10580490,9,6,0.0773836225271225,2,3,2.5589801160327057
10580464,7,4,0.136898472905159,2,5,1.9885157015698252
10580613,10,1,0.5511689782142639,3,3,0.5957138413195694
10580510,8,4,0.09305588901042938,2,1,2.3745550092298964
10580569,10,3,0.13673923909664154,1,7,1.9896795311116386
10580495,6,3,0.12108289450407028,8,12,2.111279889398546
10580465,11,4,0.08656767755746841,1,5,2.4468287714509387
10580615,14,2,0.19388893246650696,2,5,1.640469796926231
10580511,8,1,0.40110018849372864,9,9,0.9135440362642592
10580568,10,1,0.29137882590293884,2,2,1.2331310512004037
10580489,9,1,0.20609161257743835,6,6,1.5794344878020414
10580466,12,4,0.12696705758571625,4,10,2.0638276152595627
10580512,7,3,0.1805136352777481,3,1,1.7119489623573567
10580570,11,1,0.2904605567455292,2,2,1.236287489032543
10580492,9,1,0.24283798038959503,4,4,1.4153608053843874
10580469,10,3,0.16086909174919128,3,6,1.827164339464005
10580617,14,4,0.13553525507450104,6,5,1.9985234874529738
10580515,9,4,0.117832250893116,1,5,2.138493268552848
10580571,10,9,0.06345401704311371,8,13,2.757439776453595
10580493,8,2,0.23954221606254578,4,1,1.4290256101799212
10580467,10,1,0.2367943972349167,3,3,1.4405630365777171
10580611,11,2,0.16158129274845123,13,3,1.8227469022913876
10580513,8,6,0.045702818781137466,4,2,3.0855953028717007
10580572,11,1,0.2224324643611908,2,2,1.5031317544116283
10580494,9,1,0.3517538905143738,1,1,1.0448235225957168
10580468,12,1,0.3389647305011749,6,6,1.0818592168337473
10580612,14,8,0.04482010006904602,1,5,3.105098577924521
10580516,8,1,0.2719658315181732,2,2,1.3020788399954006
10580565,11,10,0.023837437853217125,8,4,3.7364979151605344
10580504,6,2,0.18338361382484436,4,3,1.6961750697989446
10580441,8,2,0.16825829446315765,4,8,1.7822550132286976
10580443,13,2,0.15475256741046906,10,2,1.865927776857356
10580439,14,2,0.14310748875141144,4,7,1.94415926149404
10580556,6,5,0.04745230823755264,3,5,3.048030109428591
10580499,13,1,0.21681302785873413,3,3,1.5287199196227466
10580438,7,5,0.067617267370224,2,6,2.6938918940802794
10580554,8,1,0.2929935157299042,1,1,1.227604800824617
10580595,11,3,0.15332436561584473,2,4,1.8751995649914832
10583474,12,2,0.2710476517677307,3,4,1.3054606367786168
10580503,13,8,0.046373140066862106,5,4,3.071034865233761
10580663,7,6,0.06224127486348152,7,4,2.7767369162966866
10580437,11,5,0.0862918496131897,9,3,2.4500201278418388
10580524,7,1,0.3106388747692108,3,3,1.1691242158637314
10583504,10,4,0.18195682764053345,5,9,1.7039858308105653
10580559,14,10,0.03072354942560196,20,10,3.482725836179055
10583470,11,2,0.30442139506340027,5,1,1.189342369448126
10580659,12,7,0.056541815400123596,2,9,2.8727748189880127
10583387,12,2,0.28409048914909363,12,11,1.2584624678062888
10580500,7,1,0.32260799407958984,2,2,1.1313173334381328
10580440,14,9,0.03532831370830536,9,4,3.3430705484896297
10583505,12,2,0.2089594006538391,17,7,1.5656153011321088
10580558,9,2,0.23466959595680237,10,5,1.4495767287996488
10580598,10,2,0.23494307696819305,7,1,1.4484120198466168
10583475,11,4,0.09112163633108139,1,13,2.39556000202507
10580662,9,3,0.14994701743125916,5,9,1.8974732644066823
10583383,4,1,0.6275100111961365,2,2,0.4659956540060347
10580501,14,3,0.09370596706867218,6,8,2.3675934090688093
10583376,10,1,0.3818872570991516,1,1,0.9626298524213919
10580526,11,1,0.34217774868011475,3,3,1.072424943951148
10580434,13,2,0.15729235112667084,3,8,1.8496490961226242
10583500,11,8,0.07476094365119934,18,20,2.593459674066741
10580555,8,1,0.22547660768032074,6,6,1.489538860762545
10580596,13,1,0.28193968534469604,2,2,1.2660621126763851
10583476,9,3,0.20276041328907013,1,6,1.5957302270634839
10580664,10,1,0.3789985477924347,2,2,0.9702229055892819
10583555,8,1,0.33345821499824524,3,3,1.0982377138352868
10583384,8,7,0.08714105188846588,3,2,2.4402271871186714
10580505,10,6,0.07897191494703293,2,6,2.538662996722293
10583374,11,4,0.1368338167667389,4,2,1.9889881057549508
10580436,7,6,0.07410766929388046,6,4,2.6022362527931215
10580561,13,9,0.0625806599855423,3,8,2.7712989945275606
10580939,8,2,0.24358628690242767,2,4,1.4122840382349253
10580594,11,9,0.05427507683634758,17,5,2.9136901475329693
10583471,11,7,0.05170784890651703,5,13,2.962145692617056
10580657,7,2,0.20231978595256805,7,3,1.5979057345857555
10583389,11,5,0.12225803732872009,8,2,2.1016214077680595
10580506,14,1,0.3407660126686096,1,1,1.0765592170852183
10583378,6,1,0.3006785213947296,2,2,1.2017136202227756
10580522,11,2,0.22287362813949585,7,3,1.5011503581088774
10580435,14,1,0.2298576682806015,4,4,1.4702949951780648
10583498,14,11,0.01819983497262001,1,11,4.006342752378957
10580560,13,3,0.11552698165178299,7,16,2.158251168927498
10580942,10,1,0.3788418173789978,1,1,0.9706365294152864
10580602,15,9,0.056968312710523605,13,8,2.8652600830861688
10583477,10,1,0.32053375244140625,3,3,1.137767696336653
10580549,9,5,0.09768285602331161,1,4,2.326029211039235
10580656,12,4,0.09778089076280594,14,10,2.325026112006023
10583552,8,3,0.11705998331308365,2,8,2.1450687976691865
10583385,10,4,0.10270625352859497,3,1,2.2758822726784893
10583377,10,8,0.03427601233124733,15,14,3.373309518412016
10580529,13,6,0.06861602514982224,2,15,2.6792291687640875
10583503,10,1,0.22506673634052277,2,2,1.491358314798689
10580557,9,2,0.19723352789878845,2,7,1.6233668314945926
10580601,12,1,0.20319734513759613,4,4,1.5935776286308971
10583472,12,1,0.3467073142528534,3,3,1.0592743297359217
10580550,6,1,0.2193240523338318,2,2,1.51720495180761
10580658,9,3,0.16889441013336182,6,9,1.7784815514332764
10583553,10,2,0.15418243408203125,3,10,1.8696187408008218
10583388,8,1,0.2555822432041168,2,2,1.3642110299243881
10583379,6,3,0.20831453800201416,3,7,1.568706139574029
10580523,14,12,0.032877374440431595,2,4,3.4149705647674886
10580762,12,2,0.19856727123260498,8,4,1.616627338370559
10583499,13,1,0.3238624334335327,6,6,1.1274364415209952
10580553,13,5,0.07727908343076706,3,19,2.5603319495161303
10580943,10,1,0.27401217818260193,10,10,1.2945827276598527
10580599,18,1,0.17316754162311554,16,16,1.7534957044397128
10583473,11,8,0.05723422020673752,12,10,2.8606033041172383
10580551,7,5,0.06739870458841324,1,7,2.697129481005058
10580661,8,6,0.10113518685102463,5,1,2.291297173438125
10583554,9,4,0.11256016045808792,2,8,2.1842674406431892
10583390,9,4,0.10110855102539062,4,3,2.291560576657109
10583380,8,2,0.16393546760082245,11,5,1.8082824188344249
10580527,12,5,0.08055984228849411,3,8,2.51875498826374
10580763,10,2,0.22252357006072998,2,5,1.5027222501291178
10583502,14,9,0.050758376717567444,3,8,2.980678616206656
10580562,11,6,0.0725790336728096,12,10,2.6230791912454805
10580597,9,6,0.08266600221395493,1,7,2.4929468592519837
10580552,6,1,0.3885497748851776,3,3,0.9453339966986207
10580660,12,2,0.14959317445755005,4,14,1.8998358397663815
10580941,9,1,0.32546451687812805,1,1,1.1225018344027606
10583381,10,4,0.1365082561969757,6,8,1.991370181226735
10580528,14,7,0.06910804659128189,3,7,2.6720841064890988
10580765,10,1,0.46638134121894836,4,4,0.7627516507089179
10583433,10,1,0.2357243448495865,8,8,1.4450921869339233
10580547,7,1,0.3772070109844208,5,5,0.9749611414803497
10580940,12,1,0.25688111782073975,5,5,1.3591418776814623
10580548,8,6,0.08460069447755814,3,6,2.4698128034490647
10580937,14,7,0.06809884309768677,11,3,2.686795054257511
10580760,11,1,0.333935022354126,2,2,1.0968088487814682
10580938,11,2,0.16591720283031464,1,6,1.7962663931874177
10580761,12,4,0.0995747447013855,5,10,2.306846713800362
10583435,7,1,0.28334566950798035,7,7,1.2610876796737678
10583432,9,1,0.22238905727863312,2,2,1.5033269207000552
10583436,9,4,0.13369658589363098,2,9,2.0121823307752145
10583437,11,9,0.013926580548286438,4,14,4.273955995244648
10583438,9,2,0.24608060717582703,4,6,1.402096125275887
10580453,12,1,0.2280779927968979,8,8,1.4780676348509505
10580461,10,1,0.4862327575683594,1,1,0.7210678446918589
10580421,10,2,0.30920857191085815,1,8,1.1737392397849071
10580452,12,2,0.2569355368614197,10,5,1.3589300548828531
10580457,8,1,0.1777743697166443,2,2,1.727240118618113
10580418,14,1,0.24467527866363525,6,6,1.407823340757506
10580459,12,2,0.12576912343502045,2,3,2.07330740653454
10580544,10,7,0.0486702062189579,2,10,3.0226882180601145
10580422,12,1,0.493144690990448,1,1,0.7069526571466267
10580539,9,4,0.10829102993011475,7,1,2.222932954535523
10580458,14,7,0.054349590092897415,3,5,2.9123182074323677
10583446,10,3,0.15608373284339905,3,1,1.8573626667346697
10586652,12,2,0.2119399756193161,1,5,1.551452178271237
10583448,6,5,0.09415921568870544,2,3,2.3627681456240097
10580423,12,5,0.0769447386264801,1,14,2.564667794959737
10583517,6,1,0.5250675082206726,1,1,0.6442284375701287
10586644,8,4,0.11015122383832932,3,4,2.2059010951434033
10583412,6,3,0.1424165964126587,5,3,1.9489987389537293
10583403,6,6,0.06342341005802155,3,2,2.7579222418753044
10586641,10,2,0.16853278875350952,2,10,1.7806249561113312
10583411,7,4,0.07006807625293732,6,8,2.6582879916228292
10583404,10,1,0.39004164934158325,3,3,0.9415017523768842
10586637,12,1,0.2872065305709839,5,5,1.247553703309682
10583631,10,1,0.3526485562324524,1,1,1.0422833093886408
10583406,6,3,0.2649717330932617,9,10,1.3281321262579022
10586640,12,1,0.22146308422088623,6,6,1.507499366046367
10583405,12,6,0.037578072398900986,8,3,3.2813345795826927
10583632,12,2,0.18591992557048798,3,1,1.682439205649523
10583407,9,3,0.15091007947921753,1,4,1.8910711196854755
10586643,11,8,0.039261650294065475,8,7,3.2375070560181474
10583399,10,2,0.14351364970207214,2,3,1.9413251284310025
10583626,10,2,0.1804046779870987,1,2,1.7125527404974783
10586642,11,9,0.04817105457186699,1,10,3.0329969658691036
10583408,8,2,0.19650651514530182,5,4,1.6270596922667333
10583400,11,5,0.08910903334617615,15,9,2.4178945652877855
10583627,12,6,0.0812947005033493,11,6,2.5096744490136196
10586636,10,8,0.03230028972029686,4,3,3.43267907912512
10583409,7,1,0.6582842469215393,3,3,0.41811845473304976
10583401,14,8,0.050282467156648636,8,15,2.990098828113691
10586638,12,4,0.10463711619377136,12,1,2.2572569509633023
10583630,11,2,0.18071989715099335,3,9,1.7108069759294937
10583410,7,3,0.1356664001941681,3,6,1.9975563463803319
10586639,12,4,0.10792297124862671,3,10,2.2263375355062345
10583402,12,1,0.14686454832553864,7,7,1.9182445569524889
10583628,12,4,0.09993250668048859,8,2,2.303260254059106
10586635,12,3,0.10872440785169601,1,3,2.2189389668071633
10586489,12,3,0.09009949117898941,11,4,2.4068407616758063
10586490,10,7,0.09982573986053467,5,2,2.3043292144847136
10586492,12,3,0.14693234860897064,12,5,1.9177830116785732
10586550,9,2,0.23879221081733704,2,12,1.4321615160135208
10586563,10,1,0.5826785564422607,1,1,0.5401196058496077
10586493,11,7,0.05072471871972084,8,10,2.981341938485814
10586551,9,1,0.40143534541130066,11,11,0.912708791161962
10586557,9,1,0.41040894389152527,2,2,0.8906011922550385
10586594,6,3,0.11909531056880951,4,2,2.1278311772935403
10586488,13,5,0.11705415695905685,5,4,2.1451185712883385
10586672,10,3,0.17227497696876526,9,8,1.7586633754276553
10586552,8,1,0.28831538558006287,5,5,1.2437003091988985
10586558,8,1,0.20392730832099915,1,1,1.5899916803989758
10586589,7,4,0.14821094274520874,1,2,1.9091187311590498
10586546,9,6,0.0871645137667656,1,11,2.439957983110719
10586562,10,8,0.03368976712226868,1,3,3.390561133957151
10586678,10,3,0.1524520218372345,3,11,1.880905343338444
10586590,6,3,0.158141627907753,4,7,1.844264268300061
10586547,10,2,0.2378818690776825,2,4,1.4359810769454102
10586561,13,3,0.1465451419353485,3,1,1.9204217619117219
10586677,8,5,0.0608069933950901,3,7,2.8000504736790868
10586591,7,2,0.2722421884536743,4,1,1.3010632101291937
10586548,10,3,0.2425023913383484,2,1,1.416743707464155
10586671,12,6,0.07749120146036148,4,5,2.557590878611525
10586564,11,8,0.052822504192590714,4,11,2.940817963305298
10586592,9,5,0.08858145773410797,3,9,2.4238327239267625
10586674,12,3,0.12417171895503998,4,11,2.086089841087639
10586549,10,4,0.12246619164943695,1,4,2.0999202736238565
10586559,14,2,0.15319567918777466,6,5,1.8760392258085312
10586593,7,1,0.49477246403694153,12,12,0.703657290705689
10586675,9,4,0.12447098642587662,2,4,2.083682630991602
10586560,11,1,0.24282780289649963,2,2,1.415402716894101
10597004,11,2,0.18176057934761047,5,6,1.7050649560225946
10597006,12,1,0.22524982690811157,3,3,1.4905451509374408
10597002,10,5,0.05554560199379921,8,4,2.8905509380595857
10597009,10,5,0.12060726433992386,5,6,2.1152157615120295
10597003,10,3,0.13088084757328033,3,6,2.033467930191454
10597008,9,5,0.0879991427063942,6,3,2.4304282065241773
10597093,7,1,0.2568301260471344,3,3,1.3593404007793368
10597030,9,2,0.18236058950424194,1,2,1.701769291002058
10597042,7,6,0.04116468131542206,1,6,3.190174639900921
10597007,6,6,0.07352210581302643,4,8,2.6101691586214724
10597095,6,1,0.24487093091011047,6,6,1.407024019863723
10597033,10,8,0.051382437348365784,2,1,2.9684588507383807
10597043,8,2,0.2234991490840912,5,2,1.498347672165778
10597005,12,3,0.22175264358520508,1,3,1.5061927363969692
10597031,11,1,0.2623414695262909,13,13,1.338108305001118
10597044,10,3,0.20577500760555267,5,3,1.580971903162902
10597001,11,2,0.13145291805267334,2,4,2.0291065290973465
10597099,8,1,0.321511834859848,8,8,1.1347209245983212
10597035,7,1,0.2321072369813919,5,5,1.460555785742383
10597188,9,1,0.2617001533508301,7,7,1.340555883466728
10597100,12,10,0.047458816319704056,14,4,3.0478929688733194
10597034,10,1,0.2668825089931488,13,13,1.320946758652601
10597183,7,4,0.09992505609989166,4,5,2.303334812964926
10597045,9,1,0.31141340732574463,4,4,1.1666339655131102
10597104,11,1,0.3571901023387909,8,8,1.0294871393816376
10597032,11,7,0.07062670588493347,7,13,2.6503469356842864
10597184,14,3,0.11026278138160706,1,10,2.2048888404757188
10597040,9,3,0.1415911167860031,10,13,1.9548118342525376
10597103,11,3,0.11600221693515778,4,3,2.1541459765484143
10597036,11,5,0.07632303982973099,7,10,2.5727804225811743
10597185,10,3,0.142909437417984,6,1,1.9455441541137457
10597041,11,8,0.0486571304500103,16,14,3.022956914799875
10597088,12,6,0.07278589904308319,3,6,2.620233037003835
10597029,14,1,0.3022707998752594,9,9,1.1964319750634074
10597190,10,1,0.22630132734775543,2,2,1.4858878609256647
10597186,14,4,0.11305127292871475,1,8,2.1799138204479123
10597189,11,1,0.25636178255081177,3,3,1.3611656190592702
10597187,15,2,0.15611402690410614,1,5,1.8571685970473877
10599869,10,2,0.1842528134584427,3,6,1.691446478241253
10599843,9,3,0.1423584669828415,13,7,1.9494069869929465
10599868,10,1,0.3848477602005005,8,8,0.9549074509472888
10599844,8,3,0.19666674733161926,1,3,1.6262446205897898
10599854,10,2,0.2149880975484848,9,11,1.5371726126265144
10599875,10,1,0.19858118891716003,1,1,1.6165572503004428
10599846,5,1,0.408928781747818,5,5,0.8942142658572794
10599857,10,1,0.34680888056755066,6,6,1.0589814272307403
10599873,10,2,0.1643129140138626,4,1,1.8059826568216466
10599847,9,4,0.14842157065868378,10,9,1.907698603968966
10599856,12,1,0.3232864439487457,8,8,1.1292165253842683
10599874,9,7,0.05098951607942581,5,3,2.9761352344596994
10599855,11,3,0.16535484790802002,11,1,1.7996615209153675
10599841,8,3,0.20041333138942719,2,4,1.6073733880847065
10597927,7,1,0.3611831068992615,7,7,1.018370227914918
10599872,10,10,0.017074231058359146,5,7,4.070184907724716
10599851,11,4,0.11139929294586182,5,1,2.194634298494178
10600815,7,2,0.2510260343551636,8,2,1.3821986226986307
10597923,11,1,0.21561644971370697,1,1,1.5342541454843825
10599876,10,4,0.10327022522687912,5,8,2.2704061803495312
10599852,9,3,0.169974222779274,3,8,1.7721084841391266
10599845,8,1,0.3153180480003357,2,2,1.154173473345124
10597925,11,1,0.22183126211166382,6,6,1.5058382666956465
10599853,10,3,0.13409258425235748,1,13,2.009224790355175
10599871,10,1,0.20662017166614532,9,9,1.5768730907309374
10599842,10,3,0.1374906450510025,7,8,1.9841994001827732
10597924,14,1,0.4525432586669922,4,4,0.7928719211474036
10599858,13,2,0.1754978746175766,3,5,1.7401283465907076
10599870,10,1,0.32572323083877563,2,2,1.1217072433645638
10597928,13,8,0.016761474311351776,3,8,4.088672221725879
10597930,9,3,0.16585667431354523,5,7,1.7966312713264805
10597926,12,6,0.054902829229831696,1,5,2.902190397553481
10597929,14,11,0.020954689010977745,8,6,3.865392838518008
10599828,11,6,0.05988510698080063,1,9,2.815327436146914
10599831,10,9,0.035735826939344406,13,6,3.331601537698008
10599829,13,5,0.030613217502832413,6,11,3.4863234187479817
10605190,7,2,0.20497693121433258,6,3,1.5848578368375712
10599830,14,1,0.35160568356513977,1,1,1.0452449484407305
10605191,9,2,0.19692116975784302,3,5,1.6249517838404173
10606068,5,1,0.37723127007484436,1,1,0.974896831142338
10599832,13,8,0.05925624072551727,6,12,2.825884175812861
10605150,9,3,0.12145337462425232,5,10,2.108224837800161
10605192,8,2,0.2021130621433258,2,1,1.5989280245813333
10606064,5,4,0.18129785358905792,5,3,1.7076140002927485
10599833,13,2,0.17072845995426178,3,7,1.7676809380977774
10605152,8,2,0.21340002119541168,2,1,1.544586840792035
10605186,8,6,0.07943859696388245,1,10,2.532770920983735
10605227,7,2,0.22923041880130768,6,8,1.4730275856645196
10606066,6,1,0.5119080543518066,10,10,0.6696102514134172
10605187,10,1,0.37903907895088196,4,4,0.9701159685269094
10605228,11,4,0.10261252522468567,17,3,2.276795275483096
10606069,4,2,0.33278656005859375,3,2,1.1002539552898787
10605230,7,2,0.21393564343452454,3,4,1.542080040803477
10605189,10,4,0.07410820573568344,1,10,2.602229014137979
10606062,4,1,0.30010148882865906,2,2,1.2036345654396279
10599837,12,9,0.03780125826597214,2,13,3.27541288945103
10605231,9,3,0.19469673931598663,5,8,1.6363121139656542
10605147,14,4,0.09634463489055634,3,1,2.3398235692159326
10605185,8,3,0.21100293099880219,4,5,1.5558832546129657
10606065,7,2,0.254727840423584,1,3,1.3675595962424185
10605233,12,2,0.18162906169891357,2,1,1.705788794236917
10605148,12,4,0.08031470328569412,2,1,2.5218025703614253
10605193,9,5,0.09056290239095688,6,2,2.4017106156707273
10605229,14,9,0.0454489029943943,8,10,3.091166595186919
10606067,7,4,0.11610742658376694,2,10,2.153239425194325
10600039,9,6,0.05672633647918701,4,7,2.8695166879205845
10605149,14,14,0.01652073673903942,5,9,4.103138915089558
10605194,10,3,0.14330558478832245,12,11,1.9427759722045488
10605232,13,7,0.05679842084646225,5,7,2.8682467556404183
10606063,7,5,0.10690953582525253,8,4,2.2357722616998315
10600040,7,2,0.1965300291776657,2,1,1.6269400391060713
10605154,10,2,0.21255113184452057,12,8,1.548572699117319
10605226,12,10,0.038914572447538376,11,5,3.2463864854604263
10605188,12,2,0.14877048134803772,5,9,1.905350554300052
10600041,13,4,0.08168689906597137,4,9,2.504861644123958
10600034,10,1,0.44108179211616516,1,1,0.8185249510814923
10600035,11,1,0.35403645038604736,2,2,1.0383554039568959
10600037,12,4,0.12933653593063354,2,4,2.045337465983296
10605129,7,3,0.1966084986925125,7,4,1.6265408438589712
10605125,9,5,0.13153749704360962,6,7,2.0284633193908537
10605093,9,2,0.21889221668243408,4,1,1.5191758315841692
10605270,15,1,0.3269169330596924,4,4,1.1180491676956839
10605126,14,3,0.0937698557972908,1,3,2.366911841385946
10605091,12,1,0.27489927411079407,9,9,1.2913505243717385
10605276,14,9,0.057998016476631165,8,11,2.847346467699279
10605346,10,1,0.2865341901779175,11,11,1.249897412502751
10605128,11,5,0.06128499284386635,5,1,2.792220280957126
10608784,7,3,0.16086861491203308,8,11,1.8271673035999974
10605284,14,2,0.15079745650291443,2,1,1.8918176902420745
10608730,10,5,0.08112750947475433,4,5,2.5117331710032844
10605175,10,7,0.06407172232866287,7,3,2.747752161709333
10605087,9,3,0.1482303887605667,5,1,1.908987534775016
10605275,10,2,0.24059973657131195,4,5,1.4246205703244856
10608643,10,2,0.2772805988788605,3,4,1.2827252931828528
10605343,10,2,0.16140052676200867,9,4,1.8238662594464803
10608677,6,1,0.5071121454238892,1,1,0.6790231057208097
10605286,15,1,0.2144954651594162,1,1,1.539466682285492
10608691,11,8,0.027866363525390625,11,3,3.5803349258942156
10605127,14,13,0.007068053353577852,4,13,4.952170175942842
10605094,8,6,0.10878941416740417,1,3,2.2183412455493587
10608617,12,3,0.09485742449760437,2,3,2.355380309464173
10608644,10,5,0.047070808708667755,1,7,3.0561022427379703
10608671,10,3,0.18895524740219116,10,1,1.6662450781925733
10605285,13,2,0.12583906948566437,5,11,2.072751414683608
10608794,8,3,0.1579170972108841,1,2,1.8456850848559505
10608692,11,1,0.3548562824726105,2,2,1.0360424095811132
10605130,13,2,0.14282089471817017,2,9,1.9461639182247943
10608726,8,1,0.35459181666374207,1,1,1.0367879632627444
10605088,11,5,0.09396110475063324,4,7,2.3648743615909713
10608611,14,5,0.05697108805179596,3,4,2.8652113669922743
10605273,11,8,0.03551292419433594,3,11,3.3378585869429087
10608649,8,1,0.39960405230522156,3,3,0.9172810913551994
10605347,15,2,0.11991678923368454,2,3,2.1209571997816834
10608672,5,2,0.26412853598594666,5,8,1.331319415588168
10605280,11,8,0.06592346727848053,4,7,2.719260796486241
10608787,8,3,0.20029175281524658,4,7,1.6079802113205668
10608693,10,4,0.11503946036100388,2,1,2.1624800759018017
10605131,15,2,0.18224254250526428,5,4,1.7024168279689067
10608729,14,1,0.3131309151649475,5,5,1.1611339165750965
10605168,10,5,0.10864290595054626,3,6,2.2196888670892574
10605090,14,5,0.09774015098810196,8,1,2.325442842347972
10608612,12,2,0.2537088096141815,9,11,1.3715680884461552
10605272,13,2,0.1463565081357956,8,9,1.9217097971657826
10608650,9,2,0.21659795939922333,2,4,1.5297123655158427
10605340,11,1,0.26090386509895325,16,16,1.34360327246489
10608673,13,2,0.20712080597877502,6,10,1.5744530521850173
10605287,14,8,0.046570781618356705,3,8,3.0667819383976096
10608792,10,1,0.3230132758617401,1,1,1.1300618548650003
10608694,9,5,0.08087274432182312,12,11,2.514878417470302
10605132,14,2,0.11850202828645706,7,10,2.1328252022120244
10608728,9,6,0.0679912194609642,4,7,2.6883767077175107
10605169,13,10,0.03679043799638748,2,7,3.302517304625436
10605437,9,1,0.2121412456035614,5,5,1.5505029733110325
10608613,11,6,0.07448774576187134,3,5,2.5971206535438323
10605278,13,1,0.4055747389793396,2,2,0.9024501092676122
10608645,8,4,0.099712073802948,6,7,2.3054685080130386
10605675,13,4,0.12629519402980804,1,10,2.0691333023702105
10605341,14,1,0.19378460943698883,5,5,1.6410079973488034
10608674,9,4,0.10869989544153214,2,3,2.2191644467548644
10605281,13,4,0.10424469411373138,2,6,2.2610143153900064
10608783,8,1,0.29744213819503784,1,1,1.2125355663748165
10608695,9,1,0.2033170908689499,10,10,1.5929884946459223
10608724,13,1,0.2330106496810913,1,1,1.4566711196751603
10605171,14,7,0.07221683114767075,1,4,2.6280821418624343
10605438,7,2,0.2337632179260254,1,6,1.4534465651349637
10608614,13,5,0.09343917667865753,2,6,2.3704445711711597
10605274,13,2,0.18730014562606812,2,7,1.6750428920306981
10608646,9,1,0.28010356426239014,2,2,1.2725958718331296
10605672,9,5,0.12730026245117188,4,8,2.0612067117463386
10605344,12,1,0.21516954898834229,12,12,1.536328961690256
10605279,12,3,0.12479176372289658,2,6,2.0811088210347526
10608696,10,1,0.3261171877384186,5,5,1.120498490619621
10605576,10,1,0.33649498224258423,1,1,1.0891720416204678
10608725,10,6,0.07203947752714157,8,2,2.6305410112389715
10605173,14,3,0.12409115582704544,1,11,2.0867388558136075
10605439,11,2,0.22765827178955078,8,6,1.4799095823044675
10608615,13,11,0.03645283728837967,3,8,3.311735982997776
10605277,15,2,0.14801689982414246,3,12,1.910428823736013
10608647,12,11,0.015227451920509338,8,6,4.184655432670581
10605668,10,6,0.11031906306743622,8,9,2.2043785383954084
10605345,16,8,0.05641062185168266,9,16,2.875097807506531
10605282,11,7,0.062457628548145294,5,12,2.7732668953768833
10608698,8,3,0.1494836062192917,8,5,1.90056854956025
10605571,8,3,0.1568206250667572,4,2,1.8526526423005736
10608731,11,4,0.10301298648118973,12,8,2.272900216358564
10605170,13,7,0.06663165986537933,8,9,2.708575441035867
10605441,5,1,0.3269091248512268,4,4,1.1180730523615563
10608616,14,3,0.10578945279121399,5,8,2.2463044545914626
10608648,12,2,0.12004487216472626,3,4,2.1198896713901973
10605269,14,2,0.19641101360321045,2,1,1.627545807224629
10605348,13,2,0.1326352208852768,11,10,2.020152618964443
10605283,10,9,0.035853371024131775,8,10,3.3283176850006435
10605669,16,8,0.061528515070676804,9,13,2.788254551940801
10608727,16,9,0.04847708344459534,13,19,3.02666409900198
10605572,10,5,0.09743630141019821,1,6,2.328556433353867
10605174,13,4,0.09958001971244812,5,3,2.306793739812224
10608623,10,4,0.11945775151252747,2,8,2.124792513950147
10605440,6,3,0.18013185262680054,3,4,1.71406618165646
10605670,10,6,0.0765797421336174,4,10,2.569422700219705
10605573,8,4,0.14586491882801056,1,7,1.925074299054778
10608624,8,1,0.22231419384479523,1,1,1.503663610096213
10605435,9,3,0.17420443892478943,6,8,1.7475257331157752
10605671,14,6,0.05682442709803581,14,6,2.8677889911590984
10608618,6,1,0.24371597170829773,4,4,1.4117517820976302
10605575,10,5,0.11397183686494827,6,8,2.1718039061526087
10605673,16,1,0.2602449357509613,12,12,1.3461320308465683
10605574,10,10,0.023549959063529968,2,5,3.7486311968002033
10608619,10,1,0.2697908878326416,1,1,1.3101081095644418
10605674,13,1,0.25241711735725403,6,6,1.376672332242002
10608620,9,1,0.3018318712711334,6,6,1.1978851342773287
10608622,11,2,0.19227401912212372,3,2,1.648833741484232
10608625,7,4,0.1484554260969162,1,4,1.9074705267602285
10605104,7,1,0.24982252717018127,7,7,1.3870045045313206
10605116,7,3,0.18108302354812622,6,5,1.7087996592480221
10605107,7,2,0.20237834751605988,4,3,1.5976163259670468
10605117,5,2,0.24621759355068207,3,6,1.401539607384136
10605100,10,1,0.19915547966957092,3,3,1.6136694544451946
10605203,9,3,0.14096753299236298,6,7,1.9592256775839514
10605118,6,6,0.10358859598636627,7,4,2.2673280325673875
10612812,5,5,0.09264494478702545,4,7,2.3789808902107468
10608679,6,5,0.12127934396266937,1,4,2.109658766381487
10605101,14,3,0.12237069755792618,11,2,2.100700336600986
10612808,7,2,0.22845272719860077,2,7,1.4764259732082583
10605122,7,2,0.1769808977842331,3,4,1.7317134743552962
10608859,6,1,0.28845858573913574,9,9,1.243203753635936
10605102,12,1,0.17520558834075928,9,9,1.7417952040664
10605119,10,3,0.15312504768371582,5,1,1.8765003862793357
10612809,6,3,0.15564468502998352,4,1,1.8601795296098653
10608686,9,3,0.16891583800315857,2,9,1.7783546880835486
10608860,4,1,0.4525487422943115,1,1,0.7928598038658154
10608657,10,1,0.4925020933151245,6,6,0.7082565679929868
10605196,12,7,0.043982118368148804,2,1,3.1239721283909216
10605105,10,1,0.3388930559158325,6,6,1.0820706906474165
10608599,12,1,0.4532812535762787,3,3,0.7912424773366027
10608702,11,1,0.6387326121330261,2,2,0.4482693595442885
10605515,7,1,0.2450256496667862,2,2,1.4063923813997945
10605120,8,6,0.06476739048957825,1,5,2.7369530354737446
10608863,7,1,0.4650703966617584,1,1,0.7655664941827436
10608658,12,3,0.15365418791770935,1,2,1.8730507345603002
10605197,6,2,0.23958848416805267,1,5,1.4288324766335698
10605106,9,8,0.03560233861207962,1,5,3.3353439519311836
10608703,12,2,0.2615808844566345,10,7,1.341011733717907
10605121,12,5,0.107522152364254,3,8,2.230058384138929
10605516,5,1,0.3414485454559326,2,2,1.0745582834876628
10612811,8,1,0.4012972116470337,2,2,0.9130529500338449
10608683,11,3,0.20348896086215973,3,1,1.5921435219484688
10608862,10,1,0.22802647948265076,2,2,1.4782935186893997
10605103,9,2,0.16087324917316437,4,1,1.8271384962755617
10605204,12,5,0.08670744299888611,1,7,2.4452155511423297
10608601,7,1,0.3726602792739868,7,7,0.9870880537762204
10605517,6,2,0.30321234464645386,3,5,1.1933219115095755
10608705,12,1,0.34667840600013733,1,1,1.059357712626248
10605115,11,3,0.10634149610996246,5,4,2.241099701887343
10612813,7,1,0.4046599566936493,9,9,0.9047081776501985
10608678,9,3,0.14138032495975494,2,1,1.9563016797573551
10608864,7,2,0.18274204432964325,1,9,1.6996797143797686
10605200,13,6,0.07958804070949554,2,6,2.530891439762332
10608602,11,3,0.12839092314243317,1,10,2.052675582262201
10605518,6,5,0.12824410200119019,2,5,2.0538197842835655
10608704,11,3,0.13785293698310852,11,2,1.9815678360946904
10608740,8,2,0.23994527757167816,3,1,1.4273443917564124
10612810,7,2,0.22088214755058289,2,4,1.5101259887047556
10608682,10,1,0.21362540125846863,4,4,1.543531259217105
10608865,10,3,0.1636146456003189,3,4,1.8102413380358913
10608661,10,8,0.03071090206503868,7,5,3.4831375713027546
10605198,13,6,0.0642118975520134,5,9,2.7455667653310556
10608604,9,7,0.07000317424535751,3,8,2.659214691598643
10605519,6,2,0.23742146790027618,1,6,1.4379183716605213
10608699,12,11,0.018399590626358986,4,9,3.995426863182147
10608741,9,2,0.3012728691101074,2,8,1.1997388830001507
10612816,5,4,0.12288977205753326,7,12,2.0964674875369465
10608681,10,5,0.10208448022603989,9,13,2.281954570987091
10608866,9,2,0.17252403497695923,8,2,1.7572187190169277
10608655,9,4,0.11241798102855682,5,6,2.1855313807532797
10605201,12,8,0.07955338060855865,3,2,2.5313270284506553
10605520,6,6,0.08262763917446136,2,4,2.4934110397232967
10608605,14,6,0.06811085343360901,3,7,2.686618703582644
10608700,12,1,0.18934397399425507,7,7,1.6641899498344117
10608742,9,1,0.2957744300365448,1,1,1.218158175861274
10612815,9,7,0.0334700271487236,11,15,3.3971049526231805
10608685,9,2,0.22198879718780518,2,8,1.5051283615011584
10608858,10,1,0.35984015464782715,7,7,1.022095361002918
10608662,11,1,0.2976383566856384,2,2,1.2118760976158842
10608603,9,7,0.058888111263513565,3,11,2.8321160548185786
10608701,12,9,0.024153554812073708,3,14,3.723323712528681
10608736,9,2,0.2196926772594452,1,5,1.5155256307822567
10608656,12,4,0.09195356070995331,11,12,2.3864716042666423
10608737,10,2,0.17867839336395264,5,3,1.7221677742335595
10608738,10,4,0.10736295580863953,1,9,2.231540074388134
10608739,14,2,0.1333073526620865,4,1,2.0150978945633247
10608849,9,6,0.09361826628446579,1,10,2.3685297619265704
10608636,6,3,0.1985389143228531,4,3,1.6167701561398689
10609019,9,6,0.10572424530982971,5,4,2.2469210338866623
10608637,6,1,0.47369852662086487,2,2,0.7471841794206524
10609020,9,1,0.381369411945343,2,2,0.9639867884411317
10608638,8,4,0.16422748565673828,9,11,1.8065027046400295
10612454,10,1,0.24215160310268402,5,5,1.4181912898670408
10609021,10,2,0.21309873461723328,1,4,1.545999677871576
10612456,10,2,0.2949974834918976,11,1,1.220788453214643
10608639,10,1,0.6069349646568298,3,3,0.4993336359085291
10609022,7,5,0.11736109852790833,8,7,2.142499784864801
10608852,4,1,0.37308794260025024,3,3,0.9859411160816994
10612455,11,8,0.04664689674973488,2,9,3.0651488758792853
10608641,11,6,0.09525908529758453,4,5,2.3511548858223876
10609024,9,5,0.11000936478376389,5,10,2.2071897824155946
10608854,9,2,0.18719545006752014,12,11,1.6756020204288924
10612457,12,1,0.2732764184474945,9,9,1.2972714742659164
10608640,12,1,0.28126922249794006,6,6,1.2684429811396911
10609023,8,1,0.4005714952945709,7,7,0.9148630133130846
10612458,11,1,0.2501421272754669,5,5,1.3857260135581007
10608847,12,4,0.09109777212142944,11,15,2.395821930323389
10608635,9,1,0.2602342665195465,3,3,1.3461730285708569
10609018,9,2,0.19763056933879852,9,6,1.6213558025020935
10612459,11,4,0.12075235694646835,4,5,2.1140134674145417
10608848,12,11,0.034298498183488846,2,16,3.372653710506757
10612447,8,1,0.3050486147403717,2,2,1.1872841224849922
10612529,10,2,0.22562476992607117,1,8,1.4888819696137556
10612613,10,1,0.31148260831832886,3,3,1.1664117743571838
10612442,8,4,0.14225441217422485,1,7,1.9501381894147127
10612431,6,1,0.5328381061553955,1,1,0.6295376417515026
10612526,14,3,0.13137196004390717,4,13,2.029722589585326
10612607,12,2,0.2660389840602875,1,10,1.3241124243211877
10612445,6,4,0.08465489745140076,1,8,2.4691723167735247
10612432,9,1,0.2872256636619568,1,1,1.2474870876458244
10612531,9,2,0.22535616159439087,8,14,1.4900731878878306
10612608,7,1,0.34760457277297974,10,10,1.0566897304041856
10612444,7,1,0.6085140109062195,9,9,0.496735341501278
10612530,14,2,0.10332047939300537,5,14,2.269919670879418
10612434,5,1,0.41117149591445923,2,2,0.8887448865180486
10612609,10,1,0.37746238708496094,7,7,0.9742843521181701
10612533,10,1,0.2624695599079132,8,8,1.3376201659301696
10612446,10,10,0.021367141976952553,3,2,3.845900958559852
10612433,9,1,0.28891721367836,6,6,1.241615089766941
10612611,14,2,0.16467775404453278,3,4,1.803764720474791
10612527,12,3,0.1524352729320526,1,11,1.881015212824553
10612440,12,4,0.1345643401145935,2,5,2.005712829156119
10612435,6,1,0.23040121793746948,5,5,1.4679330639874393
10612528,11,4,0.15859386324882507,2,9,1.8414086637908689
10612610,14,1,0.18230721354484558,11,11,1.7020620284432648
10612443,12,2,0.1382695734500885,14,6,1.9785500684920714
10612429,5,1,0.4740595519542694,2,2,0.7464223281444081
10612532,11,1,0.19210699200630188,8,8,1.6497028121276764
10612612,14,10,0.0406947024166584,4,11,3.2016573567582287
10612441,10,6,0.09253992140293121,7,10,2.380115144834407
10612534,12,3,0.11949684470891953,2,7,2.1244653120686263
10612430,7,7,0.03773579001426697,6,9,3.277146297615326
10621792,11,4,0.05784384161233902,12,7,2.8500082854198587
10621793,14,5,0.06633403152227402,1,9,2.713052217519729
10622299,8,3,0.20514467358589172,4,2,1.5840398239411546
10621817,6,3,0.22617073357105255,4,1,1.486465106645827
10621806,7,2,0.24034515023231506,2,1,1.4256792627849373
10622300,6,2,0.2321137636899948,1,4,1.4605276667706264
10621818,10,1,0.3718346357345581,1,1,0.9893060511359459
10621800,7,2,0.22763153910636902,10,7,1.4800270138066567
10622293,7,2,0.13150054216384888,3,9,2.0287443044538143
10621819,7,1,0.2612772583961487,1,1,1.3421731427875203
10621801,12,1,0.34120145440101624,15,15,1.0752822007681404
10622294,6,4,0.1299819052219391,1,4,2.0403600288149337
10621967,11,1,0.3179198205471039,8,8,1.1459560646380753
10621802,9,3,0.16130971908569336,10,11,1.8244290409502004
10622297,11,9,0.01961159147322178,1,5,3.931634485859741
10621823,9,1,0.27262604236602783,7,7,1.2996542310250936
10621963,12,1,0.4370560944080353,5,5,0.8276937296345231
10621803,12,1,0.280770868062973,6,6,1.2702163584269752
10622295,5,5,0.12206050753593445,2,3,2.103238393788783
10621821,8,2,0.20862941443920135,6,4,1.5671957375393928
10621964,9,8,0.06536959856748581,5,4,2.727697982305132
10621805,12,7,0.060183361172676086,13,4,2.8103593573512664
10622298,9,4,0.08550743013620377,8,2,2.4591520046373763
10621816,9,1,0.24468979239463806,13,13,1.4077640241782672
10621804,13,9,0.0605754628777504,6,11,2.8038653709096444
10622296,8,4,0.1025857999920845,1,4,2.2770557574604613
10621822,10,7,0.08352550864219666,7,1,2.482603201057809
10621965,12,8,0.03243187069892883,5,7,3.4286136761166257
10621962,12,1,0.28644394874572754,9,9,1.2502124033437825
10621966,11,3,0.14179271459579468,4,5,1.9533890442308417
10621968,12,3,0.13697214424610138,2,7,1.9879777004984749
10625621,7,3,0.22286193072795868,5,1,1.5012028439889342
10625622,6,1,0.25440463423728943,6,6,1.368829231340539
10625620,5,4,0.16145078837871552,4,2,1.8235548986760217
10625616,13,4,0.15596666932106018,2,1,1.8581129527590967
10625617,10,6,0.08475184440612793,5,6,2.4680277700542215
10625619,9,7,0.07101884484291077,2,1,2.6448100168358772
10625623,11,11,0.015796072781085968,5,9,4.1479939280040306
10625657,4,4,0.029651116579771042,1,5,3.5182554955705405
10625650,8,1,0.49737197160720825,4,4,0.6984170990051098
10625687,11,1,0.4765855371952057,4,4,0.7411080605706245
10625618,9,1,0.26108717918395996,1,1,1.3429009075697431
10625659,6,5,0.10586044937372208,1,5,2.24563356757999
10625688,14,2,0.2017863541841507,7,8,1.6005457938437906
10625652,11,1,0.450583279132843,4,4,0.7972123596777428
10625660,8,3,0.09123675525188446,1,4,2.3942974449790695
10622411,7,1,0.27073007822036743,1,1,1.3066329757883524
10625685,14,4,0.12072031944990158,1,10,2.1142788183207633
10625658,8,1,0.26503098011016846,4,4,1.3279085537527902
10625689,12,12,0.024801647290587425,13,7,3.6968452050095535
10622414,10,1,0.3747307062149048,5,5,0.9815476277413296
10625661,9,2,0.22331926226615906,1,6,1.4991528620285117
10625655,9,1,0.23370598256587982,1,1,1.453691438424461
10625686,11,1,0.22244302928447723,10,10,1.5030842583214217
10625656,11,6,0.060691751539707184,2,7,2.8019474791173593
10625691,13,10,0.03155926614999771,9,14,3.4558880358097346
10625651,10,7,0.043589185923337936,2,9,3.1329461886727374
10622407,8,2,0.22738344967365265,4,2,1.4811174809930918
10622409,11,4,0.12053368985652924,5,2,2.1158259812561027
10622412,11,2,0.20611411333084106,2,1,1.5793253153572604
10622408,12,4,0.13066047430038452,9,10,2.0351531195410337
10629827,10,1,0.36817893385887146,7,7,0.9991862256741674
10629813,13,1,0.4431494474411011,13,13,0.8138482126875946
10629871,11,1,0.33488836884498596,1,1,1.0939580300180338
10629858,10,7,0.04242297261953354,2,11,3.160065256404207
10626809,10,3,0.19263669848442078,1,4,1.6469492552746308
10629873,12,1,0.3386377692222595,1,1,1.082824270252011
10629859,9,1,0.3266598880290985,1,1,1.1188357471322639
10629829,9,2,0.2339354306459427,11,9,1.452710139112669
10626812,7,2,0.19041875004768372,1,5,1.6585296843322315
10629818,14,1,0.3288151025772095,6,6,1.1122596844425356
10629872,11,1,0.35964465141296387,2,2,1.0226388144241108
10629860,9,1,0.3684462010860443,3,3,0.9984605723500495
10629825,7,2,0.2662317454814911,8,2,1.3233881258808187
10626807,9,3,0.13288240134716034,8,10,2.018290742293424
10629814,9,2,0.18345125019550323,7,6,1.6958063132926298
10629867,8,2,0.3624120354652405,2,11,1.0149734949198435
10629861,10,2,0.1787145882844925,4,10,1.7219652245332455
10629828,9,1,0.4559256434440613,1,1,0.7854255453865785
10629819,12,4,0.09815187752246857,3,9,2.3212392293293447
10629868,7,1,0.277251273393631,4,4,1.2828310598185437
10629862,10,3,0.1894679218530655,9,2,1.6635355466089983
10629823,9,1,0.22939208149909973,1,1,1.472322593195193
10626814,9,2,0.24388541281223297,4,1,1.4110567836167618
10629815,12,3,0.17091383039951324,9,2,1.7665957652800297
10629869,10,1,0.30577588081359863,1,1,1.184902861018963
10629856,12,5,0.09263180196285248,6,15,2.379122762565757
10629822,8,3,0.16463124752044678,1,2,1.8040471696284683
10626808,8,2,0.2678179442882538,2,1,1.317447841665728
10629816,14,4,0.09500069916248322,9,10,2.3538710278035917
10629874,9,1,0.27063223719596863,1,1,1.3069944380574385
10629857,11,3,0.1781928688287735,5,7,1.7248887825420454
10629824,9,5,0.10942952334880829,3,1,2.212474559324698
10626810,13,2,0.18116548657417297,2,9,1.708344374960209
10629817,12,5,0.06929010897874832,2,9,2.6694531105522192
10629870,12,7,0.06112567335367203,4,15,2.7948233152367825
10625849,11,2,0.13447622954845428,6,2,2.0063678275409327
10629826,11,10,0.04482492431998253,2,7,3.104990947836314
10626813,11,3,0.12650436162948608,1,2,2.067478492124484
10625850,9,2,0.17941150069236755,3,1,1.7180732249887167
10625851,11,3,0.20012538135051727,6,2,1.6088112021054635
10625853,12,5,0.044744398444890976,6,4,3.1067890165120877
10625848,12,11,0.009042330086231232,6,11,4.705838384888939
10629765,11,2,0.21039001643657684,1,4,1.558792249640886
10629766,6,1,0.3501579463481903,5,5,1.0493709510121998
10629796,13,9,0.06092308461666107,1,2,2.7981431183456777
10633854,6,2,0.24413557350635529,9,5,1.4100315788692355
10633709,8,2,0.27943354845046997,2,8,1.2749907661732471
10629761,12,3,0.10276012867689133,3,5,2.275357854533265
10629793,16,1,0.18742778897285461,6,6,1.6743616332296436
10629916,9,2,0.15232574939727783,10,2,1.881733963133583
10629900,12,9,0.050666991621255875,3,11,2.9824806332471185
10633851,10,1,0.32958728075027466,1,1,1.1099140716481228
10633712,7,4,0.14856457710266113,5,1,1.906735552620557
10629760,13,9,0.0723612830042839,2,10,2.6260838877625376
10633675,6,2,0.2659094035625458,5,2,1.3245996163244715
10629899,12,9,0.03981318324804306,5,9,3.223557184150721
10633850,7,3,0.13612858951091766,2,5,1.9941553288504656
10633714,12,2,0.21639102697372437,3,6,1.5306681978707812
10629833,10,3,0.12696294486522675,5,2,2.0638600078122358
10629764,9,3,0.15600810945034027,3,7,1.857847289427676
10633762,12,1,0.4565182626247406,1,1,0.784126573997617
10629799,9,1,0.2148607224225998,6,6,1.5377652634548769
10633676,8,1,0.22339694201946259,3,3,1.498805080804812
10629904,9,2,0.17836546897888184,5,2,1.7239206371067082
10633849,9,2,0.1902770698070526,2,8,1.6592740069109573
10633713,7,6,0.10561026632785797,2,6,2.2479996934216313
10629762,14,3,0.1093369871377945,4,1,2.213320540881261
10629832,8,2,0.16395990550518036,1,4,1.808133359674659
10629797,12,1,0.29450809955596924,1,1,1.2224487735319514
10633677,11,6,0.02404174953699112,13,8,3.7279633958820195
10633852,9,1,0.23561044037342072,5,5,1.4455755142076752
10633710,10,5,0.08370882272720337,8,13,2.4804108981146773
10629836,10,2,0.19115829467773438,1,9,1.654653426227778
10629763,11,3,0.10240213572978973,12,9,2.2788477098580007
10633757,12,3,0.22061479091644287,1,6,1.5113371258317736
10629801,11,1,0.19526875019073486,9,9,1.6333784631663821
10629893,8,1,0.2325911968946457,1,1,1.4584728861544176
10629921,9,7,0.06310497969388962,1,9,2.7629555950545024
10633678,9,6,0.07306713610887527,3,8,2.61637658774928
10629898,9,2,0.16202956438064575,4,6,1.819976464223329
10633933,6,2,0.30726146697998047,4,3,1.1800562098980618
10633848,8,1,0.21117335557937622,2,2,1.5550758924031516
10630306,13,3,0.13030852377414703,3,1,2.037850380458695
10633717,10,10,0.02374149300158024,11,14,3.740531002073783
10629838,14,5,0.05565202236175537,5,8,2.88863686118854
10633758,12,2,0.1449478715658188,3,5,1.9313811076421252
10629798,13,6,0.07588881254196167,9,10,2.5784860027837166
10630274,10,2,0.3153254985809326,1,6,1.1541498448448797
10629894,8,5,0.12440389394760132,2,7,2.0842217973373574
10629917,6,1,0.31203019618988037,1,1,1.1646553131959212
10633679,9,6,0.03937991335988045,6,8,3.234499405878188
10629897,14,2,0.1353480964899063,13,9,1.9999053266342681
10633855,9,1,0.4496137201786041,2,2,0.7993664644567859
10633711,10,1,0.2347266674041748,3,3,1.4493335592130612
10629830,11,5,0.10802069306373596,5,3,2.225432467769321
10633934,6,1,0.38677114248275757,2,2,0.9499221239701251
10633759,12,4,0.171583890914917,7,11,1.7626829721220796
10629794,9,8,0.032559752464294434,4,8,3.424678340324656
10630278,8,1,0.27424752712249756,3,3,1.2937241967407493
10629913,10,1,0.35783907771110535,2,2,1.0276718972387293
10633680,12,4,0.10189913213253021,7,5,2.2837718556441895
10629902,15,12,0.025454126298427582,14,12,3.670877415594326
10633935,6,2,0.217521071434021,5,2,1.5254595529895592
10633846,9,4,0.11908823251724243,4,5,2.127890610883934
10633715,11,5,0.09474886208772659,2,6,2.356525444719933
10629831,12,2,0.13810096681118011,2,5,1.9797702177863266
10633760,12,3,0.12514764070510864,2,10,2.0782611130190967
10629800,13,6,0.0825280174612999,16,8,2.494617437702914
10629889,11,3,0.16846606135368347,4,1,1.7810209657753218
10630271,10,1,0.27603763341903687,2,2,1.2872180695926831
10629918,17,6,0.07263096421957016,3,1,2.6223639436767434
10629903,14,2,0.21729640662670135,7,2,1.5264929283189699
10633936,4,3,0.16539618372917175,4,3,1.799411569638346
10633853,10,6,0.08734697848558426,5,2,2.437866833892345
10633700,7,3,0.1396663933992386,8,1,1.9684986042987205
10629835,14,1,0.2596284747123718,4,4,1.3485036132938242
10633761,11,6,0.0610012486577034,5,12,2.7968609452199127
10633716,10,1,0.259334921836853,3,3,1.3496349181557061
10629795,15,5,0.08403462916612625,10,14,2.4765263131136295
10629891,5,1,0.34331434965133667,1,1,1.0691087802328998
10629915,13,5,0.0913454219698906,3,2,2.3931071126860672
10629901,12,1,0.24823269248008728,4,4,1.3933886965936708
10633932,4,3,0.2848304510116577,3,2,1.2558611844729253
10630272,10,3,0.08750560134649277,1,6,2.436052472278977
10633705,10,1,0.3463379442691803,3,3,1.0603402630616454
10629837,14,3,0.10263195633888245,8,10,2.2766059294494605
10629890,10,1,0.38257259130477905,2,2,0.9608368625327534
10630273,10,7,0.06572970002889633,6,9,2.722204400403414
10633701,8,2,0.21392476558685303,4,6,1.5421308884511886
10629892,12,1,0.30654963850975037,1,1,1.1823755839953054
10630275,12,6,0.05067567899823189,4,2,2.9823091876567434
10633702,6,3,0.18300966918468475,5,1,1.698216290461765
10630276,11,6,0.05569002032279968,5,6,2.887954316453356
10633706,9,6,0.06597058475017548,7,8,2.7185463219064614
10630277,12,1,0.22532059252262115,7,7,1.4902310352652188
10633703,10,2,0.20816576480865479,2,4,1.5694205704783637
10633704,7,5,0.07142437249422073,5,7,2.639116116424079
10633707,7,1,0.39024752378463745,3,3,0.9409740648094492
10629778,10,2,0.22986309230327606,2,1,1.4702713981463886
10629849,6,1,0.4385824203491211,6,6,0.824207525084979
10629780,9,2,0.17297227680683136,3,1,1.7546239469972036
10629842,10,1,0.3992133140563965,2,2,0.918259383256308
10633749,10,1,0.30905821919441223,3,3,1.174225608199232
10633727,10,4,0.14612339437007904,10,5,1.9233038473079023
10633802,8,1,0.2950901389122009,2,2,1.2204744136803536
10629843,8,4,0.0839381143450737,3,7,2.477675485647893
10633691,7,2,0.2557506561279297,2,7,1.3635523086485908
10629775,14,2,0.16230466961860657,2,7,1.8182800333498734
10633765,6,2,0.317399799823761,1,3,1.1475931015650083
10633803,13,1,0.29923003911972046,8,8,1.2065426397939616
10633825,8,2,0.2254064679145813,4,1,1.4898499825149536
10629844,8,3,0.21354158222675323,5,2,1.543923700749488
10629776,12,1,0.15147560834884644,5,5,1.8873306679924784
10633689,7,2,0.2685272991657257,1,3,1.314802697331067
10633742,13,2,0.2507818639278412,8,12,1.38317178572547
10633733,8,5,0.0753372386097908,3,10,2.5857807297686297
10633804,12,4,0.10487838834524155,3,6,2.2549538062995897
10629846,8,1,0.47043073177337646,1,1,0.7541065533808212
10629781,11,1,0.28073617815971375,6,6,1.270339918419808
10633685,6,1,0.28968867659568787,2,2,1.2389484616269735
10633766,7,5,0.13054515421390533,7,5,2.036036102764846
10633726,9,4,0.13093024492263794,1,6,2.0330905791061897
10633806,8,1,0.22135959565639496,3,3,1.5079667701386958
10633821,5,1,0.3201993703842163,3,3,1.1388114447418298
10629777,9,3,0.13365192711353302,3,1,2.0125164173950427
10629845,8,1,0.299807608127594,7,7,1.2046143162920968
10633943,11,2,0.27442467212677,1,9,1.2930784741739052
10633686,8,1,0.3993169665336609,1,1,0.9179997751228006
10633747,14,5,0.0700317844748497,1,2,2.6588060760621834
10633768,11,5,0.09599804133176804,2,1,2.3434274905165235
10633732,11,7,0.05697661638259888,10,13,2.86511433422036
10633805,9,6,0.08679667115211487,7,2,2.4441870088333295
10633824,6,1,0.23670053482055664,3,3,1.4409595029778202
10629847,9,7,0.06620638817548752,5,8,2.714978322575672
10633940,13,1,0.6160504221916199,9,9,0.484426464591315
10633688,7,2,0.2645670473575592,1,9,1.3296605726320916
10633744,13,3,0.10033232718706131,10,11,2.2992673309875857
10633769,9,3,0.15327543020248413,3,5,1.8755187786011696
10633729,11,4,0.09841012209653854,1,3,2.318611613379618
10633808,12,8,0.0331549271941185,6,12,3.406563940088359
10633953,12,1,0.5208606719970703,4,4,0.6522726971828793
10633822,9,2,0.2691250145435333,1,4,1.3125792692575433
10629848,8,1,0.29769259691238403,2,2,1.21169387888001
10633944,11,4,0.11200529336929321,10,4,2.189209146578034
10633687,7,3,0.16022253036499023,1,3,1.8311916152541519
10633748,10,8,0.018191561102867126,4,9,4.006797468096831
10633771,10,1,0.18437597155570984,2,2,1.6907782824472388
10633734,9,6,0.0860942155122757,6,11,2.4523130531703297
10633952,12,2,0.18034684658050537,5,1,1.7128733567840375
10633807,14,1,0.29170653223991394,2,2,1.2320070086673418
10633823,12,6,0.07084102183580399,3,6,2.64731704161191
10633947,9,6,0.0946691632270813,3,9,2.357366957719723
10633690,9,8,0.02995406836271286,1,13,3.5080901251579824
10633745,11,5,0.09401703625917435,8,16,2.3642792763338107
10633770,13,1,0.2842208743095398,12,12,1.2580036166513855
10633731,9,4,0.13935783505439758,11,3,1.9707103009125218
10633809,10,4,0.10824183374643326,8,4,2.223387353777215
10633945,10,4,0.10512732714414597,1,3,2.2525830240099434
10633730,10,3,0.14699283242225647,10,6,1.9173714524244299
10633946,11,11,0.00986555777490139,6,13,4.6187056003151135
10633957,12,8,0.021008508279919624,2,9,3.8628277671256708
10633939,10,6,0.0659521296620369,5,2,2.718826108269882
10633956,12,2,0.23437583446502686,8,12,1.4508293218796853
10633941,12,12,0.04122776538133621,7,10,3.188643332584038
10633955,11,3,0.16267913579940796,7,1,1.8159755102303488
10637166,9,1,0.34553059935569763,4,4,1.0626740742671619
10633621,7,1,0.46749329566955566,1,1,0.7603702711700104
10633694,6,1,0.5751485228538513,6,6,0.5531269709232536
10633870,7,1,0.3913223445415497,1,1,0.9382236480443292
10633615,11,1,0.5505017638206482,3,3,0.5969251187906603
10637161,12,5,0.08222375065088272,6,2,2.498311081295692
10633696,6,1,0.2970483899116516,4,4,1.2138602244554648
10633867,7,4,0.18155378103256226,9,8,1.7062033549406292
10633617,9,1,0.3029136061668396,1,1,1.1943076422917764
10637162,12,2,0.2855505645275116,8,7,1.2533361568901635
10633871,8,4,0.1468745917081833,4,8,1.918176173946755
10637160,7,3,0.21967852115631104,9,8,1.5155900687936243
10633619,11,4,0.12301453948020935,1,13,2.0954527234394615
10633699,10,1,0.21377260982990265,10,10,1.5428423997772573
10637158,12,5,0.08636488765478134,2,3,2.44917407865657
10633698,9,1,0.23346243798732758,6,6,1.4547340799640025
10633864,7,1,0.35877540707588196,8,8,1.0250586932985621
10637165,9,8,0.03953960910439491,4,2,3.2304523473685816
10633693,9,1,0.3712448179721832,5,5,0.9908935472867316
10637159,10,1,0.2704709470272064,7,7,1.307590591169236
10633866,9,1,0.2116413414478302,4,4,1.5528622226189572
10637163,10,6,0.08471983671188354,5,1,2.468405505076543
10633695,9,1,0.2867521643638611,7,7,1.2491369750888108
10633869,12,1,0.3839057683944702,10,10,0.9573581513147095
10636993,7,5,0.1379292607307434,8,9,1.9810143286513804
10636971,10,5,0.07650431245565414,6,10,2.5704081677691515
10636968,8,3,0.1907428652048111,2,3,1.6568290134237402
10637192,12,3,0.12902219593524933,11,8,2.047770827907789
10636972,10,3,0.16490890085697174,6,5,1.8023620735720824
10636985,11,2,0.17714738845825195,6,11,1.7307731897592695
10637191,11,5,0.07564076781272888,7,6,2.58175988436121
10637186,9,5,0.06616707146167755,11,12,2.7155723497329864
10636990,9,8,0.07220502197742462,4,12,2.6282456790282707
10636973,8,2,0.17736446857452393,3,5,1.7295485190516626
10637187,12,5,0.05741475522518158,3,14,2.8574539490186397
10636987,14,10,0.027614383026957512,5,12,3.5894185178319478
10636969,10,3,0.12878026068210602,4,6,2.0496477326304303
10637190,11,4,0.11655966192483902,2,5,2.149352017538318
10636992,9,5,0.12743043899536133,5,10,2.060184639771642
10636966,11,3,0.15211746096611023,11,2,1.883102287054602
10637188,11,3,0.16104695200920105,2,4,1.826059329126333
10636986,9,3,0.16635890305042267,9,8,1.7936077579592768
10636967,8,1,0.25728461146354675,9,9,1.357572369242237
10637189,10,3,0.14202161133289337,1,7,1.951776040475813
10636970,12,1,0.1873149424791336,7,7,1.6749638943952956
10647805,8,3,0.1576661616563797,3,7,1.8472753821885193
10647806,9,2,0.22687211632728577,9,1,1.4833687844469479
10647807,14,1,0.2624363601207733,1,1,1.3377466639783622
10647808,11,2,0.2255260944366455,13,2,1.489319408611633
10647802,10,4,0.09380210191011429,2,1,2.36656801479763
10647887,6,6,0.07167793810367584,1,3,2.635572276023892
10647835,8,1,0.34315025806427,4,4,1.069586857582694
10647875,11,2,0.2246318757534027,3,8,1.4932923244263416
10647803,12,10,0.033265478909015656,3,12,3.4032350891080423
10647824,7,2,0.23433846235275269,9,3,1.450988788371777
10647833,9,4,0.13870549201965332,4,2,1.9754023560526697
10647804,7,5,0.09625037014484406,6,7,2.3408024601609205
10647825,10,1,0.21252354979515076,10,10,1.548702474192617
10647831,7,6,0.07394293695688248,7,8,2.6044616054499174
10647809,12,4,0.10359691828489304,10,6,2.267247695884
10647819,7,1,0.3038488030433655,3,3,1.1912250597096163
10647884,11,1,0.23796670138835907,7,7,1.435624525231943
10647834,11,1,0.5146623849868774,11,11,0.6642441564261464
10647820,10,5,0.10194142907857895,6,2,2.2833568553478356
10647890,12,5,0.08266914635896683,15,5,2.4929088256573193
10647832,9,2,0.26950180530548096,1,4,1.3111801899338853
10647941,11,1,0.2901715338230133,11,11,1.2372830349249653
10647821,10,3,0.11476708948612213,2,7,2.1648505131465186
10647883,10,2,0.19885985553264618,13,19,1.6151549459081653
10647828,8,2,0.15536436438560486,7,6,1.8619821827533365
10647940,12,2,0.335702508687973,1,4,1.0915299020184912
10647823,9,9,0.02436070516705513,2,16,3.714783888814955
10647886,13,2,0.1253506988286972,3,4,2.076639879373852
10647829,11,6,0.10730157047510147,7,1,2.232111993151555
10647822,9,1,0.2671720087528229,1,1,1.3198626004687044
10647885,13,7,0.06683653593063354,14,12,2.70550540289011
10647830,11,6,0.06205026060342789,1,12,2.779810567446257
10647936,9,6,0.1032610684633255,3,2,2.270494852273248
10647937,9,7,0.04982481151819229,7,5,2.9992421957666546
10647938,12,2,0.18096815049648285,7,3,1.7094342273076408
10647939,14,2,0.2534309923648834,8,2,1.3726637124772596
10634228,7,1,0.2898494005203247,1,1,1.238393799439608
10651037,7,5,0.10797294974327087,4,7,2.2258745485696836
10634230,9,2,0.23894834518432617,4,3,1.4315078793457243
10634231,7,1,0.26077985763549805,1,1,1.3440786849049826
10651036,11,3,0.17130377888679504,2,1,1.7643168138440393
10634227,5,1,0.2776852548122406,3,3,1.2812669836223536
10651032,8,5,0.11752976477146149,1,7,2.1410636602733812
10634229,6,5,0.08649573475122452,5,3,2.4476601754944425
10651029,9,1,0.18152353167533875,2,2,1.7063699825774148
10650709,8,5,0.11659140884876251,5,9,2.149079688322635
10634234,8,5,0.09431412816047668,5,7,2.3611242791387825
10651030,8,1,0.3072727918624878,7,7,1.1800193531001026
10650711,8,2,0.2751488983631134,6,2,1.2904428792528255
10634232,11,4,0.1215156763792038,4,5,2.1077120008272248
10650752,9,2,0.1703951060771942,3,2,1.769635385203614
10650690,7,2,0.39011824131011963,2,1,0.9413054029626161
10651034,13,9,0.04382443055510521,2,1,3.1275638418678087
10650704,9,1,0.3464623689651489,9,9,1.0599810695251253
10650756,10,7,0.02985399216413498,12,7,3.511436707243992
10634233,11,7,0.06117847189307213,2,11,2.793959917801258
10650686,7,1,0.36202171444892883,6,6,1.016051084289825
10651033,9,1,0.2745629549026489,8,8,1.292574700420199
10650754,9,2,0.26571592688560486,1,7,1.3253274848980765
10650705,12,3,0.19962823390960693,12,5,1.6112984726552877
10634235,8,1,0.1825588494539261,2,2,1.700682695178294
10650687,6,3,0.1984790712594986,1,4,1.6170716188744596
10650751,10,3,0.20389226078987122,4,9,1.5901635580324627
10650706,9,4,0.1521417796611786,6,2,1.8829424319582044
10648678,8,1,0.5324380397796631,6,6,0.6302887453898735
10650691,8,5,0.09789098054170609,6,5,2.323900862988038
10650755,10,8,0.03379157930612564,5,7,3.3875436404867965
10650707,12,1,0.48509594798088074,2,2,0.7234085767221897
10648672,10,1,0.44400840997695923,7,7,0.8119117753397503
10650749,6,4,0.19978083670139313,6,7,1.6105343297730126
10650692,8,6,0.0806574895977974,3,7,2.517543613281886
10648673,7,5,0.1036912128329277,1,4,2.2663379037600584
10650710,10,2,0.20502862334251404,3,7,1.584605683529496
10650750,7,4,0.13680990040302277,9,2,1.9891629050452426
10650689,8,2,0.224603533744812,10,6,1.4934185032983944
10650753,12,5,0.10283732414245605,1,14,2.2746069165412446
10650708,11,4,0.11057541519403458,6,15,2.2020575003712684
10648674,7,5,0.11192356050014496,2,6,2.189939136227563
10648675,15,2,0.19220252335071564,13,9,1.6492056537562907
10648677,11,6,0.08746399730443954,6,11,2.436528029669039
10648676,11,1,0.2650512456893921,1,1,1.327832091731439
10650696,8,2,0.18030235171318054,5,6,1.7131201055235943
10650697,9,3,0.14148491621017456,1,3,1.9555621668023266
10655676,5,1,0.23237882554531097,1,1,1.45938637026674
10655777,8,2,0.23582004010677338,12,2,1.444686306759952
10650701,11,3,0.16086125373840332,3,1,1.827213063564168
10655710,6,5,0.05696558207273483,4,3,2.865308016807639
10655673,9,1,0.2894092798233032,3,3,1.2399133995652503
10655773,12,1,0.3825002908706665,6,6,0.9610258652696487
10655639,9,1,0.4716656804084778,5,5,0.7514848485818558
10650699,7,1,0.31147894263267517,1,1,1.166423542934709
10655711,6,1,0.46770238876342773,2,2,0.7599231067939624
10655576,7,3,0.2330525517463684,9,4,1.456491306871825
10655771,10,3,0.1432335525751114,1,8,1.9432787462087648
10655633,8,3,0.16664163768291473,9,5,1.7919096544077961
10650700,9,1,0.2693590223789215,4,4,1.3117101335577876
10655571,11,2,0.30521419644355774,6,10,1.1867414654388315
10655674,9,4,0.13816572725772858,7,2,1.9793013921976836
10655775,12,3,0.19027864933013916,14,2,1.659265705771297
10655634,7,3,0.23752015829086304,6,3,1.437502782095131
10655714,9,2,0.21111072599887848,6,7,1.5553725153813274
10655574,10,1,0.2782714068889618,6,6,1.279158357773311
10655675,13,6,0.08425582945346832,3,13,2.473897519817311
10655778,12,1,0.19932739436626434,5,5,1.612806608292645
10655635,10,3,0.12362994253635406,8,5,2.090462509766822
10655568,7,1,0.2100493311882019,7,7,1.5604128654317917
10655669,13,1,0.20800115168094635,3,3,1.5702116623685212
10655772,10,4,0.13576063513755798,13,6,1.9968619796820333
10655637,10,4,0.12503068149089813,7,13,2.079196119871047
10655569,13,7,0.04828852415084839,2,11,3.0305613417743564
10655677,11,1,0.2385093867778778,2,2,1.4333466118689935
10655774,11,2,0.21954883635044098,13,1,1.516180582145865
10655636,11,1,0.408312052488327,2,2,0.8957235623846413
10655573,12,1,0.2534869313240051,5,5,1.3724430102423033
10655670,12,3,0.13689401745796204,2,8,1.988548247730543
10655779,12,2,0.21268495917320251,7,3,1.5479432730835132
10655638,12,6,0.06338010728359222,2,3,2.7586052320165946
10655572,8,3,0.15585215389728546,1,3,1.8588474525416379
10655671,10,2,0.28300467133522034,2,9,1.2622918749902525
10655776,12,3,0.1534697413444519,4,2,1.874251856178375
10655611,11,10,0.010921872220933437,3,21,4.516987874557616
10655610,12,2,0.17906975746154785,1,14,1.7199798425681392
10655612,8,4,0.08105272054672241,7,6,2.5126554650871378
10655606,11,1,0.2423243522644043,3,3,1.417478151610631
10655607,10,4,0.10527768731117249,2,9,2.2511537786755453
10655609,12,7,0.07680150121450424,4,5,2.5665310919556945
10655590,9,4,0.1113511323928833,1,4,2.1950667156593147
10655588,12,1,0.2864088714122772,1,1,1.250334868773854
10655593,13,4,0.13865354657173157,9,3,1.9757769279346096
10655539,10,3,0.14161323010921478,2,1,1.9546556691124255
10655586,13,1,0.2745972275733948,5,5,1.2924498819359607
10655682,11,7,0.07644981145858765,6,13,2.5711208128156313
10655535,7,1,0.20874282717704773,5,5,1.5666522766700328
10655587,11,1,0.17349472641944885,8,8,1.7516080753341208
10655725,7,1,0.375704824924469,4,4,0.9789514839920801
10659061,7,3,0.08009601384401321,3,7,2.5245291908900342
10658863,10,2,0.34452223777770996,4,2,1.0655966397330485
10655624,13,1,0.2517305612564087,1,1,1.37939596483771
10655592,9,1,0.31563600897789,4,4,1.1531655996308547
10655684,8,1,0.244899719953537,1,1,1.4069064585381967
10655839,11,7,0.06516872346401215,19,16,2.730775626615296
10655721,8,2,0.20062720775604248,1,2,1.6063067807669156
10659067,9,3,0.19847704470157623,7,5,1.6170818293629288
10655541,7,3,0.16091030836105347,2,7,1.8269081601556125
10658864,7,2,0.26114311814308167,6,7,1.3426866765700407
10655589,10,4,0.1285506933927536,1,2,2.0514319513310433
10655683,8,1,0.37248605489730835,1,1,0.9875556783805798
10655818,6,1,0.2603873312473297,3,3,1.345585020955153
10655841,14,1,0.3148936331272125,6,6,1.1555203697927616
10658792,8,1,0.6313244104385376,9,9,0.459935427417188
10655724,10,1,0.2941454350948334,4,4,1.2236809567625724
10659068,9,5,0.13214720785617828,4,5,2.0238387667499937
10655542,12,6,0.07772517949342728,5,6,2.5545760137002977
10658857,9,1,0.21561044454574585,4,4,1.5342819970309416
10655626,8,1,0.3113771080970764,2,2,1.166750535139045
10655591,14,4,0.08963178843259811,2,8,2.4120452403075494
10655685,7,1,0.23552854359149933,4,4,1.4459231686601133
10655816,9,6,0.057661671191453934,2,9,2.8531626036425735
10655840,13,1,0.2250785231590271,4,4,1.4913059458432985
10658791,8,1,0.3124934732913971,8,8,1.1631716954913145
10655723,15,3,0.10753744840621948,14,5,2.229916134809567
10659062,11,2,0.18285252153873444,1,2,1.699075344278197
10655537,8,2,0.19946730136871338,1,9,1.6121049589994867
10658859,10,6,0.07918418198823929,4,1,2.5359787224796415
10655622,10,1,0.24001190066337585,3,3,1.4270667707720963
10655594,11,5,0.08552105724811554,3,5,2.45899264975856
10655678,11,4,0.13640034198760986,7,5,1.9921610263353768
10655824,12,6,0.07479161769151688,10,9,2.593049463228862
10658787,11,2,0.12145236134529114,7,4,2.1082331807810886
10655720,9,3,0.13993139564990997,1,3,1.9666030075493683
10659063,9,4,0.12386360764503479,9,3,2.088574257099735
10655540,14,5,0.09177220612764359,4,10,2.3884457926924965
10658858,10,1,0.2386045604944229,4,4,1.432947655945145
10655629,14,4,0.09932327270507812,6,13,2.3093753677666613
10655681,17,8,0.04106011614203453,6,4,3.192718038802205
10655815,6,3,0.15731672942638397,2,1,1.8494941209406042
10655837,16,2,0.11987156420946121,14,2,2.121334407632775
10658788,12,3,0.14005047082901,8,5,1.965752415417979
10655722,10,8,0.05578329786658287,2,10,2.886280775787863
10659065,12,1,0.18370966613292694,6,6,1.6943986690222212
10655871,6,5,0.15396170318126678,3,6,1.8710513881357906
10658860,10,3,0.13557691872119904,8,4,1.9982161338845768
10655628,11,7,0.06795644760131836,4,1,2.688888255449892
10655679,12,11,0.024655019864439964,6,4,3.702774753610166
10655817,6,6,0.03921908140182495,5,6,3.2385918801653077
10656111,9,2,0.1805713027715683,6,3,1.7116295500073317
10655843,14,5,0.09242884814739227,4,5,2.3813161396743454
10658789,11,1,0.33985310792922974,9,9,1.0792417902284224
10655726,13,7,0.057613566517829895,3,4,2.85399720918965
10659064,11,4,0.1439933329820633,1,3,1.9379882792136276
10658861,11,2,0.16862556338310242,7,4,1.7800746234184202
10655872,5,3,0.18842892348766327,4,3,1.6690344069263976
10655623,11,1,0.34465280175209045,6,6,1.0652177404158834
10655680,12,1,0.20443083345890045,1,1,1.5875255834043398
10656112,9,4,0.12206628918647766,4,7,2.1031910278246864
10655819,5,2,0.20728838443756104,4,2,1.573644293731799
10655838,13,2,0.1208713948726654,4,5,2.113028150905453
10658790,12,7,0.07818096876144409,3,5,2.548729027271179
10655728,14,4,0.0968884527683258,13,2,2.3341949336638512
10659066,11,3,0.1754997819662094,1,2,1.7401174784347695
10658862,14,5,0.11028479784727097,4,7,2.204689187722204
10655873,8,1,0.38782650232315063,1,1,0.9471971983251971
10655621,10,1,0.2277742624282837,7,7,1.4794002175466776
10655686,10,7,0.040560927242040634,5,15,3.204950058963461
10655820,6,1,0.4352031946182251,5,5,0.8319422428923803
10656113,15,4,0.06682882457971573,1,12,2.7056207858269747
10655727,12,1,0.29184046387672424,1,1,1.2315479826075617
10655845,17,10,0.04317585378885269,8,21,3.1424738800701606
10655874,8,5,0.08077515661716461,1,2,2.516085828342293
10655625,16,1,0.1712786853313446,6,6,1.7644633102828022
10655821,7,4,0.14133164286613464,4,7,1.9566460733426414
10656114,16,4,0.11758024990558624,15,16,2.140634200601321
10655844,16,5,0.07597284018993378,2,6,2.577379368488148
10655875,8,3,0.183649942278862,6,4,1.6947238210161997
10655822,11,5,0.11092428117990494,5,6,2.1989074619734104
10656116,12,1,0.2125343382358551,2,2,1.548651711974056
10655870,6,6,0.10797001421451569,2,7,2.2259017365706404
10656118,13,1,0.2658148407936096,1,1,1.3249552998237168
10656117,15,1,0.16672539710998535,13,13,1.7914071486403307
10655577,11,2,0.19605283439159393,1,12,1.6293710928548393
10655579,11,2,0.2614189088344574,4,2,1.3416311436275614
10655660,8,3,0.17313607037067413,2,5,1.7536774597055436
10658913,8,1,0.3815183937549591,8,8,0.9635962151211841
10655578,10,3,0.12177902460098267,11,9,2.10554715035109
10655664,10,1,0.2610400319099426,3,3,1.3430815044554971
10658911,7,7,0.018097765743732452,5,8,4.01196678790244
10655663,11,1,0.33596959710121155,3,3,1.0907346079307536
10658908,8,4,0.13543815910816193,13,12,1.999240133185822
10659000,7,1,0.3196435272693634,1,1,1.1405488814054783
10658839,7,2,0.198188915848732,4,5,1.6185345827230557
10658981,10,1,0.21688994765281677,1,1,1.5283652077612546
10655581,10,4,0.08543711155653,5,8,2.4599747110302648
10655659,8,6,0.06264583021402359,1,2,2.7702581566942728
10658848,11,3,0.13666199147701263,3,1,1.99024461724181
10658909,6,2,0.26244938373565674,4,9,1.337697039407535
10659006,11,1,0.6493066549301147,3,3,0.4318501701283914
10658843,11,4,0.1053571030497551,11,8,2.25039971765638
10655582,10,5,0.04384911060333252,5,10,3.1270008430758556
10658979,4,3,0.2564254701137543,4,3,1.3609172214521181
10655665,12,2,0.18150869011878967,4,8,1.706451746981048
10658854,12,2,0.17613203823566437,5,6,1.7365213479681838
10658910,12,6,0.05205748975276947,13,17,2.955406598926906
10659002,11,4,0.07927057892084122,3,1,2.534888229007965
10658840,11,2,0.24110153317451477,2,6,1.4225371347338753
10655583,14,14,0.013533873483538628,3,14,4.3025595892623
10659024,7,4,0.165937602519989,5,1,1.7961434497231605
10658980,5,5,0.11063963174819946,2,5,2.201476920009703
10655666,12,1,0.15873195230960846,4,4,1.8405383339107932
10658849,11,6,0.0836605504155159,4,9,2.480987733793984
10658912,14,8,0.05216421186923981,10,16,2.95335861559693
10659001,13,8,0.028683649376034737,3,10,3.5514280267140133
10658836,9,1,0.35090333223342896,1,1,1.0472445001900403
10659021,7,2,0.2570496201515198,1,4,1.3584861382038713
10658975,11,4,0.15106378495693207,8,3,1.8900531144268038
10655662,14,6,0.07585229724645615,8,5,2.578967286942786
10658850,15,1,0.21456830203533173,1,1,1.5391271668932165
10658915,9,3,0.15579061210155487,8,5,1.8592424034485413
10659007,9,4,0.11786802858114243,4,3,2.138189682249251
10658837,10,10,0.011709167622029781,3,11,4.44738318656085
10659022,7,2,0.3029920756816864,2,6,1.1940486266804815
10658976,9,3,0.1433507800102234,7,2,1.94246064536848
10655667,8,3,0.14210709929466248,1,7,1.9511742852771923
10658853,12,7,0.05683545768260956,1,13,2.8675948930455966
10658914,12,1,0.21753571927547455,8,8,1.5253922153831965
10659004,13,3,0.1277940422296524,6,8,2.0573353560466945
10658842,11,4,0.11045506596565247,8,6,2.203146483570726
10659023,8,3,0.15709885954856873,1,5,1.850879993144946
10658977,11,8,0.04651036113500595,1,12,3.068080171101885
10655661,9,4,0.1097411960363388,5,7,2.2096304485922302
10658847,11,2,0.23155564069747925,6,4,1.4629350857497188
10658907,11,2,0.19889546930789948,3,10,1.6149758721252425
10658999,11,3,0.14562787115573883,3,7,1.9267007387656212
10658841,12,2,0.15190379321575165,1,2,1.8845078978966
10659018,11,5,0.07400574535131454,3,7,2.603612548909158
10658978,8,3,0.1432531177997589,8,9,1.9431421588788738
10658838,12,2,0.1793765127658844,5,3,1.718268258965782
10659005,13,1,0.184843510389328,4,4,1.6882457016578758
10659019,10,3,0.13363470137119293,1,3,2.0126453108040514
10659025,12,6,0.06636487692594528,4,3,2.7125873244081355
10659020,13,6,0.03873367980122566,3,10,3.2510457783182507
10658810,7,3,0.12309348583221436,7,6,2.0948111648831107
10662594,12,1,0.2300090789794922,8,8,1.4696364970141336
10659035,6,6,0.03697977960109711,2,5,3.297384012989618
10662600,12,1,0.3284933567047119,10,10,1.1132386643830825
10658806,8,3,0.13854096829891205,3,4,1.9765891971027914
10662598,12,5,0.08006381243467331,8,3,2.524931306832865
10659029,7,1,0.3812771439552307,1,1,0.9642287563352987
10658809,12,2,0.227794349193573,3,4,1.4793120342750918
10659030,9,1,0.3263542354106903,2,2,1.119771875861362
10662602,8,1,0.5969818830490112,7,7,0.5158685127015764
10658811,11,2,0.2243996560573578,2,13,1.4943266380559923
10662592,11,1,0.3344913721084595,8,8,1.095144193144239
10662603,12,10,0.031941864639520645,7,8,3.4438377584528017
10658807,7,5,0.05911226198077202,3,4,2.8283168975667157
10662596,11,9,0.040205419063568115,1,11,3.213753489865891
10659033,11,5,0.11348837614059448,7,2,2.176054860163433
10662608,9,1,0.3603333830833435,1,1,1.0207256119444148
10658808,10,1,0.27415430545806885,6,6,1.2940641725022743
10662593,12,10,0.04072822630405426,9,11,3.2008339059240014
10659032,11,1,0.2821442484855652,9,9,1.2653368193731434
10662607,14,6,0.0717807486653328,11,3,2.634138963318004
10658804,10,1,0.21882350742816925,7,7,1.5194897762338333
10662590,12,8,0.03015364333987236,1,10,3.5014495226494513
10659034,12,2,0.17620500922203064,1,2,1.7361071367012386
10662609,11,2,0.28856638073921204,1,3,1.2428301302830744
10658805,12,9,0.022123703733086586,3,13,3.811105678139577
10662597,12,2,0.20583949983119965,3,9,1.5806585409027798
10662595,11,4,0.10339827835559845,12,8,2.2691669673791304
10662305,5,1,0.38091033697128296,2,2,0.9651912675846838
10662351,8,1,0.40224283933639526,2,2,0.9106992947935247
10659674,11,2,0.16361647844314575,9,4,1.8102301359057014
10662306,8,1,0.3826637268066406,7,7,0.9605986733612897
10662636,9,4,0.06067042425274849,3,12,2.8022989442594266
10662352,8,4,0.11325876414775848,1,7,2.1780801299950845
10659669,12,1,0.29959017038345337,8,8,1.2053398370113049
10662299,7,2,0.23913457989692688,3,6,1.430728789726537
10662637,10,4,0.0800454393029213,1,12,2.5251608142677355
10659673,9,4,0.13221758604049683,1,9,2.02330633438679
10662300,10,8,0.01392783410847187,5,9,4.273865987236817
10662631,11,4,0.10338816046714783,3,12,2.2692648257156467
10662354,9,2,0.21442916989326477,2,8,1.5397758054332973
10659670,10,2,0.1779865324497223,4,7,1.7260473919472625
10662303,8,3,0.16457803547382355,2,1,1.8043704414791444
10662632,8,4,0.10592565685510635,6,3,2.24501778135486
10662356,6,1,0.42165058851242065,3,3,0.863578297225663
10659750,12,2,0.13916073739528656,2,4,1.9721256298098295
10662301,10,4,0.10364402085542679,3,7,2.266793127674261
10662633,9,2,0.2544625699520111,1,4,1.3686015266879497
10662355,12,5,0.07414556294679642,3,7,2.6017250510720062
10659751,12,1,0.1810004860162735,6,6,1.7092555625471346
10662304,11,3,0.09209589660167694,1,3,2.3849248904411433
10662634,11,4,0.09166475385427475,2,4,2.389617337245671
10659671,10,2,0.17617425322532654,5,2,1.736281698601213
10662302,11,3,0.10480949282646179,1,7,2.2556109307921828
10662635,8,3,0.1926368772983551,4,5,1.6469483270306733
10659672,11,5,0.11987920105457306,9,11,2.1212707010989837
10672071,11,2,0.21027666330337524,2,1,1.5593311710311664
10672077,7,2,0.2393326461315155,4,2,1.4299008699229323
10672074,8,1,0.31379544734954834,5,5,1.1590139469160832
10672073,11,3,0.09903770685195923,6,5,2.3122546240703734
10672078,6,5,0.08724412322044373,6,3,2.439045075807707
10672079,13,1,0.24264706671237946,3,3,1.4161472917579478
10672161,10,4,0.10046140849590302,2,11,2.2979816202936325
10672131,9,1,0.3570454716682434,9,9,1.0298921336938445
10672114,10,2,0.20314179360866547,11,3,1.5938510530883498
10672076,11,1,0.32807791233062744,4,4,1.1145041612122042
10672104,7,6,0.02155216597020626,5,3,3.837278958424782
10672164,8,7,0.06485004723072052,2,5,2.735677639912771
10672137,7,7,0.061667438596487045,8,6,2.7859992248693977
10672126,14,5,0.05986202880740166,14,12,2.8157128845926374
10672075,14,1,0.20056423544883728,4,4,1.6066207072416145
10672105,7,4,0.12232234328985214,4,2,2.101095560498943
10672132,10,3,0.16042131185531616,11,2,1.8299517254473465
10672127,13,7,0.018802708014845848,8,13,3.9737543761766156
10672072,12,10,0.05456319451332092,6,7,2.9083957166968486
10672106,6,1,0.25887930393218994,4,4,1.3513933338818875
10672157,12,2,0.14645960927009583,16,6,1.921005593179511
10672133,8,2,0.34097766876220703,8,1,1.0759382913438793
10672128,13,1,0.3174267113208771,5,5,1.1475083177802743
10672117,12,9,0.017823299393057823,4,13,4.0272487229522484
10672301,13,1,0.2480052262544632,12,12,1.3943054594324937
10672107,7,3,0.1914280652999878,1,5,1.6532431790512763
10672158,11,8,0.06496789306402206,5,4,2.7338620839826016
10672185,8,3,0.1560317873954773,4,1,1.8576955271343167
10672134,11,1,0.2397117167711258,11,11,1.4283182577555176
10672118,9,1,0.2550630271434784,3,3,1.366244599095471
10672123,13,1,0.36399200558662415,3,3,1.010623374260689
10672296,8,1,0.26148515939712524,5,5,1.3413777489150422
10672109,9,9,0.04059699550271034,5,7,3.2040612175090595
10672188,7,1,0.2768700420856476,5,5,1.2842070450314695
10672162,9,1,0.2077942192554474,5,5,1.5712070194939145
10672135,6,1,0.34738919138908386,6,6,1.0573095385287972
10672112,9,4,0.07383891195058823,4,1,2.605869424126492
10672124,12,11,0.023998280987143517,3,9,3.7297730767351096
10672110,11,7,0.04613736644387245,4,7,3.076132105371528
10672159,13,1,0.27881956100463867,1,1,1.2771904411343018
10672130,10,1,0.19095222651958466,2,2,1.655732005155577
10672113,7,2,0.19112235307693481,8,3,1.6548414640011602
10672125,16,6,0.07106126099824905,8,9,2.6442129430042205
10672300,9,1,0.24071656167507172,4,4,1.4241351302657153
10672108,9,2,0.2816799283027649,5,15,1.2669838586697202
10672163,10,1,0.2074056714773178,17,17,1.5730786379611834
10672136,9,6,0.10468054562807083,4,9,2.2568419889907227
10672129,11,6,0.10993833839893341,2,12,2.2078356303719184
10672303,9,1,0.34242790937423706,3,3,1.0716941270135043
10672189,6,1,0.4338730275630951,1,1,0.8350033509053745
10672298,10,5,0.08295560628175735,7,8,2.489449678351566
10672184,8,3,0.15696264803409576,5,2,1.851747412549903
10672302,12,3,0.13498331606388092,3,4,2.0026040928929207
10672299,12,1,0.30118733644485474,7,7,1.2000228276160398
10675921,11,5,0.024757791310548782,2,4,3.698615039080482
10675922,9,1,0.1819722205400467,5,5,1.7039012379505043
10675923,10,1,0.27472156286239624,3,3,1.2919971929208038
10675918,7,1,0.2598855495452881,2,2,1.347513938937039
10675919,10,9,0.05655934661626816,4,9,2.8724648095067233
10675961,9,3,0.20562034845352173,3,7,1.5817237792210006
10675948,8,4,0.16042539477348328,8,5,1.8299262745508094
10676023,5,3,0.16353769600391388,5,8,1.8107117586200554
10675956,13,1,0.2879749536514282,13,13,1.2448817691160918
10675920,12,3,0.13043074309825897,1,5,2.036912897320622
10675942,9,1,0.3203836977481842,1,1,1.1382359460181664
10675999,9,1,0.32842007279396057,6,6,1.1134617802694824
10676024,7,3,0.1739911139011383,5,3,1.748751050605389
10675957,9,4,0.1488485187292099,8,3,1.9048261430027873
10675924,7,7,0.036045122891664505,6,5,3.3229837117358043
10676003,8,1,0.3241232633590698,5,5,1.1266313930734284
10676025,5,3,0.23128166794776917,6,1,1.464118969488528
10675958,10,3,0.1283642053604126,4,1,2.0528837010427123
10675926,11,1,0.283556193113327,3,3,1.260344963415787
10675944,7,1,0.4672911465167999,4,4,0.7608027754924703
10676005,10,2,0.214376762509346,1,6,1.5400202394777895
10673097,8,1,0.6346270442008972,8,8,0.4547177846035211
10676026,7,1,0.30024123191833496,5,5,1.203169021051829
10675962,9,3,0.1916060596704483,8,2,1.6523137872730036
10676000,10,5,0.10254090279340744,9,6,2.277493508360606
10675945,12,2,0.23420529067516327,9,11,1.4515572376588066
10673098,10,1,0.3371131122112274,7,7,1.0873367604021025
10676027,6,1,0.37020576000213623,12,12,0.9936963198007996
10675963,8,2,0.18905970454216003,2,7,1.6656924167589962
10676001,12,3,0.10326945781707764,9,4,2.270413611461947
10673099,12,1,0.28197169303894043,11,11,1.2659485923768996
10675946,8,1,0.3911561369895935,4,4,0.9386484713675998
10676021,6,4,0.1570102572441101,3,7,1.8514441430028885
10675998,11,2,0.20864132046699524,5,1,1.5671386713384776
10675959,14,5,0.09860953688621521,12,3,2.3165872990669865
10675947,8,5,0.09221117943525314,5,10,2.3836739037607666
10676002,10,4,0.14176303148269653,4,5,1.9535984077413124
10676022,6,5,0.09052278846502304,4,5,2.402153653730779
10675960,7,7,0.016159173101186752,7,11,4.1252673966794084
10673101,10,1,0.32782936096191406,4,4,1.1152620469400536
10673094,10,3,0.1677158921957016,3,1,1.7854838490156322
10673095,12,1,0.25468048453330994,7,7,1.3677455213170213
10673102,13,7,0.026282357051968575,7,12,3.6388573994344884
10675933,13,6,0.06535899639129639,1,2,2.727860183638605
10675934,10,2,0.24970784783363342,10,1,1.3874636531408988
10680340,12,1,0.24434374272823334,8,8,1.4091792634177456
10675935,8,2,0.26046425104141235,1,7,1.3452896592926087
10680493,10,3,0.11949015408754349,4,11,2.124521303577884
10680332,7,2,0.23304812610149384,10,9,1.4565102969530888
10680343,10,1,0.29788410663604736,5,5,1.2110507720253505
10675936,8,7,0.06065956503152847,7,9,2.8024779473453587
10680457,9,3,0.16155311465263367,6,4,1.8229213070916415
10680494,9,3,0.18075336515903473,2,1,1.7106218003625755
10680327,7,1,0.311307430267334,3,3,1.1669743333088736
10680344,10,1,0.30663982033729553,1,1,1.1820814438176026
10680458,10,4,0.1425510197877884,8,9,1.9480553097536513
10675938,10,1,0.24055585265159607,2,2,1.424802980841252
10680490,10,1,0.4063566029071808,5,5,0.9005241726047886
10680450,10,3,0.21400949358940125,6,2,1.5417349023769795
10680341,9,4,0.12192402780056,3,8,2.1043571511675756
10675939,12,5,0.08869445323944092,7,10,2.4225579255628458
10680491,9,1,0.37483513355255127,8,8,0.9812689935432863
10680331,11,1,0.303725004196167,6,6,1.1916325784256527
10680337,7,3,0.16587957739830017,6,1,1.7964931912422382
10675937,14,1,0.15412792563438416,12,12,1.8699723354595623
10680487,14,3,0.15108048915863037,4,1,1.8899425433973562
10680456,11,1,0.14947809278964996,4,4,1.9006054334130018
10680328,10,1,0.31007978320121765,4,4,1.1709256494504598
10680339,9,4,0.09156474471092224,4,8,2.3907089644570854
10680453,10,8,0.040530528873205185,10,6,3.205699789495273
10680488,10,2,0.19841910898685455,7,8,1.6173737733114644
10680329,12,4,0.12290481477975845,10,2,2.096345086775908
10680338,11,3,0.1038355827331543,8,7,2.2649465660957118
10680454,9,2,0.15517473220825195,1,8,1.8632034924241903
10680489,12,2,0.1718665510416031,2,9,1.761036969345702
10680330,11,1,0.227562814950943,3,3,1.4803289690279182
10680451,10,4,0.10092605650424957,2,5,2.293367144086385
10680342,12,2,0.17200101912021637,6,2,1.7602548770687003
10680492,13,1,0.2474823147058487,16,16,1.3964161552604193
10680455,10,1,0.22543351352214813,2,2,1.4897300037698873
10680326,9,2,0.18019042909145355,3,8,1.7137410479184647
10680345,12,6,0.08530639857053757,15,10,2.46150581474754
10676142,12,2,0.23864154517650604,7,1,1.432792663869913
10676143,12,3,0.13509497046470642,1,2,2.001777262949487
10676144,11,1,0.26639771461486816,1,1,1.3227649191257183
10676140,12,1,0.29944175481796265,9,9,1.205835355070639
10676141,14,1,0.2172715961933136,5,5,1.5266071126733343
10680308,9,2,0.19905710220336914,9,7,1.6141635496731277
10680284,7,2,0.23299738764762878,4,7,1.4567280372920413
10680309,10,7,0.07503626495599747,6,3,2.589783749563482
10680289,6,5,0.1118306890130043,1,6,2.1907692567072936
10680303,7,5,0.11347685754299164,3,1,2.1761563611503973
10680285,5,1,0.31740960478782654,1,1,1.1475622105164665
10684300,9,3,0.1329437494277954,11,8,2.017829176856424
10680304,10,2,0.13027508556842804,2,10,2.0381070213578436
10680414,8,1,0.26072943210601807,2,2,1.3442720679592408
10680286,7,6,0.09145559370517731,2,6,2.391901739201471
10684304,6,1,0.3026506304740906,8,8,1.1951761734677222
10680466,10,2,0.1770387440919876,6,2,1.7313866771868522
10684273,8,2,0.24155284464359283,1,2,1.4206670114267936
10680355,7,2,0.21078291535377502,5,1,1.556926512308239
10680305,11,5,0.10476527363061905,9,10,2.2560329204930087
10680501,10,1,0.22420881688594818,3,3,1.4951774431318279
10680411,9,2,0.2309523969888687,8,4,1.4655436633376948
10680464,12,1,0.259573757648468,4,4,1.3487143869026261
10684305,9,1,0.6638179421424866,4,4,0.4097473506212283
10680290,6,6,0.12876403331756592,2,4,2.049773748736705
10684275,10,4,0.09969359636306763,4,2,2.305653833133612
10680357,12,2,0.25163277983665466,12,5,1.3797844771229777
10680302,7,1,0.30282676219940186,2,2,1.194594378895668
10680499,5,2,0.2751782238483429,4,1,1.2903363045118263
10680408,10,3,0.12501020729541779,3,11,2.0793598866503564
10684230,7,1,0.42965787649154663,5,5,0.8447660230470637
10680465,10,2,0.2026827335357666,1,5,1.5961134115117221
10684298,9,1,0.28600725531578064,1,1,1.2517381002470576
10680287,12,4,0.0897052064538002,1,2,2.4112264686386014
10684277,8,2,0.21625101566314697,1,7,1.5313154364729837
10680358,7,7,0.07811082899570465,3,6,2.5496265762335
10680306,9,1,0.1658296287059784,2,2,1.7967943507625657
10684221,11,3,0.1308126449584961,1,4,2.03398917063705
10680506,10,2,0.13327732682228088,1,5,2.0153231576203816
10684231,8,1,0.5538082122802734,5,5,0.5909368393912051
10680470,8,3,0.16293452680110931,1,2,1.8144068349356293
10680444,7,1,0.3802591562271118,1,1,0.9669022686399079
10684301,11,6,0.06103568896651268,7,9,2.7962965208678425
10680291,10,1,0.24155940115451813,3,3,1.4206398686210264
10684276,8,1,0.27614498138427734,4,4,1.286829256313471
10680351,8,4,0.10542625188827515,2,5,2.2497436047387254
10680307,13,7,0.033279165625572205,1,11,3.4028237346904096
10684222,10,3,0.13168147206306458,3,5,2.027369363022116
10680503,7,5,0.09226921200752258,4,7,2.3830447575005076
10680412,9,2,0.23399478197097778,3,4,1.4524564631423937
10684232,12,1,0.32392704486846924,1,1,1.1272369587034596
10680468,12,6,0.08224096894264221,12,9,2.4981016954545834
10680445,11,4,0.15489594638347626,6,1,1.86500170114979
10684303,7,7,0.03922153636813164,5,2,3.238529285902864
10680288,14,10,0.02431839145720005,6,13,3.7165223648116954
10684270,7,7,0.047473471611738205,3,2,3.0475842163409634
10680359,11,5,0.07695026695728302,4,3,2.564595949472818
10684223,10,1,0.19286905229091644,1,1,1.645743805892023
10680504,11,2,0.19688637554645538,6,4,1.6251284905180472
10684256,6,2,0.20050019025802612,3,4,1.6069400833181273
10680413,6,2,0.17552874982357025,5,11,1.7399524328341802
10684233,7,3,0.1196327656507492,1,6,2.1233285146953285
10680467,10,7,0.07608506083488464,1,10,2.5759033430456206
10680441,10,1,0.37118589878082275,4,4,0.991052266989876
10684306,12,1,0.3815830945968628,2,2,0.963426641760245
10684271,11,4,0.1388975977897644,2,4,1.974018323901525
10680754,9,1,0.31240323185920715,10,10,1.1634605158101718
10680350,8,1,0.28762394189834595,1,1,1.2461014093874947
10684224,10,2,0.15532219409942627,2,10,1.862253647902284
10680505,12,1,0.2708387076854706,3,3,1.3062318098815016
10680814,13,8,0.05914417281746864,8,9,2.8277772087535764
10680409,12,1,0.16296795010566711,5,5,1.8142017226272342
10684234,13,8,0.0417238213121891,2,14,3.176683058792167
10680471,11,1,0.18641529977321625,8,8,1.6797782997706387
10680442,10,1,0.3586612343788147,2,2,1.0253769728271895
10684302,10,2,0.15843725204467773,9,11,1.8423966502018658
10680749,8,3,0.10483547300100327,3,4,2.2553630815335857
10684272,12,1,0.1988549679517746,1,1,1.615179524227017
10680352,11,11,0.02037694863975048,15,13,3.8933509856675457
10684225,11,5,0.11149962991476059,2,1,2.1937340072376013
10680508,11,8,0.045258745551109314,2,10,3.0953593556630796
10684253,8,7,0.0633210614323616,8,5,2.759537281122432
10680809,12,3,0.13273943960666656,8,6,2.019367173009999
10680410,13,5,0.10051279515028,16,1,2.297470244658705
10684235,12,1,0.21749648451805115,7,7,1.5255725917194203
10680469,11,2,0.22224098443984985,6,3,1.5039929703609598
10680443,11,1,0.2919260859489441,2,2,1.2312546390685755
10684299,9,4,0.12939980626106262,5,12,2.044848394126175
10680748,5,5,0.03854379802942276,3,6,3.2559600731237976
10684274,10,5,0.11972454935312271,10,8,2.122561596777063
10680354,9,5,0.09811106324195862,9,5,2.321655143622072
10684226,11,6,0.09463490545749664,2,1,2.3577288915143493
10680500,10,8,0.03244033083319664,3,6,3.4283528514763035
10684254,7,2,0.21780303120613098,1,2,1.5241641511966013
10680415,9,2,0.16406740248203278,9,5,1.8074779448473988
10680472,11,1,0.2423170506954193,9,9,1.4175082834521986
10680446,12,6,0.08298278599977493,11,12,2.489122090288467
10680750,9,1,0.3325022757053375,8,8,1.1011085746830709
10680356,11,8,0.05134495347738266,4,6,2.9691886244111156
10684255,10,2,0.17705382406711578,4,12,1.731301501859871
10680815,13,4,0.10669299960136414,2,3,2.2377997310613815
10680752,10,2,0.228720560669899,7,4,1.4752542796336465
10684249,10,4,0.15278655290603638,2,1,1.8787134106639907
10680811,12,3,0.1309984177350998,9,8,2.0325700342119464
10680751,12,3,0.1414741426706314,6,2,1.9556383159073667
10684250,9,2,0.17625950276851654,1,6,1.7357979223260818
10680816,16,7,0.049546074122190475,13,10,3.0048522519769296
10680753,13,9,0.03268326073884964,5,9,3.420892236157233
10684251,9,4,0.12925957143306732,4,3,2.045932714694681
10680812,15,3,0.16844801604747772,10,9,1.7811280868927426
10680250,10,1,0.21067465841770172,4,4,1.5574402386958581
10680265,6,1,0.2728444039821625,1,1,1.2988535950630136
10680377,7,1,0.5033089518547058,5,5,0.6865510790382958
10680246,8,4,0.14132815599441528,8,3,1.9566707452042476
10680260,6,3,0.14202840626239777,2,6,1.9517281972856368
10680378,9,1,0.2917969524860382,7,7,1.2316970867929575
10680247,8,3,0.1651025265455246,1,3,1.8011886250506473
10684193,12,2,0.044337909668684006,1,12,3.115915219146476
10680261,7,1,0.24084638059139252,1,1,1.4235959736651074
10694904,8,4,0.09853731095790863,4,6,2.317320011076615
10684334,11,3,0.14603272080421448,1,4,1.923924567286478
10680523,7,1,0.2998250722885132,5,5,1.2045560667620276
10680382,10,6,0.1070849671959877,3,9,2.2341326736958536
10680248,7,3,0.16228953003883362,5,6,1.8183733164695344
10684177,10,3,0.1348171979188919,7,10,2.0038355076410124
10684197,9,6,0.0948900356888771,3,6,2.3550365768886565
10680262,5,2,0.3741246163845062,5,1,0.9831663381769732
10680524,5,3,0.11067613214254379,4,5,2.2011470709828322
10680381,9,2,0.21641182899475098,8,2,1.5305720708662767
10680244,9,1,0.14928364753723145,4,4,1.9019071079825818
10684178,11,7,0.015897834673523903,3,11,4.141572363084942
10684366,10,4,0.14592096209526062,6,10,1.924690159371515
10694905,6,1,0.3226079046726227,1,1,1.1313176105762732
10684191,10,3,0.11704294383525848,8,2,2.1452143702005753
10680263,5,4,0.18439486622810364,1,4,1.6906758086587805
10694906,6,2,0.2769724130630493,3,9,1.283837369584541
10684337,13,1,0.31341275572776794,4,4,1.1602342487788226
10680525,6,1,0.3776831328868866,3,3,0.9736997076956708
10684212,10,2,0.2527044713497162,8,11,1.3755345704441106
10680383,10,3,0.13194681704044342,1,5,2.0253563387910276
10684179,12,1,0.29845279455184937,4,4,1.209143500860137
10680249,8,2,0.15121974050998688,1,6,1.8890212648302949
10684369,4,2,0.24058370292186737,2,1,1.4246872128900212
10680264,8,7,0.08063216507434845,3,2,2.517857638675623
10684192,9,2,0.2309819906949997,2,1,1.4654155338588748
10680527,5,2,0.3192986249923706,3,1,1.1416284855895875
10694914,4,1,0.3632083535194397,4,4,1.0127786327412966
10684335,13,3,0.13264422118663788,2,1,2.020084763714943
10684213,10,6,0.07229367643594742,8,4,2.627018616492483
10680251,12,1,0.3763236105442047,1,1,0.977305839412173
10680379,12,2,0.12874308228492737,9,5,2.049936470707597
10684370,10,1,0.26540932059288025,8,8,1.326482038661954
10684194,12,1,0.6483482718467712,4,4,0.4333272704542476
10680526,6,6,0.06741911917924881,3,5,2.6968266339419458
10694915,8,3,0.15465445816516876,10,8,1.8665619528163915
10684338,9,2,0.19444799423217773,10,1,1.6375905335162366
10684207,9,1,0.26199063658714294,1,1,1.3394465140766771
10680384,12,2,0.22030779719352722,6,2,1.512729632275313
10684181,12,1,0.41899096965789795,2,2,0.8699059114213716
10684463,6,1,0.5092559456825256,4,4,0.674804548572685
10680528,5,1,0.3692016303539276,1,1,0.9964123604533103
10684195,9,2,0.18440991640090942,3,2,1.690594192727952
10694916,6,5,0.14591312408447266,12,9,1.9247438748979804
10684332,11,4,0.1502646654844284,6,3,1.895357103112601
10684208,11,5,0.09101123362779617,8,3,2.3967723336248756
10680380,10,1,0.31638604402542114,1,1,1.1507921527042433
10680817,10,1,0.3616983890533447,1,1,1.016944593853896
10684175,11,1,0.23606379330158234,10,10,1.4436531998839297
10680521,6,4,0.17247241735458374,2,4,1.757517954689711
10684364,7,5,0.14418025314807892,8,10,1.9366910042291983
10684464,8,1,0.25144273042678833,8,8,1.380540027393384
10684196,12,2,0.1471298635005951,4,5,1.9164396570196356
10694903,6,1,0.3244175314903259,7,7,1.1257239153826257
10684336,10,1,0.38928696513175964,9,9,0.9434385077627663
10684209,9,8,0.07549403607845306,2,7,2.583701618185587
10680818,8,2,0.23022422194480896,3,5,1.4687015669229995
10684176,10,9,0.047664858400821686,4,12,3.043560873757012
10680522,5,4,0.12402026355266571,2,5,2.087310310980695
10684365,5,2,0.25668591260910034,4,1,1.359902071422391
10684465,10,2,0.1756025105714798,1,2,1.7395323007792243
