race_id,field_size,winner_rank,winner_probability,predicted_runner_number,winner_runner_number,race_logloss
10146908,7,3,0.1367260217666626,1,4,1.9897761966255507
10146774,13,4,0.11000008881092072,4,8,2.20727410581804
10147275,7,2,0.18927258253097534,1,8,1.6645670673317605
10146842,8,5,0.11958474665880203,4,5,2.123729981896693
10146777,12,2,0.23505136370658875,2,1,1.4479512197564868
10147277,7,4,0.09416995197534561,8,7,2.362654129438573
10146901,6,1,0.3863182067871094,2,2,0.9510938792087653
10150557,6,4,0.17489126324653625,5,7,1.7435908510552587
10146843,11,3,0.15127705037593842,4,2,1.8886423526013791
10150516,8,5,0.09517565369606018,3,7,2.3520311083782435
10147270,6,4,0.15790997445583344,6,2,1.8457301902676828
10150498,6,2,0.20908360183238983,2,7,1.5650210982320893
10146907,8,3,0.20012056827545166,2,3,1.6088352526927103
10150774,10,3,0.16143368184566498,3,10,1.8236608593811285
10150558,12,4,0.08932747691869736,4,6,2.41544614616859
10146836,7,1,0.2785261273384094,6,6,1.278243409514531
10150518,13,1,0.34445714950561523,2,2,1.0657855808639145
10146780,11,9,0.031020646914839745,4,17,3.473102266685253
10147276,11,1,0.2650410830974579,12,12,1.3278704344554648
10150501,5,1,0.4201938211917877,3,3,0.8670391951253558
10146904,9,2,0.2147258222103119,5,4,1.5383933102054443
10150775,7,3,0.14582543075084686,6,1,1.925345052457912
10150562,9,1,0.19157017767429352,3,3,1.652501074441479
10150914,5,1,0.3962610065937042,2,2,0.9256821772837884
10146837,10,2,0.20515432953834534,12,7,1.5839927560595275
10150512,13,6,0.07639255374670029,14,5,2.5718700516080166
10146772,9,8,0.028117287904024124,10,15,3.5713706639163214
10147273,7,7,0.05417703837156296,8,10,2.915498106581101
10146905,10,3,0.1513265073299408,2,1,1.8883154763754835
10150776,4,1,0.3576405346393585,4,4,1.028226890206847
10150561,8,4,0.15479962527751923,7,5,1.8656237385173005
10150915,5,5,0.11202060431241989,6,2,2.189072457531732
10146835,6,1,0.32756567001342773,4,4,1.1160667248831329
10146775,9,2,0.20567463338375092,1,2,1.5814598084314622
10147456,6,1,0.2964145541191101,6,6,1.2159962837997578
10147271,9,1,0.2459060251712799,2,2,1.402805827533617
10150499,7,1,0.27137207984924316,2,2,1.3042644114155308
10146974,8,4,0.06623707711696625,5,3,2.714514895528362
10146903,8,2,0.20963628590106964,6,2,1.562381221761734
10150777,8,1,0.26730504631996155,4,4,1.31936477715291
10150559,10,7,0.0388731025159359,7,2,3.247452719553442
10150918,10,1,0.2968517243862152,4,4,1.2145225093343197
10146839,9,2,0.162831112742424,3,2,1.8150417334614777
10150514,14,1,0.24631595611572266,11,11,1.4011401926989238
10146779,6,2,0.22231611609458923,5,3,1.503654963588087
10147455,10,3,0.12573860585689545,6,3,2.073550083595485
10147272,9,2,0.14880214631557465,4,1,1.9051377325233647
10150500,6,3,0.20416128635406494,5,1,1.588844978130118
10146975,8,2,0.24551387131214142,2,1,1.4044018310539743
10146900,8,1,0.23040324449539185,4,4,1.4679242682483022
10150773,8,4,0.12506860494613647,1,5,2.078892852668095
10150563,9,5,0.11394131928682327,4,2,2.1720717062113915
10150916,8,4,0.1331639438867569,4,9,2.0161742490602803
10146841,13,6,0.05627405270934105,15,4,2.877521725572407
10150515,9,1,0.4032555818557739,5,5,0.9081847199008317
10146773,10,1,0.2510945200920105,7,7,1.3819258366648186
10147458,12,1,0.24398447573184967,10,10,1.4106506797628273
10147269,10,7,0.07874869555234909,6,9,2.5414935658282007
10150496,9,3,0.2203424870967865,7,1,1.5125721835929105
10146906,11,1,0.35012510418891907,2,2,1.04946474782556
10150560,6,1,0.348238468170166,2,2,1.0548677805239985
10150920,6,2,0.20710475742816925,4,8,1.574530539197078
10146840,14,3,0.10647336393594742,14,4,2.239860429001668
10150517,14,1,0.16737578809261322,14,14,1.7875137664375198
10146776,10,1,0.20392560958862305,4,4,1.5900000105214367
10150544,10,5,0.09674673527479172,7,9,2.3356586915713864
10150497,7,1,0.3358454406261444,5,5,1.0911042229870067
10147460,11,1,0.2112206518650055,1,1,1.5548519484787902
10146978,9,3,0.16850289702415466,8,5,1.7808023363158296
10147274,9,4,0.13878215849399567,7,2,1.9748497802810907
10146902,10,6,0.07277153432369232,1,10,2.62043041228183
10150556,9,1,0.20312556624412537,7,7,1.5939309382386342
10150917,10,1,0.2103562206029892,4,4,1.5589528967515913
10146838,14,3,0.12834951281547546,1,3,2.0529981674222855
10146771,10,8,0.04320851340889931,7,8,3.1417177334972983
10150545,7,6,0.14264394342899323,1,2,1.947403659784486
10146979,5,1,0.32339364290237427,3,3,1.128884989106006
10147457,10,2,0.24819882214069366,5,6,1.3935251518284761
10147278,12,3,0.16948755085468292,15,8,1.774975801143999
10150919,5,1,0.40922310948371887,9,9,0.8934947717101597
10150543,10,2,0.19449403882026672,1,2,1.637353765132307
10146977,7,5,0.10449585318565369,4,2,2.258607890798576
10147459,12,4,0.09901729226112366,1,4,2.3124607747961745
10150539,10,4,0.12065883725881577,4,15,2.1147882425250217
10147452,14,1,0.23485365509986877,9,9,1.4487927030795995
10150540,7,7,0.08409155160188675,3,4,2.4758491736261865
10147454,16,1,0.23499871790409088,3,3,1.4481752205801335
10150541,10,4,0.13630923628807068,9,3,1.9928291781729808
10147453,12,3,0.14773951470851898,12,4,1.9123045916539703
10150542,5,2,0.2112663984298706,3,8,1.5546353900540433
10168663,8,2,0.1742994487285614,8,6,1.746980489234764
10168658,10,2,0.1713237315416336,8,9,1.764200345351266
10168659,14,1,0.2724775969982147,3,3,1.300198881109088
10168666,11,8,0.07225572317838669,9,10,2.6275437415851384
10168661,14,11,0.04402187839150429,1,15,3.123068532474264
10172223,5,3,0.21654435992240906,2,1,1.5299598568123374
10172322,7,1,0.3616594672203064,3,3,1.0170522081771203
10172358,11,4,0.12252583354711533,9,5,2.0994333851318023
10168664,8,6,0.07233273983001709,2,5,2.6264784192584205
10172222,9,3,0.154966339468956,6,2,1.8645473503629748
10172325,11,4,0.11692363023757935,9,10,2.1462342903194624
10172357,14,3,0.11952060461044312,6,7,2.124266498955446
10172216,7,5,0.14060325920581818,4,6,1.961813119178521
10168665,10,3,0.11962805688381195,4,8,2.1233678756478485
10172324,11,1,0.3176015019416809,4,4,1.146957820584819
10172337,6,5,0.11273420602083206,4,2,2.182722390049271
10172224,4,1,0.45270034670829773,3,3,0.7925248586728396
10168660,13,1,0.13397370278835297,2,2,2.0101117461384668
10172320,14,2,0.2731960117816925,11,14,1.2975657495557
10172353,13,9,0.022453995421528816,7,14,3.7962867108500498
10172338,5,1,0.3001477122306824,3,3,1.2034805514000153
10172218,8,2,0.21289348602294922,6,2,1.5469633039671795
10172326,12,8,0.021067490801215172,3,9,3.8600241469517678
10172356,8,1,0.296394020318985,8,8,1.2160655601261092
10172340,8,1,0.21507398784160614,3,3,1.5367731805576057
10172219,8,1,0.3402132987976074,3,3,1.0781825086685775
10172321,11,1,0.2706073522567749,11,11,1.3070863934121324
10172361,10,7,0.08315036445856094,2,3,2.4871046902071545
10172339,11,1,0.23442277312278748,1,1,1.4506290710378196
10172217,7,3,0.12821492552757263,1,6,2.054047317500271
10172323,11,11,0.02446819096803665,11,7,3.7103813328245003
10172355,10,2,0.16813203692436218,5,8,1.7830056741897513
10172343,13,1,0.18230029940605164,6,6,1.702099954917894
10172220,9,3,0.12832069396972656,3,4,2.0532227267603633
10172327,12,3,0.14270775020122528,5,10,1.9469564448233005
10169065,6,5,0.056924812495708466,2,6,2.8660239609207894
10172359,8,1,0.2602660059928894,4,4,1.3460510710040374
10172342,7,1,0.41982343792915344,5,5,0.8679210419746083
10172221,11,6,0.08088071644306183,1,4,2.5147798462099717
10172293,7,4,0.10951710492372513,8,3,2.2116745325759037
10169066,7,1,0.22248809039592743,2,2,1.5028817051188648
10168822,9,2,0.18424466252326965,3,10,1.6914907169983986
10172281,5,1,0.369871586561203,5,5,0.9945993969323893
10172344,12,1,0.3401835560798645,9,9,1.0782699362266228
10172294,7,6,0.11730800569057465,1,6,2.1429522759450936
10169067,7,3,0.15546606481075287,4,6,1.8613278039073524
10172283,5,1,0.31020957231521606,2,2,1.1705071701883598
10172341,12,9,0.04002484306693077,11,13,3.2182549409832286
10172295,9,1,0.252231627702713,1,1,1.3774074560868945
10169068,8,2,0.22524020075798035,1,2,1.4905878872891536
10168820,14,2,0.11772023886442184,9,3,2.1394443265293734
10172282,8,4,0.1418938934803009,1,10,1.95267572970759
10172296,6,1,0.22969533503055573,9,9,1.4710014784591143
10169069,8,1,0.2592865526676178,2,2,1.3498214479148978
10172285,6,4,0.15570847690105438,1,2,1.8597697578152392
10172297,8,4,0.1346895694732666,10,9,2.004782633803379
10169063,9,1,0.2976430356502533,5,5,1.21186037743825
10168821,7,1,0.46409285068511963,1,1,0.7676706375398925
10172284,7,5,0.11716914176940918,5,2,2.144136731990423
10172291,7,5,0.08099579811096191,1,7,2.513358000828571
10169064,11,2,0.1592739224433899,2,1,1.837129776386932
10168823,10,2,0.2039375752210617,1,5,1.5899413357849674
10172286,6,4,0.12703627347946167,1,4,2.0632826153560697
10172292,7,6,0.04468705505132675,11,1,3.108071415470868
10168825,11,5,0.08256786316633224,1,4,2.494134739943836
10172280,7,3,0.1640266478061676,8,6,1.807726377734487
10168818,10,6,0.062361590564250946,1,6,2.77480572895602
10172151,5,4,0.20437048375606537,6,5,1.5878208354044294
10172117,9,4,0.11202862113714218,1,10,2.1890008944659853
10172152,7,1,0.39893555641174316,7,7,0.9189553878893862
10172155,8,2,0.1831343024969101,7,4,1.6975355018830722
10172121,15,4,0.0966111347079277,3,11,2.3370612782786786
10172156,9,5,0.13604889810085297,2,7,1.9947409130076361
10172119,12,1,0.24767425656318665,8,8,1.3956408777902647
10172306,9,7,0.0821959525346756,4,11,2.498649217369817
10172475,7,2,0.19951146841049194,4,1,1.6118835585375855
10172318,8,1,0.3255506455898285,6,6,1.1222372362269626
10172149,11,2,0.21238337457180023,5,4,1.5493622668220006
10172298,7,1,0.27308860421180725,3,3,1.297958978902179
10172118,12,3,0.17427894473075867,2,1,1.7470981327732686
10172234,6,4,0.17254304885864258,2,1,1.7571085150444639
10172478,5,3,0.18638339638710022,2,1,1.6799494558745764
10172316,13,2,0.17525741457939148,15,11,1.741499445378161
10172374,7,1,0.2963033616542816,6,6,1.2163714790255942
10172153,8,2,0.1583065390586853,1,9,1.8432220049338865
10176190,8,4,0.12376293540000916,2,7,2.0893873545111363
10172303,7,4,0.1771078109741211,4,3,1.7309966302866573
10172116,11,9,0.07384748756885529,5,8,2.605753291316638
10172232,8,4,0.14623317122459412,1,9,1.9225528680408486
10172480,5,3,0.1912398487329483,2,5,1.654226886204738
10176065,10,7,0.04352884739637375,8,3,3.1343314021426276
10172365,7,2,0.18997465074062347,1,4,1.6608646328771244
10172150,9,4,0.1356174200773239,1,4,1.9979174450800434
10176191,6,1,0.43292731046676636,2,2,0.837185439282801
10168710,4,1,0.5306189060211182,1,1,0.6337112065127568
10172305,13,2,0.11926693469285965,3,4,2.1263911492931364
10176082,5,1,0.46946650743484497,6,6,0.7561583195453974
10172122,18,8,0.05991083383560181,2,6,2.814897924845924
10176202,15,4,0.10684973746538162,2,15,2.2363317542590107
10172236,9,5,0.06343360245227814,2,8,2.757761550809405
10172473,6,1,0.30339765548706055,3,3,1.1927109395627549
10176060,9,2,0.27718105912208557,6,5,1.2830843432863464
10176045,6,4,0.13809967041015625,4,3,1.9797796051725174
10172154,12,3,0.13194595277309418,1,3,2.0253628889314492
10176195,5,1,0.41162747144699097,8,8,0.8876365341809709
10168711,4,1,0.32373252511024475,1,1,1.1278376439186253
10172304,9,1,0.2470732480287552,1,1,1.3980704355929294
10176084,8,1,0.2977955639362335,2,2,1.2113480549605926
10172115,17,1,0.20647339522838593,1,1,1.577583711547618
10176199,9,3,0.16447018086910248,1,6,1.8050259965207875
10172474,5,3,0.2802390158176422,3,4,1.2721124120258416
10176061,10,1,0.19211553037166595,3,3,1.6496583672298988
10172314,9,1,0.18899005651474,2,2,1.6660608763396254
10176041,7,1,0.4157477915287018,5,5,0.8776764729407631
10172366,12,3,0.16843493282794952,1,11,1.781205759090629
10176192,6,3,0.23349682986736298,4,3,1.4545867785505169
10168712,7,5,0.13172763586044312,3,6,2.0270188527590878
10172301,9,2,0.17975068092346191,4,9,1.716184494218688
10176083,9,3,0.14686132967472076,1,10,1.9182664729705114
10172114,12,5,0.06414002180099487,5,14,2.746686744820166
10176200,14,1,0.4331967532634735,1,1,0.8365632586583793
10172228,9,1,0.4162789285182953,1,1,0.876399742160503
10172479,4,2,0.20878340303897858,4,1,1.5664579134941548
10176062,10,3,0.13283191621303558,6,1,2.018670737885651
10172310,9,1,0.2177295684814453,3,3,1.5245014978174285
10172663,8,1,0.3134211003780365,4,4,1.1602076240195256
10176042,10,4,0.07390661537647247,6,3,2.6049529370849136
10172372,8,1,0.24898217618465424,1,1,1.3903739666672474
10176194,6,2,0.28230521082878113,7,4,1.2647664854134844
10172307,8,1,0.19175447523593903,1,1,1.6515395000973985
10176085,11,4,0.12391231209039688,3,4,2.088181124094386
10176198,10,2,0.13960818946361542,1,9,1.968915426595037
10172230,11,6,0.06925752758979797,1,10,2.669923438164554
10172476,4,2,0.24746225774288177,5,1,1.3964972025699338
10176063,10,3,0.14142858982086182,9,4,1.9559603548623254
10172312,14,3,0.1019449308514595,6,14,2.2833225051060433
10172671,9,1,0.27810078859329224,5,5,1.2797716820997362
10176043,10,2,0.20879070460796356,2,1,1.56642294212571
10172371,11,2,0.17395126819610596,4,3,1.7489800868324008
10176196,6,3,0.21015341579914093,4,10,1.5599174635629844
10168707,8,2,0.2063143402338028,3,1,1.5783543497657166
10172302,16,6,0.041119251400232315,3,12,3.1912788632482134
10176086,11,9,0.035512104630470276,7,9,3.337881665113499
10172608,8,3,0.1616336852312088,8,3,1.8224227064045264
10176204,8,3,0.14471961557865143,8,1,1.932957094209768
10172235,15,12,0.04669833928346634,14,13,3.0640466763214835
10172477,5,5,0.10307489335536957,2,3,2.2722994350210977
10176064,10,1,0.32017481327056885,2,2,1.1388881408807008
10172313,7,1,0.2287890762090683,7,7,1.4749547644577523
10172664,14,2,0.12588027119636536,1,3,2.0724240523843322
10176044,9,2,0.20224973559379578,6,12,1.5982520303680208
10172370,10,1,0.23091642558574677,12,12,1.4656994279246793
10168708,10,9,0.049149319529533386,6,9,3.0128922772552307
10176193,6,4,0.07634802907705307,3,5,2.572453061965647
10172299,13,3,0.11222081631422043,13,3,2.1872867744546114
10176080,12,5,0.09736299514770508,2,14,2.3293090671389867
10172611,5,2,0.1965397298336029,2,4,1.6268906806615877
10176203,8,3,0.1597353219985962,4,8,1.8342370710187674
10172233,11,9,0.031365424394607544,12,11,3.462049126690999
10176066,10,9,0.028545884415507317,5,8,3.556242506843666
10172319,9,5,0.09856439381837845,1,8,2.317045200052824
10172665,10,1,0.2927446663379669,6,6,1.2284544958403347
10176046,10,1,0.5271273851394653,4,4,0.6403130421175584
10172367,11,1,0.20612138509750366,8,8,1.5792900356848836
10168709,8,6,0.08024770766496658,1,10,2.522637082302532
10176189,7,7,0.06012860685586929,1,8,2.8112695630686897
10172300,10,1,0.23182256519794464,1,1,1.4617830051097869
10176081,14,4,0.0883389264345169,1,5,2.426574425541926
10172610,7,5,0.038203831762075424,1,4,3.264819460492376
10176197,14,5,0.07123930007219315,13,10,2.6417106455360444
10172231,12,3,0.12414505332708359,13,6,2.086304612146507
10172317,11,3,0.19899246096611023,9,2,1.6144883395676948
10172667,10,1,0.198714941740036,7,7,1.61588393476773
10172373,11,4,0.14428363740444183,15,7,1.9359742125323838
10176096,9,2,0.2885654866695404,4,2,1.2428332286033097
10172612,10,3,0.12353367358446121,2,1,2.091241499476327
10176201,11,10,0.036213092505931854,8,13,3.318334554103178
10172666,10,1,0.24568641185760498,5,5,1.4036993047791664
10172368,10,3,0.12377244979143143,13,3,2.0893104815305756
10176097,9,2,0.16463494300842285,2,1,1.8040247228174533
10172606,9,2,0.18608789145946503,7,1,1.6815361821500059
10172669,12,6,0.05607093125581741,1,7,2.8811377601773214
10176099,10,1,0.32818642258644104,9,9,1.114173470510214
10172609,9,4,0.13316906988620758,3,2,2.016135755901819
10172668,15,15,0.014494899660348892,12,9,4.233958438995438
10176098,8,3,0.15099842846393585,5,3,1.890485849744975
10172607,10,7,0.08381369709968567,4,10,2.479158834973658
10172670,15,5,0.0653354600071907,10,13,2.728220357819036
10176100,7,4,0.1253192275762558,9,2,2.0768909765282504
10176101,5,1,0.39962196350097656,5,5,0.9172362700020308
10176095,8,1,0.23026703298091888,1,1,1.468515630552763
10172142,5,5,0.049845654517412186,1,3,2.9988239575391686
10172139,8,2,0.18512432277202606,2,4,1.6867276646208462
10172169,11,1,0.18976986408233643,1,1,1.6619431826396371
10172145,9,2,0.18658742308616638,9,5,1.6788553932360808
10172174,4,4,0.19423092901706696,2,4,1.638707472072425
10172140,8,6,0.09163166582584381,2,7,2.389978370252732
10172171,10,7,0.061283256858587265,1,10,2.792248607791904
10172141,10,4,0.07124993205070496,6,1,2.6415614135081484
10172173,6,3,0.18763642013072968,1,2,1.6732491240947844
10176069,7,1,0.3859102129936218,5,5,0.9521505453997487
10176148,11,2,0.18156050145626068,1,9,1.70616633946631
10176340,6,1,0.4316692054271698,3,3,0.8400957122354406
10176028,5,4,0.08005159348249435,3,2,2.5250839336476636
10172144,10,1,0.3381143808364868,2,2,1.0843710359034453
10176026,7,1,0.6210381984710693,4,4,0.47636268771484164
10172168,9,2,0.15662768483161926,5,6,1.853883724130737
10176075,7,6,0.021657153964042664,5,6,3.8324194419777364
10176154,10,7,0.03466278687119484,9,4,3.362088591949141
10176336,7,2,0.19313105940818787,9,2,1.644386256245953
10172146,11,1,0.23430870473384857,6,6,1.4511157820720872
10176029,6,4,0.13855251669883728,4,5,1.9765058432849851
10176020,11,3,0.1714106947183609,7,8,1.7636928785085417
10172172,8,1,0.2419177144765854,7,7,1.4191576334703457
10176071,9,2,0.20680157840251923,6,9,1.575995503869644
10176149,9,2,0.189419686794281,8,11,1.6637901606842236
10176334,9,7,0.07515305280685425,2,9,2.5882285407625405
10172143,11,3,0.15908578038215637,2,1,1.8383117229804646
10176030,8,1,0.2970111072063446,6,6,1.2139857428775649
10176021,9,2,0.20071876049041748,3,7,1.6058505522598097
10176236,8,3,0.16207203269004822,14,3,1.8197143963407305
10172170,5,2,0.31580308079719543,1,2,1.1526364216755791
10176070,8,1,0.6207101345062256,6,6,0.476891078152363
10176150,11,5,0.10737679898738861,9,2,2.231411144569979
10176337,10,1,0.3410450518131256,13,13,1.075740693671236
10176031,9,1,0.3487122654914856,5,5,1.0535081510080972
10176022,8,4,0.10664975643157959,2,3,2.2382051178781723
10176234,11,2,0.1785225123167038,1,5,1.723040566293519
10172175,12,1,0.19079896807670593,5,5,1.656534928385585
10176073,14,3,0.11888650804758072,7,9,2.1295859548309357
10176151,10,4,0.09775006026029587,7,10,2.325341463643237
10176339,8,1,0.25190725922584534,2,2,1.3786942781513631
10176034,11,1,0.2990364730358124,9,9,1.2071897296334544
10176023,8,3,0.20096226036548615,3,9,1.6046381479277505
10176230,12,1,0.20766712725162506,1,1,1.5718188309601566
10176359,6,1,0.2507636845111847,5,5,1.3832442793074429
10176072,10,7,0.06842829287052155,9,1,2.6819689014205186
10176338,9,3,0.17715774476528168,7,1,1.7307147299399694
10176153,8,1,0.3092212378978729,10,10,1.1736982780239582
10176024,8,1,0.3204931914806366,5,5,1.1378942462772081
10176033,10,1,0.18187175691127777,4,4,1.7044534726310165
10176231,14,7,0.061700452119112015,7,11,2.785464020397286
10176364,13,2,0.24561156332492828,3,11,1.404004001875579
10176074,14,14,0.0066870879381895065,14,8,5.007576785377727
10176152,8,3,0.18140459060668945,8,3,1.7070254350794678
10176333,8,3,0.13681863248348236,7,3,1.9890990807037496
10176037,9,2,0.22251418232917786,3,1,1.5027644386019072
10176025,8,2,0.25086256861686707,2,10,1.3828500251935618
10176232,12,12,0.004686872474849224,6,17,5.362989768679434
10176076,8,6,0.10772664844989777,1,6,2.228158293207919
10176155,11,2,0.24202220141887665,10,6,1.4187258156331188
10176335,10,9,0.03124544396996498,1,3,3.465881706389674
10176032,13,4,0.10696254670619965,1,8,2.2352765365784855
10176360,15,7,0.08286305516958237,3,16,2.4905659715477078
10176367,12,1,0.3044781982898712,5,5,1.1891557927867
10176361,10,7,0.06172957271337509,5,6,2.784992164463644
10176366,13,2,0.22050471603870392,1,6,1.511836196393325
10176365,12,3,0.11277158558368683,15,4,2.1823908725043677
10176362,12,4,0.11710643768310547,1,2,2.1446720339450485
10175988,8,3,0.12550656497478485,7,5,2.0753972112223935
10179711,9,2,0.2483534812927246,2,4,1.3929022198393877
10175989,5,1,0.4373760223388672,1,1,0.8269619908546225
10179717,10,4,0.11768027395009995,1,12,2.139783874767634
10176294,6,1,0.3697315454483032,1,1,0.9949780895271404
10175990,8,3,0.14825312793254852,3,9,1.9088341422877706
10179715,8,1,0.3240097165107727,6,6,1.1269817744086956
10176293,8,2,0.2513146698474884,5,1,1.3810494603007848
10179712,9,1,0.31139740347862244,4,4,1.166685357835941
10176295,10,1,0.23498180508613586,7,7,1.4482471930008403
10175993,12,5,0.06754828244447708,2,15,2.694912641331798
10179713,10,1,0.29331138730049133,10,10,1.226520478997905
10176296,10,1,0.30600598454475403,1,1,1.184150619885201
10175991,7,5,0.13908764719963074,7,12,1.9726509891749402
10179716,14,2,0.1465432047843933,6,2,1.9204349807993162
10176290,13,4,0.10980294644832611,8,2,2.209067915582542
10175987,12,6,0.07829707115888596,6,2,2.5472450820631907
10179714,14,1,0.2774413526058197,7,7,1.2821457100925173
10176291,8,5,0.10109958052635193,7,14,2.291649302060739
10176292,14,7,0.06408655643463135,5,10,2.7475206650603785
10179522,6,1,0.28780561685562134,3,3,1.2454699681952655
10179382,6,1,0.28818199038505554,7,7,1.244163087358694
10179393,8,2,0.2833792269229889,4,2,1.2609692539075483
10179529,11,2,0.1605866402387619,6,7,1.8289216674878144
10179379,7,2,0.2539878189563751,4,2,1.3704689699782326
10179396,6,3,0.20758339762687683,2,1,1.5722221037839896
10179523,11,2,0.2184024453163147,17,6,1.521415838670795
10179549,4,2,0.26305505633354187,1,3,1.335391929041602
10179376,6,1,0.3610481917858124,4,4,1.0187438343073965
10179524,13,1,0.27909231185913086,6,6,1.2762126850065412
10179390,6,1,0.3326277732849121,1,1,1.1007312121469641
10179551,4,4,0.1500111222267151,1,6,1.897045839456621
10179526,10,6,0.027950014919042587,4,7,3.57733754560505
10179391,8,1,0.39609965682029724,10,10,0.9260894407512654
10179521,9,2,0.21077027916908264,1,5,1.5569864629140477
10179381,8,4,0.13724729418754578,1,2,1.9859709132673709
10179392,8,6,0.11896020174026489,6,8,2.1289662809652925
10179546,7,1,0.23916120827198029,1,1,1.4306174428330891
10179525,12,6,0.07842931151390076,9,2,2.5455575501474783
10179380,11,4,0.10016313940286636,5,3,2.3009550282430995
10179394,11,3,0.13081657886505127,6,1,2.0339590982582996
10179527,12,4,0.11408363282680511,13,6,2.170823478268435
10179547,6,3,0.17018762230873108,2,6,1.7708537898779442
10179378,8,5,0.12369288504123688,9,3,2.0899535190937155
10179395,8,1,0.26048579812049866,4,4,1.3452069370464614
10179550,9,4,0.13964247703552246,5,10,1.9686698581778928
10179548,8,3,0.14926260709762573,4,1,1.9020480606109529
10190307,10,6,0.04844049736857414,4,6,3.0274190926254714
10179440,12,3,0.15614531934261322,3,6,1.8569681710938464
10179438,13,1,0.3744014501571655,14,14,0.9824266611031737
10190324,9,1,0.6760430335998535,6,6,0.3914985457939511
10190314,12,2,0.19000710546970367,1,6,1.6606938103119424
10179441,7,3,0.1509379744529724,6,2,1.8908862917664553
10190323,11,1,0.700587809085846,4,4,0.355835569046927
10190272,8,4,0.09538301080465317,8,2,2.3498548001953674
10190312,14,9,0.04581776261329651,8,11,3.083083433063967
10179446,13,1,0.16209526360034943,4,4,1.8195710696658511
10190273,7,1,0.6050998568534851,3,3,0.5023617819205971
10190309,12,3,0.14983895421028137,1,5,1.8981942002467853
10179442,6,1,0.4043898582458496,3,3,0.90537587067193
10190430,7,6,0.030779173597693443,5,1,3.4809169996097618
10190325,10,3,0.16206081211566925,1,6,1.8197836307584285
10190271,10,4,0.08496793359518051,2,9,2.4654813454905966
10190310,14,3,0.1588807851076126,1,2,1.8396011371843128
10190375,6,1,0.399198055267334,4,4,0.918297606131509
10179445,7,2,0.21383556723594666,1,6,1.542547936715625
10190432,7,3,0.1440601944923401,4,6,1.9375240494431138
10190322,12,3,0.12664863467216492,9,3,2.0663386829149855
10190267,7,2,0.18336306512355804,2,3,1.696287129171189
10190306,12,2,0.2014084905385971,1,4,1.6024201419964248
10190376,10,2,0.18535147607326508,9,7,1.6855013857091745
10179443,6,4,0.18503931164741516,6,1,1.6871869810863267
10190429,10,3,0.17741623520851135,2,7,1.729256695771519
10190319,12,1,0.2046227902173996,3,3,1.5865870425310697
10190268,5,3,0.2270730435848236,7,2,1.48248353535343
10190550,4,2,0.3226277232170105,2,1,1.1312561801668617
10190308,9,4,0.11343207210302353,1,8,2.1765511048973227
10190373,9,1,0.20977461338043213,4,4,1.5617215942479281
10179439,12,1,0.3773740231990814,12,12,0.9745184793676754
10190426,8,1,0.2713676989078522,4,4,1.3042805552161607
10190320,9,1,0.21857254207134247,3,3,1.5206373192198954
10190269,7,5,0.10732471197843552,7,4,2.2318963485141956
10190551,10,2,0.38908207416534424,3,9,0.9439649700468592
10190370,9,1,0.36646196246147156,5,5,1.0038605489584198
10179444,15,6,0.06062934547662735,4,7,2.8029762543282453
10190427,10,7,0.06635957211256027,4,3,2.71266726165295
10190321,12,1,0.20965352654457092,1,1,1.562298984402279
10190270,7,5,0.11027076095342636,1,10,2.2048164744153156
10190547,12,4,0.096305251121521,6,2,2.3402324328846245
10190377,14,5,0.07779844850301743,3,9,2.5536337901172366
10179447,10,5,0.09451901167631149,5,6,2.3589542829568666
10190428,8,2,0.23636379837989807,8,7,1.4423831423177542
10190371,8,3,0.16053351759910583,9,7,1.8292525258213326
10190431,10,3,0.15656259655952454,8,3,1.8542993709556812
10190374,7,1,0.31435874104499817,5,5,1.1572204578115035
10190548,11,8,0.06183623895049095,1,4,2.7832656955937436
10190372,11,4,0.08999212086200714,2,4,2.408033158461943
10190549,13,3,0.12494464963674545,2,9,2.0798844426520295
10190553,11,1,0.24348363280296326,2,2,1.4127055551335523
10193783,6,3,0.17773079872131348,8,7,1.72748524020518
10193786,8,6,0.0986432284116745,1,8,2.316245691427306
10193784,9,5,0.04777517914772034,2,3,3.041249039041369
10193905,8,1,0.26814913749694824,3,3,1.3162119700530681
10193787,8,3,0.18068867921829224,2,3,1.7109797329409202
10193907,7,5,0.08347371220588684,6,3,2.483223520574364
10193788,7,5,0.11095567047595978,6,3,2.1986245225187186
10193906,8,1,0.3639116585254669,5,5,1.010844137159531
10193789,12,4,0.08824817836284637,5,15,2.427602225162553
10193908,12,2,0.2173113375902176,6,5,1.5264242182523833
10193785,7,6,0.04312583804130554,2,8,3.143632970977561
10190900,9,5,0.06539920717477798,7,2,2.7272451433022815
10193903,12,1,0.23022454977035522,3,3,1.4687001429837192
10193790,8,2,0.24614301323890686,10,2,1.4018425573412088
10193917,5,5,0.09550792723894119,1,3,2.3485460272028
10190898,12,4,0.12564654648303986,7,5,2.074282500582837
10193904,10,4,0.15141284465789795,4,3,1.887745102357498
10193918,8,3,0.20014768838882446,8,2,1.6086997430040815
10190901,11,1,0.26017189025878906,8,8,1.346412750027814
10190899,12,2,0.21602298319339752,12,4,1.5323704732853047
10193923,12,2,0.1794455498456955,5,3,1.7178834605497622
10190895,8,1,0.3966995179653168,8,8,0.9245761665739678
10193921,9,1,0.23080213367938995,7,7,1.4661944996795298
10190896,11,1,0.2884751558303833,3,3,1.2431463117147648
10193916,9,1,0.2257986068725586,9,9,1.48811179702627
10190897,13,1,0.19807548820972443,6,6,1.6191070673618158
10193919,10,1,0.14312829077243805,1,1,1.9440139126414413
10193922,11,1,0.2805480659008026,1,1,1.2710102107643548
10193739,9,2,0.1959078013896942,8,2,1.6301111314979018
10193737,6,3,0.1727154701948166,1,4,1.7561097194116693
10197707,10,1,0.37068697810173035,9,9,0.9923972973039795
10190345,6,2,0.2976863980293274,4,3,1.2117147021979624
10197617,6,1,0.27458280324935913,6,6,1.2925024123384858
10197730,12,1,0.42587798833847046,5,5,0.8536023860876257
10193736,11,1,0.3139627277851105,7,7,1.1584810014407474
10197715,8,3,0.1765369325876236,3,1,1.7342251747102333
10190342,7,3,0.19964079558849335,7,6,1.6112355492729942
10197618,8,8,0.04261006414890289,1,2,3.15566480598206
10197725,9,6,0.1082361564040184,11,1,2.2234398056907994
10197712,6,3,0.208984836935997,2,3,1.565493580194713
10190346,10,2,0.2561321556568146,12,10,1.3620617346705752
10197727,9,1,0.35285890102386475,3,3,1.041687015769115
10193738,13,4,0.1091175228357315,1,4,2.215329786430115
10197709,7,1,0.28282395005226135,1,1,1.262930659534806
10197622,8,1,0.25001776218414307,5,5,1.3862233149071603
10197723,12,3,0.14417468011379242,11,10,1.9367296582187392
10193743,10,1,0.23876319825649261,5,5,1.43228302049375
10197710,15,3,0.18683013319969177,6,3,1.6775554535646955
10190340,9,2,0.24310895800590515,7,4,1.4142455492813586
10197616,7,1,0.3097043037414551,9,9,1.1721372956143719
10197724,12,1,0.24381624162197113,8,8,1.4113404455239822
10193741,9,1,0.32340577244758606,1,1,1.128847482748006
10197708,9,3,0.1523207426071167,5,7,1.881766832641639
10190344,10,4,0.12823617458343506,3,2,2.0538816012611765
10197621,11,4,0.12141775339841843,1,2,2.108518172181891
10197728,9,6,0.08393770456314087,2,9,2.477680367612854
10193742,8,4,0.12545229494571686,2,5,2.075829712628649
10197716,15,2,0.16329027712345123,13,1,1.81222582074491
10190347,10,2,0.16424806416034698,3,2,1.8063774076208323
10197623,10,2,0.17682835459709167,9,2,1.7325757649571762
10197729,13,3,0.09023453295230865,5,6,2.405343076486203
10197713,10,1,0.22625122964382172,5,5,1.4861092615270508
10190343,14,6,0.0638032853603363,14,2,2.7519505952810808
10197619,9,6,0.07336791604757309,5,15,2.612268549991045
10197726,12,11,0.02714119851589203,3,8,3.606702465053333
10197711,16,1,0.2282358556985855,13,13,1.4773757298890215
10190341,10,8,0.06516331434249878,9,3,2.7308586318626245
10197633,9,1,0.40585651993751526,4,4,0.9017555810092883
10197593,6,1,0.26758721470832825,3,3,1.3183097294915425
10197714,14,1,0.3367670178413391,5,5,1.088363929433755
10197634,9,4,0.09593451023101807,5,2,2.344089505401992
10197589,7,1,0.27479833364486694,7,7,1.2917177825356363
10197636,7,2,0.19930535554885864,1,7,1.6129171803288505
10197595,6,2,0.19223622977733612,2,10,1.6490302998075403
10197635,10,2,0.21032550930976868,3,4,1.5590989040111958
10197590,7,3,0.17037372291088104,3,8,1.7697608847477169
10197637,9,1,0.3220691382884979,8,8,1.1329890413040637
10197591,7,1,0.26819148659706116,1,1,1.3160540513786345
10197638,8,7,0.06441166996955872,4,8,2.742460451581073
10197594,9,1,0.28442996740341187,14,14,1.257268215987366
10197632,8,3,0.13525602221488953,2,3,2.000585835704202
10197483,12,6,0.052726052701473236,5,7,2.942645586928075
10197515,7,6,0.12777496874332428,3,7,2.0574846189506037
10197479,12,2,0.2128782719373703,8,5,1.547034769889007
10197480,7,2,0.21078358590602875,6,7,1.5569233310675488
10197481,9,3,0.14127770066261292,1,3,1.9570278172970577
10197517,11,1,0.1877184808254242,4,4,1.6728118808575556
10197674,8,2,0.20258410274982452,5,6,1.5966001564365888
10197475,14,5,0.08732102811336517,7,12,2.4381639732816964
10197575,6,3,0.15503504872322083,2,4,1.8641040668293711
10197605,13,2,0.17219461500644684,5,10,1.759129959217043
10197523,13,6,0.04947277903556824,6,9,3.0063326791414817
10197579,12,1,0.3582645654678345,8,8,1.0264835558279481
10197482,9,8,0.07715512812137604,4,8,2.5619372328890817
10201163,14,5,0.10074254870414734,8,6,2.295187039161883
10197610,15,2,0.11965193599462509,10,17,2.1231682842770434
10197804,7,3,0.18720506131649017,4,7,1.6755506783570742
10197676,7,1,0.26296210289001465,7,7,1.3357453526623524
10197522,15,1,0.22071580588817596,6,6,1.5108793512100795
10197578,7,1,0.23754547536373138,4,4,1.4373961986207695
10197477,9,3,0.19082820415496826,3,1,1.6563817103736256
10201160,10,3,0.12639066576957703,7,14,2.0683776467558617
10197608,13,10,0.036265842616558075,10,6,3.3168789554564584
10197800,13,1,0.26793941855430603,1,1,1.316994374194971
10201091,8,6,0.061654575169086456,6,7,2.7862078401369312
10197670,8,1,0.21995334327220917,8,8,1.5143398311564908
10197518,16,6,0.07107532769441605,1,3,2.6440150109116844
10197574,8,1,0.209916889667511,6,6,1.5610435900877493
10200941,9,4,0.12320168316364288,4,7,2.0939325659334864
10201149,5,4,0.11282438784837723,2,9,2.181922758957381
10197478,9,2,0.17803342640399933,4,5,1.7257839575336458
10201162,14,1,0.27331414818763733,1,1,1.2971334194127746
10197609,8,3,0.16332153975963593,6,2,1.8120343847057703
10197801,8,4,0.15126679837703705,1,3,1.888710124588465
10201093,9,1,0.37095192074775696,6,6,0.9916828184445015
10197673,8,2,0.19773349165916443,4,1,1.6208351566829917
10200937,6,1,0.3338788151741028,7,7,1.0969771806637902
10197520,16,7,0.06769557297229767,6,17,2.6927344930440316
10201150,5,1,0.39343664050102234,6,6,0.9328352393342036
10197577,9,3,0.15788471698760986,2,4,1.8458901515904143
10197476,10,9,0.04673176631331444,7,13,3.063331124710772
10201164,9,1,0.26741093397140503,1,1,1.3189687252048463
10197612,10,7,0.033402156084775925,4,9,3.3991348276465607
10198043,10,3,0.17167101800441742,3,8,1.7621753197092074
10197805,10,1,0.24189212918281555,2,2,1.419263399378704
10201087,7,2,0.1452183723449707,3,2,1.9295166532944001
10197672,11,3,0.12652593851089478,8,6,2.067307944316976
10200939,7,2,0.23739133775234222,6,7,1.438045285457351
10197524,16,11,0.03350294381380081,1,10,3.396121968973071
10201153,8,1,0.24484631419181824,10,10,1.407124554278466
10197570,8,7,0.0795876756310463,2,3,2.5308960268747085
10197778,5,2,0.23905493319034576,3,5,1.4310619074764577
10201159,10,2,0.21902982890605927,5,3,1.518547353390203
10197611,10,4,0.12467653304338455,1,4,2.082032631308048
10198035,8,1,0.3505815267562866,2,2,1.0481619982531647
10197798,11,1,0.22478216886520386,3,3,1.4926234841032429
10201088,10,1,0.2988061308860779,6,6,1.2079603075736058
10197667,10,3,0.12319862097501755,2,5,2.0939574213299617
10200936,13,8,0.03836642578244209,5,12,3.2605725304188677
10201151,6,3,0.21292559802532196,1,7,1.5468124793393665
10197571,7,4,0.16325396299362183,4,6,1.8124482355084721
10197781,12,5,0.08797304332256317,6,8,2.4307248373112507
10201157,11,7,0.06858062744140625,8,9,2.679745182945671
10197606,8,2,0.21623723208904266,3,1,1.5313791772760257
10197802,10,8,0.04792318493127823,6,9,3.0381558638760686
10201092,9,2,0.1956440508365631,2,1,1.6314583379612246
10197671,10,2,0.16855965554714203,4,1,1.7804655529912456
10197969,8,2,0.2820598781108856,2,1,1.2656358968570938
10200935,11,3,0.1881716251373291,14,7,1.6704008329250186
10201152,7,5,0.08003391325473785,1,7,2.5253048184509006
10197779,9,1,0.2242608219385147,9,9,1.4949455208419
10197572,9,1,0.24589695036411285,9,9,1.402842731772182
10201161,11,5,0.09728490561246872,8,10,2.3301114342759646
10197604,9,1,0.3247542083263397,8,8,1.1246866648507574
10198042,7,1,0.35768163204193115,2,2,1.0281119842119482
10197803,11,3,0.10362568497657776,11,1,2.266970055400609
10201089,13,4,0.1327705681324005,10,13,2.0191326920113983
10197678,15,12,0.026823369786143303,3,2,3.618481764496858
10200938,15,2,0.1526794582605362,5,2,1.879414599313288
10197965,10,6,0.08619240671396255,9,5,2.4511731943577355
10201154,8,1,0.2935348153114319,6,6,1.2257590255856083
10197573,12,3,0.1482498198747635,8,6,1.9088564561150674
10197782,4,3,0.18245449662208557,1,3,1.7012544706259884
10201158,11,1,0.31279465556144714,1,1,1.1622083562579453
10197613,12,4,0.11075498908758163,9,7,2.2004348228766633
10198041,12,3,0.12287315726280212,12,8,2.09660269747119
10197806,12,9,0.03997427597641945,1,13,3.219519132335599
10201090,11,1,0.2865600287914276,4,4,1.2498072401971427
10197669,11,1,0.27818384766578674,11,11,1.2794730613300875
10200940,13,4,0.10183356702327728,13,2,2.2844154942136297
10197966,10,5,0.112620048224926,7,3,2.183735530946504
10201148,10,1,0.2450345754623413,6,6,1.4063559540584254
10197780,5,1,0.3535095453262329,1,1,1.0398447916727735
10197576,13,4,0.09079856425523758,10,4,2.39911180566689
10197607,12,2,0.21221140027046204,6,12,1.5501723300678625
10198036,8,3,0.21757373213768005,4,5,1.52521748756619
10197799,10,5,0.09144671261310577,3,1,2.3919988521603757
10197967,9,1,0.22063687443733215,3,3,1.5112370309306473
10197777,11,4,0.103959821164608,3,1,2.263750789443032
10198039,15,1,0.2413041889667511,3,3,1.4216969465070097
10197797,13,3,0.120901919901371,3,4,2.112775641409967
10201134,8,6,0.1082826554775238,3,8,2.2230102903630904
10197968,9,4,0.110040083527565,6,4,2.206910583860575
10198044,11,2,0.20721560716629028,3,2,1.5739954472718987
10201132,7,2,0.19404417276382446,4,2,1.6396694511784144
10197970,12,1,0.20190244913101196,1,1,1.5999706233208113
10198037,13,7,0.04769458249211311,7,11,3.0429374621267473
10201130,11,2,0.16147373616695404,8,1,1.8234127738974255
10197971,10,4,0.1253572255373001,1,4,2.076587813140837
10198040,11,2,0.19485317170619965,5,10,1.6355089696486074
10201131,13,6,0.0910816416144371,6,4,2.3959990140751013
10201133,7,5,0.08620385080575943,5,6,2.4510404293896517
10201128,8,1,0.2677483558654785,3,3,1.317707710231569
10197491,8,3,0.17391861975193024,1,4,1.7491677917496855
10197494,14,6,0.06549554318189621,3,5,2.725773181680448
10201171,8,4,0.11409509181976318,6,9,2.1707230395181925
10197499,8,2,0.19630034267902374,3,1,1.6281094320108545
10200957,5,2,0.2529955208301544,7,3,1.374383494639977
10201174,4,1,0.5308464765548706,6,6,0.6332824209094301
10197493,7,2,0.18468104302883148,2,7,1.6891250335965105
10200986,9,8,0.014051117934286594,9,2,4.265053318091144
10201136,8,5,0.07856889814138412,10,4,2.543779355802834
10200960,5,3,0.21540330350399017,1,5,1.5352431777758277
10201167,6,1,0.2653024196624756,10,10,1.3268848974033076
10201240,6,1,0.41297128796577454,7,7,0.8843772091017619
10197495,12,10,0.04881259799003601,3,13,3.019766843905917
10200990,6,1,0.4766474962234497,1,1,0.7409780629180902
10200962,10,1,0.44270822405815125,12,12,0.814844362370848
10201169,8,1,0.4032949209213257,5,5,0.9080871709799706
10201241,5,3,0.21089968085289001,4,1,1.5563727047612843
10197496,11,1,0.23600220680236816,3,3,1.4439141231427537
10200987,9,5,0.12412577122449875,8,11,2.08645994334709
10200958,8,1,0.3184445798397064,8,8,1.1443068227533033
10201170,8,3,0.15273873507976532,1,2,1.8790264310818863
10201242,7,6,0.08457602560520172,7,9,2.4701044378124593
10197498,13,10,0.05193743482232094,8,3,2.9577154612924863
10200988,10,2,0.25157779455184937,10,3,1.3800030149988596
10201139,7,1,0.25274378061294556,6,6,1.3753790282569294
10200961,8,2,0.16466151177883148,4,8,1.803863355939189
10201172,8,1,0.2713642418384552,5,5,1.3042932947258061
10201243,5,4,0.12524022161960602,1,6,2.0775216129662035
10200984,12,2,0.13138969242572784,4,5,2.0295876202571845
10201141,8,2,0.22477732598781586,5,2,1.4926450290931437
10200959,7,1,0.2674078643321991,11,11,1.318980204379534
10201173,9,3,0.14316341280937195,3,4,1.9437685542418044
10201245,9,3,0.14956215023994446,3,6,1.9000432518707668
10201300,10,4,0.07991789281368256,1,5,2.5267555111845965
10200985,10,9,0.04252135381102562,2,10,3.157748886621423
10201135,9,3,0.1513403058052063,2,4,1.8882242970675698
10200963,16,8,0.037807732820510864,1,7,3.2752416253074004
10201168,7,4,0.12362368404865265,5,2,2.0905131337984226
10201244,12,3,0.2072519063949585,11,7,1.5738202864808917
10200989,13,1,0.2667858600616455,7,7,1.3213089646148208
10201138,9,3,0.12198764830827713,1,3,2.1038354827491146
10204868,9,5,0.0685499906539917,11,3,2.680192009312383
10204785,9,3,0.18798597157001495,5,6,1.671387938244778
10204936,7,4,0.15391407907009125,7,3,1.8713607603846056
10204870,9,1,0.3716128170490265,5,5,0.989902781116749
10204755,7,5,0.11409303545951843,2,7,2.1707410628945123
10204787,6,2,0.24927115440368652,4,2,1.389214001510193
10204869,12,1,0.3013678789138794,8,8,1.199423571415693
10204938,7,2,0.284505695104599,3,9,1.2570020076737562
10204753,7,4,0.0646921917796135,6,4,2.738114768226225
10204867,10,1,0.324833482503891,3,3,1.1244425894809071
10204781,7,1,0.3953501284122467,1,1,0.9279835056587615
10204937,6,1,0.33052510023117065,2,2,1.107072676337643
10204865,12,4,0.11176734417676926,7,1,2.1913358523702877
10204782,6,1,0.5460799932479858,11,11,0.6049898061882548
10204940,10,1,0.4129927456378937,7,7,0.8843252512167911
10204871,11,3,0.10377267003059387,9,2,2.265552637421381
10204754,9,1,0.30672526359558105,4,4,1.1818028389179225
10204783,6,3,0.1862836629152298,3,1,1.6804846975696064
10204939,9,2,0.18721497058868408,5,3,1.675497747042765
10204864,10,2,0.180404394865036,6,3,1.7125543098707783
10204749,13,3,0.1580153852701187,4,1,1.8450628755684866
10204784,6,1,0.3691813051700592,4,4,0.9964674136862486
10204866,9,3,0.17498698830604553,10,2,1.7430436603597925
10204935,10,5,0.08651895821094513,9,2,2.447391718989824
10204750,9,4,0.12773434817790985,4,11,2.0578025765597125
10204786,7,6,0.07021260261535645,7,8,2.6562274596276776
10204933,9,1,0.19929884374141693,5,5,1.6129498533787274
10204751,9,1,0.28452348709106445,6,6,1.2569394731429169
10204934,5,5,0.09114022552967072,8,7,2.3953560186084184
10218747,5,1,0.33976906538009644,3,3,1.0794891116162824
10218748,9,4,0.11814790964126587,3,5,2.1358179679199023
10218749,10,7,0.04890533909201622,1,7,3.017868704575625
10218750,9,2,0.2496599704027176,6,7,1.3876554053095973
10218764,8,3,0.14431077241897583,3,4,1.9357861630505484
10218753,12,7,0.08196567744016647,10,12,2.5014546871446863
10218769,7,3,0.16660861670970917,10,2,1.792107829640243
10218752,10,6,0.047249987721443176,10,3,3.0523028849060556
10218765,9,1,0.43603283166885376,9,9,0.8300377364753716
10218845,9,1,0.3674403131008148,4,4,1.001194386850835
10218746,8,6,0.0919913575053215,5,7,2.3860606465052987
10218770,8,1,0.22224120795726776,5,5,1.503991964618
10218751,9,4,0.13056348264217377,4,1,2.0358957134730997
10218768,11,1,0.4244947135448456,11,11,0.8568557266773117
10218771,10,1,0.30040857195854187,5,5,1.2026118243510018
10218847,11,3,0.14317922294139862,6,10,1.9436581261736874
10218766,11,2,0.13697773218154907,1,9,1.9879369051856874
10218850,12,1,0.1861882358789444,5,5,1.6809970961622638
10218834,9,2,0.2400970458984375,11,1,1.4267120794606176
10215370,10,5,0.08119116723537445,9,7,2.5109488156207256
10218767,12,2,0.1853531002998352,10,2,1.6854926227929676
10218849,14,1,0.23044109344482422,7,7,1.4677600090987306
10215371,12,6,0.049863051623106,4,7,2.9984749989267514
10218836,8,1,0.25502875447273254,11,11,1.3663789775427724
10218838,4,1,0.546144425868988,4,4,0.6048718219719177
10215372,11,3,0.1495140939950943,9,1,1.9003646163802528
10218839,12,11,0.034167952835559845,7,13,3.376467125812695
10215375,8,6,0.08608999848365784,2,7,2.4523620359257268
10218837,9,1,0.18692529201507568,3,3,1.6770462498928806
10215368,8,1,0.3069881498813629,3,3,1.180946131874903
10218832,11,1,0.32422927021980286,1,1,1.1263043893025246
10215369,8,1,0.27672088146209717,1,1,1.2847459289647687
10218833,11,1,0.19815203547477722,3,3,1.6187206870049275
10218763,6,2,0.2505081295967102,7,4,1.3842639055039392
10218757,7,6,0.0748600959777832,1,6,2.5921342944096524
10218758,11,4,0.11883281916379929,5,15,2.130037654617605
10222496,10,4,0.13605760037899017,2,8,1.9946769507120732
10218762,11,3,0.1595616340637207,2,9,1.8353250109361978
10222599,5,1,0.29947027564048767,5,5,1.2057401129612937
10222492,9,2,0.15950404107570648,8,6,1.8356860211803399
10222592,9,3,0.1778867244720459,3,9,1.7266083106358798
10222624,10,2,0.19020907580852509,1,6,1.6596314128246012
10218759,13,8,0.044061094522476196,3,7,3.122178096280624
10222597,8,1,0.28030261397361755,2,2,1.2718854952265597
10222493,10,4,0.10057733207941055,1,3,2.2968283739489355
10222629,9,1,0.27786603569984436,2,2,1.2806161674076415
10222587,6,1,0.2936403751373291,6,6,1.225399474198726
10218760,13,6,0.0661969855427742,12,8,2.7151203526835923
10222600,10,1,0.2939234673976898,5,5,1.2244358605051235
10222495,9,3,0.22616082429885864,3,5,1.4865089208437225
10218761,11,9,0.046658407896757126,5,10,3.064902134343544
10222601,12,4,0.13622111082077026,4,9,1.9934758985937104
10222626,10,3,0.15435272455215454,5,2,1.8685148764103328
10222984,9,1,0.2180890291929245,4,4,1.5228519087686392
10222627,11,3,0.1422286480665207,8,5,1.950319318707633
10222594,13,1,0.19486406445503235,3,3,1.6354530688681193
10222490,9,5,0.1013481467962265,3,1,2.289193691439005
10222990,6,3,0.1528467983007431,7,1,1.878319177539568
10222630,10,5,0.0745355635881424,2,9,2.5964789038991523
10222728,5,2,0.2479788213968277,2,1,1.3944119340571737
10222595,12,1,0.3337642550468445,3,3,1.0973203584289537
10222491,10,1,0.1828646957874298,9,9,1.6990087668893123
10222623,8,1,0.28999051451683044,4,4,1.2379070650992077
10222593,10,9,0.06110592186450958,3,5,2.7951464966417063
10222729,5,2,0.2359808385372162,3,2,1.4440046698917421
10222598,12,2,0.2006654143333435,11,3,1.6061163632246367
10222628,10,1,0.3879656195640564,1,1,0.9468385526558946
10222494,12,9,0.03453488275408745,7,6,3.3657853714350208
10222730,5,4,0.11714480072259903,1,2,2.1443444963824074
10222591,11,8,0.04670092463493347,1,12,3.063991315040049
10222596,12,1,0.346549391746521,2,2,1.0597299257877084
10222731,4,3,0.2819506824016571,3,2,1.2660231084387126
10222583,7,1,0.33930665254592896,1,1,1.0808510007059147
10222584,11,8,0.03926612436771393,9,3,3.237393107197553
10222615,4,4,0.08665654063224792,3,5,2.445802782319588
10223044,8,5,0.12248238921165466,6,7,2.0997880208695485
10222611,5,1,0.3287329375743866,5,5,1.1125095977514752
10222585,7,3,0.20900137722492218,6,10,1.5654144374461083
10222612,4,2,0.331576406955719,1,3,1.1038970073604206
10222581,12,7,0.06261461973190308,10,6,2.770756486099602
10222613,6,6,0.07622089236974716,4,12,2.5741196757888063
10222578,7,3,0.1498771607875824,5,7,1.8979392484734496
10222614,7,4,0.11877349019050598,2,4,2.1305370434990496
10222579,12,2,0.1634104698896408,12,9,1.8114900233969633
10222616,8,4,0.1480657160282135,1,3,1.9100990765512764
10222582,11,2,0.14097338914871216,2,9,1.9591841358573687
10222449,6,3,0.16308675706386566,5,3,1.8134729678456338
10222447,5,2,0.2571689486503601,6,3,1.3580220223269968
10222430,13,5,0.09182719886302948,5,11,2.387846741328106
10222444,10,1,0.2277013063430786,8,8,1.4797205688051471
10222431,11,3,0.139825701713562,6,9,1.9673586197742083
10222983,9,1,0.2454012781381607,4,4,1.4048605383319266
10222636,7,2,0.2138340175151825,4,1,1.5425551839963267
10222536,8,1,0.2518087923526764,1,1,1.3790852399804119
10222524,13,7,0.05647149309515953,4,3,2.8740193151447304
10222448,8,4,0.11850985139608383,1,8,2.1327591877182352
10222992,8,3,0.13793808221817017,8,9,1.9809503740902101
10222434,9,3,0.19608326256275177,1,4,1.629215900963783
10222532,9,4,0.11603859066963196,6,9,2.153832465014408
10222522,9,2,0.15255799889564514,7,5,1.8802104346110475
10226429,10,1,0.46648767590522766,7,7,0.7625236772532926
10222982,7,5,0.11661199480295181,3,8,2.1489031389762667
10222688,5,2,0.23220095038414001,1,4,1.4601521167717693
10226341,9,3,0.16414394974708557,8,15,1.8070114937882211
10222639,8,2,0.25721824169158936,1,2,1.3578303649828574
10222774,5,1,0.42501354217529297,1,1,0.8556342466234991
10226383,10,1,0.4492435157299042,2,2,0.8001901869676434
10222428,10,1,0.305646151304245,5,5,1.1853272144262192
10226442,5,5,0.03309468552470207,4,3,3.4083825676560626
10222533,12,1,0.364482581615448,9,9,1.009276515738505
10226478,9,2,0.2888169288635254,3,2,1.2419622557329355
10222525,9,4,0.13100245594978333,1,2,2.032539208248452
10226424,11,2,0.18746797740459442,5,11,1.6741472353329583
10222443,8,7,0.08023802191019058,6,3,2.522757787798446
10222687,7,2,0.18651330471038818,5,3,1.679252703513072
10226342,11,1,0.2675616443157196,1,1,1.3184052931546126
10223000,4,3,0.15490268170833588,1,3,1.864958219195708
10226380,10,4,0.1415310651063919,1,9,1.9552360446066
10222433,10,2,0.1425798386335373,3,7,1.9478531650541502
10226489,7,1,0.35383516550064087,4,4,1.0389241084686014
10226444,10,1,0.4403533637523651,4,4,0.8201777749444357
10222534,11,8,0.06444007158279419,4,5,2.7420196098298746
10226477,10,5,0.11900998651981354,7,9,2.1285478690571544
10222519,8,3,0.17728406190872192,1,4,1.7300019632944466
10226422,11,1,0.3071981966495514,11,11,1.1802621480072584
10222446,9,3,0.14071382582187653,1,3,1.9610270551416304
10222685,7,1,0.3175318241119385,2,2,1.1471772322489964
10226346,8,1,0.33960720896720886,2,2,1.0799655969516155
10222637,8,1,0.3703310191631317,2,2,0.993358026914574
10222776,5,1,0.4065711498260498,4,4,0.8999963349879058
10226387,13,2,0.25638532638549805,11,6,1.3610737849590189
10222429,18,17,0.022287162020802498,1,13,3.8037444604259765
10226490,6,6,0.10298668593168259,2,6,2.2731555619068553
10222986,10,1,0.1916905790567398,1,1,1.651872774338781
10222521,7,1,0.23826710879802704,3,3,1.4343629287510251
10226425,12,5,0.0717131569981575,2,12,2.6350810475390984
10226439,9,3,0.15275949239730835,4,5,1.8788905395073499
10222691,11,1,0.24676813185214996,8,8,1.399306120684781
10226347,7,2,0.293150931596756,6,1,1.227067677692753
10222631,10,3,0.12277613580226898,1,10,2.0973926160121104
10222777,6,2,0.24324451386928558,7,4,1.4136881116368076
10226381,9,3,0.1490992307662964,1,2,1.9031432164045223
10222437,16,3,0.14046797156333923,1,3,1.9627757765985383
10226491,6,2,0.2283550500869751,8,2,1.4768536240407144
10222539,9,4,0.12736912071704865,8,6,2.0606659457799066
10226474,9,4,0.11091393232345581,2,1,2.199000762909198
10222526,12,2,0.16999119520187378,5,2,1.7720086362033296
10226440,12,1,0.21641238033771515,1,1,1.5305695232132006
10226427,11,2,0.15434040129184723,5,2,1.8685947179052165
10222690,13,7,0.06516331434249878,9,12,2.7308586318626245
10222778,5,1,0.3038542568683624,3,3,1.1912071107297384
10226343,8,2,0.18933434784412384,3,6,1.6642407906118113
10222638,9,1,0.2101430892944336,1,1,1.559966602704444
10226385,10,7,0.08562491089105606,9,5,2.4577790230886856
10226492,9,6,0.08567804098129272,1,8,2.4571587174680345
10226443,12,2,0.21271711587905884,9,4,1.5477920904363027
10222530,11,2,0.22928930819034576,2,1,1.472770718245758
10222948,14,1,0.23244836926460266,3,3,1.4590871462945325
10226475,10,1,0.3756355345249176,4,4,0.9791359287616879
10222518,9,8,0.05995893105864525,9,4,2.8140954334809485
10226423,12,7,0.05183597281575203,4,3,2.959670914837071
10222998,7,1,0.21837007999420166,4,4,1.5215640408597915
10226344,8,1,0.28600913286209106,7,7,1.2517315355879
10222640,11,4,0.11613323539495468,5,11,2.1530171659992807
10226384,9,5,0.07612431794404984,3,6,2.5753875126762886
10226493,9,1,0.33695876598358154,2,2,1.087794712247703
10226445,12,4,0.11412066966295242,9,4,2.1704988845945348
10222537,9,1,0.2567398250102997,3,3,1.359692060908904
10226476,10,3,0.1249825656414032,2,5,2.0795810262761343
10222520,9,5,0.10155609995126724,1,9,2.287143924308109
10226426,12,11,0.011825702153146267,4,6,4.437479967665398
10222436,11,1,0.1829002946615219,2,2,1.6988141125340073
10222877,12,5,0.07121606916189194,11,7,2.642036795552461
10222997,13,1,0.27213940024375916,1,1,1.3014408430736972
10226345,12,3,0.09560124576091766,1,8,2.3475694280377417
10222632,14,3,0.10386518388986588,2,6,2.264661529527063
10226386,12,7,0.06520813703536987,6,5,2.7301710166805666
10226487,9,3,0.15811796486377716,7,10,1.8444139114701708
10226479,9,5,0.09873680770397186,3,9,2.3152974769963994
10222531,16,4,0.13003277778625488,7,10,2.0399687234903547
10226441,12,8,0.04455423727631569,1,9,3.111048016764111
10226428,7,3,0.18157750368118286,6,7,1.7060726988960913
10222527,10,1,0.19323599338531494,6,6,1.6438430733894003
10226530,10,5,0.07462327182292938,4,7,2.595302865689225
10222879,13,2,0.1670057773590088,2,6,1.7897268721996493
10222692,9,6,0.10984691232442856,1,10,2.2086675886537175
10222634,9,1,0.14733470976352692,11,11,1.9150483433298058
10226382,10,1,0.23394371569156647,2,2,1.452674723789334
10226488,11,5,0.11062425374984741,3,2,2.2016159214408875
10222535,15,11,0.026932545006275177,5,3,3.6144198721205503
10222985,12,1,0.2168387472629547,2,2,1.5286013018481808
10226528,4,1,0.5585356950759888,1,1,0.582436750114138
10222880,12,6,0.06372567266225815,6,11,2.7531677730713433
10222684,11,2,0.12271122634410858,7,11,2.097921437203601
10226524,9,2,0.1947573572397232,1,3,1.6360008170772034
10222883,13,2,0.14036111533641815,2,5,1.9635367820432212
10226525,8,6,0.11212479323148727,8,2,2.188142802694177
10222882,14,4,0.09680677950382233,13,7,2.335038250955514
10226529,10,5,0.08898483216762543,8,12,2.419289348856862
10222884,13,3,0.1589735448360443,4,5,1.8390174752843385
10226526,11,1,0.37888213992118835,2,2,0.9705300987241616
10222885,10,5,0.07844275236129761,2,8,2.5453861895228047
10226527,5,5,0.09744858741760254,7,4,2.328430348591785
10222473,14,1,0.15861739218235016,12,12,1.8412603151231255
10222468,13,1,0.3550988435745239,12,12,1.0353590956575924
10222469,9,3,0.12371397763490677,2,7,2.0897830097271375
10226360,11,1,0.48638808727264404,1,1,0.72074844025707
10226600,7,2,0.24712496995925903,5,7,1.3978611190522778
10222472,9,1,0.2294396162033081,1,1,1.472115394326342
10226588,10,3,0.14434050023555756,7,2,1.9355801856688208
10226361,11,1,0.18802882730960846,1,1,1.6711599911538297
10226791,5,3,0.2012293040752411,5,3,1.603310204864752
10226416,12,1,0.3881658911705017,3,3,0.9463224761711228
10222474,13,3,0.09910477697849274,7,14,2.311577635190467
10226590,14,3,0.17651011049747467,5,2,1.7343771209775984
10226359,10,1,0.39580437541007996,3,3,0.9268351912762893
10226601,11,6,0.043494850397109985,8,11,3.135112729570795
10226793,5,1,0.5457094311714172,10,10,0.60566862223558
10226419,10,7,0.025905344635248184,12,7,3.653305974991945
10222470,12,6,0.09657277166843414,4,10,2.3374584442819697
10226591,12,2,0.23109175264835358,11,7,1.464940449710513
10226354,11,1,0.15087930858135223,4,4,1.891275042680712
10226597,9,4,0.1873588263988495,5,6,1.674729643035517
10226413,9,5,0.07624206691980362,3,1,2.5738419093032117
10226595,9,2,0.25061559677124023,9,6,1.383835000742409
10222471,12,4,0.10634440183639526,1,4,2.2410723777773667
10226355,13,11,0.02553950622677803,6,10,3.667528761893608
10226598,10,2,0.1585732251405716,1,6,1.841538804079935
10226414,13,5,0.09261972457170486,1,6,2.3792531516793116
10226589,12,1,0.23558031022548676,6,6,1.44570340359403
10226603,12,4,0.14039701223373413,12,1,1.9632810680033659
10226357,11,1,0.271827757358551,2,2,1.302586658275769
10226592,11,4,0.08514412492513657,2,1,2.4634098710226278
10226418,13,2,0.23347127437591553,2,3,1.4546962313856924
10226599,8,3,0.12943458557128906,2,3,2.044579656187684
10226358,14,2,0.1251564919948578,3,8,2.0781903887393383
10226593,9,1,0.25708919763565063,1,1,1.35833218179039
10226415,12,4,0.07307465374469757,1,9,2.616273706351201
10226602,11,1,0.32350751757621765,12,12,1.1285329270539444
10226680,10,2,0.24551936984062195,10,3,1.4043794353054997
10226356,14,9,0.042355943471193314,5,12,3.1616465260263666
10226594,9,1,0.3282834589481354,1,1,1.1138778396971927
10226421,11,4,0.11281992495059967,10,14,2.181962315884146
10226685,10,5,0.071284219622612,4,8,2.6410802997236145
10226682,9,7,0.06468082219362259,2,7,2.738290532640626
10226683,11,8,0.07004088908433914,2,7,2.658676077693895
10226684,14,6,0.06126108020544052,8,11,2.7926105446046554
10226679,13,3,0.12819331884384155,4,5,2.0542158509562465
10226408,6,1,0.3458517789840698,3,3,1.0617449801463443
10226468,5,2,0.36155328154563904,3,7,1.0173458580764385
10230254,8,3,0.12475315481424332,9,5,2.081418255578142
10226324,5,3,0.17824962735176086,2,7,1.724570310283124
10226499,6,3,0.26783329248428345,6,4,1.3173905349893678
10226407,7,3,0.20185859501361847,3,2,1.6001878513976746
10226473,6,5,0.06775853782892227,7,5,2.6918048075470424
10230249,5,1,0.42662110924720764,1,1,0.8518589916393187
10226328,6,1,0.28486424684524536,7,7,1.2557425390519499
10226405,11,2,0.17109520733356476,9,4,1.765535109384749
10226470,7,3,0.17388881742954254,4,3,1.749339164292505
10226325,8,5,0.07372692972421646,5,4,2.607387149998505
10226501,8,4,0.13090918958187103,4,3,2.0332514054603417
10226404,11,1,0.4439662992954254,9,9,0.8120066219184325
10226471,11,2,0.18037983775138855,4,11,1.7126904417272473
10230255,11,5,0.07335829734802246,11,7,2.6123996608449516
10226326,8,1,0.23872914910316467,3,3,1.4324256370344086
10226503,8,6,0.08667261898517609,6,2,2.445617258394938
10226409,12,9,0.069146066904068,6,4,2.6715341002320216
10226472,9,2,0.17984990775585175,3,6,1.7156326217355384
10230248,10,1,0.34487149119377136,12,12,1.0645834206355627
10226327,9,2,0.21332424879074097,7,3,1.5449419759966463
10226500,10,5,0.13301487267017365,1,4,2.0172943324245147
10226403,10,4,0.10038243234157562,8,10,2.2987680637122465
10226466,13,1,0.23354007303714752,1,1,1.4544015975952682
10230250,9,2,0.16120664775371552,3,7,1.8250682105929505
10226329,11,1,0.2651422321796417,2,2,1.327488871775175
10226497,7,1,0.24139195680618286,3,3,1.4213332898208413
10226406,18,8,0.05631252005696297,1,13,2.8768383874411603
10226467,12,1,0.24847453832626343,3,3,1.3924149001587167
10230253,8,1,0.23450212180614471,2,2,1.450290642922901
10226323,8,6,0.053003475069999695,3,11,2.9373978002209755
10226498,8,2,0.19370344281196594,3,1,1.6414269347882362
10226401,9,6,0.08878561109304428,5,3,2.421530679353957
10226469,12,2,0.17608116567134857,8,5,1.7368102216623285
10230252,7,4,0.14712867140769958,8,7,1.9164477593701479
10226402,11,8,0.058885298669338226,9,2,2.8321638176230604
10230277,7,1,0.4085937440395355,3,3,0.8950339074364925
10230146,7,3,0.17564263939857483,5,2,1.7393038060810169
10230278,7,1,0.3221839964389801,7,7,1.132632479122189
10230143,7,2,0.244564026594162,2,5,1.408278136887724
10230271,11,2,0.25493714213371277,5,12,1.366738265646604
10230265,6,1,0.3163693845272064,1,1,1.1508448096945016
10230154,8,3,0.09518523514270782,3,7,2.3519304422517697
10230272,13,1,0.3040626645088196,5,5,1.1905214655657592
10230144,8,1,0.27520856261253357,4,4,1.2902260592626027
10230155,8,4,0.12178812175989151,2,7,2.105472450958754
10230276,8,4,0.1264292150735855,10,9,2.0680726920649675
10230145,8,6,0.03793526813387871,10,2,3.2718740419719565
10230268,9,1,0.3325619697570801,2,2,1.1009290610426665
10230273,6,4,0.12997223436832428,8,2,2.0404344331205126
10230156,7,1,0.39055532217025757,1,1,0.9401856496463676
10230140,9,1,0.44560301303863525,1,1,0.8083268286355606
10230269,8,4,0.1266709566116333,4,2,2.066162447516744
10230274,7,5,0.12412130832672119,1,6,2.086495898636361
10230157,11,2,0.15534085035324097,10,8,1.8621335418634728
10230141,10,1,0.7208436131477356,5,5,0.3273330679317
10230275,9,3,0.1679861694574356,2,4,1.7838736276258602
10230270,10,1,0.30774644017219543,5,5,1.178479081255977
10230158,10,1,0.22154654562473297,1,1,1.5071225733122529
10230142,9,4,0.10644485801458359,2,7,2.2401281930405843
10230266,10,4,0.12129215896129608,5,10,2.1095531068255693
10230159,12,10,0.03589027002453804,1,16,3.327289050180318
10230264,12,4,0.1093149185180664,1,10,2.21352240164014
10240898,12,3,0.16510683298110962,8,1,1.801162541988729
10240901,7,1,0.30970701575279236,2,2,1.1721285388763145
10240904,8,4,0.1332804262638092,1,4,2.0152999023108467
10240899,9,2,0.16912564635276794,5,2,1.7771133707526314
10241013,6,2,0.22076182067394257,1,6,1.51067089314487
10240900,8,5,0.10527730733156204,5,2,2.251157387990167
10240894,7,4,0.10102172940969467,4,7,2.292419642610499
10241011,8,2,0.16248472034931183,5,7,1.817171310252932
10240905,11,6,0.07114337384700775,11,4,2.6430580881294246
10241025,8,1,0.23830850422382355,3,3,1.4341892084650116
10240893,10,2,0.23057588934898376,2,7,1.467175232775811
10241016,7,2,0.20606975257396698,3,8,1.5795405627782044
10240951,12,1,0.22933419048786163,3,3,1.472574992131468
10240903,9,6,0.04987332224845886,4,11,2.998269043466562
10241020,7,2,0.23965969681739807,6,2,1.4285352917815666
10240895,9,4,0.11446775496006012,2,7,2.167462111718438
10240949,6,5,0.11896274983882904,7,2,2.128944861438111
10240902,8,4,0.09039746224880219,10,3,2.403539084447048
10241023,9,8,0.03159704804420471,9,2,3.4546915790754826
10240896,12,1,0.2910533547401428,6,6,1.2342486789946483
10241012,10,1,0.25126901268959045,9,9,1.381231150075483
10240950,7,2,0.1867983490228653,1,3,1.6777255914338112
10241024,7,3,0.17191144824028015,5,3,1.7607757705544698
10240897,9,4,0.11526717245578766,2,3,2.1605026064194663
10241010,7,1,0.3022539019584656,3,3,1.1964878798651366
10240952,10,7,0.024598700925707817,4,10,3.7050616453362624
10241021,11,5,0.05781299248337746,8,9,2.8505417451143824
10240891,10,4,0.10800042748451233,5,4,2.225620093675822
10241176,9,1,0.3097999095916748,1,1,1.1718286428274463
10241014,8,4,0.16013088822364807,1,7,1.8317637467721841
10240955,7,4,0.1131782978773117,7,3,2.178790846457436
10241022,7,7,0.09699093550443649,4,6,2.3331377532532
10240892,13,2,0.181653693318367,5,3,1.7056531884634472
10241015,10,3,0.14786843955516815,15,3,1.9114323224679484
10240953,11,2,0.15181773900985718,4,8,1.8850745630755
10241026,9,3,0.17698967456817627,1,10,1.7316638838829208
10241175,9,1,0.19968031346797943,4,4,1.6110376239506465
10240948,11,1,0.3170487582683563,2,2,1.1486997053605414
10241019,9,6,0.09248701483011246,3,7,2.3806870245329828
10240954,7,6,0.09629560261964798,3,4,2.3403326245680325
10241171,12,1,0.21997785568237305,2,2,1.514228393685143
10241172,11,3,0.10085682570934296,10,3,2.2940533350740804
10241173,13,4,0.10144162178039551,10,6,2.288271800838258
10244215,9,2,0.17508727312088013,1,4,1.742470725822023
10244221,13,3,0.11468054354190826,10,2,2.1656048983382603
10244218,14,1,0.21959348022937775,10,10,1.5159772590890561
10244510,7,1,0.27711158990859985,1,1,1.2833350022621453
10244214,14,1,0.2303859293460846,11,11,1.4679994225717905
10244517,8,4,0.1472083032131195,6,5,1.9159066665803928
10244219,12,7,0.05536973476409912,1,10,2.8937221384043705
10244513,9,1,0.24540309607982635,5,5,1.4048531303227028
10244280,8,2,0.257442831993103,4,9,1.3569575952038566
10244217,14,2,0.12385714054107666,1,8,2.088626469956405
10244516,7,5,0.10532918572425842,3,5,2.2506647308741123
10244281,8,3,0.16955140233039856,8,12,1.7745991395488008
10244222,11,7,0.0519152469933033,2,10,2.958142755589895
10244514,9,9,0.03288843482732773,3,1,3.414634208015445
10244401,11,6,0.07315550744533539,5,6,2.615167864598455
10244216,12,1,0.18811661005020142,5,5,1.6706932422132987
10244240,8,1,0.2695196866989136,5,5,1.3111138423254711
10244511,9,8,0.03481080010533333,5,8,3.3578275924952363
10244277,11,6,0.07189542800188065,1,7,2.6325426045679077
10244220,14,8,0.058773621916770935,5,11,2.834062131589353
10244404,7,1,0.3845632076263428,2,2,0.9556471144016185
10244241,8,2,0.27642810344696045,2,7,1.2858045155317335
10244515,8,1,0.20106467604637146,1,1,1.6041286513053854
10244278,10,8,0.01982130855321884,2,10,3.920997730401981
10244402,6,6,0.09284006059169769,4,7,2.37687704492965
10244235,8,3,0.1646910458803177,4,5,1.8036840095161626
10244512,9,1,0.2081010490655899,2,2,1.5697315044343232
10244284,6,4,0.15958485007286072,3,1,1.8351795228275398
10244403,7,3,0.15295404195785522,3,6,1.8776177820730413
10244236,12,6,0.04565304145216942,8,6,3.08668504870228
10244509,9,1,0.2008921355009079,3,3,1.6049871542644305
10244279,9,1,0.26806047558784485,4,4,1.3165426687490551
10244406,11,1,0.24609296023845673,5,5,1.4020459272829424
10244237,7,1,0.3509158492088318,1,1,1.0472088301036844
10244331,10,4,0.13260604441165924,2,5,2.0203726184709496
10241754,11,2,0.22152179479599,6,3,1.507234297967394
10244282,9,6,0.06214851140975952,8,4,2.778228412884915
10244405,7,4,0.11872859299182892,11,3,2.1309151218603866
10244324,12,1,0.3803921341896057,5,5,0.9665526262596899
10244239,12,1,0.21120359003543854,3,3,1.554932729020643
10241758,10,1,0.30997705459594727,6,6,1.1712570016747987
10244407,11,11,0.025759965181350708,9,14,3.6589337294025377
10241756,10,1,0.4881346821784973,3,3,0.7171639231360004
10244328,8,1,0.3087812662124634,8,8,1.1751221290822136
10241751,10,1,0.3612043261528015,5,5,1.0183114803438078
10244329,10,7,0.06386476755142212,5,9,2.7509874381805135
10241757,7,3,0.1824900060892105,6,3,1.7010598686140486
10244325,10,3,0.13332918286323547,6,3,2.0149341495525013
10241752,10,2,0.19215764105319977,4,7,1.6494391966771056
10244326,9,3,0.18147359788417816,4,3,1.706645102061341
10241755,12,3,0.1386636346578598,7,4,1.9757041730761622
10244330,8,3,0.14433248341083527,4,9,1.9356357282736265
10244262,12,1,0.5085487365722656,13,13,0.6761942242863136
10244263,10,1,0.37406125664711,6,6,0.9833357071528694
10244264,11,5,0.07625910639762878,1,4,2.5736184424599684
10244266,11,1,0.2250078171491623,5,5,1.4916201344960713
10248386,10,3,0.162411630153656,9,7,1.817621239572087
10248270,8,1,0.27187541127204895,8,8,1.3024113644155548
10248298,7,2,0.19785882532596588,3,6,1.6202015059996304
10244259,11,7,0.07536554336547852,7,9,2.5854050929602104
10248284,9,2,0.25842586159706116,9,6,1.3531464285017596
10248391,9,3,0.16167961061000824,2,5,1.822138614288928
10248267,10,4,0.07883909344673157,10,4,2.5403462954099534
10248295,8,2,0.2812153697013855,6,1,1.2686344629952513
10244260,9,6,0.04697214812040329,11,12,3.058200446107725
10248286,8,1,0.47229307889938354,7,7,0.7501555562221955
10248388,9,1,0.28179827332496643,7,7,1.2665638068430487
10248268,8,3,0.16532564163208008,4,8,1.7998381643941315
10248291,10,2,0.25168484449386597,9,3,1.379577591232716
10244261,14,2,0.1982543021440506,1,9,1.6182047181021268
10248290,11,4,0.115566186606884,2,10,2.157911868931981
10248389,12,1,0.27432459592819214,9,9,1.2934432170738532
10248294,10,1,0.34937575459480286,5,5,1.051607275233094
10248287,9,2,0.20170485973358154,8,4,1.600949740442211
10248384,5,3,0.2773233950138092,4,6,1.282570962757883
10248272,10,4,0.08131079375743866,3,6,2.509476506696663
10248292,11,6,0.04843301698565483,2,8,3.027573528706046
10248289,12,5,0.08628189563751221,4,7,2.4501354869386014
10248387,12,3,0.15318390727043152,3,2,1.876116071119833
10248265,10,4,0.09305451810359955,3,9,2.3745697414187203
10248296,10,1,0.24234534800052643,7,7,1.4173915122513983
10248288,8,8,0.0769706666469574,3,2,2.5643308823462596
10248390,10,1,0.25329867005348206,7,7,1.3731859724680306
10248266,14,3,0.10576890408992767,1,3,2.246498714952092
10244685,9,2,0.19122713804244995,1,5,1.6542933530682455
10248297,11,5,0.09050418436527252,1,10,2.402359193264752
10248283,16,5,0.07539762556552887,4,15,2.5849794956374414
10248385,9,5,0.12291869521141052,1,8,2.096232156717532
10244372,6,2,0.192616268992424,5,3,1.6470553128198833
10248269,12,11,0.04386246204376221,3,2,3.1266964034191522
10244686,11,2,0.28634920716285706,1,2,1.250543208915592
10248293,12,7,0.0491006039083004,3,6,3.013883944699248
10248285,6,1,0.28557243943214417,10,10,1.2532595537609195
10244367,13,1,0.2398601770401001,8,8,1.4276991210811938
10248354,6,1,0.2917901873588562,3,3,1.2317202714271636
10244687,10,3,0.18579310178756714,1,3,1.6831215803768407
10244681,9,2,0.20200055837631226,9,4,1.5994848173455831
10248465,5,2,0.2909516990184784,2,3,1.234598008341676
10244365,11,1,0.5553893446922302,2,2,0.5880858892192358
10248356,6,2,0.1799466907978058,3,2,1.7150946341910345
10244683,10,7,0.06183191388845444,7,5,2.7833356418481183
10248466,7,1,0.2397659569978714,7,7,1.4280920106122434
10244368,4,1,0.6086920499801636,1,1,0.4964428042211331
10248359,8,6,0.08807229995727539,5,3,2.4295972114010116
10244682,12,2,0.24739812314510345,1,2,1.3967564053698118
10248467,7,5,0.10551430284976959,6,3,2.248908763219343
10244370,11,6,0.04966875538229942,4,8,3.002379207911891
10248352,6,4,0.17193074524402618,7,4,1.7606635271815974
10244684,12,3,0.09151080250740051,1,6,2.3912982534790475
10244371,6,3,0.1695094257593155,2,5,1.774846744508265
10248355,11,4,0.12206259369850159,1,2,2.1032213027182807
10248469,13,8,0.04070494696497917,4,2,3.201405646868747
10244364,10,1,0.23168911039829254,8,8,1.4623588473608722
10248353,9,4,0.14976973831653595,5,3,1.8986562422148807
10244366,10,2,0.1342112421989441,2,1,2.0083402859789836
10248358,6,4,0.13088613748550415,6,7,2.0334275132364787
10248471,9,2,0.17586222290992737,12,10,1.7380544148864019
10248470,7,5,0.1056586354970932,8,3,2.2475418014208444
10248193,7,1,0.3426608741283417,1,1,1.0710140260727383
10248231,9,2,0.1767742782831192,1,13,1.732881624186524
10248194,6,1,0.2802044451236725,1,1,1.2722357810948839
10248233,8,4,0.1264704465866089,5,2,2.067746621930132
10248195,8,7,0.06079528480768204,4,1,2.8002430455225964
10248232,12,8,0.06012096256017685,2,9,2.811396703577215
10248448,7,4,0.13045687973499298,7,5,2.0367125303079012
10248308,14,4,0.13568004965782166,12,13,1.9974557409464113
10248197,8,4,0.1421748846769333,5,1,1.9506973969242376
10248450,5,1,0.36914488673210144,8,8,0.9965660650367946
10248229,10,4,0.10879234969615936,2,4,2.2183142623251837
10248325,7,6,0.042510513216257095,3,6,3.1580038638483443
10248312,8,2,0.17251050472259521,3,4,1.7572971474222852
10248196,11,4,0.11332723498344421,1,13,2.177475760457404
10248463,12,4,0.09923303127288818,7,2,2.3102843435744838
10248451,6,1,0.31427720189094543,4,4,1.1574798739502918
10251663,8,5,0.062231384217739105,9,3,2.776895837072321
10248230,9,1,0.2688796818256378,1,1,1.3134912788981878
10251735,5,1,0.5364872217178345,3,3,0.6227125350555472
10248326,11,1,0.4047721028327942,12,12,0.9044310793105846
10251688,11,2,0.19446104764938354,9,15,1.6375234051350216
10248303,8,1,0.24867141246795654,3,3,1.3916228826368198
10248199,11,2,0.20565389096736908,7,6,1.5815606641473752
10248455,10,1,0.29901862144470215,6,6,1.2072494284514406
10248449,8,2,0.24216826260089874,1,9,1.418122494430797
10251664,6,1,0.31569525599479675,7,7,1.1529779104718736
10248227,14,4,0.0659082904458046,1,10,2.7194910419597895
10251729,8,2,0.18458940088748932,3,2,1.689621375205937
10248329,9,1,0.36228564381599426,2,2,1.015322306994564
10251684,12,1,0.35413146018981934,12,12,1.0380870783156937
10248309,9,2,0.20419058203697205,5,2,1.5887014955836916
10248192,11,4,0.10731824487447739,2,8,2.2319566076911554
10248457,12,2,0.1753462702035904,11,2,1.7409925732033502
10248444,10,9,0.05050499737262726,5,10,2.9856829897230233
10251662,8,2,0.2584556043148041,2,3,1.3530313432462908
10248228,13,8,0.06899604946374893,7,8,2.673706030172525
10251733,5,1,0.3268726170063019,5,5,1.1181847344188103
10248331,8,5,0.07677781581878662,2,7,2.5668395370818082
10251797,6,1,0.3393392562866211,2,2,1.0807549160164092
10251682,13,2,0.19144277274608612,4,11,1.6531663518571205
10248310,7,2,0.20037595927715302,5,1,1.607559880654507
10248740,8,3,0.17209424078464508,4,6,1.7597130406787704
10248445,13,1,0.2277568131685257,2,2,1.4794768281697561
10251736,9,1,0.2799287736415863,6,6,1.2732200880244073
10248324,10,1,0.284056156873703,5,5,1.2585833248972274
10251798,9,1,0.41061386466026306,3,3,0.890102008137719
10251686,13,12,0.024354543536901474,4,2,3.7150368539685954
10248304,9,3,0.1510671228170395,4,3,1.890031018970684
10248460,9,1,0.3136574327945709,7,7,1.1594538669852095
10248446,12,2,0.1601036936044693,10,3,1.8319335886367878
10251660,8,1,0.44064176082611084,1,1,0.8195230673847649
10248475,6,1,0.279887855052948,2,2,1.2733662737095541
10251730,8,4,0.07875683903694153,2,5,2.5413901601336524
10248327,11,7,0.09725463390350342,3,4,2.330422648225426
10251794,8,3,0.21738998591899872,3,1,1.526062368286046
10251685,12,3,0.11105948686599731,4,2,2.1976893035107263
10248305,11,1,0.3534182906150818,1,1,1.040102964309409
10248738,12,1,0.23328013718128204,8,8,1.4555152421078241
10248456,14,8,0.03821403160691261,1,4,3.2645525112622327
10248453,7,2,0.19822044670581818,3,5,1.6183755004201077
10251661,11,9,0.03638973832130432,2,5,3.3134684583346155
10251731,8,5,0.11896666139364243,3,4,2.128911981477677
10248477,4,4,0.14901362359523773,1,4,1.9037175436913825
10248332,12,1,0.21184270083904266,1,1,1.5519112568857514
10251795,7,4,0.1695934385061264,5,3,1.7743512444262364
10251683,9,2,0.188681960105896,14,5,1.6676924321003417
10248306,14,4,0.13335683941841125,7,1,2.01472674044243
10251761,7,4,0.08481568843126297,1,13,2.4672747482099617
10248458,12,2,0.13391472399234772,5,11,2.0105520697289028
10248447,16,2,0.14668570458889008,9,12,1.9194630451465926
10248743,8,3,0.18167312443256378,1,2,1.7055462262835808
10251665,6,5,0.0724676325917244,2,9,2.6246152638193436
10251732,8,4,0.11030261218547821,1,4,2.2045276704511743
10248476,10,1,0.20197470486164093,3,3,1.599612812879267
10248323,12,5,0.07644563168287277,1,5,2.571175487770359
10251796,9,3,0.2227088063955307,6,2,1.5018901617398466
10251687,14,2,0.16328126192092896,7,12,1.8122810319402944
10248311,11,1,0.23166842758655548,8,8,1.4624481210212976
10251762,10,6,0.07617765665054321,11,7,2.574687079096014
10248461,16,5,0.07647441327571869,2,3,2.5707990610802733
10248742,11,2,0.13600903749465942,1,9,1.995033943287319
10248452,7,2,0.1897841840982437,4,1,1.6618677255816359
10252473,11,6,0.05492173507809639,1,2,2.9018461057537257
10251734,12,1,0.1832454353570938,1,1,1.6969288479002784
10248472,10,4,0.1347850114107132,1,2,2.004074278001327
10248330,12,7,0.043217096477746964,2,3,3.141519110221463
10248307,10,4,0.14059045910835266,11,14,1.961904160312378
10251765,8,3,0.15553812682628632,4,5,1.8608643888231777
10248744,11,2,0.15053988993167877,6,1,1.8935271805326628
10248462,11,5,0.07320725172758102,15,1,2.614460795605033
10248473,5,1,0.38536348938941956,5,5,0.9535682618189281
10248737,12,5,0.08974315226078033,10,1,2.410803552454608
10248464,13,1,0.12384791672229767,4,4,2.0887009441628277
10248474,10,4,0.13441070914268494,6,1,2.0068551729462922
10251763,10,1,0.29796409606933594,4,4,1.2107822827241965
10248739,11,1,0.2579946219921112,13,13,1.3548165392695966
10251766,10,3,0.13376890122890472,2,4,2.011641585591125
10248741,13,4,0.14934706687927246,1,2,1.9014823737544344
10251760,7,1,0.24627406895160675,4,4,1.4013102617709117
10248745,14,6,0.0776052176952362,13,2,2.556120615712687
10248240,10,3,0.15016956627368927,2,9,1.8959901815295235
10248241,14,4,0.09795735776424408,14,5,2.323223019860507
10248242,10,5,0.07270149141550064,3,6,2.621393379996956
10251725,6,2,0.1944109946489334,5,7,1.6377808317189988
10248243,11,2,0.18454121053218842,1,4,1.6898824771253327
10251658,8,1,0.33882659673690796,9,9,1.0822668165200469
10251698,10,6,0.04900738224387169,1,11,3.0157843341810953
10251722,9,5,0.1106330007314682,1,8,2.2015368552729027
10251753,9,2,0.2052438110113144,2,6,1.5835566845204743
10251891,8,6,0.046468570828437805,4,6,3.0689790910722423
10248244,14,3,0.10490982979536057,2,5,2.254654061627243
10251652,8,2,0.19572046399116516,1,3,1.6310678418754634
10251802,11,1,0.33075299859046936,2,2,1.1063834099950032
10251716,12,5,0.10319890081882477,1,5,2.271097076971777
10251757,11,1,0.31230679154396057,10,10,1.1637692680709002
10251890,9,2,0.35593488812446594,2,1,1.033007463384863
10251700,10,1,0.3638192415237427,3,3,1.0110981239071455
10248238,10,1,0.34350326657295227,1,1,1.0685586576911439
10251653,7,1,0.40331676602363586,3,3,0.9080330058775574
10251803,13,1,0.363248348236084,13,13,1.0126685237242332
10251754,9,3,0.22592909634113312,12,8,1.4875340619381816
10251704,10,4,0.10579822957515717,4,5,2.2462214933921145
10248239,14,5,0.1082351878285408,4,6,2.2234487544547203
10251654,11,2,0.32754793763160706,11,5,1.1161208601708694
10251806,11,2,0.19848066568374634,9,8,1.61706358569578
10248549,5,3,0.17944179475307465,4,5,1.717904386852556
10251720,14,2,0.2459322065114975,1,4,1.4026993643164216
10251759,7,5,0.07719650864601135,1,2,2.5614010477666773
10251887,11,6,0.09722035378217697,8,3,2.3307751883858803
10251703,10,1,0.21344463527202606,7,7,1.5443777995115557
10251657,12,2,0.2784280776977539,8,2,1.2785955018078716
10251804,12,2,0.18803314864635468,1,2,1.6711370091081952
10248545,7,5,0.11710796505212784,2,4,2.1446589914591505
10251721,7,2,0.37055617570877075,1,2,0.9927502243931402
10251752,11,1,0.32744625210762024,7,7,1.1164313530772088
10251888,11,4,0.12624752521514893,2,3,2.069510813275041
10251702,10,3,0.165402352809906,8,7,1.799374271524518
10251655,10,1,0.2602885365486145,6,6,1.3459645073343434
10251800,7,2,0.20431745052337646,4,7,1.5880803646370703
10248546,7,4,0.11130937933921814,6,4,2.195441753458606
10251719,13,4,0.12760841846466064,11,13,2.0587889348193555
10251756,9,8,0.0334775485098362,1,6,3.3968802585675633
10251892,8,2,0.20341943204402924,1,7,1.5924852638246223
10251699,9,8,0.06564783304929733,4,2,2.723450686404945
10251656,11,1,0.2679078280925751,1,1,1.3171122826547614
10251801,14,7,0.051097363233566284,5,10,2.974022383229715
10248547,4,3,0.25370803475379944,1,3,1.37157114258356
10251724,10,1,0.21640077233314514,6,6,1.5306231630090392
10251758,8,1,0.22953030467033386,2,2,1.4717202117050787
10251893,9,1,0.23920249938964844,2,2,1.4304448080068706
10251696,10,1,0.21833643317222595,5,5,1.5217181343803956
10251960,6,1,0.36602920293807983,4,4,1.005042159315474
10251805,14,5,0.05724775418639183,2,6,2.860366865502529
10248548,7,1,0.3299621045589447,5,5,1.1087774657854812
10251723,11,9,0.029483743011951447,2,10,3.5239162518797773
10251755,9,1,0.25962814688682556,11,11,1.3485048759663933
10251889,12,5,0.07319202274084091,2,12,2.614668842903769
10251701,10,2,0.17002689838409424,7,2,1.7717986286594656
10251957,11,8,0.03539922833442688,5,2,3.3410652575425157
10251954,8,2,0.3116084337234497,4,1,1.1660078994870884
10251955,7,4,0.13287054002285004,5,9,2.01838000809238
10251958,9,6,0.06226624175906181,1,9,2.7763358658767245
10251956,11,11,0.026229524984955788,4,7,3.640869594876341
10251635,9,1,0.3962923586368561,9,9,0.9256030607358218
10251578,8,3,0.15389440953731537,9,5,1.8714885640906802
10251631,11,3,0.11349021643400192,5,10,2.1760386445953777
10251632,10,1,0.4871985614299774,2,2,0.7190835153207406
10251633,11,7,0.03358635678887367,2,3,3.393635342422958
10251637,9,3,0.16733600199222565,4,7,1.787751499924977
10251634,9,1,0.21683497726917267,2,2,1.5286186881622177
10255489,8,1,0.34117695689201355,8,8,1.075354001131715
10255381,8,1,0.48784545063972473,7,7,0.7177566227976308
10255458,8,1,0.6128023862838745,6,6,0.4897127664969625
10255487,8,2,0.18761003017425537,1,9,1.673389778091625
10255375,7,1,0.5790322422981262,1,1,0.5463971167797216
10255459,9,1,0.28840968012809753,6,6,1.243373309196708
10255488,9,3,0.1349409967660904,8,2,2.0029176570746245
10255376,8,2,0.19154399633407593,10,6,1.652637750879129
10255490,9,5,0.08532961457967758,7,9,2.461233703264686
10255513,6,3,0.1469152867794037,1,7,1.917899138728999
10255378,9,2,0.18632636964321136,2,4,1.6802554674124077
10255492,12,4,0.10012050718069077,5,12,2.3013807467033605
10255457,8,5,0.1079816147685051,2,1,2.2257942999742584
10255514,8,1,0.40236857533454895,3,3,0.9103867563510305
10255377,11,1,0.2747088074684143,2,2,1.2920436242601436
10255454,8,6,0.06421066075563431,1,5,2.7455860266881786
10255516,8,2,0.2248903214931488,1,3,1.492142455655431
10255491,7,4,0.11702320724725723,2,3,2.145383011312985
10255380,12,2,0.2795447111129761,7,3,1.274593030976682
10255455,11,1,0.37064996361732483,14,14,0.992497156038526
10255493,10,4,0.1021699458360672,3,4,2.2811177165143355
10255517,10,1,0.2516343593597412,3,3,1.3797782000467946
10255379,9,3,0.18021994829177856,10,13,1.7135772390925073
10255486,10,2,0.15417952835559845,9,6,1.8696375870061703
10255456,9,2,0.30277979373931885,2,3,1.1947494910215744
10255512,10,6,0.05488919839262962,5,3,2.902438700414213
10255515,9,1,0.5317487716674805,10,10,0.6315841348856894
10265284,10,8,0.02007265016436577,2,10,3.9083970788341147
10265282,12,4,0.104670450091362,3,12,2.256938435025593
10265283,8,1,0.2932223975658417,2,2,1.2268239218263612
10265330,10,3,0.21713630855083466,8,9,1.5272299726414669
10265279,8,2,0.11636098474264145,1,6,2.1510579824944056
10265351,12,6,0.05688989534974098,11,9,2.866637539740679
10265305,8,4,0.133527934551239,11,5,2.013444575456229
10265332,6,6,0.08532387763261795,5,7,2.4613009383032125
10265359,6,2,0.23797817528247833,4,7,1.4355763100091983
10265280,8,5,0.12025130540132523,15,1,2.1181715143269133
10265352,9,3,0.20712070167064667,7,5,1.574453555795237
10265308,14,2,0.2372153103351593,3,11,1.4387870678405676
10265331,7,4,0.15497460961341858,3,6,1.8644939844267276
10265357,8,1,0.2176734209060669,8,8,1.5247594086589165
10265285,8,1,0.341496080160141,1,1,1.0744190783383663
10265353,7,2,0.22459536790847778,6,3,1.4934548606283213
10265306,10,1,0.34444987773895264,3,3,1.0658066918886981
10265333,5,1,0.2890182435512543,3,3,1.2412654663871687
10265358,8,1,0.37840336561203003,1,1,0.9717945475204215
10265281,10,6,0.0831761360168457,5,10,2.48679479901823
10265354,8,2,0.2514953315258026,3,1,1.3803308521362885
10265307,9,6,0.08790908008813858,4,5,2.43145217941975
10265336,8,6,0.09741091728210449,5,8,2.328816987529674
10265361,11,1,0.23324401676654816,5,5,1.4556700911740532
10265286,10,4,0.15756285190582275,2,8,1.8479308406000927
10265347,12,4,0.0970313772559166,10,5,2.332720875920996
10265309,11,5,0.12874214351177216,1,3,2.049943762567954
10265335,10,1,0.2840743958950043,4,4,1.2585191177489983
10265356,8,4,0.12831053137779236,1,11,2.053301926724637
10265348,8,1,0.24662476778030396,6,6,1.3998872562300535
10265310,11,7,0.06596243381500244,3,4,2.718669883623946
10265533,6,5,0.13091595470905304,1,3,2.033199728779694
10265334,10,1,0.2100805789232254,2,2,1.5602641127039851
10265360,8,3,0.13193096220493317,4,11,2.025476506814077
10265350,8,5,0.09276065230369568,9,2,2.377732734453774
10265311,14,5,0.08596803992986679,8,13,2.4537796805221754
10265536,6,1,0.3570910394191742,1,1,1.0297645173339884
10265329,9,6,0.09900074452161789,12,1,2.3126279084554424
10265362,10,4,0.10403792560100555,12,2,2.262999777075993
10265349,10,8,0.048295896500349045,6,7,3.030408680517701
10265534,9,2,0.2078833281993866,8,1,1.5707782787748172
10265363,7,4,0.1473262906074524,1,9,1.9151054880219518
10265531,8,6,0.06831356137990952,5,4,2.6836469760402313
10265532,5,3,0.14909464120864868,4,3,1.9031739987785374
10265535,8,4,0.11482305079698563,6,4,2.16436302433796
10269141,10,1,0.31601688265800476,11,11,1.1519596406894235
10269196,11,3,0.15008258819580078,3,2,1.8965695484318201
10269136,9,3,0.21171890199184418,1,6,1.5524958181391624
10269194,7,2,0.24144302308559418,4,2,1.421121762977392
10269137,12,4,0.12440511584281921,7,1,2.084211975384214
10269199,10,1,0.30812665820121765,6,6,1.1772443526135612
10269138,12,4,0.07564448565244675,7,12,2.581710734300203
10269192,11,1,0.43735384941101074,1,1,0.8270126874835528
10269139,15,1,0.20784081518650055,3,3,1.5709828038846076
10269193,9,2,0.19590432941913605,5,3,1.6301288541271175
10266211,9,2,0.1258486956357956,7,4,2.0726749218899974
10269140,11,3,0.17466327548027039,12,18,1.7448952987069735
10269195,11,4,0.12568546831607819,9,2,2.0739727761461744
10269180,10,7,0.051607999950647354,9,12,2.964078580708495
10266213,11,1,0.3098522126674652,2,2,1.1716598285071662
10269198,7,1,0.32424411177635193,4,4,1.126258615468274
10266214,9,2,0.21973547339439392,6,2,1.5153308497468572
10269197,9,2,0.2497052252292633,6,1,1.3874741558870687
10269183,10,3,0.14382588863372803,7,4,1.939151817675625
10269184,7,1,0.26852238178253174,6,6,1.314821009913193
10266209,10,2,0.19587989151477814,1,4,1.6302536059832864
10269179,11,2,0.1337578296661377,6,11,2.0117243553594863
10266212,11,1,0.237784743309021,1,1,1.4363894544412534
10269178,7,1,0.3720405101776123,4,4,0.9887525323110681
10266210,12,5,0.10038135945796967,8,1,2.2987787517312004
10269182,6,1,0.2898624539375305,7,7,1.2383487652830434
10269111,9,3,0.16749943792819977,1,5,1.7867752833751849
10269108,9,8,0.059228722006082535,5,7,2.8263486857269484
10269109,14,1,0.16298897564411163,6,6,1.8140727145478672
10269104,10,3,0.15319760143756866,8,2,1.8760266782109463
10269105,10,6,0.10301076620817184,3,10,2.272921769922063
10273007,9,5,0.12671369314193726,5,1,2.0658251221834947
10273112,9,2,0.28519371151924133,11,7,1.2545866400566112
10272917,7,4,0.13708628714084625,3,6,1.9871447182708006
10269110,10,4,0.12846915423870087,2,6,2.052066448297248
10273014,9,7,0.055526524782180786,8,9,2.8908944483957923
10273051,7,2,0.18746094405651093,7,4,1.6741847536340642
10273110,11,3,0.21233288943767548,8,11,1.5496000026406667
10272922,10,2,0.20268146693706512,2,4,1.5961196607004764
10269106,11,1,0.2584100365638733,1,1,1.3532076666365298
10273008,11,3,0.21204400062561035,6,1,1.5509614757248675
10273117,10,2,0.16664427518844604,7,4,1.7918938271229965
10273053,7,4,0.17595066130161285,2,1,1.7375516567583331
10272916,8,4,0.1611049771308899,1,2,1.8256990946092142
10269107,13,4,0.10217185318470001,13,3,2.2810990482962614
10273111,11,1,0.24428385496139526,10,10,1.409424389838853
10273010,11,2,0.27326148748397827,10,2,1.2973261126116118
10273055,8,1,0.2876676619052887,4,4,1.2459494168788683
10272918,10,2,0.1494835615158081,12,8,1.9005688486130452
10273115,8,1,0.3686823844909668,2,2,0.9978197522336514
10273009,15,2,0.11802250891923904,3,10,2.1368799191547447
10273054,11,1,0.30205240845680237,3,3,1.1971547387268016
10273118,8,3,0.13766585290431976,8,2,1.9829258858133207
10272919,9,1,0.2843925952911377,2,2,1.257399617639758
10273011,10,1,0.21338601410388947,1,1,1.5446524806694852
10273052,9,1,0.38672658801078796,5,5,0.9500373265628733
10273113,9,3,0.19242191314697266,1,4,1.6480648535406413
10272921,10,5,0.0822182446718216,5,7,2.4983780469032593
10273012,14,9,0.05140390619635582,2,13,2.968041113370519
10273114,11,9,0.04051310196518898,10,8,3.2061298518728965
10273056,11,1,0.2884395718574524,4,4,1.243269671273009
10272914,10,4,0.1227157935500145,5,11,2.0978842187595323
10273013,12,7,0.038031890988349915,7,1,3.2693302346823025
10273057,11,4,0.14065255224704742,3,6,1.961462598124543
10273043,4,2,0.30266469717025757,5,4,1.1951296962168512
10272915,16,3,0.10416680574417114,13,17,2.261761763330639
10269148,9,1,0.3287210166454315,6,6,1.1125458616719517
10273047,5,1,0.43601158261299133,8,8,0.8300864703598358
10273050,13,5,0.07103919982910156,12,15,2.644523444028584
10269149,8,3,0.21980369091033936,5,7,1.51502044502285
10273044,7,1,0.48924142122268677,4,4,0.7148992074070789
10269150,6,3,0.16061396896839142,2,4,1.8287515013741018
10273045,9,1,0.5713903307914734,2,2,0.559682711289662
10269152,7,6,0.030167363584041595,5,8,3.5009946149777957
10273041,5,1,0.41059356927871704,2,2,0.8901514362863484
10269154,11,7,0.09277158230543137,3,4,2.3776149112434695
10273046,7,5,0.04813425615429878,2,6,3.033761169194582
10269153,9,1,0.2577767074108124,5,5,1.3556615439522632
10273042,8,4,0.15097588300704956,6,7,1.8906351701081434
10269151,10,10,0.017381679266691208,1,5,4.052338543174205
10269155,9,2,0.18951354920864105,5,1,1.6632947572338965
10272905,9,1,0.22579245269298553,7,7,1.4881390525683942
10272925,7,1,0.2419423907995224,5,5,1.4190556357123603
10272901,10,6,0.062204327434301376,2,5,2.7773307087583494
10272903,7,4,0.12060540914535522,7,1,2.1152311437433347
10272924,7,6,0.09415893256664276,1,4,2.3627711524724235
10272900,7,3,0.15379932522773743,5,1,1.8721066092561254
10273135,7,1,0.2737162411212921,6,6,1.2956633255608447
10272930,11,4,0.12900632619857788,1,4,2.0478938355238476
10273002,4,1,0.28829818964004517,3,3,1.2437599537884878
10273143,14,2,0.12862388789653778,8,14,2.050862730956358
10272904,14,11,0.03031381405889988,6,12,3.496151760827339
10272927,10,1,0.20675726234912872,3,3,1.5762098194600427
10273000,6,1,0.3516746163368225,5,5,1.045048916298459
10273148,14,4,0.09781061112880707,4,14,2.3247222095773137
10272907,14,1,0.14759254455566406,12,12,1.9132998792319829
10273138,6,3,0.21952372789382935,3,1,1.51629495256517
10277123,10,2,0.28760942816734314,7,8,1.2461518714495419
10276843,7,1,0.4722907841205597,1,1,0.750160415036566
10272931,10,1,0.26153886318206787,6,6,1.3411723901444583
10276933,9,4,0.12031289935112,9,11,2.1176594352235063
10273001,6,1,0.2516454756259918,6,6,1.3797340247571062
10276890,12,3,0.16286326944828033,2,7,1.8148442679372365
10272906,13,7,0.06244846060872078,5,12,2.773413692694818
10276908,8,3,0.17171376943588257,2,5,1.761926319559814
10273139,7,1,0.3139539361000061,2,2,1.1585090041538797
10276844,7,1,0.34919771552085876,4,4,1.052116997074576
10272926,13,7,0.07941389828920364,7,9,2.5330818846212715
10276936,6,2,0.23462052643299103,1,2,1.4497858511384711
10273004,8,1,0.2503649890422821,3,3,1.3848354696506193
10272899,15,3,0.10641361773014069,6,2,2.2404217240785935
10273230,7,4,0.14497610926628113,3,5,1.9311863138174088
10276909,9,3,0.16191788017749786,6,3,1.820665984757903
10273140,8,6,0.07534952461719513,4,2,2.585617662924954
10277126,10,3,0.16553083062171936,11,3,1.7985978137698988
10276840,10,4,0.10815232247114182,2,12,2.224214652276965
10272932,12,5,0.08322566002607346,8,2,2.4861995649298048
10276934,9,1,0.4572884440422058,2,2,0.7824409186085408
10272996,11,3,0.15868011116981506,4,3,1.8408649827450314
10276899,9,1,0.3131202459335327,3,3,1.161167989905666
10276894,10,1,0.5446133613586426,12,12,0.6076791647822506
10273253,5,1,0.360175222158432,1,1,1.0211646377278718
10273144,5,2,0.296990305185318,1,4,1.2140557831858914
10273462,6,5,0.12216629087924957,2,6,2.1023721223507854
10273227,8,3,0.1506275087594986,5,4,1.8929453192112007
10273131,9,5,0.08543635904788971,7,2,2.4599835188181283
10276841,9,2,0.27499136328697205,9,6,1.2910155880379444
10276935,9,2,0.2535102367401123,2,9,1.3723510751484147
10272999,8,2,0.1838519275188446,5,3,1.693624587097024
10273256,5,3,0.1738814413547516,1,4,1.7493815835311013
10276895,11,6,0.08187930285930634,3,6,2.5025090324008397
10273145,8,1,0.2969765365123749,2,2,1.214102144942067
10273463,8,5,0.1313163936138153,2,4,2.0301456493072125
10276897,8,3,0.19087351858615875,1,3,1.6561442766461698
10273231,7,2,0.20070712268352509,7,6,1.605908534604165
10272929,11,8,0.07120347023010254,3,2,2.642213722565089
10273137,10,3,0.1265399307012558,8,1,2.0671973629065405
10277128,9,1,0.3226582705974579,8,8,1.1311615015878655
10276842,8,6,0.05501602962613106,4,7,2.9001306884644733
10276940,9,3,0.13734203577041626,8,9,1.9852808530480277
10272995,9,8,0.0280376635491848,1,11,3.5742065459228707
10273254,4,3,0.1771288812160492,2,3,1.7308776689118621
10276892,13,1,0.2852551341056824,5,5,1.2543712917842833
10273151,12,1,0.24083763360977173,8,8,1.4236322920039515
10273458,5,3,0.18609105050563812,3,1,1.6815192061966835
10276900,9,7,0.051825396716594696,1,8,2.9598749657625363
10273228,8,1,0.26784172654151917,3,3,1.3173590455342434
10273133,11,4,0.11811970174312592,4,2,2.136056747142401
10277124,9,1,0.22326786816120148,2,2,1.4993830258719494
10276846,11,10,0.017659230157732964,3,13,4.036496677183853
10276938,10,1,0.2935807704925537,10,10,1.225602479984276
10272997,12,4,0.11136971414089203,12,8,2.1948998543318634
10273255,6,2,0.24655388295650482,1,2,1.4001747172715295
10276893,10,4,0.1280592679977417,1,4,2.0552620909960444
10273149,16,6,0.06376976519823074,2,3,2.752476100671603
10273465,8,2,0.18092940747737885,2,4,1.7096483377286613
10276898,10,3,0.09412617236375809,2,5,2.363119137547795
10273233,12,4,0.07622982561588287,1,4,2.5740024805894133
10273136,12,1,0.19168037176132202,9,9,1.6519260245675655
10277127,10,5,0.07926655560731888,1,10,2.5349389844796746
10276848,9,2,0.21647290885448456,3,12,1.530289871681143
10276939,10,1,0.31259238719940186,6,6,1.162855214460204
10273003,12,2,0.14595088362693787,9,1,1.9244851273876453
10273257,6,1,0.3757215738296509,3,3,0.9789069050280926
10276889,9,3,0.134505033493042,11,6,2.0061536569004046
10273152,12,2,0.1563800722360611,1,8,1.8554658743594077
10273459,8,1,0.4127260744571686,5,5,0.8849711640469377
10276901,6,5,0.06072693318128586,3,2,2.8013679695856246
10273229,10,1,0.1830291450023651,8,8,1.6981098765136051
10273132,11,3,0.1320764422416687,15,13,2.024374416122602
10277122,9,2,0.16962501406669617,1,6,1.7741650778989058
10276845,10,2,0.1729128509759903,4,2,1.754967562993686
10276937,15,3,0.0969652608036995,15,16,2.333402500669118
10273252,5,5,0.12934137880802155,5,2,2.0453000226832487
10272998,12,1,0.1574968546628952,11,11,1.8483497913101765
10273150,14,2,0.16010712087154388,10,3,1.8319121823199505
10273467,10,3,0.09188445657491684,1,5,2.3872233980393545
10273232,11,9,0.03469259291887283,2,4,3.361229075366485
10277125,10,9,0.04288994148373604,2,7,3.149117944787782
10273460,10,1,0.28424954414367676,9,9,1.2579027500689544
10273466,13,2,0.24552442133426666,2,1,1.4043588607916349
10273461,13,1,0.1688428372144699,3,3,1.7787869540484618
10273464,9,1,0.18850359320640564,8,8,1.6686382101728034
10272892,10,5,0.0563838966190815,9,12,2.875571682185259
10272863,6,1,0.2721845209598541,3,3,1.3012750568040123
10272860,10,4,0.14739666879177094,8,7,1.9146278992667376
10272890,10,2,0.18848641216754913,7,8,1.6687293586840293
10272862,6,2,0.20021305978298187,7,5,1.6083731805474129
10276921,9,1,0.4119490683078766,5,5,0.8868555578862183
10272894,11,1,0.25171327590942383,11,11,1.3794646332599474
10272861,10,2,0.24267050623893738,2,10,1.4160506971655304
10276990,9,1,0.5794654488563538,8,8,0.5456492403156993
10276920,7,2,0.2293732613325119,1,6,1.4724046402237774
10277011,6,2,0.21260853111743927,6,4,1.5483026863279234
10272891,12,6,0.05849828943610191,7,2,2.8387577655803495
10276866,8,2,0.20489047467708588,6,2,1.5852797124846036
10276993,10,1,0.29498767852783203,3,3,1.2208216912168763
10272864,7,2,0.18014900386333466,3,5,1.7139709712880038
10272945,9,2,0.3559022843837738,2,5,1.0330990678752552
10277008,8,2,0.21985000371932983,6,5,1.5148097664377387
10272893,11,2,0.2705807685852051,12,13,1.3071846353009229
10276860,8,3,0.14357078075408936,8,9,1.9409271197150257
10276995,9,1,0.3562262952327728,1,1,1.0321890893106205
10272942,6,1,0.2591496407985687,1,1,1.3503496204227488
10272859,8,1,0.2572256028652191,5,5,1.357801746995848
10276923,6,4,0.11842361837625504,2,5,2.1334870968964466
10277009,9,3,0.15701906383037567,5,8,1.8513880553341464
10272895,10,3,0.16224317252635956,1,4,1.818659004244128
10276861,5,5,0.09533052146434784,6,5,2.3504052523946024
10276870,11,1,0.3651280999183655,11,11,1.0075070282907843
10276992,11,2,0.1874409317970276,5,3,1.67429151362003
10272943,7,1,0.38330143690109253,5,5,0.9589335578390421
10276922,8,5,0.1291826367378235,5,6,2.0465280872389795
10277005,9,1,0.23006752133369446,1,1,1.4693824421264177
10276867,7,2,0.21257275342941284,7,2,1.5484709801329954
10276862,8,1,0.46280163526535034,8,8,0.7704567502519386
10276994,9,1,0.31869420409202576,7,7,1.1435232438176395
10272944,10,1,0.29034677147865295,8,8,1.2366793066381503
10276918,10,3,0.20046250522136688,7,9,1.6071280561006085
10277006,8,4,0.1514291614294052,5,8,1.8876373447070065
10276872,9,3,0.16790321469306946,1,6,1.7843675686074278
10277205,13,2,0.1461310088634491,12,11,1.923251738643071
10276864,10,2,0.2070399820804596,1,9,1.5748433542207083
10276988,7,3,0.15951047837734222,5,8,1.8356456637593195
10272946,10,8,0.033724699169397354,5,8,3.3895247970349263
10276917,12,2,0.18520644307136536,6,4,1.6862841675730205
10277010,9,4,0.11354491859674454,5,7,2.175556761790818
10276868,8,1,0.26521751284599304,6,6,1.327204986478212
10277201,14,2,0.2905351519584656,1,7,1.2360307049901524
10276863,11,2,0.17596504092216492,13,8,1.7374699347978226
10276991,9,3,0.11839769780635834,3,5,2.1337060009243274
10272947,10,8,0.0340995192527771,1,6,3.3784719929510754
10276914,16,6,0.08028511703014374,7,13,2.522171017297753
10277007,10,2,0.17833612859249115,7,8,1.7240851465266638
10276873,11,6,0.04453253746032715,1,9,3.1115351781072365
10277207,13,1,0.4366374909877777,2,2,0.8286519682190465
10276989,8,1,0.2780785858631134,3,3,1.2798515222779605
10276865,14,7,0.0730154737830162,2,6,2.617083890665775
10276913,8,4,0.12158035486936569,1,5,2.1071798778521527
10276869,11,3,0.148228257894516,8,7,1.9090019102440725
10277206,16,1,0.18659202754497528,5,5,1.6788307163209863
10277202,10,1,0.31090450286865234,1,1,1.168269478687952
10277198,10,6,0.05293948948383331,2,8,2.9386057255271227
10277199,11,3,0.13426430523395538,2,5,2.007944994592415
10277204,12,2,0.14782726764678955,2,8,1.9117107973165302
10277200,10,6,0.056486744433641434,8,1,2.873749280149351
10276804,5,1,0.46256959438323975,5,5,0.7709582590076455
10276833,5,4,0.10716307908296585,8,6,2.2334035012082087
10276806,9,2,0.1899452656507492,2,1,1.6610193238457474
10276835,8,1,0.2424129843711853,8,8,1.4171124603338505
10276834,8,2,0.3512927293777466,1,2,1.0461354162588672
10276807,8,1,0.3231085538864136,1,1,1.1297669320780666
10276829,10,1,0.4714500606060028,1,1,0.7519420985181146
10276801,10,3,0.21865132451057434,11,4,1.5202769434668497
10276830,10,1,0.4092520475387573,5,5,0.8934240595943375
10276802,7,4,0.08775122463703156,7,15,2.433249460755978
10276831,7,1,0.38216355443000793,2,2,0.9619066090487498
10276803,11,3,0.12672749161720276,5,2,2.0657162332095713
10276832,10,8,0.06192196160554886,3,7,2.781880370526279
10280126,8,1,0.38744038343429565,8,8,0.9481932912265555
10280212,5,5,0.10189305990934372,5,8,2.283831447948757
10280125,9,2,0.24626700580120087,10,5,1.401338942223237
10280215,9,2,0.27603429555892944,2,10,1.2872301617130473
10280123,9,2,0.3352484107017517,9,1,1.0928834974676733
10280209,11,1,0.30075493454933167,4,4,1.2014595167828754
10280214,9,6,0.06322405487298965,7,1,2.76107043516592
10280122,8,4,0.11055095493793488,3,10,2.202278733652354
10280315,7,2,0.2329503893852234,6,4,1.4569297691808125
10280208,10,9,0.036864761263132095,3,9,3.300499163537836
10280124,9,3,0.18923260271549225,1,2,1.6647783184172946
10280316,9,4,0.1375475376844406,7,6,1.9837856930117637
10280210,11,3,0.13980230689048767,6,4,1.9675259479560003
10280127,8,6,0.06393895298242569,3,7,2.7498265104856756
10280211,11,2,0.18370969593524933,1,9,1.6943985067971157
10280317,6,4,0.18381980061531067,2,4,1.6937993457262976
10280128,9,2,0.22804999351501465,1,5,1.47819040426111
10280213,12,11,0.028048943728208542,2,7,3.5738043044708236
10280318,5,3,0.2253355085849762,5,1,1.490164838170255
10280129,11,5,0.10668469965457916,3,1,2.2378775268837012
10280321,10,2,0.1919405609369278,3,6,1.6505695333371582
10280319,11,8,0.0428067222237587,10,9,3.1510601274244476
10290619,10,6,0.08326273411512375,6,3,2.4857541994753016
10290616,8,1,0.2971133291721344,7,7,1.213641633258302
10290613,7,1,0.292415976524353,6,6,1.2295779133230114
10290614,8,7,0.058782510459423065,1,7,2.8339109094882273
10290642,7,3,0.14243973791599274,1,6,1.948836260534989
10290718,6,1,0.4029700458049774,4,4,0.9088930478252701
10290615,13,6,0.057206615805625916,1,15,2.8610857263470795
10290659,9,1,0.24075479805469513,1,1,1.4239762988879765
10290643,7,1,0.5646498203277588,6,6,0.5715495270135909
10290617,10,4,0.11663612723350525,3,6,2.148696214003591
10290647,10,2,0.20174910128116608,3,2,1.6007304264582778
10290719,10,2,0.26942846179008484,4,5,1.311452371773826
10290612,11,2,0.18020083010196686,8,10,1.713683327259315
10290631,7,3,0.24289165437221527,3,7,1.4151398018507444
10290654,13,1,0.49015724658966064,3,3,0.7130290279510462
10290645,6,1,0.29578903317451477,9,9,1.2181088045296045
10290665,10,3,0.16227249801158905,6,2,1.818478270381503
10290722,7,7,0.023954957723617554,3,8,3.731579973473591
10290618,10,9,0.05240265280008316,7,2,2.9487980629808055
10290632,9,1,0.3550092279911041,6,6,1.03561149550343
10290657,12,4,0.08440111577510834,5,10,2.472174657383388
10290666,7,6,0.09014017879962921,1,2,2.4063892781446197
10290646,11,10,0.02848341502249241,4,3,3.5584332901293045
10290723,8,2,0.1927604377269745,4,10,1.64630711637333
10290667,7,1,0.28929173946380615,4,4,1.240319620937586
10290634,9,7,0.0582025907933712,1,3,2.843825409885503
10290658,13,1,0.2658592760562897,2,2,1.324788147572459
10290641,6,3,0.20940710604190826,3,4,1.5634750458688222
10290671,8,1,0.21739457547664642,6,6,1.5260412564156836
10290716,11,1,0.4038531482219696,9,9,0.9067039616012017
10290633,8,3,0.15482664108276367,4,6,1.8654492326161662
10290655,12,3,0.10044246166944504,2,10,2.2981702361376035
10290832,5,1,0.36100471019744873,1,1,1.0188642730960138
10290644,11,2,0.17476607859134674,3,2,1.7443068929943766
10290670,7,2,0.22600865364074707,7,6,1.4871819899971281
10290635,13,4,0.11400672793388367,4,5,2.1714978153651825
10290720,11,1,0.23036113381385803,1,1,1.4681070544341857
10290656,13,4,0.14833524823188782,8,2,1.9082803761388754
10290672,10,6,0.07124922424554825,8,9,2.6415713476744282
10290648,10,1,0.19172948598861694,13,13,1.6516698275680841
10290717,10,1,0.27527493238449097,3,3,1.2899849266114618
10290668,11,2,0.1417807638645172,8,12,1.9534733308950913
10290828,8,2,0.24881614744663239,3,1,1.3910410189102806
10290669,10,1,0.3035613000392914,15,15,1.192171711811995
10290721,12,4,0.12093615531921387,10,8,2.1124925146273843
10290829,10,1,0.22915060818195343,5,5,1.4733758139526145
10290830,13,6,0.07618799060583115,2,8,2.574551432308305
10290831,11,1,0.22535908222198486,5,5,1.4900602279197173
10290834,16,3,0.14585374295711517,7,2,1.9251509199389714
10294004,4,1,0.3875593841075897,6,6,0.9478861926203024
10294007,5,4,0.12209789454936981,3,6,2.1029321416720563
10293878,6,5,0.0545741468667984,5,1,2.9081950089761777
10293986,7,2,0.25016680359840393,8,1,1.3856273692148389
10293925,4,1,0.37495651841163635,2,2,0.9809452106368548
10294005,6,1,0.38608643412590027,5,5,0.9516940119782717
10293879,10,1,0.42589807510375977,2,2,0.8535552216598961
10293984,8,2,0.17534653842449188,7,1,1.7409910435403808
10293927,10,1,0.266715407371521,4,4,1.321573079040914
10294006,8,2,0.2614014446735382,5,1,1.3416979511296356
10293880,8,2,0.1828330159187317,7,3,1.6991820240236246
10293992,11,3,0.18972602486610413,6,4,1.6621742218561555
10293922,6,4,0.10032930225133896,2,3,2.2992974806054383
10294001,8,3,0.16572882235050201,6,3,1.7974024267036934
10293990,6,2,0.24156689643859863,3,5,1.420608840361466
10294002,8,4,0.13621734082698822,8,6,1.9935035745238847
10293926,9,3,0.1497083157300949,5,8,1.8990664398001285
10293876,11,8,0.02332601509988308,5,16,3.758186013372192
10293991,10,1,0.41752567887306213,8,8,0.8734092302998772
10293923,7,2,0.2865963876247406,1,4,1.2496803679077628
10293998,9,3,0.1613370031118393,8,6,1.8242599146313268
10293877,11,8,0.06698255985975266,2,8,2.7033229940759593
10293989,10,4,0.1104942262172699,11,5,2.202792010816905
10293920,11,2,0.2020760029554367,8,3,1.5991114000914248
10293999,8,4,0.13089951872825623,2,4,2.0333252827097397
10293881,9,2,0.17914490401744843,1,7,1.7195602809751398
10293921,9,6,0.08972623199224472,3,4,2.4109921112849197
10293988,10,10,0.018635066226124763,2,6,3.9827101922002535
10294000,10,7,0.07229766994714737,6,3,2.626963377900397
10293883,10,4,0.13558080792427063,12,6,1.9981874479745718
10293924,13,2,0.15169213712215424,7,6,1.8859022257299984
10293985,11,3,0.12853741645812988,4,14,2.0515352383686527
10293916,5,1,0.30911174416542053,1,1,1.174052435854037
10291481,9,2,0.2216724306344986,4,9,1.5065545244700616
10294003,12,5,0.09199865162372589,4,3,2.38598135830435
10293882,14,3,0.14826415479183197,11,5,1.9087597664592375
10293915,6,2,0.22344136238098145,7,6,1.4986062600625982
10293987,13,7,0.06536785513162613,5,1,2.7277246530993144
10291482,11,2,0.2606130540370941,6,10,1.3447185233084604
10293917,8,2,0.23345762491226196,3,9,1.454754696234102
10291483,8,2,0.19173912703990936,1,8,1.6516195441760833
10293911,10,1,0.34509092569351196,5,5,1.063947343939881
10291485,8,2,0.15767312049865723,2,6,1.8472312466007734
10293912,10,3,0.19340386986732483,9,8,1.6429746865078863
10291484,10,2,0.13860918581485748,5,2,1.9760969187020003
10293918,5,2,0.24424169957637787,6,1,1.4095969719473238
10291486,12,3,0.12400494515895844,3,11,2.087433833858118
10293914,7,6,0.09851779788732529,8,7,2.317518057914999
10291480,12,2,0.1892298310995102,2,1,1.6647929651337687
10293913,5,1,0.3004480302333832,7,7,1.2024804842783319
10293825,11,3,0.12002581357955933,2,8,2.1200484461706157
10293826,7,7,0.06204860284924507,3,7,2.7798372841161245
10293819,7,7,0.06722778081893921,2,6,2.6996687118376164
10298384,11,6,0.08367499709129333,8,5,2.4808150666467035
10293820,14,12,0.03641398251056671,3,9,3.312802443194687
10298461,4,1,0.40446457266807556,4,4,0.9051911293400342
10293821,14,3,0.13095645606517792,3,2,2.0328904074859535
10293824,10,1,0.2171538919210434,5,5,1.5271489974308854
10298376,12,1,0.3081146478652954,3,3,1.1772833319413198
10298383,13,3,0.11355173587799072,4,2,2.1754967232027194
10298627,6,1,0.3160634934902191,1,1,1.1518121568121897
10298463,13,4,0.0927865207195282,3,4,2.377453900607064
10298378,14,3,0.11191066354513168,12,4,2.190054372895079
10298629,5,1,0.3519192636013031,4,4,1.0443534944611867
10298467,12,1,0.2387019544839859,10,10,1.432539557635743
10298501,13,1,0.16117018461227417,1,1,1.8252944249975604
10298377,10,1,0.3276575803756714,2,2,1.1157861781754514
10298464,13,1,0.21253572404384613,10,10,1.548645191599586
10298631,8,3,0.192013218998909,6,2,1.650191060371685
10298496,6,1,0.3040493428707123,2,2,1.1905652786723835
10298381,14,1,0.16816923022270203,4,4,1.7827844838338123
10298466,8,2,0.2112911343574524,1,2,1.5545183128482631
10298632,7,2,0.15458399057388306,1,2,1.8670177020467527
10298497,12,5,0.08908303827047348,14,12,2.4181863299622877
10293840,6,5,0.06761541962623596,3,1,2.69391922096447
10298380,10,1,0.26728183031082153,2,2,1.3194516330417074
10298440,5,4,0.11179177463054657,2,4,2.1911172931452834
10298498,9,7,0.07086655497550964,1,12,2.6469566778182934
10298628,7,2,0.19892127811908722,1,5,1.6148461198642283
10293846,6,5,0.030952103435993195,4,7,3.4753143197701375
10298438,7,1,0.3831624984741211,2,2,0.9592961017816354
10298502,11,1,0.2061309516429901,7,7,1.5792436245689936
10298630,5,2,0.2828390896320343,3,2,1.2628771309189537
10298439,8,4,0.14249716699123383,10,11,1.9484331602343283
10298499,14,3,0.09813785552978516,3,5,2.3213820996923458
10293841,12,6,0.09023024886846542,2,7,2.4053905548229824
10298441,8,1,0.21818743646144867,6,6,1.5224007853277013
10293842,7,2,0.2353341430425644,2,1,1.4467488894721403
10298500,12,2,0.18537937104701996,7,4,1.685350899317097
10298442,6,2,0.21108828485012054,8,6,1.5554788214038542
10293839,9,1,0.3831252455711365,6,6,0.9593933313231581
10298436,11,1,0.23704440891742706,5,5,1.4395077760019062
10293844,7,1,0.2399679571390152,2,2,1.4272498764744257
10298437,8,3,0.14508073031902313,4,7,1.9304649306745145
10293845,6,4,0.10909523069858551,5,6,2.215534102052025
10298314,7,2,0.16631761193275452,5,8,1.7938559938041323
10298315,7,5,0.139703631401062,8,5,1.9682320187760212
10298316,5,5,0.08175969123840332,8,3,2.503970928972189
10298325,11,2,0.18034447729587555,2,1,1.7128864942479742
10298416,4,3,0.21124114096164703,2,3,1.5547549499004312
10298474,12,3,0.12050605565309525,4,10,2.1160552729316033
10298318,8,4,0.07833083719015121,8,2,2.5468139196714525
10298541,10,3,0.12755544483661652,9,11,2.059204147444841
10298329,16,6,0.05629017949104309,2,6,2.8772351908269176
10298418,7,2,0.1841081976890564,1,5,1.6922316632768009
10298475,7,1,0.3051484227180481,3,3,1.1869569888791582
10298317,10,2,0.1772041916847229,5,3,1.7304525859852744
10298583,8,1,0.3777673840522766,7,7,0.973476658895385
10298533,6,1,0.2793627381324768,5,5,1.2752442049310642
10301570,7,1,0.3511326014995575,1,1,1.0465913448079214
10298330,12,1,0.27929261326789856,4,4,1.2754952536850794
10298420,10,3,0.13029494881629944,7,12,2.037954561402448
10301660,8,2,0.2236822098493576,12,2,1.4975289404729866
10298472,13,3,0.14866547286510468,1,6,1.9060566457177734
10298320,7,2,0.16014464199543,10,7,1.8316778596500491
10298579,7,2,0.17905542254447937,3,1,1.7200598979112227
10301613,9,5,0.10949945449829102,1,7,2.2118357114887575
10298539,12,3,0.16396380960941315,7,6,1.808109548623167
10301571,7,1,0.47176945209503174,1,1,0.7512648616778339
10301689,8,3,0.1895330548286438,5,7,1.6631918378576922
10298411,10,1,0.2288617044687271,4,4,1.4746373684722764
10301654,11,1,0.281821072101593,2,2,1.2664829055154985
10298469,13,1,0.16098231077194214,11,11,1.8264607910156583
10298327,16,4,0.11130166798830032,9,7,2.1955110343951403
10298321,8,1,0.19738970696926117,8,8,1.6225752963551114
10298582,12,2,0.1757429987192154,14,7,1.7387325856753848
10301610,8,2,0.21955059468746185,8,10,1.5161725733128006
10298536,12,1,0.19171378016471863,14,14,1.6517517475040613
10301803,7,1,0.2835029363632202,2,2,1.2605327983257464
10301574,8,3,0.1644192337989807,8,2,1.8053358092922365
10301684,9,1,0.3900659382343292,5,5,0.9414394817538557
10298413,10,1,0.5166471004486084,1,1,0.6603952285535124
10301658,9,4,0.08492479473352432,3,4,2.4659891819707997
10298470,11,3,0.13664722442626953,4,5,1.9903526783674377
10298693,5,1,0.37565985321998596,3,3,0.9790711907226328
10298328,17,4,0.10911768674850464,3,16,2.2153282842639572
10298584,8,4,0.1516379415988922,6,4,1.8862595626882535
10301612,9,1,0.34724336862564087,2,2,1.0577293943604384
10298534,9,7,0.08671675622463226,2,9,2.4451081471491523
10301806,10,1,0.21713435649871826,3,3,1.5272389626666907
10301579,12,1,0.30333423614501953,5,5,1.192919991841518
10301685,8,2,0.2169123739004135,2,4,1.5282618139041797
10298419,11,9,0.0412253700196743,3,6,3.188701434963067
10298479,9,3,0.13806304335594177,9,2,1.9800448622300668
10298689,6,1,0.2520813047885895,5,5,1.378003605457219
10298323,13,13,0.027066022157669067,4,6,3.6094761326749008
10298580,10,6,0.07057255506515503,3,5,2.6511139485152158
10301611,11,5,0.11581210047006607,7,4,2.1557862247422626
10298535,12,2,0.14357943832874298,13,3,1.9408668197460137
10301804,12,1,0.23118069767951965,4,4,1.464555633214524
10301572,9,4,0.12669850885868073,2,8,2.065944960795486
10301688,10,2,0.1519964635372162,3,6,1.883898024609048
10298412,11,1,0.20178936421871185,3,3,1.6005308770169155
10301656,12,4,0.09478161484003067,8,6,2.3561798248158308
10298473,12,3,0.13698624074459076,5,6,1.987874790718931
10298690,8,1,0.4995371699333191,1,1,0.6940732693812149
10298585,10,3,0.1243164986371994,13,14,2.0849245568746073
10301608,11,6,0.0908021330833435,2,8,2.3990725015435173
10298537,12,8,0.05665384605526924,5,2,2.870795402280975
10301808,12,2,0.18768900632858276,7,6,1.6729689075440792
10301568,11,1,0.31299149990081787,2,2,1.1615792456771348
10301686,12,1,0.242349773645401,3,3,1.4173732506899461
10298414,7,1,0.22805045545101166,8,8,1.4781883786722378
10301659,11,1,0.20179161429405212,3,3,1.6005197264649316
10298478,8,1,0.37025976181030273,9,9,0.9935504607252007
10298694,5,2,0.2679820954799652,1,3,1.3168351086136059
10298587,12,5,0.07411719858646393,1,12,2.602107673928686
10301609,11,6,0.10746996849775314,1,9,2.2305438332550773
10298542,10,6,0.0752498060464859,2,6,2.5869419528118103
10301805,12,1,0.2128225415945053,6,6,1.5472965985790723
10301569,7,5,0.12766851484775543,2,5,2.0583181019601136
10301687,12,6,0.06165951117873192,4,10,2.7861277842439787
10298417,15,3,0.16158398985862732,6,5,1.822730210460171
10301657,13,7,0.07753199338912964,4,3,2.557064609884458
10298477,11,2,0.1362922191619873,1,9,1.9929540280280733
10298691,5,2,0.3206877112388611,1,2,1.1372874915739188
10298586,9,8,0.07233933359384537,5,1,2.626387264639885
10298540,13,2,0.1543050855398178,11,19,1.8688235613757371
10301578,12,1,0.2410246729850769,2,2,1.4228559732002644
10301810,12,4,0.10965731739997864,3,7,2.2103950721909325
10298415,14,4,0.11204534024000168,1,2,2.1888516660345534
10298471,16,5,0.081448033452034,1,15,2.5077900884608697
10298581,10,2,0.18176935613155365,3,15,1.7050166695785454
10301717,8,3,0.18400640785694122,9,7,1.6927846966700753
10301789,13,1,0.37159860134124756,13,13,0.9899410359320786
10301899,10,1,0.26979860663414,6,6,1.3100794996616245
10301522,9,3,0.16860578954219818,8,3,1.780191895082252
10301909,10,2,0.2672519087791443,7,8,1.3195635868044744
10301791,8,1,0.35911989212036133,8,8,1.0240989849084796
10301895,8,1,0.33402007818222046,3,3,1.0965541734942046
10301591,10,1,0.3692578971385956,2,2,0.9962599708295542
10301523,10,1,0.4368935227394104,3,3,0.8280657686338208
10301910,10,3,0.1137339398264885,4,7,2.173893419457652
10301718,14,1,0.19698452949523926,2,2,1.6246300838088472
10301793,11,1,0.48943451046943665,10,10,0.7145046145842607
10301893,12,3,0.15485958755016327,8,5,1.8652364593994215
10301592,11,3,0.17130330204963684,7,3,1.7643195974243255
10301524,11,1,0.30580615997314453,5,5,1.184803841892987
10301908,10,2,0.23212508857250214,3,8,1.4604788777369022
10301715,14,4,0.08480363339185715,14,18,2.46741689050008
10301787,8,2,0.3009292185306549,9,12,1.2008801962695947
10301897,8,1,0.278982549905777,3,3,1.2766060442573846
10301597,10,2,0.17572656273841858,9,3,1.7388261128686966
10301520,12,1,0.37230047583580017,2,2,0.9880540200065115
10301714,14,1,0.6010456681251526,11,11,0.509084360436695
10301911,9,4,0.10009606182575226,1,2,2.301624935834972
10301713,9,2,0.20234476029872894,4,7,1.5977823022444546
10301792,10,1,0.225818932056427,1,1,1.4880217864215874
10301901,8,6,0.06321701407432556,4,7,2.7611818040230482
10301593,10,4,0.09456277638673782,2,9,2.3584913646435144
10301521,12,1,0.2843303382396698,5,5,1.2576185539549514
10301905,9,8,0.034767765551805496,6,8,3.3590645987085423
10301716,11,3,0.14340804517269135,3,2,1.942061249372959
10301794,7,6,0.0607248991727829,3,7,2.801401464485845
10301898,13,9,0.008222484029829502,2,10,4.800882922155365
10301594,10,1,0.2026192545890808,4,4,1.5964266542248828
10301518,12,3,0.11519032716751099,5,2,2.161169499805452
10301906,10,1,0.2617682218551636,1,1,1.3402958161620302
10301790,8,1,0.4351111650466919,4,4,0.8321537287097847
10301719,13,1,0.21682587265968323,1,1,1.5286606777007812
10301892,9,7,0.040101971477270126,6,18,3.2163297818564254
10301596,11,11,0.04643534868955612,3,5,3.0696942845855006
10301519,12,6,0.04254382848739624,2,13,3.157220475906574
10301907,9,1,0.2555774450302124,2,2,1.3642298036032012
10301788,10,2,0.21399006247520447,2,8,1.5418257020702728
10301720,9,6,0.11462391912937164,4,14,2.1660987780737697
10301595,11,2,0.1566256731748581,1,9,1.8538965677712587
10301894,14,5,0.06133288890123367,6,8,2.791439056243053
10301900,13,2,0.14037740230560303,19,7,1.9634207525839227
10302110,9,7,0.03810599818825722,2,6,3.267383576478062
10301583,11,2,0.25137779116630554,12,6,1.3807983273555182
10305601,8,2,0.24089409410953522,8,11,1.4233978856039855
10302108,6,1,0.33901262283325195,1,1,1.0817179367985923
10301577,10,1,0.24144725501537323,3,3,1.4211042354769594
10305595,11,1,0.3052498400211334,10,10,1.1866246900827513
10302103,6,3,0.22441014647483826,7,5,1.4942798903360308
10301576,12,2,0.18955934047698975,3,6,1.6630531611197066
10305602,12,6,0.07006875425577164,9,1,2.658278315325287
10302104,11,2,0.25996649265289307,12,6,1.3472025306835795
10301575,10,3,0.16363920271396637,6,1,1.8100912581280764
10305596,9,3,0.11315087974071503,2,3,2.179033131937544
10302105,8,5,0.0740593895316124,7,5,2.602887946420025
10305597,8,2,0.2562759816646576,1,5,1.361500361807248
10301582,10,4,0.1279696524143219,9,1,2.055962133686029
10302106,8,7,0.07882194221019745,5,10,2.540563866435417
10305598,11,1,0.3448778986930847,4,4,1.0645648414257585
10301573,9,6,0.08919645100831985,5,11,2.4169140270899367
10305600,8,2,0.17564858496189117,4,5,1.7392699563124794
10302109,11,9,0.0415172316133976,1,8,3.1816467183253456
10301580,10,5,0.09646342694759369,8,4,2.3385913378358136
10305599,9,1,0.24570584297180176,5,5,1.4036202188187512
10302107,8,3,0.15484647452831268,1,2,1.865321139833317
10301581,11,4,0.12794920802116394,9,10,2.0561219061480247
10305573,8,5,0.11746598035097122,5,1,2.14160651624742
10305621,12,1,0.3061414957046509,5,5,1.1837078796420974
10305574,10,1,0.35478803515434265,8,8,1.0362347519046773
10305622,11,2,0.1954847127199173,2,4,1.6322730984202176
10305669,7,1,0.6039847135543823,2,2,0.5042063900523898
10305575,7,2,0.21108980476856232,2,3,1.5554716210375672
10305619,10,3,0.12259823828935623,9,11,2.098842625164377
10305664,10,1,0.29172948002815247,6,6,1.2319283443827662
10305620,7,1,0.5803965926170349,3,3,0.5440436287387601
10305576,7,1,0.2687738835811615,1,1,1.313884834349687
10305665,11,1,0.5629783868789673,1,1,0.5745140407818757
10305624,9,1,0.2608563303947449,10,10,1.3437854814748929
10305579,9,5,0.06889007240533829,3,8,2.6752431983493037
10305666,10,1,0.22686298191547394,7,7,1.4834090476394954
10305623,5,3,0.19094443321228027,1,7,1.6557728188527219
10305578,11,2,0.17646485567092896,3,2,1.7346335404471427
10305625,10,4,0.15478846430778503,3,6,1.8656958405788104
10305667,10,1,0.2594412565231323,3,3,1.3492249737819895
10305577,9,5,0.08839300274848938,3,1,2.4259624669002697
10305626,6,3,0.20263855159282684,2,8,1.5963314210006674
10305670,10,2,0.2213330715894699,5,6,1.5080866007522082
10305580,10,2,0.20146331191062927,11,2,1.6021479890582582
10305668,14,2,0.14649450778961182,6,11,1.920767340718468
10315554,11,2,0.15563912689685822,17,6,1.860215240642132
10315550,12,3,0.21462243795394897,9,2,1.538874897149905
10315551,10,1,0.31367841362953186,12,12,1.159386978300023
10315553,10,1,0.29406118392944336,1,1,1.2239674246914982
10315556,10,2,0.22150777280330658,6,8,1.507297598449861
10315555,12,12,0.029531273990869522,2,1,3.5223054418992183
10315526,6,2,0.257554292678833,1,5,1.3565247357484127
10315486,6,2,0.20596511662006378,8,2,1.5800484613274568
10315552,12,3,0.14290009438991547,1,4,1.9456095335152845
10315527,7,2,0.20412121713161469,1,4,1.5890412599802428
10315557,12,1,0.26633667945861816,1,1,1.3229940582884832
10315529,9,5,0.11168771982192993,9,5,2.19204851787703
10315512,12,1,0.2991372346878052,2,2,1.2068528320010616
10315490,10,8,0.034245796501636505,2,3,3.3741914516850566
10315530,7,2,0.17834094166755676,3,4,1.7240581581079109
10315601,10,7,0.0609930045902729,7,8,2.7969961002329327
10315516,9,2,0.25806158781051636,4,2,1.3545570101039397
10306664,7,2,0.23266834020614624,4,3,1.4581412720506501
10315491,8,2,0.28912127017974854,1,4,1.2409090588864256
10315528,8,3,0.11497480422258377,9,2,2.1630422683400843
10315604,12,2,0.13752931356430054,4,9,1.9839181950386264
10315513,9,1,0.3642244338989258,1,1,1.009985024705278
10306661,9,1,0.21840094029903412,5,5,1.5214227297221474
10315493,9,2,0.20893415808677673,10,5,1.5657361097282938
10315532,11,3,0.1583835333585739,7,8,1.8427357610752275
10315602,10,7,0.07394366711378098,13,2,2.6044517308990334
10315514,10,1,0.22269675135612488,3,3,1.5019442923594537
10306665,8,6,0.08504832535982132,8,7,2.464535650400887
10315488,9,1,0.22205102443695068,1,1,1.5048480837128952
10315603,10,3,0.161369189620018,8,2,1.824060435916568
10306668,8,1,0.2820545434951782,1,1,1.265654810097044
10306670,13,9,0.06594792008399963,1,10,2.718889938087184
10306662,11,5,0.056823085993528366,9,8,2.8678125922828013
10306663,11,3,0.1264914721250534,3,11,2.0675803871181886
10306667,9,9,0.025587115436792374,8,4,3.665666357446513
10319222,14,1,0.26315465569496155,2,2,1.3350133751672346
10319216,13,2,0.19771288335323334,2,12,1.6209393847515843
10319220,14,1,0.22044287621974945,3,3,1.51211668242135
10319225,13,7,0.0620664618909359,10,5,2.77954950209947
10319221,11,3,0.12001866102218628,5,10,2.1201080397720684
10319309,5,4,0.17605504393577576,4,1,1.7369585832048684
10319256,7,2,0.2082231640815735,2,3,1.5691448701928865
10319217,11,4,0.13332639634609222,8,4,2.0149550493000454
10319312,8,3,0.175151526927948,2,1,1.742103811546507
10319257,6,1,0.37371736764907837,7,7,0.9842554687269539
10319218,11,4,0.12338630855083466,6,8,2.0924351254425093
10319310,8,1,0.359856516122818,11,11,1.022049893306156
10319258,7,1,0.26865270733833313,11,11,1.314335784291239
10319219,14,6,0.050631534308195114,1,12,2.983180689130134
10319313,9,5,0.09815152734518051,1,5,2.321242797044212
10319259,7,1,0.6057008504867554,4,4,0.5013690608576126
10319224,14,2,0.14042213559150696,1,6,1.9631021389094319
10319311,7,1,0.29518458247184753,1,1,1.220154415018608
10319262,8,1,0.2379707247018814,1,1,1.4356076183307336
10319439,5,1,0.28351861238479614,3,3,1.260477505818382
10319315,7,2,0.2042921483516693,4,2,1.5882042098517162
10319261,9,1,0.24732577800750732,6,6,1.3970488720888978
10319438,5,2,0.2229418158531189,2,1,1.500844457023244
10319316,7,4,0.10663489252328873,3,1,2.2383444988264753
10315775,8,1,0.2876163125038147,5,5,1.2461279353285195
10319260,12,3,0.13846343755722046,5,3,1.9771489769624404
10319441,5,2,0.24574501812458038,2,3,1.4034607922881954
10319285,8,5,0.11177007108926773,6,8,2.1913114545530776
10319314,9,8,0.0458805151283741,5,6,3.081714759051345
10315776,13,4,0.159101203083992,10,1,1.8382147818568542
10319440,4,2,0.1557193547487259,1,2,1.8596998999119279
10315779,6,4,0.17573411762714386,3,2,1.7387831214949896
10319317,11,1,0.18710847198963165,4,4,1.6760667661840316
10319287,9,4,0.17978504300117493,9,6,1.7159933472726068
10315778,16,2,0.2020488977432251,14,6,1.599245542838904
10319291,8,4,0.14068067073822021,3,1,1.961262703558462
10315780,11,1,0.23340755701065063,6,6,1.454969181716172
10319289,10,2,0.16975852847099304,5,4,1.7733782724446028
10315777,10,2,0.224935382604599,4,1,1.491942106448214
10319290,7,1,0.26679879426956177,7,7,1.3212604841804088
10315774,12,6,0.05553937703371048,1,13,2.8906630137002303
10319288,9,2,0.1623399406671524,5,9,1.8180627431342524
10319292,9,2,0.18990495800971985,4,6,1.661231552975388
10323048,11,7,0.05702240765094757,5,6,2.864310971714415
10323151,13,6,0.05150219053030014,6,9,2.966130937648081
10319505,4,2,0.2628990113735199,4,1,1.335985307719253
10323376,6,3,0.2085043042898178,4,1,1.5677955938805022
10323152,9,3,0.15367859601974487,7,1,1.8728918963018226
10319501,9,1,0.2914743721485138,6,6,1.232803194214287
10323375,7,1,0.26744651794433594,4,4,1.3188356655536964
10323044,8,1,0.28306329250335693,7,7,1.2620847579227235
10319502,8,1,0.5136458277702332,6,6,0.6662213020624164
10323372,7,1,0.2772352993488312,1,1,1.2828886772455095
10323041,8,1,0.2611762285232544,6,6,1.3425598944378896
10323155,14,6,0.08744966983795166,2,10,2.4366918529625985
10319497,5,2,0.23727776110172272,2,1,1.438523836317566
10319545,7,3,0.20891068875789642,5,1,1.5658484448645635
10323373,8,1,0.48795828223228455,2,2,0.7175253640121564
10323045,12,1,0.35638678073883057,8,8,1.0317386751540962
10323156,8,4,0.19625356793403625,9,8,1.6283477419292849
10319503,6,1,0.22442421317100525,7,7,1.4942172093230055
10319546,11,3,0.1503404676914215,6,9,1.894852772346197
10323370,5,3,0.19251284003257751,5,2,1.647592426010807
10323043,9,2,0.3256438672542572,9,2,1.1219509264893133
10323149,9,2,0.15642090141773224,4,2,1.8552048190217205
10319498,13,4,0.09168509393930435,1,9,2.3893954653940406
10323374,7,1,0.2735106348991394,7,7,1.296414773418534
10323042,7,4,0.11891438812017441,9,6,2.129351472344362
10319469,10,7,0.0334111787378788,2,1,3.3988647422457445
10323150,14,1,0.19181561470031738,5,5,1.6512207084788637
10319499,10,2,0.18737927079200745,6,4,1.6746205300665846
10319537,5,1,0.2547704577445984,4,4,1.3673923049236172
10323117,9,1,0.3967507779598236,2,2,0.9244469587462276
10323371,5,1,0.25908324122428894,5,5,1.3506058742304345
10323046,9,1,0.29166096448898315,1,1,1.2321632318072286
10319465,7,1,0.2494661957025528,1,1,1.3884318611360356
10323154,9,1,0.24479615688323975,4,4,1.4073294274735704
10319500,7,3,0.1346331536769867,2,4,2.005201579493852
10323119,4,3,0.20001700520515442,3,7,1.609352890022836
10319544,11,2,0.2591458857059479,2,9,1.3503641105830102
10323047,8,1,0.3902788460254669,10,10,0.9408938055329974
10319470,10,1,0.5339645743370056,9,9,0.6274257824154235
10319504,7,5,0.11734821647405624,4,1,2.142609555146947
10323134,7,2,0.2969646155834198,2,3,1.2141422867268703
10319542,13,4,0.06757429242134094,10,11,2.69452765788679
10319466,10,4,0.12217681854963303,3,7,2.102285951143301
10323115,6,3,0.14567343890666962,1,7,1.9263878822852112
10319541,13,1,0.26401907205581665,3,3,1.3317339358095253
10319467,9,2,0.25522005558013916,2,1,1.3656291429028835
10323123,6,1,0.31681695580482483,12,12,1.149431098362934
10319538,11,10,0.01032418292015791,2,11,4.573266279328652
10319468,10,1,0.40404364466667175,2,2,0.9062323755028054
10323118,8,4,0.11365289241075516,8,3,2.1746062788468086
10319539,9,2,0.21383635699748993,4,7,1.5425442434100862
10323116,7,3,0.1365724503993988,5,6,1.990900033010073
10319540,11,10,0.022227855399250984,5,1,3.8064090289279386
10323124,7,4,0.1381186991930008,4,1,1.97964182445285
10322960,9,6,0.08654974400997162,8,5,2.4470359550769256
10322966,14,2,0.15753208100795746,2,12,1.8481261525188124
10322922,13,2,0.13718059659004211,12,8,1.9864569979625375
10322959,14,1,0.17519094049930573,5,5,1.7418788112956758
10322917,9,3,0.1453644037246704,8,5,1.9285115600540612
10322963,12,2,0.17312286794185638,2,4,1.7537537172536577
10327178,6,2,0.18439848721027374,3,4,1.6906561717421362
10322964,7,2,0.1722211390733719,2,3,1.7589759356762307
10327180,9,1,0.21233384311199188,2,2,1.5495955112395594
10322924,16,1,0.289497047662735,11,11,1.2396101800772708
10323215,10,5,0.11480682343244553,3,4,2.1645043592981565
10323084,10,7,0.038833506405353546,2,9,3.248471837864203
10322967,14,7,0.07074996083974838,2,9,2.648603295960733
10323222,7,1,0.3821214437484741,3,3,0.9620168053280874
10327181,9,4,0.14138519763946533,1,4,1.9562672153030887
10322919,13,1,0.1913692057132721,1,1,1.6535507025977412
10323025,7,3,0.1586264967918396,1,4,1.8412029169521384
10323206,12,5,0.05890081822872162,9,10,2.8319002965921967
10323086,16,3,0.09169918298721313,3,7,2.38924180938631
10323264,5,4,0.1897919923067093,4,6,1.6618265838612012
10322962,14,2,0.1473390907049179,4,8,1.9150186091533412
10323214,6,4,0.11083454638719559,6,10,2.1997167627673546
10327176,6,2,0.20515404641628265,1,7,1.5839941361047778
10323126,7,1,0.2935921549797058,1,1,1.2255637026951345
10322921,16,2,0.15276135504245758,4,5,1.878878346263158
10323534,7,1,0.38335275650024414,8,8,0.9587996784455164
10323028,9,1,0.3482348322868347,3,3,1.0548782213645274
10323207,7,1,0.4003523290157318,11,11,0.9154102970313539
10323085,11,5,0.08166825026273727,3,10,2.505089966321229
10323063,6,1,0.3624720275402069,1,1,1.0148079730711366
10323252,8,2,0.25643137097358704,1,5,1.3608942097289227
10323258,10,4,0.10859423130750656,12,10,2.2201369916085603
10322958,11,8,0.066962331533432,4,2,2.7036250336127274
10322971,7,2,0.20740023255348206,5,8,1.5731048619072903
10323514,9,2,0.19532574713230133,6,1,1.6330866160340665
10323216,8,5,0.11590275168418884,2,6,2.155003787035704
10327177,6,1,0.4075053930282593,6,6,0.8977011119636178
10323130,6,3,0.16753676533699036,5,2,1.786552457253224
10322920,11,1,0.17408941686153412,2,2,1.7481862217550428
10323532,10,2,0.21847563982009888,10,5,1.5210807588993014
10323023,5,2,0.23497317731380463,6,2,1.448283910442533
10323193,8,3,0.24465125799179077,6,3,1.407921519254131
10323203,8,3,0.2026914358139038,4,10,1.5960704769648442
10323088,12,10,0.058254797011613846,4,7,2.842928837796368
10323064,8,1,0.4553762972354889,10,10,0.7866311749383037
10323251,5,4,0.20600979030132294,6,2,1.5798315855872906
10322961,14,5,0.08305508643388748,16,7,2.488251199357109
10322972,5,4,0.10589741170406342,4,5,2.2452844676171493
10323515,9,6,0.026838725432753563,1,5,3.617909455608554
10323219,7,1,0.19775541126728058,6,6,1.6207243085252994
10327179,5,3,0.19398505985736847,4,2,1.639974133928804
10323122,8,6,0.09314160794019699,2,10,2.3736342778857367
10322925,16,4,0.10038796067237854,8,10,2.298712992536449
10323528,9,2,0.14943313598632812,6,2,1.9009062371254948
10323031,12,3,0.11985587328672409,5,8,2.12146531398979
10323194,7,2,0.16204243898391724,7,5,1.8198970090211233
10323200,7,1,0.2820327877998352,2,2,1.265731946008974
10323087,16,2,0.14574632048606873,3,12,1.9258876994488074
10323065,7,2,0.12797348201274872,7,4,2.0559322083009572
10323719,9,6,0.09325854480266571,2,9,2.3723795913837296
10323253,8,2,0.23942916095256805,5,10,1.4294976847860568
10323262,7,2,0.2154162973165512,1,3,1.535182856413753
10322957,14,3,0.09012159705162048,9,14,2.4065954421856293
10322974,7,1,0.3796581029891968,2,2,0.968484160236563
10323517,7,3,0.1907055526971817,1,2,1.6570246493524647
10323220,12,1,0.239442840218544,8,8,1.4294405535862948
10323344,5,5,0.12562888860702515,4,1,2.0744230465620923
10323131,8,3,0.16277101635932922,4,3,1.8154108734541612
10323535,7,5,0.14048466086387634,1,2,1.9626569715144744
10323027,15,7,0.07735045999288559,8,2,2.559408755078539
10323204,8,2,0.25338149070739746,7,9,1.372859057537994
10323082,13,4,0.1007089912891388,12,4,2.2955201953672915
10323066,7,2,0.303244411945343,3,2,1.193216158548394
10323716,8,3,0.14690233767032623,9,3,1.9179872825842907
10323259,12,6,0.05920034646987915,2,3,2.8268278845775607
10322969,5,3,0.18571612238883972,5,3,1.6835359948506659
10323519,7,1,0.3184640109539032,4,4,1.144245805789539
10323217,14,4,0.11188843101263046,7,5,2.190253055848809
10323345,4,1,0.53532475233078,5,5,0.6248817025420348
10323127,7,1,0.4891761541366577,12,12,0.7150326209674432
10323533,7,3,0.1799730658531189,3,8,1.7149480734375724
10323024,12,8,0.04667939245700836,5,10,3.0644524867082823
10323201,6,6,0.054511990398168564,8,4,2.9093345942051516
10323083,9,1,0.2033858746290207,6,6,1.592650244047516
10323068,8,5,0.12904304265975952,4,6,2.047609266244784
10323720,9,1,0.37906384468078613,8,8,0.9700506324646387
10323254,10,2,0.15489690005779266,4,1,1.8649955442980268
10323261,7,2,0.14293530583381653,3,1,1.9453631578455697
10322970,8,6,0.05721869692206383,10,2,2.860874564739655
10323516,7,3,0.16386304795742035,2,6,1.8087242734563531
10323221,14,1,0.15851829946041107,17,17,1.8418852383202002
10323347,6,4,0.09479027986526489,4,5,2.356088408044861
10323132,8,2,0.2170712798833847,1,3,1.5275295006537277
10323529,10,1,0.35769888758659363,2,2,1.0280637426280852
10323030,12,10,0.03038427233695984,8,12,3.4938301617822916
10323205,7,2,0.192570760846138,2,5,1.6472916039874068
10323089,16,1,0.13223834335803986,15,15,2.023149353088372
10323067,9,4,0.13247549533843994,2,5,2.021357591501489
10323257,6,6,0.03631752356886864,1,7,3.3154549112501814
10323265,10,9,0.056727707386016846,2,6,2.869492521186933
10322973,9,2,0.1527707576751709,4,7,1.8788167970359253
10323521,7,1,0.29124948382377625,1,1,1.2335750463826771
10323213,15,9,0.06481026858091354,12,10,2.736291222423441
10323346,7,1,0.43193650245666504,1,1,0.8394766865954045
10323133,10,1,0.28577086329460144,9,9,1.2525649665679384
10323551,8,3,0.15649838745594025,4,2,1.8547095728509226
10323530,11,7,0.08187513053417206,4,13,2.5025599907174936
10323029,13,9,0.05648422986268997,12,7,2.8737937972647876
10323202,10,1,0.20961593091487885,6,6,1.5624783231503034
10323080,13,3,0.09762880951166153,1,3,2.3265826496972033
10323062,9,5,0.07886434346437454,1,5,2.5400260738808185
10323718,11,1,0.24828703701496124,8,8,1.3931697947782435
10323250,10,7,0.03290378674864769,5,11,3.4141675290910722
10323263,11,5,0.09633462876081467,1,14,2.3399274322841324
10323518,5,1,0.5011783242225647,2,2,0.6907933046556812
10323218,11,9,0.04791134223341942,16,3,3.038403012753816
10323349,8,6,0.027336621657013893,2,7,3.599528023097104
10323129,10,3,0.17600953578948975,9,3,1.7372171047896012
10323550,7,4,0.14842112362384796,3,2,1.9077016158998266
10323531,15,2,0.13160787522792816,6,2,2.027928419723882
10323081,17,2,0.1551019251346588,1,9,1.8636727966609508
10323026,15,1,0.16840998828411102,8,8,1.7813538660818327
10323723,8,2,0.1773412525653839,6,5,1.7296794219821174
10323260,10,6,0.06378255039453506,2,3,2.7522756308285
10323520,5,1,0.38207629323005676,3,3,0.9621349698195145
10323552,7,3,0.17707844078540802,5,7,1.7311624762992255
10323724,10,1,0.3015527129173279,1,1,1.1988104425501571
10323547,7,1,0.3241055905818939,1,1,1.1266859194249563
10323722,14,1,0.3338650166988373,2,2,1.0970185093129186
10323548,12,5,0.10158120840787888,3,6,2.286896717559705
10323721,9,4,0.12667162716388702,6,2,2.0661571538764587
10323549,9,4,0.10779630392789841,2,1,2.2275119074781635
10323725,8,5,0.07455793768167496,6,3,2.596178768836122
10323333,9,8,0.04729476943612099,8,2,3.051355572344829
10323593,10,2,0.2775704264640808,8,13,1.2816805889348928
10322990,6,3,0.22151392698287964,1,2,1.5072698157043367
10323360,9,1,0.36887067556381226,10,10,0.9973091690983255
10322984,6,1,0.4199262857437134,3,3,0.8676760932424448
10323340,9,2,0.23901797831058502,9,13,1.4312165068228975
10323589,12,4,0.09383882582187653,1,14,2.3661765872697975
10322987,7,1,0.4024491012096405,6,6,0.9101866467418429
10323361,6,2,0.3233058750629425,2,5,1.1291564222446815
10322978,6,2,0.37407976388931274,6,3,0.9832862318756196
10323334,6,1,0.4864268898963928,2,2,0.7206686663541593
10323073,6,2,0.2572959363460541,8,11,1.3575283532662838
10323594,7,3,0.16184329986572266,2,5,1.8211266966510609
10323363,7,4,0.1352800875902176,4,1,2.0004079269185033
10322979,4,2,0.30852919816970825,1,8,1.1759387945084736
10323074,6,1,0.40610912442207336,8,8,0.901133376130394
10323336,10,1,0.21102920174598694,3,3,1.5557587581816261
10323595,9,4,0.10722900182008743,1,2,2.2327885275681236
10322989,10,6,0.06412230432033539,15,5,2.746963014264327
10323357,8,4,0.16309474408626556,1,10,1.8134239949739452
10323075,7,4,0.09079969674348831,1,6,2.3990993332098904
10327394,9,1,0.470010370016098,5,5,0.7550005206573979
10322980,7,2,0.2621315121650696,7,3,1.338908946329714
10323335,7,2,0.24690479040145874,2,3,1.3987524806261948
10323590,9,5,0.1242746114730835,5,2,2.085261553354439
10322991,14,6,0.08890197426080704,6,14,2.4202209290507426
10323077,8,2,0.16704484820365906,3,5,1.7894929505013284
10327400,14,4,0.14247453212738037,2,4,1.9485920171592164
10323358,9,2,0.18800143897533417,6,7,1.6713056620573625
10322983,8,1,0.26917436718940735,5,5,1.3123959042094415
10323337,11,3,0.10668870806694031,6,9,2.2378399550756263
10323591,11,1,0.21684351563453674,8,8,1.5285793116863033
10323070,6,4,0.1647922843694687,1,3,1.8030694807491972
10322992,12,8,0.06087729334831238,7,10,2.7988950252161025
10323362,11,2,0.196175217628479,6,8,1.6287470516103317
10322981,7,3,0.18139757215976715,12,10,1.7070641252949266
10323338,11,1,0.2054140418767929,1,1,1.582727620256723
10323592,10,6,0.085397869348526,9,5,2.460434127579338
10323076,9,4,0.13802661001682281,14,5,1.9803087862046553
10322986,11,3,0.15076209604740143,1,3,1.8920522074734207
10327395,12,3,0.1480429321527481,2,9,1.9102529651705404
10323359,9,2,0.21439425647258759,1,10,1.5399386389848606
10322982,7,1,0.31267786026000977,14,14,1.1625818188796928
10323339,8,7,0.06492259353399277,10,1,2.7345595874418973
10323596,11,9,0.042694661766290665,6,12,3.153681383745746
10323071,9,3,0.1330205351114273,1,10,2.0172517633446936
10327396,15,6,0.0328361876308918,2,10,3.4162240903300884
10323364,12,3,0.12331961840391159,6,5,2.0929757703258387
10327397,10,1,0.24459081888198853,2,2,1.40816859166661
10327402,11,1,0.2773297429084778,5,5,1.282548073156311
10327401,14,5,0.09922904521226883,8,5,2.3103245130687315
10327067,14,5,0.10193368792533875,6,10,2.2834327954954876
10327072,10,1,0.3186262249946594,5,5,1.1437365716650507
10327079,9,2,0.1369258016347885,11,10,1.9883160937756208
10327074,9,4,0.11221955716609955,1,5,2.187297994789896
10327076,4,1,0.43471258878707886,4,4,0.8330701816940883
10327073,11,1,0.23037976026535034,6,6,1.468026200089621
10327077,9,2,0.1794288158416748,6,7,1.717976718835295
10327070,13,4,0.08550345152616501,6,2,2.4591985351271415
10323161,8,1,0.33544284105300903,10,10,1.0923037065245376
10327081,8,2,0.19334250688552856,1,5,1.6432920158275628
10327295,11,4,0.08935797214508057,1,3,2.415104817573127
10327066,8,2,0.17901350557804108,8,6,1.7202940258309478
10323160,7,2,0.2349715679883957,5,7,1.4482907594409524
10327080,10,3,0.12294279038906097,9,8,2.0960361505991374
10327296,9,2,0.15830041468143463,13,6,1.843260692506469
10327068,11,1,0.23021218180656433,4,4,1.4687538657340806
10323493,10,2,0.1857694685459137,6,3,1.6832487904005204
10323033,8,3,0.1781986802816391,6,4,1.7248561697997924
10327107,13,3,0.20380552113056183,4,2,1.5905890676352352
10323162,8,6,0.09741005301475525,5,7,2.328825859955963
10327082,8,3,0.14594309031963348,8,5,1.924538525593856
10327292,10,2,0.19051872193813324,4,10,1.6580048113538737
10323489,9,6,0.06939400732517242,5,2,2.6679547649791124
10323037,11,1,0.23702900111675262,14,14,1.4395727777520728
10323164,11,1,0.2392513006925583,2,2,1.430240812122333
10327293,14,1,0.20512105524539948,9,9,1.5841549607359613
10323486,13,8,0.06059744209051132,12,9,2.80350259652526
10323034,11,2,0.17794741690158844,4,2,1.726267182997611
10327108,10,1,0.1923605054616928,5,5,1.6483840348900556
10323157,8,4,0.08786199241876602,1,7,2.431987963491923
10327294,15,3,0.10867950320243835,6,1,2.2193520656302574
10323491,7,3,0.12658220529556274,10,7,2.066863337638197
10323035,11,1,0.3661445677280426,6,6,1.0047270297778166
10327111,13,1,0.21726664900779724,3,3,1.5266298825241873
10323158,12,2,0.18134315311908722,8,2,1.707364169030277
10327387,8,1,0.26263347268104553,2,2,1.336995858819818
10327297,13,3,0.10184327512979507,9,11,2.284320165688084
10323488,9,4,0.10077552497386932,8,2,2.2948597606263705
10327109,13,10,0.03791787102818489,2,4,3.272332746942932
10327382,10,1,0.26732924580574036,3,3,1.3192742499040906
10327383,9,1,0.3063510060310364,1,1,1.1830237558888659
10327384,10,3,0.12438593804836273,4,6,2.0843661432627973
10327385,11,3,0.12164262682199478,7,5,2.1066678213552157
10327090,10,1,0.4919843077659607,2,2,0.7093084577831111
10327168,6,2,0.17534998059272766,7,3,1.7409714130733005
10327092,9,1,0.45272332429885864,2,2,0.7924741032280648
10327171,8,4,0.14345552027225494,3,9,1.9417302550905489
10327087,11,2,0.22356824576854706,4,8,1.498038561343555
10327164,9,1,0.33236458897590637,8,8,1.1015227530358014
10327088,11,6,0.08738537132740021,5,9,2.437427386446295
10327167,9,3,0.18238624930381775,1,4,1.7016285917724117
10327091,11,1,0.22379757463932037,2,2,1.4970133203421216
10327169,6,1,0.2053171843290329,3,3,1.5831992549578398
10327165,10,2,0.2436942458152771,5,1,1.4118409303848591
10327086,11,7,0.0703190416097641,11,12,2.654712654683243
10340972,8,5,0.06495331972837448,8,3,2.7340864251105126
10340979,6,3,0.1917685568332672,10,9,1.6514660672333614
10340973,8,1,0.30211305618286133,9,9,1.1969539734404282
10340974,7,5,0.06012575328350067,6,7,2.8113170220109827
10340927,10,1,0.23975276947021484,10,10,1.4281470137932748
10340975,14,3,0.11412248760461807,7,5,2.1704829547266917
10340983,9,1,0.2980954051017761,3,3,1.210341692365998
10340928,7,2,0.2376168668270111,1,9,1.4370957056840281
10340977,8,5,0.09046781808137894,17,18,2.4027610928281256
10340987,7,5,0.10791996866464615,1,3,2.2263653574399234
10340924,8,2,0.20365384221076965,3,4,1.5913335783297724
10341059,10,1,0.30181488394737244,2,2,1.1979414166100626
10340922,7,1,0.2591630220413208,3,3,1.3502979865588114
10341054,9,2,0.19751960039138794,3,2,1.6219174570771302
10340990,7,1,0.43467628955841064,2,2,0.833153686854077
10340925,11,9,0.031655795872211456,7,6,3.4528340232325583
10341055,10,1,0.1980234980583191,6,6,1.6193695782669497
10340984,8,1,0.30151745676994324,3,3,1.1989273647565502
10340926,11,3,0.11691023409366608,10,16,2.146348868624587
10341021,8,3,0.16627544164657593,2,5,1.794109578693839
10341056,8,2,0.23383799195289612,12,11,1.4531267454855346
10340989,9,7,0.07364540547132492,2,5,2.608493521300815
10341019,12,1,0.41984355449676514,4,4,0.8678731263895085
10341020,9,1,0.37978753447532654,2,2,0.9681433024292417
10341023,10,4,0.10691405832767487,8,9,2.2357299604520113
10343995,8,1,0.5170890688896179,3,3,0.6595401390615344
10344004,8,2,0.23202882707118988,4,5,1.4608936604175948
10343961,8,2,0.25978657603263855,5,6,1.3478948464707503
10343996,10,2,0.1893875002861023,3,6,1.6639600967855117
10344002,7,4,0.1330975890159607,5,4,2.016672667825068
10343959,6,2,0.24727340042591095,7,2,1.3972606701835009
10343994,11,4,0.10024932026863098,3,5,2.3000949931812285
10344000,13,11,0.007368100341409445,1,18,4.91059536158095
10343955,9,5,0.12012112885713577,4,6,2.119254638166113
10341126,8,7,0.055186595767736435,2,7,2.897035185481767
10343989,11,7,0.0586821623146534,1,11,2.8356194771249683
10344003,7,1,0.23871175944805145,6,6,1.4324984823009512
10343960,8,6,0.0883096233010292,2,8,2.426906193153948
10341119,8,1,0.21342352032661438,1,1,1.5444767290997763
10343990,12,3,0.12657441198825836,6,5,2.0669249066968334
10344005,10,3,0.21151500940322876,8,4,1.5534593165682775
10343956,10,3,0.11984970420598984,1,3,2.121516786139918
10341120,10,1,0.22196927666664124,1,1,1.505216300080615
10343997,14,6,0.04873281717300415,10,13,3.0214026119158817
10343998,9,1,0.21801327168941498,10,10,1.523199338736875
10343957,11,6,0.057874783873558044,1,11,2.8494735009488794
10341121,11,1,0.29017311334609985,3,3,1.2372775915282037
10341123,8,7,0.05205662548542023,2,10,2.955423201235772
10344037,10,3,0.20614252984523773,8,10,1.5791874569871793
10341122,14,7,0.039521437138319016,2,3,3.230912041927647
10344040,6,4,0.15217392146587372,3,7,1.882731192086613
10344044,12,4,0.1584857851266861,7,12,1.8420903734299345
10344042,6,1,0.34051626920700073,1,1,1.0772923741903997
10344041,9,1,0.34435898065567017,5,5,1.0660706173092334
10344038,8,1,0.5034955143928528,1,1,0.6861804757155323
10343948,7,2,0.20810750126838684,1,7,1.569700499771914
10343949,9,2,0.1912776380777359,6,9,1.6540293038917013
10343942,10,3,0.22004181146621704,4,1,1.5139376985682234
10350400,10,4,0.1141023188829422,4,9,2.1706596990695943
10343943,12,3,0.1340852826833725,9,2,2.0092792435363434
10350398,10,1,0.40950441360473633,9,9,0.8928075977135513
10350564,11,1,0.24106985330581665,10,10,1.4226685397472458
10343944,9,3,0.14854645729064941,7,3,1.9068575259566949
10350375,12,6,0.05453753098845482,5,10,2.9088661723280356
10350592,5,1,0.38410788774490356,2,2,0.9568318081866053
10350471,9,1,0.20633888244628906,3,3,1.5782354014034292
10350406,9,1,0.2432851940393448,11,11,1.4135208857943042
10350560,11,2,0.2982436716556549,10,11,1.2098444364835224
10343947,9,2,0.19501376152038574,6,8,1.6346851510090554
10350593,7,2,0.28433552384376526,5,1,1.2576003161656224
10350474,10,3,0.14702223241329193,1,6,1.917171462732406
10350402,12,1,0.19288578629493713,1,1,1.645657046103902
10350567,14,2,0.17640994489192963,6,11,1.7349447600601895
10350380,11,6,0.06698001176118851,4,7,2.7033610360235514
10350590,11,6,0.1045173853635788,4,3,2.2584018542991586
10350473,9,1,0.4564598798751831,11,11,0.7842544691725819
10350403,12,1,0.2572159767150879,15,15,1.3578391706820914
10350562,13,10,0.04857953265309334,1,14,3.0245529756047893
10350376,11,6,0.08305254578590393,7,2,2.4882817897393785
10350597,11,1,0.17832791805267334,3,3,1.724131187275074
10350467,9,8,0.029408080503344536,3,9,3.526485795348498
10350404,7,6,0.10376113653182983,5,12,2.265663785566032
10350563,14,6,0.07665839791297913,11,3,2.568396117852606
10350377,12,1,0.15389852225780487,7,7,1.8714618401469838
10350465,5,1,0.41647687554359436,2,2,0.8759243398203171
10350594,11,3,0.11970614641904831,2,10,2.122715319206439
10350469,10,1,0.34762042760849,4,4,1.0566441197443148
10350405,9,2,0.18533861637115479,1,12,1.6855707682061851
10350561,16,1,0.19776982069015503,1,1,1.6206514463070811
10350381,11,2,0.17161321640014648,8,5,1.7625120762451867
10350466,7,1,0.19571895897388458,6,6,1.6310755315316006
10350591,10,2,0.17800384759902954,1,2,1.7259501131987833
10350468,10,3,0.16298139095306396,4,5,1.8141192506249237
10350566,14,12,0.02947143092751503,2,8,3.5243339280154813
10350534,6,2,0.24249352514743805,6,3,1.4167802693839977
10350461,10,3,0.2159537672996521,15,1,1.5326909344872501
10350383,7,3,0.21610869467258453,8,3,1.5319737817919419
10350536,6,2,0.23376289010047913,7,1,1.453447967518876
10350457,7,2,0.24706891179084778,2,3,1.39808798616141
10350389,7,2,0.23856160044670105,3,2,1.433127719207608
10350532,6,4,0.13648542761802673,1,5,1.9915374274331905
10350462,11,6,0.08717752248048782,9,11,2.439808751014704
10350384,10,2,0.16822382807731628,1,5,1.7824598763322808
10350537,6,1,0.44494929909706116,2,2,0.8097949379202837
10350458,10,9,0.020709922537207603,4,10,3.8771423439385875
10350390,10,1,0.22669796645641327,8,8,1.4841366917055634
10350535,9,3,0.18864932656288147,8,4,1.6678654023482318
10350455,8,1,0.22283326089382172,3,3,1.5013314961921236
10350385,7,4,0.10236509889364243,1,5,2.279209455589629
10350530,7,3,0.16060002148151398,8,9,1.8288383437116145
10350459,8,3,0.13077817857265472,2,5,2.034252684361083
10350386,6,1,0.2652169167995453,4,4,1.3272072338679533
10350332,8,2,0.21845227479934692,2,5,1.5211877102749973
10350345,11,2,0.18581274151802063,5,10,1.683015878430407
10350327,13,2,0.2035508006811142,3,1,1.5918396704564386
10350342,12,1,0.21409089863300323,13,13,1.5413545941779585
10350330,18,14,0.03312169760465622,4,1,3.4075666945993976
10350343,14,4,0.1031237468123436,11,2,2.2718255865238586
10350328,16,8,0.04686907306313515,7,6,3.060397244005723
10350340,14,6,0.06658241897821426,1,4,2.7093147155905557
10350645,5,2,0.28652510046958923,1,6,1.2499291359508387
10350333,12,3,0.12125806510448456,10,3,2.1098342350510113
10350551,12,4,0.10441294312477112,11,14,2.2594016349271127
10350483,15,5,0.07021302729845047,6,1,2.656221411115105
10350542,8,1,0.2930273115634918,7,7,1.2274894607819047
10350341,14,5,0.08142845332622528,4,5,2.508030517589596
10350648,12,4,0.09846414625644684,3,10,2.3180627944637053
10353898,8,1,0.3926268219947815,9,9,0.934895680587054
10350329,17,9,0.047988858073949814,7,12,3.036786418478445
10353866,7,1,0.35323840379714966,7,7,1.0406120851406138
10350478,12,1,0.19945965707302094,1,1,1.612143283286836
10350543,8,1,0.23310479521751404,3,3,1.4562671616483094
10350344,11,3,0.13419872522354126,10,11,2.0084335535690965
10353889,10,1,0.32587581872940063,2,2,1.1212388943284033
10350646,9,1,0.2582377791404724,13,13,1.3538744939202143
10353895,11,1,0.21438413858413696,7,7,1.539985833006617
10350331,14,1,0.28674450516700745,4,4,1.249163685607846
10350557,11,8,0.08277459442615509,6,5,2.491634095275055
10353906,13,2,0.34053561091423035,7,11,1.0772355746783526
10350481,9,1,0.19266967475414276,9,9,1.6467780861889738
10350544,11,3,0.13131968677043915,1,3,2.0301205715904023
10353886,11,9,0.03548485040664673,1,12,3.3386494226926247
10350500,7,6,0.05017455667257309,2,4,2.9922472199626244
10350651,8,4,0.12297641485929489,8,5,2.0957626911073546
10353893,8,3,0.1735217124223709,1,4,1.7514525437802468
10350555,12,4,0.10178568959236145,11,1,2.2848857584960354
10353862,8,3,0.13050155341625214,1,4,2.0363701487174226
10353907,9,2,0.17613863945007324,9,1,1.7364838698876748
10350477,14,6,0.06722146272659302,12,3,2.6997626966334285
10350790,6,2,0.21085244417190552,2,1,1.556596706862894
10361624,7,3,0.22769130766391754,5,4,1.479764481151791
10350541,13,2,0.1297977715730667,8,18,2.0417776430177135
10353884,12,3,0.16910625994205475,4,11,1.7772280045903839
10350497,6,4,0.14810924232006073,3,4,1.9098051537132126
10350654,14,1,0.18844377994537354,1,1,1.6689555662060025
10354092,6,3,0.18279041349887848,8,5,1.6994150639035572
10353896,12,1,0.21272797882556915,4,4,1.5477410241687732
10350556,12,8,0.06776151806116104,6,5,2.6917608253892773
10353863,6,2,0.2942269444465637,3,7,1.2234038895341095
10353901,12,2,0.17082570493221283,2,8,1.767111511690045
10350484,11,3,0.14054708182811737,2,8,1.9622127443629818
10350792,9,1,0.42694467306137085,5,5,0.8511008454334424
10361627,12,2,0.14715228974819183,10,2,1.9162872437836131
10350538,10,5,0.07680325210094452,1,2,2.5665082946606557
10353891,10,4,0.10082801431417465,11,14,2.2943390421739394
10350498,9,1,0.4217982888221741,2,2,0.863228067792126
10350647,13,1,0.17904265224933624,8,8,1.7201312208031758
10354093,5,5,0.06664804369211197,2,7,2.708329584744506
10353899,10,9,0.04067612066864967,6,15,3.202114074476624
10350674,10,1,0.3153117001056671,5,5,1.1541936052678183
10350548,10,4,0.10826372355222702,2,8,2.2231851436710035
10353864,12,2,0.15097235143184662,7,10,1.8906585620329854
10353902,12,6,0.08052950352430344,7,3,2.5191316582960916
10350480,7,2,0.2339440882205963,7,2,1.4526731314031818
10350784,11,1,0.21256767213344574,5,5,1.5484948842157964
10361625,8,1,0.21879015862941742,4,4,1.5196421882876745
10350539,15,1,0.14716565608978271,1,1,1.9161964145169028
10350501,9,3,0.1526622623205185,2,3,1.8795272333811328
10350650,7,1,0.26138412952423096,6,6,1.3417641930084026
10354091,7,2,0.19002211093902588,6,9,1.6606148402292114
10353897,12,10,0.04434025660157204,4,1,3.115862287675579
10350677,10,4,0.15833641588687897,9,3,1.8430332950458839
10350553,16,5,0.06624555587768555,2,6,2.7143868974573815
10353903,9,1,0.2995295226573944,6,6,1.2055422931380875
10350479,12,4,0.11127837002277374,3,5,2.195720379005015
10350789,10,2,0.1451575607061386,4,10,1.9299355009522081
10350495,8,4,0.08517104387283325,1,4,2.4630937635600825
10350649,12,5,0.05172183737158775,14,10,2.9618752003500988
10350676,6,2,0.24721133708953857,2,8,1.3975116924375348
10350549,12,1,0.16511034965515137,8,8,1.8011412428303157
10350785,8,5,0.1383320391178131,7,1,1.978098403238159
10350679,6,1,0.36674267053604126,5,5,1.0030948470638832
10350787,9,4,0.1250023990869522,9,5,2.0794223491683956
10353870,7,1,0.2259727120399475,4,4,1.4873410301859695
10350675,10,2,0.20888227224349976,4,2,1.5659844764260928
10350783,9,2,0.2531859576702118,7,2,1.3736310496883894
10350672,9,5,0.1138743907213211,5,3,2.172659273832828
10350788,12,1,0.15328200161457062,5,5,1.875475906294675
10353872,9,3,0.1126793771982193,4,1,2.183208863161593
10353874,9,2,0.27337196469306946,6,3,1.296921903135754
10353876,7,2,0.21431240439414978,7,5,1.5403204948639686
10362563,7,1,0.21053284406661987,2,2,1.5581136092108843
10362559,10,2,0.22564639151096344,2,1,1.488786144368287
10362560,7,1,0.24097199738025665,6,6,1.4230745456853815
10362562,12,3,0.15079177916049957,9,1,1.8918553397450684
10362557,13,5,0.09767492860555649,1,3,2.3261103689800313
10354123,6,3,0.2251870185136795,1,5,1.4908240286335153
10353928,6,1,0.360685795545578,4,4,1.019748072093206
10362558,11,5,0.08774376660585403,11,3,2.433334454990049
10354106,11,1,0.2610841691493988,1,1,1.3429124364848044
10354119,6,1,0.32329800724983215,1,1,1.1291807580500361
10353929,13,1,0.25128236413002014,4,4,1.3811780154466722
10354136,6,1,0.24399608373641968,4,4,1.4106031040783171
10353943,7,3,0.1719961017370224,1,2,1.7602834667451608
10354107,6,2,0.2667541205883026,6,9,1.3214279415407548
10354124,8,7,0.027797125279903412,1,11,3.5828226708301574
10354139,14,3,0.12095904350280762,5,3,2.1123032741317194
10353930,12,2,0.15040650963783264,6,13,1.8944135862366032
10353883,7,1,0.2839542329311371,6,6,1.2589422054581794
10353840,11,4,0.12098836898803711,2,1,2.112060862071419
10354111,6,1,0.2790011167526245,5,5,1.2765394944712034
10353944,9,2,0.19040721654891968,6,11,1.658590255300491
10354137,9,1,0.23742449283599854,1,1,1.4379056309573355
10354120,9,9,0.03677241504192352,3,2,3.3030073061433267
10353885,10,6,0.10322114080190659,1,7,2.2708815941824776
10353931,8,3,0.16387172043323517,6,3,1.8086713497103655
10353838,12,9,0.05018845573067665,7,9,2.991970244254949
10354110,8,2,0.20865629613399506,1,2,1.5670668968235486
10353938,10,1,0.23236548900604248,1,1,1.4594437632841675
10354138,12,6,0.046735730022192,9,3,3.0632463100097187
10354121,10,5,0.10834379494190216,1,6,2.222445821288484
10353888,10,2,0.2679167687892914,1,7,1.3170789109253964
10353933,10,5,0.08051538467407227,4,8,2.519306998853936
10353839,8,7,0.05224992334842682,10,11,2.9517168551540474
10354112,12,1,0.21861715614795685,5,5,1.5204332243981236
10353952,8,1,0.3886844515800476,2,2,0.9449874430044265
10353939,14,2,0.1647372543811798,9,7,1.8034034719841503
10354133,10,2,0.2411525398492813,11,9,1.4223256002842566
10354122,9,1,0.2918885052204132,5,5,1.2313833810669812
10353879,9,3,0.17518550157546997,1,7,1.7419098574687804
10354114,6,4,0.10202331840991974,11,15,2.2825538799636176
10353841,12,2,0.1596599519252777,4,14,1.834709025871396
10353953,10,3,0.17805621027946472,6,7,1.7256559904537347
10353937,10,5,0.11181172728538513,4,2,2.190938828544143
10353880,11,1,0.2356436550617218,2,2,1.4454345512381104
10353949,10,1,0.1955079436302185,6,6,1.6321542680025551
10353950,10,1,0.3490592837333679,5,5,1.0525135037746947
10353954,11,2,0.19295965135097504,5,4,1.6452741722910567
10358136,13,2,0.24224388599395752,2,10,1.4178102669447916
10353911,7,2,0.2541292905807495,9,7,1.3699121234348879
10358141,11,1,0.37432318925857544,14,14,0.9826357123210852
10353792,8,2,0.1720706969499588,10,7,1.7598498578390425
10354097,9,1,0.2350718080997467,3,3,1.4478642451319759
10358139,10,4,0.09749597311019897,3,2,2.32794420326512
10353795,11,4,0.09536058455705643,5,4,2.3500899456811966
10354098,12,3,0.16484913229942322,13,4,1.8027245730546937
10358140,9,1,0.21576356887817383,4,4,1.5335720593244768
10353915,8,1,0.2851957380771637,8,8,1.2545795341821115
10353794,11,1,0.4854389727115631,5,5,0.722701699024845
10358138,13,3,0.10846559703350067,1,3,2.221322234313743
10354099,11,2,0.12911300361156464,7,2,2.0470672610930296
10353912,8,6,0.04554309323430061,1,7,3.089096297194726
10358137,11,1,0.22706082463264465,8,8,1.482537347469359
10353790,13,6,0.0558643639087677,11,8,2.88482859926859
10354102,12,1,0.30329740047454834,2,2,1.1930414351303043
10353909,7,1,0.266988605260849,9,9,1.3205492984182325
10358134,12,6,0.06914621591567993,8,4,2.6715319452077657
10354103,11,2,0.19406622648239136,1,5,1.639555804552952
10357979,6,4,0.21318073570728302,1,5,1.545614948618728
10358049,11,1,0.30520984530448914,2,2,1.1867557215584177
10357978,8,1,0.2864074110984802,6,6,1.25033996748994
10358117,8,3,0.16560864448547363,4,1,1.7981278373941656
10358001,8,3,0.2301831692457199,6,5,1.4688798989827507
10358044,7,6,0.0362054668366909,3,10,3.318545153964273
10357980,8,5,0.09612080454826355,7,3,2.342149497900631
10358116,9,4,0.12190898507833481,10,11,2.104480536611299
10358002,7,3,0.1977177858352661,3,1,1.6209145890924965
10358045,11,8,0.07267850637435913,9,6,2.621709586375859
10358118,8,1,0.3129329979419708,5,5,1.1617661754401303
10357982,10,2,0.16996438801288605,3,6,1.772166346153493
10358003,10,1,0.24780568480491638,5,5,1.3951103689488806
10358119,9,2,0.2718213200569153,1,2,1.3026103401025337
10358046,8,2,0.20784884691238403,7,4,1.5709441609900794
10357981,10,1,0.21451033651828766,8,8,1.539397352878667
10358004,9,7,0.05056022107601166,1,11,2.9845901566053956
10358113,8,2,0.24864737689495087,1,3,1.3917195432639204
10358050,11,5,0.12431596219539642,5,2,2.084928872013517
10357984,13,1,0.2276538759469986,7,7,1.4799288914424915
10368188,6,1,0.4695824086666107,6,6,0.7559114714198802
10368189,4,2,0.3153838515281677,8,13,1.153964805738066
10368190,8,3,0.13280799984931946,7,4,2.0188508039249364
10368201,10,4,0.12799358367919922,9,10,2.055775143825201
10368193,8,1,0.39897069334983826,1,1,0.9188673150409074
10368205,7,3,0.16301549971103668,1,5,1.8139099924444073
10368220,10,2,0.1528937816619873,2,1,1.8780118361874991
10368191,6,1,0.32699835300445557,2,2,1.1178001447811898
10368312,9,8,0.07937618345022202,7,10,2.533556912271332
10368203,10,3,0.12149405479431152,1,4,2.1078899491327916
10368232,10,9,0.017616407945752144,1,7,4.0389245415864705
10368223,6,6,0.11905672401189804,6,5,2.1281552270739006
10368313,8,3,0.21524779498577118,3,9,1.5359653796953094
10368202,6,4,0.15982557833194733,9,8,1.8336721938034528
10368227,9,1,0.17387650907039642,7,7,1.7494099497228706
10368314,9,2,0.16289617121219635,13,7,1.8146422675656668
10368199,11,6,0.04686269536614418,5,10,3.060533328006008
10368237,10,4,0.11377377063035965,5,1,2.173543270408214
10368224,9,3,0.1544087678194046,5,4,1.8681518566086401
10368311,10,1,0.24385012686252594,8,8,1.411201476578001
10368197,10,3,0.15740463137626648,10,9,1.8489355191860615
10368238,10,1,0.29102885723114014,1,1,1.2343328509844922
10368398,12,4,0.16789138317108154,8,2,1.784438037412275
10368221,10,4,0.15566687285900116,2,4,1.860036985406202
10368309,10,1,0.2292216718196869,3,3,1.4730657444244024
10368198,10,4,0.1175270676612854,11,1,2.141086608852653
10368233,10,10,0.022341623902320862,9,11,3.8013037976372903
10368397,14,2,0.22568053007125854,11,10,1.4886348635174105
10368222,12,4,0.10833872854709625,2,7,2.22249258458739
10368315,13,4,0.09487123042345047,2,11,2.3552347760878236
10368236,10,8,0.021415233612060547,5,6,3.8436527591692347
10368400,8,2,0.16622504591941833,2,3,1.7944127104450878
10368399,9,2,0.2452641725540161,3,7,1.405419394014631
10368402,13,2,0.11752359569072723,6,2,2.141116151169266
10368403,11,3,0.12179626524448395,3,10,2.1054055871938333
10372120,10,1,0.18596197664737701,1,1,1.682213052793912
10372121,12,1,0.17137925326824188,9,9,1.763876322920444
10372181,6,2,0.21423372626304626,8,1,1.540687681154354
10372162,8,7,0.07573851943016052,6,5,2.5804684047565845
10372122,9,1,0.22200889885425568,7,7,1.5050378129841573
10372134,9,4,0.0916045531630516,8,11,2.3902743015171914
10372182,6,1,0.39047375321388245,1,1,0.9403945252420209
10372124,14,7,0.06451153755187988,3,12,2.7409111944036213
10372163,11,3,0.14167571067810059,1,6,1.9542145606828112
10372128,7,7,0.044328294694423676,1,2,3.1161320993967827
10372290,10,1,0.2882341742515564,9,9,1.243982024196885
10372184,8,1,0.24003610014915466,1,1,1.4269659496635474
10372157,11,3,0.18882757425308228,5,2,1.6669209858657181
10372292,12,7,0.061943814158439636,4,1,2.781527528056554
10372129,10,2,0.20897598564624786,6,1,1.5655359348331013
10372183,9,2,0.2658126950263977,4,3,1.3249633722694325
10372158,12,1,0.21961675584316254,4,4,1.515871270603839
10372295,8,2,0.22434504330158234,3,4,1.494570040400903
10372130,10,1,0.29994603991508484,9,9,1.204152687453653
10372179,8,1,0.24443840980529785,5,5,1.4087919044368273
10372293,9,1,0.4104577898979187,3,3,0.8904821814474606
10372159,10,2,0.1683976799249649,6,2,1.7814269544364836
10372131,9,6,0.07283890247344971,2,5,2.6195050918714795
10369127,10,1,0.29335102438926697,6,6,1.2263853515786391
10372294,10,2,0.23197902739048004,1,2,1.4611083105810445
10372180,9,1,0.2663973271846771,9,9,1.322766373456786
10369128,7,3,0.17793524265289307,3,8,1.726335600204088
10369129,9,8,0.032351553440093994,2,6,3.4310932394016183
10372281,4,1,0.5459936857223511,3,3,0.6051478679151813
10369130,10,3,0.13274961709976196,9,10,2.0192905032351565
10372280,8,6,0.08552669733762741,3,1,2.458926702216278
10369131,10,2,0.21057075262069702,7,3,1.5579335653714217
10372278,5,1,0.4416672885417938,8,8,0.8171984212117596
10372276,6,4,0.14386914670467377,2,6,1.9388510959671614
10372274,8,1,0.2688174843788147,3,3,1.3137226263964072
10372279,6,1,0.22642745077610016,2,2,1.4853306909921333
10372141,8,3,0.21407872438430786,3,12,1.5414114606535056
10372217,6,1,0.319934606552124,2,2,1.1396386585962082
10372212,5,5,0.09926807135343552,5,7,2.309931296861416
10372139,9,5,0.10743235051631927,10,5,2.2308939270278265
10372216,8,2,0.18523965775966644,9,1,1.6861048449222187
10372137,10,2,0.16868609189987183,16,4,1.7797157356274345
10372210,9,2,0.1541103720664978,9,4,1.8700862315460398
10376416,8,2,0.23350116610527039,8,9,1.4545682078588014
10372142,14,4,0.10605711489915848,3,14,2.2437775101779547
10376410,9,2,0.15797282755374908,7,9,1.8453322382529147
10372211,10,2,0.2721889317035675,8,6,1.301258851959004
10376396,7,2,0.17088140547275543,3,7,1.7667854983333435
10376417,11,1,0.5588935017585754,5,5,0.5817963396150583
10372138,11,7,0.09842707961797714,10,8,2.3184393134146437
10376461,10,1,0.3132936954498291,3,3,1.1606142042720125
10376403,9,2,0.2586861848831177,1,7,1.3521395932914038
10372215,7,5,0.08167785406112671,7,11,2.5049723779839956
10376397,11,2,0.2231891006231308,2,4,1.4997358820009619
10376420,4,3,0.13683195412158966,4,2,1.9890017183097342
10376455,11,2,0.16493253409862518,6,9,1.8022187729482717
10376405,6,5,0.062233179807662964,3,6,2.7768669840419338
10376398,8,4,0.14061769843101501,4,3,1.9617104296397978
10376459,11,9,0.03454642370343208,11,6,3.3654512448805645
10376418,10,1,0.20991407334804535,1,1,1.5610570065325273
10376406,9,1,0.17089799046516418,1,1,1.766688447471771
10376395,8,1,0.25654077529907227,3,3,1.3604676589778186
10376460,10,5,0.07165433466434479,1,4,2.635901628780094
10376421,11,1,0.21714133024215698,8,8,1.5272068460013917
10376404,9,1,0.2868402600288391,2,2,1.248829803438962
10376456,11,5,0.11359481513500214,6,3,2.175117415153922
10376399,7,2,0.1885373890399933,2,5,1.6684589414181084
10376419,7,5,0.09732738882303238,10,2,2.32967484098301
10376454,10,1,0.27404242753982544,4,4,1.2944723395454627
10376409,9,4,0.09976758062839508,3,1,2.304911991840621
10376392,11,11,0.023794788867235184,8,9,3.738288677437074
10372420,10,2,0.25161081552505493,4,2,1.3798717680962402
10376442,9,3,0.15828335285186768,10,8,1.843368479647398
10376448,10,2,0.2658730745315552,3,10,1.3247362474943338
10372421,7,1,0.2762600779533386,1,1,1.2864125455365463
10376444,6,3,0.186802938580513,5,2,1.677701022152065
10372415,6,1,0.6002829074859619,1,1,0.5103542224164648
10376447,6,1,0.32343852519989014,1,1,1.1287462133932284
10372422,10,8,0.021181991323828697,1,5,3.8546039241618812
10376446,8,3,0.14318883419036865,3,1,1.9435910010266308
10372417,6,1,0.33696362376213074,2,2,1.0877802958145255
10376443,9,5,0.14092685282230377,2,6,1.9595142975238202
10372414,5,1,0.3029639720916748,3,3,1.1941413845302795
10372419,6,3,0.15381364524364471,3,1,1.8720135051461413
10376300,5,4,0.16681033372879028,5,6,1.7908978381659935
10376363,10,6,0.09010087698698044,1,10,2.406825380930415
10376302,8,2,0.215806782245636,2,6,1.5333717982662551
10376364,12,1,0.18635225296020508,7,7,1.6801165631905637
10376500,11,4,0.11760421097278595,12,2,2.14043043656697
10376483,9,4,0.11815851181745529,2,6,2.13572823547733
10376303,7,1,0.28197190165519714,2,2,1.2659478525289478
10376586,10,1,0.23370563983917236,6,6,1.4536929049122034
10376367,17,5,0.07674923539161682,2,11,2.5672118548886655
10376431,11,2,0.20479537546634674,9,6,1.5857439668024618
10376307,5,2,0.2677614986896515,6,2,1.3176586249568023
10376577,10,3,0.15484324097633362,8,1,1.865342022360681
10380322,11,7,0.05552183464169502,8,11,2.890978918630434
10376366,15,1,0.1759720891714096,14,14,1.737429880773152
10376501,14,1,0.1711103320121765,1,1,1.7654467140966392
10376480,11,10,0.02830754779279232,6,4,3.5646268034336974
10376304,7,1,0.26046061515808105,2,2,1.3453036186313436
10380418,9,6,0.10268662124872208,2,5,2.2760734407504484
10376578,8,5,0.0867219939827919,4,6,2.4450477482111412
10380381,6,1,0.47181859612464905,1,1,0.7511606975147662
10380325,7,5,0.12343329191207886,4,1,2.0920544153066567
10380411,10,1,0.536835253238678,5,5,0.6220640225326818
10376503,13,4,0.10611876100301743,5,1,2.2431964252140637
10376821,11,1,0.25866520404815674,5,5,1.3522207019360168
10380407,9,2,0.19034475088119507,7,5,1.65891837267678
10376477,12,3,0.09281247109174728,11,14,2.3771742614545563
10376301,10,6,0.08481971174478531,2,7,2.4672273133759717
10380419,9,4,0.10918954014778137,3,2,2.214670006451601
10376540,9,1,0.3253379762172699,2,2,1.1228907101793453
10376583,9,1,0.2772844433784485,3,3,1.2827114282642404
10380382,8,2,0.2347964346408844,1,2,1.4490363758075195
10380326,8,2,0.1579449623823166,4,6,1.845508645991842
10376434,9,8,0.049675483256578445,8,10,3.0022437622256293
10380414,11,7,0.07450892776250839,5,10,2.5968363250379842
10376505,12,3,0.16505040228366852,1,2,1.801504383341655
10376824,11,1,0.2530776262283325,4,4,1.3740590142782914
10380402,9,2,0.19984140992164612,2,4,1.6102311773773252
10376478,9,1,0.26113393902778625,13,13,1.3427218269377252
10380420,11,6,0.059021856635808945,1,8,2.8298474522222272
10376538,8,1,0.2648482024669647,6,6,1.328598437999852
10376585,12,11,0.02885572239756584,2,7,3.545446955694507
10380548,6,1,0.28646740317344666,3,3,1.250130525309236
10380379,13,7,0.02817247249186039,10,12,3.569409930556371
10380323,10,7,0.05144679546356201,2,5,2.9672071031207095
10376430,11,3,0.13383039832115173,5,1,2.011181964856444
10380412,11,1,0.35155579447746277,1,1,1.0453868478175268
10376498,9,5,0.12010619044303894,10,4,2.119379007152618
10376825,10,2,0.14319775998592377,1,11,1.9435286671343361
10380406,12,2,0.21035733819007874,8,3,1.558947583934516
10376481,16,1,0.1618773341178894,8,8,1.8209164273711986
10380421,8,1,0.26895520091056824,4,4,1.3132104526154353
10376543,9,2,0.20387360453605652,1,4,1.5902550627679697
10376579,14,3,0.1110139861702919,12,15,2.198099084073168
10380549,7,3,0.1516561508178711,1,8,1.886139486369881
10380380,8,7,0.0755668580532074,6,8,2.5827374774552676
10380324,10,1,0.2839212119579315,8,8,1.259058501993062
10376435,11,2,0.178206667304039,9,5,1.7248113499200945
10380408,10,6,0.0811411440372467,9,2,2.511565121756195
10376496,13,6,0.0845440924167633,8,14,2.4704820769625666
10376828,10,1,0.2675769627094269,4,4,1.3183480429636887
10380403,10,1,0.18915162980556488,6,6,1.6652063114688227
10376479,12,5,0.08267227560281754,1,10,2.492870973752891
10380422,13,10,0.053392522037029266,5,7,2.930084579581802
10376541,12,4,0.10532522201538086,4,9,2.250702363211556
10376580,13,1,0.15300923585891724,17,17,1.877256994320638
10380550,7,4,0.11758206784725189,7,3,2.140618739436598
10380376,11,5,0.08535484224557877,8,11,2.4609380973664794
10380319,10,1,0.23087409138679504,4,4,1.4658827759905853
10376436,14,1,0.15565350651741028,2,2,1.8601228541284867
10380409,14,4,0.11184084415435791,9,10,2.1906784526499616
10376497,12,4,0.10392772406339645,6,18,2.264059582366931
10376822,16,8,0.037911515682935715,1,5,3.2725003691680272
10376581,9,6,0.065357506275177,4,3,2.7278829828428224
10376542,7,2,0.29809191823005676,3,2,1.2103533896013565
10376432,14,2,0.11711140722036362,6,9,2.144629598773118
10376823,13,7,0.08366620540618896,8,1,2.4809201416070987
10376539,9,1,0.34110361337661743,8,8,1.0755689963078192
10376437,14,4,0.07756335288286209,8,4,2.5566602200054116
10376819,10,2,0.16436615586280823,3,12,1.8056586821345375
10376820,13,6,0.08986169844865799,2,6,2.4094834744653517
10376356,11,1,0.2784684896469116,1,1,1.2784503691150222
10376351,8,5,0.09939137101173401,1,2,2.3086899798350227
10376355,12,3,0.10900130867958069,1,2,2.2163953905903826
10376352,10,3,0.13804419338703156,8,7,1.9801814031564247
10380544,7,3,0.1536111682653427,5,4,1.8733307508509887
10376353,12,9,0.056073691695928574,5,6,2.8810885301734377
10380569,16,2,0.1339443027973175,4,5,2.010331216204237
10380641,9,4,0.12644332647323608,5,8,2.0679610832712334
10380331,10,5,0.08374042063951492,8,1,2.480033495242603
10380306,6,1,0.3189314603805542,4,4,1.142779057023733
10380541,7,5,0.11349025368690491,4,2,2.1760383163477277
10376354,11,2,0.12222541123628616,4,7,2.1018883059390325
10380567,10,8,0.0788758397102356,6,5,2.539880312088864
10380330,12,4,0.09076212346553802,1,5,2.399513222853026
10380542,4,1,0.4013948440551758,1,1,0.9128096876072892
10380307,10,5,0.07589276880025864,6,7,2.5784338718431523
10380643,8,1,0.2793649733066559,6,6,1.2752362039884464
10380566,12,4,0.08947668224573135,4,8,2.4137772212133406
10380400,11,1,0.19459472596645355,2,2,1.6368362115170565
10380332,14,8,0.07206051051616669,4,1,2.6302490890888026
10380543,8,4,0.1385861486196518,1,4,1.9762631350295998
10380308,7,2,0.2891274392604828,8,2,1.2408877217675223
10380639,8,5,0.09870703518390656,2,5,2.315599056623857
10380570,10,1,0.1528434455394745,3,3,1.878341113216851
10380335,12,1,0.18708482384681702,6,6,1.676193161515585
10380538,12,2,0.18620565533638,3,2,1.680903542224569
10380310,9,1,0.3549089729785919,2,2,1.0358939365312603
10380640,8,1,0.28911322355270386,5,5,1.2409368905952995
10380563,10,5,0.09739205241203308,12,9,2.3290106690752888
10380395,9,3,0.11654365807771683,8,4,2.149489328728456
10380334,15,3,0.1329592913389206,8,6,2.0177122777709675
10380311,10,6,0.0764276310801506,1,3,2.571410984841332
10380645,9,8,0.028448792174458504,3,9,3.5596495736358404
10380396,12,9,0.049009695649147034,2,13,3.0157371300545184
10380564,11,1,0.22887730598449707,4,4,1.4745692007373021
10380336,15,3,0.12817147374153137,3,7,2.0543862729720215
10380631,10,1,0.2279072105884552,6,6,1.4788167039661775
10380399,12,1,0.21911583840847015,2,2,1.5181547465019831
10380632,12,5,0.10791237652301788,1,6,2.2264357096535807
10380636,14,1,0.20334966480731964,8,8,1.5928282949837431
10380633,14,4,0.09000517427921295,3,2,2.407888118313218
10380637,14,1,0.17843112349510193,5,5,1.7235526149991771
10380375,9,1,0.31464463472366333,4,4,1.1563114207240535
10380368,9,2,0.17013545334339142,1,6,1.7711603748231368
10383791,10,2,0.24340294301509857,6,12,1.413037007231889
10380371,12,1,0.33309924602508545,12,12,1.099314797294265
10383782,10,1,0.27276739478111267,4,4,1.2991358807530802
10383783,9,3,0.15076732635498047,4,3,1.8920175156178938
10380369,7,3,0.1830253154039383,8,1,1.6981308001675484
10383785,8,1,0.23022082448005676,8,8,1.4687163242312977
10380373,9,3,0.1597331464290619,7,4,1.8342506909515581
10383789,12,4,0.12131883203983307,7,2,2.109333223311353
10380370,8,5,0.09135880321264267,8,2,2.3929606328467243
10383784,12,3,0.14511606097221375,3,6,1.9302214362291903
10383727,9,2,0.26691222190856934,4,3,1.3208354315310271
10383780,6,4,0.07302065193653107,2,8,2.61701297460317
10383869,10,5,0.06413094699382782,4,1,2.7468282391468626
10383875,7,1,0.28893977403640747,4,4,1.2415370069245124
10383745,12,1,0.506199836730957,4,4,0.6808237534097726
10383730,8,4,0.16847659647464752,7,4,1.7809584321618257
10383790,8,4,0.07572001218795776,3,6,2.5807127916801487
10383870,7,1,0.3206526041030884,2,2,1.1373969720945345
10383747,11,4,0.08011125028133392,8,2,2.5243389818199296
10383729,12,1,0.188105046749115,7,7,1.6707547128962383
10383871,10,1,0.37165504693984985,6,6,0.9897891480837206
10383777,11,3,0.12294086068868637,1,3,2.0960518466437192
10383748,9,2,0.18836843967437744,7,4,1.6693554485244477
10383728,9,5,0.0894809439778328,3,6,2.413729592820048
10383876,12,2,0.19811111688613892,1,3,1.6189272093047675
10383778,9,1,0.2456953078508377,6,6,1.4036630967035426
10383746,12,12,0.02034950815141201,2,13,3.8946985368494027
10383874,12,5,0.08560850471258163,4,2,2.45797064665079
10394528,6,2,0.24217168986797333,2,5,1.4181083421104808
10394524,6,1,0.2942776381969452,5,5,1.2232316096504794
10394525,10,1,0.27699482440948486,9,9,1.2837564574116478
10394629,9,1,0.4860042333602905,1,1,0.7215379445016987
10394606,11,2,0.3384675085544586,6,5,1.0833271777819846
10394549,7,2,0.2522457540035248,3,11,1.3773514523835464
10394526,8,3,0.14597588777542114,8,1,1.9243138231360737
10394624,11,1,0.17531359195709229,6,6,1.741178954652264
10394602,13,2,0.24115675687789917,2,4,1.4223081134613957
10394547,8,3,0.13416390120983124,6,3,2.008693083104698
10394612,10,3,0.19403226673603058,10,5,1.6397308103674082
10394625,12,1,0.20946183800697327,2,2,1.5632137136972488
10394609,12,1,0.32146573066711426,3,3,1.1348643330009922
10394545,9,2,0.24221619963645935,1,3,1.4179245647305103
10394615,7,1,0.39562660455703735,1,1,0.9272844303395359
10394626,8,5,0.11230535060167313,4,7,2.186533772765693
10394601,13,4,0.09487044811248779,3,1,2.3552430221513005
10394546,10,1,0.21877917647361755,5,5,1.519692384473381
10394616,10,1,0.22466830909252167,3,3,1.493130146263823
10394628,9,4,0.12273677438497543,5,4,2.097713262430262
10394607,12,2,0.18677890300750732,8,9,1.67782969849745
10394550,10,7,0.04791606590151787,8,1,3.0383044257588376
10394618,13,2,0.12694065272808075,12,11,2.064035603096545
10394627,11,5,0.08625176548957825,12,15,2.4504847538357786
10394603,13,3,0.10315439850091934,3,5,2.271528398581289
10394767,9,2,0.17413051426410675,1,2,1.7479501789608776
10394544,6,1,0.28630635142326355,2,2,1.2506928826209494
10394613,11,3,0.22513192892074585,11,4,1.491068697855285
10394604,13,10,0.027050664648413658,5,9,3.610043702885646
10394772,9,8,0.05570584908127785,3,4,2.8876701271262406
10394771,10,8,0.027642667293548584,2,12,3.588394783524841
10394770,12,5,0.10126768797636032,7,3,2.289987892190251
10394768,11,3,0.1503968983888626,2,6,1.8944774900935197
10397833,10,3,0.1712167114019394,8,5,1.7648252067092811
10397879,10,1,0.25578123331069946,11,11,1.363432757224965
10397828,9,2,0.25311824679374695,7,4,1.3738985208105785
10397945,7,1,0.36921921372413635,2,2,0.996364736201224
10397834,9,1,0.3804243206977844,6,6,0.9664680158178648
10397880,10,5,0.09563517570495605,1,8,2.3472145798960087
10397947,5,1,0.39960944652557373,3,3,0.9172675925332697
10397824,11,1,0.24601471424102783,2,2,1.4023639308506415
10397831,11,4,0.1466672420501709,1,4,1.9195889176762881
10397948,9,1,0.35946032404899597,6,6,1.0231514721703225
10397881,12,9,0.05229395627975464,5,11,2.9508744732931818
10397823,10,1,0.3030069172382355,6,6,1.1939996445642556
10395454,10,1,0.4687559902667999,1,1,0.7576729225433304
10397835,9,6,0.08486959338188171,5,6,2.466639396082116
10397949,11,4,0.13541540503501892,3,5,1.9994081507141757
10397882,11,5,0.08103993535041809,5,9,2.5128132167910637
10397825,12,1,0.2381112277507782,12,12,1.4350173709909546
10395455,8,4,0.12396079301834106,7,3,2.087789948710182
10397946,9,3,0.20371530950069427,1,8,1.5910318014763565
10397837,12,11,0.01684323325753212,3,15,4.083806289931538
10395458,8,3,0.17066720128059387,2,9,1.7680398101121655
10395456,9,2,0.20719943940639496,8,6,1.574073474168061
10397937,7,2,0.2749716639518738,3,5,1.2910872267995737
10395457,11,8,0.05738489702343941,1,7,2.8579741283367928
10397941,8,2,0.23043832182884216,3,2,1.467772036609139
10395459,9,3,0.134439155459404,3,4,2.0066435580595425
10397934,12,1,0.21458624303340912,8,8,1.5390435559968902
10397935,10,4,0.13149073719978333,1,10,2.028818869390673
10397936,10,4,0.07888729125261307,3,2,2.5397351382155042
10397940,11,1,0.19581730663776398,8,8,1.6305731634263416
10397870,9,1,0.1830134093761444,10,10,1.6981958535457407
10397872,6,3,0.2005770355463028,5,4,1.6065568888394937
10397867,8,3,0.1417987197637558,6,1,1.9533466933892123
10401834,10,1,0.23669211566448212,5,5,1.4409950724192417
10401980,10,5,0.05267268791794777,3,9,2.9436582136022067
10401799,8,5,0.10585129261016846,5,2,2.2457200697595434
10401809,8,3,0.15803763270378113,1,6,1.84492209264642
10397868,13,2,0.14534349739551544,4,13,1.9286553905389598
10401829,10,1,0.22262884676456451,3,3,1.5022492583994622
10401975,9,2,0.1450575292110443,11,7,1.9306248620676776
10401805,7,1,0.35538071393966675,10,10,1.0345656305199957
10401810,9,3,0.1294957399368286,3,6,2.0441072946243435
10397869,7,5,0.08451369404792786,8,5,2.4708416980104784
10401831,11,1,0.3240169882774353,3,3,1.1269593316093198
10401978,10,4,0.1068609431385994,4,3,2.236226886564084
10401801,9,1,0.30111226439476013,6,6,1.2002721123586453
10401812,7,1,0.31429168581962585,5,5,1.1574337885363741
10401861,12,1,0.31543126702308655,6,6,1.153814474861035
10401835,11,1,0.24010489881038666,6,6,1.4266793727544647
10401977,8,1,0.281654953956604,4,4,1.2670725247437156
10401800,9,1,0.20366717875003815,2,2,1.5912680941608395
10401806,8,1,0.32264062762260437,1,1,1.1312161831467729
10401940,9,3,0.11509813368320465,3,5,2.1619701781276834
10401863,11,4,0.10519535094499588,3,4,2.2519361721931084
10401830,11,1,0.3488178253173828,6,6,1.0532054835587814
10401976,10,1,0.2928817570209503,1,1,1.2279863110726417
10401803,9,4,0.128871351480484,3,4,2.0489406475754706
10401937,8,3,0.16074146330356598,5,3,1.8279580226956025
10401807,12,2,0.1454097330570221,1,7,1.9281997762536132
10401857,15,5,0.09447052329778671,10,6,2.359467415915211
10401833,14,6,0.0782463476061821,6,11,2.5478931266105653
10401981,9,4,0.14075039327144623,3,11,1.960767217852946
10401862,11,3,0.10225360840559006,1,10,2.280299194651684
10401988,6,2,0.281614750623703,11,6,1.2672152745938934
10401991,8,1,0.32779762148857117,7,7,1.115358868682347
10401992,8,1,0.3060974180698395,2,2,1.1838518679900965
10401989,6,1,0.2824207544326782,3,3,1.2643572830299676
10401990,9,2,0.16445401310920715,1,2,1.8051243034267819
10401788,12,1,0.26353850960731506,3,3,1.3335557751617573
10401778,12,3,0.11016051471233368,3,10,2.205816752165848
10401919,9,5,0.1104172021150589,12,3,2.2034893410176433
10401776,16,2,0.18020962178707123,14,2,1.7136345401885738
10401792,14,1,0.19705082476139069,9,9,1.6242935898061603
10401777,12,1,0.30844366550445557,3,3,1.1762160600766585
10405252,9,2,0.2106151282787323,9,6,1.5577228476801985
10401789,14,11,0.028889253735542297,7,14,3.5442855960753445
10401837,11,1,0.1761307567358017,6,6,1.7365286237854485
10401779,14,8,0.061941444873809814,5,11,2.781565777718356
10401925,12,1,0.23516926169395447,5,5,1.4474497615750817
10402029,10,2,0.19963355362415314,3,1,1.6112718249032985
10405255,7,6,0.07552783191204071,2,9,2.5832540560596318
10405399,8,6,0.05081335827708244,2,3,2.979596000754867
10401794,8,1,0.21745367348194122,2,2,1.5257694466254859
10405395,10,1,0.47443994879722595,9,9,0.7456202257436166
10401842,11,1,0.16866160929203033,2,2,1.779860883246926
10401920,8,7,0.07342700660228729,6,3,2.611463473673157
10401774,16,4,0.08135274052619934,3,5,2.5089607577935644
10405333,8,3,0.1614275723695755,1,4,1.8236987052112519
10405248,11,4,0.09064342081546783,4,15,2.400821922291981
10405400,8,1,0.4059465527534485,12,12,0.9015337715105785
10401793,16,15,0.016396643593907356,3,13,4.110678624005565
10401908,17,4,0.09958374500274658,8,4,2.306756330494277
10405393,12,3,0.1631525158882141,3,1,1.8130698353555201
10401843,9,3,0.14123830199241638,7,12,1.9573067301379705
10405388,8,1,0.3007895052433014,7,7,1.20134457699881
10401924,12,6,0.0792132318019867,1,5,2.5356119259091927
10402033,11,1,0.22264741361141205,7,7,1.502165863668997
10405258,8,1,0.2871541678905487,1,1,1.2477360370965183
10405402,10,3,0.1596820205450058,6,8,1.834570812785327
10405237,11,2,0.24222226440906525,6,5,1.4178995263693712
10401912,20,9,0.032907430082559586,2,15,3.414056808332787
10402001,8,7,0.0879523754119873,6,2,2.430959799499428
10405389,8,6,0.08338738232851028,1,6,2.484258272088134
10401841,11,2,0.21153192222118378,2,13,1.5533793593970997
10405385,9,5,0.09871825575828552,4,6,2.315485387556054
10401921,15,7,0.05985916405916214,2,1,2.815760741587234
10405329,7,1,0.4353685975074768,2,2,0.8315622561003938
10402025,17,1,0.28300026059150696,16,16,1.2623074605212776
10405247,9,6,0.0545811727643013,4,1,2.9080662768624093
10405403,10,8,0.0453064925968647,4,7,3.0943049323290146
10405232,6,3,0.17067676782608032,7,8,1.7679837578812503
10401911,15,1,0.1822662651538849,2,2,1.7022866656893916
10401997,7,2,0.19097818434238434,1,5,1.6555960755615913
10405390,13,4,0.06574112921953201,2,1,2.7220305338395563
10401839,10,6,0.07894109189510345,4,10,2.539053376880803
10402260,11,3,0.1562044620513916,2,6,1.856589475714447
10401923,10,10,0.036451615393161774,10,16,3.3117695034529215
10405330,11,3,0.11761657893657684,4,6,2.1403252761021396
10402026,14,2,0.16150006651878357,4,6,1.8232497244384978
10405256,8,4,0.14996738731861115,9,5,1.8973374264004998
10405233,9,3,0.19375383853912354,4,16,1.6411667991301009
10402419,10,1,0.3696565330028534,3,3,0.9951809936525743
10397877,16,6,0.06989588588476181,2,4,2.660748488631006
10401998,12,12,0.01808038540184498,9,4,4.012927607771573
10405394,14,5,0.07730170339345932,2,6,2.5600392874936575
10401838,13,7,0.05518340319395065,5,19,2.897093037684661
10402258,8,2,0.1659609079360962,1,4,1.7960030127196112
10405386,7,3,0.15683960914611816,3,2,1.852531593615956
10405334,8,1,0.2955993115901947,5,5,1.2187504187667064
10402031,15,12,0.02426619827747345,11,18,3.7186709143863554
10402420,7,1,0.3287273645401001,6,6,1.1125265509706086
10405234,8,3,0.15393416583538055,11,9,1.871230262545815
10397878,13,9,0.04950227588415146,3,12,3.0057366330068183
10405383,8,1,0.22310061752796173,4,4,1.500132409605026
10401999,8,3,0.13637514412403107,3,6,1.9923457780079679
10402261,9,1,0.20847830176353455,1,1,1.56792031143917
10402423,12,6,0.034714750945568085,1,10,3.3605905830625207
10405235,9,1,0.22344516217708588,2,2,1.4985892544206927
10401909,13,9,0.03826892003417015,3,8,3.263117199588118
10402262,8,4,0.11452258378267288,5,7,2.166983237160135
10402421,13,1,0.25312918424606323,1,1,1.3738553109031406
10405296,10,1,0.25124087929725647,2,2,1.3813431215722116
10402259,9,5,0.09098032116889954,1,5,2.3971120467420963
10402422,14,6,0.07670462876558304,5,8,2.567793223465275
10405297,11,5,0.06452861428260803,7,2,2.740646521267623
10402255,10,6,0.07621180266141891,7,10,2.57423893771404
10405298,8,2,0.17567609250545502,8,7,1.7391133630220885
10405292,10,6,0.05304073169827461,2,7,2.936695137983344
10405293,9,2,0.2316669225692749,3,5,1.4624546174704895
10401892,9,2,0.24633076786994934,1,7,1.401080061357295
10401896,10,2,0.14464318752288818,7,4,1.933485344950508
10401893,12,4,0.14623619616031647,1,6,1.9225321825533426
10401889,8,3,0.20648513734340668,2,7,1.5775268432952498
10401886,10,2,0.26190322637557983,10,3,1.3397802084317891
10405456,11,2,0.23266489803791046,5,3,1.458156066473025
10401895,10,1,0.2754153609275818,6,6,1.2894749174544449
10405270,10,6,0.07061605155467987,6,4,2.650497801193668
10401884,7,2,0.22226865589618683,2,4,1.5038684670707643
10405323,6,1,0.42086055874824524,11,11,0.8654537145380657
10405415,11,1,0.3733297288417816,9,9,0.9852932582958002
10401890,8,7,0.06150292232632637,2,10,2.788670587797344
10405264,9,2,0.24616926908493042,6,3,1.4017358939611098
10401888,8,5,0.06915188580751419,6,9,2.671449949984884
10405317,10,1,0.37221208214759827,3,3,0.9882914738618411
10405559,9,6,0.051799580454826355,2,5,2.960373229077176
10405420,11,2,0.2995346784591675,11,7,1.205525080285897
10405460,12,6,0.049281250685453415,7,8,3.010211580909815
10405280,7,2,0.2738986015319824,2,3,1.29499730848743
10405265,10,6,0.06451655924320221,8,9,2.7408333556777995
10401885,11,5,0.08471718430519104,2,4,2.4684368135435686
10405416,13,8,0.043521616607904434,3,4,3.134497530803024
10405318,7,1,0.5080141425132751,1,1,0.6772459921981081
10405565,8,1,0.35650983452796936,3,3,1.0313934531745674
10405283,7,2,0.2347515970468521,3,4,1.4492273577354275
10405459,9,4,0.11433481425046921,9,6,2.1686241679401808
10405418,13,5,0.09381785988807678,1,10,2.366400037170425
10405266,11,11,0.017741065472364426,8,13,4.0318732434553075
10401887,10,3,0.13386686146259308,4,5,2.0109095441249334
10405281,12,8,0.050469160079956055,6,10,2.98639282073484
10405321,12,12,0.01856793276965618,12,10,3.9863192307804414
10405561,10,2,0.21756747364997864,4,6,1.5252462528847512
10405454,10,8,0.07821699231863022,15,8,2.5482683619584803
10405417,10,5,0.1354185789823532,7,8,1.999384712390171
10405267,10,1,0.2374272346496582,4,4,1.4378940828740032
10406490,8,2,0.322582483291626,7,2,1.1313964133032948
10405282,12,5,0.047013647854328156,8,7,3.0573173395448334
10401882,9,2,0.3415954113006592,2,1,1.074128250118545
10405320,10,9,0.05325311794877052,5,9,2.9326989230782097
10405421,10,2,0.18643243610858917,7,1,1.6796863784111353
10405564,10,1,0.2908444106578827,5,5,1.234966826077056
10406492,8,1,0.40083441138267517,1,1,0.9142068761537597
10405285,12,4,0.09477274119853973,8,2,2.3562734511685335
10405557,11,1,0.18578654527664185,7,7,1.6831568703125397
10406493,9,1,0.47977572679519653,9,9,0.7344365201122202
10405560,11,8,0.047506432980298996,5,10,3.0468901459473243
10406494,10,7,0.061872877180576324,5,4,2.782673366874528
10405563,12,2,0.13550055027008057,11,3,1.9987795776368225
10406495,8,1,0.2273452877998352,5,5,1.4812853255595868
10405314,10,1,0.24268637597560883,1,1,1.4159853030719938
10405309,10,2,0.2567606270313263,13,9,1.3596110404503814
10405356,15,4,0.1051214411854744,17,8,2.2526390144323356
10405310,6,2,0.23000897467136383,3,2,1.4696369505099367
10405348,11,1,0.3522511422634125,7,7,1.0434108854451916
10405313,7,2,0.2570783197879791,7,1,1.3583744942558977
10405381,8,1,0.30615299940109253,3,3,1.183670303944341
10405355,13,2,0.14139540493488312,2,6,1.9561950229721488
10405308,13,2,0.15402811765670776,3,11,1.8706201110481926
10405372,9,1,0.3063521981239319,11,11,1.1830198646316064
10405351,12,1,0.208566352725029,5,5,1.5674980498810607
10405246,8,2,0.24799953401088715,3,2,1.3943284118072785
10405486,8,1,0.5014070272445679,7,7,0.690337078109711
10405316,7,7,0.05885888263583183,2,5,2.8326125197781353
10405376,11,4,0.13033752143383026,3,6,2.0376278744177556
10409343,11,3,0.12900425493717194,10,1,2.047909891155341
10405350,14,9,0.040800731629133224,12,3,3.1990552656462
10405250,6,1,0.30748143792152405,6,6,1.179340558040422
10405315,9,8,0.06571927666664124,2,12,2.7223629921633345
10422710,12,8,0.044237829744815826,1,3,3.1181749793724514
10422715,11,1,0.31673216819763184,1,1,1.149698757505649
10422714,10,5,0.04506011679768562,12,13,3.0997577519333372
10427076,6,1,0.5344023704528809,2,2,0.6266062210418427
10422711,11,2,0.14144068956375122,1,18,1.955874804795361
10427036,10,6,0.08169779181480408,5,10,2.504728305452016
10427073,6,6,0.07169580459594727,6,3,2.6353230463947073
10427108,11,4,0.09106910228729248,2,6,2.3961366948431926
10422712,11,1,0.18285641074180603,5,5,1.699054074887551
10422866,11,3,0.09950195252895355,6,2,2.307578011603558
10427040,8,2,0.21765880286693573,2,4,1.5248265667434249
10427074,6,2,0.17152471840381622,3,9,1.7630278921274676
10427109,12,1,0.2639857828617096,2,2,1.3318600300824894
10422716,11,4,0.11626487970352173,13,9,2.1518842452559968
10422865,9,6,0.06040021404623985,6,5,2.806762630235729
10427226,6,4,0.14782531559467316,6,4,1.9117240023566826
10427037,10,5,0.052284225821495056,2,4,2.9510605629362057
10427077,8,3,0.1609242856502533,7,1,1.8268213000761262
10427105,10,6,0.08051897585391998,3,11,2.519262397442951
10422867,14,3,0.1252773553133011,5,14,2.0772251571691958
10427221,6,2,0.24426965415477753,7,4,1.4094825239279825
10427042,7,1,0.19529183208942413,7,7,1.6332602643528646
10427078,7,3,0.16588957607746124,8,7,1.7964329163248183
10427107,11,6,0.07931476086378098,8,9,2.5343310281451004
10422869,13,2,0.17966821789741516,12,6,1.7166433628411462
10427223,10,2,0.18797193467617035,4,3,1.671462610933491
10427038,10,5,0.11497572809457779,4,1,2.163034232942343
10427079,9,2,0.16131164133548737,3,5,1.824417124505539
10427100,12,3,0.155467689037323,1,3,1.8613173564950014
10422872,14,8,0.050862837582826614,2,4,2.978622728510926
10427229,9,3,0.15356820821762085,2,3,1.8736104574412802
10427043,9,2,0.2034142166376114,1,6,1.59251090283671
10427101,11,5,0.08719997853040695,3,12,2.4395511942781627
10422871,13,6,0.056725192815065384,8,18,2.8695368492023015
10427201,10,1,0.2229151725769043,2,2,1.500963971921239
10427202,10,1,0.23120088875293732,3,3,1.464468298104204
10427199,9,2,0.16924293339252472,5,3,1.7764201205428019
10427388,7,3,0.17144742608070374,6,3,1.7634786128385453
10427206,9,5,0.11991504579782486,3,8,2.120971738601015
10427389,10,1,0.2356303185224533,2,2,1.4454911490560234
10427204,8,4,0.13398687541484833,1,4,2.0100134284934286
10427390,9,5,0.10998272150754929,2,9,2.2074320027317342
10427200,9,5,0.12762689590454102,11,9,2.058644147332104
10427391,9,5,0.11283230036497116,8,3,2.18185263015544
10427205,10,1,0.25859764218330383,4,4,1.3524819303065805
10427014,7,1,0.27923738956451416,1,1,1.2756930002816251
10427016,9,4,0.16616426408290863,5,4,1.79477843723207
10427028,12,1,0.3291495442390442,1,1,1.1112430897295649
10427013,8,3,0.1537521332502365,5,1,1.8724134975934776
10427032,8,6,0.10573158413171768,8,5,2.2468516215473544
10427217,11,4,0.08688022196292877,4,15,2.443224867977851
10427254,11,1,0.24318194389343262,13,13,1.4139453755055778
10427020,13,9,0.05182970315217972,2,10,2.9597918741328346
10427033,8,4,0.14402997493743896,6,1,1.9377338417805043
10427212,11,6,0.07759439200162888,1,10,2.5562601224246695
10427189,9,3,0.1116882711648941,10,1,2.192043581420236
10431126,8,1,0.297132283449173,1,1,1.2135778405212843
10427018,11,2,0.17270085215568542,9,2,1.7561943595296603
10431161,10,5,0.12612836062908173,4,7,2.0704551554377186
10427122,12,1,0.22962376475334167,7,7,1.4713131148697358
10427029,15,1,0.17995770275592804,7,7,1.7150334403944434
10431153,7,1,0.2717558741569519,1,1,1.3028511371814997
10427215,13,1,0.34552744030952454,2,2,1.0626832169035014
10427186,12,6,0.10051948577165604,2,6,2.2974036820017245
10427251,9,8,0.06197423115372658,9,3,2.7810366068864982
10431124,10,1,0.3636772930622101,8,8,1.0114883620913446
10427017,15,2,0.10568495839834213,9,11,2.247292700883659
10431163,9,1,0.3310069441795349,1,1,1.1056159244307733
10427118,15,6,0.07340210676193237,9,3,2.6118026412949327
10427030,15,14,0.014324672520160675,1,16,4.245771877364412
10431156,8,2,0.2322227507829666,10,9,1.4600582352631908
10427210,10,3,0.14129559695720673,4,1,1.956901150731119
10427193,11,8,0.05323928967118263,6,12,2.9329586275580817
10427253,11,4,0.09793168306350708,10,12,2.323485155003704
10431305,8,1,0.3005087375640869,2,2,1.2022784486772262
10431125,10,10,0.04353674501180649,2,9,3.1341499845415766
10427012,15,2,0.13971853256225586,2,4,1.9681253618022392
10431157,10,1,0.2311292588710785,1,1,1.4647781627444403
10427120,14,4,0.0858696773648262,7,6,2.4549245115561567
10427031,16,11,0.03267421945929527,13,6,3.4211689077665004
10431150,10,6,0.07654879242181778,7,2,2.5698269320281124
10427209,13,1,0.24974729120731354,11,11,1.3873057075290551
10427547,9,2,0.22862452268600464,6,1,1.4756742600326977
10427238,6,3,0.22889304161071777,1,2,1.4745004517398645
10427190,10,2,0.17805403470993042,2,3,1.7256682089706965
10427249,12,12,0.027095986530184746,9,1,3.6083696605813183
10431127,10,3,0.22968390583992004,1,2,1.4710512377412988
10431164,12,8,0.03660592436790466,2,3,3.3075451836984864
10427115,11,8,0.04216373711824417,2,8,3.166194737352863
10431154,12,2,0.22301843762397766,4,2,1.5005008310116643
10427213,14,9,0.04529658704996109,9,17,3.0945235903918906
10427546,7,1,0.3025206923484802,4,4,1.1956055993929333
10427239,10,6,0.06865262240171432,2,4,2.67869594790977
10427187,14,1,0.2945912778377533,2,2,1.2221663821883895
10427250,11,1,0.2381233125925064,7,7,1.434966619351974
10431308,10,4,0.13321010768413544,4,8,2.0158276402403263
10431123,8,1,0.3847314715385437,1,1,0.9552096645675267
10431158,7,1,0.3418685793876648,5,5,1.0733288865667758
10427124,14,4,0.07010572403669357,6,11,2.657750832972872
10431151,12,5,0.08405545353889465,11,8,2.4762785367720412
10427211,14,3,0.12004142254590988,3,7,2.1199184078811393
10427540,7,1,0.36086505651474,8,8,1.0192511951999468
10427237,12,3,0.15531505644321442,3,8,1.8622996028301018
10427188,10,8,0.04564976319670677,4,13,3.086756859321388
10427248,12,5,0.08173465728759766,11,2,2.504277165257749
10431310,9,4,0.08112739771604538,9,3,2.5117345485728246
10431128,10,4,0.08319500833749771,5,9,2.48656792889834
10431162,10,1,0.31299856305122375,8,8,1.1615566793431809
10427125,16,16,0.0113458763808012,15,12,4.478900915536271
10427214,11,7,0.05605563148856163,11,8,2.881410661922925
10427191,12,1,0.2629570960998535,14,14,1.3357643928121354
10427246,12,2,0.1723279505968094,12,7,1.7583559280775378
10427233,9,7,0.041968997567892075,2,4,3.1708240864133685
10427542,9,4,0.1268550008535385,1,3,2.064710570351384
10427123,14,9,0.05131220817565918,12,10,2.9698265789835343
10427235,12,2,0.17232491075992584,8,2,1.7583735680696833
10427543,11,9,0.06688446551561356,9,7,2.704788543361477
10427544,11,1,0.32730114459991455,2,2,1.116874600383914
10431134,9,5,0.10033302754163742,9,2,2.299260350663782
10427541,12,2,0.20616288483142853,12,8,1.5790887195683498
10431136,9,4,0.15714658796787262,2,5,1.8505762279190812
10431130,10,1,0.29571110010147095,9,9,1.218372314439782
10431131,7,1,0.28348276019096375,3,3,1.2606039682772552
10427054,10,2,0.23444074392318726,8,1,1.4505524141867094
10427052,10,1,0.3105752170085907,8,8,1.1693291621509632
10427047,8,4,0.0893307477235794,1,3,2.415409530951026
10427138,8,1,0.551963210105896,3,3,0.5942738832850264
10427051,7,2,0.2657260596752167,1,3,1.3252893517062352
10427143,10,5,0.12072841823101044,2,6,2.1142117334298693
10431040,7,3,0.19245679676532745,3,5,1.6478835828309246
10431223,7,1,0.3482039272785187,9,9,1.0549669729106235
10427048,6,1,0.4520826041698456,4,4,0.7938903632589719
10431451,13,3,0.19450271129608154,1,12,1.6373091761951826
10427140,13,1,0.30648255348205566,11,11,1.1825944469810958
10431337,12,1,0.27261099219322205,2,2,1.29970943700655
10431219,8,2,0.43479636311531067,9,2,0.8328774882702707
10431038,7,1,0.4195476770401001,5,5,0.8685781074705653
10431456,14,7,0.0662766620516777,3,7,2.7139174490124423
10427141,13,5,0.08984068781137466,6,3,2.4097173126220546
10431217,9,1,0.3279378414154053,2,2,1.1149311964367425
10431042,9,6,0.03380637243390083,4,6,3.387105960716018
10431449,12,8,0.046378958970308304,10,9,3.070909393066247
10427142,10,4,0.0793175995349884,7,3,2.534295238837035
10431220,8,4,0.0861515924334526,4,1,2.451646831751261
10431339,13,3,0.12548993527889252,1,6,2.0755297206071845
10431454,12,1,0.19603867828845978,11,11,1.629443301013815
10431044,7,6,0.05595625191926956,1,3,2.8831851092823415
10431439,10,1,0.4683092534542084,7,7,0.7586264033162647
10431224,10,6,0.05682337284088135,4,9,2.8678075442178477
10427139,7,1,0.2700231671333313,4,4,1.3092475194672086
10431452,14,5,0.08408200740814209,2,1,2.475962677720541
10431333,12,1,0.22963643074035645,8,8,1.471257956651618
10431039,8,4,0.13946925103664398,6,8,1.9699111246937524
10431440,9,1,0.28451722860336304,2,2,1.2569614697682165
10431221,5,2,0.33080625534057617,6,4,1.1062224062756676
10431455,14,1,0.12620797753334045,8,8,2.0698241174549965
10431334,14,2,0.1598379760980606,1,4,1.8335946262112284
10431442,11,2,0.330450177192688,2,1,1.1072993808494838
10431443,9,4,0.07664415240287781,2,6,2.568581966165148
10431441,12,5,0.06400102376937866,3,9,2.7488561993538645
10431438,11,1,0.2052299827337265,7,7,1.5836240616724573
10431444,10,1,0.3756250739097595,2,2,0.9791637769279335
10431328,12,2,0.19894413650035858,8,1,1.614731214770915
10434452,9,1,0.37827157974243164,8,8,0.9721428764078519
10445312,11,2,0.18636980652809143,2,5,1.680022371996603
10445373,12,1,0.23300577700138092,4,4,1.4566920317264596
10445314,8,2,0.18629571795463562,4,1,1.6804199863159568
10445377,6,2,0.2123406082391739,1,3,1.549563650942049
10445318,14,2,0.20577788352966309,3,2,1.5809579271993142
10445374,11,2,0.19496886432170868,3,6,1.6349154033121087
10445323,14,2,0.176832914352417,5,9,1.7325499789538679
10445294,10,6,0.10339339077472687,13,10,2.269214237957225
10445317,11,5,0.08033667504787445,5,12,2.521529036918448
10445375,5,2,0.2067306488752365,5,6,1.5763385461928274
10445357,7,5,0.11062408238649368,1,7,2.201617470499802
10445324,12,1,0.17613422870635986,2,2,1.7365089115193888
10445296,8,5,0.09202385693788528,1,7,2.38570742100707
10445315,9,3,0.1919100284576416,6,2,1.6507286185655996
10445379,16,2,0.12220989167690277,3,14,2.102015288901144
10445354,9,1,0.1817650943994522,5,5,1.705040115676132
10445326,9,2,0.2119942307472229,2,1,1.5511962181369132
10445293,10,5,0.09758303314447403,9,13,2.32705164140799
10445378,11,1,0.18263112008571625,14,14,1.700286897709789
10445355,9,5,0.08709848672151566,6,11,2.440715769310022
10445426,12,4,0.1026124656200409,2,4,2.27679585635431
10445432,16,3,0.09054393321275711,6,12,2.4019200962042024
10445425,13,7,0.05164621025323868,8,1,2.9633384597146852
10448675,10,1,0.30152562260627747,10,10,1.198900282657065
10448650,14,3,0.14645010232925415,3,4,1.9210705069769614
10445433,12,2,0.1854778230190277,11,1,1.6848199565396835
10448661,6,3,0.1876339316368103,1,9,1.6732623865009815
10448677,8,1,0.31156352162361145,1,1,1.166152039798701
10445427,9,4,0.0889349952340126,6,7,2.4198495667442566
10448655,9,2,0.2541904151439667,2,1,1.3696716269016103
10448671,8,3,0.1829892247915268,6,8,1.6983280087948842
10448644,14,1,0.21530914306640625,8,8,1.535680408879009
10445434,8,3,0.20692461729049683,8,7,1.5754007197206792
10448656,9,7,0.03642597794532776,2,9,3.3124730790710823
10448672,11,3,0.21704265475273132,1,7,1.52766137907739
10448645,13,1,0.16006895899772644,4,4,1.832150562863642
10448621,12,7,0.02398953214287758,1,12,3.7301377044933766
10448623,6,4,0.18154141306877136,4,5,1.7062714801265122
10454391,9,4,0.13902878761291504,3,7,1.9730742621658668
10454395,6,2,0.3233188986778259,1,5,1.1291161404138144
10454418,7,4,0.1413993239402771,1,2,1.9561673067172538
10448622,9,1,0.29289039969444275,4,4,1.227956802420194
10454386,7,2,0.22791889309883118,5,4,1.478765445338012
10454220,12,4,0.09174143522977829,2,10,2.388781145398988
10454221,8,8,0.019782882183790207,1,3,3.922938251380787
10454208,9,5,0.0963371992111206,6,4,2.3399007501237654
10454218,8,1,0.26871147751808167,6,6,1.314117049281951
10454209,12,1,0.2182549089193344,1,1,1.5220915923305625
10454207,13,5,0.09836340695619583,11,3,2.3190864246151053
10454291,7,2,0.26962289214134216,2,7,1.310730992045268
10454225,10,2,0.2058325707912445,10,5,1.580692203812898
10454211,9,5,0.12270074337720871,1,9,2.0980068687896654
10457750,10,2,0.16551443934440613,2,7,1.798696841176805
10454286,11,2,0.19893454015254974,12,4,1.6147794523286119
10454222,7,4,0.17062005400657654,3,11,1.7683161009703026
10454206,12,8,0.03898952528834343,10,9,3.244462251277358
10454396,9,2,0.16514718532562256,1,12,1.8009181704294024
10457754,10,1,0.30891984701156616,11,11,1.1746734305176132
10454309,11,8,0.03866826742887497,8,11,3.2527359783781695
10454287,12,1,0.28148579597473145,2,2,1.2676732910245463
10454224,9,7,0.07396148145198822,4,11,2.6042108422150876
10454409,13,1,0.2041999250650406,7,7,1.5886557402200987
10454402,11,3,0.1553281545639038,7,13,1.862215273797739
10457914,7,3,0.17590785026550293,1,7,1.737794999095743
10454210,12,12,0.03237529844045639,1,6,3.430359540766888
10454306,13,1,0.24322907626628876,3,3,1.4137515790205055
10454284,9,2,0.3052113354206085,4,6,1.1867508393028
10454226,7,3,0.15306660532951355,10,2,1.8768821233667896
10454412,13,1,0.17737673223018646,8,8,1.7294793776289037
10457915,8,7,0.03414621949195862,3,7,3.3771034021106865
10454212,14,1,0.1558358371257782,2,2,1.8589521519332866
10457758,10,2,0.2819210886955261,7,1,1.2661280745238228
10454304,10,1,0.16406169533729553,4,4,1.807512730818992
10454285,6,2,0.19490592181682587,6,3,1.6352382890573145
10454657,7,1,0.306275337934494,2,2,1.1832707844330101
10454217,8,1,0.2502041161060333,2,2,1.385478229821524
10454411,8,3,0.1681203544139862,10,4,1.783075160746169
10457729,7,5,0.049492672085762024,1,5,3.0059306590377726
10454205,14,2,0.13399384915828705,6,3,2.0099613818885738
10457753,10,9,0.053747158497571945,6,5,2.923464478533229
10457897,13,1,0.33862337470054626,8,8,1.0828667782914714
10454288,16,5,0.074672631919384,5,18,2.5946416272089206
10454653,6,1,0.3939483165740967,5,5,0.9315355544964309
10454219,6,1,0.4335850775241852,1,1,0.8356672447529218
10454407,15,6,0.07276256382465363,4,6,2.6205536892205568
10454398,9,7,0.06760735809803009,7,8,2.694038454252694
10457917,7,3,0.1569519191980362,4,5,1.851815767683329
10454213,11,4,0.09257665276527405,5,8,2.3797182990847494
10457756,13,7,0.06456906348466873,1,6,2.740019876325841
10454307,12,8,0.0811883881688118,6,4,2.5109830448875323
10457890,14,2,0.19138355553150177,1,15,1.6534757204176533
10454282,11,1,0.1846306473016739,2,2,1.6893979506407844
10454376,6,1,0.31269076466560364,1,1,1.1625405491226843
10454654,6,4,0.12641745805740356,6,3,2.0681656892639797
10454413,14,4,0.10714191198348999,1,3,2.2336010430334303
10457725,11,6,0.06713856756687164,1,5,2.7009966226761386
10454403,12,9,0.03770674765110016,1,14,3.2779162177558776
10457919,6,1,0.23415227234363556,4,4,1.4517836387503678
10457757,13,12,0.02423778921365738,2,6,3.719842325997405
10454308,12,5,0.10061066597700119,10,2,2.2964970033083634
10457891,14,3,0.10497598350048065,7,1,2.2540236835538328
10454289,11,6,0.06957138329744339,10,7,2.665401955710506
10454377,7,4,0.10786586999893188,2,6,2.2268667681643968
10454659,12,1,0.31337985396385193,1,1,1.1603392333093916
10454410,10,6,0.08950415253639221,7,8,2.4134702577229756
10457727,12,1,0.40648624300956726,11,11,0.9002051931018331
10454399,10,1,0.2655180096626282,5,5,1.3260726075964484
10457918,12,1,0.23930388689041138,5,5,1.4300210414483159
10454506,10,9,0.02757800742983818,2,9,3.59073665615084
10457748,10,4,0.14479117095470428,3,1,1.932462774959237
10454310,12,4,0.11163614690303802,1,13,2.192510384497602
10457896,14,7,0.0722639337182045,4,5,2.627430116352378
10454283,13,2,0.13486027717590332,11,1,2.003516020391566
10454651,10,1,0.30232954025268555,6,6,1.1962376636358003
10454379,5,1,0.2396935224533081,3,3,1.4283941614642708
10454408,10,5,0.07373464852571487,3,9,2.6072824610131153
10457726,8,3,0.16294647753238678,5,4,1.8143334907939093
10454401,12,2,0.1726401001214981,6,7,1.756546197528678
10457920,10,2,0.15137572586536407,3,2,1.8879902819734635
10454507,7,6,0.10430331528186798,6,2,2.260452131460748
10457749,10,3,0.11355002969503403,2,4,2.175511748915553
10454305,14,12,0.03284275904297829,16,4,3.416023983219935
10457728,12,2,0.1644594818353653,1,6,1.8050910501474686
10457892,13,7,0.07275465875864029,5,8,2.620662337061421
10454290,12,1,0.1977597028017044,3,3,1.620702607537037
10454378,5,2,0.17962335050106049,5,2,1.7168931176393891
10454658,10,3,0.14792203903198242,3,1,1.911069907303965
10454400,14,1,0.1964586079120636,10,10,1.6273035166199117
10454414,14,1,0.18528863787651062,2,2,1.6858404650208383
10457895,14,1,0.18347269296646118,1,1,1.6956894347330156
10457767,13,1,0.2640807330608368,4,4,1.3315004155366414
10454303,15,4,0.0797630324959755,2,5,2.5286951337908308
10454509,8,1,0.24618886411190033,1,1,1.4016562973193196
10454380,5,1,0.2976498007774353,4,4,1.2118376487011702
10454652,10,1,0.26349276304244995,7,7,1.333729376112418
10454406,11,7,0.06795484572649002,1,3,2.68891182780785
10457768,12,7,0.056658241897821426,6,16,2.870717814044207
10454508,9,5,0.06178712472319603,1,2,2.784060274036191
10454381,8,2,0.19888511300086975,3,2,1.6150279425755996
10454655,14,2,0.14197930693626404,9,8,1.95207395780087
10454511,9,7,0.05201217532157898,2,8,2.956277447007793
10457769,9,7,0.06534270942211151,6,3,2.7281094071535974
10454656,16,10,0.041535042226314545,3,11,3.1812178170474743
10454510,9,4,0.14864513278007507,1,3,1.9061934728922847
10457770,12,7,0.08771555125713348,9,12,2.4336560719814684
10457771,10,8,0.02948426827788353,7,10,3.5238984365958426
10457765,12,6,0.054223619401454926,9,11,2.914638683147406
10457766,11,4,0.11007814854383469,9,8,2.2065647241260957
10454247,11,2,0.1649238020181656,2,1,1.8022717176972762
10454193,7,2,0.3035486340522766,4,2,1.1922134373259599
10454242,8,1,0.19967859983444214,3,3,1.6110462058727233
10454191,9,1,0.43926364183425903,5,5,0.8226554952901713
10454248,9,3,0.14092259109020233,4,7,1.9595445387195636
10454188,10,3,0.21342429518699646,9,2,1.5444730984831774
10454243,11,1,0.23849810659885406,1,1,1.4333939074741253
10454362,7,3,0.22767964005470276,5,2,1.4798157255681323
10454189,7,7,0.07379764318466187,2,1,2.606428483052832
10457906,7,1,0.3297540843486786,7,7,1.1094081012637607
10454244,14,1,0.27275553345680237,1,1,1.2991793668237774
10454355,9,1,0.33893969655036926,3,3,1.0819330737074246
10457884,6,4,0.0817284882068634,3,11,2.5043526450329425
10454192,10,1,0.1692381203174591,4,4,1.7764485598011486
10457738,9,1,0.3254883289337158,7,7,1.1224286737867448
10457902,7,3,0.17919759452342987,7,5,1.719266201949762
10454245,8,5,0.13982735574245453,2,4,1.9673467906248503
10454356,10,2,0.26692289113998413,1,2,1.3207954595203617
10457885,9,1,0.2880118489265442,9,9,1.2447536575864482
10457812,7,2,0.2871865928173065,2,1,1.2476231252887187
10457737,10,2,0.2504061162471771,8,10,1.3846712141472444
10457908,10,5,0.15106427669525146,7,2,1.8900498592619792
10454246,13,1,0.2279396653175354,8,8,1.4786743108475648
10454357,12,4,0.1062769889831543,3,11,2.2417064894745953
10457886,8,1,0.5885869264602661,9,9,0.5300306546760127
10457811,8,1,0.332456111907959,6,6,1.101247421860015
10457935,4,2,0.2517496645450592,2,5,1.37932007987667
10457732,9,4,0.13854354619979858,1,6,1.976570589777216
10457903,12,1,0.45045000314712524,10,10,0.7975081888980631
10458111,10,2,0.22137945890426636,12,3,1.507877041221944
10454358,12,5,0.08273027837276459,1,8,2.4921696209511293
10454241,12,3,0.15352648496627808,3,7,1.8738821863413593
10457813,6,1,0.2782645523548126,2,2,1.279182990625998
10457932,5,3,0.15543584525585175,2,5,1.8615222031954741
10457733,11,2,0.17439696192741394,1,5,1.7464211877999654
10457904,10,3,0.1422048956155777,12,6,1.9504863345292602
10458112,10,1,0.18018044531345367,7,7,1.7137964562697579
10457843,8,1,0.3641977608203888,7,7,1.0100582599217287
10454360,14,14,0.01818779669702053,2,13,4.007004420945243
10457889,14,6,0.0793861523270607,9,7,2.533431329880484
10457933,5,1,0.3707602620124817,4,4,0.9921996192844924
10457736,11,4,0.09015107899904251,7,4,2.4062683604744044
10457905,9,3,0.12346359342336655,5,2,2.0918089564674442
10458113,8,4,0.17041845619678497,2,7,1.7694983594381397
10457844,10,2,0.24991348385810852,6,4,1.3866404855816175
10454359,11,2,0.21978701651096344,6,11,1.5150963083161473
10457888,14,6,0.06318608671426773,3,1,2.7616711489913603
10457809,10,4,0.14131036400794983,1,2,1.9567966444375777
10457934,5,1,0.48245975375175476,1,1,0.7288577735955252
10457734,12,6,0.07796286046504974,4,7,2.551522713570923
10457907,11,6,0.0661003589630127,7,8,2.7165811015339063
10458106,13,6,0.06613288819789886,2,12,2.7160891037006722
10457845,10,2,0.20237641036510468,4,3,1.597625897940779
10454361,8,3,0.15077394247055054,6,4,1.8919736336272335
10457883,12,1,0.19077196717262268,6,6,1.6566764533374825
10457810,8,8,0.03099260851740837,11,4,3.474006537849427
10457735,12,1,0.3272966146469116,2,2,1.1168884408009916
10457901,10,2,0.23433318734169006,12,3,1.451011298848211
10458110,11,1,0.254348486661911,17,17,1.3690499575564574
10457846,9,1,0.34646499156951904,7,7,1.0599734998879036
10457840,12,1,0.360526442527771,5,5,1.0201899753554853
10457842,11,7,0.02724127285182476,4,6,3.60302207148617
10457841,12,3,0.18149395287036896,2,3,1.7065329433509007
10457704,10,3,0.1315280646085739,1,6,2.0285350310583214
10461615,12,3,0.11287952959537506,14,5,2.1814341387444984
10457742,7,1,0.33055761456489563,1,1,1.1069743094222073
10457698,8,1,0.37170660495758057,4,4,0.9896504322441779
10461608,11,1,0.3276355266571045,12,12,1.1158534876537247
10457743,8,2,0.23675502836704254,6,3,1.4407293079987618
10461609,14,1,0.5918446779251099,5,5,0.5245110468924804
10457746,6,6,0.07284612208604813,6,3,2.61940597924647
10461610,10,1,0.2024352252483368,8,8,1.5973353189234203
10457701,10,7,0.059652648866176605,3,10,2.819216724614834
10457744,9,5,0.044271573424339294,12,5,3.1174124913214625
10461614,11,6,0.059779006987810135,2,13,2.817100733374881
10457700,11,4,0.07935957610607147,6,10,2.5337661574251347
10461611,12,2,0.17437008023262024,3,6,1.746575340524262
10457745,10,3,0.1358068287372589,9,2,1.9965217798695274
10457703,12,1,0.20944423973560333,11,11,1.5632977338264153
10461612,12,4,0.13006842136383057,3,2,2.039694648800078
10457740,8,1,0.25880444049835205,2,2,1.3516825584718624
10457702,14,2,0.19141949713230133,7,2,1.6532879392562698
10461613,11,1,0.2386285364627838,3,3,1.4328471768772266
10457741,12,7,0.047747090458869934,7,6,3.0418371467104115
10461581,7,2,0.2867085933685303,1,5,1.2492889331603165
10461627,11,3,0.12290716916322708,1,2,2.0963259308061226
10461582,10,7,0.06160525977611542,7,4,2.787008026111938
10461629,9,1,0.4013996422290802,11,11,0.912797733928019
10461601,8,1,0.4240007996559143,3,3,0.8580199377710278
10461622,10,1,0.2642285227775574,9,9,1.3309409336841378
10461599,9,1,0.43166589736938477,7,7,0.840103375674062
10461584,9,1,0.2522937059402466,7,7,1.3771613703754058
10461600,10,1,0.34181293845176697,4,4,1.0734916551500089
10461624,11,1,0.19498789310455322,11,11,1.6348178089891625
10461585,10,6,0.06876036524772644,2,7,2.677127786560037
10461625,11,1,0.2439730167388916,2,2,1.4106976469398336
10461595,10,3,0.13673841953277588,2,4,1.9896855247556515
10461586,9,2,0.15262681245803833,1,3,1.879759471384836
10461626,10,2,0.2519543170928955,6,5,1.3785074892815674
10461596,11,4,0.1110977977514267,1,3,2.197344404752397
10461580,7,3,0.1967659443616867,5,8,1.6257403562809825
10461628,9,3,0.13162831962108612,4,1,2.027773088552872
10461597,9,2,0.21329161524772644,3,12,1.5450949639458955
10472317,14,4,0.08986842632293701,5,4,2.409408608058947
10472310,10,2,0.21066564321517944,9,1,1.557483031670984
10472311,9,3,0.15321455895900726,6,5,1.8759159938214365
10472313,12,2,0.18715572357177734,1,2,1.6758142622952967
10472417,7,1,0.2384054958820343,4,4,1.4337822908602107
10472358,8,1,0.2925519347190857,1,1,1.2291130734760127
10472271,9,6,0.09885671734809875,9,8,2.314083776711282
10472316,14,1,0.2893439531326294,5,5,1.2401391492880385
10472418,6,2,0.23511850833892822,6,1,1.4476656011459033
10472359,9,5,0.13844381272792816,6,5,1.9772907199417589
10472266,10,3,0.23298640549182892,6,14,1.4567751726472342
10472299,10,3,0.16852588951587677,6,11,1.7806658940137114
10472312,14,6,0.06344442814588547,7,5,2.7575909035573543
10472419,8,1,0.17511193454265594,2,2,1.7423298835740857
10472354,11,1,0.46517857909202576,15,15,0.765333906061553
10472267,12,3,0.13804756104946136,5,4,1.9801570079155248
10472300,7,5,0.07709922641515732,6,3,2.562662031989035
10472314,12,1,0.3290685713291168,10,10,1.1114891264411675
10472423,9,2,0.20185832679271698,1,3,1.6001891801549648
10472360,7,1,0.3255557119846344,6,6,1.1222216738084818
10472268,10,3,0.18275007605552673,5,2,1.6996357641798228
10472301,10,3,0.18679729104042053,1,9,1.6777312552174923
10472455,9,6,0.09919510036706924,1,2,2.3106666573721037
10472315,12,1,0.2048036754131317,1,1,1.5857034396246361
10472421,10,1,0.2753288447856903,10,10,1.2897890964933005
10472361,11,9,0.03948259726166725,4,7,3.2318952798110234
10472270,7,1,0.320732980966568,10,10,1.1371463370139483
10472302,9,2,0.14352872967720032,2,3,1.9412200570114118
10472456,11,3,0.19904108345508575,3,6,1.614244026042371
10472422,10,2,0.20127272605895996,3,1,1.6030944445423863
10472355,8,1,0.21152956783771515,4,4,1.5533904896158692
10472269,11,2,0.22653770446777344,5,14,1.484843882271532
10472303,12,6,0.08140470832586288,6,7,2.50832216580535
10472457,16,1,0.2511715590953827,5,5,1.381619070959673
10472420,8,4,0.14456743001937866,8,4,1.934009236541253
10472356,14,3,0.1447163075208664,13,2,1.932979952863592
10472273,10,5,0.09355584532022476,14,1,2.369196744833768
10472297,12,7,0.07993564009666443,2,6,2.52653346688277
10472424,9,1,0.255461186170578,7,7,1.3646847941050615
10472357,12,1,0.18247707188129425,10,10,1.7011307473792983
10472272,12,7,0.0644911453127861,9,2,2.741227346576751
10472298,13,2,0.11483549326658249,1,3,2.1642546680853347
10472458,15,1,0.38248884677886963,6,6,0.9610557848887243
10472462,9,3,0.1537710279226303,1,5,1.8722906146708027
10472459,12,6,0.08953569829463959,12,5,2.41311786959902
10472461,15,4,0.12109368294477463,9,3,2.111190793740947
10476075,7,3,0.16439686715602875,1,5,1.8054718527701654
10476079,14,2,0.14864061772823334,11,2,1.9062238480571514
10476073,14,5,0.08059301227331161,9,13,2.518343329588799
10476083,6,2,0.23128122091293335,3,2,1.4641209023493198
10476078,14,1,0.22624029219150543,2,2,1.486157604763512
10476084,6,1,0.24055270850658417,3,3,1.4248160512593062
10476113,9,9,0.023658286780118942,4,9,3.7440418330232386
10476076,12,9,0.03916262835264206,5,3,3.2400323452718007
10476088,6,5,0.12023234367370605,1,2,2.11832921093316
10476074,14,3,0.10912557691335678,5,1,2.215255978116008
10476085,5,3,0.21006998419761658,1,4,1.560314545698921
10476110,8,3,0.2535322308540344,3,2,1.3722643206245175
10476137,7,4,0.0565212108194828,4,5,2.873139298545262
10476080,12,4,0.08365954458713531,1,3,2.480999756598305
10473214,7,1,0.29819563031196594,2,2,1.210005530306932
10476115,10,2,0.2613697648048401,1,13,1.3418191508750024
10476086,9,4,0.08208132535219193,1,2,2.5000447506116785
10476131,11,1,0.318601131439209,5,5,1.1438153302280973
10476111,14,5,0.08950381726026535,5,9,2.413474003658168
10473211,9,2,0.23097553849220276,4,3,1.4654434680406543
10476087,8,2,0.18527790904045105,7,9,1.685898370064625
10476132,8,3,0.1689998358488083,2,3,1.7778575353683619
10476114,10,2,0.21329094469547272,2,7,1.5450981077793133
10473212,11,1,0.45393115282058716,9,9,0.7898097382098032
10476090,10,6,0.06213194131851196,2,9,2.77849506932174
10476116,8,1,0.25092408061027527,6,6,1.3826048532910766
10476133,10,5,0.09726473689079285,5,7,2.3303187718119127
10473216,11,1,0.2291264533996582,11,11,1.4734812295814668
10476089,8,1,0.4593329131603241,1,1,0.7779800308223643
10476112,11,5,0.100875124335289,2,18,2.293871919824863
10476134,10,2,0.19756382703781128,4,7,1.6216935719757184
10473215,9,3,0.1642720103263855,3,5,1.806231625564023
10473209,10,3,0.17074298858642578,1,3,1.7675958438257096
10473213,10,1,0.2437930852174759,8,8,1.4114354248577974
10473210,12,1,0.33640560507774353,3,3,1.089437689078801
10480014,10,2,0.20639066398143768,2,8,1.5779844790458297
10480032,9,4,0.16603873670101166,3,1,1.795534164227763
10480112,8,3,0.19168011844158173,4,3,1.6519273461421502
10480011,8,1,0.23900587856769562,8,8,1.431267130835561
10480028,13,2,0.20259802043437958,10,1,1.596531458022892
10480247,10,7,0.022463778033852577,6,5,3.795851132159216
10480115,6,5,0.14138950407505035,2,1,1.9562367568811772
10480015,8,1,0.2705700099468231,4,4,1.3072243973739353
10480244,7,3,0.19964316487312317,4,2,1.6112236816055472
10480033,14,4,0.1285949945449829,5,12,2.051087390603443
10480113,7,2,0.13742177188396454,2,1,1.9847004555315768
10480016,10,5,0.057638004422187805,1,7,2.853573129855636
10480030,14,4,0.13472677767276764,4,16,2.0045064204248537
10480116,7,1,0.2442026138305664,3,3,1.4097570137159432
10476280,9,1,0.26593518257141113,9,9,1.3245026744374706
10480246,12,5,0.054065048694610596,3,12,2.9175673519171315
10480012,10,4,0.14562885463237762,1,7,1.9266939854339264
10480034,16,6,0.07313728332519531,6,10,2.615417010440001
10480117,8,1,0.33779582381248474,3,3,1.0853136375845485
10480249,11,4,0.14883793890476227,3,5,1.9048972233235797
10480017,10,3,0.16113115847110748,8,6,1.8255365967551092
10480035,16,5,0.08060932159423828,12,14,2.5181409836228195
10480250,9,7,0.06654483079910278,3,7,2.7098794111006517
10480118,6,3,0.18703283369541168,6,7,1.6764710962812497
10476286,9,1,0.44082462787628174,5,5,0.8191081518414427
10480013,9,4,0.09537262469530106,9,5,2.3499636945861955
10480251,8,2,0.1813158094882965,1,9,1.7075149643154448
10480029,15,6,0.07093752920627594,2,12,2.6459556595880724
10480114,10,2,0.13896697759628296,7,1,1.9735189453257278
10476282,6,4,0.14707863330841064,4,5,1.9167879147569742
10480010,11,7,0.05115611106157303,3,2,2.972873320376337
10480242,10,3,0.15624891221523285,7,1,1.8563049522123696
10480145,10,3,0.14486373960971832,1,5,1.9319617052111637
10480111,10,2,0.1717909723520279,10,8,1.7614768182397251
10476285,9,8,0.03951643407344818,2,6,3.231038641108541
10480031,16,4,0.11793264746665955,10,15,2.1376416016566266
10480146,6,2,0.2759937047958374,6,2,1.2873772222358437
10476283,10,1,0.25760418176651,6,6,1.3563310513180569
10480150,9,1,0.32161518931388855,7,7,1.134399512339015
10476279,12,1,0.2383086085319519,10,10,1.4341887707630259
10480152,8,1,0.4347870647907257,5,5,0.8328988739689557
10476284,11,5,0.07413022965192795,7,11,2.6019318723562415
10480147,12,3,0.11188078671693802,1,6,2.1903213788806624
10480151,10,6,0.11954028159379959,7,4,2.1241018799438347
10480148,12,6,0.105771005153656,10,1,2.2464788504855155
10480149,12,2,0.17111344635486603,11,10,1.7654285134753704
10479993,8,3,0.180757075548172,6,4,1.7106012732147005
10480000,13,1,0.17902477085590363,11,11,1.7202310980458047
10479994,7,4,0.17153812944889069,4,2,1.7629497079395542
10480004,5,1,0.30341392755508423,2,2,1.192657308193538
10480187,16,3,0.1362677812576294,6,2,1.9931333493106222
10480237,11,1,0.3115104138851166,2,2,1.166322509900552
10480199,11,6,0.05730695649981499,1,9,2.8593332577470867
10484043,11,2,0.2164885401725769,2,8,1.5302176651688346
10479995,10,2,0.1544155478477478,4,1,1.8681079479654386
10484447,7,5,0.07250609248876572,1,3,2.6240846863243914
10480075,9,5,0.07525713741779327,1,10,2.5868445304451817
10480006,11,4,0.10868770629167557,2,5,2.219276588843669
10480245,15,1,0.2624989449977875,18,18,1.3375082160145828
10480194,17,4,0.0909886285662651,5,4,2.397020741083813
10484039,9,5,0.10797762125730515,10,3,2.225831283909504
10479996,6,2,0.22097451984882355,6,3,1.5097078789130443
10484452,7,3,0.21323475241661072,9,1,1.5453615961438718
10480001,10,2,0.16743230819702148,1,2,1.7871761395666554
10484148,10,3,0.17591622471809387,3,5,1.7377473931859264
10480183,12,2,0.18377287685871124,10,6,1.694054648727308
10480243,10,4,0.1363162100315094,3,4,1.9927780182865182
10479997,12,4,0.10553909093141556,13,9,2.248673864539764
10484445,12,2,0.28222155570983887,17,12,1.265062857966614
10480067,10,2,0.17589130997657776,11,6,1.7378890316620856
10480005,9,2,0.2626412808895111,3,7,1.3369661288226573
10484149,8,2,0.19651657342910767,4,1,1.6270085080788295
10484242,7,1,0.3111722767353058,5,5,1.1674085756869996
10480186,13,5,0.08009356260299683,18,9,2.5245597951412093
10480241,12,2,0.17528225481510162,9,3,1.7413577197024643
10488246,7,5,0.09376507252454758,2,13,2.3669628534591323
10480197,11,1,0.3373452126979828,7,7,1.0866485029150332
10484161,5,1,0.28025585412979126,2,2,1.2720523282924947
10484040,11,3,0.22754442691802979,2,1,1.4804097765002306
10479999,13,2,0.13082431256771088,7,11,2.033899981331893
10484446,7,1,0.39697277545928955,2,2,0.9238875763156612
10480069,10,1,0.34199392795562744,2,2,1.0729622965928545
10480002,13,3,0.15224012732505798,10,2,1.8822962196502813
10484150,11,1,0.4881731867790222,11,11,0.7170850451472652
10484244,7,2,0.25137484073638916,1,2,1.380810064459331
10480190,13,2,0.1614002287387848,5,4,1.8238681059305346
10480156,7,3,0.20146693289279938,2,3,1.6021300158124325
10480504,8,2,0.2034251093864441,3,1,1.5924573546758587
10480234,13,10,0.04049191623926163,20,11,3.2066529238227583
10488241,11,4,0.06098558008670807,9,4,2.797117834775003
10480198,15,10,0.046169497072696686,7,8,3.0754359354682754
10484162,4,1,0.4303833246231079,4,4,0.8430790147905453
10484041,8,3,0.1486961543560028,7,6,1.9058502876123666
10479998,14,3,0.10097598284482956,11,12,2.292872584033811
10484449,12,9,0.07030992954969406,10,8,2.654842244767102
10480070,13,1,0.4315657615661621,7,7,0.8403353778316179
10480007,16,1,0.1712253987789154,3,3,1.7647744689248814
10484151,7,5,0.09540624171495438,1,4,2.3496112758866423
10484243,7,1,0.3377170264720917,3,3,1.0855469339332924
10480184,15,8,0.06245945394039154,3,4,2.7732376697143875
10480153,6,2,0.2448521852493286,2,1,1.4071005760244288
10480507,8,1,0.24689577519893646,1,1,1.3987889941628382
10480239,12,10,0.03402670472860336,2,8,3.380609629462993
10480196,11,1,0.25182798504829407,4,4,1.3790090235621986
10484163,9,1,0.3559304177761078,4,4,1.0330200229191489
10484042,9,7,0.048544324934482574,2,3,3.0252779822309153
10484451,11,5,0.0917130708694458,7,14,2.3890903704069926
10480074,11,5,0.11090898513793945,3,11,2.1990453677279764
10484152,12,8,0.0806414932012558,1,3,2.5177419579498617
10484245,7,1,0.25459980964660645,1,1,1.3680623405158014
10480185,16,1,0.1306649148464203,9,9,2.035119134737256
10480154,6,4,0.12628819048404694,3,4,2.0691887576866903
10480506,8,6,0.05590921640396118,3,5,2.884026039352813
10480235,13,7,0.055492155253887177,4,2,2.891513614996953
10488243,7,5,0.11454582959413528,2,10,2.16678027760583
10480201,14,2,0.1349077671766281,9,10,2.0031639401344004
10484159,12,2,0.18068553507328033,5,4,1.7109971339888514
10484045,9,1,0.3230268657207489,4,4,1.1300197836123458
10484450,12,1,0.2317410707473755,4,4,1.4621346049553723
10480073,11,9,0.06281428784132004,1,10,2.767572717988416
10484153,14,3,0.14420881867408752,5,4,1.9364929001476423
10484246,8,1,0.3977900743484497,2,2,0.9218308642349189
10480188,16,7,0.049213070422410965,9,1,3.0115960317728834
10480155,7,7,0.05994529649615288,6,7,2.814322857698246
10480508,10,4,0.11385677009820938,2,6,2.1728140231704547
10480240,15,15,0.02700323797762394,12,4,3.6117984950710644
10488244,11,2,0.1643504500389099,2,8,1.805754240579887
10480193,14,4,0.07746046036481857,12,8,2.5579876616544963
10484160,9,9,0.031227387487888336,8,1,3.4664597651124205
10484046,13,3,0.1050167977809906,8,6,2.253634962753291
10484448,12,10,0.03198078274726868,4,7,3.442620095726125
10480068,14,6,0.08688502013683319,9,12,2.4431696420437383
10484147,11,2,0.18952500820159912,5,2,1.6632342937652729
10484241,5,1,0.2964770495891571,3,3,1.215785467961289
10480189,13,6,0.06883558630943298,7,14,2.676034424897157
10480157,7,5,0.11669094115495682,2,7,2.1482263677672453
10480509,12,1,0.2777269780635834,2,2,1.2811167411575624
10480238,16,9,0.043591372668743134,8,3,3.1328960227770155
10480195,10,9,0.024863488972187042,11,13,3.6943548579285195
10484052,7,3,0.2062492072582245,2,7,1.5786700973712207
10480071,14,1,0.15456056594848633,6,6,1.867169246849644
10480158,7,3,0.1634756475687027,4,1,1.8110912442720961
10480510,9,8,0.03529099375009537,5,10,3.344127482153449
10480330,9,4,0.13867582380771637,4,5,1.9756162724944575
10484054,10,1,0.3366762399673462,2,2,1.0886335226726513
10480502,10,4,0.10993389040231705,9,11,2.207876090202987
10480329,11,9,0.04436584189534187,1,11,3.115285432309085
10484048,10,4,0.10618320852518082,8,6,2.2425892944909127
10480503,10,2,0.2107904553413391,9,1,1.5568907416069138
10480331,11,1,0.21993869543075562,5,5,1.5144064285948176
10480505,16,2,0.17553509771823883,13,9,1.7399162690724388
10480326,10,1,0.20867757499217987,8,8,1.5669649215961565
10484050,10,2,0.24234597384929657,1,3,1.4173889297881193
10484053,8,1,0.41976210474967957,3,3,0.8680671454422485
10484051,11,3,0.13381990790367126,1,13,2.0112603538382
10480095,9,1,0.2910579442977905,2,2,1.2342329103344096
10480099,14,1,0.23954887688159943,12,12,1.4289978041148446
10480103,11,3,0.12110747396945953,2,8,2.1110769129909492
10480059,7,2,0.2080252766609192,4,5,1.5700956842558034
10484113,8,2,0.17046505212783813,7,4,1.7692249761256271
10480102,8,7,0.03097260370850563,7,5,3.4746522165739604
10484278,6,1,0.370021253824234,5,5,0.9941948322254396
10484567,8,1,0.467144638299942,7,7,0.7611163512789266
10484087,8,5,0.06532569974660873,6,7,2.7283697558592572
10480060,8,1,0.4647871255874634,9,9,0.7661757726502079
10484347,9,5,0.10308195650577545,1,3,2.2722309129185003
10480097,12,7,0.03874592110514641,3,4,3.2507297905258667
10484082,8,3,0.21471138298511505,4,2,1.5384605574072592
10484279,8,1,0.44781237840652466,6,6,0.803380932487332
10484571,5,2,0.27901941537857056,1,2,1.2764739104114817
10480053,7,3,0.1216830462217331,4,6,2.1063355966490884
10480101,10,5,0.1105198860168457,7,16,2.2025598102625445
10484109,9,3,0.1604844182729721,1,3,1.8295584235362576
10484349,5,4,0.1687224805355072,2,1,1.7795000408363164
10484083,6,1,0.5234509110450745,3,3,0.6473120237558281
10484284,8,1,0.5218623876571655,6,6,0.6503513510325677
10484568,9,2,0.23333843052387238,4,3,1.4552653877431327
10484093,9,1,0.2592306435108185,3,3,1.3500370980704877
10480054,6,1,0.3176507353782654,1,1,1.1468028162139858
10480098,9,5,0.07995947450399399,1,3,2.5262353413576015
10484084,10,2,0.22648358345031738,4,5,1.485082815933843
10484280,10,2,0.20464634895324707,3,10,1.586471916646322
10484572,6,3,0.1493493616580963,1,4,1.9014670084630907
10480100,12,6,0.060816217213869095,3,9,2.7998987950850007
10480057,9,1,0.2527601718902588,3,3,1.3753141770238664
10484110,9,7,0.06807595491409302,10,4,2.6871312131377656
10484354,5,1,0.2789168655872345,5,5,1.2768415143690997
10484085,8,7,0.017341166734695435,3,10,4.054672024155411
10484285,12,1,0.3244882822036743,1,1,1.125505853802237
10484573,8,2,0.2245698720216751,2,1,1.4935683862735116
10484086,9,4,0.10015533119440079,1,3,2.3010329861912235
10480055,9,1,0.3323840796947479,3,3,1.1014641121696644
10484358,12,3,0.23314429819583893,2,3,1.456097711545446
10484111,8,6,0.07410811632871628,3,6,2.6022302205768644
10484411,6,1,0.3317529857158661,4,4,1.1033646059132094
10484281,12,7,0.07516258955001831,10,1,2.5881016511983232
10484079,9,2,0.1943485289812088,7,6,1.6381021906283775
10484090,11,1,0.23362506926059723,2,2,1.4540377167458989
10484569,7,1,0.37387511134147644,8,8,0.9838334642280534
10480058,12,1,0.21307572722434998,3,3,1.5461076495825334
10484353,10,1,0.25945189595222473,6,6,1.3491839656128002
10484116,9,4,0.14390283823013306,5,2,1.9386169416548793
10484283,12,8,0.07032808661460876,1,5,2.6545840348532996
10484412,7,2,0.2955248951911926,4,2,1.21900219799869
10484091,12,2,0.1353391408920288,9,11,1.9999714959739636
10484080,7,7,0.02184302918612957,1,8,3.8238734387246427
10484343,8,1,0.27681243419647217,3,3,1.2844151350175212
10484570,12,6,0.03485988825559616,1,3,3.3564184444147296
10480056,9,6,0.06061650812625885,3,8,2.803188011679693
10484282,11,8,0.032087311148643494,6,2,3.439294618313893
10484112,14,1,0.14441664516925812,3,3,1.9350527879113817
10484092,11,3,0.13249750435352325,9,4,2.0211914688009913
10484413,8,1,0.35564497113227844,6,6,1.0338223178371295
10484344,12,1,0.24328745901584625,5,5,1.4135115758732173
10484566,10,2,0.1803375780582428,3,4,1.7129247508650205
10484409,9,1,0.3150668740272522,2,2,1.154970364189428
10484410,10,1,0.2823237478733063,1,1,1.2647008244364972
10484129,9,1,0.3267766237258911,7,7,1.1184784493812674
10487282,8,4,0.20033830404281616,1,3,1.6077478212290988
10484127,6,3,0.2000793218612671,7,4,1.6090413817564466
10484126,8,1,0.32374387979507446,3,3,1.1278025702549526
10487285,12,1,0.3030547499656677,7,7,1.1938417968397748
10484132,9,5,0.07165274024009705,2,6,2.635923880636799
10487286,14,2,0.16435149312019348,10,4,1.8057478939104785
10487287,14,1,0.4166358709335327,8,8,0.8755426498448823
10484130,6,1,0.22127041220664978,10,10,1.5083697407885286
10487284,9,1,0.26006031036376953,2,2,1.3468417119282767
10484128,6,2,0.22653843462467194,1,4,1.4848406591624979
10487288,9,8,0.06419302523136139,2,6,2.7458607154441634
10484125,12,6,0.06616249680519104,7,8,2.7156414900853396
10487289,9,1,0.19925232231616974,8,8,1.6131833060915557
10484133,7,3,0.18414458632469177,2,11,1.6920340347057024
10487283,11,1,0.1902167946100235,10,10,1.659590833031797
10487306,6,2,0.2996777594089508,7,3,1.205047516926192
10487300,10,1,0.33569571375846863,3,3,1.0915501431489483
10487424,7,3,0.2024373859167099,1,8,1.5973246455989545
10487259,7,3,0.10198359936475754,7,2,2.2829432691676437
10487425,7,2,0.2129494696855545,1,3,1.5467003729397792
10487258,9,4,0.12581516802310944,1,9,2.0729413694633365
10487302,11,1,0.21773603558540344,10,10,1.5244717957978053
10487254,9,1,0.25347983837127686,1,1,1.3724709921659823
10487420,9,7,0.0689210370182991,8,1,2.674793820739452
10487303,13,4,0.1064254567027092,9,12,2.2403104759667296
10487256,9,3,0.20766499638557434,6,2,1.5718290919822613
10487421,7,2,0.251272588968277,2,4,1.3812169173087836
10487304,14,2,0.18192645907402039,9,3,1.704152744585901
10487422,9,2,0.20481976866722107,6,3,1.5856248637797707
10487255,9,2,0.21157754957675934,10,6,1.5531636830353368
10487305,9,2,0.14915139973163605,4,8,1.9027933833410708
10487423,6,3,0.16595689952373505,1,10,1.7960271657615465
10487257,10,4,0.134977325797081,1,9,2.002648471708733
10497436,10,2,0.18449626863002777,3,1,1.6901260399335594
10497432,11,3,0.12694713473320007,8,9,2.063984541127905
10497433,11,1,0.3444588780403137,8,8,1.0657805627350587
10497635,6,4,0.07037291675806046,2,1,2.653946794977334
10497570,8,2,0.18992063403129578,3,7,1.6611490097138844
10497437,8,2,0.16389216482639313,2,3,1.8085465989729967
10497582,9,4,0.1162586510181427,2,6,2.1519378199231385
10497636,10,4,0.11539127677679062,2,10,2.159426518954285
10497574,9,2,0.17242129147052765,3,2,1.757814427968999
10497434,10,2,0.1621915102005005,4,7,1.818977480221243
10497581,14,1,0.24156129360198975,11,11,1.4206320343572818
10497639,6,3,0.1891678422689438,3,6,1.6651206036764115
10497571,12,1,0.3140281140804291,7,7,1.1582727617939377
10497435,7,2,0.2865331768989563,1,3,1.2499009488372883
10497576,7,3,0.19870953261852264,5,7,1.61591115564547
10497572,12,2,0.21493332087993622,4,6,1.5374274343985732
10497438,12,4,0.10756450891494751,4,12,2.2296645284624392
10497577,8,1,0.2318427413702011,11,11,1.4616959760740431
10497638,11,1,0.17854024469852448,11,11,1.722941242678906
10497575,12,3,0.12255352735519409,1,2,2.099207386434118
10497687,7,1,0.38243091106414795,4,4,0.9612072666990409
10497578,11,1,0.22571685910224915,8,8,1.488473900995516
10497637,9,3,0.16985812783241272,1,3,1.772791732518327
10497568,12,2,0.15907476842403412,7,2,1.8383809456302744
10497688,11,1,0.6255010962486267,7,7,0.4692021964809809
10497579,7,1,0.3221791088581085,1,1,1.1326476493913475
10497633,10,5,0.09487778693437576,9,6,2.3551656688953946
10497573,11,7,0.06986407935619354,8,2,2.6612036480046157
10497689,12,2,0.3050006628036499,8,1,1.1874413292503656
10497580,12,7,0.07238774001598358,9,10,2.625718330725367
10497634,12,7,0.06970792263746262,1,11,2.6634412999929498
10497569,12,8,0.05976109579205513,10,3,2.8174004017785803
10497690,8,2,0.2149277627468109,8,1,1.537453294534963
10497684,12,2,0.20466795563697815,2,7,1.5863663416223912
10497686,11,1,0.2910618185997009,2,2,1.2342195993212561
10497685,14,9,0.041825905442237854,7,9,3.174239383993593
10501122,9,3,0.17009270191192627,1,2,1.771411685192545
10501124,6,6,0.06279142200946808,2,8,2.7679368070434713
10498369,9,4,0.11971628665924072,10,13,2.122630613357717
10501123,8,3,0.09355004131793976,5,9,2.3692587845952224
10501144,8,1,0.48840808868408203,3,3,0.7166039752855096
10501164,7,5,0.11509179323911667,1,3,2.1620252669334743
10501125,7,2,0.18051250278949738,5,1,1.7119552360762447
10501145,7,5,0.0690946951508522,2,1,2.6722773217654807
10501165,7,2,0.1701991856098175,1,3,1.7707858477555007
10501186,12,2,0.22357988357543945,1,13,1.497986507868962
10498365,10,4,0.11856357008218765,3,15,2.1323060058584704
10501126,13,12,0.005545945838093758,2,5,5.194688097776779
10501166,6,2,0.2630094289779663,4,1,1.3355653958197784
10501187,8,3,0.21040907502174377,2,4,1.5587016668161278
10498370,8,1,0.378641813993454,2,2,0.9711646025825685
10501183,8,2,0.3249770402908325,2,7,1.1240007444068703
10498367,8,6,0.06283779442310333,2,5,2.7671985645062946
10501140,7,2,0.17533044517040253,1,7,1.7410828274603614
10498356,7,2,0.26177531480789185,3,2,1.340268720219737
10501189,11,10,0.03711721673607826,7,4,3.293674354045596
10501146,9,2,0.15725919604301453,5,3,1.8498599047107709
10498368,7,7,0.05044809728860855,5,10,2.9868102476884166
10501161,8,5,0.09289371222257614,1,6,2.376299318740624
10498357,10,1,0.5558547377586365,7,7,0.5872482818907193
10501188,12,3,0.19224309921264648,1,5,1.6489945661033167
10501141,9,5,0.10053442418575287,4,2,2.297255080921273
10498363,7,1,0.3129047453403473,10,10,1.1618564627452537
10501162,7,3,0.18334445357322693,7,5,1.696388635409257
10501185,12,4,0.1295579969882965,4,6,2.043626644907374
10498358,11,4,0.11196232587099075,8,3,2.1895928404260587
10501143,11,7,0.032095614820718765,10,8,3.4390358681246114
10501167,9,1,0.21531005203723907,9,9,1.5356761871868823
10498364,12,6,0.08962979912757874,8,10,2.4120674347447015
10501182,11,1,0.3703138828277588,2,2,0.9934043010071382
10501147,12,4,0.07306134700775146,2,3,2.6164558207776856
10498359,16,6,0.06652156263589859,4,7,2.7102291337141633
10501163,7,1,0.324070543050766,8,8,1.12679406142323
10501148,11,1,0.25955042243003845,5,5,1.3488042891623966
10498360,9,1,0.24324332177639008,7,7,1.4136930124495646
10498361,10,2,0.20566633343696594,11,7,1.5815001639878281
10498355,9,1,0.26402342319488525,2,2,1.3317174555485318
10501311,7,1,0.26702970266342163,5,5,1.3203953808388391
10501316,14,1,0.33863428235054016,6,6,1.0828345670646766
10506649,7,1,0.22818458080291748,2,2,1.4776004126235491
10507112,8,7,0.04952162131667137,6,8,3.0053459104981535
10506624,8,7,0.03414885699748993,1,5,3.377026163584333
10506654,11,1,0.3550839424133301,10,10,1.0354010599560521
10507111,10,2,0.18142780661582947,4,1,1.7068974640970007
10506772,13,8,0.04487967491149902,7,4,3.103770261298854
10506627,10,4,0.17857994139194489,1,8,1.722718927082476
10506618,7,2,0.2363273799419403,8,2,1.4425372320901046
10506648,14,2,0.18706578016281128,8,4,1.6762949584060247
10507105,10,2,0.23225422203540802,13,9,1.4599227226142057
10506777,11,1,0.4234323799610138,8,8,0.8593614471521066
10506619,6,3,0.19139441847801208,7,4,1.6534189619453752
10506652,8,3,0.20579002797603607,3,6,1.580898911683104
10507106,7,1,0.290140300989151,2,2,1.2373906764791052
10506621,10,2,0.20614002645015717,1,9,1.5791996010618794
10506647,14,4,0.09827347099781036,3,1,2.320001166199618
10507108,10,1,0.2593005895614624,3,3,1.34976731277461
10506779,13,5,0.07487337291240692,11,4,2.5919569535017453
10506630,9,3,0.1306573897600174,6,2,2.0351767271147323
10506620,10,1,0.2740270495414734,2,2,1.2945284565123771
10506650,14,2,0.150957852602005,2,1,1.8907546029699904
10507109,11,4,0.11254964768886566,4,2,2.1843608418975946
10506773,14,2,0.15806420147418976,6,2,1.8447539900440402
10506631,8,5,0.10815592110157013,7,16,2.2241813791074434
10506622,9,3,0.17612923681735992,2,4,1.736537253311762
10506655,10,1,0.1746615469455719,2,2,1.744905195139105
10507110,14,2,0.15978160500526428,4,13,1.8339473648837856
10506778,11,6,0.09499943256378174,1,9,2.3538843604122586
10506632,11,2,0.20157410204410553,5,10,1.6015982131196935
10506623,10,1,0.27134889364242554,3,3,1.3043498557155089
10506653,8,5,0.09924861043691635,2,7,2.3101273601484507
10507107,9,2,0.1220351830124855,1,3,2.1034458904757
10506776,13,2,0.2185157686471939,8,10,1.5208970993287456
10506626,12,3,0.06661376357078552,1,14,2.708844062565071
10506846,8,3,0.16706907749176025,3,5,1.7893479144146507
10506651,13,4,0.08060284703969955,5,9,2.518221307020204
10506843,10,1,0.5335459113121033,9,9,0.6282101551255663
10506839,9,6,0.08094530552625656,6,5,2.513981592803771
10506754,10,1,0.4644567370414734,14,14,0.7668868638356304
10506844,12,2,0.16476137936115265,7,6,1.80325703750737
10506755,6,4,0.15434515476226807,3,7,1.868563919765634
10506841,11,2,0.19104884564876556,8,7,1.6552261472495098
10506840,11,6,0.09385902434587479,1,8,2.365961363450684
10506757,12,7,0.07344871014356613,7,3,2.611167937529842
10506845,9,2,0.2154855728149414,6,4,1.5348613191738896
10506758,12,1,0.24853697419166565,2,2,1.3921636550098293
10506842,9,3,0.1663457155227661,3,10,1.79368703264876
10506752,12,7,0.05604373291134834,10,7,2.881622948180241
10506759,13,1,0.22251440584659576,9,9,1.5027634340937752
10506570,6,3,0.1497430056333542,1,6,1.8988347500332807
10506600,6,2,0.2037876695394516,1,4,1.5906766627743607
10506571,6,1,0.3811948001384735,1,1,0.9644447480651327
10506681,8,4,0.11792714893817902,7,2,2.137688227054981
10506572,6,1,0.21126529574394226,1,1,1.5546406094775496
10506605,8,1,0.29888781905174255,6,6,1.2076869631096647
10506800,15,3,0.13429777324199677,11,6,2.0076957560669717
10506894,13,4,0.12668101489543915,2,1,2.06608304585469
10506660,7,4,0.14464835822582245,2,4,1.9334495976014356
10506598,10,2,0.18954896926879883,2,3,1.6631078748145895
10509974,9,5,0.0745796337723732,4,2,2.5958878147775337
10506678,18,2,0.13500574231147766,9,1,2.002437965807747
10506808,12,8,0.02727641351521015,3,12,3.601732924033525
10506574,15,3,0.14110371470451355,2,1,1.958260093719284
10509738,6,3,0.18513503670692444,1,4,1.6866697920262603
10506667,10,2,0.21426823735237122,13,3,1.5405266032955345
10506602,11,6,0.06678646057844162,2,3,2.706254904934583
10509968,12,3,0.14420191943645477,3,11,1.9365407432874593
10506682,8,1,0.20854315161705017,5,5,1.5676092969649138
10506802,8,1,0.3431454002857208,1,1,1.0696010141010694
10509711,8,3,0.16489237546920776,7,9,1.8024622877856955
10510009,12,5,0.05832965672016144,7,12,2.841644623367434
10509720,11,3,0.11722712963819504,6,2,2.1436419470723806
10506576,11,4,0.11752688139677048,2,3,2.141088193718729
10509740,9,1,0.3944595456123352,9,9,0.9302386899307429
10506661,12,2,0.15111622214317322,1,3,1.8897060551539504
10506599,9,5,0.11012829840183258,9,10,2.2061092437388456
10509970,10,1,0.4810903072357178,3,3,0.7317002775681944
10506679,11,2,0.13726317882537842,7,4,1.9858551826165434
10506809,13,1,0.23673641681671143,1,1,1.4408079220921313
10509706,12,1,0.2553574740886688,1,1,1.3650908563396775
10506897,9,4,0.10120326280593872,2,4,2.2906242814831046
10510008,7,1,0.5109490752220154,1,1,0.6714853508443055
10509718,9,3,0.12471479922533035,7,6,2.08172575470654
10506575,11,1,0.3226458430290222,1,1,1.131200018523291
10509736,9,1,0.265785276889801,3,3,1.3250665259233947
10506666,11,1,0.19788672029972076,9,9,1.6200605317089054
10506611,10,2,0.22696854174137115,4,6,1.4829438537413269
10509969,9,2,0.18393859267234802,2,13,1.6931533125515985
10506675,15,7,0.06992445141077042,12,1,2.660339885319663
10507067,10,6,0.08981269598007202,2,8,2.4100289330428715
10506803,12,4,0.09906163066625595,3,8,2.312013090557816
10506892,13,13,0.016936440020799637,10,11,4.078287764098347
10510010,7,2,0.2779662013053894,6,2,1.2802557507208763
10509719,11,2,0.15827643871307373,8,1,1.8434121626354416
10506569,14,12,0.044059984385967255,4,5,3.1222032919891363
10509737,9,4,0.12619949877262115,8,9,2.0698913005737105
10506664,9,8,0.05600230395793915,10,4,2.8823624469872446
10506601,14,1,0.16720879077911377,3,3,1.7885120032835216
10509975,12,1,0.25524771213531494,15,15,1.3655207852084237
10506672,12,3,0.10562430322170258,3,10,2.2478667900441662
10506747,6,2,0.20254521071910858,4,2,1.5967921545445627
10507068,12,9,0.059816550463438034,7,2,2.816472892714889
10506806,14,3,0.14705301821231842,6,2,1.9169620891174997
10509708,8,2,0.22056996822357178,8,2,1.5115403182227016
10506893,13,6,0.06798375397920609,9,7,2.688486514420564
10509722,9,8,0.04656318202614784,3,1,3.066945135408203
10509741,8,1,0.23653772473335266,3,3,1.4416475711563348
10506663,10,3,0.13118788599967957,1,10,2.031124739054555
10509973,12,1,0.13638882339000702,1,1,1.9922454768859972
10506673,18,3,0.08908966183662415,18,4,2.4181119800068824
10507063,10,3,0.14311271905899048,7,6,1.9441227140565294
10506748,4,1,0.544535756111145,1,1,0.6078216709760934
10506804,14,9,0.03910842910408974,5,6,3.2414172571147266
10509710,12,6,0.10099806636571884,10,8,2.2926539072180163
10506898,13,7,0.05860292166471481,11,10,2.8369707258823884
10510006,10,1,0.24040253460407257,1,1,1.4254405330984925
10509723,7,1,0.3516916036605835,10,10,1.045000613370962
10509742,13,1,0.3154928684234619,3,3,1.153619201302424
10506668,13,6,0.06708085536956787,3,9,2.701856590624113
10506937,10,2,0.29357120394706726,6,1,1.2256350662512179
10509971,11,3,0.21002107858657837,3,1,1.5605473790800217
10506676,9,3,0.14010465145111084,2,9,1.9653656252544771
10507069,12,1,0.33917438983917236,3,3,1.0812408795681656
10506751,7,5,0.12339864671230316,6,5,2.092335134245999
10506805,7,1,0.24026945233345032,4,4,1.4259942673606891
10509709,12,1,0.3020821213722229,4,4,1.1970563734986035
10506890,16,5,0.060485709458589554,12,10,2.805348149142719
10510007,10,6,0.06818460673093796,8,4,2.685536447366058
10509721,9,6,0.08536546677350998,3,7,2.46081363030095
10509739,10,5,0.1217859610915184,1,7,2.1054901923239098
10506938,7,7,0.059873830527067184,6,3,2.815515755348828
10506662,16,10,0.036171432584524155,11,13,3.319485626820875
10509972,11,5,0.10643298923969269,9,8,2.2402397008846955
10506674,11,10,0.03922376036643982,12,17,3.2384725840124675
10506749,4,2,0.2807593047618866,2,1,1.2702575433949348
10506801,16,4,0.07281476259231567,14,8,2.619836561475683
10506896,11,1,0.29162368178367615,15,15,1.2322910688953332
10507070,12,5,0.12144182622432709,6,8,2.1083199273687785
10509808,9,3,0.17323368787765503,3,6,1.7531137990091878
10509743,9,2,0.18414081633090973,6,1,1.6920545079243257
10506940,8,6,0.047630418092012405,3,5,3.0442836862945533
10506665,15,2,0.12080024927854538,5,3,2.1136169299194343
10506750,9,1,0.5077823996543884,2,2,0.677702270307527
10507071,12,3,0.13402262330055237,1,13,2.009746662680371
10509811,9,1,0.23920176923274994,8,8,1.4304478604750293
10506939,8,2,0.15117034316062927,1,7,1.8893479775928126
10507064,16,4,0.09179482609033585,5,3,2.3881993436157374
10506935,8,5,0.10120631009340286,3,1,2.2905941713710116
10507065,16,2,0.2162528783082962,2,15,1.5313068231625595
10509812,8,3,0.13878776133060455,9,10,1.974809409648616
10506936,10,2,0.3131517171859741,5,7,1.1610674864364985
10507066,15,4,0.06731928139925003,8,12,2.6983085841186125
10509806,8,3,0.11399020254611969,3,6,2.171642776858814
10509809,7,6,0.11011741310358047,2,1,2.206208090596626
10509810,10,1,0.40466561913490295,3,3,0.9046941846628943
10509807,10,9,0.020316865295171738,11,3,3.896303935142124
10506609,6,4,0.13837528228759766,6,1,1.9777858479366444
10506593,8,1,0.23710240423679352,2,2,1.4392631457817013
10506591,11,2,0.21220169961452484,1,5,1.5502180433408106
10509773,8,1,0.38894617557525635,1,1,0.9443143110676133
10510128,12,1,0.3515164852142334,7,7,1.045498669217419
10506588,8,3,0.1340741366147995,6,1,2.009362373702784
10506643,6,2,0.2023146003484726,1,2,1.597931365645652
10509770,10,4,0.14612194895744324,2,11,1.9233137390832122
10510017,11,2,0.1791214495897293,15,7,1.7196912138831089
10510131,12,2,0.1735377013683319,1,10,1.7513604042482993
10506589,7,1,0.1978904753923416,2,2,1.6200415559181736
10510073,9,2,0.28594428300857544,1,9,1.251958301796455
10509733,7,1,0.37972354888916016,1,1,0.9683117939436363
10506640,8,3,0.18049120903015137,6,3,1.7120732058293167
10509767,12,1,0.2098819762468338,6,6,1.5612099241281314
10510011,9,6,0.046362828463315964,7,11,3.0712572515149867
10510126,8,1,0.38228073716163635,13,13,0.9616000262569487
10506592,13,3,0.1604154258966446,1,9,1.829988416748433
10510058,10,1,0.2568589746952057,5,5,1.3592280812924724
10509731,4,4,0.22532601654529572,1,6,1.4902069630873052
10506637,8,6,0.10291267186403275,2,4,2.2738744963574544
10510012,6,2,0.33428558707237244,1,2,1.0957596002385077
10510132,12,1,0.2456788420677185,4,4,1.4037301160334283
10510059,9,4,0.08233624696731567,5,8,2.4969438433814277
10506590,11,2,0.21032097935676575,11,13,1.5591204420633376
10506641,9,3,0.18408779799938202,1,3,1.6923424721391138
10509769,14,1,0.4116760194301605,1,1,0.8875185995826999
10510014,8,3,0.17288517951965332,2,1,1.7551276070307003
10510130,7,2,0.22803355753421783,2,1,1.4782624786903067
10510067,11,5,0.06666478514671326,3,8,2.708078424299782
10506607,10,1,0.2585328221321106,5,5,1.3527326215963251
10509727,8,4,0.09839967638254166,2,4,2.3187177637246457
10506644,11,5,0.07148054242134094,4,5,2.638330000284602
10509765,12,1,0.4516505300998688,6,6,0.7948465616908175
10510013,12,1,0.22382785379886627,2,2,1.4968780324086468
10510133,7,4,0.15549013018608093,7,2,1.8611730208493957
10510232,7,1,0.566580593585968,4,4,0.5681359428147725
10510062,10,1,0.49237993359565735,3,3,0.7085046377450093
10509728,12,1,0.3132648766040802,10,10,1.1607061951793423
10506642,8,5,0.09311383217573166,3,2,2.373932532418908
10510016,14,1,0.183540940284729,8,8,1.6953175285536735
10509768,12,1,0.26273927092552185,6,6,1.3365931038341667
10510068,11,3,0.21145060658454895,3,6,1.553763846377525
10510127,10,5,0.0893920361995697,5,9,2.4147236813123016
10510233,9,8,0.012992491945624352,3,5,4.343383631006876
10509730,7,1,0.2445203810930252,8,8,1.4084566152876348
10506638,10,1,0.19873414933681488,2,2,1.6157872803924902
10510018,10,3,0.18367856740951538,5,2,1.6945679652633445
10506885,6,1,0.27710849046707153,5,5,1.283346187138472
10509771,10,1,0.38035327196121216,1,1,0.9666547950749417
10510070,14,1,0.34625139832496643,2,2,1.060590183005086
10510134,12,2,0.19000566005706787,16,9,1.660701417491316
10509729,10,2,0.22295157611370087,2,8,1.5008006785741377
10510015,11,4,0.1147838905453682,10,7,2.1647041312031807
10506639,10,1,0.23125559091567993,7,7,1.46423172594919
10506886,5,2,0.26055654883384705,5,1,1.3449353632897532
10509766,13,4,0.09520920366048813,9,4,2.35167866475178
10510129,12,4,0.1362525075674057,10,12,1.9932454414436926
10510235,10,3,0.14099884033203125,5,9,1.959003613233314
10506887,8,3,0.175772562623024,2,1,1.7385643774528787
10510237,10,3,0.17557193338871002,1,2,1.7397064431940437
10506888,7,2,0.18629556894302368,5,3,1.6804207861822833
10510238,11,3,0.09845320880413055,2,8,2.3181738811916794
10506883,8,2,0.2540329396724701,5,7,1.3702913366219287
10510236,12,3,0.17523716390132904,1,5,1.7416150002502093
10506884,8,7,0.046420492231845856,4,7,3.0700142743177485
10510201,6,5,0.0391647107899189,1,7,3.2399791725916067
10510203,13,3,0.14301934838294983,13,11,1.9447753544976345
10513897,8,2,0.3417131006717682,8,4,1.07378378090673
10513898,9,1,0.2999158203601837,6,6,1.2042534425005327
10510204,10,4,0.12041620165109634,4,1,2.1168011899520605
10513899,8,1,0.24800868332386017,1,1,1.3942915200274477
10513901,13,1,0.2138393074274063,4,4,1.5425304458987388
10510198,6,3,0.1903962939977646,1,2,1.658647621111759
10513902,11,9,0.04163535684347153,7,2,3.1788055485739912
10510199,11,10,0.032812006771564484,4,12,3.4169607704670213
10513903,12,3,0.12166072428226471,2,4,2.1065190567761736
10510200,13,4,0.1298387497663498,2,12,2.041461984855203
10513835,9,1,0.2669917047023773,1,1,1.3205376895949463
10513906,7,1,0.3197031021118164,1,1,1.1403625197672442
10513836,10,4,0.09330987930297852,1,5,2.3718292892427923
10513909,8,1,0.27880385518074036,8,8,1.277246772426879
10513837,11,1,0.44346025586128235,12,12,0.8131470959915884
10513910,10,3,0.12864544987678528,4,9,2.05069510911316
10513912,5,4,0.17416729032993317,2,6,1.7477390029759703
10513832,12,4,0.11237991601228714,6,5,2.1858700406529903
10513907,8,1,0.6481675505638123,5,5,0.4336060503673125
10513830,10,1,0.31348541378974915,2,2,1.1600024469780217
10513908,6,4,0.0974186584353447,6,2,2.328737521635281
10513831,14,5,0.075297512114048,12,6,2.5863081843761875
10513911,8,2,0.15828919410705566,5,8,1.8433315765410183
10513833,11,1,0.3596245348453522,2,2,1.0226947505548425
10513913,10,1,0.21273134648799896,2,2,1.5477251934548624
10523594,14,1,0.31680771708488464,1,1,1.149460259853438
10523596,8,1,0.2720089256763458,4,4,1.3019203982379741
10523595,12,1,0.24666790664196014,3,3,1.3997123545378007
10523788,8,1,0.3914596736431122,1,1,0.9378727735996406
10523597,13,4,0.1172715574502945,4,10,2.1432630297045896
10523658,11,6,0.033410921692848206,7,11,3.3988724356594187
10523791,5,2,0.30532151460647583,1,9,1.1863899113459881
10523609,8,2,0.2623123526573181,7,4,1.338219299595159
10523598,11,2,0.16083629429340363,3,8,1.8273682369262436
10523655,8,1,0.3825954794883728,2,2,0.9607770372878844
10523786,5,4,0.19193294644355774,9,2,1.650609205225031
10523639,6,1,0.32112154364585876,1,1,1.1359355868770944
10523592,11,6,0.09670983999967575,3,7,2.336040123688759
10523787,7,1,0.24870041012763977,3,3,1.3915062790883326
10523640,11,3,0.19511449337005615,4,5,1.6341687472333934
10523591,13,3,0.11109288781881332,7,2,2.1973886004179497
10523672,8,4,0.13047631084918976,5,2,2.036563594757087
10523784,9,7,0.06927867233753204,4,11,2.6696181786308095
10523607,10,4,0.11014816910028458,1,14,2.2059288277486018
10523634,11,3,0.18405641615390778,5,3,1.6925129588361407
10523673,9,6,0.09604740142822266,6,3,2.342913444498746
10523653,10,6,0.06299719214439392,6,2,2.764665122720442
10523789,7,3,0.13813404738903046,2,4,1.9795307073962027
10523610,9,4,0.09046263247728348,2,6,2.402818414346763
10523635,12,3,0.12974616885185242,1,12,2.042175284525427
10523775,6,3,0.14944879710674286,1,6,1.900801439085232
10523674,9,4,0.11716064065694809,8,2,2.144209288815055
10523654,11,2,0.1651713103055954,14,1,1.8007720994080407
10523785,6,6,0.04252532869577408,2,15,3.157655411258618
10523612,11,6,0.08919098228216171,3,2,2.4169753399981277
10523636,8,6,0.1086060106754303,7,5,2.2200285260946386
10523770,16,1,0.29290249943733215,13,13,1.22791549176959
10523675,6,1,0.29356908798217773,3,3,1.2256422739489985
10523656,10,3,0.1421024352312088,8,2,1.9512071065789962
10523790,6,1,0.34730446338653564,3,3,1.0575534676402432
10523613,11,2,0.1654052585363388,13,1,1.7993567040542833
10523637,10,4,0.1743493676185608,1,4,1.7466941329472911
10523771,10,2,0.14922238886356354,1,8,1.9023175430630008
10523677,9,8,0.04378340393304825,7,10,3.128500439040784
10523657,5,1,0.3683152198791504,16,16,0.9988161317062987
10523638,11,9,0.051966048777103424,7,12,2.9571646817706725
10523772,9,2,0.27854055166244507,2,6,1.2781916228089798
10523773,10,4,0.17345093190670013,6,4,1.7518605328122896
10523774,14,10,0.024726657196879387,1,14,3.6998733785676006
10523776,12,1,0.2712824046611786,7,7,1.304594917074069
10527104,5,4,0.12637189030647278,4,1,2.0685262088168748
10527111,11,6,0.03761453181505203,14,12,3.2803648188092898
10527105,9,3,0.1860629916191101,5,1,1.681669997983982
10527109,10,2,0.25692957639694214,3,9,1.3589532534395328
10527106,10,2,0.2701057195663452,8,2,1.3089418426715789
10527110,9,2,0.18399417400360107,2,5,1.6928511848983427
10527107,12,2,0.17996162176132202,7,12,1.7150116632620296
10527108,13,5,0.11071152240037918,2,3,2.2008273579599007
10527079,9,4,0.1336410492658615,11,4,2.0125978100887445
10531314,6,1,0.5107738971710205,3,3,0.6718282579873271
10527080,10,2,0.17837074398994446,13,6,1.723891063371992
10531312,7,5,0.07265209406614304,4,7,2.6220730653462456
10531311,7,1,0.2132544368505478,1,1,1.5452692869625542
10531307,9,6,0.07512618601322174,3,7,2.588586099053755
10527081,10,2,0.23222751915454865,1,8,1.4600377018632087
10531309,9,3,0.19525884091854095,6,3,1.6334292112949222
10527082,11,3,0.20039881765842438,2,20,1.6074458096968938
10531313,9,3,0.1660909354686737,1,8,1.7952198365872913
10531388,10,3,0.2150953859090805,8,7,1.5366736938493566
10527076,12,9,0.038888681679964066,9,15,3.2470520300785877
10531308,12,4,0.12816676497459412,1,13,2.0544230116728985
10527077,9,7,0.053335241973400116,1,8,2.931157966055507
10531522,8,1,0.40101805329322815,2,2,0.9137488320076014
10531385,11,6,0.028894977644085884,9,4,3.5440874829075946
10531310,10,4,0.09143026918172836,6,5,2.3921786826809837
10527078,9,1,0.19479061663150787,6,6,1.6358300581766503
10531384,9,1,0.3692115843296051,3,3,0.9963854000049321
10531508,8,2,0.2041221261024475,4,8,1.5890368068968166
10531387,7,1,0.38324347138404846,3,3,0.95908479625059
10531509,8,5,0.11210937798023224,6,3,2.188280295130731
10531389,12,8,0.03477463871240616,11,12,3.35886693051758
10531382,10,1,0.22881965339183807,7,7,1.4748211254738897
10531514,9,1,0.3279610574245453,4,4,1.114860405010836
10531386,12,1,0.18888087570667267,8,8,1.6666387499032984
10531331,8,1,0.7492823004722595,1,1,0.2886394633078386
10531515,7,3,0.19577543437480927,5,2,1.630787019602562
10531332,7,1,0.29598885774612427,4,4,1.217433468116163
10531337,8,1,0.38425227999687195,9,9,0.9564559629522212
10531523,9,2,0.28838714957237244,2,1,1.2434514322188068
10531336,11,9,0.030705036595463753,7,8,3.4833285793609456
10531510,9,5,0.10647130757570267,4,3,2.2398797425654235
10531335,11,1,0.17027848958969116,7,7,1.770320008218378
10531334,7,1,0.27096667885780334,2,2,1.305759421906443
10531333,7,5,0.128189817070961,5,4,2.054243167674004
10531330,8,2,0.1981876790523529,12,3,1.6185408232347056
10531215,14,2,0.16507095098495483,1,8,1.801379891538205
10531260,9,5,0.10601593554019928,10,5,2.2441658608843875
10531219,9,1,0.2630820870399475,6,6,1.3352891774804556
10531368,9,2,0.20219868421554565,3,1,1.598504479758454
10531262,8,2,0.16494961082935333,2,5,1.8021152406352565
10531213,7,1,0.2824682295322418,1,1,1.2641891965527199
10531371,15,3,0.11162054538726807,2,7,2.192650147526744
10531351,13,2,0.14749698340892792,17,16,1.913947554876292
10531256,9,1,0.20847168564796448,2,2,1.5679520472145405
10535114,8,3,0.237761989235878,8,4,1.436485150916923
10531438,8,1,0.2888104021549225,2,2,1.2419848540701426
10535045,9,6,0.09009742736816406,8,1,2.4068636678480324
10531322,7,2,0.18474549055099487,1,2,1.6887761278360462
10531222,9,2,0.18783196806907654,1,3,1.6722075026844452
10531365,7,4,0.12363806366920471,7,14,2.0903968228793177
10531356,11,7,0.06228240206837654,4,8,2.7760763639036994
10535115,9,2,0.2808113396167755,2,4,1.2700722243952374
10531258,7,4,0.13634075224399567,7,3,1.992597995650399
10535048,6,2,0.2740907371044159,12,6,1.2942960700991617
10531211,8,6,0.07000521570444107,2,7,2.6591855296450713
10535079,7,1,0.5452641844749451,9,9,0.6064848596125557
10531364,10,7,0.07273529469966888,14,7,2.620928528074965
10531350,14,5,0.08678073436021805,9,3,2.4443706363267186
10531433,8,1,0.23990993201732635,8,8,1.427491709337672
10535118,8,4,0.1523105949163437,10,4,1.881833455405136
10531261,11,7,0.07207167893648148,9,12,2.630094114403695
10535043,7,2,0.21816329658031464,4,7,1.5225114297214457
10531316,9,2,0.22419993579387665,5,1,1.4952170547229024
10531212,14,14,0.010959063656628132,5,11,4.51358843390126
10535080,13,2,0.19005270302295685,5,1,1.66045386095422
10531367,11,1,0.16235020756721497,15,15,1.8179995019172226
10531401,7,2,0.214368999004364,3,1,1.540056454436302
10531437,7,1,0.26650306582450867,1,1,1.3223695314104813
10535190,6,4,0.1279369443655014,2,5,2.0562177585851926
10535117,7,1,0.41819021105766296,1,1,0.871818899584221
10531259,10,3,0.11258147656917572,1,7,2.1840780832996702
10535044,9,3,0.19807569682598114,3,10,1.6191060141464546
10531214,12,1,0.20714545249938965,6,6,1.5743340633939231
10535082,11,2,0.2495982050895691,3,7,1.3879028336602806
10531362,9,2,0.18536998331546783,3,4,1.6854015412477903
10531403,6,1,0.3119399845600128,5,5,1.1649444668551159
10531705,7,2,0.1880100667476654,6,3,1.671259771055617
10531352,13,1,0.16861410439014435,6,6,1.78014258098129
10535150,9,3,0.13521024584770203,4,6,2.0009243353474475
10531435,7,6,0.08315983414649963,8,1,2.48699081038465
10535194,7,2,0.19162946939468384,3,4,1.652191618410833
10535119,8,4,0.15539538860321045,6,3,1.861782515856898
10531257,14,1,0.1321159154176712,7,7,2.0240755946377873
10535046,6,2,0.22598104178905487,10,6,1.487304169117607
10531317,12,10,0.032533109188079834,12,7,3.4254969639655948
10531216,13,9,0.0474020391702652,4,12,3.04909003073673
10531370,11,5,0.11002089083194733,12,7,2.207085014567539
10531404,10,4,0.10519099235534668,7,2,2.251977606343077
10531707,6,2,0.2030266672372818,1,7,1.5944179428671723
10531349,18,14,0.027682462707161903,2,15,3.5869561815558586
10535152,10,3,0.21720507740974426,5,7,1.5269133145393052
10531434,9,1,0.21524356305599213,11,11,1.535985040623224
10535188,6,1,0.3158794939517975,5,5,1.1523944863807671
10535120,9,6,0.05075744539499283,8,3,2.9806969645302033
10535047,11,3,0.15339705348014832,9,2,1.8747255983159339
10531323,13,2,0.24557676911354065,1,2,1.404145675482821
10535084,13,6,0.09541264176368713,2,6,2.3495441960608043
10531366,13,13,0.01975630596280098,2,11,3.9242825493412274
10531405,10,3,0.19207610189914703,4,5,1.6498636214277806
10531711,9,1,0.33499202132225037,1,1,1.093648564389205
10531353,18,3,0.09286364912986755,1,4,2.376623000049964
10535151,8,4,0.10102744400501251,1,3,2.2923630762289315
10531439,10,4,0.1267789602279663,4,11,2.065310179548246
10535191,8,5,0.11070290952920914,3,9,2.2009051566029187
10535121,9,7,0.05761607363820076,1,7,2.853953693990473
10535049,11,3,0.14029087126255035,6,1,1.9640373598312915
10531500,8,3,0.11210757493972778,5,1,2.1882963781296394
10531318,13,9,0.04881226643919945,7,14,3.019773636250029
10535085,13,8,0.041106849908828735,5,8,3.1915805069185366
10531369,18,9,0.0500449575483799,6,16,2.9948335265804746
10531406,9,5,0.12794680893421173,5,6,2.0561406566309812
10531706,8,4,0.13347767293453217,4,7,2.013821059064748
10531354,16,5,0.07738442718982697,3,8,2.5589697177275523
10535148,10,4,0.15796203911304474,1,4,1.845400533600132
10531441,11,3,0.10955481976270676,12,13,2.2113302179001804
10535189,7,1,0.4258172810077667,1,1,0.8537449425464707
10535116,9,3,0.1477149873971939,6,9,1.9124706227092199
10531502,11,1,0.46359607577323914,12,12,0.7687416322347665
10535050,9,8,0.05082741752266884,7,12,2.9793193549782986
10531315,14,1,0.23386771976947784,4,4,1.4529996235972331
10535083,13,2,0.24162966012954712,3,4,1.4203490550196696
10531363,11,5,0.08479388803243637,9,15,2.4675318138710076
10531408,7,4,0.19210538268089294,6,1,1.6497111893977228
10531708,9,2,0.13248111307621002,1,5,2.02131518653711
10531355,16,5,0.06077675521373749,10,23,2.8005478786747715
10535149,10,2,0.12992402911186218,3,2,2.040805390797005
10531440,10,3,0.14434948563575745,5,16,1.9355179361926178
10535070,9,2,0.21601395308971405,3,1,1.5324122757467444
10531503,11,1,0.2566128671169281,4,4,1.3601866834088225
10531319,13,11,0.024564452469348907,5,8,3.7064549026655413
10531709,13,2,0.1824568510055542,3,1,1.701241566760521
10535071,8,4,0.14174722135066986,8,5,1.9537099390308166
10531499,10,3,0.1618308275938034,1,5,1.8212037634961826
10531703,10,1,0.37703630328178406,3,3,0.9754138009930632
10535065,10,3,0.12474450469017029,2,10,2.0814875959005614
10531497,12,2,0.15213696658611298,4,11,1.8829740679178326
10531710,15,4,0.06319859623908997,2,7,2.7614731894828064
10531501,12,2,0.17941704392433167,3,1,1.7180423287177946
10531704,15,12,0.03835349902510643,7,10,3.2609095160843364
10535068,9,1,0.23077280819416046,2,2,1.4663215667388891
10535067,4,2,0.25175344944000244,2,3,1.3793050456302547
10535069,9,1,0.29204025864601135,5,5,1.230863614141955
10531248,5,2,0.2757413387298584,5,3,1.2882920312063462
10531244,12,2,0.24491488933563232,7,2,1.406844519258263
10531225,10,7,0.05087770149111748,5,7,2.9783305360666574
10531249,14,3,0.09621913731098175,13,1,2.3411270085483435
10531218,7,6,0.06293077766895294,6,8,2.765719923837258
10531246,13,2,0.1818966269493103,7,3,1.70431673706424
10531226,8,1,0.5140992403030396,4,4,0.665338957643926
10531252,16,11,0.04580601677298546,1,15,3.083339825901156
10531304,7,2,0.22736762464046478,1,2,1.4811870796552526
10531253,11,1,0.15661323070526123,5,5,1.8539760117320776
10531300,10,6,0.058622486889362335,2,10,2.836636920693385
10531221,10,4,0.1452493816614151,9,3,1.9293031403234455
10531247,14,13,0.009627372026443481,11,12,4.6431449848648825
10538394,9,1,0.37965136766433716,7,7,0.9685019008946744
10535210,8,2,0.21681544184684753,2,3,1.528708785722267
10535192,9,7,0.03941567242145538,1,7,3.2335917645763246
10531301,9,1,0.46621182560920715,1,1,0.7631151867450754
10531223,7,3,0.11264967173337936,1,3,2.1834725261482593
10531251,16,10,0.052437346428632736,2,3,2.9481362234143953
10538390,9,1,0.20669764280319214,10,10,1.5764982163110988
10535211,4,4,0.20848827064037323,4,3,1.5678724952471759
10535193,9,2,0.2248937040567398,5,3,1.4921274148207242
10531217,11,3,0.11687388271093369,1,7,2.1466598511115262
10531250,12,1,0.13845206797122955,10,10,1.977231092884231
10538391,9,5,0.11861119419336319,4,15,2.131904410756554
10535196,8,6,0.03214751556515694,5,7,3.4374201076404076
10531224,10,1,0.28889036178588867,8,8,1.2417080338321655
10531299,10,1,0.226187601685524,2,2,1.4863905280953082
10531243,13,13,0.016051676124334335,5,2,4.131942003435993
10538393,8,4,0.1294163167476654,1,8,2.0447208094422433
10531220,9,6,0.04626229405403137,6,9,3.073428032962422
10535205,8,2,0.20437651872634888,1,5,1.5877913062812932
10535200,7,3,0.1637386530637741,1,9,1.8094837011347626
10531298,12,3,0.1938309520483017,6,3,1.6407688809864154
10538395,9,3,0.162453293800354,5,2,1.8173647412932372
10535206,11,2,0.14780758321285248,10,3,1.9118439645253955
10535197,10,6,0.05011673644185066,2,1,2.993400265961593
10531302,9,3,0.15860536694526672,1,3,1.8413361308503593
10535207,8,1,0.2721523642539978,6,6,1.3013932068201777
10538392,14,9,0.03595321252942085,8,7,3.3255368377666277
10531487,10,4,0.15558387339115143,1,9,1.8605703140540337
10531303,10,4,0.15541242063045502,3,4,1.8616729174056645
10535199,9,1,0.19329798221588135,8,8,1.6435223314365024
10535208,12,7,0.07597857713699341,3,12,2.57730385820778
10538396,14,1,0.22425195574760437,5,5,1.494985056798745
10531488,6,5,0.133383110165596,5,4,2.0145297639691973
10535195,11,3,0.1691458821296692,6,3,1.7769937285408488
10535209,12,9,0.03769650682806969,8,2,3.278187845901484
10531489,8,4,0.11497023701667786,4,3,2.163081992666227
10531484,10,3,0.08009813725948334,1,4,2.5245026803657034
10531485,9,4,0.12461284548044205,1,6,2.0825435841990636
10531486,10,2,0.2870229184627533,2,1,1.248193211139861
10535129,10,3,0.19430825114250183,1,11,1.6383094575070787
10535130,9,6,0.0771390050649643,9,1,2.5621462240689468
10535240,5,4,0.16163420677185059,5,3,1.8224194797268718
10535216,6,1,0.5506811738014221,5,5,0.5965992692406322
10535241,11,6,0.060873743146657944,12,9,2.7989533442539956
10538270,10,4,0.11933652311563492,5,1,2.1258078515875
10535215,9,1,0.5551227927207947,2,2,0.588565941561888
10535091,11,1,0.3803880512714386,7,7,0.9665633597625995
10538268,12,3,0.16469666361808777,2,12,1.8036498993316679
10535237,12,1,0.33738434314727783,3,3,1.086532514371179
10535217,7,7,0.035996343940496445,4,2,3.3243379028917417
10535086,13,2,0.15468882024288177,9,17,1.8663397913520716
10538271,12,2,0.1403294950723648,11,8,1.9637620853701907
10535218,6,3,0.1789856255054474,3,2,1.7204497808047976
10535087,13,1,0.25715765357017517,7,7,1.3580659441468599
10535313,7,3,0.1394125521183014,3,7,1.9703177408191674
10535239,12,3,0.09550056606531143,5,9,2.3486231041275594
10535219,9,2,0.16139493882656097,9,8,1.823900881589874
10538267,12,10,0.0279571283608675,7,15,3.5770830721533238
10535088,12,10,0.019780198112130165,7,13,3.9230739370576395
10535320,8,2,0.23829196393489838,4,1,1.4342586179181567
10535242,11,1,0.2586449980735779,3,3,1.3522988213100646
10538272,10,9,0.05540034919977188,1,3,2.8931693820037845
10535213,8,5,0.12647780776023865,8,2,2.067688418930069
10535089,10,2,0.1771613508462906,4,7,1.730694374948925
10538269,11,10,0.031655728816986084,2,6,3.4528361414954087
10535244,11,1,0.23217882215976715,1,1,1.4602474190467518
10535214,8,3,0.17325331270694733,1,2,1.7530005201313068
10535093,11,2,0.16080395877361298,10,1,1.8275693033014329
10538266,10,2,0.1646842360496521,9,4,1.8037253594962015
10535243,12,7,0.06309180706739426,6,13,2.7631643583183108
10535315,10,2,0.2107439637184143,1,8,1.557111324415867
10535319,8,2,0.27425438165664673,4,1,1.2936992030842467
10535317,13,5,0.07278071343898773,13,9,2.6203042841670303
10535316,7,6,0.08852794766426086,3,8,2.424436984003803
10538400,13,5,0.08078376203775406,13,12,2.515979298530516
10538097,11,2,0.2341279685497284,11,1,1.4518874389614662
10538402,7,1,0.2620779275894165,8,8,1.3391133858982376
10538096,8,2,0.187730073928833,9,2,1.6727501248419008
10538401,11,2,0.24563279747962952,3,7,1.4039175513983475
10538091,7,4,0.06463281810283661,6,4,2.7390329770243897
10538403,9,1,0.3854095935821533,1,1,0.9534486307788533
10538092,13,8,0.03534293919801712,1,5,3.342656646391702
10538399,10,2,0.16652771830558777,2,12,1.7925935071074452
10538093,6,1,0.4111318588256836,1,1,0.8888412915456527
10538397,11,1,0.2852989435195923,1,1,1.2542177238203898
10538094,10,4,0.08797302842140198,3,12,2.4307250066945287
10538398,8,1,0.20919005572795868,1,1,1.5645120826823735
10538095,14,2,0.13823817670345306,9,13,1.9787771633691802
10548629,11,5,0.11702697724103928,2,9,2.1453507960529064
10548631,11,3,0.15515932440757751,2,4,1.863302790586017
10548632,11,2,0.22194010019302368,9,8,1.5053477524678835
10548316,6,1,0.38461965322494507,6,6,0.9555003467041658
10548234,7,1,0.3249501883983612,10,10,1.1240833748654857
10548633,8,3,0.13099782168865204,7,9,2.0325745842501384
10548276,8,1,0.6354801058769226,7,7,0.4533744935209579
10548299,10,1,0.25578200817108154,12,12,1.3634297278424008
10548235,7,2,0.24686522781848907,1,9,1.398912727630243
10548634,7,1,0.406134694814682,7,7,0.9010704137734971
10548231,10,4,0.12532420456409454,6,12,2.0768512628377946
10548277,7,1,0.27915045619010925,6,6,1.2760043730157138
10548289,9,3,0.13044655323028564,1,9,2.036791689900363
10548238,12,1,0.25757086277008057,9,9,1.3564604015139923
10548635,5,4,0.18444670736789703,1,3,1.690394706180937
10548232,7,3,0.1608564853668213,8,1,1.8272427067637977
10548278,9,1,0.31845223903656006,7,7,1.1442827711436012
10548293,5,4,0.16160570085048676,4,3,1.822595855977239
10548313,7,6,0.07493762671947479,6,8,2.591099155193668
10548239,9,5,0.07960624247789383,9,1,2.530662766117611
10548636,7,1,0.35336631536483765,4,4,1.04025003952836
10548225,10,3,0.12214216589927673,6,16,2.1025696184208713
10548273,12,2,0.14050984382629395,6,7,1.962477729842024
10548290,6,4,0.14946798980236053,3,7,1.9006730241116703
10548312,8,1,0.22634057700634003,9,9,1.485714436157408
10548236,9,1,0.24148841202259064,3,3,1.420933790384057
10548637,8,2,0.2758195698261261,2,1,1.2880083595552962
10548354,6,1,0.290059894323349,2,2,1.2376678451769663
10548227,8,1,0.27151307463645935,2,2,1.303744983727294
10548279,11,2,0.15275293588638306,3,2,1.8789334609096844
10548292,6,5,0.13624125719070435,3,5,1.9933280149052743
10548315,12,1,0.1866135150194168,6,6,1.678715565434868
10548237,11,8,0.03510554879903793,1,11,3.3493960755618275
10548348,10,1,0.5368819236755371,6,6,0.6219770900743176
10548228,10,2,0.17747294902801514,9,12,1.7289370815228708
10548274,9,1,0.4006098210811615,8,8,0.9147673401219194
10548294,10,8,0.03848830610513687,6,8,3.257400821354897
10548314,12,3,0.09647511690855026,15,5,2.338470159757683
10548241,10,3,0.20027826726436615,10,7,1.6080475431237948
10548352,8,1,0.36442533135414124,1,1,1.0094336007705258
10548230,10,3,0.13876497745513916,3,10,1.9749735865586782
10548280,9,4,0.12970586121082306,4,10,2.0424859981578773
10548296,9,3,0.18940481543540955,3,1,1.6638686738679886
10548240,10,1,0.19222445785999298,13,13,1.6490915384086529
10548349,8,1,0.3128259778022766,2,2,1.1621082245193635
10548229,11,4,0.10729850083589554,12,10,2.2321406011495615
10548275,11,9,0.05894475802779198,4,2,2.831154578297079
10548291,9,1,0.3559013307094574,12,12,1.0331017474747857
10548351,12,1,0.2841542363166809,5,5,1.2582381026164404
10548350,12,4,0.13387463986873627,6,9,2.0108514402739672
10548355,13,12,0.013285581953823566,2,11,4.321075895398693
10548347,13,8,0.03815460205078125,2,7,3.2661088981001667
10551861,14,1,0.2580731511116028,11,11,1.3545122028076415
10551659,7,1,0.3272438049316406,2,2,1.1170498050614892
10551544,9,7,0.07699355483055115,7,10,2.5640335641311225
10551865,11,1,0.20849516987800598,1,1,1.567839404064347
10551559,9,1,0.2513676583766937,10,10,1.38083863717681
10551660,7,5,0.14048956334590912,4,9,1.9626220752029209
10551425,7,2,0.20090733468532562,1,2,1.6049114986921722
10551560,10,2,0.304654985666275,4,2,1.188575337194971
10551863,10,4,0.12282788008451462,9,7,2.0969712525191366
10551663,9,3,0.270207941532135,3,5,1.3085634625773144
10551545,10,5,0.09528708457946777,2,4,2.350861001331266
10548379,10,1,0.28896039724349976,6,6,1.2414656340192047
10551424,13,1,0.28206491470336914,3,3,1.2656180405510147
10551864,11,4,0.11598393321037292,1,10,2.154303604275856
10551665,7,5,0.13431216776371002,6,5,2.007588578189093
10551549,6,2,0.24049003422260284,6,8,1.4250766280387432
10548375,11,1,0.6675057411193848,12,12,0.404207287816803
10551558,10,1,0.45476293563842773,4,4,0.7879790163844548
10551426,10,2,0.21504750847816467,1,6,1.5368963055987928
10551661,7,2,0.23748554289340973,6,1,1.4376485293879668
10551561,9,1,0.21788282692432404,1,1,1.5237978518660347
10551551,10,6,0.033283453434705734,2,4,3.40269489934108
10548381,11,5,0.09472502022981644,9,1,2.3567771085138487
10551428,10,7,0.05172482505440712,7,8,2.961817437581342
10551664,9,1,0.3403691351413727,1,1,1.0777245587165434
10551548,9,7,0.04130546748638153,3,7,3.1867604031190773
10548378,11,1,0.42519572377204895,9,9,0.8552056895450454
10551427,13,1,0.36519360542297363,12,12,1.0073276402093272
10551662,10,9,0.041000545024871826,4,7,3.1941699190766273
10551546,7,6,0.0930723249912262,8,5,2.374378399993863
10548377,13,3,0.17205962538719177,4,11,1.7599142030132522
10551422,12,6,0.06860464066267014,2,15,2.6793950983944503
10551658,11,2,0.12793342769145966,3,4,2.056245246519913
10551550,11,4,0.12162189185619354,2,4,2.1068382939417165
10548380,8,4,0.15344488620758057,6,2,1.874413823935493
10551423,14,10,0.04099518805742264,4,9,3.194300583618682
10548376,12,1,0.27838894724845886,5,5,1.2787360522853404
10548373,14,2,0.16272151470184326,1,8,1.815715038085566
10548374,14,1,0.3221685588359833,6,6,1.132680395756874
10556650,11,2,0.21347329020500183,2,1,1.5442435585658902
10556615,7,2,0.17548874020576477,3,10,1.7401803965061635
10556369,7,4,0.10371429473161697,7,1,2.2661153262686926
10556656,7,2,0.18284596502780914,6,1,1.6991112017463947
10556616,8,7,0.05127217620611191,2,8,2.970607048093343
10556375,7,6,0.04938054084777832,5,3,3.0081988423551715
10556520,14,1,0.3968844711780548,10,10,0.924110045234281
10556652,12,1,0.34151458740234375,2,2,1.074364885210539
10556611,10,3,0.1173122227191925,9,11,2.142916328246578
10556370,7,1,0.1991489976644516,4,4,1.613702002435432
10556518,11,3,0.19694696366786957,7,2,1.6248208064504006
10556651,11,3,0.09705791622400284,5,6,2.332447404182542
10556617,10,1,0.28468507528305054,14,14,1.2563717086818453
10556373,8,3,0.1687389463186264,1,7,1.7794024546719611
10556519,13,1,0.20255455374717712,1,1,1.596746027496908
10556653,10,8,0.035814207047224045,1,11,3.329410619403065
10556618,11,7,0.05281790718436241,6,10,2.9409049945497108
10556368,10,3,0.18131165206432343,2,3,1.7075378937646126
10556515,9,6,0.0566207580268383,3,10,2.8713796114184094
10556657,7,2,0.30645638704299927,2,10,1.1826798272281065
10556612,11,2,0.1603647619485855,5,4,1.8303042962846392
10556371,9,5,0.08687014877796173,4,1,2.4433408180611274
10556517,9,1,0.275156706571579,1,1,1.2904145015354407
10556654,13,9,0.06239151582121849,8,7,2.7743259772543025
10556613,12,1,0.3464500606060028,5,5,1.06001659597442
10556372,9,1,0.2258334457874298,5,5,1.487957516944796
10556516,11,2,0.1878949999809265,11,12,1.6718719829171609
10556658,14,7,0.07014714181423187,13,1,2.657160217180589
10556614,10,6,0.07705780863761902,3,6,2.5631993772813946
10556374,11,7,0.04921741783618927,10,11,3.0115076970737866
10556521,13,9,0.05027102679014206,2,5,2.9903263759811374
10556655,10,3,0.13013024628162384,5,8,2.039219435613814
10556350,6,4,0.11382677406072617,4,3,2.17307751202089
10556351,6,3,0.17943255603313446,1,6,1.7179558740648464
10556530,11,6,0.09988554567098618,2,7,2.3037302917740607
10556355,10,8,0.019079210236668587,1,8,3.959156006026823
10556528,12,1,0.20502209663391113,6,6,1.5846375171943843
10556628,14,1,0.16204820573329926,17,17,1.8198614217588767
10556352,11,1,0.38015973567962646,2,2,0.9671637575353312
10559698,12,5,0.09401918947696686,9,11,2.364256374174568
10556701,6,5,0.08138392865657806,1,6,2.508577462118199
10556497,7,3,0.15006281435489655,1,7,1.8967013101763932
10559919,10,4,0.0989421159029007,7,2,2.313220287693632
10556627,11,2,0.15550276637077332,9,8,1.8610917573553465
10559703,8,3,0.19635535776615143,1,8,1.6278292115152635
10556353,12,1,0.39769622683525085,2,2,0.9220668142782938
10556500,11,5,0.1218046024441719,12,11,2.1053371375222842
10556534,11,5,0.10791914910078049,5,3,2.2263729516505943
10556916,7,4,0.12705731391906738,4,2,2.06311700362325
10556630,11,3,0.14234110713005066,1,6,1.949528939074304
10559708,14,1,0.5673471093177795,9,9,0.5667839768179942
10556704,12,8,0.059676218777894974,1,4,2.818821683373092
10559700,8,3,0.18862731754779816,16,1,1.6679820754338937
10556354,12,8,0.04151076823472977,2,7,3.181802409867782
10559746,12,2,0.21694760024547577,5,2,1.5280994281242561
10556499,7,3,0.17652527987957,6,4,1.7342911840856143
10559921,7,1,0.3511737585067749,6,6,1.0464741395265562
10556535,10,1,0.2144336849451065,3,3,1.5397547495092836
10559681,8,3,0.15899312496185303,3,4,1.8388943169303769
10556907,14,1,0.341486394405365,2,2,1.0744474414520253
10559887,6,2,0.35685303807258606,2,4,1.0304312400169209
10559699,12,1,0.331674188375473,1,1,1.1036021522297936
10556356,8,4,0.13522331416606903,6,1,2.000827688182972
10559747,9,7,0.06554921716451645,3,5,2.7249540114140474
10559715,8,4,0.16563422977924347,2,1,1.797973356825323
10556501,8,5,0.1069285124540329,2,9,2.23559477571001
10559923,12,5,0.09603472799062729,1,3,2.3430454030276535
10556531,13,1,0.3157229721546173,6,6,1.1528901202922344
10559682,9,3,0.14420770108699799,1,2,1.9365006499609365
10556917,7,1,0.2811444401741028,2,2,1.2688867197405351
10556632,17,1,0.16517508029937744,1,1,1.800749274919023
10559706,7,7,0.052112530916929245,2,7,2.954349842502589
10556698,8,1,0.28523650765419006,2,2,1.2544365914315891
10559884,9,1,0.2836209535598755,1,1,1.260116602850804
10559701,8,3,0.1544031798839569,1,11,1.8681880465001897
10556357,14,3,0.15098640322685242,3,10,1.8905654910767762
10559748,8,4,0.15070565044879913,3,1,1.892426679369124
10559716,11,4,0.09814242273569107,1,3,2.321335562098787
10556503,9,1,0.2546788156032562,9,9,1.367752074373197
10559924,14,6,0.04133768379688263,3,2,3.185980754433548
10556533,14,4,0.09004134684801102,11,4,2.4074863047257264
10559685,9,1,0.2743857800960541,5,5,1.2932202062805862
10556633,15,1,0.18216927349567413,5,5,1.7028189500042539
10556703,13,10,0.04655758664011955,9,8,3.067065310233114
10559885,9,2,0.25266289710998535,5,2,1.3756991012089335
10559702,11,7,0.04017744958400726,2,9,3.21444939637334
10559749,10,7,0.06521371752023697,4,7,2.730085440764022
10559717,12,2,0.2641672194004059,13,1,1.331172969533533
10556495,11,2,0.1541983187198639,1,8,1.8695157211557736
10556536,9,5,0.08004795759916306,1,2,2.5251293539290742
10559920,14,2,0.17056973278522491,2,16,1.7686110759294869
10556526,11,1,0.2062482237815857,16,16,1.5786748657724992
10559687,12,4,0.08853983134031296,4,6,2.424302756578161
10556909,9,1,0.2739778161048889,1,1,1.2947081389926005
10556635,11,6,0.06078551337122917,5,3,2.800403785320661
10559707,10,3,0.1369946002960205,4,11,1.9878137678284207
10556818,7,1,0.3003046214580536,7,7,1.2029579146405611
10556702,14,7,0.05377678945660591,10,18,2.9229133276436303
10559696,11,2,0.15289367735385895,3,9,1.8780125184138317
10559751,10,9,0.02686470001935959,5,3,3.6169421210889103
10559711,14,3,0.12427747994661331,11,7,2.0852384718867794
10556502,10,2,0.18334895372390747,7,9,1.696364090922821
10556537,7,2,0.27395012974739075,6,4,1.294809197380775
10559916,14,1,0.19402359426021576,2,2,1.6397755074158897
10556527,12,1,0.192454993724823,5,5,1.647892951421594
10559683,11,5,0.07805750519037247,3,9,2.5503094778944853
10556914,12,2,0.2983498275279999,1,4,1.209488563100354
10556629,18,9,0.0583283007144928,4,3,2.84166787091434
10559705,9,1,0.2350255250930786,1,1,1.4480611533190668
10556819,11,9,0.03637753054499626,3,6,3.313803987662919
10556699,16,2,0.10127671808004379,16,13,2.289898725534254
10559886,9,9,0.037412334233522415,11,6,3.28575483659102
10559697,11,3,0.14532192051410675,7,6,1.9288038559574021
10559750,9,5,0.08186858892440796,1,3,2.5026398913059156
10559712,11,11,0.01671919785439968,4,11,4.091197647691759
10556498,11,3,0.10807429254055023,13,4,2.224936394454491
10556538,7,4,0.11610041558742523,1,4,2.153299810720312
10559917,14,12,0.021381042897701263,4,10,3.8452505954494907
10556529,12,1,0.1813509613275528,7,7,1.7073211123157852
10559684,13,1,0.2381001114845276,11,11,1.4350640572637783
10556911,13,4,0.1302395761013031,10,8,2.0383796314836404
10556634,11,6,0.06644013524055481,2,11,2.7114539587099933
10556697,11,8,0.06257417798042297,13,12,2.7714025782999574
10559744,12,1,0.20799939334392548,5,5,1.5702201159008153
10556539,8,5,0.07706001400947571,4,3,2.5631707579845613
10556496,13,1,0.2143600583076477,10,10,1.5400981623474648
10556910,9,2,0.2037353515625,5,7,1.590933423617454
10559686,14,2,0.165458545088768,1,5,1.7990345983884106
10556821,10,1,0.2621517777442932,1,1,1.3388316385855086
10559790,10,1,0.22498570382595062,7,7,1.4917184173477067
10556540,10,6,0.0942387729883194,1,6,2.3619235792366338
10556908,13,3,0.1754971593618393,11,3,1.7401324221796366
10556822,10,2,0.21522243320941925,1,8,1.5360832125892943
10556913,16,6,0.06702101975679398,8,6,2.7027489810800764
10556823,12,2,0.26376545429229736,1,3,1.3326950014352845
10559789,10,6,0.03296075016260147,6,17,3.4124378144122
10556915,16,3,0.15263919532299042,5,16,1.879678343026989
10556493,12,8,0.049697887152433395,14,3,3.0017928588066884
10556489,12,4,0.12468556314706802,6,9,2.0819602056762028
10556494,9,7,0.06790395826101303,2,9,2.689660950667218
10559926,7,3,0.20993466675281525,3,1,1.5609589073705221
10556454,15,1,0.31826990842819214,10,10,1.1448554875602601
10559800,12,2,0.18188388645648956,5,12,1.7043867820081358
10560001,12,1,0.3661533296108246,5,5,1.0047030999459428
10559934,14,2,0.24038384854793549,6,5,1.4255182643188484
10559836,9,1,0.4664284884929657,1,1,0.7626505641368092
10556448,9,4,0.15280410647392273,2,3,1.8785985277815014
10559795,7,2,0.2563413977622986,1,4,1.3612451379283028
10560004,12,2,0.20038408041000366,2,6,1.6075193519987154
10559766,7,2,0.3984851539134979,11,5,0.9200850363680627
10559928,14,4,0.06296513974666595,8,3,2.7651740430927245
10559838,11,3,0.14068599045276642,4,1,1.9612248901620608
10559771,12,1,0.34444931149482727,6,6,1.0658083357986756
10556451,8,3,0.15513065457344055,1,8,1.8634875843992926
10559797,10,1,0.3528434932231903,5,5,1.0417306823367856
10560002,12,1,0.18242894113063812,4,4,1.7013945454490422
10559767,11,3,0.10887864977121353,2,7,2.217521321788437
10559931,6,3,0.18361590802669525,3,6,1.6949091595236372
10559839,12,1,0.30020084977149963,13,13,1.2033035291022394
10556450,14,2,0.1818246692419052,13,2,1.7047124120444923
10559799,10,2,0.2782965302467346,8,1,1.279068078200545
10560003,8,1,0.4387379288673401,2,2,0.8238530171336097
10559761,10,1,0.358697772026062,4,4,1.0252751057091838
10559929,12,1,0.170675590634346,5,5,1.7679906551046334
10559835,7,1,0.34973305463790894,1,1,1.0505851165376332
10559772,8,6,0.0856504738330841,2,6,2.4574805220255116
10556449,13,9,0.03230010345578194,3,13,3.4326848457932706
10559798,10,5,0.09276022017002106,4,1,2.3777373930527648
10559998,11,7,0.059418611228466034,2,14,2.8231477813435606
10559830,6,4,0.1572500616312027,2,3,1.8499179914703272
10559762,14,5,0.11829347163438797,12,14,2.13458669435242
10559927,12,4,0.12330181151628494,7,1,2.0931201769790913
10559837,8,1,0.3066062927246094,13,13,1.182190788539095
10556452,11,2,0.20200860500335693,3,2,1.5994449834617255
10559796,10,8,0.03119972161948681,5,8,3.4673461066588516
10559999,12,4,0.12379685789346695,5,12,2.0891132995588455
10559831,7,1,0.32191893458366394,1,1,1.1334555210849324
10559763,13,3,0.1309235692024231,3,4,2.033141567251912
10559932,14,1,0.2190849781036377,11,11,1.5182955965584897
10559832,10,2,0.22523371875286102,4,1,1.4906166658924822
10559775,12,2,0.18467392027378082,1,2,1.6891636022134737
10556749,9,4,0.10561717301607132,3,4,2.2479342976734533
10556447,11,2,0.24654871225357056,2,3,1.4001956893896432
10559801,7,4,0.0963975340127945,10,9,2.339274658472971
10559997,10,4,0.11233946681022644,2,3,2.1862300381039397
10559825,10,1,0.2738151252269745,5,5,1.2953021257727233
10559764,11,7,0.05968087539076805,6,10,2.8187436551183347
10559933,14,8,0.08026811480522156,4,3,2.5223828127850365
10559833,10,3,0.14284363389015198,2,5,1.94600471629559
10556750,8,3,0.1991739422082901,4,1,1.6135767545956812
10559802,10,1,0.18794307112693787,14,14,1.6716161751639347
10560000,10,1,0.2743229866027832,3,3,1.2934490835916697
10559826,9,2,0.24202410876750946,1,2,1.4187179347812553
10559765,8,1,0.3133520185947418,9,9,1.1604280603512165
10559930,14,1,0.2741023302078247,12,12,1.2942537744040796
10559834,14,2,0.15833880007266998,10,1,1.843018237436883
10559776,11,6,0.10110465437173843,7,2,2.2915991167083885
10556752,7,4,0.09115497767925262,3,6,2.395194169592598
10559828,9,5,0.0503571555018425,3,5,2.98861455468474
10559777,12,1,0.14126162230968475,6,6,1.9571416305020755
10556751,8,2,0.15361906588077545,2,1,1.8732793391436973
10559827,12,2,0.16695541143417358,2,5,1.7900284996156919
10556754,9,1,0.2844381034374237,5,5,1.2572396116960394
10559829,10,2,0.211204394698143,11,1,1.554928919136675
10556753,9,2,0.21756824851036072,6,10,1.5252426914194768
10559695,7,1,0.3263210356235504,6,6,1.1198736103337463
10572816,6,1,0.37340301275253296,3,3,0.9850969794749997
10559810,9,1,0.3705537021160126,4,4,0.9927568997670144
10559688,9,1,0.28521162271499634,12,12,1.2545238384147404
10572815,7,1,0.3458895683288574,5,5,1.0616357215485404
10559814,8,1,0.34504950046539307,2,2,1.064067392633157
10559689,10,1,0.19441929459571838,1,1,1.6377381398453674
10563667,12,3,0.1598386913537979,13,11,1.8335901513413981
10559812,11,2,0.14151827991008759,10,3,1.955326383598992
10563674,11,7,0.07599684596061707,4,12,2.5770634400751726
10572811,8,1,0.2648128569126129,6,6,1.328731902802591
10559811,10,1,0.24043585360050201,4,4,1.4253019460085257
10559691,7,4,0.13137486577033997,5,3,2.0297004715146403
10563676,9,1,0.3129400908946991,5,5,1.1617435096541904
10572812,7,4,0.0946902185678482,5,7,2.3571445727430285
10559806,9,2,0.17995060980319977,7,9,1.7150728557259691
10559694,8,6,0.09254425019025803,3,1,2.380068368415977
10563669,11,7,0.06371749192476273,8,7,2.753296155594379
10572813,5,1,0.3977665305137634,6,6,0.9218900525680915
10559813,13,7,0.0484972819685936,1,4,3.0262475244937725
10559690,14,3,0.12780331075191498,14,12,2.057262831647216
10563670,11,7,0.0707070603966713,4,2,2.649209846897793
10572814,6,1,0.333570271730423,1,1,1.0979017259863075
10559809,13,6,0.07163827121257782,7,11,2.6361258336751887
10559692,7,5,0.14378225803375244,11,10,1.9394552207663638
10563668,11,8,0.05106690526008606,11,1,2.974618638159774
10559807,13,7,0.06908290833234787,2,14,2.6724479256583806
10563453,6,1,0.3420417308807373,2,2,1.0728225292442661
10563451,7,1,0.32745108008384705,5,5,1.1164166088539862
10563660,7,3,0.1447293609380722,6,8,1.932889756888063
10563450,13,7,0.05042492598295212,7,9,2.9872696630070514
10563661,8,3,0.2142646461725235,1,11,1.5405433636422237
10563663,12,1,0.4235776364803314,10,10,0.859018460604316
10563665,10,1,0.40916624665260315,5,5,0.8936337344930475
10563446,6,2,0.2531890273094177,3,2,1.3736189257119016
10563662,10,4,0.11018922179937363,2,4,2.20555619285993
10563448,11,1,0.18642975389957428,5,5,1.6797007655444347
10563666,5,1,0.2816275954246521,5,5,1.2671696643835053
10563449,9,5,0.08937139809131622,6,4,2.4149545798562575
10563664,8,6,0.08435340970754623,7,2,2.4727400474811825
10563452,13,3,0.14000752568244934,6,5,1.9660591029429362
10563659,11,1,0.4098919630050659,3,3,0.8918616588729836
10566856,11,5,0.08599779009819031,9,1,2.4534336795914617
10572853,9,5,0.11071322858333588,1,8,2.2008119470092353
10566866,9,2,0.17380668222904205,8,3,1.7498116190818764
10572850,10,4,0.1695709079504013,1,6,1.7744841036491685
10566857,8,1,0.20120947062969208,6,6,1.603408771140229
10572846,9,6,0.02103964053094387,6,2,3.8613469762897634
10566858,8,1,0.2787245213985443,9,9,1.277531363439872
10572847,11,2,0.1766199767589569,4,2,1.7337548785293226
10566862,8,2,0.1961045265197754,5,1,1.629107463334482
10572909,8,2,0.1792285144329071,9,3,1.7190936703803181
10572852,7,2,0.1887011080980301,4,3,1.6675909543512648
10572898,10,4,0.1180562898516655,10,11,2.136593735619138
10566865,6,1,0.3231680989265442,2,2,1.1295826610231245
10572907,9,3,0.14436617493629456,10,12,1.9354023255567234
10572889,5,2,0.2630999982357025,6,3,1.3352210976416958
10572851,7,1,0.3021007478237152,4,4,1.1969947151747817
10572900,10,1,0.4571775794029236,4,4,0.7826833871901678
10566863,10,3,0.1306072622537613,2,6,2.0355604568423082
10572910,7,6,0.12024063616991043,6,11,2.1182602427171626
10572890,8,2,0.3702448904514313,2,4,0.9935906261956755
10572848,11,1,0.2061123102903366,1,1,1.5793340631735147
10566859,12,4,0.0835907831788063,1,3,2.481822014026696
10572908,9,3,0.14614082872867584,6,3,1.9231845418490772
10572891,9,1,0.2982698976993561,6,6,1.2097565053950596
10572849,12,2,0.13273820281028748,6,1,2.0193764905281735
10566861,10,2,0.14318224787712097,2,4,1.9436369994787182
10572990,12,1,0.31919145584106445,4,4,1.1419641811799486
10572913,9,1,0.2688175141811371,8,8,1.3137225155318897
10572892,9,1,0.24725650250911713,9,9,1.3973290094960484
10572902,12,7,0.05540962144732475,3,9,2.893002027973811
10572991,8,4,0.14269135892391205,1,5,1.9470713104749944
10572912,10,3,0.13909393548965454,5,9,1.9726057792083846
10572894,8,4,0.12711235880851746,8,3,2.062683868625514
10572903,12,1,0.14633379876613617,3,3,1.9218649739459457
10572906,10,1,0.1878742277622223,5,5,1.6719825412981657
10572893,12,8,0.08139336854219437,8,3,2.5084614768329123
10572901,12,3,0.118415966629982,1,2,2.133551712330353
10572911,10,1,0.3221396505832672,2,2,1.1327701299937278
10572888,9,1,0.3075573444366455,1,1,1.179093723149081
10572897,13,7,0.06355887651443481,5,11,2.7557886134541922
10572992,10,4,0.15581157803535461,4,10,1.859107834857594
10572986,10,6,0.06702520698308945,2,3,2.702686506717334
10572987,11,1,0.30631962418556213,1,1,1.1831261986826083
10575739,8,2,0.2890624701976776,2,4,1.241112454375324
10575804,9,4,0.15362077951431274,10,4,1.8732681841222183
10575794,5,1,0.31475362181663513,2,2,1.155965099160787
10575806,7,1,0.5835720300674438,3,3,0.5385873900285523
10575740,11,5,0.10214154422283173,7,8,2.2813957391885396
10575796,7,1,0.3108483850955963,8,8,1.1684499934046335
10575807,14,3,0.15474136173725128,11,2,1.8660001897363647
10575742,11,4,0.07924316078424454,2,10,2.5352341692011766
10575808,12,4,0.13062629103660583,2,5,2.0354147727780787
10575795,8,1,0.25054702162742615,12,12,1.38410866498521
10575743,9,4,0.14067712426185608,5,1,1.9612879132837822
10575810,12,2,0.18958155810832977,4,3,1.662935961253122
10575790,7,4,0.13325729966163635,1,7,2.01547343573581
10575745,12,2,0.12441624701023102,11,3,2.0841225042287506
10575809,13,5,0.06988918781280518,4,8,2.660844322496305
10573660,9,1,0.3604389727115631,1,1,1.0204326217149033
10575791,8,6,0.062116898596286774,7,3,2.778737207957545
10575805,11,4,0.11500482261180878,1,2,2.162781215743307
10575744,13,10,0.02372165396809578,11,12,3.741366978443092
10575792,10,5,0.10487125813961029,2,1,2.255021794072189
10575803,11,2,0.19670867919921875,8,4,1.6260314305177606
10575746,11,5,0.06030591204762459,5,12,2.8083251361474484
10573656,14,1,0.31716567277908325,1,1,1.1483310145634613
10573655,15,1,0.26728108525276184,14,14,1.319454420582848
10573657,8,3,0.20951297879219055,1,7,1.562969590263473
10573658,15,14,0.019452573731541634,1,13,3.9397758921427997
10575702,11,2,0.1724320501089096,12,9,1.757752032526715
10575700,12,2,0.14219190180301666,9,2,1.9505777125805466
10580491,10,3,0.15180502831935883,8,4,1.8851582899357586
10580514,6,4,0.11951829493045807,6,8,2.1242858236761464
10580567,10,5,0.07722514867782593,8,7,2.5610301149242343
10580496,8,2,0.29506567120552063,12,8,1.2205573331611919
10580614,7,1,0.3097108006477356,12,12,1.1721163180623726
10580509,9,1,0.28737765550613403,3,3,1.246958055380775
10580490,9,5,0.10305429995059967,2,3,2.272499245678755
10580464,7,5,0.13665539026260376,2,5,1.990292921629684
10580613,10,1,0.5461481213569641,3,3,0.6048650554916638
10580510,8,4,0.0977892130613327,2,1,2.3249410039207987
10580569,10,3,0.13829056918621063,1,7,1.978398233625613
10580495,6,3,0.12718349695205688,10,12,2.0621243774361484
10580465,11,3,0.0878402590751648,1,5,2.4322353518267597
10580615,14,1,0.2137104719877243,5,5,1.543133114639477
10580511,8,1,0.431536465883255,9,9,0.8404032624505812
10580568,10,2,0.25325101613998413,6,2,1.373374123462641
10580489,9,2,0.1817445456981659,3,6,1.7051531729326201
10580466,12,5,0.1234249621629715,4,10,2.092121901396127
10580512,7,3,0.18497850000858307,3,1,1.687515676827256
10580570,11,1,0.26086390018463135,2,2,1.3437564628958028
10580492,9,2,0.18711501359939575,8,4,1.6760318052047416
10580469,10,2,0.1574910283088684,3,6,1.8483867854572051
10580617,14,3,0.13688549399375916,6,5,1.9886105129026914
10580515,9,6,0.09639502316713333,1,5,2.3393007055953086
10580571,10,6,0.07983649522066116,8,13,2.5277745454792626
10580493,8,2,0.2209150344133377,4,1,1.5099771110561053
10580467,10,1,0.22341053187847137,3,3,1.4987442498661778
10580611,11,3,0.16056451201438904,13,3,1.8290594731550378
10580513,8,6,0.042521219700574875,4,2,3.157752040581733
10580572,11,1,0.2245318740606308,2,2,1.4937376038793948
10580494,9,1,0.3273628056049347,1,1,1.1166862258592951
10580468,12,1,0.31091341376304626,6,6,1.1682408179042847
10580612,14,11,0.037166304886341095,1,5,3.2923527107972403
10580516,8,1,0.2591170072555542,2,2,1.3504755538324336
10580565,11,9,0.02830277942121029,8,4,3.5647952663918883
10580504,6,2,0.17636491358280182,4,3,1.7352000577850164
10580441,8,2,0.1985466480255127,4,8,1.6167312038162696
10580443,13,2,0.16535909473896027,10,2,1.7996358381098196
10580439,14,1,0.14902706444263458,7,7,1.9036273489767315
10580556,6,5,0.05892602354288101,3,5,2.831472460045534
10580499,13,1,0.22260548174381256,3,3,1.5023542144609217
10580438,7,5,0.06735152006149292,2,6,2.697829806796297
10580554,8,1,0.302961528301239,1,1,1.1941494508368937
10580595,11,3,0.13319137692451477,2,4,2.0159682607753737
10583474,12,1,0.2770489454269409,4,4,1.2835610901118977
10580503,13,8,0.045587893575429916,5,4,3.088113089477863
10580663,7,6,0.06870181113481522,7,4,2.6779797171491433
10580437,11,6,0.08055350929498672,9,3,2.5188336036416517
10580524,7,1,0.3093135356903076,3,3,1.1733998379133583
10583504,10,4,0.1725529134273529,5,9,1.7570513450408065
10580559,14,9,0.03096598945558071,20,10,3.4748657911035767
10583470,11,2,0.2907477915287018,5,1,1.2352990833862378
10580659,12,5,0.06003941223025322,8,9,2.812754061900817
10583387,12,2,0.28472334146499634,12,11,1.2562373018804076
10580500,7,1,0.32283344864845276,2,2,1.130618727606194
10580440,14,10,0.034432318061590195,9,4,3.368759677101938
10583505,12,1,0.21823672950267792,7,7,1.5221748902225118
10580558,9,2,0.21553528308868408,10,5,1.534630656210452
10580598,10,2,0.2146308720111847,7,1,1.5388356007389468
10583475,11,4,0.0951847955584526,1,13,2.3519350604603564
10580662,9,2,0.1447650045156479,5,9,1.9326435097619752
10583383,4,1,0.6236927509307861,2,2,0.47209741820353296
10580501,14,4,0.09028038382530212,6,8,2.4048350755431454
10583376,10,1,0.3284658193588257,1,1,1.113322497129182
10580526,11,1,0.3220103979110718,3,3,1.1331714423098016
10580434,13,2,0.15669214725494385,3,8,1.8534722441180942
10583500,11,8,0.07541926205158234,18,20,2.5846925717187244
10580555,8,1,0.23186278343200684,6,6,1.4616095330159116
10580596,13,1,0.26670947670936584,2,2,1.3215953152069888
10583476,9,3,0.2263934314250946,3,6,1.48548094621404
10580664,10,1,0.3932480216026306,2,2,0.9333147679460917
10583555,8,1,0.3420330882072449,3,3,1.0728477974554376
10583384,8,7,0.08862491697072983,3,2,2.4233422309908788
10580505,10,6,0.08028492331504822,2,6,2.522173430140088
10583374,11,4,0.15219871699810028,4,2,1.8825682633003296
10580436,7,6,0.07330538332462311,6,4,2.613121230431267
10580561,13,9,0.06266596168279648,3,8,2.7699368546261858
10580939,8,2,0.2514759600162506,2,4,1.3804078804275144
10580594,11,9,0.0527125746011734,17,5,2.9429012446641067
10583471,11,6,0.05785748362541199,5,13,2.8497724711263204
10580657,7,2,0.1796710193157196,7,3,1.7166277707876525
10583389,11,5,0.10646481812000275,8,2,2.239940694700067
10580506,14,1,0.31941497325897217,1,1,1.141264164966989
10583378,6,1,0.28310081362724304,2,2,1.261952212876032
10580522,11,2,0.21265150606632233,7,3,1.5481005749359669
10580435,14,1,0.2156534045934677,4,4,1.5340827684243719
10583498,14,11,0.01799536868929863,1,11,4.017640849230984
10580560,13,4,0.10338695347309113,7,16,2.269276500177179
10580942,10,1,0.3789362907409668,1,1,0.9703871863386097
10580602,15,9,0.05214877054095268,13,8,2.9536546732504094
10583477,10,1,0.31222620606422424,3,3,1.164027334435663
10580549,9,5,0.10632087290287018,1,4,2.241293654463463
10580656,12,4,0.10476523637771606,14,10,2.2560332760775292
10583552,8,3,0.140675351023674,2,8,1.96130051838477
10583385,10,4,0.1096355989575386,8,1,2.2105931492001836
10583377,10,6,0.0513952299952507,15,14,2.9682099124761763
10580529,13,10,0.053634826093912125,2,15,2.9255566813373277
10583503,10,2,0.20058384537696838,7,2,1.6065229382177353
10580557,9,2,0.17516934871673584,2,7,1.7420020660323672
10580601,12,1,0.2088140845298767,4,4,1.5663109706036122
10583472,12,1,0.33429497480392456,3,3,1.0957315176645053
10580550,6,1,0.25163689255714417,2,2,1.3797681331200893
10580658,9,3,0.1570553332567215,5,9,1.851157094600999
10583553,10,2,0.16192084550857544,3,10,1.8206476711292818
10583388,8,1,0.24073898792266846,2,2,1.4240419700658518
10583379,6,2,0.22162000834941864,3,7,1.5067910377994767
10580523,14,12,0.0317269004881382,14,4,3.4505903621124645
10580762,12,2,0.23704136908054352,8,4,1.4395205999971605
10583499,13,1,0.2949858605861664,6,6,1.2208278540073918
10580553,13,7,0.0779697373509407,3,19,2.5514345102575464
10580943,10,1,0.3028200566768646,10,10,1.1946165222383838
10580599,18,1,0.15855689346790314,16,16,1.8416418007473883
10583473,11,7,0.05979614332318306,12,10,2.816814113028669
10580551,7,5,0.07736077904701233,1,7,2.55927535747658
10580661,8,6,0.09396973997354507,5,1,2.364782463712998
10583554,9,3,0.14152178168296814,2,8,1.9553016395902392
10583390,9,5,0.0966205969452858,4,3,2.3369633415962845
10583380,8,2,0.15406672656536102,11,5,1.870369481025786
10580527,12,5,0.08122627437114716,3,8,2.510516508154579
10580763,10,2,0.2365197092294693,2,5,1.4417237374000027
10583502,14,9,0.04831508547067642,3,8,3.030011438502596
10580562,11,7,0.06680455803871155,12,10,2.7059839666549297
10580597,9,5,0.11864836513996124,1,7,2.131591075040964
10580552,6,1,0.3791898488998413,3,3,0.9697182787384867
10580660,12,2,0.1539214551448822,4,14,1.8713128382055682
10580941,9,1,0.303138792514801,1,1,1.1935645172457763
10583381,10,4,0.13847699761390686,6,8,1.97705104935798
10580528,14,9,0.059299618005752563,3,7,2.8251524147234455
10580765,10,1,0.4886215627193451,4,4,0.716166989492185
10583433,10,1,0.2430698275566101,8,8,1.4144065207204322
10580547,7,1,0.3813064396381378,5,5,0.964151923622002
10580940,12,1,0.2501295208930969,5,5,1.385776411706462
10580548,8,5,0.08389049768447876,3,6,2.478242929557448
10580937,14,7,0.08033975958824158,11,3,2.5214906424846344
10580760,11,1,0.3235219419002533,2,2,1.1284883407562827
10580938,11,3,0.15506817400455475,1,6,1.863890426473308
10580761,12,4,0.10793022066354752,5,10,2.2262703656408336
10583435,7,1,0.2881260812282562,7,7,1.244357112602235
10583432,9,2,0.19975560903549194,11,2,1.6106606144521896
10583436,9,4,0.14678309857845306,2,9,1.91879930172932
10583437,11,9,0.01098090410232544,4,14,4.511597505459476
10583438,9,2,0.2401985377073288,4,6,1.4262894571677371
10580453,12,1,0.21802754700183868,8,8,1.5231338617823473
10580461,10,1,0.4499059021472931,1,1,0.7987168244228992
10580421,10,2,0.3309136927127838,1,8,1.105897684696795
10580452,12,2,0.24853622913360596,10,5,1.3921666527898533
10580457,8,1,0.1675814688205719,2,2,1.7862856649435839
10580418,14,1,0.2644284963607788,6,6,1.330184399350837
10580459,12,3,0.11551155894994736,2,3,2.1583846765389847
10580544,10,7,0.04728561267256737,2,10,3.0515492015812113
10580422,12,1,0.47232431173324585,1,1,0.7500894282127318
10580539,9,4,0.12070314586162567,7,1,2.114421087741697
10580458,14,8,0.0469663143157959,3,5,3.058324650921463
10583446,10,2,0.17916004359722137,3,1,1.719475774300684
10586652,12,2,0.19684159755706787,1,5,1.6253559469988637
10583448,6,5,0.08074641227722168,2,3,2.5164417478698597
10580423,12,6,0.0767231285572052,1,14,2.5675520703384276
10583517,6,1,0.48945245146751404,1,1,0.7144679586703974
10586644,8,4,0.11303763091564178,3,4,2.1800344987550524
10583412,6,3,0.14518560469150543,5,3,1.9297423227493347
10583403,6,6,0.07030416280031204,3,2,2.654924267120465
10586641,10,2,0.17486552894115448,2,10,1.74373800648442
10583411,7,4,0.07372921705245972,6,8,2.607356126154556
10583404,10,1,0.40438923239707947,3,3,0.9053774183102836
10586637,12,1,0.30520716309547424,5,5,1.1867645096785977
10583631,10,1,0.3197731673717499,1,1,1.1401433865059885
10583406,6,2,0.290314644575119,9,10,1.2367899628749122
10586640,12,1,0.23405756056308746,6,6,1.4521882085615225
10583405,12,6,0.04400002956390381,8,3,3.123564973157197
10583632,12,2,0.16628965735435486,3,1,1.794024087415107
10583407,9,4,0.13247281312942505,1,4,2.02137783853783
10586643,11,7,0.04873937368392944,8,7,3.0212680810127077
10583399,10,2,0.15759433805942535,2,3,1.8477310282225878
10583626,10,2,0.1898266226053238,1,2,1.6616441360182859
10586642,11,9,0.038834527134895325,1,10,3.2484455534458827
10583408,8,2,0.1919504702091217,5,4,1.6505179078945604
10583400,11,5,0.079737588763237,15,9,2.5290141762215557
10583627,12,6,0.08370189368724823,11,6,2.4804936770443358
10586636,10,8,0.030275994911789894,4,3,3.497400127596074
10583409,7,1,0.6345715522766113,3,3,0.45480522864021516
10583401,14,7,0.04833364486694336,8,15,3.0296273797274784
10586638,12,4,0.1235445886850357,12,1,2.0911531460899844
10583630,11,2,0.18166813254356384,3,9,1.7055737039724168
10583410,7,3,0.1499222069978714,3,6,1.8976387394299468
10586639,12,4,0.10635224729776382,3,10,2.240998606409514
10583402,12,1,0.1414107233285904,7,7,1.9560866915592736
10583628,12,4,0.10071373730897903,8,2,2.29547307039908
10586635,12,3,0.12182462215423584,1,3,2.1051727918027425
10586489,12,3,0.09224788099527359,11,4,2.383275966566257
10586490,10,7,0.09989902377128601,5,2,2.303595365434575
10586492,12,2,0.1758090853691101,12,5,1.7383566149235996
10586550,9,2,0.22342745959758759,2,12,1.4986684831702064
10586563,10,1,0.5608473420143127,1,1,0.5783065281117046
10586493,11,9,0.05221856012940407,7,10,2.952317289254762
10586551,9,1,0.3854043483734131,11,11,0.9534622403114651
10586557,9,1,0.40047886967658997,2,2,0.9150942737242751
10586594,6,4,0.11301014572381973,4,2,2.180277679133697
10586488,13,4,0.11231639981269836,5,4,2.1864353921679656
10586672,10,3,0.19106988608837128,9,8,1.6551160221083983
10586552,8,2,0.2861899137496948,3,5,1.2510996544455273
10586558,8,1,0.21234187483787537,1,1,1.549557686021187
10586589,7,4,0.15105563402175903,1,2,1.89010707279335
10586546,9,6,0.09293781220912933,1,11,2.375824695422369
10586562,10,8,0.03440644219517708,1,3,3.3695114590205923
10586678,10,3,0.18637555837631226,4,11,1.6799915099188265
10586590,6,4,0.12402553111314774,4,7,2.0872678384970156
10586547,10,2,0.2441789209842682,2,4,1.4098540396869428
10586561,13,3,0.1526099145412445,3,1,1.8798701914608715
10586677,8,5,0.06672848016023636,3,7,2.7071234282852914
10586591,7,1,0.28375715017318726,1,1,1.2596365116557733
10586548,10,1,0.249475359916687,1,1,1.388395126516391
10586671,12,5,0.09201402962207794,4,5,2.385814217667262
10586564,11,9,0.04588194563984871,4,11,3.081683580474338
10586592,9,5,0.0901850089430809,3,9,2.40589206369625
10586674,12,4,0.10522656887769699,4,11,2.251639454693749
10586549,10,4,0.11458922177553177,1,4,2.166401529948884
10586559,14,2,0.154847651720047,6,5,1.865313537546838
10586593,7,1,0.47579002380371094,12,12,0.74277864853841
10586675,9,3,0.14311881363391876,6,4,1.9440801291262677
10586560,11,1,0.24962742626667023,2,2,1.3877857676472432
10597004,11,2,0.1880149394273758,5,6,1.671233854270134
10597006,12,1,0.2383142113685608,3,3,1.4341652601950243
10597002,10,5,0.06359346210956573,8,4,2.755244610939443
10597009,10,4,0.12979739904403687,5,6,2.041780513094449
10597003,10,3,0.17041687667369843,3,6,1.7695076279788937
10597008,9,5,0.09014826267957687,1,3,2.4062996009596955
10597093,7,1,0.24818941950798035,3,3,1.3935630360163982
10597030,9,2,0.20824283361434937,1,2,1.5690504109433951
10597042,7,6,0.04045461490750313,1,6,3.207574552801057
10597007,6,6,0.07411839067935944,4,8,2.602091590167675
10597095,6,1,0.23840884864330292,6,6,1.4337682276873756
10597033,10,8,0.06044209748506546,2,1,2.806069438588333
10597043,8,2,0.23652172088623047,5,2,1.4417152321967242
10597005,12,3,0.21674808859825134,1,3,1.5290194818228768
10597031,11,1,0.25328248739242554,13,13,1.3732498621758262
10597044,10,2,0.22559642791748047,5,3,1.489007593182699
10597001,11,2,0.1278381496667862,2,4,2.0569902708894277
10597099,8,1,0.2995680272579193,8,8,1.2054137511315866
10597035,7,1,0.22586877644062042,5,5,1.487801083562253
10597188,9,1,0.2867995500564575,7,7,1.248971739098706
10597100,12,8,0.055760689079761505,6,4,2.8866861546478075
10597034,10,1,0.2594200372695923,13,13,1.349306765404551
10597183,7,3,0.11917213350534439,4,5,2.1271863309991126
10597045,9,1,0.28090038895606995,4,4,1.2697551601948274
10597104,11,1,0.3268699049949646,8,8,1.1181930312979211
10597032,11,6,0.07666496932506561,7,13,2.5683103982104027
10597184,14,3,0.11679857969284058,1,10,2.147304368825982
10597040,9,4,0.12883779406547546,10,13,2.049201076169319
10597103,11,3,0.1273387223482132,4,3,2.06090463783284
10597036,11,5,0.08413742482662201,9,10,2.4753038071043645
10597185,10,3,0.14348791539669037,6,1,1.941504460592079
10597041,11,9,0.04394591599702835,16,14,3.1247955830132725
10597088,12,4,0.08888719230890274,3,6,2.4203872153574233
10597029,14,1,0.2763599455356598,9,9,1.2860511124390708
10597190,10,1,0.2141040712594986,2,2,1.5412930678760366
10597186,14,2,0.1413562148809433,7,8,1.9564722277797908
10597189,11,1,0.23282548785209656,3,3,1.4574660852170207
10597187,15,4,0.13649457693099976,1,5,1.991470394589583
10599869,10,3,0.1721353977918625,3,6,1.759473915380997
10599843,9,4,0.13968296349048615,13,7,1.968379970832358
10599868,10,1,0.38082197308540344,8,8,0.9654232752994919
10599844,8,3,0.21080031991004944,1,3,1.5568439447162263
10599854,10,2,0.20124618709087372,9,11,1.603226308995249
10599875,10,1,0.1897752732038498,1,1,1.6619146794605295
10599846,5,1,0.3733846843242645,5,5,0.9851460655227315
10599857,10,1,0.33986997604370117,6,6,1.0791921579152859
10599873,10,2,0.15971137583255768,4,1,1.8343869937836352
10599847,9,4,0.1371089667081833,10,9,1.9869792918670217
10599856,12,1,0.3084271252155304,8,8,1.1762696865059787
10599874,9,9,0.03819319233298302,5,3,3.2650979904295614
10599855,11,3,0.15474765002727509,11,1,1.8659595531400033
10599841,8,3,0.22599056363105774,2,4,1.4872620344264444
10597927,7,1,0.3680603504180908,7,7,0.9995083585576974
10599872,10,10,0.017849532887339592,5,7,4.025777939875391
10599851,11,4,0.11885993182659149,5,1,2.12980952260435
10600815,7,1,0.26215001940727234,2,2,1.3388383459324238
10597923,11,1,0.23878149688243866,1,1,1.4322063842075918
10599876,10,5,0.0972658023238182,5,8,2.330307817922311
10599852,9,3,0.1681002974510193,3,8,1.783194469080618
10599845,8,1,0.3326111137866974,2,2,1.100781297908762
10597925,11,1,0.21067702770233154,6,6,1.5574289925814702
10599853,10,4,0.14228789508342743,1,13,1.9499028436787496
10599871,10,1,0.19287532567977905,9,9,1.6457112797466198
10599842,10,3,0.14280390739440918,7,8,1.9462828667450585
10597924,14,1,0.44725698232650757,4,4,0.8046219450292946
10599858,13,2,0.17838798463344574,3,5,1.7237944118137738
10599870,10,1,0.32181450724601746,2,2,1.1337799638799677
10597928,13,8,0.01811389811336994,3,8,4.011075783790151
10597930,9,3,0.1731482297182083,8,7,1.753607232163977
10597926,12,5,0.0579826757311821,1,5,2.8476110073437058
10597929,14,10,0.026721922680735588,8,6,3.6222709762880894
10599828,11,6,0.066986583173275,1,9,2.703262930789258
10599831,10,9,0.04118293151259422,13,6,3.189731392140744
10599829,13,5,0.041222989559173584,6,11,3.1887591792411465
10605190,7,2,0.20779331028461456,6,3,1.5712113938832704
10599830,14,1,0.29717355966567993,1,1,1.213438934881868
10605191,9,2,0.20726166665554047,3,5,1.5737731938826351
10606068,5,1,0.3579983115196228,1,1,1.0272270090181936
10599832,13,8,0.06627047061920166,6,12,2.714010871365016
10605150,9,3,0.12670187652111053,5,10,2.0659183810219393
10605192,8,2,0.19229932129383087,2,1,1.6487021558068875
10606064,5,4,0.19433842599391937,5,3,1.638154175842506
10599833,13,2,0.16706736385822296,3,7,1.7893581715032243
10605152,8,2,0.2188216894865036,2,1,1.5194980840671124
10605186,8,6,0.08957388252019882,1,10,2.412691491222565
10605227,7,3,0.21416328847408295,4,8,1.541016524667147
10606066,6,1,0.4739301800727844,10,10,0.7466952675611916
10605187,10,1,0.34925901889801025,4,4,1.0519414575621397
10605228,11,5,0.10106842964887619,17,3,2.2919574702787995
10606069,4,2,0.2828410565853119,3,2,1.2628701766240549
10605230,7,2,0.23761065304279327,3,4,1.43712185646006
10605189,10,5,0.06904210150241852,1,10,2.6730387937591744
10606062,4,2,0.28601905703544617,3,2,1.251696837391093
10599837,12,9,0.03730423375964165,2,13,3.288648453153223
10605231,9,3,0.18797911703586578,5,8,1.6714244019184417
10605147,14,3,0.11298903822898865,3,1,2.180464471798372
10605185,8,2,0.2264140248298645,4,5,1.4853899874433765
10606065,7,2,0.22483596205711365,1,3,1.4923842001933343
10605233,12,2,0.17515186965465546,2,1,1.7421018548043756
10605148,12,4,0.07704685628414154,11,1,2.5633415190329307
10605193,9,5,0.09560150653123856,6,2,2.3475667003539846
10605229,14,9,0.04603606462478638,8,10,3.078330176088834
10606067,7,4,0.11717191338539124,2,10,2.144113077441455
10600039,9,5,0.05853523313999176,4,7,2.8381264301423696
10605149,14,14,0.01775958016514778,5,9,4.030830181047314
10605194,10,2,0.15009674429893494,12,11,1.8964752307915815
10605232,13,7,0.05486651137471199,5,7,2.902852109762826
10606063,7,3,0.13723942637443542,8,4,1.9860282407263925
10600040,7,2,0.18746350705623627,2,1,1.6741710815477664
10605154,10,2,0.21407265961170197,12,8,1.5414397906920527
10605226,12,10,0.03442312777042389,11,5,3.3690266216002223
10605188,12,3,0.14445893466472626,5,9,1.9347600009904897
10600041,13,4,0.08018580079078674,4,9,2.523408827280851
10600034,10,1,0.4617028534412384,1,1,0.7728337691953777
10600035,11,1,0.332009494304657,2,2,1.1025917131713598
10600037,12,4,0.09929715842008591,2,4,2.3096383244523833
10605129,7,2,0.19963298738002777,7,4,1.6112746613249227
10605125,9,4,0.13377758860588074,6,7,2.011576644526232
10605093,9,2,0.19534200429916382,4,1,1.6330033884484145
10605270,15,1,0.31621044874191284,4,4,1.1513473100281482
10605126,14,3,0.10260450839996338,1,3,2.276873405690757
10605091,12,1,0.2667141258716583,9,9,1.3215778837987417
10605276,14,8,0.06245003640651703,8,11,2.7733884594400715
10605346,10,1,0.27356982231140137,11,11,1.2961983978865157
10605128,11,5,0.06238766014575958,5,1,2.774387777237036
10608784,7,4,0.14021964371204376,8,11,1.9645452021276408
10605284,14,2,0.152299165725708,2,1,1.8819084969311655
10608730,10,4,0.10250350087881088,1,5,2.277858326071712
10605175,10,8,0.06459738314151764,6,3,2.739581377659316
10605087,9,3,0.15854567289352417,7,1,1.8417125701171377
10605275,10,2,0.2059815675020218,4,5,1.5799685923414895
10608643,10,2,0.29604193568229675,3,4,1.2172541600906215
10605343,10,2,0.18357019126415253,9,4,1.6951581709261234
10608677,6,1,0.5146007537841797,1,1,0.6643639143392589
10605286,15,1,0.21582436561584473,1,1,1.5332903242099662
10608691,11,8,0.02631203830242157,11,3,3.6377287143948
10605127,14,13,0.004873546306043863,4,13,5.323933412632916
10605094,8,5,0.11222786456346512,1,3,2.187223969458659
10608617,12,3,0.09701349586248398,2,3,2.3329051775538696
10608644,10,4,0.05411704257130623,1,7,2.9166061229356877
10608671,10,4,0.19199220836162567,10,1,1.6503004892276711
10605285,13,2,0.128739595413208,5,11,2.0499635550283815
10608794,8,3,0.14513076841831207,1,2,1.9301200918242105
10608692,11,1,0.33097776770591736,2,2,1.1057040729124907
10605130,13,2,0.1376243382692337,2,9,1.983227492167138
10608726,8,1,0.3113234043121338,1,1,1.1669230218610103
10605088,11,5,0.0856287032365799,4,7,2.457734733856674
10608611,14,5,0.0832633450627327,3,4,2.4857468619145786
10605273,11,7,0.03783446177840233,3,11,3.274534904431686
10608649,8,1,0.39376774430274963,3,3,0.931994024961814
10605347,15,2,0.12142646312713623,2,3,2.1084464411862256
10608672,5,2,0.24389322102069855,5,8,1.4110247682396022
10605280,11,9,0.0606410875916481,4,7,2.8027826025903835
10608787,8,3,0.17117810249328613,4,7,1.7650507294523254
10608693,10,4,0.11106973886489868,2,1,2.197596996891686
10605131,15,2,0.16901671886444092,5,4,1.7777576407601763
10608729,14,2,0.28602591156959534,1,5,1.251672872372517
10605168,10,5,0.12017630785703659,5,6,2.118795382323644
10605090,14,5,0.08926434814929962,6,1,2.416153107665881
10608612,12,2,0.24651236832141876,9,11,1.4003431110120321
10605272,13,2,0.15790995955467224,8,9,1.8457302846326014
10608650,9,2,0.21804946660995483,2,4,1.523033330878629
10605340,11,2,0.25781115889549255,11,16,1.3555279043265742
10608673,13,2,0.17393933236598969,6,10,1.7490487051285069
10605287,14,8,0.045441269874572754,3,8,3.091334558776349
10608792,10,1,0.3502774238586426,1,1,1.04902979887542
10608694,9,4,0.10462220013141632,2,11,2.2573995115206262
10605132,14,3,0.09135498106479645,7,10,2.393002470389107
10608728,9,6,0.07690173387527466,4,7,2.5652268555820084
10605169,13,11,0.034884028136730194,8,7,3.35572620103791
10605437,9,1,0.19772514700889587,5,5,1.62087735907512
10608613,11,7,0.07642409950494766,3,5,2.5714571940035054
10605278,13,1,0.4017859399318695,2,2,0.9118358199167239
10608645,8,5,0.09665194898843765,6,7,2.336638908104964
10605675,13,4,0.1360747367143631,1,10,1.9945510095205292
10605341,14,1,0.19691753387451172,5,5,1.6249702476597314
10608674,9,5,0.10640529543161392,2,3,2.2404999342189176
10605281,13,4,0.10785342752933502,13,6,2.2269821261296157
10608783,8,1,0.2691355049610138,1,1,1.3125402902980927
10608695,9,3,0.18324865400791168,2,10,1.696911283356067
10608724,13,1,0.20651380717754364,1,1,1.5773880059710224
10605171,14,7,0.06912533938884735,1,4,2.671833909367281
10605438,7,2,0.25876739621162415,1,6,1.3518257049267646
10608614,13,5,0.09659381955862045,7,6,2.3372405195348804
10605274,13,2,0.17264235019683838,2,7,1.7565331642839346
10608646,9,1,0.2801145613193512,2,2,1.272556611921819
10605672,9,5,0.11792878061532974,4,8,2.1376743908359477
10605344,12,1,0.2067282497882843,12,12,1.5763501511526432
10605279,12,4,0.12133127450942993,2,6,2.1092306684863438
10608696,10,1,0.27461034059524536,5,5,1.2924021294190142
10605576,10,1,0.31993770599365234,1,1,1.1396289709086256
10608725,10,6,0.07358681410551071,8,2,2.6092894254728174
10605173,14,3,0.1284651905298233,3,11,2.0520973021629034
10605439,11,1,0.2575358748435974,6,6,1.3565962488014847
10608615,13,10,0.04032149910926819,3,8,3.210870475620804
10605277,15,2,0.16837914288043976,3,12,1.7815370394737462
10608647,12,10,0.016751479357481003,8,6,4.089268704761418
10605668,10,5,0.11185342073440552,8,9,2.1905660082824934
10605345,16,5,0.0666348934173584,9,16,2.708526913451112
10605282,11,7,0.061613935977220535,5,12,2.7868672006331416
10608698,8,5,0.13516820967197418,8,5,2.001235278584295
10605571,8,3,0.1722552627325058,4,2,1.758777816681335
10608731,11,4,0.11059781163930893,12,8,2.2018549763526827
10605170,13,8,0.06330233812332153,13,9,2.759833013336892
10605441,5,1,0.3348487317562103,4,4,1.0940763961315023
10608616,14,3,0.11352230608463287,5,8,2.175755931990023
10608648,12,2,0.11506997793912888,3,4,2.162214831863753
10605269,14,1,0.19449444115161896,1,1,1.6373516965293895
10605348,13,2,0.12305600941181183,11,10,2.0951156661834687
10605283,10,8,0.040075529366731644,8,10,3.216989371173099
10605669,16,8,0.058047808706760406,9,13,2.846488319926945
10608727,16,10,0.04914872348308563,1,19,3.0129044045861417
10605572,10,5,0.11132952570915222,1,6,2.1952607754755826
10605174,13,4,0.09378752112388611,5,3,2.366723468878956
10608623,10,4,0.1261061131954193,2,8,2.070631558237723
10605440,6,3,0.1792554259300232,3,4,1.7189435297790996
10605670,10,6,0.08345717936754227,4,10,2.4834216006090752
10605573,8,4,0.15246301889419556,3,7,1.880833211396776
10608624,8,1,0.2327594757080078,1,1,1.4577496516966009
10605435,9,2,0.17512314021587372,3,8,1.742265894133683
10605671,14,6,0.058631256222724915,14,6,2.836487341956772
10608618,6,1,0.2494359016418457,4,4,1.388553304043995
10605575,10,5,0.09765008091926575,6,8,2.3263647929934765
10605673,16,1,0.26397550106048584,12,12,1.331898979155227
10605574,10,10,0.02836386300623417,2,5,3.56263937339854
10608619,10,1,0.2571295201778412,1,1,1.3581753514733426
10605674,13,1,0.25674864649772644,6,6,1.3596577018612637
10608620,9,1,0.2665432393550873,6,6,1.322218799549987
10608622,11,2,0.20391583442687988,3,2,1.5900479466097792
10608625,7,4,0.14828388392925262,1,4,1.9086267078321437
10605104,7,1,0.2553141713142395,7,7,1.3652604477979968
10605116,7,5,0.14302842319011688,6,5,1.9447119049058395
10605107,7,2,0.2217385619878769,4,3,1.5062562397862402
10605117,5,1,0.2824423611164093,6,6,1.2642807806592273
10605100,10,1,0.18736311793327332,3,3,1.674706737868158
10605203,9,3,0.1794317066669464,6,7,1.7179606076996845
10605118,6,5,0.10796786099672318,7,4,2.225921679508307
10612812,5,5,0.07992558926343918,4,7,2.52665921135851
10608679,6,5,0.12524008750915527,7,4,2.0775226837924987
10605101,14,4,0.10861168056726456,11,2,2.219976321398022
10612808,7,2,0.22010955214500427,2,7,1.513629892277377
10605122,7,2,0.17664700746536255,3,4,1.7336018457939384
10608859,6,1,0.3049653172492981,9,9,1.187557222777373
10605102,12,1,0.19020399451255798,9,9,1.6596581274480664
10605119,10,3,0.14733080565929413,5,1,1.9150748418783543
10612809,6,6,0.13563458621501923,4,1,1.9977908754155247
10608686,9,3,0.16770130395889282,2,9,1.7855708346382253
10608860,4,2,0.44579941034317017,4,1,0.8078861807248948
10608657,10,1,0.5139148831367493,6,6,0.6656976242498861
10605196,12,7,0.047215163707733154,2,1,3.053040172990829
10605105,10,1,0.30281680822372437,6,6,1.1946272496340513
10608599,12,1,0.4466265141963959,3,3,0.8060325723361191
10608702,11,1,0.5925279855728149,2,2,0.5233571740540086
10605515,7,1,0.24571077525615692,2,2,1.4036001450802067
10605120,8,6,0.06217795982956886,1,5,2.7777546856075856
10608863,7,1,0.46859753131866455,1,1,0.7580110211283271
10608658,12,3,0.16250699758529663,1,2,1.817034216076125
10605197,6,2,0.2601039707660675,1,5,1.3466738403385332
10605106,9,8,0.034742169082164764,1,5,3.359801082520029
10608703,12,2,0.2610093951225281,10,7,1.3431988756692685
10605121,12,5,0.11402571201324463,3,8,2.17133131204303
10605516,5,2,0.3188270330429077,1,2,1.14310653941607
10612811,8,1,0.42035964131355286,2,2,0.8666446452690695
10608683,11,2,0.21985898911952972,3,1,1.5147688966791144
10608862,10,1,0.21816082298755646,2,2,1.5225227680483786
10605103,9,3,0.12922225892543793,4,1,2.0462214197679685
10605204,12,6,0.07685215771198273,1,7,2.5658717324628237
10608601,7,1,0.36359256505966187,7,7,1.011721365018622
10605517,6,1,0.33869656920433044,5,5,1.0826506485149079
10608705,12,1,0.3438273072242737,1,1,1.0676157615428215
10605115,11,3,0.12208664417266846,5,4,2.1030242881836103
10612813,7,1,0.40765267610549927,9,9,0.8973397511811644
10608678,9,3,0.1397913694381714,2,1,1.9676041861512663
10608864,7,3,0.16861937940120697,1,9,1.7801112969521733
10605200,13,6,0.07330144196748734,2,6,2.6131749981481365
10608602,11,3,0.14300654828548431,1,10,1.944864857564477
10605518,6,5,0.11337772756814957,2,5,2.1770303129032618
10608704,11,3,0.13311085104942322,11,2,2.016573031363728
10608740,8,1,0.2553630471229553,1,1,1.3650690321362033
10612810,7,2,0.22435449063777924,2,4,1.4945279305457162
10608682,10,2,0.1902119666337967,1,4,1.6596162147942657
10608865,10,4,0.15056495368480682,3,4,1.8933607019540726
10608661,10,8,0.03265507146716118,7,5,3.4217551070780456
10605198,13,6,0.06362433731555939,5,9,2.7547592196382356
10608604,9,8,0.06802299618721008,3,8,2.6879094517520574
10605519,6,2,0.26267123222351074,1,6,1.336852096381836
10608699,12,10,0.022847061976790428,4,9,3.778932748605134
10608741,9,1,0.32791733741760254,8,8,1.1149937224286723
10612816,5,3,0.15749357640743256,7,12,1.8483706062628824
10608681,10,5,0.1114639937877655,9,13,2.19405366590395
10608866,9,3,0.15101532638072968,8,2,1.8903739481077788
10608655,9,4,0.10838358849287033,5,6,2.2220785991056227
10605201,12,6,0.07468292862176895,3,2,2.5945037454673376
10605520,6,6,0.08498775959014893,2,4,2.465248037683288
10608605,14,6,0.08138306438922882,3,7,2.508588081806295
10608700,12,1,0.1940757930278778,7,7,1.6395065105058892
10608742,9,1,0.29006242752075195,1,1,1.237659111855363
10612815,9,9,0.030005497857928276,11,15,3.5063746521794554
10608685,9,2,0.18827135860919952,2,8,1.6698709599906831
10608858,10,1,0.3802855610847473,7,7,0.9668328319400136
10608662,11,1,0.2878262400627136,2,2,1.2453983140404328
10608603,9,7,0.05125953629612923,3,11,2.970853604202438
10608701,12,9,0.0296479519456625,3,14,3.5183622302694233
10608736,9,2,0.22878649830818176,1,5,1.4749660321085194
10608656,12,4,0.12115971744060516,11,12,2.110645624943638
10608737,10,3,0.16002623736858368,5,3,1.8324174936384954
10608738,10,4,0.1133011057972908,1,9,2.1777063510903245
10608739,14,3,0.13282467424869537,4,1,2.0187252591330207
10608849,9,6,0.07945942878723145,1,10,2.5325087173047414
10608636,6,3,0.21250075101852417,4,3,1.5488097564190912
10609019,9,6,0.09951195865869522,5,4,2.307477454514957
10608637,6,1,0.4589265286922455,2,2,0.7788651499424903
10609020,9,1,0.37634533643722534,2,2,0.9772481091361631
10608638,8,4,0.16652855277061462,8,11,1.7925884961522445
10612454,10,1,0.23467735946178436,5,5,1.4495436466420122
10609021,10,2,0.21088318526744843,1,4,1.5564509231374914
10612456,10,2,0.31860294938087463,11,1,1.1438096242330469
10608639,10,1,0.6020886301994324,3,3,0.5073506182651317
10609022,7,5,0.1214548796415329,3,7,2.108212446148135
10608852,4,1,0.34805262088775635,3,3,1.0554016011910832
10612455,11,8,0.0507274754345417,2,9,2.9812875933857494
10608641,11,3,0.12849946320056915,8,5,2.0518305520830653
10609024,9,6,0.10745801776647568,5,10,2.2306550400969365
10608854,9,2,0.20754125714302063,12,11,1.5724251294704514
10612457,12,1,0.2537325918674469,9,9,1.3714743544575079
10608640,12,1,0.2791944146156311,6,6,1.2758469132523629
10609023,8,1,0.3997747302055359,7,7,0.9168540650026312
10612458,11,1,0.2180994153022766,5,5,1.522804286648039
10608847,12,4,0.0925958901643753,11,15,2.379510520989076
10608635,9,1,0.2520710229873657,3,3,1.3780443939279199
10609018,9,3,0.17981557548046112,9,6,1.7158235339975991
10612459,11,4,0.11543817818164825,4,5,2.1590201461583045
10608848,12,11,0.03427794948220253,2,16,3.3732530037801998
10612447,8,1,0.28680315613746643,2,2,1.248959165653811
10612529,10,2,0.23467102646827698,1,8,1.4495706329647424
10612613,10,1,0.2840069830417633,3,3,1.2587564529479924
10612442,8,4,0.15798422694206238,3,7,1.8452600804190824
10612431,6,1,0.5512051582336426,1,1,0.5956482011377193
10612526,14,3,0.12349941581487656,4,13,2.0915188531692075
10612607,12,2,0.24188506603240967,1,10,1.4192925993925793
10612445,6,4,0.11425946652889252,1,8,2.169283394619418
10612432,9,2,0.2834089696407318,3,1,1.2608643021179713
10612531,9,2,0.22947931289672852,8,14,1.4719423934279166
10612608,7,1,0.33858901262283325,10,10,1.0829682592400947
10612444,7,1,0.5710640549659729,9,9,0.5602538952921722
10612530,14,2,0.13825425505638123,5,14,1.978660861068651
10612434,5,1,0.3937099874019623,2,2,0.9321407133024885
10612609,10,1,0.33628299832344055,7,7,1.0898022166032475
10612533,10,1,0.269195556640625,8,8,1.3123171871404127
10612446,10,10,0.023035021498799324,3,2,3.7707395472845415
10612433,9,1,0.2718528211116791,6,6,1.3024944579870763
10612611,14,2,0.14864715933799744,3,4,1.906179839454916
10612527,12,2,0.15926063060760498,1,11,1.8372132325499468
10612440,12,4,0.13378487527370453,2,5,2.011522177485378
10612435,6,2,0.19649887084960938,9,5,1.6270985940017517
10612528,11,4,0.1502520740032196,2,9,1.895440901980096
10612610,14,1,0.1851404458284378,11,11,1.6866405752848401
10612443,12,2,0.1336747109889984,14,6,2.0123459601919578
10612429,5,2,0.42230525612831116,4,2,0.8620268706875117
10612532,11,1,0.18560150265693665,8,8,1.6841533624508678
10612612,14,9,0.05492411181330681,4,11,2.9018028317424083
10612441,10,6,0.10294400900602341,7,10,2.27357004044084
10612534,12,4,0.12358210235834122,2,7,2.0908495473695443
10612430,7,7,0.033029705286026,6,9,3.4103479622342623
10621792,11,4,0.07146359980106354,12,7,2.638567052605786
10621793,14,5,0.08391052484512329,1,9,2.4780042282618573
10622299,8,3,0.19329263269901276,4,2,1.643550006794685
10621817,6,3,0.21653246879577637,3,1,1.5300147714410923
10621806,7,1,0.2499474436044693,1,1,1.3865046088025086
10622300,6,2,0.22075946629047394,1,4,1.5106815580144386
10621818,10,1,0.3549286127090454,1,1,1.0358386006886549
10621800,7,2,0.22961677610874176,10,7,1.4713435505302608
10622293,7,3,0.1347462683916092,3,9,2.004361762403132
10621819,7,1,0.24506787955760956,1,1,1.4062200473924686
10621801,12,1,0.34696507453918457,15,15,1.0585311538437872
10622294,6,4,0.12093393504619598,1,4,2.112510873846704
10621967,11,2,0.2959180772304535,3,8,1.2176726290782185
10621802,9,3,0.16440148651599884,1,11,1.8054437543328172
10622297,11,8,0.021845346316695213,1,5,3.8237673633422946
10621823,9,1,0.27627629041671753,7,7,1.2863538617491554
10621963,12,1,0.439643532037735,5,5,0.8217910348820038
10621803,12,1,0.26309606432914734,6,6,1.3352360498879596
10622295,5,5,0.12260516732931137,2,3,2.0987861084945574
10621821,8,2,0.22278159856796265,6,4,1.501563366045624
10621964,9,8,0.06311468034982681,5,4,2.7628018843575646
10621805,12,7,0.06936299800872803,13,4,2.668401723558047
10622298,9,4,0.08568088710308075,8,2,2.45712549921883
10621816,9,1,0.22084857523441315,13,13,1.5102779922422171
10621804,13,6,0.07567078620195389,6,11,2.5813631084531927
10622296,8,4,0.09388113021850586,1,4,2.365725869101758
10621822,10,6,0.09582579135894775,7,1,2.3452234093729136
10621965,12,9,0.027153760194778442,5,7,3.6062397451467763
10621962,12,1,0.28184646368026733,9,9,1.2663928113479985
10621966,11,3,0.1435631662607193,4,5,1.9409801576330497
10621968,12,3,0.1418561488389969,2,7,1.9529417711940908
10625621,7,2,0.25201258063316345,5,1,1.3782762695693587
10625622,6,1,0.25346457958221436,6,6,1.3725311912273654
10625620,5,4,0.15557421743869781,4,2,1.8606323786619696
10625616,13,3,0.16532300412654877,3,1,1.7998541179180017
10625617,10,6,0.09471981227397919,5,6,2.356832089753186
10625619,9,6,0.07648241519927979,2,1,2.570694431249122
10625623,11,11,0.01671105995774269,5,9,4.091684505846636
10625657,4,4,0.026413433253765106,1,5,3.633882562872795
10625650,8,1,0.4616056978702545,4,4,0.7730442201247111
10625687,11,1,0.4587732255458832,4,4,0.7791992530019722
10625618,9,1,0.24825212359428406,1,1,1.3933104218365078
10625659,6,5,0.08903300762176514,1,5,2.418748105851411
10625688,14,2,0.19945992529392242,7,8,1.6121419385501357
10625652,11,1,0.4361504912376404,4,4,0.829767931799198
10625660,8,3,0.09770289063453674,1,4,2.3258241335283314
10622411,7,1,0.26422980427742004,1,1,1.3309360837279651
10625685,14,4,0.12502621114253998,1,10,2.079231874521211
10625658,8,1,0.2649345099925995,4,4,1.3282726156414832
10625689,12,12,0.02469925954937935,13,7,3.7009820135554685
10622414,10,1,0.38852882385253906,5,5,0.9453879192559468
10625661,9,2,0.20805592834949493,1,6,1.5699483491286115
10625655,9,1,0.24057981371879578,1,1,1.4247033787169685
10625686,11,3,0.20189785957336426,7,10,1.5999933551392322
10625656,11,6,0.06027432903647423,2,7,2.8088489866819746
10625691,13,10,0.02787896804511547,9,14,3.5798827079385753
10625651,10,7,0.04944789037108421,2,9,3.006835883682221
10622407,8,2,0.2169722616672516,4,2,1.527985760030366
10622409,11,4,0.11319168657064438,5,2,2.178672556098571
10622412,11,2,0.20566536486148834,2,1,1.5815048734497132
10622408,12,4,0.12043178081512451,9,10,2.116671820680287
10629827,10,1,0.3554561138153076,7,7,1.0343534865427013
10629813,13,1,0.4557008743286133,13,13,0.7859186620645615
10629871,11,1,0.34016022086143494,1,1,1.078338534541856
10629858,10,8,0.04161699488759041,1,11,3.1792466641892756
10626809,10,3,0.18956740200519562,1,4,1.6630106342952768
10629873,12,1,0.32800227403640747,1,1,1.1147347375841992
10629859,9,1,0.333763986825943,1,1,1.0973211620530843
10629829,9,2,0.2262290120124817,11,9,1.4862074652907182
10626812,7,2,0.18124490976333618,1,5,1.7079060697060697
10629818,14,1,0.30657026171684265,6,6,1.182308310996688
10629872,11,1,0.3557316064834595,2,2,1.033578746838771
10629860,9,1,0.3529421389102936,3,3,1.0414511479193806
10629825,7,2,0.22816972434520721,8,2,1.4776655219368522
10626807,9,3,0.12461212277412415,8,10,2.0825493838291966
10629814,9,2,0.17502616345882416,7,6,1.7428198107544581
10629867,8,2,0.3546549677848816,2,11,1.0366098838616358
10629861,10,2,0.17603901028633118,4,10,1.7370496591504199
10629828,9,1,0.44110605120658875,1,1,0.8184699535192083
10629819,12,5,0.09878097474575043,8,9,2.314850256073129
10629868,7,1,0.281316876411438,4,4,1.2682735709331316
10629862,10,3,0.1976224184036255,9,2,1.6213970466440835
10629823,9,1,0.22414666414260864,1,1,1.495454690746132
10626814,9,2,0.24552200734615326,4,1,1.4043686928073973
10629815,12,3,0.14391013979911804,9,2,1.9385662033661715
10629869,10,1,0.2834938168525696,1,1,1.260564966096019
10629856,12,5,0.09842126071453094,6,15,2.3184984340903685
10629822,8,3,0.15938687324523926,1,2,1.8364208670506856
10626808,8,1,0.2676595449447632,1,1,1.3180394607395294
10629816,14,4,0.0882578194141388,9,10,2.427492981834582
10629874,9,1,0.2728859782218933,1,1,1.2987012332331906
10629857,11,3,0.17164649069309235,1,7,1.762318203836847
10629824,9,4,0.10873322933912277,3,1,2.2188578338789706
10626810,13,1,0.2088029980659485,9,9,1.5663640645233432
10629817,12,5,0.08516643941402435,2,9,2.463147826338529
10629870,12,5,0.09470797330141068,4,15,2.3569570869656906
10625849,11,2,0.12146012485027313,6,2,2.108169260600564
10629826,11,10,0.04246319457888603,11,7,3.159117588163546
10626813,11,4,0.11617891490459442,1,2,2.1526239062393455
10625850,9,2,0.1859506070613861,3,1,1.6822741939679002
10625851,11,3,0.2030758410692215,6,2,1.5941757683857336
10625853,12,4,0.05433560535311699,6,4,2.9125755514027256
10625848,12,11,0.010709457099437714,6,11,4.536628086802857
10629765,11,2,0.1945868730545044,1,4,1.6368765675460668
10629766,6,1,0.33288636803627014,5,5,1.0999540843646483
10629796,13,9,0.05901641398668289,3,2,2.829939670603625
10633854,6,2,0.21494609117507935,9,5,1.537368021015244
10633709,8,1,0.29939937591552734,8,8,1.205976891449258
10629761,12,4,0.09985116869211197,3,5,2.3040745147109734
10629793,16,1,0.1832609325647354,6,6,1.696844280705778
10629916,9,3,0.14224480092525482,10,2,1.950205755499476
10629900,12,9,0.051703982055187225,10,11,2.962220478089775
10633851,10,1,0.3406950831413269,1,1,1.0767673860561982
10633712,7,4,0.1309652179479599,5,1,2.0328235028831307
10629760,13,9,0.06187078729271889,6,10,2.782707144569193
10633675,6,2,0.25668957829475403,5,2,1.3598877907030398
10629899,12,10,0.03888056427240372,5,9,3.247260786316106
10633850,7,3,0.14175552129745483,2,5,1.9536513861807818
10633714,12,2,0.1949777454137802,3,6,1.6348698530144457
10629833,10,3,0.1180826872587204,7,2,2.136370160439065
10629764,9,3,0.1564086228609085,3,7,1.8552833190089475
10633762,12,1,0.43578895926475525,1,1,0.830597191201086
10629799,9,2,0.19729246199131012,5,6,1.6230680725054754
10633676,8,3,0.1853993982076645,1,3,1.6852428717690024
10629904,9,2,0.2088877111673355,5,2,1.5659584385389682
10633849,9,2,0.2010800689458847,2,8,1.6040520972799384
10633713,7,5,0.11902433633804321,2,6,2.1284272997369422
10629762,14,3,0.10928666591644287,4,1,2.2137808865166697
10629832,8,2,0.1730208694934845,1,4,1.7543430588496076
10629797,12,1,0.2974364459514618,1,1,1.2125547038718718
10633677,11,6,0.023907000198960304,13,8,3.733583967576155
10633852,9,1,0.23474161326885223,5,5,1.449269887756233
10633710,10,9,0.059517376124858856,8,13,2.821486973352768
10629836,10,2,0.19336837530136108,1,9,1.6431582289750968
10629763,11,4,0.10431309789419174,12,9,2.2603583458167327
10633757,12,1,0.2564597427845001,6,6,1.3607835748975483
10629801,11,1,0.17826958000659943,9,9,1.7244583799610118
10629893,8,1,0.2199154496192932,1,1,1.5145121264119037
10629921,9,5,0.07615508139133453,1,9,2.574983473156334
10633678,9,6,0.08227495849132538,3,8,2.497688488664251
10629898,9,2,0.1622755378484726,4,6,1.818459537642138
10633933,6,2,0.3138905167579651,4,3,1.158711026619693
10633848,8,1,0.21583405137062073,2,2,1.533245447268401
10630306,13,2,0.12876951694488525,3,1,2.0497311630051405
10633717,10,10,0.02743985317647457,11,14,3.5957588268503358
10629838,14,6,0.04528232663869858,5,8,3.094838463043805
10633758,12,2,0.14519359171390533,3,5,1.9296873117671378
10629798,13,5,0.09017065167427063,9,10,2.406051274322537
10630274,10,2,0.32864460349082947,1,6,1.1127783446391333
10629894,8,5,0.12980642914772034,2,7,2.04171094475449
10629917,6,1,0.31258445978164673,1,1,1.16288057502112
10633679,9,6,0.03813416138291359,6,8,3.266644774353413
10629897,14,1,0.14874416589736938,9,9,1.9055274561835769
10633855,9,1,0.45027080178260803,2,2,0.7979060954766629
10633711,10,1,0.24700631201267242,3,3,1.3983413879735
10629830,11,5,0.10772955417633057,5,3,2.228131320427395
10633934,6,1,0.36185523867607117,2,2,1.0165110402949828
10633759,12,4,0.12429556995630264,7,11,2.085092921033794
10629794,9,8,0.030235331505537033,2,8,3.4987441210194983
10630278,8,1,0.2512255012989044,3,3,1.3814043316310363
10629913,10,1,0.36942511796951294,2,2,0.9958072168597085
10633680,12,3,0.11125920712947845,7,5,2.1958926006458532
10629902,15,11,0.030977940186858177,14,12,3.474479934684886
10633935,6,3,0.16952769458293915,5,2,1.7747389756384555
10633846,9,4,0.10655796527862549,4,5,2.239066166979856
10633715,11,4,0.09432414174079895,2,6,2.361018112131028
10629831,12,2,0.1326645463705063,2,5,2.0199315446253867
10633760,12,3,0.1115899309515953,2,10,2.1929244575534677
10629800,13,6,0.08555158227682114,16,8,2.458635783469312
10629889,11,3,0.17792709171772003,4,1,1.7263814096893142
10630271,10,1,0.26639750599861145,2,2,1.3227657022267996
10629918,17,7,0.07045646756887436,3,1,2.6527602411765643
10629903,14,2,0.21826598048210144,7,2,1.5220408659482143
10633936,4,4,0.14680911600589752,4,3,1.9186220665969143
10633853,10,5,0.0822666808962822,8,2,2.497789102649634
10633700,7,3,0.12992338836193085,8,1,2.0408103225368515
10629835,14,1,0.26381123065948486,4,4,1.3325214669762833
10633761,11,6,0.0652226060628891,5,12,2.72994915138662
10633716,10,1,0.25985947251319885,3,3,1.3476142844180128
10629795,15,5,0.08442242443561554,12,14,2.4719222203050784
10629891,5,1,0.3379317820072174,1,1,1.0849112322502203
10629915,13,5,0.08556893467903137,3,2,2.4584329743313034
10629901,12,1,0.23599493503570557,4,4,1.4439449358999448
10633932,4,2,0.3282524645328522,3,2,1.1139722577303808
10630272,10,3,0.09705348312854767,1,6,2.332493079969443
10633705,10,1,0.3263910114765167,3,3,1.119659194639888
10629837,14,3,0.11022893339395523,8,10,2.2051958632402897
10629890,10,1,0.3924238979816437,2,2,0.9354126510514931
10630273,10,7,0.07082390040159225,6,9,2.6475587589548444
10633701,8,2,0.19804765284061432,4,6,1.6192476063320063
10629892,12,1,0.30185338854789734,1,1,1.1978138478696416
10630275,12,6,0.048881106078624725,4,2,3.0183643359250474
10633702,6,3,0.18022537231445312,5,1,1.7135471428622893
10630276,11,6,0.05141491815447807,5,6,2.9678269121630287
10633706,9,5,0.07529542595148087,7,8,2.5863358903575446
10630277,12,1,0.23252156376838684,7,7,1.4587723108645883
10633703,10,2,0.21902316808700562,2,4,1.518577764409417
10633704,7,5,0.07023592293262482,4,7,2.655895376148813
10633707,7,1,0.33922186493873596,3,3,1.0811009168271961
10629778,10,2,0.23014581203460693,2,1,1.4690422055622367
10629849,6,1,0.4055832624435425,6,6,0.9024290937214714
10629780,9,2,0.1771535873413086,3,1,1.7307381975719447
10629842,10,1,0.38092073798179626,2,2,0.9651639622912771
10633749,10,1,0.298952579498291,3,3,1.2074703151649662
10633727,10,4,0.14101018011569977,10,5,1.958923191808094
10633802,8,1,0.2821061611175537,2,2,1.2654718210228404
10629843,8,4,0.07607005536556244,3,7,2.5761005821493135
10633691,7,2,0.23532748222351074,2,7,1.4467771935389966
10629775,14,2,0.1429988294839859,2,7,1.9449188341824026
10633765,6,2,0.3182801604270935,1,3,1.144823276429027
10633803,13,1,0.2805127203464508,8,8,1.2711362062189115
10633825,8,1,0.24300195276737213,1,1,1.414685799594157
10629844,8,3,0.20239287614822388,5,2,1.597544539084379
10629776,12,1,0.14977681636810303,5,5,1.8986089837740294
10633689,7,1,0.2700948417186737,3,3,1.308982116038371
10633742,13,2,0.23217150568962097,8,12,1.4602789317633709
10633733,8,4,0.08078557997941971,3,10,2.515956794983209
10633804,12,5,0.10579736530780792,3,6,2.246229662440716
10629846,8,1,0.45818936824798584,1,1,0.7804727125318426
10629781,11,1,0.28248918056488037,6,6,1.2641150280144418
10633685,6,1,0.29552504420280457,2,2,1.2190016937718828
10633766,7,4,0.1313897669315338,7,5,2.0295870531975964
10633726,9,3,0.13024434447288513,1,6,2.0383430198450254
10633806,8,1,0.2401294708251953,3,3,1.42657703932569
10633821,5,1,0.3019258975982666,3,3,1.197573663907119
10629777,9,1,0.14582335948944092,1,1,1.925359256263827
10629845,8,1,0.31582334637641907,7,7,1.152572252165379
10633943,11,1,0.2924717366695404,9,9,1.229387243749695
10633686,8,1,0.3949941396713257,1,1,0.9288843504661987
10633747,14,4,0.08553040772676468,1,2,2.4588833203393725
10633768,11,5,0.09197363257408142,2,1,2.386253345467066
10633732,11,6,0.059554897248744965,4,13,2.82085674896778
10633805,9,6,0.08480871468782425,7,2,2.467356973919405
10633824,6,2,0.23997193574905396,7,3,1.4272332968564452
10629847,9,7,0.0681629478931427,5,8,2.685854147790347
10633940,13,1,0.6374424695968628,9,9,0.4502912497913968
10633688,7,3,0.24084322154521942,8,9,1.423609090187279
10633744,13,3,0.09853590279817581,10,11,2.317334301803457
10633769,9,3,0.16692833602428436,3,5,1.7901906842692106
10633729,11,4,0.10374627262353897,5,3,2.2658070470368084
10633808,12,8,0.03442073240876198,6,12,3.3690962098440145
10633953,12,1,0.5596983432769775,4,4,0.5803573131088975
10633822,9,2,0.2753247022628784,1,4,1.289804142334135
10629848,8,1,0.30100563168525696,2,2,1.2006263044904923
10633944,11,4,0.11353877186775208,10,4,2.1756108980344324
10633687,7,4,0.16152872145175934,1,3,1.8230723103248458
10633748,10,8,0.017603229731321335,4,9,4.039672886312026
10633771,10,1,0.1994636207818985,2,2,1.6121234112507945
10633734,9,6,0.0812428817152977,6,11,2.510312071268115
10633952,12,2,0.1978025734424591,5,1,1.6204858495522787
10633807,14,1,0.27466070652008057,2,2,1.2922187375390275
10633823,12,6,0.0781935304403305,3,6,2.54856836579533
10633947,9,5,0.0965055376291275,3,9,2.338154887525841
10633690,9,8,0.029648516327142715,1,13,3.5183431943471613
10633745,11,5,0.09915690869092941,8,16,2.3110517472614696
10633770,13,1,0.27158161997795105,12,12,1.303492558717308
10633731,9,3,0.1631878912448883,11,3,1.8128530350081558
10633809,10,4,0.1158786490559578,8,4,2.155211764278407
10633945,10,5,0.09813655912876129,1,3,2.3213953097791125
10633730,10,3,0.13244473934173584,12,6,2.021589782122031
10633946,11,11,0.012153702788054943,6,13,4.410121399405809
10633957,12,8,0.021220576018095016,2,9,3.8527840011084047
10633939,10,7,0.06423339247703552,5,2,2.745232071466953
10633956,12,2,0.20404280722141266,8,12,1.5894254678304611
10633941,12,10,0.04300311580300331,7,10,3.1464827053787516
10633955,11,3,0.1801777482032776,7,1,1.7138114253212442
10637166,9,1,0.37554478645324707,4,4,0.9793775433769213
10633621,7,1,0.4341175854206085,1,1,0.8344398474288931
10633694,6,1,0.573269248008728,6,6,0.5563997808191948
10633870,7,1,0.42164406180381775,1,1,0.8635937762959989
10633615,11,1,0.5620076060295105,3,3,0.5762398953196889
10637161,12,5,0.08930458873510361,6,2,2.4157024068084163
10633696,6,1,0.2959046959877014,4,4,1.2177178495170387
10633867,7,1,0.21301604807376862,8,8,1.5463877730415223
10633617,9,1,0.30209028720855713,1,1,1.1970293420214333
10637162,12,1,0.27764496207237244,7,7,1.2814120963452482
10633871,8,4,0.14547859132289886,4,8,1.927726341870781
10637160,7,3,0.20603331923484802,6,8,1.579717379413198
10633619,11,4,0.11816350370645523,1,13,2.135685988977446
10633699,10,1,0.19277077913284302,10,10,1.646253468806447
10637158,12,4,0.09992989152669907,2,3,2.3032864236018824
10633698,9,1,0.23017378151416779,6,6,1.4689206835588842
10633864,7,1,0.35915279388427734,8,8,1.0240073713344704
10637165,9,8,0.041022226214408875,4,2,3.1936412563720045
10633693,9,1,0.33902156352996826,5,5,1.0816915643917235
10637159,10,1,0.264382928609848,7,7,1.3303567396176765
10633866,9,1,0.2339099794626236,4,4,1.4528189407928578
10637163,10,6,0.09416577219963074,5,1,2.362698515873848
10633695,9,1,0.2991904020309448,7,7,1.20667511216993
10633869,12,1,0.3930189609527588,10,10,0.9338974215775786
10636993,7,5,0.13831675052642822,8,9,1.978208930317783
10636971,10,5,0.1098746582865715,6,10,2.2084150330014594
10636968,8,3,0.19716903567314148,2,3,1.6236938690555949
10637192,12,3,0.12613987922668457,11,8,2.0703638352016283
10636972,10,3,0.15012310445308685,6,5,1.896299625119077
10636985,11,2,0.18552345037460327,6,11,1.684573987810853
10637191,11,4,0.10100188106298447,7,6,2.2926161379283245
10637186,9,5,0.07227775454521179,4,12,2.6272388798002737
10636990,9,8,0.07566484063863754,4,12,2.5814416829890576
10636973,8,3,0.1678321212530136,3,5,1.7847910774461273
10637187,12,5,0.0552893728017807,3,14,2.8951745624879064
10636987,14,11,0.025894073769450188,5,12,3.6537411484484426
10636969,10,3,0.13363365828990936,4,6,2.0126531163017534
10637190,11,4,0.12220741808414459,2,5,2.1020355296341813
10636992,9,3,0.1358938068151474,5,10,1.995881530495927
10636966,11,3,0.16278888285160065,1,2,1.815301114897701
10637188,11,3,0.1539624035358429,2,4,1.8710468392579285
10636986,9,3,0.17675228416919708,9,8,1.7330060511251841
10636967,8,1,0.2554778456687927,9,9,1.3646195828090653
10637189,10,3,0.15949244797229767,1,7,1.8357587060142608
10636970,12,1,0.18974699079990387,7,7,1.6620637215941843
10647805,8,3,0.16700096428394318,3,7,1.789755692426704
10647806,9,2,0.24899831414222717,9,1,1.3903091530534935
10647807,14,1,0.25139132142066956,1,1,1.3807445044215767
10647808,11,1,0.2227824181318283,2,2,1.5015596872751895
10647802,10,4,0.09241791814565659,5,1,2.381434399809133
10647887,6,6,0.0759950578212738,1,3,2.5770869694777114
10647835,8,1,0.31458136439323425,4,4,1.1565125259890334
10647875,11,2,0.2127392590045929,3,8,1.5476879992680364
10647803,12,10,0.04417570307850838,3,12,3.1195803451473236
10647824,7,2,0.24925345182418823,9,3,1.389285021392801
10647833,9,4,0.14442698657512665,4,2,1.9349811823453493
10647804,7,5,0.10178333520889282,6,7,2.284908889554123
10647825,10,1,0.21957582235336304,10,10,1.5160576739810823
10647831,7,7,0.07133098691701889,7,8,2.6404244468560556
10647809,12,4,0.1005043163895607,10,6,2.297554603255437
10647819,7,1,0.2679488956928253,3,3,1.3169590043678323
10647884,11,1,0.2362625002861023,7,7,1.4428118027441115
10647834,11,1,0.4794585108757019,11,11,0.7350979142088874
10647820,10,5,0.12324561923742294,6,2,2.093576010403623
10647890,12,5,0.09383602440357208,1,5,2.3662064412252026
10647832,9,2,0.2543765604496002,1,4,1.3689395883584905
10647941,11,1,0.2754494249820709,11,11,1.2893512426238736
10647821,10,3,0.11245080828666687,2,7,2.1852394126376224
10647883,10,1,0.20114323496818542,19,19,1.6037380129282595
10647828,8,2,0.15735459327697754,7,6,1.8492534644330392
10647940,12,2,0.30079448223114014,1,4,1.2013280307211747
10647823,9,9,0.02921946719288826,7,16,3.5329201071554595
10647886,13,3,0.12262274324893951,3,4,2.0986427649443327
10647829,11,5,0.12128885090351105,7,1,2.1095803806652413
10647822,9,1,0.2500595450401306,1,1,1.3860562093197595
10647885,13,7,0.07768335193395615,4,12,2.5551143053899104
10647830,11,7,0.06891030073165894,1,12,2.6749496095003704
10647936,9,6,0.10359852015972137,4,2,2.267232233431348
10647937,9,8,0.04886023327708244,7,5,3.0187914387660184
10647938,12,2,0.17704492807388306,7,3,1.731351747692034
10647939,14,2,0.21132077276706696,8,2,1.554378049835492
10634228,7,1,0.29766061902046204,1,1,1.2118013038206905
10651037,7,5,0.10850323736667633,4,7,2.220975268965864
10634230,9,2,0.1987122744321823,4,3,1.6158973576423858
10634231,7,1,0.2570982575416565,1,1,1.3582969420897104
10651036,11,3,0.15056288242340088,2,1,1.8933744586458001
10634227,5,1,0.27849388122558594,3,3,1.278359190320835
10651032,8,5,0.10676732659339905,1,7,2.237103330035825
10634229,6,5,0.08375947177410126,5,3,2.479806018861646
10651029,9,1,0.18568043410778046,2,2,1.6837281790836365
10650709,8,4,0.12256143987178802,5,9,2.099142824757724
10634234,8,4,0.09161275625228882,5,7,2.390184756601715
10651030,8,1,0.3414507806301117,7,7,1.074551737356795
10650711,8,2,0.2765779197216034,6,2,1.285262690408565
10634232,11,4,0.1428096741437912,4,5,1.9462424852663365
10650752,9,2,0.16206885874271393,3,2,1.8197339800922305
10650690,7,2,0.3665027320384979,2,1,1.0037493032807647
10651034,13,10,0.04281400516629219,2,1,3.150890006408823
10650704,9,1,0.36704275012016296,9,9,1.0022769523704138
10650756,10,7,0.022290769964456558,12,7,3.803582589136697
10634233,11,6,0.06979908794164658,2,11,2.6621343360377687
10650686,7,1,0.35334664583206177,6,6,1.0403057043706962
10651033,9,1,0.30358365178108215,8,8,1.1920980827989105
10650754,9,2,0.3045583665370941,1,7,1.1888925302756594
10650705,12,3,0.2244994193315506,12,5,1.493882158299607
10634235,8,1,0.17733226716518402,2,2,1.7297300905530817
10650687,6,3,0.20865464210510254,1,4,1.5670748239049692
10650751,10,3,0.17169184982776642,4,9,1.76205397971979
10650706,9,3,0.1593542844057083,6,2,1.8366253517170819
10648678,8,1,0.49406296014785767,6,6,0.705092320223217
10650691,8,6,0.09990334510803223,6,5,2.3035521093233378
10650755,10,8,0.03136895224452019,5,7,3.4619366572570027
10650707,12,1,0.4921635091304779,2,2,0.70894428207003
10648672,10,1,0.42781251668930054,7,7,0.8490702244885869
10650749,6,4,0.19337743520736694,6,7,1.6431113769820753
10650692,8,6,0.08002279698848724,3,7,2.5254437225462256
10648673,7,5,0.09733198583126068,1,4,2.3296276096771735
10650710,10,2,0.1925128698348999,3,7,1.6475922712038857
10650750,7,5,0.14107556641101837,9,2,1.9584596001711911
10650689,8,2,0.22893206775188446,10,6,1.474329966808116
10650753,12,5,0.10937268286943436,1,14,2.212994119722511
10650708,11,5,0.1079990416765213,6,15,2.2256329252628295
10648674,7,5,0.1260392963886261,2,6,2.0711615445536937
10648675,15,3,0.15932166576385498,13,9,1.8368300652635536
10648677,11,6,0.08661644160747528,6,11,2.446265624535035
10648676,11,1,0.251064270734787,1,1,1.3820463139234573
10650696,8,2,0.18767985701560974,5,6,1.6730176559292986
10650697,9,3,0.1379082202911377,1,3,1.9811668854364015
10655676,5,2,0.22077295184135437,5,1,1.5106204728015264
10655777,8,2,0.22767816483974457,12,2,1.479822204934215
10650701,11,2,0.15884079039096832,3,1,1.8398528967117718
10655710,6,5,0.06770452857017517,4,3,2.6926022095702598
10655673,9,1,0.27885672450065613,3,3,1.2770571613193327
10655773,12,1,0.40799635648727417,6,6,0.8964970347960992
10655639,9,1,0.4610041081905365,5,5,0.7743483245489775
10650699,7,1,0.30276042222976685,1,1,1.194813471939927
10655711,6,1,0.4016135334968567,2,2,0.912265012226058
10655576,7,2,0.25464919209480286,9,4,1.3678683982667943
10655771,10,3,0.13988062739372253,1,8,1.966965881568807
10655633,8,2,0.18814845383167267,9,5,1.6705239797193603
10650700,9,1,0.2745048403739929,4,4,1.2927863847672794
10655571,11,2,0.3266904652118683,6,10,1.1187421459498648
10655674,9,4,0.14136286079883575,7,2,1.9564252134927096
10655775,12,3,0.18233376741409302,14,2,1.7019163845322345
10655634,7,3,0.2285706251859665,7,3,1.4759100346271514
10655714,9,2,0.22133827209472656,6,7,1.5080631047417659
10655574,10,1,0.29247206449508667,6,6,1.229386122870918
10655675,13,6,0.1056506335735321,3,13,2.2476175380281416
10655778,12,1,0.20908622443675995,5,5,1.565008554981929
10655635,10,4,0.12118440121412277,8,5,2.1104419164836186
10655568,7,1,0.20684747397899628,7,7,1.575773597998466
10655669,13,1,0.19836285710334778,3,3,1.6176573138384591
10655772,10,3,0.14926046133041382,13,6,1.9020624364997125
10655637,10,4,0.11955813318490982,7,13,2.1239525557322128
10655569,13,7,0.05833849683403969,2,11,2.8414930804891787
10655677,11,1,0.22607149183750153,2,2,1.4869039941692306
10655774,11,2,0.21186187863349915,13,1,1.5518207325185451
10655636,11,1,0.379539430141449,2,2,0.9687967873027363
10655573,12,1,0.2531363368034363,5,5,1.3738270547526577
10655670,12,3,0.1251486986875534,2,8,2.07825265918036
10655779,12,1,0.22530867159366608,3,3,1.4902839431871275
10655638,12,6,0.06196330487728119,2,3,2.781212925971476
10655572,8,3,0.16050931811332703,1,3,1.8294032813164425
10655671,10,1,0.28797009587287903,9,9,1.2448986380120164
10655776,12,2,0.15823034942150116,1,2,1.8437033999398293
10655611,11,10,0.011728048324584961,3,21,4.445772013400819
10655610,12,1,0.20859436690807343,14,14,1.5673637410558616
10655612,8,4,0.0733327716588974,7,6,2.6127476805240706
10655606,11,1,0.22422464191913605,3,3,1.4951068639505305
10655607,10,5,0.0985444113612175,2,9,2.31724795565485
10655609,12,7,0.07055891305208206,4,5,2.651307271992927
10655590,9,4,0.13817068934440613,1,4,1.9792654788226816
10655588,12,1,0.29101797938346863,1,1,1.2343702288963319
10655593,13,4,0.13336749374866486,9,3,2.0146468502416917
10655539,10,3,0.14739906787872314,8,1,1.9146116230004702
10655586,13,1,0.285398006439209,5,5,1.2538705591102268
10655682,11,7,0.08422579616308212,6,13,2.4742540369223
10655535,7,1,0.21233563125133514,5,5,1.5495870899168545
10655587,11,1,0.18134689331054688,8,8,1.7073435443040315
10655725,7,1,0.3792613744735718,4,4,0.9695296691832819
10659061,7,3,0.09646758437156677,3,7,2.3385482403167024
10658863,10,2,0.3304687440395355,4,2,1.1072431959037787
10655624,13,1,0.2420695573091507,1,1,1.418530167227331
10655592,9,1,0.32904285192489624,4,4,1.1115672876865885
10655684,8,1,0.2640531659126282,1,1,1.3316048100785833
10655839,11,7,0.06454576551914215,19,16,2.7403807638545503
10655721,8,2,0.21263155341148376,1,2,1.548194407287896
10659067,9,3,0.18611657619476318,7,5,1.6813820478617436
10655541,7,3,0.13831213116645813,2,7,1.9782423278425987
10658864,7,1,0.2894730269908905,7,7,1.2396931573256982
10655589,10,4,0.1340227574110031,10,2,2.009745662025553
10655683,8,1,0.3440028131008148,1,1,1.0671054440235275
10655818,6,1,0.2820914685726166,3,3,1.2655239039957822
10655841,14,1,0.2951507866382599,6,6,1.220268912083812
10658792,8,1,0.642402172088623,9,9,0.44254073514636144
10655724,10,1,0.323006808757782,4,4,1.1300818762362002
10659068,9,4,0.15353786945343018,4,5,1.8738080358449343
10655542,12,6,0.07685159891843796,5,6,2.5658790035088543
10658857,9,2,0.2031112015247345,6,4,1.5940016591607002
10655626,8,1,0.3230871558189392,2,2,1.1298331599008786
10655591,14,4,0.08497167378664017,2,8,2.465437327600737
10655685,7,1,0.2398325353860855,4,4,1.4278143684190379
10655816,9,6,0.06175161898136139,1,9,2.784635085496103
10655840,13,1,0.2265186756849289,4,4,1.4849278841030449
10658791,8,2,0.2959616184234619,9,8,1.2175255005539365
10655723,15,3,0.11370766907930374,14,5,2.1741244303745018
10659062,11,2,0.20379269123077393,1,2,1.5906520212959878
10655537,8,2,0.2026766985654831,1,9,1.5961431874084007
10658859,10,6,0.08136666566133499,4,1,2.508789602606904
10655622,10,1,0.23225568234920502,3,3,1.4599164350677694
10655594,11,4,0.08781015127897263,3,5,2.432578166812803
10655678,11,4,0.14065557718276978,7,5,1.961441091915472
10655824,12,6,0.08895993232727051,10,9,2.419569209189793
10658787,11,3,0.11410532146692276,7,4,2.170633384578317
10655720,9,3,0.14046458899974823,1,3,1.9627998575636239
10659063,9,3,0.14439477026462555,9,3,1.9352042701832408
10655540,14,3,0.11247775703668594,4,10,2.1849997921153532
10658858,10,2,0.23243293166160583,2,4,1.4591535615406253
10655629,14,4,0.10931563377380371,6,13,2.213515858586301
10655681,17,10,0.037764862179756165,5,4,3.2763761806406717
10655815,6,3,0.13784512877464294,2,1,1.981624479281114
10655837,16,2,0.10664115101099014,14,2,2.238285809743543
10658788,12,1,0.16241911053657532,5,5,1.8175751824599753
10655722,10,8,0.05413920059800148,2,10,2.9161967603648837
10659065,12,1,0.20405976474285126,6,6,1.589342363617877
10655871,6,5,0.15526404976844788,3,6,1.862628064559851
10658860,10,3,0.14682379364967346,8,4,1.9185220938533591
10655628,11,6,0.06476975977420807,4,1,2.736916454699422
10655679,12,11,0.026613706722855568,6,4,3.6263289055780414
10655817,6,6,0.03837998956441879,5,6,3.2602190603041628
10656111,9,2,0.17974825203418732,6,3,1.7161980068555942
10655843,14,5,0.09634985029697418,4,5,2.339769437864804
10658789,11,1,0.34572333097457886,9,9,1.0621164452529346
10655726,13,7,0.06135060265660286,3,4,2.7911502846199543
10659064,11,4,0.13664844632148743,1,3,1.9903437364386134
10658861,11,2,0.15789388120174408,7,4,1.8458321095686347
10655872,5,2,0.1922837346792221,4,3,1.6487832130161182
10655623,11,1,0.3468896746635437,6,6,1.0587484900399413
10655680,12,1,0.21737916767597198,1,1,1.5261121337440575
10656112,9,4,0.12370508909225464,4,7,2.089854859829666
10655819,5,2,0.1998433619737625,4,2,1.6102214094189056
10655838,13,2,0.15004625916481018,4,5,1.8968116379976017
10658790,12,7,0.06580592691898346,3,5,2.7210453699507653
10655728,14,4,0.0948694571852684,13,2,2.3552534672626524
10659066,11,3,0.1870451122522354,1,2,1.6764054492311566
10658862,14,5,0.0827852338552475,4,7,2.4915055685760663
10655873,8,1,0.37646469473838806,1,1,0.9769310084142812
10655621,10,1,0.2177465856075287,7,7,1.5244233437052814
10655686,10,7,0.040235862135887146,5,15,3.2129965881030524
10655820,6,1,0.44385725259780884,5,5,0.8122522714012208
10656113,15,4,0.07577313482761383,1,12,2.580011470955351
10655727,12,1,0.31407690048217773,1,1,1.1581174170642645
10655845,17,10,0.043181873857975006,8,21,3.1423344584041186
10655874,8,5,0.06877925992012024,1,2,2.6768530341388406
10655625,16,1,0.16478635370731354,6,6,1.8031054701093718
10655821,7,4,0.14096346497535706,4,7,1.9592545358296607
10656114,16,4,0.11777675896883011,15,16,2.1389643195143075
10655844,16,5,0.07942517846822739,2,6,2.532939851825904
10655875,8,3,0.20019538700580597,6,4,1.6084614542955273
10655822,11,6,0.1008443534374237,7,6,2.2941770058625996
10656116,12,1,0.21740517020225525,2,2,1.5259925225987199
10655870,6,6,0.09375882893800735,2,7,2.3670294432270906
10656118,13,1,0.24713079631328583,1,1,1.3978375427809437
10656117,15,1,0.17386861145496368,13,13,1.7494553715848489
10655577,11,2,0.17706848680973053,1,12,1.7312186901184317
10655579,11,2,0.3037322759628296,4,2,1.1916086367695051
10655660,8,3,0.18232113122940063,2,5,1.7019856894270513
10658913,8,1,0.3668709993362427,8,8,1.002744993164534
10655578,10,3,0.12672364711761475,11,9,2.0657465704146634
10655664,10,1,0.26526832580566406,3,3,1.3270134150690467
10658911,7,7,0.021092215552926064,5,8,3.8588512377128974
10655663,11,1,0.32449254393577576,3,3,1.1254927201874065
10658908,8,4,0.14695842564105988,13,12,1.917605550972471
10659000,7,1,0.343479722738266,1,1,1.0686272003917983
10658839,7,2,0.22442147135734558,4,5,1.4942294265003304
10658981,10,1,0.2159174084663391,1,1,1.5328593126307297
10655581,10,5,0.06984438747167587,5,8,2.6614855476646033
10655659,8,6,0.07254645228385925,1,2,2.6235282011389938
10658848,11,3,0.1522781401872635,3,1,1.8820465606546914
10658909,6,2,0.2521046996116638,4,9,1.3779108031069476
10659006,11,1,0.6359698176383972,3,3,0.45260417331151287
10658843,11,5,0.09977743029594421,11,8,2.3048132705795727
10655582,10,5,0.053522609174251556,5,10,2.9276511129631135
10658979,4,2,0.27707281708717346,4,3,1.2834749297700296
10655665,12,2,0.20580805838108063,4,8,1.5808112999781243
10658854,12,2,0.1897653192281723,5,6,1.6619671322198826
10658910,12,6,0.05667702481150627,13,17,2.870386356512899
10659002,11,4,0.09524030983448029,3,1,2.3513520041717877
10658840,11,1,0.2713083326816559,6,6,1.3044993458867538
10655583,14,14,0.01299962680786848,3,14,4.342834629019697
10659024,7,4,0.1485394537448883,5,1,1.9069046742427782
10658980,5,5,0.10127580165863037,2,5,2.2899077742630936
10655666,12,1,0.15867137908935547,4,4,1.8409200137168706
10658849,11,7,0.07178556174039841,4,9,2.6340719131158528
10658912,14,7,0.06850293278694153,10,16,2.6808787202225624
10659001,13,8,0.02754114381968975,3,10,3.592074253512519
10658836,9,1,0.35358351469039917,1,1,1.0396355706561387
10659021,7,1,0.24660496413707733,4,4,1.3999675581338349
10658975,11,4,0.15723983943462372,8,3,1.8499829995774106
10655662,14,6,0.07633620500564575,8,5,2.5726079446423293
10658850,15,1,0.22265875339508057,1,1,1.5021149333899613
10658915,9,3,0.15686967968940735,13,5,1.8523398840016636
10659007,9,4,0.1209552139043808,4,3,2.1123349349231764
10658837,10,10,0.013773576356470585,3,11,4.285003279086616
10659022,7,2,0.3057940602302551,2,6,1.1848434093832896
10658976,9,5,0.11601322144269943,7,2,2.1540511164164604
10655667,8,3,0.13031116127967834,1,7,2.037830140195333
10658853,12,8,0.03890467807650566,1,13,3.2466407765521392
10658914,12,1,0.19349876046180725,8,8,1.6424841724149515
10659004,13,3,0.12547320127487183,6,8,2.075663078870675
10658842,11,4,0.12570522725582123,8,6,2.0738155790809545
10659023,8,3,0.1705043464899063,1,5,1.7689944899740755
10658977,11,8,0.04949198663234711,1,12,3.00594450872769
10655661,9,3,0.12431605160236359,5,7,2.0849281528224055
10658847,11,2,0.22823382914066315,6,4,1.4773846091552234
10658907,11,2,0.19503672420978546,3,10,1.634567408869172
10658999,11,3,0.12730981409549713,3,7,2.0611316821602412
10658841,12,1,0.18992067873477936,2,2,1.6611487743340978
10659018,11,5,0.06967402249574661,3,7,2.6639277351959034
10658978,8,2,0.14341551065444946,8,9,1.9420091931062533
10658838,12,3,0.14888648688793182,13,3,1.904571096345784
10659005,13,1,0.18011042475700378,4,4,1.714185145316015
10659019,10,3,0.13473817706108093,1,3,2.004421812848842
10659025,12,6,0.06876329332590103,4,3,2.677085203658951
10659020,13,7,0.034299347549676895,3,10,3.3726289468664703
10658810,7,5,0.1179189458489418,7,6,2.1377577901253204
10662594,12,1,0.2134697288274765,8,8,1.544260241717349
10659035,6,6,0.04248462989926338,2,5,3.1586129178917886
10662600,12,1,0.31306323409080505,10,10,1.16135008299724
10658806,8,3,0.1581723690032959,3,4,1.8440698975422702
10662598,12,5,0.08991632610559464,8,3,2.4088757510380487
10659029,7,1,0.37315815687179565,1,1,0.9857529361453425
10658809,12,2,0.2643451392650604,3,4,1.330499683967137
10659030,9,1,0.32808199524879456,2,2,1.114491716324548
10662602,8,1,0.5448943376541138,7,7,0.6071633789792592
10658811,11,2,0.24572792649269104,2,13,1.4035303449750052
10662592,11,1,0.3300178050994873,8,8,1.1086086711301903
10662603,12,10,0.031527381390333176,7,8,3.456898860243195
10658807,7,5,0.059505823999643326,3,4,2.8216810888737704
10662596,11,8,0.038639407604932785,1,11,3.2534826008906226
10659033,11,4,0.10919367522001266,7,2,2.214632136579369
10662608,9,1,0.3959035575389862,1,1,0.9265846389569368
10658808,10,1,0.26946696639060974,6,6,1.3113094698356136
10662593,12,10,0.035587817430496216,9,11,3.3357519066988655
10659032,11,1,0.27163949608802795,9,9,1.3032794738110547
10662607,14,6,0.08980424702167511,11,3,2.410123010564312
10658804,10,1,0.20510424673557281,7,7,1.584236908435213
10662590,12,8,0.03196712210774422,1,10,3.4430473384876583
10659034,12,2,0.1662091612815857,1,2,1.794508276048751
10662609,11,1,0.31684595346450806,3,3,1.1493395744334778
10658805,12,9,0.019387003034353256,3,13,3.943152384110236
10662597,12,2,0.20029376447200775,3,9,1.6079701677384883
10662595,11,4,0.0988185778260231,12,8,2.3144696572282717
10662305,5,1,0.39709770679473877,2,2,0.9235729157426465
10662351,8,1,0.3683429956436157,2,2,0.9987407215258562
10659674,11,2,0.20326517522335052,9,4,1.5932438704958356
10662306,8,1,0.39537790417671204,7,7,0.9279132520106499
10662636,9,4,0.07936283946037292,4,12,2.533725037155004
10662352,8,4,0.11905878782272339,1,7,2.1281378925389975
10659669,12,1,0.3271384835243225,8,8,1.1173717007181583
10662299,7,2,0.22536250948905945,3,6,1.4900450200080588
10662637,10,5,0.09243793040513992,1,12,2.3812178823473547
10659673,9,5,0.10953739285469055,3,9,2.2114893007616363
10662300,10,8,0.01137873437255621,5,9,4.476009071534166
10662631,11,3,0.1189187616109848,3,12,2.1293146945376025
10662354,9,2,0.2095332145690918,2,8,1.562873010090511
10659670,10,2,0.18740972876548767,4,7,1.6744579960883557
10662303,8,3,0.18854917585849762,2,1,1.6683964262313828
10662632,8,4,0.09584654122591019,6,3,2.3450068954215917
10662356,6,1,0.406199187040329,3,3,0.9009116312156769
10659750,12,3,0.12588676810264587,3,4,2.0723724419249168
10662301,10,5,0.09490086138248444,3,7,2.35492249666894
10662633,9,1,0.2660770118236542,4,4,1.3239694939686872
10662355,12,5,0.07202587276697159,3,7,2.6307298805289525
10659751,12,1,0.21947884559631348,6,6,1.5164994265267482
10662304,11,3,0.08683237433433533,1,3,2.4437757506521463
10662634,11,5,0.09459392726421356,2,4,2.358161998809197
10659671,10,2,0.1705939769744873,5,2,1.7684689495039048
10662302,11,3,0.11599487066268921,1,7,2.1542093072785287
10662635,8,2,0.1992737501859665,4,5,1.6130757704932803
10659672,11,5,0.12968939542770386,9,11,2.0426129533177724
10672071,11,2,0.22589083015918732,2,1,1.48770344881022
10672077,7,2,0.23244644701480865,4,2,1.4590954159061809
10672074,8,1,0.31752270460128784,5,5,1.1472059526509113
10672073,11,3,0.11995447427034378,6,5,2.1206429892637684
10672078,6,5,0.10032453387975693,6,3,2.299345008942547
10672079,13,1,0.23516234755516052,3,3,1.4474791626982826
10672161,10,4,0.10531865805387497,2,11,2.250764686042923
10672131,9,1,0.3501802384853363,9,9,1.0493072899477704
10672114,10,2,0.17364878952503204,11,3,1.750720470590712
10672076,11,1,0.30812159180641174,4,4,1.1772607953208825
10672104,7,6,0.02427828498184681,5,3,3.7181729503001564
10672164,8,7,0.06032650172710419,1,5,2.8079837738380116
10672137,7,6,0.07304172217845917,8,6,2.6167244644074144
10672126,14,5,0.06055184826254845,10,12,2.8042552848816267
10672075,14,1,0.18892550468444824,4,4,1.666402496730777
10672105,7,5,0.12527231872081757,8,2,2.0772653615119365
10672132,10,3,0.1728956401348114,11,2,1.755067102719491
10672127,13,7,0.021822365000844002,8,13,3.8248199176108613
10672072,12,8,0.06027288734912872,6,7,2.8088729057302744
10672106,6,1,0.26184457540512085,4,4,1.3400041748923823
10672157,12,2,0.1340467780828476,16,6,2.009566449778518
10672133,8,2,0.3174900710582733,8,1,1.1473087333957848
10672128,13,1,0.3397679328918457,5,5,1.0794924447335479
10672117,12,9,0.013966478407382965,4,13,4.27109521999799
10672301,13,1,0.24892853200435638,12,12,1.3905894437783968
10672107,7,3,0.20115357637405396,1,5,1.6036866011070408
10672158,11,8,0.07487942278385162,5,4,2.5918761553915015
10672185,8,3,0.1589948832988739,4,1,1.8388832577899363
10672134,11,1,0.24762558937072754,11,11,1.395837393872453
10672118,9,1,0.2670601010322571,3,3,1.3202815484134383
10672123,13,1,0.34636253118515015,3,3,1.06026927446888
10672296,8,1,0.2495339810848236,5,5,1.3881601763317366
10672109,9,8,0.051719214767217636,12,7,2.9619259075754503
10672188,7,2,0.25833454728126526,3,5,1.3534998391546558
10672162,9,1,0.21666987240314484,5,5,1.529380409163197
10672135,6,1,0.3613799810409546,6,6,1.0178252951613609
10672112,9,7,0.05205610767006874,2,1,2.955433148440803
10672124,12,10,0.026755496859550476,11,9,3.621015336673662
10672110,11,5,0.05272946506738663,4,7,2.9425808702401905
10672159,13,1,0.26070737838745117,1,1,1.3443566562281786
10672130,10,1,0.2046961784362793,2,2,1.586228455584037
10672113,7,2,0.19897232949733734,8,3,1.614589511677753
10672125,16,6,0.07563057541847229,8,9,2.5818946408068695
10672300,9,1,0.24527643620967865,4,4,1.4053693934420137
10672108,9,2,0.26990944147109985,5,15,1.309668778202469
10672163,10,1,0.1878819614648819,17,17,1.6719413778901773
10672136,9,6,0.11192913353443146,4,9,2.189889344248854
10672129,11,4,0.11478973925113678,2,12,2.1646531784367413
10672303,9,1,0.3118230998516083,3,3,1.1653192396260401
10672189,6,1,0.43820077180862427,1,1,0.8250780905064291
10672298,10,5,0.08300289511680603,7,8,2.4888797908684905
10672184,8,1,0.19441606104373932,2,2,1.6377547718307681
10672302,12,3,0.1342417448759079,3,4,2.0081130381660426
10672299,12,1,0.3190266489982605,7,7,1.1424806405069954
10675921,11,6,0.02795819379389286,2,4,3.5770449633493526
10675922,9,1,0.1906525045633316,5,5,1.6573028557948477
10675923,10,1,0.23946291208267212,3,3,1.4293567297272436
10675918,7,1,0.251600980758667,2,2,1.3799108560765374
10675919,10,10,0.05210723355412483,4,9,2.954451500049713
10675961,9,3,0.1942989081144333,3,7,1.638357542200568
10675948,8,3,0.1603776514530182,8,5,1.830223923350465
10676023,5,3,0.21397501230239868,5,8,1.5418960357199043
10675956,13,1,0.2939443588256836,13,13,1.224364785249528
10675920,12,3,0.13012364506721497,1,5,2.0392701646490345
10675942,9,1,0.33596622943878174,1,1,1.0907446316928358
10675999,9,1,0.33312177658081055,6,6,1.099247160414103
10676024,7,4,0.1524651050567627,5,3,1.8808195284177176
10675957,9,4,0.15143196284770966,8,3,1.8876188450180076
10675924,7,7,0.040174029767513275,6,5,3.2145345178054194
10676003,8,1,0.30419474840164185,5,5,1.1900871629429062
10676025,5,3,0.22676554322242737,2,1,1.4838386444974774
10675958,10,3,0.14771480858325958,4,1,1.9124718332434094
10675926,11,1,0.2802300453186035,3,3,1.2721444227099685
10675944,7,1,0.48723068833351135,4,4,0.7190175753798913
10676005,10,2,0.19641022384166718,1,6,1.6275498281963483
10673097,8,1,0.6173681020736694,8,8,0.4822898331764056
10676026,7,1,0.29640334844589233,5,5,1.2160340885730976
10675962,9,3,0.19392196834087372,8,2,1.6402994258800436
10676000,10,5,0.09946133196353912,9,6,2.307986333833284
10675945,12,2,0.21829836070537567,9,11,1.5218925248205557
10673098,10,1,0.3736356794834137,7,7,0.9844740753581931
10676027,6,1,0.3529525101184845,12,12,1.0414217633413676
10675963,8,2,0.19551913440227509,2,7,1.6320970301656466
10676001,12,3,0.11186198145151138,9,4,2.190489476072137
10673099,12,1,0.2792162597179413,11,11,1.2757686729775064
10675946,8,1,0.39107927680015564,4,4,0.938844985583986
10676021,6,4,0.17163266241550446,3,7,1.7623987696240213
10675998,11,1,0.21267008781433105,1,1,1.5480131975336064
10675959,14,5,0.09670720994472504,2,3,2.3360673193775736
10675947,8,5,0.06927640736103058,2,10,2.669650872870625
10676002,10,4,0.14159126579761505,4,5,1.9548107818451768
10676022,6,5,0.09675998985767365,6,5,2.3355216980597286
10675960,7,7,0.018292086198925972,7,11,4.001286760813549
10673101,10,1,0.32193291187286377,4,4,1.1334121033661544
10673094,10,3,0.17908471822738647,3,1,1.7198962989194464
10673095,12,1,0.24300499260425568,7,7,1.4146732901561232
10673102,13,7,0.025902949273586273,2,12,3.653398445192482
10675933,13,6,0.06497697532176971,1,2,2.7337222976582125
10675934,10,1,0.27655503153800964,1,1,1.2853454487528462
10680340,12,1,0.23915566504001617,8,8,1.4306406209071802
10675935,8,2,0.2142914980649948,1,7,1.5404180503414229
10680493,10,3,0.12610241770744324,4,11,2.0706608632573675
10680332,7,2,0.23127605020999908,10,9,1.4641432593773345
10680343,10,1,0.3058466613292694,5,5,1.1846714093928055
10675936,8,5,0.07373548299074173,7,9,2.6072711439414036
10680457,9,3,0.16974548995494843,6,4,1.7734550816447499
10680494,9,3,0.1905234456062317,2,1,1.6579800179399105
10680327,7,2,0.2909267544746399,2,3,1.234683746329409
10680344,10,2,0.29371193051338196,3,1,1.2251558201746642
10680458,10,2,0.17513053119182587,8,9,1.7422236905734831
10675938,10,1,0.2526964843273163,2,2,1.375566177121189
10680490,10,1,0.44180426001548767,5,5,0.816888345635438
10680450,10,2,0.2064943015575409,6,2,1.5774824623248067
10680341,9,4,0.1254820078611374,2,8,2.0755928943441253
10675939,12,4,0.094972163438797,7,10,2.354171446753015
10680491,9,1,0.3304573893547058,8,8,1.107277555824675
10680331,11,1,0.2946898937225342,6,6,1.2218316832688894
10680337,7,3,0.15723305940628052,6,1,1.8500261195306356
10675937,14,1,0.1503460854291916,12,12,1.8948154062737044
10680487,14,3,0.12981358170509338,5,1,2.041655844553613
10680456,11,1,0.15463101863861084,4,4,1.8667135249292823
10680328,10,1,0.3215450346469879,4,4,1.1346176684518008
10680339,9,4,0.08730952441692352,4,8,2.4382957222373243
10680453,10,8,0.04895878583192825,10,6,3.016776440270043
10680488,10,2,0.17576205730438232,7,8,1.7386241457832183
10680329,12,4,0.11644216626882553,10,2,2.150360556114033
10680338,11,4,0.08203107118606567,8,7,2.5006571865855243
10680454,9,2,0.15157587826251984,1,8,1.8866689327972246
10680489,12,2,0.15899281203746796,2,9,1.8388962850953092
10680330,11,1,0.23566539585590363,3,3,1.445342294175977
10680451,10,4,0.11093846708536148,2,5,2.1987795819612246
10680342,12,2,0.18276529014110565,6,2,1.6995525168693417
10680492,13,1,0.21121293306350708,16,16,1.554888492928733
10680455,10,1,0.19617334008216858,2,2,1.628756622418092
10680326,9,3,0.18155109882354736,3,8,1.7062181286832239
10680345,12,5,0.0967608094215393,9,10,2.335513228025823
10676142,12,2,0.22049494087696075,7,1,1.5118805282271097
10676143,12,5,0.12097535282373428,1,2,2.1121684498057944
10676144,11,2,0.26932579278945923,7,1,1.311833506589916
10676140,12,1,0.3184114396572113,9,9,1.1444108970856812
10676141,14,1,0.21024630963802338,5,5,1.5594755325398482
10680308,9,2,0.2110489159822464,9,7,1.5556653430745842
10680284,7,2,0.23696817457675934,4,7,1.4398294313502222
10680309,10,6,0.08189093321561813,6,3,2.502366999799433
10680289,6,6,0.10358167439699173,1,6,2.2673948528632177
10680303,7,5,0.0957239419221878,3,1,2.3462868349868633
10680285,5,1,0.29729074239730835,1,1,1.2130446883888841
10684300,9,3,0.14635983109474182,3,8,1.9216870928715495
10680304,10,2,0.14479070901870728,2,10,1.9324659653245806
10680414,8,1,0.2696104347705841,2,2,1.3107771960543253
10680286,7,5,0.09953167289495468,2,6,2.3072793649185197
10684304,6,1,0.2830503582954407,8,8,1.2621304526622878
10680466,10,2,0.1864941120147705,6,2,1.6793556113630181
10684273,8,2,0.2609758973121643,1,2,1.343327223386705
10680355,7,2,0.20409655570983887,5,1,1.5891620848117252
10680305,11,5,0.11952724307775497,3,10,2.124210958046981
10680501,10,1,0.22639191150665283,3,3,1.4854876598520386
10680411,9,2,0.22829961776733398,8,4,1.4770963997038817
10680464,12,1,0.2609366774559021,4,4,1.3434775162067372
10684305,9,1,0.6732385754585266,4,4,0.3956555166753636
10680290,6,4,0.13251817226409912,2,4,2.0210354937969344
10684275,10,5,0.09987378120422363,4,2,2.3038480781819364
10680357,12,1,0.2599412798881531,5,5,1.3472995200578162
10680302,7,1,0.2883276045322418,2,2,1.243657929590058
10680499,5,2,0.24397678673267365,4,1,1.4106821945561854
10680408,10,4,0.1302858293056488,3,11,2.0380245551350638
10684230,7,1,0.41594547033309937,5,5,0.8772011082427793
10680465,10,2,0.20247818529605865,1,5,1.5971231251715496
10684298,9,1,0.26339322328567505,1,1,1.3341072178487405
10680287,12,5,0.09234058111906052,1,2,2.3822715686692466
10684277,8,2,0.1965969353914261,1,7,1.6265996594301073
10680358,7,6,0.10588189214468002,3,6,2.2454310311304777
10680306,9,3,0.1579492688179016,3,2,1.845481380944494
10684221,11,4,0.11206063628196716,1,4,2.1887151588139373
10680506,10,2,0.12494327127933502,1,5,2.0798954744570515
10684231,8,1,0.5276140570640564,5,5,0.6393902150821245
10680470,8,2,0.1938568502664566,1,2,1.6406352775145556
10680444,7,1,0.3854941427707672,1,1,0.9532292799443305
10684301,11,6,0.06244548782706261,7,9,2.7734612975899466
10680291,10,1,0.23194476962089539,3,3,1.4612559976359774
10684276,8,1,0.2801121771335602,4,4,1.2725651234248494
10680351,8,4,0.11798663437366486,2,5,2.1371839289515684
10680307,13,6,0.03286655619740486,1,11,3.415299667181032
10684222,10,3,0.13772304356098175,3,5,1.9825105411264563
10680503,7,5,0.09695393592119217,4,7,2.3335193006838817
10680412,9,2,0.2315279096364975,3,4,1.4630548527377487
10684232,12,1,0.36058309674263,1,1,1.020032844678687
10680468,12,5,0.09454592317342758,12,9,2.358669603015351
10680445,11,3,0.18334999680519104,6,1,1.6963584018894489
10684303,7,7,0.03200797736644745,5,2,3.44177011454919
10680288,14,10,0.025001900270581245,6,13,3.688803446179363
10684270,7,7,0.05371668189764023,3,2,2.9240316758460496
10680359,11,3,0.0815110057592392,4,3,2.5070172278617338
10684223,10,2,0.1754162460565567,8,1,1.7405935804338792
10680504,11,2,0.19179458916187286,6,4,1.6513303277655975
10684256,6,2,0.20800651609897614,3,4,1.570185872372588
10680413,6,3,0.1701311320066452,5,11,1.7711857745357886
10684233,7,3,0.16453586518764496,1,6,1.804626707083998
10680467,10,8,0.06709753721952438,1,10,2.701607938814823
10680441,10,1,0.3490042984485626,4,4,1.052671040384031
10684306,12,1,0.387888103723526,2,2,0.9470383734171067
10684271,11,4,0.1337375044822693,2,4,2.011876322001987
10680754,9,1,0.3096916675567627,10,10,1.172178097251062
10680350,8,1,0.269349604845047,1,1,1.3117450969253655
10684224,10,2,0.16009047627449036,2,10,1.8320161468544558
10680505,12,1,0.26536694169044495,3,3,1.3266417251646738
10680814,13,8,0.05784286558628082,8,9,2.8500251590275854
10680409,12,2,0.16399522125720978,10,5,1.8079179902580282
10684234,13,8,0.04197610542178154,2,14,3.1706547411233323
10680471,11,1,0.17586715519428253,8,8,1.738026368981439
10680442,10,1,0.3196663558483124,2,2,1.1404774650874718
10684302,10,2,0.14717434346675873,9,11,1.9161373849796899
10680749,8,3,0.11245506256818771,3,4,2.1852015809749346
10684272,12,1,0.19273115694522858,1,1,1.6464590303564461
10680352,11,11,0.0211171992123127,15,13,3.8576674419913406
10684225,11,4,0.11259836703538895,4,1,2.1839280657317164
10680508,11,8,0.046929117292165756,2,10,3.0591169583839033
10684253,8,8,0.050903383642435074,8,5,2.9778258813593714
10680809,12,2,0.14466944336891174,8,6,1.9333038399397195
10680410,13,5,0.08312894403934479,16,1,2.4873623340418343
10684235,12,1,0.22557246685028076,7,7,1.4891138109095863
10680469,11,2,0.21882860362529755,6,3,1.5194664874297819
10680443,11,1,0.312916100025177,2,2,1.1618201754118576
10684299,9,4,0.13273094594478607,5,12,2.0194311625345986
10680748,5,5,0.037620846182107925,3,6,3.280196962483215
10684274,10,5,0.1265515834093094,10,8,2.067105279945144
10680354,9,5,0.09529220312833786,2,5,2.350807285642296
10684226,11,5,0.1043911725282669,2,1,2.2596101614354627
10680500,10,8,0.031228136271238327,3,6,3.466435786981906
10684254,7,2,0.23602049052715302,1,2,1.443836653457938
10680415,9,2,0.1491098403930664,9,5,1.9030720607771414
10680472,11,1,0.2139313519001007,9,9,1.5421001009365125
10680446,12,6,0.07469064742326736,11,12,2.5944003965121922
10680750,9,1,0.3507149815559387,8,8,1.0477814037409112
10680356,11,8,0.048744283616542816,4,6,3.0211673475615117
10684255,10,2,0.19524236023426056,4,12,1.6335136191494515
10680815,13,4,0.11491567641496658,2,3,2.1635566681426077
10680752,10,2,0.2127448320388794,7,4,1.5476618030628002
10684249,10,4,0.16247813403606415,2,1,1.817211846044391
10680811,12,2,0.16469480097293854,9,8,1.8036612089456046
10680751,12,2,0.150722473859787,6,2,1.8923150546755496
10684250,9,2,0.191711887717247,1,6,1.6517616187653261
10680816,16,7,0.05445771664381027,13,10,2.910330719831611
10680753,13,9,0.03065125271677971,5,9,3.485081745762067
10684251,9,4,0.11857054382562637,4,3,2.1322471889862302
10680812,15,3,0.1676269918680191,10,9,1.7860140545693497
10680250,10,1,0.2255987524986267,4,4,1.4889972890781908
10680265,6,3,0.2110876441001892,7,1,1.555481856867922
10680377,7,1,0.45950061082839966,5,5,0.7776150078545266
10680246,8,2,0.14905312657356262,6,3,1.9034524824020316
10680260,6,2,0.19261761009693146,2,6,1.6470483502728164
10680378,9,1,0.31083670258522034,7,7,1.1684875767747638
10680247,8,3,0.14328812062740326,1,3,1.9428978462067392
10684193,12,2,0.05054007098078728,1,12,2.984988772575365
10680261,7,1,0.21969373524188995,1,1,1.5155208150555313
10694904,8,4,0.1239330843091011,4,6,2.0880135017051495
10684334,11,3,0.15163584053516388,1,4,1.8862734185759176
10680523,7,1,0.2797442376613617,5,5,1.2738795301743238
10680382,10,4,0.1233476921916008,10,9,2.092748145613487
10680248,7,3,0.16591592133045197,5,6,1.796274116948365
10684177,10,3,0.13007773458957672,7,10,2.0396230488510727
10684197,9,4,0.11183624714612961,3,6,2.190719556619995
10680262,5,2,0.37196671962738037,5,1,0.9889508920783333
10680524,5,4,0.0917939618229866,4,5,2.388208758867715
10680381,9,3,0.1971742957830429,8,2,1.623667191237145
10680244,9,1,0.146460622549057,4,4,1.9209986747160446
10684178,11,6,0.0230335034430027,3,11,3.7708054515347467
10684366,10,1,0.18514925241470337,10,10,1.6865930093584371
10694905,6,1,0.31049397587776184,1,1,1.1695907791566778
10684191,10,5,0.11000389605760574,8,2,2.2072394951114416
10680263,5,4,0.19072867929935455,1,4,1.656903388069333
10694906,6,2,0.2582716941833496,3,9,1.3537431699283902
10684337,13,1,0.3209197223186493,4,4,1.1365642733636356
10680525,6,1,0.428155779838562,3,3,0.8482681780365044
10684212,10,2,0.24571892619132996,8,11,1.4035669727458941
10680383,10,3,0.14067985117435455,1,5,1.9612685292788588
10684179,12,1,0.2807702422142029,4,4,1.2702185874668752
10680249,8,3,0.13638631999492645,1,6,1.9922638318948118
10684369,4,3,0.2549419105052948,2,1,1.3667195617145345
10680264,8,7,0.0758308693766594,3,2,2.579249821523469
10684192,9,2,0.2154308557510376,2,1,1.5351152759068922
10680527,5,2,0.3155500292778015,3,1,1.1534380381684939
10694914,4,1,0.3587334156036377,4,4,1.0251757412594091
10684335,13,3,0.14416563510894775,2,1,1.9367923966175693
10684213,10,7,0.06312780827283859,8,4,2.76259390488564
10680251,12,1,0.3185986876487732,1,1,1.1438230006334007
10680379,12,3,0.12443675100803375,9,5,2.0839577161971623
10684370,10,1,0.2539876699447632,8,8,1.3704695566664298
10684194,12,1,0.6131308674812317,4,4,0.4891768789122032
10680526,6,6,0.0735490471124649,6,5,2.609802787661513
10694915,8,3,0.16871978342533112,10,8,1.7795160264460885
10684338,9,2,0.20432314276695251,10,1,1.588052505223836
10684207,9,1,0.24396483600139618,1,1,1.4107311788228396
10680384,12,1,0.21880139410495758,2,2,1.5195908368597393
10684181,12,1,0.3698941767215729,2,2,0.9945383231128152
10684463,6,1,0.48009705543518066,4,4,0.7337669966963343
10680528,5,2,0.3288072943687439,2,1,1.112283431226411
10684195,9,3,0.183482363820076,3,2,1.6956367260787093
10694916,6,5,0.15384122729301453,12,9,1.8718342000097312
10684332,11,4,0.15963788330554962,6,3,1.8348472580629627
10684208,11,5,0.1035463958978653,8,3,2.2677354971748973
10680380,10,1,0.2888026833534241,1,1,1.242011580616658
10680817,10,1,0.33954840898513794,1,1,1.080138753090396
10684175,11,2,0.22573325037956238,4,10,1.4884012848770294
10680521,6,3,0.18786917626857758,2,4,1.6720094292945529
10684364,7,5,0.13362854719161987,8,10,2.0126913641212005
10684464,8,2,0.2381426841020584,5,8,1.43488527191295
10684196,12,2,0.1496756374835968,4,5,1.8992847430610553
10694903,6,1,0.3308161497116089,7,7,1.1061924968561623
10684336,10,1,0.38484740257263184,9,9,0.9549083802187354
10684209,9,8,0.07408365607261658,2,7,2.602560336829953
10680818,8,2,0.22314104437828064,3,5,1.4999512214557311
10684176,10,9,0.0429755263030529,4,12,3.1471244810621437
10680522,5,4,0.1287907510995865,1,5,2.0495662761232425
10684365,5,2,0.21957305073738098,4,1,1.5160702966525814
10684465,10,2,0.19666586816310883,1,2,1.6262490909463065
