feature,fold,validation_start,validation_end,training_races,validation_races,coverage,alpha,market_composite,adjusted_composite,composite_delta,top3_recall,ndcg3,pairwise_ranking_accuracy
distance_m,1,2026-03-15T06:10:00+00:00,2026-03-27T00:36:00+00:00,1410,500,1.0,0.0,0.6300278256990635,0.6300278256990635,0.0,0.578,0.6057097064929563,0.7584015963032976
distance_m,2,2026-03-27T01:11:00+00:00,2026-04-04T06:44:00+00:00,1910,500,1.0,0.0,0.6261517043389135,0.6261517043389135,0.0,0.576,0.6014861979587514,0.751120619396903
distance_m,3,2026-04-04T06:50:00+00:00,2026-04-17T01:25:00+00:00,2410,500,1.0,0.0,0.6280889408128764,0.6280889408128764,0.0,0.5706666666666667,0.6031959044517073,0.7678265254664649
distance_m,4,2026-04-17T01:44:00+00:00,2026-05-01T05:19:00+00:00,2910,500,1.0,0.0,0.6112771681162608,0.6112771681162608,0.0,0.5546666666666666,0.5856322366703473,0.7501431024613623
distance_m,5,2026-05-01T05:26:00+00:00,2026-05-14T06:40:00+00:00,3410,500,1.0,0.0,0.5991614550260691,0.5991614550260691,0.0,0.5393333333333333,0.567564559739434,0.7504145936981758
distance_m,6,2026-05-14T06:52:00+00:00,2026-05-23T05:39:00+00:00,3910,500,1.0,0.0,0.6118636575634334,0.6118636575634334,0.0,0.554,0.5834194129859119,0.7560352172678216
distance_m,7,2026-05-23T05:41:00+00:00,2026-06-03T05:24:00+00:00,4410,500,1.0,0.0,0.6091878200109806,0.6091878200109806,0.0,0.5573333333333333,0.5783241319725009,0.7437604814047548
distance_m,8,2026-06-03T05:32:00+00:00,2026-06-13T04:10:01+00:00,4910,500,1.0,0.0,0.6168040043789969,0.6168040043789969,0.0,0.5586666666666666,0.5869946575751156,0.7628880266075388
distance_m,9,2026-06-13T04:12:01+00:00,2026-06-22T05:30:00+00:00,5410,500,1.0,0.0,0.6051414175132467,0.6051414175132467,0.0,0.552,0.5729830807672721,0.7435825892857143
distance_m,10,2026-06-22T05:45:00+00:00,2026-07-03T05:16:00+00:00,5910,500,1.0,0.0,0.6023206162626358,0.6023206162626358,0.0,0.5486666666666666,0.5798219067390951,0.732127224978115
distance_m,11,2026-07-03T05:20:00+00:00,2026-07-11T07:52:00+00:00,6410,500,1.0,0.0,0.6080218701209745,0.6080218701209745,0.0,0.5533333333333333,0.5777212833007996,0.7476995305164319
distance_m,12,2026-07-11T08:01:00+00:00,2026-07-22T02:07:00+00:00,6910,500,1.0,0.0,0.619182764327878,0.619182764327878,0.0,0.5673333333333334,0.5901344619037528,0.7519299287410927
field_size,1,2026-03-15T06:10:00+00:00,2026-03-27T00:36:00+00:00,1410,500,1.0,0.0,0.6300278256990635,0.6300278256990635,0.0,0.578,0.6057097064929563,0.7584015963032976
field_size,2,2026-03-27T01:11:00+00:00,2026-04-04T06:44:00+00:00,1910,500,1.0,0.0,0.6261517043389135,0.6261517043389135,0.0,0.576,0.6014861979587514,0.751120619396903
field_size,3,2026-04-04T06:50:00+00:00,2026-04-17T01:25:00+00:00,2410,500,1.0,0.0,0.6280889408128764,0.6280889408128764,0.0,0.5706666666666667,0.6031959044517073,0.7678265254664649
field_size,4,2026-04-17T01:44:00+00:00,2026-05-01T05:19:00+00:00,2910,500,1.0,0.0,0.6112771681162608,0.6112771681162608,0.0,0.5546666666666666,0.5856322366703473,0.7501431024613623
field_size,5,2026-05-01T05:26:00+00:00,2026-05-14T06:40:00+00:00,3410,500,1.0,0.0,0.5991614550260691,0.5991614550260691,0.0,0.5393333333333333,0.567564559739434,0.7504145936981758
field_size,6,2026-05-14T06:52:00+00:00,2026-05-23T05:39:00+00:00,3910,500,1.0,0.0,0.6118636575634334,0.6118636575634334,0.0,0.554,0.5834194129859119,0.7560352172678216
field_size,7,2026-05-23T05:41:00+00:00,2026-06-03T05:24:00+00:00,4410,500,1.0,0.0,0.6091878200109806,0.6091878200109806,0.0,0.5573333333333333,0.5783241319725009,0.7437604814047548
field_size,8,2026-06-03T05:32:00+00:00,2026-06-13T04:10:01+00:00,4910,500,1.0,0.0,0.6168040043789969,0.6168040043789969,0.0,0.5586666666666666,0.5869946575751156,0.7628880266075388
field_size,9,2026-06-13T04:12:01+00:00,2026-06-22T05:30:00+00:00,5410,500,1.0,0.0,0.6051414175132467,0.6051414175132467,0.0,0.552,0.5729830807672721,0.7435825892857143
field_size,10,2026-06-22T05:45:00+00:00,2026-07-03T05:16:00+00:00,5910,500,1.0,0.0,0.6023206162626358,0.6023206162626358,0.0,0.5486666666666666,0.5798219067390951,0.732127224978115
field_size,11,2026-07-03T05:20:00+00:00,2026-07-11T07:52:00+00:00,6410,500,1.0,0.0,0.6080218701209745,0.6080218701209745,0.0,0.5533333333333333,0.5777212833007996,0.7476995305164319
field_size,12,2026-07-11T08:01:00+00:00,2026-07-22T02:07:00+00:00,6910,500,1.0,0.0,0.619182764327878,0.619182764327878,0.0,0.5673333333333334,0.5901344619037528,0.7519299287410927
active_field_size,1,2026-03-15T06:10:00+00:00,2026-03-27T00:36:00+00:00,1410,500,1.0,0.0,0.6300278256990635,0.6300278256990635,0.0,0.578,0.6057097064929563,0.7584015963032976
active_field_size,2,2026-03-27T01:11:00+00:00,2026-04-04T06:44:00+00:00,1910,500,1.0,0.0,0.6261517043389135,0.6261517043389135,0.0,0.576,0.6014861979587514,0.751120619396903
active_field_size,3,2026-04-04T06:50:00+00:00,2026-04-17T01:25:00+00:00,2410,500,1.0,0.0,0.6280889408128764,0.6280889408128764,0.0,0.5706666666666667,0.6031959044517073,0.7678265254664649
active_field_size,4,2026-04-17T01:44:00+00:00,2026-05-01T05:19:00+00:00,2910,500,1.0,0.0,0.6112771681162608,0.6112771681162608,0.0,0.5546666666666666,0.5856322366703473,0.7501431024613623
active_field_size,5,2026-05-01T05:26:00+00:00,2026-05-14T06:40:00+00:00,3410,500,1.0,0.0,0.5991614550260691,0.5991614550260691,0.0,0.5393333333333333,0.567564559739434,0.7504145936981758
active_field_size,6,2026-05-14T06:52:00+00:00,2026-05-23T05:39:00+00:00,3910,500,1.0,0.0,0.6118636575634334,0.6118636575634334,0.0,0.554,0.5834194129859119,0.7560352172678216
active_field_size,7,2026-05-23T05:41:00+00:00,2026-06-03T05:24:00+00:00,4410,500,1.0,0.0,0.6091878200109806,0.6091878200109806,0.0,0.5573333333333333,0.5783241319725009,0.7437604814047548
active_field_size,8,2026-06-03T05:32:00+00:00,2026-06-13T04:10:01+00:00,4910,500,1.0,0.0,0.6168040043789969,0.6168040043789969,0.0,0.5586666666666666,0.5869946575751156,0.7628880266075388
active_field_size,9,2026-06-13T04:12:01+00:00,2026-06-22T05:30:00+00:00,5410,500,1.0,0.0,0.6051414175132467,0.6051414175132467,0.0,0.552,0.5729830807672721,0.7435825892857143
active_field_size,10,2026-06-22T05:45:00+00:00,2026-07-03T05:16:00+00:00,5910,500,1.0,0.0,0.6023206162626358,0.6023206162626358,0.0,0.5486666666666666,0.5798219067390951,0.732127224978115
active_field_size,11,2026-07-03T05:20:00+00:00,2026-07-11T07:52:00+00:00,6410,500,1.0,0.0,0.6080218701209745,0.6080218701209745,0.0,0.5533333333333333,0.5777212833007996,0.7476995305164319
active_field_size,12,2026-07-11T08:01:00+00:00,2026-07-22T02:07:00+00:00,6910,500,1.0,0.0,0.619182764327878,0.619182764327878,0.0,0.5673333333333334,0.5901344619037528,0.7519299287410927
draw_number,1,2026-03-15T06:10:00+00:00,2026-03-27T00:36:00+00:00,1410,500,1.0,-0.06401611592876084,0.6300278256990635,0.629454150620838,-0.0005736750782254774,0.5766666666666667,0.6056090830546605,0.7588741860953582
draw_number,2,2026-03-27T01:11:00+00:00,2026-04-04T06:44:00+00:00,1910,500,1.0,-0.06514820357262603,0.6261517043389135,0.6264786511791606,0.00032694684024703324,0.576,0.6018771149040912,0.7520374898125509
draw_number,3,2026-04-04T06:50:00+00:00,2026-04-17T01:25:00+00:00,2410,500,1.0,-0.054020935147118754,0.6280889408128764,0.6286042813505954,0.0005153405377190667,0.5713333333333334,0.6033187895476161,0.7684316691880988
draw_number,4,2026-04-17T01:44:00+00:00,2026-05-01T05:19:00+00:00,2910,500,1.0,-0.05182722115302297,0.6112771681162608,0.6105791016465525,-0.0006980664697082695,0.5533333333333333,0.5848388259718236,0.7508109139477199
draw_number,5,2026-05-01T05:26:00+00:00,2026-05-14T06:40:00+00:00,3410,500,1.0,-0.05913110435005985,0.5991614550260691,0.5976571773843814,-0.0015042776416877013,0.5373333333333333,0.5649946575751155,0.7509673852957435
draw_number,6,2026-05-14T06:52:00+00:00,2026-05-23T05:39:00+00:00,3910,500,1.0,-0.06769241514608425,0.6118636575634334,0.6101028683050629,-0.001760789258370532,0.5506666666666666,0.5823802320955708,0.7566979077913472
draw_number,7,2026-05-23T05:41:00+00:00,2026-06-03T05:24:00+00:00,4410,500,1.0,-0.06263380514695817,0.6091878200109806,0.6108980100192899,0.001710190008309298,0.5593333333333333,0.5810169192327284,0.7439084541777646
draw_number,8,2026-06-03T05:32:00+00:00,2026-06-13T04:10:01+00:00,4910,500,1.0,-0.06396407008607445,0.6168040043789969,0.6164997508640764,-0.0003042535149204717,0.558,0.5869723959175026,0.7630266075388027
draw_number,9,2026-06-13T04:12:01+00:00,2026-06-22T05:30:00+00:00,5410,500,1.0,-0.06396506576737049,0.6051414175132467,0.6054394037956913,0.0002979862824445956,0.552,0.5742680318494315,0.7434895833333334
draw_number,10,2026-06-22T05:45:00+00:00,2026-07-03T05:16:00+00:00,5910,500,1.0,-0.06501849238856984,0.6023206162626358,0.6049505338074272,0.0026299175447914713,0.552,0.5832858430402333,0.7325162921894758
draw_number,11,2026-07-03T05:20:00+00:00,2026-07-11T07:52:00+00:00,6410,500,1.0,-0.06160484776088296,0.6080218701209745,0.6069327706640665,-0.0010890994569080492,0.552,0.5767827258487541,0.7469483568075117
draw_number,12,2026-07-11T08:01:00+00:00,2026-07-22T02:07:00+00:00,6910,500,1.0,-0.0631838972517788,0.619182764327878,0.6166577439583016,-0.0025250203695763584,0.564,0.587542298081821,0.7510886777513855
weight_kg,1,2026-03-15T06:10:00+00:00,2026-03-27T00:36:00+00:00,1410,500,1.0,0.0685525870483972,0.6300278256990635,0.6301197181586308,9.189245956731096e-05,0.578,0.6057097064929563,0.7587691661415669
weight_kg,2,2026-03-27T01:11:00+00:00,2026-04-04T06:44:00+00:00,1910,500,1.0,0.06592970361134029,0.6261517043389135,0.6259048003053297,-0.00024690403358385016,0.5753333333333334,0.6010169192327286,0.7519356153219234
weight_kg,3,2026-04-04T06:50:00+00:00,2026-04-17T01:25:00+00:00,2410,500,1.0,0.06917882767608888,0.6280889408128764,0.6281645837780806,7.564296520423675e-05,0.5706666666666667,0.6031959044517073,0.7681290973272819
weight_kg,4,2026-04-17T01:44:00+00:00,2026-05-01T05:19:00+00:00,2910,500,1.0,0.07437167669830395,0.6112771681162608,0.6114679713980772,0.0001908032818164207,0.5546666666666666,0.5856322366703473,0.7509063155886281
weight_kg,5,2026-05-01T05:26:00+00:00,2026-05-14T06:40:00+00:00,3410,500,1.0,0.07252591012027317,0.5991614550260691,0.5991499385344532,-1.1516491615903846e-05,0.5393333333333333,0.567564559739434,0.7503685277317118
weight_kg,6,2026-05-14T06:52:00+00:00,2026-05-23T05:39:00+00:00,3910,500,1.0,0.06288226268278173,0.6118636575634334,0.6113301682331537,-0.0005334893302797461,0.5533333333333333,0.5829501342598891,0.7557038720060589
weight_kg,7,2026-05-23T05:41:00+00:00,2026-06-03T05:24:00+00:00,4410,500,1.0,0.06314517742464425,0.6091878200109806,0.6092124821398156,2.4662128835006847e-05,0.5573333333333333,0.5783241319725009,0.7438591299200947
weight_kg,8,2026-06-03T05:32:00+00:00,2026-06-13T04:10:01+00:00,4910,500,1.0,0.06051453357638428,0.6168040043789969,0.6164533631037672,-0.00035064127522965727,0.558,0.586648263945002,0.7631651884700665
weight_kg,9,2026-06-13T04:12:01+00:00,2026-06-22T05:30:00+00:00,5410,500,1.0,0.06548169867786817,0.6051414175132467,0.6050367858168181,-0.00010463169642860315,0.552,0.5729830807672721,0.7431640625
weight_kg,10,2026-06-22T05:45:00+00:00,2026-07-03T05:16:00+00:00,5910,500,1.0,0.06676900884687166,0.6023206162626358,0.6022598245108607,-6.079175177509111e-05,0.5486666666666666,0.5798219067390951,0.7318840579710145
weight_kg,11,2026-07-03T05:20:00+00:00,2026-07-11T07:52:00+00:00,6410,500,1.0,0.0646515268613143,0.6080218701209745,0.6080218701209745,0.0,0.5533333333333333,0.5777212833007996,0.7476995305164319
weight_kg,12,2026-07-11T08:01:00+00:00,2026-07-22T02:07:00+00:00,6910,500,1.0,0.06889185041405783,0.619182764327878,0.6190837926641476,-9.897166373040722e-05,0.5673333333333334,0.5904808555338665,0.751187648456057
age,1,2026-03-15T06:10:00+00:00,2026-03-27T00:36:00+00:00,1410,500,1.0,-0.07358813236939049,0.6300278256990635,0.626928846686961,-0.003098979012102432,0.5733333333333334,0.6038548532464786,0.7571938668346986
age,2,2026-03-27T01:11:00+00:00,2026-04-04T06:44:00+00:00,1910,500,1.0,-0.06812890217000402,0.6261517043389135,0.6254699052444517,-0.0006817990944618657,0.5746666666666667,0.6009162957944328,0.7516299918500408
age,3,2026-04-04T06:50:00+00:00,2026-04-17T01:25:00+00:00,2410,500,1.0,-0.07815325978474395,0.6280889408128764,0.627074170335392,-0.001014770477484328,0.5693333333333334,0.6022573469996618,0.7673726676752395
age,4,2026-04-17T01:44:00+00:00,2026-05-01T05:19:00+00:00,2910,500,1.0,-0.08372579762896504,0.6112771681162608,0.6116531479286847,0.0003759798124239877,0.5553333333333333,0.585755121766256,0.7501908032818164
age,5,2026-05-01T05:26:00+00:00,2026-05-14T06:40:00+00:00,3410,500,1.0,-0.086694433392097,0.5991614550260691,0.6002026642796678,0.0010412092535987405,0.5406666666666666,0.5682796086572747,0.7511977151280634
age,6,2026-05-14T06:52:00+00:00,2026-05-23T05:39:00+00:00,3910,500,1.0,-0.10144670284045015,0.6118636575634334,0.6116532093260091,-0.00021044823742433216,0.5533333333333333,0.5839109533695478,0.7560352172678216
age,7,2026-05-23T05:41:00+00:00,2026-06-03T05:24:00+00:00,4410,500,1.0,-0.10143165742377772,0.6091878200109806,0.6073356709198217,-0.0018521490911589389,0.5546666666666666,0.5766927872602278,0.7433165630857256
age,8,2026-06-03T05:32:00+00:00,2026-06-13T04:10:01+00:00,4910,500,1.0,-0.0982310644262545,0.6168040043789969,0.6145992863235075,-0.0022047180554893853,0.556,0.5845253788490928,0.7618717664449371
age,9,2026-06-13T04:12:01+00:00,2026-06-22T05:30:00+00:00,5410,500,1.0,-0.09393920073272527,0.6051414175132467,0.6052122342185617,7.081670531505768e-05,0.552,0.5734523594932949,0.7433965773809523
age,10,2026-06-22T05:45:00+00:00,2026-07-03T05:16:00+00:00,5910,500,1.0,-0.08995264547942565,0.6023206162626358,0.6012798146019648,-0.001040801660670998,0.5473333333333333,0.5790062343829588,0.7314463573582336
age,11,2026-07-03T05:20:00+00:00,2026-07-11T07:52:00+00:00,6410,500,1.0,-0.08638767885995649,0.6080218701209745,0.609198643406186,0.0011767732852114854,0.5546666666666666,0.5791513811364812,0.7483098591549295
age,12,2026-07-11T08:01:00+00:00,2026-07-22T02:07:00+00:00,6910,500,1.0,-0.08819731413652493,0.619182764327878,0.6209414574083607,0.0017586930804827094,0.57,0.5916874448353431,0.7520783847980997
speed_rating,1,2026-03-15T06:10:00+00:00,2026-03-27T00:36:00+00:00,1410,500,0.9907263446112357,0.08434888504812069,0.6300278256990635,0.6308653539555619,0.0008375282564984099,0.5786666666666667,0.6074639363011385,0.7586641461877757
speed_rating,2,2026-03-27T01:11:00+00:00,2026-04-04T06:44:00+00:00,1910,500,0.9907263446112357,0.08886501108154925,0.6261517043389135,0.6242674337602665,-0.0018842705786470404,0.5733333333333334,0.5994861979587512,0.7509168704156479
speed_rating,3,2026-04-04T06:50:00+00:00,2026-04-17T01:25:00+00:00,2410,500,0.9907263446112357,0.08864604144265033,0.6280889408128764,0.6254514606259653,-0.002637480186911012,0.5673333333333334,0.5994639363011383,0.7676752395360564
speed_rating,4,2026-04-17T01:44:00+00:00,2026-05-01T05:19:00+00:00,2910,500,0.9907263446112357,0.08841094123306184,0.6112771681162608,0.6117467330472062,0.00046956493094540974,0.5553333333333333,0.5855093515744381,0.7508109139477199
speed_rating,5,2026-05-01T05:26:00+00:00,2026-05-14T06:40:00+00:00,3410,500,0.9907263446112357,0.09430109168821113,0.5991614550260691,0.5967349931368171,-0.0024264618892519962,0.536,0.5645253788490927,0.7504145936981758
speed_rating,6,2026-05-14T06:52:00+00:00,2026-05-23T05:39:00+00:00,3910,500,0.9907263446112357,0.0866401446856401,0.6118636575634334,0.6112616719299193,-0.0006019856335141016,0.5533333333333333,0.5825814789721625,0.7557985420808483
speed_rating,7,2026-05-23T05:41:00+00:00,2026-06-03T05:24:00+00:00,4410,500,0.9907263446112357,0.09208510150976064,0.6091878200109806,0.6076449040375322,-0.0015429159734483555,0.5553333333333333,0.5773855745204554,0.7425273749630068
speed_rating,8,2026-06-03T05:32:00+00:00,2026-06-13T04:10:01+00:00,4910,500,0.9907263446112357,0.08527793542653116,0.6168040043789969,0.6160050219412252,-0.0007989824377716559,0.5573333333333333,0.5852181661093204,0.7641352549889135
speed_rating,9,2026-06-13T04:12:01+00:00,2026-06-22T05:30:00+00:00,5410,500,0.9907263446112357,0.08840541852454217,0.6051414175132467,0.60747084459658,0.0023294270833332797,0.5553333333333333,0.5749830807672721,0.7442336309523809
speed_rating,10,2026-06-22T05:45:00+00:00,2026-07-03T05:16:00+00:00,5910,500,0.9907263446112357,0.08957240743408257,0.6023206162626358,0.6036355122474701,0.0013148959848343633,0.55,0.582268923807505,0.7322731251823753
speed_rating,11,2026-07-03T05:20:00+00:00,2026-07-11T07:52:00+00:00,6410,500,0.9907263446112357,0.08679489644057362,0.6080218701209745,0.6071780716955049,-0.0008437984254696662,0.552,0.5775761365472776,0.7471361502347418
speed_rating,12,2026-07-11T08:01:00+00:00,2026-07-22T02:07:00+00:00,6910,500,0.9907263446112357,0.08273082323042157,0.619182764327878,0.6200409767864359,0.0008582124585578832,0.5686666666666667,0.5912965278900031,0.7515340459224069
dry_rating,1,2026-03-15T06:10:00+00:00,2026-03-27T00:36:00+00:00,1410,500,0.9989267876553062,0.24395571483973533,0.6300278256990635,0.6279863010492619,-0.0020415246498015627,0.576,0.6040115768078439,0.755933627389204
dry_rating,2,2026-03-27T01:11:00+00:00,2026-04-04T06:44:00+00:00,1910,500,0.9989267876553062,0.2424297724737188,0.6261517043389135,0.6253947636511819,-0.0007569406877316887,0.576,0.5980000000000003,0.751579054604727
dry_rating,3,2026-04-04T06:50:00+00:00,2026-04-17T01:25:00+00:00,2410,500,0.9989267876553062,0.2421461417697263,0.6280889408128764,0.6265258100191355,-0.001563130793740819,0.57,0.6012520045747771,0.764851235501765
dry_rating,4,2026-04-17T01:44:00+00:00,2026-05-01T05:19:00+00:00,2910,500,0.9989267876553062,0.24040925742101307,0.6112771681162608,0.6098527476175126,-0.0014244204987481357,0.5546666666666666,0.5809839727253454,0.7490936844113719
dry_rating,5,2026-05-01T05:26:00+00:00,2026-05-14T06:40:00+00:00,3410,500,0.9989267876553062,0.2318472157693516,0.5991614550260691,0.5958186601507633,-0.0033427948753057546,0.5373333333333333,0.561832591588865,0.7467753823475216
dry_rating,6,2026-05-14T06:52:00+00:00,2026-05-23T05:39:00+00:00,3910,500,0.9989267876553062,0.21793010242556374,0.6118636575634334,0.6089439398736249,-0.0029197176898084765,0.5506666666666666,0.5807266257256842,0.7537158004354824
dry_rating,7,2026-05-23T05:41:00+00:00,2026-06-03T05:24:00+00:00,4410,500,0.9989267876553062,0.21917919509520248,0.6091878200109806,0.6063613122834213,-0.0028265077275593242,0.5546666666666666,0.5749162957944327,0.7411956200059189
dry_rating,8,2026-06-03T05:32:00+00:00,2026-06-13T04:10:01+00:00,4910,500,0.9989267876553062,0.21697953075211926,0.6168040043789969,0.6135171003286267,-0.003286904050370132,0.5546666666666666,0.5841567235613658,0.7605783444198079
dry_rating,9,2026-06-13T04:12:01+00:00,2026-06-22T05:30:00+00:00,5410,500,0.9989267876553062,0.2201017092607396,0.6051414175132467,0.6058952750097253,0.0007538574964786049,0.5526666666666666,0.5750837042055676,0.7431640625
dry_rating,10,2026-06-22T05:45:00+00:00,2026-07-03T05:16:00+00:00,5910,500,0.9989267876553062,0.21608539562968848,0.6023206162626358,0.5993260914627176,-0.00299452479991813,0.546,0.5765814789721623,0.7287228868787083
dry_rating,11,2026-07-03T05:20:00+00:00,2026-07-11T07:52:00+00:00,6410,500,0.9989267876553062,0.20961937034300698,0.6080218701209745,0.6059232785716788,-0.002098591549295703,0.5513333333333333,0.5757212833007996,0.7453051643192489
dry_rating,12,2026-07-11T08:01:00+00:00,2026-07-22T02:07:00+00:00,6910,500,0.9989267876553062,0.20645883192838055,0.619182764327878,0.6176762303432516,-0.0015065339846264125,0.5646666666666667,0.5908272491639801,0.7505443388756928
wet_rating,1,2026-03-15T06:10:00+00:00,2026-03-27T00:36:00+00:00,1410,500,0.9989267876553062,0.24395571483973533,0.6300278256990635,0.6279863010492619,-0.0020415246498015627,0.576,0.6040115768078439,0.755933627389204
wet_rating,2,2026-03-27T01:11:00+00:00,2026-04-04T06:44:00+00:00,1910,500,0.9989267876553062,0.2424297724737188,0.6261517043389135,0.6253947636511819,-0.0007569406877316887,0.576,0.5980000000000003,0.751579054604727
wet_rating,3,2026-04-04T06:50:00+00:00,2026-04-17T01:25:00+00:00,2410,500,0.9989267876553062,0.2421461417697263,0.6280889408128764,0.6265258100191355,-0.001563130793740819,0.57,0.6012520045747771,0.764851235501765
wet_rating,4,2026-04-17T01:44:00+00:00,2026-05-01T05:19:00+00:00,2910,500,0.9989267876553062,0.24040925742101307,0.6112771681162608,0.6098527476175126,-0.0014244204987481357,0.5546666666666666,0.5809839727253454,0.7490936844113719
wet_rating,5,2026-05-01T05:26:00+00:00,2026-05-14T06:40:00+00:00,3410,500,0.9989267876553062,0.2318472157693516,0.5991614550260691,0.5958186601507633,-0.0033427948753057546,0.5373333333333333,0.561832591588865,0.7467753823475216
wet_rating,6,2026-05-14T06:52:00+00:00,2026-05-23T05:39:00+00:00,3910,500,0.9989267876553062,0.21793010242556374,0.6118636575634334,0.6089439398736249,-0.0029197176898084765,0.5506666666666666,0.5807266257256842,0.7537158004354824
wet_rating,7,2026-05-23T05:41:00+00:00,2026-06-03T05:24:00+00:00,4410,500,0.9989267876553062,0.21917919509520248,0.6091878200109806,0.6063613122834213,-0.0028265077275593242,0.5546666666666666,0.5749162957944327,0.7411956200059189
wet_rating,8,2026-06-03T05:32:00+00:00,2026-06-13T04:10:01+00:00,4910,500,0.9989267876553062,0.21697953075211926,0.6168040043789969,0.6135171003286267,-0.003286904050370132,0.5546666666666666,0.5841567235613658,0.7605783444198079
wet_rating,9,2026-06-13T04:12:01+00:00,2026-06-22T05:30:00+00:00,5410,500,0.9989267876553062,0.2201017092607396,0.6051414175132467,0.6058952750097253,0.0007538574964786049,0.5526666666666666,0.5750837042055676,0.7431640625
wet_rating,10,2026-06-22T05:45:00+00:00,2026-07-03T05:16:00+00:00,5910,500,0.9989267876553062,0.21608539562968848,0.6023206162626358,0.5993260914627176,-0.00299452479991813,0.546,0.5765814789721623,0.7287228868787083
wet_rating,11,2026-07-03T05:20:00+00:00,2026-07-11T07:52:00+00:00,6410,500,0.9989267876553062,0.20961937034300698,0.6080218701209745,0.6059232785716788,-0.002098591549295703,0.5513333333333333,0.5757212833007996,0.7453051643192489
wet_rating,12,2026-07-11T08:01:00+00:00,2026-07-22T02:07:00+00:00,6910,500,0.9989267876553062,0.20645883192838055,0.619182764327878,0.6176762303432516,-0.0015065339846264125,0.5646666666666667,0.5908272491639801,0.7505443388756928
win_percentage,1,2026-03-15T06:10:00+00:00,2026-03-27T00:36:00+00:00,1410,500,0.9989267876553062,0.09299209836689784,0.6300278256990635,0.6286915335389165,-0.001336292160146968,0.576,0.6049946575751157,0.7577714765805503
win_percentage,2,2026-03-27T01:11:00+00:00,2026-04-04T06:44:00+00:00,1910,500,0.9989267876553062,0.09673928600552213,0.6261517043389135,0.6241099948991706,-0.0020417094397429114,0.5733333333333334,0.5991620659862505,0.7506112469437652
win_percentage,3,2026-04-04T06:50:00+00:00,2026-04-17T01:25:00+00:00,2410,500,0.9989267876553062,0.09225572781309797,0.6280889408128764,0.6264596242292771,-0.0016293165835992163,0.5686666666666667,0.6017880682736391,0.7667170953101362
win_percentage,4,2026-04-17T01:44:00+00:00,2026-05-01T05:19:00+00:00,2910,500,0.9989267876553062,0.09301587118645589,0.6112771681162608,0.6088524682389583,-0.0024246998773024275,0.5506666666666666,0.5834087281361424,0.7506678114863575
win_percentage,5,2026-05-01T05:26:00+00:00,2026-05-14T06:40:00+00:00,3410,500,0.9989267876553062,0.08435976608261561,0.5991614550260691,0.5980699021643187,-0.0010915528617504444,0.538,0.5662796086572747,0.75
win_percentage,6,2026-05-14T06:52:00+00:00,2026-05-23T05:39:00+00:00,3910,500,0.9989267876553062,0.08237101527280882,0.6118636575634334,0.6125510389432399,0.0006873813798065065,0.554,0.5847488873832976,0.757455268389662
win_percentage,7,2026-05-23T05:41:00+00:00,2026-06-03T05:24:00+00:00,4410,500,0.9989267876553062,0.08048665702934008,0.6091878200109806,0.6079657926689928,-0.0012220273419878414,0.5553333333333333,0.5777319681505693,0.7434645358587353
win_percentage,8,2026-06-03T05:32:00+00:00,2026-06-13T04:10:01+00:00,4910,500,0.9989267876553062,0.07151182637614044,0.6168040043789969,0.614722394884994,-0.002081609494002823,0.556,0.5846482639450018,0.7622413155949741
win_percentage,9,2026-06-13T04:12:01+00:00,2026-06-22T05:30:00+00:00,5410,500,0.9989267876553062,0.07578676779873518,0.6051414175132467,0.6050319399293262,-0.0001094775839204365,0.5513333333333333,0.5735529829315906,0.7439081101190477
win_percentage,10,2026-06-22T05:45:00+00:00,2026-07-03T05:16:00+00:00,5910,500,0.9989267876553062,0.07327572148637547,0.6023206162626358,0.6035740696995155,0.00125345343687977,0.55,0.582023153615687,0.7322731251823753
win_percentage,11,2026-07-03T05:20:00+00:00,2026-07-11T07:52:00+00:00,6410,500,0.9989267876553062,0.07067453696195294,0.6080218701209745,0.6099111317983723,0.00188926167739778,0.556,0.579475513108982,0.7481690140845071
win_percentage,12,2026-07-11T08:01:00+00:00,2026-07-22T02:07:00+00:00,6910,500,0.9989267876553062,0.06804146868400207,0.619182764327878,0.6189600802423674,-0.00022268408551062713,0.5673333333333334,0.5901344619037528,0.7510391923990499
place_percentage,1,2026-03-15T06:10:00+00:00,2026-03-27T00:36:00+00:00,1410,500,0.9989267876553062,0.14882015003556975,0.6300278256990635,0.6319508532342165,0.0019230275351530546,0.5806666666666667,0.6079109533695484,0.7585591262339845
place_percentage,2,2026-03-27T01:11:00+00:00,2026-04-04T06:44:00+00:00,1910,500,0.9989267876553062,0.14953170998884022,0.6261517043389135,0.6240176874219351,-0.002134016916978454,0.5733333333333334,0.5997097064929562,0.7496943765281173
place_percentage,3,2026-04-04T06:50:00+00:00,2026-04-17T01:25:00+00:00,2410,500,0.9989267876553062,0.14963503795596664,0.6280889408128764,0.6270808758702646,-0.0010080649426117416,0.57,0.6006482639450023,0.7676752395360564
place_percentage,4,2026-04-17T01:44:00+00:00,2026-05-01T05:19:00+00:00,2910,500,0.9989267876553062,0.14816911516260697,0.6112771681162608,0.610881086785626,-0.0003960813306347344,0.554,0.5852858430402336,0.7502385041022706
place_percentage,5,2026-05-01T05:26:00+00:00,2026-05-14T06:40:00+00:00,3410,500,0.9989267876553062,0.138706960353241,0.5991614550260691,0.5995261524825647,0.0003646974564955885,0.5406666666666666,0.5671398043286373,0.7496314722682882
place_percentage,6,2026-05-14T06:52:00+00:00,2026-05-23T05:39:00+00:00,3910,500,0.9989267876553062,0.13744105325408051,0.6118636575634334,0.6081564478112071,-0.0037072097522262704,0.548,0.5808272491639803,0.7557985420808483
place_percentage,7,2026-05-23T05:41:00+00:00,2026-06-03T05:24:00+00:00,4410,500,0.9989267876553062,0.1373903369192743,0.6091878200109806,0.6085826413472505,-0.0006051786637301104,0.5566666666666666,0.5776313447122732,0.7433658873433955
place_percentage,8,2026-06-03T05:32:00+00:00,2026-06-13T04:10:01+00:00,4910,500,0.9989267876553062,0.1394049595849999,0.6168040043789969,0.6136499510779557,-0.0031540533010411265,0.5546666666666666,0.5831175426710247,0.762148928307465
place_percentage,9,2026-06-13T04:12:01+00:00,2026-06-22T05:30:00+00:00,5410,500,0.9989267876553062,0.14248197486546388,0.6051414175132467,0.6090162853317409,0.003874867818494221,0.5573333333333333,0.5765138020412492,0.7448846726190477
place_percentage,10,2026-06-22T05:45:00+00:00,2026-07-03T05:16:00+00:00,5910,500,0.9989267876553062,0.1429974952856309,0.6023206162626358,0.6045175417697851,0.0021969255071493388,0.552,0.5815538748896645,0.7325162921894758
place_percentage,11,2026-07-03T05:20:00+00:00,2026-07-11T07:52:00+00:00,6410,500,0.9989267876553062,0.1409024421279606,0.6080218701209745,0.6059633895170176,-0.002058480603956969,0.552,0.5738441683967088,0.7460093896713615
place_percentage,12,2026-07-11T08:01:00+00:00,2026-07-22T02:07:00+00:00,6910,500,0.9989267876553062,0.13641163599646883,0.619182764327878,0.6195828260120425,0.00040006168416450993,0.5686666666666667,0.5905031171914796,0.7504948535233571
prize_money,1,2026-03-15T06:10:00+00:00,2026-03-27T00:36:00+00:00,1410,500,0.9989267876553062,0.1153855063654544,0.6300278256990635,0.6312294085628725,0.0012015828638090031,0.5793333333333334,0.6075868213970476,0.7586641461877757
prize_money,2,2026-03-27T01:11:00+00:00,2026-04-04T06:44:00+00:00,1910,500,0.9989267876553062,0.11544788527789696,0.6261517043389135,0.6264447626072469,0.00029305826833336823,0.576,0.602301870314888,0.7514771801140995
prize_money,3,2026-04-04T06:50:00+00:00,2026-04-17T01:25:00+00:00,2410,500,0.9989267876553062,0.11342493113586057,0.6280889408128764,0.6262588707180903,-0.0018300700947860848,0.5673333333333334,0.6006260022873887,0.7697428139183056
prize_money,4,2026-04-17T01:44:00+00:00,2026-05-01T05:19:00+00:00,2910,500,0.9989267876553062,0.10869405018916999,0.6112771681162608,0.6072703517629477,-0.004006816353313014,0.5493333333333333,0.5809394494101194,0.7494752909750048
prize_money,5,2026-05-01T05:26:00+00:00,2026-05-14T06:40:00+00:00,3410,500,0.9989267876553062,0.10717226001981835,0.5991614550260691,0.5995310431587793,0.00036958813271015245,0.54,0.5673410512052293,0.7507831214298876
prize_money,6,2026-05-14T06:52:00+00:00,2026-05-23T05:39:00+00:00,3910,500,0.9989267876553062,0.10073865043549099,0.6118636575634334,0.6094225406805363,-0.0024411168828971652,0.5506666666666666,0.5811736427940942,0.7551831865947174
prize_money,7,2026-05-23T05:41:00+00:00,2026-06-03T05:24:00+00:00,4410,500,0.9989267876553062,0.09313461138272872,0.6091878200109806,0.6120699384162627,0.0028821184052820747,0.5613333333333334,0.5811620659862505,0.7444510210121338
prize_money,8,2026-06-03T05:32:00+00:00,2026-06-13T04:10:01+00:00,4910,500,0.9989267876553062,0.09144081328893554,0.6168040043789969,0.6161397204363043,-0.0006642839426925784,0.558,0.5861789852189793,0.7623798965262379
prize_money,9,2026-06-13T04:12:01+00:00,2026-06-22T05:30:00+00:00,5410,500,0.9989267876553062,0.08842256816690919,0.6051414175132467,0.6068758367656777,0.0017344192524310076,0.554,0.5750837042055679,0.7444196428571429
prize_money,10,2026-06-22T05:45:00+00:00,2026-07-03T05:16:00+00:00,5910,500,0.9989267876553062,0.08871662439556638,0.6023206162626358,0.6028214554214998,0.0005008391588640082,0.5486666666666666,0.5819225301773912,0.7320299581752748
prize_money,11,2026-07-03T05:20:00+00:00,2026-07-11T07:52:00+00:00,6410,500,0.9989267876553062,0.09081737530964676,0.6080218701209745,0.6067139486997806,-0.0013079214211939583,0.5513333333333333,0.5774755131089816,0.7467136150234742
prize_money,12,2026-07-11T08:01:00+00:00,2026-07-22T02:07:00+00:00,6910,500,0.9989267876553062,0.08584199760202454,0.619182764327878,0.6195419443975999,0.0003591800697219094,0.5673333333333334,0.5909278726022762,0.7525732383214568
career_starts,1,2026-03-15T06:10:00+00:00,2026-03-27T00:36:00+00:00,1410,500,0.9989267876553062,0.029306909339970807,0.6300278256990635,0.6323223329538702,0.0022945072548067325,0.5806666666666667,0.608871772479207,0.7590842260029406
career_starts,2,2026-03-27T01:11:00+00:00,2026-04-04T06:44:00+00:00,1910,500,0.9989267876553062,0.024035158571366087,0.6261517043389135,0.6262766615658373,0.00012495722692373867,0.5766666666666667,0.6011620659862507,0.7506112469437652
career_starts,3,2026-04-04T06:50:00+00:00,2026-04-17T01:25:00+00:00,2410,500,0.9989267876553062,0.017319647939803545,0.6280889408128764,0.6257956690045445,-0.0022932718083318315,0.5666666666666667,0.6000561001230699,0.7697932425617751
career_starts,4,2026-04-17T01:44:00+00:00,2026-05-01T05:19:00+00:00,2910,500,0.9989267876553062,0.010613002132454327,0.6112771681162608,0.6112634263887604,-1.3741727500349299e-05,0.5546666666666666,0.5853864664785293,0.7503339057431788
career_starts,5,2026-05-01T05:26:00+00:00,2026-05-14T06:40:00+00:00,3410,500,0.9989267876553062,0.005737912342830054,0.5991614550260691,0.5995907803822049,0.00042932535613582345,0.54,0.5678103299312519,0.7505527915975677
career_starts,6,2026-05-14T06:52:00+00:00,2026-05-23T05:39:00+00:00,3910,500,0.9989267876553062,0.001863615753308503,0.6118636575634334,0.6088464963169307,-0.003017161246502753,0.55,0.5805814789721625,0.75480450629556
career_starts,7,2026-05-23T05:41:00+00:00,2026-06-03T05:24:00+00:00,4410,500,0.9989267876553062,-0.0022773764917762384,0.6091878200109806,0.6090587311782696,-0.00012908883271101068,0.5573333333333333,0.5785476405067056,0.743020617539706
career_starts,8,2026-06-03T05:32:00+00:00,2026-06-13T04:10:01+00:00,4910,500,0.9989267876553062,-0.007042558962770709,0.6168040043789969,0.6147764364464261,-0.0020275679325707507,0.556,0.5844024937531839,0.7627032520325203
career_starts,9,2026-06-13T04:12:01+00:00,2026-06-22T05:30:00+00:00,5410,500,0.9989267876553062,-0.0070686825649740334,0.6051414175132467,0.6041924191617207,-0.0009489983515259537,0.5506666666666666,0.5727373105754542,0.7426990327380952
career_starts,10,2026-06-22T05:45:00+00:00,2026-07-03T05:16:00+00:00,5910,500,0.9989267876553062,-0.005832636279660112,0.6023206162626358,0.6038464229183893,0.0015258066557535255,0.5506666666666666,0.5821683003692092,0.7318840579710145
career_starts,11,2026-07-03T05:20:00+00:00,2026-07-11T07:52:00+00:00,6410,500,0.9989267876553062,-0.0020267839569404716,0.6080218701209745,0.6094587971023631,0.001436926981388531,0.5553333333333333,0.5789056109446634,0.748262910798122
career_starts,12,2026-07-11T08:01:00+00:00,2026-07-22T02:07:00+00:00,6910,500,0.9989267876553062,-0.006385652503794148,0.619182764327878,0.6196263327665689,0.0004435684386908667,0.5686666666666667,0.5903802320955708,0.7507917656373714
career_wins,1,2026-03-15T06:10:00+00:00,2026-03-27T00:36:00+00:00,1410,500,0.9989267876553062,0.01755578829072279,0.6300278256990635,0.631142810155344,0.0011149844562805544,0.5793333333333334,0.6072404277669339,0.7586641461877757
career_wins,2,2026-03-27T01:11:00+00:00,2026-04-04T06:44:00+00:00,1910,500,0.9989267876553062,0.03398331361661845,0.6261517043389135,0.6253750427730763,-0.0007766615658372222,0.5753333333333334,0.6003241319725009,0.7505093724531378
career_wins,3,2026-04-04T06:50:00+00:00,2026-04-17T01:25:00+00:00,2410,500,0.9989267876553062,0.03807997823430048,0.6280889408128764,0.6263203534645838,-0.0017685873482925496,0.568,0.6007488873832977,0.7685325264750378
career_wins,4,2026-04-17T01:44:00+00:00,2026-05-01T05:19:00+00:00,2910,500,0.9989267876553062,0.028343318244570422,0.6112771681162608,0.6103469573349922,-0.0009302107812685367,0.5533333333333333,0.5848165643142107,0.7499045983590917
career_wins,5,2026-05-01T05:26:00+00:00,2026-05-14T06:40:00+00:00,3410,500,0.9989267876553062,0.02565348962919904,0.5991614550260691,0.6000896541288536,0.0009281991027845216,0.5406666666666666,0.5687488873832974,0.7502763957987839
career_wins,6,2026-05-14T06:52:00+00:00,2026-05-23T05:39:00+00:00,3910,500,0.9989267876553062,0.017104492793697464,0.6118636575634334,0.6114807154414942,-0.0003829421219392337,0.5533333333333333,0.5831736427940938,0.7560825523052164
career_wins,7,2026-05-23T05:41:00+00:00,2026-06-03T05:24:00+00:00,4410,500,0.9989267876553062,0.013517314280399638,0.6091878200109806,0.6079352841691485,-0.0012525358418320476,0.5553333333333333,0.5773633128628424,0.7437111571470849
career_wins,8,2026-06-03T05:32:00+00:00,2026-06-13T04:10:01+00:00,4910,500,0.9989267876553062,0.00775935713740824,0.6168040043789969,0.6148877731313964,-0.0019162312476004306,0.556,0.5848940341368197,0.7626570583887657
career_wins,9,2026-06-13T04:12:01+00:00,2026-06-22T05:30:00+00:00,5410,500,0.9989267876553062,0.005103525692476369,0.6051414175132467,0.606683197205483,0.0015417796922363447,0.554,0.5745921638219321,0.744140625
career_wins,10,2026-06-22T05:45:00+00:00,2026-07-03T05:16:00+00:00,5910,500,0.9989267876553062,0.0065700570693796815,0.6023206162626358,0.6016671354678726,-0.0006534807947631283,0.5473333333333333,0.579777383423869,0.7322244917809552
career_wins,11,2026-07-03T05:20:00+00:00,2026-07-11T07:52:00+00:00,6410,500,0.9989267876553062,0.005346301484062442,0.6080218701209745,0.6074672137739757,-0.0005546563469988053,0.5526666666666666,0.5778219067390954,0.7467136150234742
career_wins,12,2026-07-11T08:01:00+00:00,2026-07-22T02:07:00+00:00,6910,500,0.9989267876553062,0.003136216319200984,0.619182764327878,0.6182567156220321,-0.0009260487058458944,0.566,0.5891959044517074,0.7518309580364212
career_seconds,1,2026-03-15T06:10:00+00:00,2026-03-27T00:36:00+00:00,1410,500,0.9989267876553062,0.08034915606010365,0.6300278256990635,0.6307469351451824,0.0007191094461189707,0.5786666666666667,0.6070952810134117,0.7585591262339845
career_seconds,2,2026-03-27T01:11:00+00:00,2026-04-04T06:44:00+00:00,1910,500,0.9989267876553062,0.07233916108159512,0.6261517043389135,0.6244910981798812,-0.0016606061590322962,0.574,0.5997097064929562,0.7502546862265689
career_seconds,3,2026-04-04T06:50:00+00:00,2026-04-17T01:25:00+00:00,2410,500,0.9989267876553062,0.07478567019380665,0.6280889408128764,0.6266284140140217,-0.0014605267988546666,0.5686666666666667,0.6008495108215935,0.7683308119011598
career_seconds,4,2026-04-17T01:44:00+00:00,2026-05-01T05:19:00+00:00,2910,500,0.9989267876553062,0.06489508904844801,0.6112771681162608,0.6109269710836933,-0.0003501970325674453,0.554,0.5850400728484154,0.7506678114863575
career_seconds,5,2026-05-01T05:26:00+00:00,2026-05-14T06:40:00+00:00,3410,500,0.9989267876553062,0.06180413697411012,0.5991614550260691,0.598736600719989,-0.00042485430608008024,0.5393333333333333,0.5666482639450016,0.7496314722682882
career_seconds,6,2026-05-14T06:52:00+00:00,2026-05-23T05:39:00+00:00,3910,500,0.9989267876553062,0.05490501237045383,0.6118636575634334,0.6101403576546793,-0.0017232999087540835,0.5513333333333333,0.5823802320955705,0.7555145318564802
career_seconds,7,2026-05-23T05:41:00+00:00,2026-06-03T05:24:00+00:00,4410,500,0.9989267876553062,0.053149705870804795,0.6091878200109806,0.6099657017590285,0.0007778817480479372,0.558,0.5796090830546601,0.7442537239814541
career_seconds,8,2026-06-03T05:32:00+00:00,2026-06-13T04:10:01+00:00,4910,500,0.9989267876553062,0.054848479163072936,0.6168040043789969,0.6162667529566295,-0.0005372514223673797,0.558,0.5861789852189792,0.7628880266075388
career_seconds,9,2026-06-13T04:12:01+00:00,2026-06-22T05:30:00+00:00,5410,500,0.9989267876553062,0.053868501991544165,0.6051414175132467,0.6068038307147051,0.0016624132014584347,0.554,0.5753072127397727,0.7439081101190477
career_seconds,10,2026-06-22T05:45:00+00:00,2026-07-03T05:16:00+00:00,5910,500,0.9989267876553062,0.05602531129647334,0.6023206162626358,0.6026371277776364,0.00031651151500067254,0.5486666666666666,0.5811852196019375,0.7320299581752748
career_seconds,11,2026-07-03T05:20:00+00:00,2026-07-11T07:52:00+00:00,6410,500,0.9989267876553062,0.05720359592873356,0.6080218701209745,0.607220530058684,-0.0008013400622904898,0.552,0.5776990216431866,0.7471830985915493
career_seconds,12,2026-07-11T08:01:00+00:00,2026-07-22T02:07:00+00:00,6910,500,0.9989267876553062,0.05522917402853563,0.619182764327878,0.6191088130337239,-7.39512941541065e-05,0.5666666666666667,0.5910730193557985,0.752028899445764
career_thirds,1,2026-03-15T06:10:00+00:00,2026-03-27T00:36:00+00:00,1410,500,0.9989267876553062,0.01868141668268697,0.6300278256990635,0.6304923667771924,0.00046454107812898826,0.578,0.6070952810134117,0.7588741860953582
career_thirds,2,2026-03-27T01:11:00+00:00,2026-04-04T06:44:00+00:00,1910,500,0.9989267876553062,0.02527830842932497,0.6261517043389135,0.6252989496681886,-0.0008527546707249867,0.5753333333333334,0.600223508534205,0.7503056234718827
career_thirds,3,2026-04-04T06:50:00+00:00,2026-04-17T01:25:00+00:00,2410,500,0.9989267876553062,0.026116496043841822,0.6280889408128764,0.6285659665335411,0.0004770257206647699,0.5713333333333334,0.6020561001230701,0.7695410993444276
career_thirds,4,2026-04-17T01:44:00+00:00,2026-05-01T05:19:00+00:00,2910,500,0.9989267876553062,0.02796492543369959,0.6112771681162608,0.6100375902591287,-0.0012395778571320237,0.5526666666666666,0.5841015153963701,0.7507155123068117
career_thirds,5,2026-05-01T05:26:00+00:00,2026-05-14T06:40:00+00:00,3410,500,0.9989267876553062,0.02937744910576919,0.5991614550260691,0.5990842502338147,-7.72047922543706e-05,0.5393333333333333,0.5671175426710244,0.7505527915975677
career_thirds,6,2026-05-14T06:52:00+00:00,2026-05-23T05:39:00+00:00,3910,500,0.9989267876553062,0.030770381798425225,0.6118636575634334,0.6096936992335746,-0.002169958329858779,0.5506666666666666,0.581642921520117,0.7557985420808483
career_thirds,7,2026-05-23T05:41:00+00:00,2026-06-03T05:24:00+00:00,4410,500,0.9989267876553062,0.03195352166772384,0.6091878200109806,0.6112186631491265,0.0020308431381459435,0.56,0.5800783617806828,0.7447962908158232
career_thirds,8,2026-06-03T05:32:00+00:00,2026-06-13T04:10:01+00:00,4910,500,0.9989267876553062,0.03674554218000919,0.6168040043789969,0.6147494156657101,-0.002054588713286787,0.556,0.5845253788490928,0.7624722838137472
career_thirds,9,2026-06-13T04:12:01+00:00,2026-06-22T05:30:00+00:00,5410,500,0.9989267876553062,0.03788948166806639,0.6051414175132467,0.6078585230036891,0.002717105490442462,0.5553333333333333,0.5760222616576135,0.7447451636904762
career_thirds,10,2026-06-22T05:45:00+00:00,2026-07-03T05:16:00+00:00,5910,500,0.9989267876553062,0.04151011964418263,0.6023206162626358,0.6026550399050792,0.0003344236424434044,0.5486666666666666,0.5810623345060285,0.7322244917809552
career_thirds,11,2026-07-03T05:20:00+00:00,2026-07-11T07:52:00+00:00,6410,500,0.9989267876553062,0.04015781670600854,0.6080218701209745,0.6072775338235231,-0.000744336297451409,0.552,0.5775983982048905,0.7475117370892019
career_thirds,12,2026-07-11T08:01:00+00:00,2026-07-22T02:07:00+00:00,6910,500,0.9989267876553062,0.036264894429615765,0.619182764327878,0.6198565136525748,0.0006737493246967707,0.568,0.5910507576981852,0.752375296912114
good_starts,1,2026-03-15T06:10:00+00:00,2026-03-27T00:36:00+00:00,1410,500,0.9989267876553062,0.015387302896362453,0.6300278256990635,0.6303719513013956,0.00034412560233210154,0.578,0.6067711490409111,0.7587166561646713
good_starts,2,2026-03-27T01:11:00+00:00,2026-04-04T06:44:00+00:00,1910,500,0.9989267876553062,0.012147410531245665,0.6261517043389135,0.6248989211355804,-0.0012527832033331077,0.5746666666666667,0.5998548532464784,0.7504074979625102
good_starts,3,2026-04-04T06:50:00+00:00,2026-04-17T01:25:00+00:00,2410,500,0.9989267876553062,0.0043073091428340315,0.6280889408128764,0.6262840850398249,-0.0018048557730514503,0.5673333333333334,0.6006260022873885,0.7698436712052446
good_starts,4,2026-04-17T01:44:00+00:00,2026-05-01T05:19:00+00:00,2910,500,0.9989267876553062,0.0035183902033931497,0.6112771681162608,0.6090201541500492,-0.002257013966211585,0.5513333333333333,0.5835093515744383,0.7499045983590917
good_starts,5,2026-05-01T05:26:00+00:00,2026-05-14T06:40:00+00:00,3410,500,0.9989267876553062,0.0019896639477251566,0.5991614550260691,0.5987722445591845,-0.00038921046688455974,0.5386666666666666,0.5673410512052292,0.7504145936981758
good_starts,6,2026-05-14T06:52:00+00:00,2026-05-23T05:39:00+00:00,3910,500,0.9989267876553062,-2.4658788321411906e-05,0.6118636575634334,0.6119105753499265,4.6917786493128055e-05,0.5533333333333333,0.5837097064929563,0.7572659282400833
good_starts,7,2026-05-23T05:41:00+00:00,2026-06-03T05:24:00+00:00,4410,500,0.9989267876553062,-0.004313570086647913,0.6091878200109806,0.6093857925923277,0.0001979725813471278,0.558,0.5786705256026144,0.7428726447666962
good_starts,8,2026-06-03T05:32:00+00:00,2026-06-13T04:10:01+00:00,4910,500,0.9989267876553062,-0.004936676601249075,0.6168040043789969,0.6156179413837142,-0.0011860629952826773,0.5573333333333333,0.5852404277669336,0.7625646711012565
good_starts,9,2026-06-13T04:12:01+00:00,2026-06-22T05:30:00+00:00,5410,500,0.9989267876553062,-0.008494315834073562,0.6051414175132467,0.6041170992830317,-0.0010243182302149823,0.5506666666666666,0.5727150489178412,0.7424200148809523
good_starts,10,2026-06-22T05:45:00+00:00,2026-07-03T05:16:00+00:00,5910,500,0.9989267876553062,-0.0060363704663376466,0.6023206162626358,0.6038812196517265,0.0015606033890906978,0.5506666666666666,0.5819670534926175,0.7322244917809552
good_starts,11,2026-07-03T05:20:00+00:00,2026-07-11T07:52:00+00:00,6410,500,0.9989267876553062,-0.0019336735109002814,0.6080218701209745,0.6095398300954882,0.0015179599745136496,0.5553333333333333,0.579229742917164,0.748262910798122
good_starts,12,2026-07-11T08:01:00+00:00,2026-07-22T02:07:00+00:00,6910,500,0.9989267876553062,-0.006657408770324255,0.619182764327878,0.6199970578075625,0.0008142934796845358,0.5686666666666667,0.5909723959175025,0.7516825019794141
good_wins,1,2026-03-15T06:10:00+00:00,2026-03-27T00:36:00+00:00,1410,500,0.9989267876553062,0.015567683464026996,0.6300278256990635,0.6313640506617672,0.0013362249627036915,0.5793333333333334,0.6078103299312526,0.7589792060491494
good_wins,2,2026-03-27T01:11:00+00:00,2026-04-04T06:44:00+00:00,1910,500,0.9989267876553062,0.042434719959013184,0.6261517043389135,0.6256376925305154,-0.0005140118083981626,0.5753333333333334,0.6009162957944328,0.7509678076609617
good_wins,3,2026-04-04T06:50:00+00:00,2026-04-17T01:25:00+00:00,2410,500,0.9989267876553062,0.03683533201875541,0.6280889408128764,0.6264393650631719,-0.0016495757497044794,0.5686666666666667,0.6007488873832977,0.7676752395360564
good_wins,4,2026-04-17T01:44:00+00:00,2026-05-01T05:19:00+00:00,2910,500,0.9989267876553062,0.04047195294262489,0.6112771681162608,0.6102579154847944,-0.0010192526314664052,0.5533333333333333,0.5847943026565976,0.749570692615913
good_wins,5,2026-05-01T05:26:00+00:00,2026-05-14T06:40:00+00:00,3410,500,0.9989267876553062,0.038862817052700956,0.5991614550260691,0.5989477576589515,-0.00021369736711762677,0.5393333333333333,0.5668940341368196,0.7502303298323199
good_wins,6,2026-05-14T06:52:00+00:00,2026-05-23T05:39:00+00:00,3910,500,0.9989267876553062,0.04064938235930025,0.6118636575634334,0.6120330922864026,0.00016943472296915285,0.554,0.5837658066160255,0.7563665625295845
good_wins,7,2026-05-23T05:41:00+00:00,2026-06-03T05:24:00+00:00,4410,500,0.9989267876553062,0.03329739691083743,0.6091878200109806,0.6092260816223172,3.826161133657635e-05,0.5573333333333333,0.5788717724792064,0.7433658873433955
good_wins,8,2026-06-03T05:32:00+00:00,2026-06-13T04:10:01+00:00,4910,500,0.9989267876553062,0.025173128547237897,0.6168040043789969,0.6148494274053192,-0.001954576973677624,0.556,0.5846482639450018,0.7627494456762749
good_wins,9,2026-06-13T04:12:01+00:00,2026-06-22T05:30:00+00:00,5410,500,0.9989267876553062,0.01963278375279964,0.6051414175132467,0.6073483318123742,0.0022069142991275603,0.5546666666666666,0.5754078361780686,0.7446521577380952
good_wins,10,2026-06-22T05:45:00+00:00,2026-07-03T05:16:00+00:00,5910,500,0.9989267876553062,0.016666598184080592,0.6023206162626358,0.6017895581302869,-0.0005310581323488828,0.5473333333333333,0.579878006862165,0.732613558992316
good_wins,11,2026-07-03T05:20:00+00:00,2026-07-11T07:52:00+00:00,6410,500,0.9989267876553062,0.017808536831569046,0.6080218701209745,0.6081581227767425,0.00013625265576799883,0.5533333333333333,0.5787827258487541,0.7471830985915493
good_wins,12,2026-07-11T08:01:00+00:00,2026-07-22T02:07:00+00:00,6910,500,0.9989267876553062,0.011281340845268103,0.619182764327878,0.6194730050491501,0.0002902407212721503,0.568,0.5900115768078438,0.7518804433887569
soft_starts,1,2026-03-15T06:10:00+00:00,2026-03-27T00:36:00+00:00,1410,500,0.9989267876553062,0.02315013232471287,0.6300278256990635,0.6323220615915057,0.0022942358924422646,0.5806666666666667,0.60850311719148,0.7594517958412098
soft_starts,2,2026-03-27T01:11:00+00:00,2026-04-04T06:44:00+00:00,1910,500,0.9989267876553062,0.0161127266570393,0.6261517043389135,0.6269030531675039,0.0007513488285904035,0.5773333333333334,0.6019777383423871,0.7509678076609617
soft_starts,3,2026-04-04T06:50:00+00:00,2026-04-17T01:25:00+00:00,2410,500,0.9989267876553062,0.008913683356850383,0.6280889408128764,0.6261510118832263,-0.0019379289296500568,0.568,0.6005253788490927,0.7680786686838124
soft_starts,4,2026-04-17T01:44:00+00:00,2026-05-01T05:19:00+00:00,2910,500,0.9989267876553062,-0.008475237962074663,0.6112771681162608,0.6101211212053607,-0.0011560469109000993,0.5533333333333333,0.5835316132320513,0.7502862049227247
soft_starts,5,2026-05-01T05:26:00+00:00,2026-05-14T06:40:00+00:00,3410,500,0.9989267876553062,-0.010691245564170969,0.5991614550260691,0.5968693628353384,-0.002292092190730677,0.536,0.5646482639450018,0.7508291873963516
soft_starts,6,2026-05-14T06:52:00+00:00,2026-05-23T05:39:00+00:00,3910,500,0.9989267876553062,-0.012524785320918943,0.6118636575634334,0.6106197438719251,-0.001243913691508336,0.5513333333333333,0.5829723959175023,0.7568399129035311
soft_starts,7,2026-05-23T05:41:00+00:00,2026-06-03T05:24:00+00:00,4410,500,0.9989267876553062,-0.015418626545435686,0.6091878200109806,0.6089410850851756,-0.0002467349258049589,0.5566666666666666,0.5786705256026146,0.7437604814047548
soft_starts,8,2026-06-03T05:32:00+00:00,2026-06-13T04:10:01+00:00,4910,500,0.9989267876553062,-0.015306922491423186,0.6168040043789969,0.6153077048722582,-0.0014962995067386853,0.5566666666666666,0.5852404277669334,0.7626570583887657
soft_starts,9,2026-06-13T04:12:01+00:00,2026-06-22T05:30:00+00:00,5410,500,0.9989267876553062,-0.014636674837473482,0.6051414175132467,0.604555288924464,-0.0005861285887827083,0.5506666666666666,0.5733517360549988,0.7435360863095238
soft_starts,10,2026-06-22T05:45:00+00:00,2026-07-03T05:16:00+00:00,5910,500,0.9989267876553062,-0.013566811316909793,0.6023206162626358,0.6040346952063262,0.0017140789436904669,0.5513333333333333,0.5822689238075051,0.7312031903511331
soft_starts,11,2026-07-03T05:20:00+00:00,2026-07-11T07:52:00+00:00,6410,500,0.9989267876553062,-0.008513724020430633,0.6080218701209745,0.6083417846839358,0.0003199145629613209,0.554,0.577620659862504,0.7477464788732394
soft_starts,12,2026-07-11T08:01:00+00:00,2026-07-22T02:07:00+00:00,6910,500,0.9989267876553062,-0.008743040845744928,0.619182764327878,0.6205208328725662,0.001338068544688209,0.57,0.5913410512052293,0.7507422802850356
soft_wins,1,2026-03-15T06:10:00+00:00,2026-03-27T00:36:00+00:00,1410,500,0.9989267876553062,0.023959622102414976,0.6300278256990635,0.6299918103730474,-3.6015326016047844e-05,0.578,0.6059332150271612,0.7580340264650284
soft_wins,2,2026-03-27T01:11:00+00:00,2026-04-04T06:44:00+00:00,1910,500,0.9989267876553062,-0.00030859731069769866,0.6261517043389135,0.6263147086144127,0.00016300427549920116,0.576,0.6018325915888652,0.7514262428687857
soft_wins,3,2026-04-04T06:50:00+00:00,2026-04-17T01:25:00+00:00,2410,500,0.9989267876553062,0.0035864866499628312,0.6280889408128764,0.6282583993185555,0.00016945850567917642,0.5706666666666667,0.6032181661093203,0.7684820978315683
soft_wins,4,2026-04-17T01:44:00+00:00,2026-05-01T05:19:00+00:00,2910,500,0.9989267876553062,-0.006009608345171729,0.6112771681162608,0.6098279909084485,-0.0014491772078122356,0.5526666666666666,0.5839786303004608,0.75
soft_wins,5,2026-05-01T05:26:00+00:00,2026-05-14T06:40:00+00:00,3410,500,0.9989267876553062,-0.007250664626683598,0.5991614550260691,0.6003178610848315,0.001156406058762438,0.5406666666666666,0.5686482639450017,0.7512898470609913
soft_wins,6,2026-05-14T06:52:00+00:00,2026-05-23T05:39:00+00:00,3910,500,0.9989267876553062,-0.016260785846756342,0.6118636575634334,0.6115003883664574,-0.000363269196976046,0.5533333333333333,0.583441674643525,0.7558932121556377
soft_wins,7,2026-05-23T05:41:00+00:00,2026-06-03T05:24:00+00:00,4410,500,0.9989267876553062,-0.008525715553831342,0.6091878200109806,0.6084105993128225,-0.0007772206981581098,0.556,0.5778325915888648,0.7438098056624248
soft_wins,8,2026-06-03T05:32:00+00:00,2026-06-13T04:10:01+00:00,4910,500,0.9989267876553062,-0.003261140677464831,0.6168040043789969,0.6163842961037127,-0.00041970827528414745,0.558,0.5862796086572749,0.7632575757575758
soft_wins,9,2026-06-13T04:12:01+00:00,2026-06-22T05:30:00+00:00,5410,500,0.9989267876553062,-0.007279742795313197,0.6051414175132467,0.6056418873319924,0.0005004698187457413,0.5526666666666666,0.5736981296851126,0.7435360863095238
soft_wins,10,2026-06-22T05:45:00+00:00,2026-07-03T05:16:00+00:00,5910,500,0.9989267876553062,-0.0031068990147301748,0.6023206162626358,0.6016254946483377,-0.0006951216142980776,0.548,0.5788610876294368,0.731640890963914
soft_wins,11,2026-07-03T05:20:00+00:00,2026-07-11T07:52:00+00:00,6410,500,0.9989267876553062,-0.0032005142042063387,0.6080218701209745,0.6088862832018768,0.0008644130809022377,0.5546666666666666,0.5785592173145493,0.7476525821596244
soft_wins,12,2026-07-11T08:01:00+00:00,2026-07-22T02:07:00+00:00,6910,500,0.9989267876553062,0.002370935862658484,0.619182764327878,0.618571698060413,-0.000611066267464988,0.5666666666666667,0.5894194129859122,0.7515340459224069
heavy_starts,1,2026-03-15T06:10:00+00:00,2026-03-27T00:36:00+00:00,1410,500,0.9989267876553062,-0.010805832436947488,0.6300278256990635,0.63069999058269,0.0006721648836265359,0.5786666666666667,0.6071175426710247,0.758349086326402
heavy_starts,2,2026-03-27T01:11:00+00:00,2026-04-04T06:44:00+00:00,1910,500,0.9989267876553062,-0.014806150877968383,0.6261517043389135,0.6265622259440563,0.00041052160514276625,0.576,0.6018548532464781,0.7523940505297474
heavy_starts,3,2026-04-04T06:50:00+00:00,2026-04-17T01:25:00+00:00,2410,500,0.9989267876553062,-0.019932596957047896,0.6280889408128764,0.6273862030428506,-0.0007027377700257187,0.57,0.6026260022873887,0.7669188098840142
heavy_starts,4,2026-04-17T01:44:00+00:00,2026-05-01T05:19:00+00:00,2910,500,0.9989267876553062,-0.01853746059233273,0.6112771681162608,0.6130051069732018,0.0017279388569410026,0.5573333333333333,0.587162957944324,0.7501908032818164
heavy_starts,5,2026-05-01T05:26:00+00:00,2026-05-14T06:40:00+00:00,3410,500,0.9989267876553062,-0.018334878203740575,0.5991614550260691,0.5971451137105916,-0.0020163413154774545,0.5366666666666666,0.5646482639450018,0.7505988575640317
heavy_starts,6,2026-05-14T06:52:00+00:00,2026-05-23T05:39:00+00:00,3910,500,0.9989267876553062,-0.02608446525280957,0.6118636575634334,0.6109102364922919,-0.0009534210711414914,0.5526666666666666,0.5826037406297754,0.7557038720060589
heavy_starts,7,2026-05-23T05:41:00+00:00,2026-06-03T05:24:00+00:00,4410,500,0.9989267876553062,-0.02555766486690929,0.6091878200109806,0.6109723228173831,0.0017845028064025215,0.56,0.5804247554107967,0.7434645358587353
heavy_starts,8,2026-06-03T05:32:00+00:00,2026-06-13T04:10:01+00:00,4910,500,0.9989267876553062,-0.022860859535317857,0.6168040043789969,0.6147861199362227,-0.002017884442774176,0.556,0.5846260022873887,0.7625184774575019
heavy_starts,9,2026-06-13T04:12:01+00:00,2026-06-22T05:30:00+00:00,5410,500,0.9989267876553062,-0.022488279970607948,0.6051414175132467,0.6040343141195509,-0.0011071033936957964,0.55,0.5723686552877273,0.7437686011904762
heavy_starts,10,2026-06-22T05:45:00+00:00,2026-07-03T05:16:00+00:00,5910,500,0.9989267876553062,-0.014799154947571015,0.6023206162626358,0.6031534871624744,0.0008328708998386336,0.5493333333333333,0.5814309897937553,0.7325162921894758
heavy_starts,11,2026-07-03T05:20:00+00:00,2026-07-11T07:52:00+00:00,6410,500,0.9989267876553062,-0.01338598449736075,0.6080218701209745,0.6107735047245126,0.002751634603538111,0.5566666666666666,0.581497774766595,0.748262910798122
heavy_starts,12,2026-07-11T08:01:00+00:00,2026-07-22T02:07:00+00:00,6910,500,0.9989267876553062,-0.016329932246644325,0.619182764327878,0.6192874349778913,0.00010467065001329434,0.568,0.5900115768078439,0.7511381631037213
heavy_wins,1,2026-03-15T06:10:00+00:00,2026-03-27T00:36:00+00:00,1410,500,0.9989267876553062,-0.02464226905251231,0.6300278256990635,0.6299630159944534,-6.48097046100915e-05,0.578,0.6052404277669337,0.75861163621088
heavy_wins,2,2026-03-27T01:11:00+00:00,2026-04-04T06:44:00+00:00,1910,500,0.9989267876553062,-0.032069656493750154,0.6261517043389135,0.6266840158730436,0.0005323115341300255,0.5766666666666667,0.6020783617806831,0.7513243683781581
heavy_wins,3,2026-04-04T06:50:00+00:00,2026-04-17T01:25:00+00:00,2410,500,0.9989267876553062,-0.03576477770003596,0.6280889408128764,0.6276060317298384,-0.0004829090830379412,0.57,0.6027488873832976,0.7676752395360564
heavy_wins,4,2026-04-17T01:44:00+00:00,2026-05-01T05:19:00+00:00,2910,500,0.9989267876553062,-0.039104328169477974,0.6112771681162608,0.6126172019556642,0.0013400338394033984,0.5566666666666666,0.5870400728484154,0.7500954016409083
heavy_wins,5,2026-05-01T05:26:00+00:00,2026-05-14T06:40:00+00:00,3410,500,0.9989267876553062,-0.036200128331256735,0.5991614550260691,0.5980562627963607,-0.001105192229708396,0.538,0.5661789852189788,0.750046065966464
heavy_wins,6,2026-05-14T06:52:00+00:00,2026-05-23T05:39:00+00:00,3910,500,0.9989267876553062,-0.03126047884440526,0.6118636575634334,0.6120708673156596,0.00020720975222621174,0.554,0.5840115768078437,0.7562718924547951
heavy_wins,7,2026-05-23T05:41:00+00:00,2026-06-03T05:24:00+00:00,4410,500,0.9989267876553062,-0.0329436885362115,0.6091878200109806,0.6096948438901099,0.0005070238791292647,0.558,0.5791175426710243,0.743661832889415
heavy_wins,8,2026-06-03T05:32:00+00:00,2026-06-13T04:10:01+00:00,4910,500,0.9989267876553062,-0.029224449763965408,0.6168040043789969,0.6150304721380536,-0.001773532240943232,0.556,0.5850952810134115,0.7630266075388027
heavy_wins,9,2026-06-13T04:12:01+00:00,2026-06-22T05:30:00+00:00,5410,500,0.9989267876553062,-0.023362782059022102,0.6051414175132467,0.6034399962179748,-0.0017014212952718433,0.5493333333333333,0.5720222616576134,0.7430710565476191
heavy_wins,10,2026-06-22T05:45:00+00:00,2026-07-03T05:16:00+00:00,5910,500,0.9989267876553062,-0.022541916566937225,0.6023206162626358,0.6035734189033362,0.001252802640700379,0.55,0.581777383423869,0.7325162921894758
heavy_wins,11,2026-07-03T05:20:00+00:00,2026-07-11T07:52:00+00:00,6410,500,0.9989267876553062,-0.026682821691520964,0.6080218701209745,0.6093665820699182,0.0013447119489436998,0.5553333333333333,0.5790062343829591,0.7477934272300469
heavy_wins,12,2026-07-11T08:01:00+00:00,2026-07-22T02:07:00+00:00,6910,500,0.9989267876553062,-0.02592384775772491,0.619182764327878,0.6196826259607033,0.000499861632825338,0.5686666666666667,0.58966518317773,0.7517319873317498
distance_starts,1,2026-03-15T06:10:00+00:00,2026-03-27T00:36:00+00:00,1410,500,0.9989267876553062,0.026676165091220852,0.6300278256990635,0.6308740151642565,0.0008461894651929924,0.5786666666666667,0.6073410512052297,0.7588216761184625
distance_starts,2,2026-03-27T01:11:00+00:00,2026-04-04T06:44:00+00:00,1910,500,0.9989267876553062,0.022392367546595415,0.6261517043389135,0.6253578382142664,-0.0007938661246471579,0.5746666666666667,0.6005699021643189,0.7515281173594132
distance_starts,3,2026-04-04T06:50:00+00:00,2026-04-17T01:25:00+00:00,2410,500,0.9989267876553062,0.02442906592102277,0.6280889408128764,0.6273861226457724,-0.0007028181671039357,0.5686666666666667,0.6028717724792065,0.7693393847705496
distance_starts,4,2026-04-17T01:44:00+00:00,2026-05-01T05:19:00+00:00,2910,500,0.9989267876553062,0.022687619475600922,0.6112771681162608,0.6103652423308161,-0.0009119257854446339,0.5533333333333333,0.5847943026565976,0.75
distance_starts,5,2026-05-01T05:26:00+00:00,2026-05-14T06:40:00+00:00,3410,500,0.9989267876553062,0.024529198207028084,0.5991614550260691,0.5980716074888475,-0.0010898475372216332,0.538,0.5660561001230698,0.7502303298323199
distance_starts,6,2026-05-14T06:52:00+00:00,2026-05-23T05:39:00+00:00,3910,500,0.9989267876553062,0.01689621264636921,0.6118636575634334,0.6097392602504521,-0.0021243973129813076,0.5513333333333333,0.5812965278900032,0.7549938464451387
distance_starts,7,2026-05-23T05:41:00+00:00,2026-06-03T05:24:00+00:00,4410,500,0.9989267876553062,0.008169379620235177,0.6091878200109806,0.6095825958922685,0.0003947758812878899,0.558,0.5785699021643189,0.7437604814047548
distance_starts,8,2026-06-03T05:32:00+00:00,2026-06-13T04:10:01+00:00,4910,500,0.9989267876553062,0.007451940899515724,0.6168040043789969,0.6159950856368281,-0.0008089187421687072,0.5573333333333333,0.5860561001230701,0.7632575757575758
distance_starts,9,2026-06-13T04:12:01+00:00,2026-06-22T05:30:00+00:00,5410,500,0.9989267876553062,0.006565747883952229,0.6051414175132467,0.6066481973698024,0.0015067798565556734,0.5533333333333333,0.5755529829315907,0.7443731398809523
distance_starts,10,2026-06-22T05:45:00+00:00,2026-07-03T05:16:00+00:00,5910,500,0.9989267876553062,0.006199861973786351,0.6023206162626358,0.6021007783016943,-0.00021983796094149355,0.5473333333333333,0.5817551217662559,0.7319813247738547
distance_starts,11,2026-07-03T05:20:00+00:00,2026-07-11T07:52:00+00:00,6410,500,0.9989267876553062,0.008999409960716786,0.6080218701209745,0.6073289209634459,-0.0006929491575285995,0.552,0.5779447918350044,0.7473708920187794
distance_starts,12,2026-07-11T08:01:00+00:00,2026-07-22T02:07:00+00:00,6910,500,0.9989267876553062,0.008643829555712464,0.619182764327878,0.619652458155425,0.00046969382754702416,0.5673333333333334,0.591419412985912,0.7525237529691211
distance_wins,1,2026-03-15T06:10:00+00:00,2026-03-27T00:36:00+00:00,1410,500,0.9989267876553062,0.025779249671867052,0.6300278256990635,0.6311687937814274,0.001140968082363969,0.5793333333333334,0.6068717724792068,0.7591367359798362
distance_wins,2,2026-03-27T01:11:00+00:00,2026-04-04T06:44:00+00:00,1910,500,0.9989267876553062,0.021135659549839463,0.6261517043389135,0.625352585562946,-0.0007991187759675,0.5746666666666667,0.60044701706841,0.7516299918500408
distance_wins,3,2026-04-04T06:50:00+00:00,2026-04-17T01:25:00+00:00,2410,500,0.9989267876553062,0.03546463367814047,0.6280889408128764,0.6272852068966727,-0.0008037339162036972,0.5686666666666667,0.6029723959175025,0.7688350983358547
distance_wins,4,2026-04-17T01:44:00+00:00,2026-05-01T05:19:00+00:00,2910,500,0.9989267876553062,0.03761841717593649,0.6112771681162608,0.6099503649313176,-0.0013268031849431594,0.5526666666666666,0.5843250239305747,0.7501431024613623
distance_wins,5,2026-05-01T05:26:00+00:00,2026-05-14T06:40:00+00:00,3410,500,0.9989267876553062,0.04476272139837791,0.5991614550260691,0.6006603287727179,0.00149887374664881,0.542,0.5685031171914795,0.750138197899392
distance_wins,6,2026-05-14T06:52:00+00:00,2026-05-23T05:39:00+00:00,3910,500,0.9989267876553062,0.030352274958807074,0.6118636575634334,0.611300935300053,-0.0005627222633803886,0.5533333333333333,0.5829278726022759,0.7556092019312696
distance_wins,7,2026-05-23T05:41:00+00:00,2026-06-03T05:24:00+00:00,4410,500,0.9989267876553062,0.032712426041098724,0.6091878200109806,0.6076878200109805,-0.0015000000000000568,0.5553333333333333,0.5763241319725009,0.7437604814047548
distance_wins,8,2026-06-03T05:32:00+00:00,2026-06-13T04:10:01+00:00,4910,500,0.9989267876553062,0.030057636134790247,0.6168040043789969,0.6138037809134195,-0.0030002234655773785,0.5546666666666666,0.5833633128628425,0.7625184774575019
distance_wins,9,2026-06-13T04:12:01+00:00,2026-06-22T05:30:00+00:00,5410,500,0.9989267876553062,0.025326771424873572,0.6051414175132467,0.6061499791377434,0.0010085616244966955,0.5526666666666666,0.5746144254795451,0.7446521577380952
distance_wins,10,2026-06-22T05:45:00+00:00,2026-07-03T05:16:00+00:00,5910,500,0.9989267876553062,0.026306871352130296,0.6023206162626358,0.6019638053874564,-0.0003568108751793586,0.548,0.579922530177391,0.7319326913724346
distance_wins,11,2026-07-03T05:20:00+00:00,2026-07-11T07:52:00+00:00,6410,500,0.9989267876553062,0.023081288657841446,0.6080218701209745,0.6083078966239088,0.0002860265029343001,0.5533333333333333,0.5790062343829591,0.7475586854460093
distance_wins,12,2026-07-11T08:01:00+00:00,2026-07-22T02:07:00+00:00,6910,500,0.9989267876553062,0.025163860026241602,0.619182764327878,0.6196142400809524,0.00043147575307445063,0.568,0.5906260022873886,0.7518309580364212
track_starts,1,2026-03-15T06:10:00+00:00,2026-03-27T00:36:00+00:00,1410,500,0.9989267876553062,0.04130719092417233,0.6300278256990635,0.630729341365429,0.0007015156663655597,0.5786666666666667,0.6069723959175028,0.75861163621088
track_starts,2,2026-03-27T01:11:00+00:00,2026-04-04T06:44:00+00:00,1910,500,0.9989267876553062,0.028822335079645184,0.6261517043389135,0.6270558649034452,0.0009041605645316864,0.5773333333333334,0.6019777383423871,0.751579054604727
track_starts,3,2026-04-04T06:50:00+00:00,2026-04-17T01:25:00+00:00,2410,500,0.9989267876553062,0.02782606876701433,0.6280889408128764,0.6274256360454569,-0.0006633047674194925,0.5693333333333334,0.6024024937531839,0.7686333837619768
track_starts,4,2026-04-17T01:44:00+00:00,2026-05-01T05:19:00+00:00,2910,500,0.9989267876553062,0.023010445351509725,0.6112771681162608,0.6113179980729646,4.082995670384726e-05,0.5546666666666666,0.5855093515744382,0.750429307384087
track_starts,5,2026-05-01T05:26:00+00:00,2026-05-14T06:40:00+00:00,3410,500,0.9989267876553062,0.02176537727605591,0.5991614550260691,0.5995003537738057,0.00033889874773662676,0.54,0.5675868213970472,0.7504145936981758
track_starts,6,2026-05-14T06:52:00+00:00,2026-05-23T05:39:00+00:00,3910,500,0.9989267876553062,0.01821461460952866,0.6118636575634334,0.6126121133317615,0.000748455768328049,0.5546666666666666,0.5845592173145493,0.7565559026791631
track_starts,7,2026-05-23T05:41:00+00:00,2026-06-03T05:24:00+00:00,4410,500,0.9989267876553062,0.021705401642200688,0.6091878200109806,0.6116321101965801,0.0024442901855995514,0.5606666666666666,0.5807934106985236,0.7444016967544639
track_starts,8,2026-06-03T05:32:00+00:00,2026-06-13T04:10:01+00:00,4910,500,0.9989267876553062,0.023529968637475588,0.6168040043789969,0.6157583578870972,-0.0010456464918996433,0.5573333333333333,0.5857097064929565,0.7626570583887657
track_starts,9,2026-06-13T04:12:01+00:00,2026-06-22T05:30:00+00:00,5410,500,0.9989267876553062,0.014059599750199185,0.6051414175132467,0.605796830747569,0.0006554132343222774,0.5526666666666666,0.5738993765617045,0.7439546130952381
track_starts,10,2026-06-22T05:45:00+00:00,2026-07-03T05:16:00+00:00,5910,500,0.9989267876553062,0.015238677291384136,0.6023206162626358,0.6017592992898044,-0.0005613169728313494,0.5473333333333333,0.580146038711596,0.7322244917809552
track_starts,11,2026-07-03T05:20:00+00:00,2026-07-11T07:52:00+00:00,6410,500,0.9989267876553062,0.016147143040410494,0.6080218701209745,0.6079849259616856,-3.6944159288898604e-05,0.5533333333333333,0.5780899385885264,0.7471830985915493
track_starts,12,2026-07-11T08:01:00+00:00,2026-07-22T02:07:00+00:00,6910,500,0.9989267876553062,0.013630908245832893,0.619182764327878,0.6198751403228175,0.0006923759949395425,0.5673333333333334,0.5921122002461398,0.7527216943784639
track_wins,1,2026-03-15T06:10:00+00:00,2026-03-27T00:36:00+00:00,1410,500,0.9989267876553062,0.03761231569578449,0.6300278256990635,0.6288850787956194,-0.0011427469034440696,0.576,0.6047711490409109,0.7587691661415669
track_wins,2,2026-03-27T01:11:00+00:00,2026-04-04T06:44:00+00:00,1910,500,0.9989267876553062,0.03885182869770329,0.6261517043389135,0.6264699052444517,0.0003182009055381352,0.5766666666666667,0.6009162957944327,0.7516299918500408
track_wins,3,2026-04-04T06:50:00+00:00,2026-04-17T01:25:00+00:00,2410,500,0.9989267876553062,0.05031036251375401,0.6280889408128764,0.628308827962025,0.00021988714914866758,0.5706666666666667,0.6032181661093203,0.7686838124054463
track_wins,4,2026-04-17T01:44:00+00:00,2026-05-01T05:19:00+00:00,2910,500,0.9989267876553062,0.066100172401429,0.6112771681162608,0.6093471276926723,-0.0019300404235884638,0.552,0.5835316132320513,0.7498568975386377
track_wins,5,2026-05-01T05:26:00+00:00,2026-05-14T06:40:00+00:00,3410,500,0.9989267876553062,0.06312906668963388,0.5991614550260691,0.5997443548630873,0.0005828998370182026,0.54,0.5680561001230698,0.7509213193292795
track_wins,6,2026-05-14T06:52:00+00:00,2026-05-23T05:39:00+00:00,3910,500,0.9989267876553062,0.060555364796871666,0.6118636575634334,0.61250968657115,0.0006460290077165975,0.5546666666666666,0.5844808555338665,0.7562245574174004
track_wins,7,2026-05-23T05:41:00+00:00,2026-06-03T05:24:00+00:00,4410,500,0.9989267876553062,0.061677661201640796,0.6091878200109806,0.6082369087670265,-0.0009509112439540779,0.556,0.5770391808903415,0.7439084541777646
track_wins,8,2026-06-03T05:32:00+00:00,2026-06-13T04:10:01+00:00,4910,500,0.9989267876553062,0.06132569569633985,0.6168040043789969,0.616389861518116,-0.0004141428608808173,0.558,0.5863018703148881,0.7632575757575758
track_wins,9,2026-06-13T04:12:01+00:00,2026-06-22T05:30:00+00:00,5410,500,0.9989267876553062,0.05716979357597944,0.6051414175132467,0.6049802187539406,-0.0001611987593060915,0.5513333333333333,0.5732065893014768,0.7440476190476191
track_wins,10,2026-06-22T05:45:00+00:00,2026-07-03T05:16:00+00:00,5910,500,0.9989267876553062,0.05338933354407989,0.6023206162626358,0.6025610094027352,0.00024039314009938195,0.5486666666666666,0.580637579095232,0.7322731251823753
track_wins,11,2026-07-03T05:20:00+00:00,2026-07-11T07:52:00+00:00,6410,500,0.9989267876553062,0.04988796811636247,0.6080218701209745,0.6081565435165985,0.0001346733956240076,0.5533333333333333,0.5777435449584128,0.7482159624413146
track_wins,12,2026-07-11T08:01:00+00:00,2026-07-22T02:07:00+00:00,6910,500,0.9989267876553062,0.04962911084950722,0.619182764327878,0.619862079066978,0.0006793147390999899,0.568,0.5910730193557983,0.752375296912114
first_up_starts,1,2026-03-15T06:10:00+00:00,2026-03-27T00:36:00+00:00,1410,500,0.9989267876553062,0.01931735012327331,0.6300278256990635,0.6312336034860375,0.0012057777869740605,0.5793333333333334,0.6073410512052296,0.7589266960722537
first_up_starts,2,2026-03-27T01:11:00+00:00,2026-04-04T06:44:00+00:00,1910,500,0.9989267876553062,0.009413360867864491,0.6261517043389135,0.6269076802926584,0.0007559759537448807,0.5773333333333334,0.6023018703148879,0.750662184189079
first_up_starts,3,2026-04-04T06:50:00+00:00,2026-04-17T01:25:00+00:00,2410,500,0.9989267876553062,0.00019302149128423335,0.6280889408128764,0.6266103583630726,-0.0014785824498038114,0.5686666666666667,0.6006260022873886,0.7684820978315683
first_up_starts,4,2026-04-17T01:44:00+00:00,2026-05-01T05:19:00+00:00,2910,500,0.9989267876553062,-0.003112244657739624,0.6112771681162608,0.6103877872916962,-0.0008893808245645785,0.5533333333333333,0.5846936792183015,0.7501908032818164
first_up_starts,5,2026-05-01T05:26:00+00:00,2026-05-14T06:40:00+00:00,3410,500,0.9989267876553062,-0.0048342723500761,0.5991614550260691,0.5992070715517162,4.5616525647051986e-05,0.5393333333333333,0.5668717724792065,0.7512898470609913
first_up_starts,6,2026-05-14T06:52:00+00:00,2026-05-23T05:39:00+00:00,3910,500,0.9989267876553062,-0.007054375332528188,0.6118636575634334,0.6108972000717072,-0.0009664574917261914,0.552,0.5827488873832974,0.7568399129035311
first_up_starts,7,2026-05-23T05:41:00+00:00,2026-06-03T05:24:00+00:00,4410,500,0.9989267876553062,-0.010836913272674966,0.6091878200109806,0.6079655117123867,-0.0012223082985939326,0.5553333333333333,0.5773855745204551,0.7438098056624248
first_up_starts,8,2026-06-03T05:32:00+00:00,2026-06-13T04:10:01+00:00,4910,500,0.9989267876553062,-0.011244016409478629,0.6168040043789969,0.6142102993222005,-0.002593705056796347,0.5553333333333333,0.5839332150271612,0.7622413155949741
first_up_starts,9,2026-06-13T04:12:01+00:00,2026-06-22T05:30:00+00:00,5410,500,0.9989267876553062,-0.009343644822797134,0.6051414175132467,0.6074328736473009,0.002291456134054237,0.5553333333333333,0.5755752445892036,0.7434895833333334
first_up_starts,10,2026-06-22T05:45:00+00:00,2026-07-03T05:16:00+00:00,5910,500,0.9989267876553062,-0.00910556368371445,0.6023206162626358,0.6026818970029452,0.0003612807403093887,0.5493333333333333,0.5807604641911408,0.7313004571539733
first_up_starts,11,2026-07-03T05:20:00+00:00,2026-07-11T07:52:00+00:00,6410,500,0.9989267876553062,-0.0003789889215071851,0.6080218701209745,0.6092338546737917,0.0012119845528171247,0.5546666666666666,0.5791513811364812,0.7484507042253521
first_up_starts,12,2026-07-11T08:01:00+00:00,2026-07-22T02:07:00+00:00,6910,500,0.9989267876553062,-0.002707248781621432,0.619182764327878,0.619817467293172,0.0006347029652939984,0.5686666666666667,0.5907488873832976,0.751187648456057
first_up_wins,1,2026-03-15T06:10:00+00:00,2026-03-27T00:36:00+00:00,1410,500,0.9989267876553062,-0.013876410392072715,0.6300278256990635,0.630413601811849,0.000385776112785563,0.578,0.6070952810134117,0.7585591262339845
first_up_wins,2,2026-03-27T01:11:00+00:00,2026-04-04T06:44:00+00:00,1910,500,0.9989267876553062,-0.010760010493443158,0.6261517043389135,0.6266431020595086,0.0004913977205950326,0.5766666666666667,0.6016090830546603,0.7516299918500408
first_up_wins,3,2026-04-04T06:50:00+00:00,2026-04-17T01:25:00+00:00,2410,500,0.9989267876553062,-0.018477301453056604,0.6280889408128764,0.6270994431192876,-0.0009894976935888034,0.5693333333333334,0.6021567235613658,0.7675743822491174
first_up_wins,4,2026-04-17T01:44:00+00:00,2026-05-01T05:19:00+00:00,2910,500,0.9989267876553062,-0.01580976159523328,0.6112771681162608,0.6098417326359489,-0.0014354354803118863,0.5526666666666666,0.5842244004922789,0.7498091967181836
first_up_wins,5,2026-05-01T05:26:00+00:00,2026-05-14T06:40:00+00:00,3410,500,0.9989267876553062,-0.01003760268934636,0.5991614550260691,0.5976192491494796,-0.0015422058765894864,0.5373333333333333,0.565810329931252,0.75
first_up_wins,6,2026-05-14T06:52:00+00:00,2026-05-23T05:39:00+00:00,3910,500,0.9989267876553062,0.004386370526032675,0.6118636575634334,0.613339990044736,0.0014763324813026335,0.556,0.5854194129859119,0.7559405471930323
first_up_wins,7,2026-05-23T05:41:00+00:00,2026-06-03T05:24:00+00:00,4410,500,0.9989267876553062,0.007756125928679259,0.6091878200109806,0.6095584274941724,0.00037060748319184267,0.558,0.5786705256026146,0.7435631843740752
first_up_wins,8,2026-06-03T05:32:00+00:00,2026-06-13T04:10:01+00:00,4910,500,0.9989267876553062,0.0104206382744865,0.6168040043789969,0.6172142232810393,0.00041021890204240297,0.5593333333333333,0.5878103299312523,0.7623798965262379
first_up_wins,9,2026-06-13T04:12:01+00:00,2026-06-22T05:30:00+00:00,5410,500,0.9989267876553062,0.01266456335955328,0.6051414175132467,0.6036792613578977,-0.0014621561553489482,0.55,0.5715529829315908,0.7431640625
first_up_wins,10,2026-06-22T05:45:00+00:00,2026-07-03T05:16:00+00:00,5910,500,0.9989267876553062,0.011583979145856876,0.6023206162626358,0.6029093377409862,0.0005887214783504291,0.5486666666666666,0.5811068578212545,0.7331971598093571
first_up_wins,11,2026-07-03T05:20:00+00:00,2026-07-11T07:52:00+00:00,6410,500,0.9989267876553062,0.016344983440051232,0.6080218701209745,0.60845073063858,0.0004288605176054894,0.554,0.5782911854651182,0.7475117370892019
first_up_wins,12,2026-07-11T08:01:00+00:00,2026-07-22T02:07:00+00:00,6910,500,0.9989267876553062,0.02592641936641093,0.619182764327878,0.6185785049431528,-0.000604259384725192,0.5666666666666667,0.5890507576981852,0.7519299287410927
second_up_starts,1,2026-03-15T06:10:00+00:00,2026-03-27T00:36:00+00:00,1410,500,0.9989267876553062,0.013822578035114589,0.6300278256990635,0.6307304404943028,0.0007026147952393647,0.5786666666666667,0.6068717724792069,0.7587166561646713
second_up_starts,2,2026-03-27T01:11:00+00:00,2026-04-04T06:44:00+00:00,1910,500,0.9989267876553062,0.005471177329058904,0.6261517043389135,0.6268694773586732,0.0007177730197596155,0.5773333333333334,0.6023018703148879,0.7505093724531378
second_up_starts,3,2026-04-04T06:50:00+00:00,2026-04-17T01:25:00+00:00,2410,500,0.9989267876553062,-0.0018290539983962617,0.6280889408128764,0.6287869390122941,0.0006979981994177376,0.572,0.6043802320955709,0.7667675239536057
second_up_starts,4,2026-04-17T01:44:00+00:00,2026-05-01T05:19:00+00:00,2910,500,0.9989267876553062,-0.0028882422079327705,0.6112771681162608,0.6108353183348014,-0.00044184978145933584,0.554,0.5848165643142105,0.7505247090249952
second_up_starts,5,2026-05-01T05:26:00+00:00,2026-05-14T06:40:00+00:00,3410,500,0.9989267876553062,-0.0001313227005122508,0.5991614550260691,0.5994499782766503,0.0002885232505811519,0.54,0.5666482639450017,0.7511516491615994
second_up_starts,6,2026-05-14T06:52:00+00:00,2026-05-23T05:39:00+00:00,3910,500,0.9989267876553062,-0.001110323157251446,0.6118636575634334,0.6114296714900058,-0.00043398607342759465,0.5526666666666666,0.5836874448353431,0.7566979077913472
second_up_starts,7,2026-05-23T05:41:00+00:00,2026-06-03T05:24:00+00:00,4410,500,0.9989267876553062,-0.004756537169883929,0.6091878200109806,0.6083550031358773,-0.0008328168751032816,0.556,0.577955476684774,0.7434645358587353
second_up_starts,8,2026-06-03T05:32:00+00:00,2026-06-13T04:10:01+00:00,4910,500,0.9989267876553062,-0.007612321856310144,0.6168040043789969,0.614572518357392,-0.0022314860216048338,0.556,0.5835868213970474,0.7627032520325203
second_up_starts,9,2026-06-13T04:12:01+00:00,2026-06-22T05:30:00+00:00,5410,500,0.9989267876553062,-0.0073811250817126745,0.6051414175132467,0.606972499259893,0.001831081746646368,0.5546666666666666,0.5752065893014768,0.7433500744047619
second_up_starts,10,2026-06-22T05:45:00+00:00,2026-07-03T05:16:00+00:00,5910,500,0.9989267876553062,-0.006426327925306286,0.6023206162626358,0.6023479128734325,2.7296610796700982e-05,0.5486666666666666,0.580514693999323,0.7315436241610739
second_up_starts,11,2026-07-03T05:20:00+00:00,2026-07-11T07:52:00+00:00,6410,500,0.9989267876553062,-0.000725161983999308,0.6080218701209745,0.6091036712717962,0.0010818011508216818,0.5546666666666666,0.5790062343829593,0.748075117370892
second_up_starts,12,2026-07-11T08:01:00+00:00,2026-07-22T02:07:00+00:00,6910,500,0.9989267876553062,-0.0022597880211625526,0.619182764327878,0.6198114886953626,0.0006287243674846232,0.5686666666666667,0.5906260022873886,0.7512866191607285
second_up_wins,1,2026-03-15T06:10:00+00:00,2026-03-27T00:36:00+00:00,1410,500,0.9989267876553062,0.05744591883992548,0.6300278256990635,0.6300252191114739,-2.606587589548681e-06,0.5773333333333334,0.6064024937531842,0.7590317160260449
second_up_wins,2,2026-03-27T01:11:00+00:00,2026-04-04T06:44:00+00:00,1910,500,0.9989267876553062,0.052447224879706746,0.6261517043389135,0.6261615841153885,9.879776474930324e-06,0.576,0.601933215027161,0.7507131214343928
second_up_wins,3,2026-04-04T06:50:00+00:00,2026-04-17T01:25:00+00:00,2410,500,0.9989267876553062,0.0474297289962993,0.6280889408128764,0.6271081950464555,-0.0009807457664208208,0.5693333333333334,0.6016874448353432,0.7680786686838124
second_up_wins,4,2026-04-17T01:44:00+00:00,2026-05-01T05:19:00+00:00,2910,500,0.9989267876553062,0.06366785593411982,0.6112771681162608,0.6089610391975215,-0.0023161289187392242,0.5513333333333333,0.5836544983279603,0.7495229917954589
second_up_wins,5,2026-05-01T05:26:00+00:00,2026-05-14T06:40:00+00:00,3410,500,0.9989267876553062,0.05210105373186644,0.5991614550260691,0.5968237463096914,-0.002337708716377729,0.536,0.5653410512052293,0.749953934033536
second_up_wins,6,2026-05-14T06:52:00+00:00,2026-05-23T05:39:00+00:00,3910,500,0.9989267876553062,0.04804448798457861,0.6118636575634334,0.6116212322128016,-0.00024242535063179194,0.5533333333333333,0.5830730193557981,0.7567452428287418
second_up_wins,7,2026-05-23T05:41:00+00:00,2026-06-03T05:24:00+00:00,4410,500,0.9989267876553062,0.05196883412021157,0.6091878200109806,0.6100391944147945,0.0008513744038138871,0.558,0.5795084596163643,0.7446483180428135
second_up_wins,8,2026-06-03T05:32:00+00:00,2026-06-13T04:10:01+00:00,4910,500,0.9989267876553062,0.04783439894459354,0.6168040043789969,0.6173239478594679,0.000519943480471019,0.5593333333333333,0.5874639363011385,0.7631651884700665
second_up_wins,9,2026-06-13T04:12:01+00:00,2026-06-22T05:30:00+00:00,5410,500,0.9989267876553062,0.04754023990969694,0.6051414175132467,0.6063429614120561,0.001201543898809443,0.5533333333333333,0.574983080767272,0.7437220982142857
second_up_wins,10,2026-06-22T05:45:00+00:00,2026-07-03T05:16:00+00:00,5910,500,0.9989267876553062,0.045119390288036625,0.6023206162626358,0.6015423836915513,-0.0007782325710844473,0.5473333333333333,0.5792297429171634,0.7322731251823753
second_up_wins,11,2026-07-03T05:20:00+00:00,2026-07-11T07:52:00+00:00,6410,500,0.9989267876553062,0.04406055005129394,0.6080218701209745,0.6069824761228191,-0.0010393939981554468,0.552,0.577028496040572,0.7469014084507042
second_up_wins,12,2026-07-11T08:01:00+00:00,2026-07-22T02:07:00+00:00,6910,500,0.9989267876553062,0.03520109595491538,0.619182764327878,0.6180715596932383,-0.001111204634639651,0.566,0.5889501342598894,0.7513361045130641
horse_jockey_starts,1,2026-03-15T06:10:00+00:00,2026-03-27T00:36:00+00:00,1410,500,0.9989267876553062,0.0799087464696559,0.6300278256990635,0.6283336007501542,-0.001694224948909251,0.5753333333333334,0.6040561001230701,0.75861163621088
horse_jockey_starts,2,2026-03-27T01:11:00+00:00,2026-04-04T06:44:00+00:00,1910,500,0.9989267876553062,0.0933062800216473,0.6261517043389135,0.6265033373979787,0.0003516330590651595,0.5766666666666667,0.6015084596163645,0.7511715566422168
horse_jockey_starts,3,2026-04-04T06:50:00+00:00,2026-04-17T01:25:00+00:00,2410,500,0.9989267876553062,0.09162978295067663,0.6280889408128764,0.629105363008904,0.0010164221960275999,0.572,0.6037880682736391,0.7686333837619768
horse_jockey_starts,4,2026-04-17T01:44:00+00:00,2026-05-01T05:19:00+00:00,2910,500,0.9989267876553062,0.08736153630363219,0.6112771681162608,0.6109383852157669,-0.0003387829004938281,0.554,0.5848949260948934,0.7508586147681741
horse_jockey_starts,5,2026-05-01T05:26:00+00:00,2026-05-14T06:40:00+00:00,3410,500,0.9989267876553062,0.07936809659416547,0.5991614550260691,0.5972963060544111,-0.001865148971658015,0.5373333333333333,0.5647488873832976,0.7497696701676801
horse_jockey_starts,6,2026-05-14T06:52:00+00:00,2026-05-23T05:39:00+00:00,3910,500,0.9989267876553062,0.07905109861987894,0.6118636575634334,0.6117189321473383,-0.00014472541609511502,0.5526666666666666,0.5841344619037528,0.7574079333522673
horse_jockey_starts,7,2026-05-23T05:41:00+00:00,2026-06-03T05:24:00+00:00,4410,500,0.9989267876553062,0.08302964699973098,0.6091878200109806,0.6096316391933323,0.00044381918235170126,0.558,0.5782235085342051,0.744303048239124
horse_jockey_starts,8,2026-06-03T05:32:00+00:00,2026-06-13T04:10:01+00:00,4910,500,0.9989267876553062,0.0797724049355527,0.6168040043789969,0.6146628172581816,-0.0021411871208152355,0.556,0.5841789852189792,0.7624722838137472
horse_jockey_starts,9,2026-06-13T04:12:01+00:00,2026-06-22T05:30:00+00:00,5410,500,0.9989267876553062,0.07850344325217462,0.6051414175132467,0.6076039459802989,0.002462528467052194,0.5553333333333333,0.5753294743973859,0.7444196428571429
horse_jockey_starts,10,2026-06-22T05:45:00+00:00,2026-07-03T05:16:00+00:00,5910,500,0.9989267876553062,0.07927009003228086,0.6023206162626358,0.6034817175148993,0.001161101252263541,0.55,0.5817996450814823,0.732127224978115
horse_jockey_starts,11,2026-07-03T05:20:00+00:00,2026-07-11T07:52:00+00:00,6410,500,0.9989267876553062,0.07432851685704264,0.6080218701209745,0.6092103804953879,0.0011885103744133652,0.5546666666666666,0.5791513811364809,0.748356807511737
horse_jockey_starts,12,2026-07-11T08:01:00+00:00,2026-07-22T02:07:00+00:00,6910,500,0.9989267876553062,0.07545461576003877,0.619182764327878,0.6192318355377486,4.9071209870632515e-05,0.5673333333333334,0.5903802320955707,0.7518804433887569
horse_jockey_wins,1,2026-03-15T06:10:00+00:00,2026-03-27T00:36:00+00:00,1410,500,0.9989267876553062,0.07275151133832344,0.6300278256990635,0.6285517454622861,-0.0014760802367773662,0.5753333333333334,0.6047711490409109,0.7587691661415669
horse_jockey_wins,2,2026-03-27T01:11:00+00:00,2026-04-04T06:44:00+00:00,1910,500,0.9989267876553062,0.09732086728777403,0.6261517043389135,0.6269667247241462,0.0008150203852326232,0.5773333333333334,0.6019777383423872,0.7512224938875306
horse_jockey_wins,3,2026-04-04T06:50:00+00:00,2026-04-17T01:25:00+00:00,2410,500,0.9989267876553062,0.09069628997009455,0.6280889408128764,0.6305258648100003,0.0024369239971239187,0.574,0.6053187895476161,0.7687846696923852
horse_jockey_wins,4,2026-04-17T01:44:00+00:00,2026-05-01T05:19:00+00:00,2910,500,0.9989267876553062,0.1064476107740053,0.6112771681162608,0.6113042563454643,2.708822920349796e-05,0.5546666666666666,0.5852635813826201,0.7506201106659035
horse_jockey_wins,5,2026-05-01T05:26:00+00:00,2026-05-14T06:40:00+00:00,3410,500,0.9989267876553062,0.0922189408218067,0.5991614550260691,0.5992256314105469,6.417638447775431e-05,0.54,0.5669946575751154,0.749907868067072
horse_jockey_wins,6,2026-05-14T06:52:00+00:00,2026-05-23T05:39:00+00:00,3910,500,0.9989267876553062,0.0880954377130925,0.6118636575634334,0.610743593701821,-0.0011200638616124525,0.552,0.5821344619037526,0.7568399129035311
horse_jockey_wins,7,2026-05-23T05:41:00+00:00,2026-06-03T05:24:00+00:00,4410,500,0.9989267876553062,0.08728875319450605,0.6091878200109806,0.609298799590738,0.00011097957975736428,0.5573333333333333,0.5783241319725009,0.7442043997237842
horse_jockey_wins,8,2026-06-03T05:32:00+00:00,2026-06-13T04:10:01+00:00,4910,500,0.9989267876553062,0.0884222432806409,0.6168040043789969,0.6152384144066262,-0.0015655899723706623,0.5566666666666666,0.5852404277669337,0.7623798965262379
horse_jockey_wins,9,2026-06-13T04:12:01+00:00,2026-06-22T05:30:00+00:00,5410,500,0.9989267876553062,0.08619090490979961,0.6051414175132467,0.6049210277926731,-0.0002203897205735883,0.5513333333333333,0.5727373105754541,0.7442801339285714
horse_jockey_wins,10,2026-06-22T05:45:00+00:00,2026-07-03T05:16:00+00:00,5910,500,0.9989267876553062,0.08098418231346341,0.6023206162626358,0.602586165262309,0.0002655489996732374,0.5486666666666666,0.5807382025335276,0.7322731251823753
horse_jockey_wins,11,2026-07-03T05:20:00+00:00,2026-07-11T07:52:00+00:00,6410,500,0.9989267876553062,0.0824240960818705,0.6080218701209745,0.6080598384905253,3.796836955072269e-05,0.5533333333333333,0.5779670534926176,0.7476056338028169
horse_jockey_wins,12,2026-07-11T08:01:00+00:00,2026-07-22T02:07:00+00:00,6910,500,0.9989267876553062,0.08604653972000824,0.619182764327878,0.6186514905442609,-0.0005312737836170589,0.5666666666666667,0.589788068273639,0.7514845605700713
recent_1_place,1,2026-03-15T06:10:00+00:00,2026-03-27T00:36:00+00:00,1410,500,0.9820305727926911,-0.15947687573300318,0.6300278256990635,0.6274100168108562,-0.0026178088882072847,0.5746666666666667,0.6026927872602279,0.7576139466498635
recent_1_place,2,2026-03-27T01:11:00+00:00,2026-04-04T06:44:00+00:00,1910,500,0.9820305727926911,-0.16382011522472148,0.6261517043389135,0.6229973145729255,-0.0031543897659880304,0.572,0.5992626894245465,0.7487265688671557
recent_1_place,3,2026-04-04T06:50:00+00:00,2026-04-17T01:25:00+00:00,2410,500,0.9820305727926911,-0.1721660837749002,0.6280889408128764,0.6283504864147048,0.0002615456018284501,0.5713333333333334,0.6036651831777301,0.7670700958144225
recent_1_place,4,2026-04-17T01:44:00+00:00,2026-05-01T05:19:00+00:00,2910,500,0.9820305727926911,-0.16080708554827153,0.6112771681162608,0.6106946048056714,-0.0005825633105893679,0.5533333333333333,0.5850623345060285,0.7510494180499905
recent_1_place,5,2026-05-01T05:26:00+00:00,2026-05-14T06:40:00+00:00,3410,500,0.9820305727926911,-0.1618730684878974,0.5991614550260691,0.5979011445103137,-0.0012603105157553696,0.5386666666666666,0.5645476405067058,0.7497236042012161
recent_1_place,6,2026-05-14T06:52:00+00:00,2026-05-23T05:39:00+00:00,3910,500,0.9820305727926911,-0.15990403272683265,0.6118636575634334,0.6048265670141253,-0.007037090549308123,0.5453333333333333,0.5753971513282988,0.7532424500615356
recent_1_place,7,2026-05-23T05:41:00+00:00,2026-06-03T05:24:00+00:00,4410,500,0.9820305727926911,-0.1574648262365934,0.6091878200109806,0.60767542076409,-0.0015123992468906167,0.5553333333333333,0.5757319681505689,0.744303048239124
recent_1_place,8,2026-06-03T05:32:00+00:00,2026-06-13T04:10:01+00:00,4910,500,0.9820305727926911,-0.15293467782756612,0.6168040043789969,0.6160344669685691,-0.0007695374104277342,0.5586666666666666,0.5851175426710247,0.7616869918699187
recent_1_place,9,2026-06-13T04:12:01+00:00,2026-06-22T05:30:00+00:00,5410,500,0.9820305727926911,-0.15020564759914415,0.6051414175132467,0.60608920142262,0.0009477839093733342,0.554,0.5726812104523845,0.7436755952380952
recent_1_place,10,2026-06-22T05:45:00+00:00,2026-07-03T05:16:00+00:00,5910,500,0.9820305727926911,-0.1497786561176912,0.6023206162626358,0.6015751776890264,-0.0007454385736094249,0.5473333333333333,0.5809171877525064,0.7307168563369322
recent_1_place,11,2026-07-03T05:20:00+00:00,2026-07-11T07:52:00+00:00,6410,500,0.9820305727926911,-0.145627901623604,0.6080218701209745,0.6071795055898713,-0.0008423645311032013,0.5526666666666666,0.5764363322186404,0.7469483568075117
recent_1_place,12,2026-07-11T08:01:00+00:00,2026-07-22T02:07:00+00:00,6910,500,0.9820305727926911,-0.14746921620732323,0.619182764327878,0.6164092150545204,-0.0027735492733576006,0.5646666666666667,0.5860561001230699,0.7502474267616785
recent_1_distance_m,1,2026-03-15T06:10:00+00:00,2026-03-27T00:36:00+00:00,1410,500,0.9820305727926911,0.04382927743115076,0.6300278256990635,0.632980067049478,0.0029522413504144973,0.582,0.608626002287389,0.759294265910523
recent_1_distance_m,2,2026-03-27T01:11:00+00:00,2026-04-04T06:44:00+00:00,1910,500,0.9820305727926911,0.047416572167448934,0.6261517043389135,0.6264089445673592,0.0002572402284456432,0.5766666666666667,0.6013855745204555,0.7509168704156479
recent_1_distance_m,3,2026-04-04T06:50:00+00:00,2026-04-17T01:25:00+00:00,2410,500,0.9820305727926911,0.029244078054601795,0.6280889408128764,0.6268127233942635,-0.001276217418612835,0.5693333333333334,0.6015645597394341,0.7670196671709532
recent_1_distance_m,4,2026-04-17T01:44:00+00:00,2026-05-01T05:19:00+00:00,2910,500,0.9820305727926911,0.021689055667680455,0.6112771681162608,0.6110260057693753,-0.00025116234688549177,0.554,0.5855316132320513,0.7505724098454494
recent_1_distance_m,5,2026-05-01T05:26:00+00:00,2026-05-14T06:40:00+00:00,3410,500,0.9820305727926911,0.021415391449156003,0.5991614550260691,0.5991533491835107,-8.105842558392418e-06,0.5393333333333333,0.5671175426710243,0.7508291873963516
recent_1_distance_m,6,2026-05-14T06:52:00+00:00,2026-05-23T05:39:00+00:00,3910,500,0.9820305727926911,0.028320799215745103,0.6118636575634334,0.6110116746427207,-0.0008519829207127572,0.5533333333333333,0.5824808555338665,0.7548991763703493
recent_1_distance_m,7,2026-05-23T05:41:00+00:00,2026-06-03T05:24:00+00:00,4410,500,0.9820305727926911,0.014991015111704144,0.6091878200109806,0.6104533934221021,0.0012655734111215455,0.5593333333333333,0.5791398043286374,0.7440071026931044
recent_1_distance_m,8,2026-06-03T05:32:00+00:00,2026-06-13T04:10:01+00:00,4910,500,0.9820305727926911,0.013856382698463184,0.6168040043789969,0.6142428855173199,-0.002561118861676981,0.5553333333333333,0.5838325915888652,0.7624722838137472
recent_1_distance_m,9,2026-06-13T04:12:01+00:00,2026-06-22T05:30:00+00:00,5410,500,0.9820305727926911,0.01172061892757508,0.6051414175132467,0.6050499687171362,-9.144879611044932e-05,0.552,0.5734078361780687,0.7427920386904762
recent_1_distance_m,10,2026-06-22T05:45:00+00:00,2026-07-03T05:16:00+00:00,5910,500,0.9820305727926911,0.010389992706910425,0.6023206162626358,0.6040855144661297,0.0017648982034939031,0.5506666666666666,0.5824924323417097,0.7325162921894758
recent_1_distance_m,11,2026-07-03T05:20:00+00:00,2026-07-11T07:52:00+00:00,6410,500,0.9820305727926911,0.012041082099032575,0.6080218701209745,0.6083872479358637,0.00036537781488921173,0.5533333333333333,0.579229742917164,0.7476525821596244
recent_1_distance_m,12,2026-07-11T08:01:00+00:00,2026-07-22T02:07:00+00:00,6910,500,0.9820305727926911,0.0039596780203593725,0.619182764327878,0.6178120402459435,-0.0013707240819345046,0.5653333333333334,0.5891959044517072,0.7513855898653998
recent_1_weight_kg,1,2026-03-15T06:10:00+00:00,2026-03-27T00:36:00+00:00,1410,500,0.8643762297224783,-0.0047491285337080465,0.6300278256990635,0.6291388193971,-0.0008890063019634242,0.5766666666666667,0.605240427766934,0.7579815164881327
recent_1_weight_kg,2,2026-03-27T01:11:00+00:00,2026-04-04T06:44:00+00:00,1910,500,0.8643762297224783,-0.016274252641443703,0.6261517043389135,0.6252666259039525,-0.0008850784349609953,0.574,0.6013855745204554,0.7516809290953546
recent_1_weight_kg,3,2026-04-04T06:50:00+00:00,2026-04-17T01:25:00+00:00,2410,500,0.8643762297224783,-0.004090599736428751,0.6280889408128764,0.6268698575726055,-0.0012190832402708685,0.57,0.5999554766847741,0.767523953605648
recent_1_weight_kg,4,2026-04-17T01:44:00+00:00,2026-05-01T05:19:00+00:00,2910,500,0.8643762297224783,0.0063922572670420275,0.6112771681162608,0.608195508202853,-0.003081659913407808,0.5506666666666666,0.5818780068621654,0.749570692615913
recent_1_weight_kg,5,2026-05-01T05:26:00+00:00,2026-05-14T06:40:00+00:00,3410,500,0.8643762297224783,0.005142005696351259,0.5991614550260691,0.5980775585660603,-0.0010838964600088374,0.538,0.566033838465457,0.7502763957987839
recent_1_weight_kg,6,2026-05-14T06:52:00+00:00,2026-05-23T05:39:00+00:00,3910,500,0.8643762297224783,0.00024137311370713856,0.6118636575634334,0.6106834069930966,-0.0011802505703367716,0.552,0.5826037406297753,0.756129887342611
recent_1_weight_kg,7,2026-05-23T05:41:00+00:00,2026-06-03T05:24:00+00:00,4410,500,0.8643762297224783,0.004801546500233246,0.6091878200109806,0.6110885868549375,0.0019007668439569025,0.56,0.5801006234382959,0.7442537239814541
recent_1_weight_kg,8,2026-06-03T05:32:00+00:00,2026-06-13T04:10:01+00:00,4910,500,0.8643762297224783,0.00411158205459026,0.6168040043789969,0.6164706710456636,-0.0003333333333332966,0.558,0.5869946575751156,0.7628880266075388
recent_1_weight_kg,9,2026-06-13T04:12:01+00:00,2026-06-22T05:30:00+00:00,5410,500,0.8643762297224783,0.005583520715187155,0.6051414175132467,0.6051126006107481,-2.8816902498562946e-05,0.552,0.5729608191096589,0.7434895833333334
recent_1_weight_kg,10,2026-06-22T05:45:00+00:00,2026-07-03T05:16:00+00:00,5910,500,0.8643762297224783,0.009424984778315711,0.6023206162626358,0.601532366092419,-0.0007882501702167755,0.5473333333333333,0.5798219067390953,0.731640890963914
recent_1_weight_kg,11,2026-07-03T05:20:00+00:00,2026-07-11T07:52:00+00:00,6410,500,0.8643762297224783,0.0108775278018874,0.6080218701209745,0.6059465479080302,-0.002075322212944375,0.5506666666666666,0.5755983982048906,0.7468544600938967
recent_1_weight_kg,12,2026-07-11T08:01:00+00:00,2026-07-22T02:07:00+00:00,6910,500,0.8643762297224783,0.014177944175534744,0.619182764327878,0.6187250267368908,-0.0004577375909872172,0.5673333333333334,0.5894416746435251,0.7507917656373714
recent_1_barrier,1,2026-03-15T06:10:00+00:00,2026-03-27T00:36:00+00:00,1410,500,0.9401477730843848,-0.02664238328578579,0.6300278256990635,0.6283810880373754,-0.0016467376616881024,0.5753333333333334,0.6047711490409109,0.7580865364419239
recent_1_barrier,2,2026-03-27T01:11:00+00:00,2026-04-04T06:44:00+00:00,1910,500,0.9401477730843848,-0.023558836459109608,0.6261517043389135,0.6267581927323265,0.0006064883934129295,0.5766666666666667,0.6023241319725009,0.7513753056234719
recent_1_barrier,3,2026-04-04T06:50:00+00:00,2026-04-17T01:25:00+00:00,2410,500,0.9401477730843848,-0.01690194091991145,0.6280889408128764,0.6274667427015237,-0.0006221981113526676,0.57,0.6016874448353434,0.7681795259707513
recent_1_barrier,4,2026-04-17T01:44:00+00:00,2026-05-01T05:19:00+00:00,2910,500,0.9401477730843848,-0.024986026182426183,0.6112771681162608,0.6100714335048398,-0.0012057346114209277,0.5526666666666666,0.5845707941223929,0.7503816065636328
recent_1_barrier,5,2026-05-01T05:26:00+00:00,2026-05-14T06:40:00+00:00,3410,500,0.9401477730843848,-0.02655439271977584,0.5991614550260691,0.5987305858647689,-0.0004308691613001958,0.5393333333333333,0.5659332150271612,0.7503224617652479
recent_1_barrier,6,2026-05-14T06:52:00+00:00,2026-05-23T05:39:00+00:00,3910,500,0.9401477730843848,-0.021983575660133686,0.6118636575634334,0.6108581214508284,-0.00100553611260501,0.5526666666666666,0.5827266257256845,0.7553725267442961
recent_1_barrier,7,2026-05-23T05:41:00+00:00,2026-06-03T05:24:00+00:00,4410,500,0.9401477730843848,-0.015407044494672397,0.6091878200109806,0.6103977517901749,0.001209931779194262,0.5586666666666666,0.5802012468765918,0.7440564269507743
recent_1_barrier,8,2026-06-03T05:32:00+00:00,2026-06-13T04:10:01+00:00,4910,500,0.9401477730843848,-0.014322118208384882,0.6168040043789969,0.6171331194162372,0.0003291150372403129,0.5586666666666666,0.5873410512052295,0.7638580931263859
recent_1_barrier,9,2026-06-13T04:12:01+00:00,2026-06-22T05:30:00+00:00,5410,500,0.9401477730843848,-0.006724307193305241,0.6051414175132467,0.608099912625671,0.0029584951124242975,0.556,0.5764915403836363,0.7439081101190477
recent_1_barrier,10,2026-06-22T05:45:00+00:00,2026-07-03T05:16:00+00:00,5910,500,0.9401477730843848,-0.003718018603716639,0.6023206162626358,0.6029402022704873,0.0006195860078515025,0.5493333333333333,0.5814532514513684,0.731640890963914
recent_1_barrier,11,2026-07-03T05:20:00+00:00,2026-07-11T07:52:00+00:00,6410,500,0.9401477730843848,0.004828182001003566,0.6080218701209745,0.6092617676353107,0.0012398975143361746,0.5546666666666666,0.5794977747665948,0.7482159624413146
recent_1_barrier,12,2026-07-11T08:01:00+00:00,2026-07-22T02:07:00+00:00,6910,500,0.9401477730843848,0.00040104337367306744,0.619182764327878,0.6189360294020732,-0.0002467349258048479,0.5666666666666667,0.5904808555338669,0.7519299287410927
recent_1_track_status_value,1,2026-03-15T06:10:00+00:00,2026-03-27T00:36:00+00:00,1410,500,0.46146754908570564,0.0,0.6300278256990635,0.6300278256990635,0.0,0.578,0.6057097064929563,0.7584015963032976
recent_1_track_status_value,2,2026-03-27T01:11:00+00:00,2026-04-04T06:44:00+00:00,1910,500,0.46146754908570564,0.0,0.6261517043389135,0.6261517043389135,0.0,0.576,0.6014861979587514,0.751120619396903
recent_1_track_status_value,3,2026-04-04T06:50:00+00:00,2026-04-17T01:25:00+00:00,2410,500,0.46146754908570564,0.0,0.6280889408128764,0.6280889408128764,0.0,0.5706666666666667,0.6031959044517073,0.7678265254664649
recent_1_track_status_value,4,2026-04-17T01:44:00+00:00,2026-05-01T05:19:00+00:00,2910,500,0.46146754908570564,0.0,0.6112771681162608,0.6112771681162608,0.0,0.5546666666666666,0.5856322366703473,0.7501431024613623
recent_1_track_status_value,5,2026-05-01T05:26:00+00:00,2026-05-14T06:40:00+00:00,3410,500,0.46146754908570564,0.0,0.5991614550260691,0.5991614550260691,0.0,0.5393333333333333,0.567564559739434,0.7504145936981758
recent_1_track_status_value,6,2026-05-14T06:52:00+00:00,2026-05-23T05:39:00+00:00,3910,500,0.46146754908570564,-0.0039369467813423495,0.6118636575634334,0.6110985587298896,-0.0007650988335438091,0.5526666666666666,0.5830730193557981,0.755987882230427
recent_1_track_status_value,7,2026-05-23T05:41:00+00:00,2026-06-03T05:24:00+00:00,4410,500,0.46146754908570564,0.007303967658600282,0.6091878200109806,0.6132681464992338,0.004080326488253183,0.5633333333333334,0.5827934106985235,0.7436125086317451
recent_1_track_status_value,8,2026-06-03T05:32:00+00:00,2026-06-13T04:10:01+00:00,4910,500,0.46146754908570564,0.004705776932452491,0.6168040043789969,0.6167192708926106,-8.47334863862681e-05,0.5586666666666666,0.586424755410797,0.7631189948263118
recent_1_track_status_value,9,2026-06-13T04:12:01+00:00,2026-06-22T05:30:00+00:00,5410,500,0.46146754908570564,0.008175763443741269,0.6051414175132467,0.604867622356389,-0.0002737951568576591,0.5513333333333333,0.5731282275207942,0.7436755952380952
recent_1_track_status_value,10,2026-06-22T05:45:00+00:00,2026-07-03T05:16:00+00:00,5910,500,0.46146754908570564,0.008003418977191756,0.6023206162626358,0.602353015854341,3.2399591705201125e-05,0.5486666666666666,0.580146038711596,0.7319326913724346
recent_1_track_status_value,11,2026-07-03T05:20:00+00:00,2026-07-11T07:52:00+00:00,6410,500,0.46146754908570564,0.004583617526716096,0.6080218701209745,0.6077974827422854,-0.00022438737868912817,0.5526666666666666,0.578391808903414,0.7474647887323944
recent_1_track_status_value,12,2026-07-11T08:01:00+00:00,2026-07-22T02:07:00+00:00,6910,500,0.46146754908570564,0.010161683154525166,0.619182764327878,0.6175394614609271,-0.001643302866950913,0.5653333333333334,0.5877097064929561,0.7517814726840855
recent_1_margin,1,2026-03-15T06:10:00+00:00,2026-03-27T00:36:00+00:00,1410,500,0.9820305727926911,-0.17589874615734868,0.6300278256990635,0.627157716470648,-0.002870109228415463,0.574,0.6030169192327287,0.7576139466498635
recent_1_margin,2,2026-03-27T01:11:00+00:00,2026-04-04T06:44:00+00:00,1910,500,0.9820305727926911,-0.16933198413759737,0.6261517043389135,0.6234836165198732,-0.0026680878190403767,0.572,0.5998325915888654,0.7501018744906276
recent_1_margin,3,2026-04-04T06:50:00+00:00,2026-04-17T01:25:00+00:00,2410,500,0.9820305727926911,-0.16615839525435083,0.6280889408128764,0.6297417615375065,0.001652820724630133,0.5726666666666667,0.6050507576981853,0.7685829551185073
recent_1_margin,4,2026-04-17T01:44:00+00:00,2026-05-01T05:19:00+00:00,2910,500,0.9820305727926911,-0.1617301991700694,0.6112771681162608,0.6121245293820171,0.0008473612657563523,0.556,0.5858780068621648,0.7506201106659035
recent_1_margin,5,2026-05-01T05:26:00+00:00,2026-05-14T06:40:00+00:00,3410,500,0.9820305727926911,-0.1629417797689299,0.5991614550260691,0.5974925677417038,-0.0016688872843653169,0.5373333333333333,0.5658103299312521,0.7494932743688962
recent_1_margin,6,2026-05-14T06:52:00+00:00,2026-05-23T05:39:00+00:00,3910,500,0.9820305727926911,-0.1613811323696812,0.6118636575634334,0.6060295203691726,-0.005834137194260847,0.5466666666666666,0.5775422980818212,0.7532424500615356
recent_1_margin,7,2026-05-23T05:41:00+00:00,2026-06-03T05:24:00+00:00,4410,500,0.9820305727926911,-0.15881472189643062,0.6091878200109806,0.6068433476221272,-0.0023444723888533803,0.5546666666666666,0.5763018703148874,0.741738186840288
recent_1_margin,8,2026-06-03T05:32:00+00:00,2026-06-13T04:10:01+00:00,4910,500,0.9820305727926911,-0.15236416765216723,0.6168040043789969,0.6177174059714685,0.0009134015924716632,0.5606666666666666,0.5866482639450018,0.7628880266075388
recent_1_margin,9,2026-06-13T04:12:01+00:00,2026-06-22T05:30:00+00:00,5410,500,0.9820305727926911,-0.1514342711183452,0.6051414175132467,0.6064758130876093,0.0013343955743626568,0.5546666666666666,0.5734523594932946,0.7431175595238095
recent_1_margin,10,2026-06-22T05:45:00+00:00,2026-07-03T05:16:00+00:00,5910,500,0.9820305727926911,-0.15086226760229823,0.6023206162626358,0.6056100195295244,0.0032894032668886464,0.5526666666666666,0.5843472855881878,0.7327594591965763
recent_1_margin,11,2026-07-03T05:20:00+00:00,2026-07-11T07:52:00+00:00,6410,500,0.9820305727926911,-0.14860542984128053,0.6080218701209745,0.6082377813517761,0.0002159112308015576,0.554,0.5781905620268226,0.7467605633802817
recent_1_margin,12,2026-07-11T08:01:00+00:00,2026-07-22T02:07:00+00:00,6910,500,0.9820305727926911,-0.1457916988316772,0.619182764327878,0.6188123160212338,-0.00037044830664423323,0.5666666666666667,0.5904808555338664,0.7514350752177356
recent_1_total_runners,1,2026-03-15T06:10:00+00:00,2026-03-27T00:36:00+00:00,1410,500,0.9820305727926911,0.05618938107715378,0.6300278256990635,0.6302931863360521,0.0002653606369886763,0.578,0.606771149040911,0.7584015963032976
recent_1_total_runners,2,2026-03-27T01:11:00+00:00,2026-04-04T06:44:00+00:00,1910,500,0.9820305727926911,0.030038705508469616,0.6261517043389135,0.6243139129882047,-0.0018377913507088284,0.5733333333333334,0.5999777383423871,0.7506112469437652
recent_1_total_runners,3,2026-04-04T06:50:00+00:00,2026-04-17T01:25:00+00:00,2410,500,0.9820305727926911,0.029950700390527402,0.6280889408128764,0.6261362414057419,-0.001952699407134495,0.5686666666666667,0.5995868213970473,0.7676248108925869
recent_1_total_runners,4,2026-04-17T01:44:00+00:00,2026-05-01T05:19:00+00:00,2910,500,0.9820305727926911,0.032995151929730654,0.6112771681162608,0.6085746099870106,-0.002702558129250132,0.5513333333333333,0.5823472855881877,0.7492844876931883
recent_1_total_runners,5,2026-05-01T05:26:00+00:00,2026-05-14T06:40:00+00:00,3410,500,0.9820305727926911,0.02941603761023812,0.5991614550260691,0.6001681148048199,0.001006659778750807,0.5406666666666666,0.5682796086572748,0.7510595172286715
recent_1_total_runners,6,2026-05-14T06:52:00+00:00,2026-05-23T05:39:00+00:00,3910,500,0.9820305727926911,0.02869778297348285,0.6118636575634334,0.611407492312185,-0.0004561652512483638,0.5526666666666666,0.5837880682736387,0.7565085676417684
recent_1_total_runners,7,2026-05-23T05:41:00+00:00,2026-06-03T05:24:00+00:00,4410,500,0.9820305727926911,0.02524282343263582,0.6091878200109806,0.609595207913292,0.0004073879023114291,0.558,0.5789162957944326,0.7434645358587353
recent_1_total_runners,8,2026-06-03T05:32:00+00:00,2026-06-13T04:10:01+00:00,4910,500,0.9820305727926911,0.023200419601740883,0.6168040043789969,0.6173995450079126,0.0005955406289157583,0.56,0.586525378849093,0.7630728011825573
recent_1_total_runners,9,2026-06-13T04:12:01+00:00,2026-06-22T05:30:00+00:00,5410,500,0.9820305727926911,0.03275966914710139,0.6051414175132467,0.6063363337566234,0.0011949162433767535,0.5533333333333333,0.5744915403836363,0.7441871279761905
recent_1_total_runners,10,2026-06-22T05:45:00+00:00,2026-07-03T05:16:00+00:00,5910,500,0.9820305727926911,0.033847392498035686,0.6023206162626358,0.6022204323372706,-0.0001001839253651493,0.548,0.580414070561027,0.7324676587880556
recent_1_total_runners,11,2026-07-03T05:20:00+00:00,2026-07-11T07:52:00+00:00,6410,500,0.9820305727926911,0.03781157075449803,0.6080218701209745,0.6078806665769604,-0.0001412035440141457,0.5526666666666666,0.5790062343829591,0.7471830985915493
recent_1_total_runners,12,2026-07-11T08:01:00+00:00,2026-07-22T02:07:00+00:00,6910,500,0.9820305727926911,0.03317250645649015,0.619182764327878,0.6180587732536302,-0.0011239910742477655,0.566,0.589542298081821,0.7506927949326999
recent_2_place,1,2026-03-15T06:10:00+00:00,2026-03-27T00:36:00+00:00,1410,500,0.9566862504987685,-0.1607752149737342,0.6300278256990635,0.6260935864582444,-0.003934239240819037,0.5726666666666667,0.6024247554107974,0.7566162570888468
recent_2_place,2,2026-03-27T01:11:00+00:00,2026-04-04T06:44:00+00:00,1910,500,0.9566862504987685,-0.14596124979298966,0.6261517043389135,0.6229204268340929,-0.003231277504820662,0.572,0.5985476405067058,0.7491340668296659
recent_2_place,3,2026-04-04T06:50:00+00:00,2026-04-17T01:25:00+00:00,2410,500,0.9566862504987685,-0.12471451372789585,0.6280889408128764,0.6292134776273286,0.0011245368144522372,0.5726666666666667,0.6033410512052295,0.7681795259707513
recent_2_place,4,2026-04-17T01:44:00+00:00,2026-05-01T05:19:00+00:00,2910,500,0.9566862504987685,-0.12525038635702765,0.6112771681162608,0.6072371899479567,-0.004039978168304037,0.55,0.5793303663554598,0.7496183934363672
recent_2_place,5,2026-05-01T05:26:00+00:00,2026-05-14T06:40:00+00:00,3410,500,0.9566862504987685,-0.10887317869753244,0.5991614550260691,0.5992783252667577,0.00011687024068862684,0.5393333333333333,0.5673410512052292,0.7511055831951354
recent_2_place,6,2026-05-14T06:52:00+00:00,2026-05-23T05:39:00+00:00,3910,500,0.9566862504987685,-0.11404339800968842,0.6118636575634334,0.6102350277294686,-0.0016286298339648342,0.5513333333333333,0.5823802320955703,0.7558932121556377
recent_2_place,7,2026-05-23T05:41:00+00:00,2026-06-03T05:24:00+00:00,4410,500,0.9566862504987685,-0.11343122868055289,0.6091878200109806,0.6077240075626834,-0.001463812448297186,0.556,0.5763686552877268,0.7425273749630068
recent_2_place,8,2026-06-03T05:32:00+00:00,2026-06-13T04:10:01+00:00,4910,500,0.9566862504987685,-0.11080946077351714,0.6168040043789969,0.6188859082102545,0.0020819038312576144,0.562,0.5891175426710248,0.7624260901699926
recent_2_place,9,2026-06-13T04:12:01+00:00,2026-06-22T05:30:00+00:00,5410,500,0.9566862504987685,-0.11059372842011969,0.6051414175132467,0.6055827214672201,0.0004413039539734598,0.552,0.5744692787260232,0.7438616071428571
recent_2_place,10,2026-06-22T05:45:00+00:00,2026-07-03T05:16:00+00:00,5910,500,0.9566862504987685,-0.10828335208343817,0.6023206162626358,0.6020826150240055,-0.0002380012386302699,0.548,0.5807382025335279,0.7315922575624939
recent_2_place,11,2026-07-03T05:20:00+00:00,2026-07-11T07:52:00+00:00,6410,500,0.9566862504987685,-0.10521162194737248,0.6080218701209745,0.6088655661254181,0.0008436960044435615,0.5546666666666666,0.5788049875063673,0.7473239436619719
recent_2_place,12,2026-07-11T08:01:00+00:00,2026-07-22T02:07:00+00:00,6910,500,0.9566862504987685,-0.10656414305860885,0.619182764327878,0.6184046201284584,-0.0007781441994195726,0.5653333333333334,0.5906260022873887,0.7523258115597783
recent_2_distance_m,1,2026-03-15T06:10:00+00:00,2026-03-27T00:36:00+00:00,1410,500,0.9566862504987685,0.008131972003891253,0.6300278256990635,0.6307611617682801,0.0007333360692166613,0.5786666666666667,0.6069946575751157,0.7587166561646713
recent_2_distance_m,2,2026-03-27T01:11:00+00:00,2026-04-04T06:44:00+00:00,1910,500,0.9566862504987685,0.00011658033711641596,0.6261517043389135,0.6242066167384779,-0.0019450876004356576,0.5733333333333334,0.5990391808903418,0.751120619396903
recent_2_distance_m,3,2026-04-04T06:50:00+00:00,2026-04-17T01:25:00+00:00,2410,500,0.9566862504987685,0.004108060619923279,0.6280889408128764,0.6289704992745231,0.0008815584616467254,0.5713333333333334,0.6043802320955707,0.7688350983358547
recent_2_distance_m,4,2026-04-17T01:44:00+00:00,2026-05-01T05:19:00+00:00,2910,500,0.9566862504987685,0.005678532252285936,0.6112771681162608,0.6102346919948499,-0.0010424761214108402,0.5533333333333333,0.584224400492279,0.7500477008204541
recent_2_distance_m,5,2026-05-01T05:26:00+00:00,2026-05-14T06:40:00+00:00,3410,500,0.9566862504987685,0.003124091725126372,0.5991614550260691,0.5993830022032963,0.0002215471772272215,0.54,0.5667488873832975,0.7507831214298876
recent_2_distance_m,6,2026-05-14T06:52:00+00:00,2026-05-23T05:39:00+00:00,3910,500,0.9566862504987685,0.0053377436582126465,0.6118636575634334,0.6100282884061381,-0.001835369157295319,0.5513333333333333,0.5823579704379576,0.755088516519928
recent_2_distance_m,7,2026-05-23T05:41:00+00:00,2026-06-03T05:24:00+00:00,4410,500,0.9566862504987685,-0.0010549876273063966,0.6091878200109806,0.6107739701427521,0.0015861501317715465,0.56,0.5796313447122731,0.7434645358587353
recent_2_distance_m,8,2026-06-03T05:32:00+00:00,2026-06-13T04:10:01+00:00,4910,500,0.9566862504987685,0.0022268266650698433,0.6168040043789969,0.6147084637500814,-0.002095540628915482,0.5553333333333333,0.5854639363011384,0.7627032520325203
recent_2_distance_m,9,2026-06-13T04:12:01+00:00,2026-06-22T05:30:00+00:00,5410,500,0.9566862504987685,-0.001371074983044526,0.6051414175132467,0.6063059551967641,0.0011645376835174304,0.554,0.5742457701918182,0.7429780505952381
recent_2_distance_m,10,2026-06-22T05:45:00+00:00,2026-07-03T05:16:00+00:00,5910,500,0.9566862504987685,0.001816969397675566,0.6023206162626358,0.6030663007463282,0.0007456844836923882,0.5486666666666666,0.5821237770539829,0.7328080925979963
recent_2_distance_m,11,2026-07-03T05:20:00+00:00,2026-07-11T07:52:00+00:00,6410,500,0.9566862504987685,0.004306614161663699,0.6080218701209745,0.6081157156240766,9.384550310209683e-05,0.5533333333333333,0.5781905620268227,0.7476056338028169
recent_2_distance_m,12,2026-07-11T08:01:00+00:00,2026-07-22T02:07:00+00:00,6910,500,0.9566862504987685,-0.0025034775611364234,0.619182764327878,0.6183062000153088,-0.0008765643125692169,0.566,0.5895422980818211,0.7516825019794141
recent_2_weight_kg,1,2026-03-15T06:10:00+00:00,2026-03-27T00:36:00+00:00,1410,500,0.8079913042281814,0.028746505979703612,0.6300278256990635,0.6312455620813535,0.0012177363822900578,0.5793333333333334,0.6069162957944331,0.7593992858643143
recent_2_weight_kg,2,2026-03-27T01:11:00+00:00,2026-04-04T06:44:00+00:00,1910,500,0.8079913042281814,0.04080172218720256,0.6261517043389135,0.6248177322570453,-0.001333972081868251,0.574,0.6002012468765922,0.7510696821515892
recent_2_weight_kg,3,2026-04-04T06:50:00+00:00,2026-04-17T01:25:00+00:00,2410,500,0.8079913042281814,0.036343366242086665,0.6280889408128764,0.6268143166506458,-0.0012746241622305643,0.5693333333333334,0.6013187895476161,0.7672718103883005
recent_2_weight_kg,4,2026-04-17T01:44:00+00:00,2026-05-01T05:19:00+00:00,2910,500,0.8079913042281814,0.042420478893551244,0.6112771681162608,0.6118333314547346,0.0005561633384738585,0.5553333333333333,0.5858557452045517,0.7508109139477199
recent_2_weight_kg,5,2026-05-01T05:26:00+00:00,2026-05-14T06:40:00+00:00,3410,500,0.8079913042281814,0.03859429511031083,0.5991614550260691,0.5976405768081829,-0.0015208782178861568,0.5373333333333333,0.566033838465457,0.749861802100608
recent_2_weight_kg,6,2026-05-14T06:52:00+00:00,2026-05-23T05:39:00+00:00,3910,500,0.8079913042281814,0.0331864727453279,0.6118636575634334,0.6098705026932626,-0.0019931548701708213,0.5506666666666666,0.5816874448353432,0.7564612326043738
recent_2_weight_kg,7,2026-05-23T05:41:00+00:00,2026-06-03T05:24:00+00:00,4410,500,0.8079913042281814,0.029950892840945383,0.6091878200109806,0.6114836436928314,0.0022958236818507727,0.5606666666666666,0.5806927872602278,0.7439084541777646
recent_2_weight_kg,8,2026-06-03T05:32:00+00:00,2026-06-13T04:10:01+00:00,4910,500,0.8079913042281814,0.028444679378676587,0.6168040043789969,0.6170405086631504,0.00023650428415356028,0.5586666666666666,0.5877097064929564,0.7631189948263118
recent_2_weight_kg,9,2026-06-13T04:12:01+00:00,2026-06-22T05:30:00+00:00,5410,500,0.8079913042281814,0.027790127230934308,0.6051414175132467,0.6067486731080654,0.0016072555948186684,0.5533333333333333,0.5756758680274995,0.7446521577380952
recent_2_weight_kg,10,2026-06-22T05:45:00+00:00,2026-07-03T05:16:00+00:00,5910,500,0.8079913042281814,0.03721620331413549,0.6023206162626358,0.6028465484935123,0.0005259322308764913,0.5493333333333333,0.5807382025335278,0.7319813247738547
recent_2_weight_kg,11,2026-07-03T05:20:00+00:00,2026-07-11T07:52:00+00:00,6410,500,0.8079913042281814,0.03413513819634279,0.6080218701209745,0.6080994885412462,7.761842027165233e-05,0.5533333333333333,0.5783134471227313,0.7474178403755869
recent_2_weight_kg,12,2026-07-11T08:01:00+00:00,2026-07-22T02:07:00+00:00,6910,500,0.8079913042281814,0.0350605873564312,0.619182764327878,0.6196078454225598,0.00042508109468175626,0.568,0.5914416746435252,0.7509897070467142
recent_2_barrier,1,2026-03-15T06:10:00+00:00,2026-03-27T00:36:00+00:00,1410,500,0.9159454587982774,-0.013561362423171706,0.6300278256990635,0.6311237089168749,0.0010958832178113997,0.5786666666666667,0.6077097064929565,0.7594517958412098
recent_2_barrier,2,2026-03-27T01:11:00+00:00,2026-04-04T06:44:00+00:00,1910,500,0.9159454587982774,-0.02050161264761005,0.6261517043389135,0.6242192073945024,-0.0019324969444111106,0.5733333333333334,0.5999554766847741,0.7502546862265689
recent_2_barrier,3,2026-04-04T06:50:00+00:00,2026-04-17T01:25:00+00:00,2410,500,0.9159454587982774,-0.014691101225785616,0.6280889408128764,0.6273193704669753,-0.0007695703459010828,0.57,0.60205610012307,0.767221381744831
recent_2_barrier,4,2026-04-17T01:44:00+00:00,2026-05-01T05:19:00+00:00,2910,500,0.9159454587982774,-0.001892396644727592,0.6112771681162608,0.6101425281729181,-0.001134639943342619,0.5533333333333333,0.5838557452045519,0.7500477008204541
recent_2_barrier,5,2026-05-01T05:26:00+00:00,2026-05-14T06:40:00+00:00,3410,500,0.9159454587982774,-0.005587073953037019,0.5991614550260691,0.597573410554733,-0.001588044471336092,0.5366666666666666,0.5654861979587513,0.7514741109268472
recent_2_barrier,6,2026-05-14T06:52:00+00:00,2026-05-23T05:39:00+00:00,3910,500,0.9159454587982774,-0.009963255307940897,0.6118636575634334,0.6107644692880201,-0.001099188275413332,0.5526666666666666,0.5822573469996616,0.7554671968190855
recent_2_barrier,7,2026-05-23T05:41:00+00:00,2026-06-03T05:24:00+00:00,4410,500,0.9159454587982774,-0.011455894000114446,0.6091878200109806,0.6091324366081684,-5.538340281219245e-05,0.5573333333333333,0.5782012468765919,0.743661832889415
recent_2_barrier,8,2026-06-03T05:32:00+00:00,2026-06-13T04:10:01+00:00,4910,500,0.9159454587982774,-0.013683194325256453,0.6168040043789969,0.6173204708317842,0.0005164664527873564,0.5593333333333333,0.5868495108215938,0.7637657058388766
recent_2_barrier,9,2026-06-13T04:12:01+00:00,2026-06-22T05:30:00+00:00,5410,500,0.9159454587982774,-0.010562443560081571,0.6051414175132467,0.6075146261673376,0.0023732086540909636,0.5546666666666666,0.5764915403836361,0.7442336309523809
recent_2_barrier,10,2026-06-22T05:45:00+00:00,2026-07-03T05:16:00+00:00,5910,500,0.9159454587982774,-0.012234599047000376,0.6023206162626358,0.6036749044210602,0.0013542881584244215,0.5506666666666666,0.5816767599855736,0.7316895243653341
recent_2_barrier,11,2026-07-03T05:20:00+00:00,2026-07-11T07:52:00+00:00,6410,500,0.9159454587982774,-0.0060410400003248306,0.6080218701209745,0.6092455917629935,0.0012237216420190045,0.5546666666666666,0.5791513811364811,0.7484976525821596
recent_2_barrier,12,2026-07-11T08:01:00+00:00,2026-07-22T02:07:00+00:00,6910,500,0.9159454587982774,-0.006735789012138703,0.619182764327878,0.6195287457336447,0.00034598140576669323,0.5673333333333334,0.5910730193557984,0.752375296912114
recent_2_track_status_value,1,2026-03-15T06:10:00+00:00,2026-03-27T00:36:00+00:00,1410,500,0.4646321495892899,0.0,0.6300278256990635,0.6300278256990635,0.0,0.578,0.6057097064929563,0.7584015963032976
recent_2_track_status_value,2,2026-03-27T01:11:00+00:00,2026-04-04T06:44:00+00:00,1910,500,0.4646321495892899,0.0,0.6261517043389135,0.6261517043389135,0.0,0.576,0.6014861979587514,0.751120619396903
recent_2_track_status_value,3,2026-04-04T06:50:00+00:00,2026-04-17T01:25:00+00:00,2410,500,0.4646321495892899,0.0,0.6280889408128764,0.6280889408128764,0.0,0.5706666666666667,0.6031959044517073,0.7678265254664649
recent_2_track_status_value,4,2026-04-17T01:44:00+00:00,2026-05-01T05:19:00+00:00,2910,500,0.4646321495892899,0.0,0.6112771681162608,0.6112771681162608,0.0,0.5546666666666666,0.5856322366703473,0.7501431024613623
recent_2_track_status_value,5,2026-05-01T05:26:00+00:00,2026-05-14T06:40:00+00:00,3410,500,0.4646321495892899,0.0,0.5991614550260691,0.5991614550260691,0.0,0.5393333333333333,0.567564559739434,0.7504145936981758
recent_2_track_status_value,6,2026-05-14T06:52:00+00:00,2026-05-23T05:39:00+00:00,3910,500,0.4646321495892899,-0.01330969759561448,0.6118636575634334,0.6107707376329654,-0.001092919930468006,0.5526666666666666,0.5822350853420485,0.7555145318564802
recent_2_track_status_value,7,2026-05-23T05:41:00+00:00,2026-06-03T05:24:00+00:00,4410,500,0.4646321495892899,-0.01634751386504347,0.6091878200109806,0.6097864457988295,0.000598625787848861,0.558,0.5787934106985236,0.7443523724967939
recent_2_track_status_value,8,2026-06-03T05:32:00+00:00,2026-06-13T04:10:01+00:00,4910,500,0.4646321495892899,-0.010798089378222697,0.6168040043789969,0.6176939854633139,0.0008899810843170375,0.56,0.5875645597394341,0.7632113821138211
recent_2_track_status_value,9,2026-06-13T04:12:01+00:00,2026-06-22T05:30:00+00:00,5410,500,0.4646321495892899,-0.012614480288974139,0.6051414175132467,0.6032438951300307,-0.0018975223832159438,0.5493333333333333,0.5710053424248852,0.7433035714285714
recent_2_track_status_value,10,2026-06-22T05:45:00+00:00,2026-07-03T05:16:00+00:00,5910,500,0.4646321495892899,-0.002301581698887627,0.6023206162626358,0.6022357589603968,-8.485730223894983e-05,0.548,0.5809617110677328,0.7319813247738547
recent_2_track_status_value,11,2026-07-03T05:20:00+00:00,2026-07-11T07:52:00+00:00,6410,500,0.4646321495892899,-0.002988842139160142,0.6080218701209745,0.6088111658309847,0.000789295710010185,0.554,0.5785592173145494,0.7486854460093897
recent_2_track_status_value,12,2026-07-11T08:01:00+00:00,2026-07-22T02:07:00+00:00,6910,500,0.4646321495892899,-0.010510196691069772,0.619182764327878,0.6190778131072792,-0.00010495122059883677,0.5673333333333334,0.5907043640680715,0.7509402216943785
recent_2_margin,1,2026-03-15T06:10:00+00:00,2026-03-27T00:36:00+00:00,1410,500,0.9566862504987685,-0.17233835450601973,0.6300278256990635,0.6255904234665097,-0.004437402232553733,0.572,0.6019554766847746,0.7564062171812644
recent_2_margin,2,2026-03-27T01:11:00+00:00,2026-04-04T06:44:00+00:00,1910,500,0.9566862504987685,-0.16290483118994584,0.6261517043389135,0.6265283496022488,0.0003766452633352513,0.5766666666666667,0.6025253788490929,0.7502546862265689
recent_2_margin,3,2026-04-04T06:50:00+00:00,2026-04-17T01:25:00+00:00,2410,500,0.9566862504987685,-0.15205558620962623,0.6280889408128764,0.6255105644708205,-0.0025783763420558214,0.568,0.5990730193557985,0.7669692385274837
recent_2_margin,4,2026-04-17T01:44:00+00:00,2026-05-01T05:19:00+00:00,2910,500,0.9566862504987685,-0.14891571653077804,0.6112771681162608,0.6090680798386205,-0.0022090882776402143,0.5526666666666666,0.5816544983279603,0.7492844876931883
recent_2_margin,5,2026-05-01T05:26:00+00:00,2026-05-14T06:40:00+00:00,3410,500,0.9566862504987685,-0.12923413283042456,0.5991614550260691,0.5993376449383703,0.0001761899123011723,0.5393333333333333,0.5674861979587512,0.7511977151280634
recent_2_margin,6,2026-05-14T06:52:00+00:00,2026-05-23T05:39:00+00:00,3910,500,0.9566862504987685,-0.13733495828197903,0.6118636575634334,0.6089898343225346,-0.0028738232408987985,0.55,0.5796874448353431,0.7562718924547951
recent_2_margin,7,2026-05-23T05:41:00+00:00,2026-06-03T05:24:00+00:00,4410,500,0.9566862504987685,-0.13838493967725368,0.6091878200109806,0.6074773180918607,-0.0017105019191199222,0.556,0.5757764914657951,0.7421327809016475
recent_2_margin,8,2026-06-03T05:32:00+00:00,2026-06-13T04:10:01+00:00,4910,500,0.9566862504987685,-0.13525749296385556,0.6168040043789969,0.6178704945385228,0.001066490159525979,0.56,0.5878548532464783,0.7636271249076128
recent_2_margin,9,2026-06-13T04:12:01+00:00,2026-06-22T05:30:00+00:00,5410,500,0.9566862504987685,-0.13478564813150543,0.6051414175132467,0.6069448717030519,0.0018034541898052092,0.5546666666666666,0.5744915403836363,0.7439546130952381
recent_2_margin,10,2026-06-22T05:45:00+00:00,2026-07-03T05:16:00+00:00,5910,500,0.9566862504987685,-0.13367162689058742,0.6023206162626358,0.6036580826027274,0.0013374663400915754,0.55,0.5830400728484155,0.7315922575624939
recent_2_margin,11,2026-07-03T05:20:00+00:00,2026-07-11T07:52:00+00:00,6410,500,0.9566862504987685,-0.12984274594865688,0.6080218701209745,0.6063512767763235,-0.001670593344651028,0.5513333333333333,0.5766821024104584,0.7460563380281691
recent_2_margin,12,2026-07-11T08:01:00+00:00,2026-07-22T02:07:00+00:00,6910,500,0.9566862504987685,-0.12634943684945715,0.619182764327878,0.6175522507777124,-0.0016305135501656354,0.5633333333333334,0.5900783617806833,0.7534639746634996
recent_2_total_runners,1,2026-03-15T06:10:00+00:00,2026-03-27T00:36:00+00:00,1410,500,0.9566862504987685,-0.018141828406434052,0.6300278256990635,0.6314270006684374,0.0013991749693739175,0.58,0.6074639363011387,0.7582440663726108
recent_2_total_runners,2,2026-03-27T01:11:00+00:00,2026-04-04T06:44:00+00:00,1910,500,0.9566862504987685,-0.027845074541210706,0.6261517043389135,0.6261491625671429,-2.5417717706144316e-06,0.576,0.6018325915888652,0.7507640586797066
recent_2_total_runners,3,2026-04-04T06:50:00+00:00,2026-04-17T01:25:00+00:00,2410,500,0.9566862504987685,-0.009699862016928676,0.6280889408128764,0.6278674786709669,-0.00022146214190943425,0.57,0.603441674643525,0.7680282400403429
recent_2_total_runners,4,2026-04-17T01:44:00+00:00,2026-05-01T05:19:00+00:00,2910,500,0.9566862504987685,0.0024425148997943265,0.6112771681162608,0.61004712653201,-0.001230041584250774,0.5533333333333333,0.5838557452045522,0.7496660942568212
recent_2_total_runners,5,2026-05-01T05:26:00+00:00,2026-05-14T06:40:00+00:00,3410,500,0.9566862504987685,0.008372017065355576,0.5991614550260691,0.5994916050820622,0.0003301500559931281,0.5393333333333333,0.5676874448353431,0.7516123088262392
recent_2_total_runners,6,2026-05-14T06:52:00+00:00,2026-05-23T05:39:00+00:00,3910,500,0.9566862504987685,0.009686013086437495,0.6118636575634334,0.6115041504585452,-0.0003595071048881904,0.5533333333333333,0.583788068273639,0.7555618668938748
recent_2_total_runners,7,2026-05-23T05:41:00+00:00,2026-06-03T05:24:00+00:00,4410,500,0.9566862504987685,0.0072533321560172516,0.6091878200109806,0.6098659975997376,0.0006781775887569896,0.558,0.5788156723561366,0.7446483180428135
recent_2_total_runners,8,2026-06-03T05:32:00+00:00,2026-06-13T04:10:01+00:00,4910,500,0.9566862504987685,0.005898474421486782,0.6168040043789969,0.6160142584998667,-0.0007897458791301659,0.5573333333333333,0.586178985218979,0.7632113821138211
recent_2_total_runners,9,2026-06-13T04:12:01+00:00,2026-06-22T05:30:00+00:00,5410,500,0.9566862504987685,0.008547631478097444,0.6051414175132467,0.6037205461348931,-0.001420871378353561,0.55,0.571206589301477,0.7436755952380952
recent_2_total_runners,10,2026-06-22T05:45:00+00:00,2026-07-03T05:16:00+00:00,5910,500,0.9566862504987685,0.011392487416132675,0.6023206162626358,0.6031532987997898,0.0008326825371540725,0.5493333333333333,0.5815761365472772,0.7323703919852155
recent_2_total_runners,11,2026-07-03T05:20:00+00:00,2026-07-11T07:52:00+00:00,6410,500,0.9566862504987685,0.015318051353434949,0.6080218701209745,0.6083140682987074,0.00029219817773284973,0.5533333333333333,0.5789839727253457,0.7476056338028169
recent_2_total_runners,12,2026-07-11T08:01:00+00:00,2026-07-22T02:07:00+00:00,6910,500,0.9566862504987685,0.014797290266367783,0.619182764327878,0.6199426988766972,0.0007599345488191744,0.568,0.5912965278900032,0.7524742676167855
recent_3_place,1,2026-03-15T06:10:00+00:00,2026-03-27T00:36:00+00:00,1410,500,0.9240358287813536,-0.10231949620346531,0.6300278256990635,0.6310052901064954,0.0009774644074319605,0.5786666666666667,0.6073410512052296,0.7593467758874186
recent_3_place,2,2026-03-27T01:11:00+00:00,2026-04-04T06:44:00+00:00,1910,500,0.9240358287813536,-0.13251522818177963,0.6261517043389135,0.6257929023829234,-0.0003588019559901401,0.5753333333333334,0.6014861979587512,0.7510187449062755
recent_3_place,3,2026-04-04T06:50:00+00:00,2026-04-17T01:25:00+00:00,2410,500,0.9240358287813536,-0.11344631619844252,0.6280889408128764,0.628052887973139,-3.605283973739937e-05,0.5706666666666667,0.6026482639450017,0.7682299546142208
recent_3_place,4,2026-04-17T01:44:00+00:00,2026-05-01T05:19:00+00:00,2910,500,0.9240358287813536,-0.11709433672815064,0.6112771681162608,0.6110392364238356,-0.00023793169242514178,0.554,0.5856322366703473,0.7505247090249952
recent_3_place,5,2026-05-01T05:26:00+00:00,2026-05-14T06:40:00+00:00,3410,500,0.9240358287813536,-0.11337427037762628,0.5991614550260691,0.5961051922297085,-0.0030562627963606204,0.5353333333333333,0.5633855745204556,0.7503685277317118
recent_3_place,6,2026-05-14T06:52:00+00:00,2026-05-23T05:39:00+00:00,3910,500,0.9240358287813536,-0.10024640629129708,0.6118636575634334,0.6135169967042722,0.001653339140838761,0.5553333333333333,0.585520036424208,0.7578812837262141
recent_3_place,7,2026-05-23T05:41:00+00:00,2026-06-03T05:24:00+00:00,4410,500,0.9240358287813536,-0.10255159486260064,0.6091878200109806,0.6053176298493411,-0.003870190161639475,0.5526666666666666,0.5735084596163642,0.742428726447667
recent_3_place,8,2026-06-03T05:32:00+00:00,2026-06-13T04:10:01+00:00,4910,500,0.9240358287813536,-0.09686562785416207,0.6168040043789969,0.615976136239367,-0.0008278681396298726,0.5573333333333333,0.5855645597394341,0.7636733185513673
recent_3_place,9,2026-06-13T04:12:01+00:00,2026-06-22T05:30:00+00:00,5410,500,0.9240358287813536,-0.09897204987556119,0.6051414175132467,0.6052054839595913,6.406644634460168e-05,0.5513333333333333,0.5739216382193177,0.7442336309523809
recent_3_place,10,2026-06-22T05:45:00+00:00,2026-07-03T05:16:00+00:00,5910,500,0.9240358287813536,-0.09774670911158122,0.6023206162626358,0.602992260335088,0.0006716440724522377,0.5493333333333333,0.58088334928705,0.7324190253866355
recent_3_place,11,2026-07-03T05:20:00+00:00,2026-07-11T07:52:00+00:00,6410,500,0.9240358287813536,-0.10023870436628103,0.6080218701209745,0.6090657029022454,0.0010438327812708481,0.5546666666666666,0.578760464191141,0.7481690140845071
recent_3_place,12,2026-07-11T08:01:00+00:00,2026-07-22T02:07:00+00:00,6910,500,0.9240358287813536,-0.10078873691770586,0.619182764327878,0.6186327274249614,-0.0005500369029165508,0.5666666666666667,0.5895645597394342,0.7516330166270784
recent_3_distance_m,1,2026-03-15T06:10:00+00:00,2026-03-27T00:36:00+00:00,1410,500,0.9240358287813536,0.006442197723434608,0.6300278256990635,0.6301440462516954,0.00011622055263194042,0.578,0.6062796086572751,0.7582965763495064
recent_3_distance_m,2,2026-03-27T01:11:00+00:00,2026-04-04T06:44:00+00:00,1910,500,0.9240358287813536,-0.0015202006466983218,0.6261517043389135,0.624459243064138,-0.0016924612747755141,0.5733333333333334,0.6001006234382962,0.7510696821515892
recent_3_distance_m,3,2026-04-04T06:50:00+00:00,2026-04-17T01:25:00+00:00,2410,500,0.9240358287813536,-0.010099287559510709,0.6280889408128764,0.6291793944541042,0.0010904536412278398,0.5726666666666667,0.6040115768078439,0.7673726676752395
recent_3_distance_m,4,2026-04-17T01:44:00+00:00,2026-05-01T05:19:00+00:00,2910,500,0.9240358287813536,-0.005313878196970265,0.6112771681162608,0.6090327062754455,-0.0022444618408152817,0.5513333333333333,0.5829394494101199,0.7505247090249952
recent_3_distance_m,5,2026-05-01T05:26:00+00:00,2026-05-14T06:40:00+00:00,3410,500,0.9240358287813536,-0.006314483985779246,0.5991614550260691,0.5963380943791874,-0.002823360646881712,0.5353333333333333,0.5641789852189789,0.7505067256311038
recent_3_distance_m,6,2026-05-14T06:52:00+00:00,2026-05-23T05:39:00+00:00,3910,500,0.9240358287813536,-0.0010029336242620163,0.6118636575634334,0.608713866463629,-0.0031497910998044,0.5493333333333333,0.5800115768078438,0.7561772223800057
recent_3_distance_m,7,2026-05-23T05:41:00+00:00,2026-06-03T05:24:00+00:00,4410,500,0.9240358287813536,-0.004245207995619139,0.6091878200109806,0.6084335674753074,-0.0007542525356731833,0.556,0.577776491465795,0.7439577784354345
recent_3_distance_m,8,2026-06-03T05:32:00+00:00,2026-06-13T04:10:01+00:00,4910,500,0.9240358287813536,-0.004872754963836925,0.6168040043789969,0.6150402851975729,-0.0017637191814239284,0.5566666666666666,0.5840783617806833,0.7627494456762749
recent_3_distance_m,9,2026-06-13T04:12:01+00:00,2026-06-22T05:30:00+00:00,5410,500,0.9240358287813536,-0.009709252196344166,0.6051414175132467,0.6041726086059697,-0.000968808907277019,0.5506666666666666,0.5718210147810218,0.7435360863095238
recent_3_distance_m,10,2026-06-22T05:45:00+00:00,2026-07-03T05:16:00+00:00,5910,500,0.9240358287813536,-0.009391263849467403,0.6023206162626358,0.6026218011545101,0.00030118489187436204,0.5486666666666666,0.5806375790952317,0.7325162921894758
recent_3_distance_m,11,2026-07-03T05:20:00+00:00,2026-07-11T07:52:00+00:00,6410,500,0.9240358287813536,-0.015600174991949723,0.6080218701209745,0.6098945974524634,0.0018727273314889104,0.5553333333333333,0.5804140705610272,0.7484976525821596
recent_3_distance_m,12,2026-07-11T08:01:00+00:00,2026-07-22T02:07:00+00:00,6910,500,0.9240358287813536,-0.01845087337718644,0.619182764327878,0.6181330041593109,-0.00104976016856706,0.566,0.5885031171914797,0.752028899445764
recent_3_weight_kg,1,2026-03-15T06:10:00+00:00,2026-03-27T00:36:00+00:00,1410,500,0.7761113939377262,0.04148420005291464,0.6300278256990635,0.6302504366967248,0.00022261099766129888,0.578,0.6065476405067061,0.7584541062801933
recent_3_weight_kg,2,2026-03-27T01:11:00+00:00,2026-04-04T06:44:00+00:00,1910,500,0.7761113939377262,0.04092727393014845,0.6261517043389135,0.6250364567884227,-0.001115247550490861,0.5746666666666667,0.6002012468765922,0.7506112469437652
recent_3_weight_kg,3,2026-04-04T06:50:00+00:00,2026-04-17T01:25:00+00:00,2410,500,0.7761113939377262,0.030110806685964026,0.6280889408128764,0.6287956909394621,0.0007067501265857201,0.572,0.603910953369548,0.7672718103883005
recent_3_weight_kg,4,2026-04-17T01:44:00+00:00,2026-05-01T05:19:00+00:00,2910,500,0.7761113939377262,0.023096408997664377,0.6112771681162608,0.611363882371032,8.671425477124739e-05,0.5546666666666666,0.5852635813826205,0.7508586147681741
recent_3_weight_kg,5,2026-05-01T05:26:00+00:00,2026-05-14T06:40:00+00:00,3410,500,0.7761113939377262,0.023251560283229368,0.5991614550260691,0.5991883162101719,2.6861184102777713e-05,0.5393333333333333,0.567441674643525,0.7506449235304957
recent_3_weight_kg,6,2026-05-14T06:52:00+00:00,2026-05-23T05:39:00+00:00,3910,500,0.7761113939377262,0.01821766841074815,0.6118636575634334,0.6103496032308677,-0.0015140543325656841,0.5513333333333333,0.5820338384654568,0.7566979077913472
recent_3_weight_kg,7,2026-05-23T05:41:00+00:00,2026-06-03T05:24:00+00:00,4410,500,0.7761113939377262,0.015560125606236166,0.6091878200109806,0.6099475925060749,0.0007597724950942908,0.558,0.579832591588865,0.7439577784354345
recent_3_weight_kg,8,2026-06-03T05:32:00+00:00,2026-06-13T04:10:01+00:00,4910,500,0.7761113939377262,0.015667523156231482,0.6168040043789969,0.6157444561012074,-0.0010595482777894238,0.5566666666666666,0.5858325915888652,0.7638118994826312
recent_3_weight_kg,9,2026-06-13T04:12:01+00:00,2026-06-22T05:30:00+00:00,5410,500,0.7761113939377262,0.019501665359113466,0.6051414175132467,0.6048598053552989,-0.00028161215794775263,0.5513333333333333,0.573329474397386,0.7434430803571429
recent_3_weight_kg,10,2026-06-22T05:45:00+00:00,2026-07-03T05:16:00+00:00,5910,500,0.7761113939377262,0.022891880480716137,0.6023206162626358,0.6019759637378115,-0.000344652524824296,0.548,0.579922530177391,0.7319813247738547
recent_3_weight_kg,11,2026-07-03T05:20:00+00:00,2026-07-11T07:52:00+00:00,6410,500,0.7761113939377262,0.02516593690901065,0.6080218701209745,0.6077961083241938,-0.00022576179678068797,0.5533333333333333,0.5774755131089817,0.7470422535211267
recent_3_weight_kg,12,2026-07-11T08:01:00+00:00,2026-07-22T02:07:00+00:00,6910,500,0.7761113939377262,0.026788843837326628,0.619182764327878,0.619527641673424,0.0003448773455460019,0.568,0.5902796086572749,0.7518309580364212
recent_3_barrier,1,2026-03-15T06:10:00+00:00,2026-03-27T00:36:00+00:00,1410,500,0.8847810234042846,-0.01793081965444043,0.6300278256990635,0.6289632873568178,-0.0010645383422456245,0.576,0.6056090830546607,0.7582440663726108
recent_3_barrier,2,2026-03-27T01:11:00+00:00,2026-04-04T06:44:00+00:00,1910,500,0.8847810234042846,-0.016629954012750327,0.6261517043389135,0.6259711827415215,-0.0001805215973920138,0.5753333333333334,0.6014861979587514,0.7517318663406682
recent_3_barrier,3,2026-04-04T06:50:00+00:00,2026-04-17T01:25:00+00:00,2410,500,0.8847810234042846,-0.015388047875118157,0.6280889408128764,0.6262990345750876,-0.001789906237788741,0.5686666666666667,0.6010952810134114,0.7667675239536057
recent_3_barrier,4,2026-04-17T01:44:00+00:00,2026-05-01T05:19:00+00:00,2910,500,0.8847810234042846,-0.0064522981857034235,0.6112771681162608,0.6107206095519897,-0.0005565585642710591,0.554,0.5845485324647796,0.7503339057431788
recent_3_barrier,5,2026-05-01T05:26:00+00:00,2026-05-14T06:40:00+00:00,3410,500,0.8847810234042846,-0.013043962311585148,0.5991614550260691,0.5964197702214975,-0.002741684804571598,0.536,0.5639554766847741,0.7497236042012161
recent_3_barrier,6,2026-05-14T06:52:00+00:00,2026-05-23T05:39:00+00:00,3910,500,0.8847810234042846,-0.005762485808558501,0.6118636575634334,0.6126720968406376,0.0008084392772041982,0.5553333333333333,0.5840338384654569,0.755987882230427
recent_3_barrier,7,2026-05-23T05:41:00+00:00,2026-06-03T05:24:00+00:00,4410,500,0.8847810234042846,-0.0062099175246751615,0.6091878200109806,0.6101874935993924,0.000999673588411798,0.5586666666666666,0.5789162957944324,0.7445003452698037
recent_3_barrier,8,2026-06-03T05:32:00+00:00,2026-06-13T04:10:01+00:00,4910,500,0.8847810234042846,-0.004329526723215503,0.6168040043789969,0.6149706710456636,-0.0018333333333332424,0.556,0.5849946575751155,0.7628880266075388
recent_3_barrier,9,2026-06-13T04:12:01+00:00,2026-06-22T05:30:00+00:00,5410,500,0.8847810234042846,0.0009023155214612034,0.6051414175132467,0.6043687096939137,-0.0007727078193330295,0.5506666666666666,0.57283793401375,0.7433035714285714
recent_3_barrier,10,2026-06-22T05:45:00+00:00,2026-07-03T05:16:00+00:00,5910,500,0.8847810234042846,0.0029774350926819477,0.6023206162626358,0.6044002848758409,0.002079668613205077,0.5513333333333333,0.5823695472458008,0.7325649255908958
recent_3_barrier,11,2026-07-03T05:20:00+00:00,2026-07-11T07:52:00+00:00,6410,500,0.8847810234042846,0.002040755595901766,0.6080218701209745,0.6080790192515912,5.7149130616718224e-05,0.5526666666666666,0.5797996450814823,0.7471830985915493
recent_3_barrier,12,2026-07-11T08:01:00+00:00,2026-07-22T02:07:00+00:00,6910,500,0.8847810234042846,0.0036301341462230932,0.619182764327878,0.6187624184445512,-0.00042034588332684475,0.5666666666666667,0.5900338384654571,0.7516825019794141
recent_3_track_status_value,1,2026-03-15T06:10:00+00:00,2026-03-27T00:36:00+00:00,1410,500,0.4562115604232309,0.0,0.6300278256990635,0.6300278256990635,0.0,0.578,0.6057097064929563,0.7584015963032976
recent_3_track_status_value,2,2026-03-27T01:11:00+00:00,2026-04-04T06:44:00+00:00,1910,500,0.4562115604232309,0.0,0.6261517043389135,0.6261517043389135,0.0,0.576,0.6014861979587514,0.751120619396903
recent_3_track_status_value,3,2026-04-04T06:50:00+00:00,2026-04-17T01:25:00+00:00,2410,500,0.4562115604232309,0.0,0.6280889408128764,0.6280889408128764,0.0,0.5706666666666667,0.6031959044517073,0.7678265254664649
recent_3_track_status_value,4,2026-04-17T01:44:00+00:00,2026-05-01T05:19:00+00:00,2910,500,0.4562115604232309,0.0,0.6112771681162608,0.6112771681162608,0.0,0.5546666666666666,0.5856322366703473,0.7501431024613623
recent_3_track_status_value,5,2026-05-01T05:26:00+00:00,2026-05-14T06:40:00+00:00,3410,500,0.4562115604232309,0.0,0.5991614550260691,0.5991614550260691,0.0,0.5393333333333333,0.567564559739434,0.7504145936981758
recent_3_track_status_value,6,2026-05-14T06:52:00+00:00,2026-05-23T05:39:00+00:00,3910,500,0.4562115604232309,0.0028381511111032105,0.6118636575634334,0.611810024879295,-5.3632684138382736e-05,0.5533333333333333,0.5841122002461396,0.7564612326043738
recent_3_track_status_value,7,2026-05-23T05:41:00+00:00,2026-06-03T05:24:00+00:00,4410,500,0.4562115604232309,-0.004383434732141309,0.6091878200109806,0.6111010852385058,0.0019132652275252182,0.5593333333333333,0.5807934106985235,0.744944263588833
recent_3_track_status_value,8,2026-06-03T05:32:00+00:00,2026-06-13T04:10:01+00:00,4910,500,0.4562115604232309,-0.0019110040622026042,0.6168040043789969,0.6134034396177284,-0.0034005647612684875,0.554,0.5830952810134116,0.7625184774575019
recent_3_track_status_value,9,2026-06-13T04:12:01+00:00,2026-06-22T05:30:00+00:00,5410,500,0.4562115604232309,-0.011915614851828292,0.6051414175132467,0.6053949322956074,0.0002535147823606865,0.552,0.5732065893014769,0.7443731398809523
recent_3_track_status_value,10,2026-06-22T05:45:00+00:00,2026-07-03T05:16:00+00:00,5910,500,0.4562115604232309,-0.004185101769800203,0.6023206162626358,0.6026970803705475,0.0003764641079117004,0.5486666666666666,0.5810845961636414,0.7323703919852155
recent_3_track_status_value,11,2026-07-03T05:20:00+00:00,2026-07-11T07:52:00+00:00,6410,500,0.4562115604232309,-0.004635210190137137,0.6080218701209745,0.6079866076428558,-3.5262478118691654e-05,0.5533333333333333,0.5781905620268224,0.7470892018779343
recent_3_track_status_value,12,2026-07-11T08:01:00+00:00,2026-07-22T02:07:00+00:00,6910,500,0.4562115604232309,0.006370429162932114,0.619182764327878,0.6183488794439639,-0.0008338848839141155,0.566,0.5895645597394342,0.7518309580364212
recent_3_margin,1,2026-03-15T06:10:00+00:00,2026-03-27T00:36:00+00:00,1410,500,0.9240358287813536,-0.10302540896178639,0.6300278256990635,0.6315908565825935,0.0015630308835300477,0.5793333333333334,0.6084024937531841,0.759294265910523
recent_3_margin,2,2026-03-27T01:11:00+00:00,2026-04-04T06:44:00+00:00,1910,500,0.9240358287813536,-0.12837165658824704,0.6261517043389135,0.6246200183309494,-0.0015316860079641614,0.5733333333333334,0.6006927872602279,0.751120619396903
recent_3_margin,3,2026-04-04T06:50:00+00:00,2026-04-17T01:25:00+00:00,2410,500,0.9240358287813536,-0.127653676477636,0.6280889408128764,0.6283894662813979,0.0003005254685215508,0.5713333333333334,0.6020561001230701,0.7688350983358547
recent_3_margin,4,2026-04-17T01:44:00+00:00,2026-05-01T05:19:00+00:00,2910,500,0.9240358287813536,-0.13114705392249373,0.6112771681162608,0.6096007334822273,-0.0016764346340334413,0.5526666666666666,0.5833081046978466,0.7497614958977294
recent_3_margin,5,2026-05-01T05:26:00+00:00,2026-05-14T06:40:00+00:00,3410,500,0.9240358287813536,-0.13011287233071572,0.5991614550260691,0.5972875233993183,-0.0018739316267507578,0.538,0.563933215027161,0.7492168785701124
recent_3_margin,6,2026-05-14T06:52:00+00:00,2026-05-23T05:39:00+00:00,3910,500,0.9240358287813536,-0.1126038011976484,0.6118636575634334,0.6117700292768209,-9.362828661252376e-05,0.5526666666666666,0.5844808555338669,0.7572659282400833
recent_3_margin,7,2026-05-23T05:41:00+00:00,2026-06-03T05:24:00+00:00,4410,500,0.9240358287813536,-0.1135309695325018,0.6091878200109806,0.6064840610143838,-0.0027037589965968056,0.5546666666666666,0.5742235085342047,0.7423794021899971
recent_3_margin,8,2026-06-03T05:32:00+00:00,2026-06-13T04:10:01+00:00,4910,500,0.9240358287813536,-0.10810890279608405,0.6168040043789969,0.615094297409982,-0.0017097069690148459,0.5566666666666666,0.5845253788490928,0.7625184774575019
recent_3_margin,9,2026-06-13T04:12:01+00:00,2026-06-22T05:30:00+00:00,5410,500,0.9240358287813536,-0.11019387495924016,0.6051414175132467,0.6057776126141017,0.0006361951008549971,0.552,0.5747373105754542,0.7443731398809523
recent_3_margin,10,2026-06-22T05:45:00+00:00,2026-07-03T05:16:00+00:00,5910,500,0.9240358287813536,-0.10548994234727097,0.6023206162626358,0.6014158855697772,-0.0009047306928585686,0.5473333333333333,0.5794532514513684,0.7315436241610739
recent_3_margin,11,2026-07-03T05:20:00+00:00,2026-07-11T07:52:00+00:00,6410,500,0.9240358287813536,-0.10682202141173644,0.6080218701209745,0.6084479735366349,0.000426103415660406,0.554,0.5780454152733002,0.7477464788732394
recent_3_margin,12,2026-07-11T08:01:00+00:00,2026-07-22T02:07:00+00:00,6910,500,0.9240358287813536,-0.10617839916741052,0.619182764327878,0.6178176066194059,-0.00136515770847212,0.5653333333333334,0.5888717724792067,0.7517319873317498
recent_3_total_runners,1,2026-03-15T06:10:00+00:00,2026-03-27T00:36:00+00:00,1410,500,0.9240358287813536,0.05640003065693416,0.6300278256990635,0.6277980609514235,-0.0022297647476399174,0.5746666666666667,0.604402493753184,0.7574564167191766
recent_3_total_runners,2,2026-03-27T01:11:00+00:00,2026-04-04T06:44:00+00:00,1910,500,0.9240358287813536,0.03506543460706395,0.6261517043389135,0.6241351507587446,-0.002016553580168945,0.5733333333333334,0.5992626894245465,0.7506112469437652
recent_3_total_runners,3,2026-04-04T06:50:00+00:00,2026-04-17T01:25:00+00:00,2410,500,0.9240358287813536,0.027673756625444527,0.6280889408128764,0.6276832094892644,-0.0004057313236119908,0.57,0.6026037406297756,0.7681290973272819
recent_3_total_runners,4,2026-04-17T01:44:00+00:00,2026-05-01T05:19:00+00:00,2910,500,0.9240358287813536,0.028087036496537498,0.6112771681162608,0.6120253788490925,0.0007482107328317111,0.556,0.5861015153963698,0.75
recent_3_total_runners,5,2026-05-01T05:26:00+00:00,2026-05-14T06:40:00+00:00,3410,500,0.9240358287813536,0.02256663355593876,0.5991614550260691,0.5996126871120857,0.00045123208601660636,0.5406666666666666,0.5667488873832975,0.7503685277317118
recent_3_total_runners,6,2026-05-14T06:52:00+00:00,2026-05-23T05:39:00+00:00,3910,500,0.9240358287813536,0.024318352010101414,0.6118636575634334,0.6104940668435179,-0.0013695907199154922,0.552,0.5826037406297755,0.7553725267442961
recent_3_total_runners,7,2026-05-23T05:41:00+00:00,2026-06-03T05:24:00+00:00,4410,500,0.9240358287813536,0.01674604679689166,0.6091878200109806,0.610521388845938,0.0013335688349573882,0.5593333333333333,0.5796090830546603,0.7438098056624248
recent_3_total_runners,8,2026-06-03T05:32:00+00:00,2026-06-13T04:10:01+00:00,4910,500,0.9240358287813536,0.023079157597119516,0.6168040043789969,0.6179808014666153,0.0011767970876184197,0.56,0.5884808555338668,0.7634423503325942
recent_3_total_runners,9,2026-06-13T04:12:01+00:00,2026-06-22T05:30:00+00:00,5410,500,0.9240358287813536,0.026906207369196546,0.6051414175132467,0.604099912625671,-0.001041504887575706,0.55,0.5724915403836364,0.7439081101190477
recent_3_total_runners,10,2026-06-22T05:45:00+00:00,2026-07-03T05:16:00+00:00,5910,500,0.9240358287813536,0.026970847388642808,0.6023206162626358,0.6035483258313238,0.0012277095686880068,0.5493333333333333,0.5829617110677324,0.7325649255908958
recent_3_total_runners,11,2026-07-03T05:20:00+00:00,2026-07-11T07:52:00+00:00,6410,500,0.9240358287813536,0.023144760215861194,0.6080218701209745,0.6096657200801459,0.0016438499591713285,0.5546666666666666,0.5812074812595506,0.7481220657276996
recent_3_total_runners,12,2026-07-11T08:01:00+00:00,2026-07-22T02:07:00+00:00,6910,500,0.9240358287813536,0.02304776220688555,0.619182764327878,0.6203251024608419,0.0011423381329639382,0.5686666666666667,0.5918886917119349,0.7520783847980997
recent_4_place,1,2026-03-15T06:10:00+00:00,2026-03-27T00:36:00+00:00,1410,500,0.8886610988043314,-0.08145147006281442,0.6300278256990635,0.6287339420458453,-0.001293883653218142,0.576,0.6043241319725012,0.75861163621088
recent_4_place,2,2026-03-27T01:11:00+00:00,2026-04-04T06:44:00+00:00,1910,500,0.8886610988043314,-0.06930719759969757,0.6261517043389135,0.6248766330332292,-0.0012750713056843832,0.574,0.6007934106985237,0.7507131214343928
recent_4_place,3,2026-04-04T06:50:00+00:00,2026-04-17T01:25:00+00:00,2410,500,0.8886610988043314,-0.06751645116837451,0.6280889408128764,0.6278148465123413,-0.0002740943005350438,0.57,0.6026260022873886,0.7686333837619768
recent_4_place,4,2026-04-17T01:44:00+00:00,2026-05-01T05:19:00+00:00,2910,500,0.8886610988043314,-0.06404173167062568,0.6112771681162608,0.6076708605146632,-0.003606307601597525,0.55,0.581732860108643,0.7489505819500095
recent_4_place,5,2026-05-01T05:26:00+00:00,2026-05-14T06:40:00+00:00,3410,500,0.8886610988043314,-0.06403316012144948,0.5991614550260691,0.5978813606567751,-0.0012800943692939937,0.538,0.5657097064929562,0.7498157361341441
recent_4_place,6,2026-05-14T06:52:00+00:00,2026-05-23T05:39:00+00:00,3910,500,0.8886610988043314,-0.06075079061527788,0.6118636575634334,0.6103009646018515,-0.0015626929615819574,0.552,0.5822573469996618,0.754946511407744
recent_4_place,7,2026-05-23T05:41:00+00:00,2026-06-03T05:24:00+00:00,4410,500,0.8886610988043314,-0.054371594533682004,0.6091878200109806,0.6108914571434086,0.0017036371324280486,0.5593333333333333,0.5807934106985235,0.7441057512084444
recent_4_place,8,2026-06-03T05:32:00+00:00,2026-06-13T04:10:01+00:00,4910,500,0.8886610988043314,-0.05146516111072875,0.6168040043789969,0.6172509569005747,0.00044695252157789245,0.5593333333333333,0.5872181661093205,0.7631189948263118
recent_4_place,9,2026-06-13T04:12:01+00:00,2026-06-22T05:30:00+00:00,5410,500,0.8886610988043314,-0.05750053314878531,0.6051414175132467,0.6036236043349268,-0.0015178131783198934,0.55,0.5721674084111356,0.7423270089285714
recent_4_place,10,2026-06-22T05:45:00+00:00,2026-07-03T05:16:00+00:00,5910,500,0.8886610988043314,-0.05519883704863239,0.6023206162626358,0.6048029552854391,0.0024823390228033704,0.552,0.5830845961636415,0.732127224978115
recent_4_place,11,2026-07-03T05:20:00+00:00,2026-07-11T07:52:00+00:00,6410,500,0.8886610988043314,-0.05896275248223983,0.6080218701209745,0.6075829029848243,-0.00043896713615021454,0.5526666666666666,0.5777212833007995,0.7472769953051643
recent_4_place,12,2026-07-11T08:01:00+00:00,2026-07-22T02:07:00+00:00,6910,500,0.8886610988043314,-0.05896178467195642,0.619182764327878,0.6206830410622275,0.0015002767343494927,0.5686666666666667,0.5930730193557983,0.7523258115597783
recent_4_distance_m,1,2026-03-15T06:10:00+00:00,2026-03-27T00:36:00+00:00,1410,500,0.8886610988043314,-0.008847522145288061,0.6300278256990635,0.6280039059358409,-0.0020239197632225814,0.5746666666666667,0.604648263945002,0.7580340264650284
recent_4_distance_m,2,2026-03-27T01:11:00+00:00,2026-04-04T06:44:00+00:00,1910,500,0.8886610988043314,-0.0038490317263900815,0.6261517043389135,0.6262284229699672,7.671863105362942e-05,0.576,0.6013855745204555,0.7515281173594132
recent_4_distance_m,3,2026-04-04T06:50:00+00:00,2026-04-17T01:25:00+00:00,2410,500,0.8886610988043314,-0.02161298755539607,0.6280889408128764,0.6275209681165317,-0.0005679726963446763,0.57,0.6022573469996618,0.7678265254664649
recent_4_distance_m,4,2026-04-17T01:44:00+00:00,2026-05-01T05:19:00+00:00,2910,500,0.8886610988043314,-0.02293272319556364,0.6112771681162608,0.6104557599880409,-0.0008214081282198471,0.554,0.5836322366703471,0.7501908032818164
recent_4_distance_m,5,2026-05-01T05:26:00+00:00,2026-05-14T06:40:00+00:00,3410,500,0.8886610988043314,-0.021844375645141054,0.5991614550260691,0.6003216573966986,0.0011602023706295261,0.5406666666666666,0.5681567235613659,0.7517965726920951
recent_4_distance_m,6,2026-05-14T06:52:00+00:00,2026-05-23T05:39:00+00:00,3910,500,0.8886610988043314,-0.02372000478584627,0.6118636575634334,0.6095190140776411,-0.0023446434857923304,0.5506666666666666,0.5808495108215934,0.7558932121556377
recent_4_distance_m,7,2026-05-23T05:41:00+00:00,2026-06-03T05:24:00+00:00,4410,500,0.8886610988043314,-0.023296982172483285,0.6091878200109806,0.6075138712360696,-0.001673948774911005,0.5546666666666666,0.5767150489178408,0.7440071026931044
recent_4_distance_m,8,2026-06-03T05:32:00+00:00,2026-06-13T04:10:01+00:00,4910,500,0.8886610988043314,-0.025427672747561643,0.6168040043789969,0.6162748952115613,-0.0005291091674355375,0.5586666666666666,0.5857097064929564,0.7620565410199557
recent_4_distance_m,9,2026-06-13T04:12:01+00:00,2026-06-22T05:30:00+00:00,5410,500,0.8886610988043314,-0.023722833691205633,0.6051414175132467,0.6060925403468315,0.0009511228335847832,0.5533333333333333,0.5741674084111353,0.7435360863095238
recent_4_distance_m,10,2026-06-22T05:45:00+00:00,2026-07-03T05:16:00+00:00,5910,500,0.8886610988043314,-0.022302375370126328,0.6023206162626358,0.6026505877203501,0.00032997145771429537,0.5486666666666666,0.5816767599855732,0.7315922575624939
recent_4_distance_m,11,2026-07-03T05:20:00+00:00,2026-07-11T07:52:00+00:00,6410,500,0.8886610988043314,-0.020496582166371565,0.6080218701209745,0.6089273588812025,0.0009054887602280015,0.554,0.5793526280130729,0.748356807511737
recent_4_distance_m,12,2026-07-11T08:01:00+00:00,2026-07-22T02:07:00+00:00,6910,500,0.8886610988043314,-0.02721373186316295,0.619182764327878,0.6197679828998953,0.0005852185720173209,0.5686666666666667,0.5904024937531838,0.7513361045130641
recent_4_weight_kg,1,2026-03-15T06:10:00+00:00,2026-03-27T00:36:00+00:00,1410,500,0.746653090989144,-0.029987314398589565,0.6300278256990635,0.6271850033905263,-0.002842822308537163,0.5733333333333334,0.6043018703148881,0.7577714765805503
recent_4_weight_kg,2,2026-03-27T01:11:00+00:00,2026-04-04T06:44:00+00:00,1910,500,0.746653090989144,-0.027321155569077625,0.6261517043389135,0.625370584755701,-0.0007811195832125861,0.5753333333333334,0.600815672356137,0.75
recent_4_weight_kg,3,2026-04-04T06:50:00+00:00,2026-04-17T01:25:00+00:00,2410,500,0.746653090989144,-0.013473763586954637,0.6280889408128764,0.6280490729379788,-3.986787489751453e-05,0.5713333333333334,0.6020561001230702,0.7674735249621785
recent_4_weight_kg,4,2026-04-17T01:44:00+00:00,2026-05-01T05:19:00+00:00,2910,500,0.746653090989144,-0.010219181764135372,0.6112771681162608,0.6098739297169531,-0.0014032383993076714,0.5533333333333333,0.5831629579443244,0.7496660942568212
recent_4_weight_kg,5,2026-05-01T05:26:00+00:00,2026-05-14T06:40:00+00:00,3410,500,0.746653090989144,0.003215094567652643,0.5991614550260691,0.5981532514421539,-0.0010082035839151793,0.5386666666666666,0.5654639363011383,0.7498157361341441
recent_4_weight_kg,6,2026-05-14T06:52:00+00:00,2026-05-23T05:39:00+00:00,3910,500,0.746653090989144,-0.005441237649831151,0.6118636575634334,0.6101343218113805,-0.0017293357520529185,0.5513333333333333,0.5817880682736388,0.7560825523052164
recent_4_weight_kg,7,2026-05-23T05:41:00+00:00,2026-06-03T05:24:00+00:00,4410,500,0.746653090989144,0.0015831592573172745,0.6091878200109806,0.6087562637105732,-0.00043155630040736526,0.5566666666666666,0.5778325915888648,0.7438591299200947
recent_4_weight_kg,8,2026-06-03T05:32:00+00:00,2026-06-13T04:10:01+00:00,4910,500,0.746653090989144,0.00013131012483335187,0.6168040043789969,0.6157876611710875,-0.0010163432079093315,0.5573333333333333,0.5853187895476166,0.7631651884700665
recent_4_weight_kg,9,2026-06-13T04:12:01+00:00,2026-06-22T05:30:00+00:00,5410,500,0.746653090989144,0.008883834047715256,0.6051414175132467,0.6054206554809698,0.0002792379677231116,0.552,0.5738210147810218,0.7438616071428571
recent_4_weight_kg,10,2026-06-22T05:45:00+00:00,2026-07-03T05:16:00+00:00,5910,500,0.746653090989144,0.022909254177686578,0.6023206162626358,0.6025008684471393,0.00018025218450357094,0.5486666666666666,0.5808833492870497,0.7317867911681744
recent_4_weight_kg,11,2026-07-03T05:20:00+00:00,2026-07-11T07:52:00+00:00,6410,500,0.746653090989144,0.0224102754524171,0.6080218701209745,0.6088807177874735,0.0008588476664990186,0.5546666666666666,0.5785369556569363,0.7476525821596244
recent_4_weight_kg,12,2026-07-11T08:01:00+00:00,2026-07-22T02:07:00+00:00,6910,500,0.746653090989144,0.024064152279710437,0.619182764327878,0.6192435150399588,6.075071208078153e-05,0.568,0.590033838465457,0.7509402216943785
recent_4_barrier,1,2026-03-15T06:10:00+00:00,2026-03-27T00:36:00+00:00,1410,500,0.8511949806684187,0.019978228583851565,0.6300278256990635,0.6302272775025684,0.0001994518035048909,0.578,0.6064024937531843,0.7585066162570888
recent_4_barrier,2,2026-03-27T01:11:00+00:00,2026-04-04T06:44:00+00:00,1910,500,0.8511949806684187,-0.004348237126837093,0.6261517043389135,0.6255635156712324,-0.0005881886676811776,0.5753333333333334,0.6006705256026148,0.7509168704156479
recent_4_barrier,3,2026-04-04T06:50:00+00:00,2026-04-17T01:25:00+00:00,2410,500,0.8511949806684187,0.005225129286667712,0.6280889408128764,0.6271317576496472,-0.000957183163229125,0.5693333333333334,0.6020338384654572,0.7678265254664649
recent_4_barrier,4,2026-04-17T01:44:00+00:00,2026-05-01T05:19:00+00:00,2910,500,0.8511949806684187,-0.007143882963663895,0.6112771681162608,0.610683358129622,-0.0005938099866387159,0.5533333333333333,0.5857328601086429,0.7503339057431788
recent_4_barrier,5,2026-05-01T05:26:00+00:00,2026-05-14T06:40:00+00:00,3410,500,0.8511949806684187,-0.0022289436001947903,0.5991614550260691,0.5977508191591246,-0.001410635866944454,0.538,0.5654639363011382,0.7495393403353602
recent_4_barrier,6,2026-05-14T06:52:00+00:00,2026-05-23T05:39:00+00:00,3910,500,0.8511949806684187,0.004791037619655675,0.6118636575634334,0.6124138138351247,0.0005501562716913044,0.554,0.5846260022873888,0.7570292530531099
recent_4_barrier,7,2026-05-23T05:41:00+00:00,2026-06-03T05:24:00+00:00,4410,500,0.8511949806684187,0.009718424649565393,0.6091878200109806,0.6075647903234118,-0.0016230296875687777,0.5553333333333333,0.5766705256026146,0.7429219690243661
recent_4_barrier,8,2026-06-03T05:32:00+00:00,2026-06-13T04:10:01+00:00,4910,500,0.8511949806684187,0.009569548486637663,0.6168040043789969,0.6122825196636612,-0.004521484715335644,0.5526666666666666,0.5818325915888651,0.7619641537324464
recent_4_barrier,9,2026-06-13T04:12:01+00:00,2026-06-22T05:30:00+00:00,5410,500,0.8511949806684187,0.0056212887806912915,0.6051414175132467,0.605144731340963,3.313827716344697e-06,0.552,0.5732288509590899,0.7433500744047619
recent_4_barrier,10,2026-06-22T05:45:00+00:00,2026-07-03T05:16:00+00:00,5910,500,0.8511949806684187,0.007277519960104165,0.6023206162626358,0.603739371986262,0.0014187557236262638,0.55,0.582246662149892,0.7327108257951561
recent_4_barrier,11,2026-07-03T05:20:00+00:00,2026-07-11T07:52:00+00:00,6410,500,0.8511949806684187,0.012069471481661766,0.6080218701209745,0.609189911205733,0.001168041084758431,0.554,0.5806375790952322,0.7481220657276996
recent_4_barrier,12,2026-07-11T08:01:00+00:00,2026-07-22T02:07:00+00:00,6910,500,0.8511949806684187,0.011070537844714666,0.619182764327878,0.620145379333631,0.0009626150057530092,0.568,0.5911175426710246,0.7534639746634996
recent_4_track_status_value,1,2026-03-15T06:10:00+00:00,2026-03-27T00:36:00+00:00,1410,500,0.4428927200429285,0.0,0.6300278256990635,0.6300278256990635,0.0,0.578,0.6057097064929563,0.7584015963032976
recent_4_track_status_value,2,2026-03-27T01:11:00+00:00,2026-04-04T06:44:00+00:00,1910,500,0.4428927200429285,0.0,0.6261517043389135,0.6261517043389135,0.0,0.576,0.6014861979587514,0.751120619396903
recent_4_track_status_value,3,2026-04-04T06:50:00+00:00,2026-04-17T01:25:00+00:00,2410,500,0.4428927200429285,0.0,0.6280889408128764,0.6280889408128764,0.0,0.5706666666666667,0.6031959044517073,0.7678265254664649
recent_4_track_status_value,4,2026-04-17T01:44:00+00:00,2026-05-01T05:19:00+00:00,2910,500,0.4428927200429285,0.0,0.6112771681162608,0.6112771681162608,0.0,0.5546666666666666,0.5856322366703473,0.7501431024613623
recent_4_track_status_value,5,2026-05-01T05:26:00+00:00,2026-05-14T06:40:00+00:00,3410,500,0.4428927200429285,0.0,0.5991614550260691,0.5991614550260691,0.0,0.5393333333333333,0.567564559739434,0.7504145936981758
recent_4_track_status_value,6,2026-05-14T06:52:00+00:00,2026-05-23T05:39:00+00:00,3910,500,0.4428927200429285,-0.004671561260549163,0.6118636575634334,0.6103818128457216,-0.0014818447177118443,0.5513333333333333,0.5822573469996619,0.7566032377165578
recent_4_track_status_value,7,2026-05-23T05:41:00+00:00,2026-06-03T05:24:00+00:00,4410,500,0.4428927200429285,-0.001894276218031275,0.6091878200109806,0.6112992705939859,0.0021114505830053254,0.56,0.5808940341368194,0.744303048239124
recent_4_track_status_value,8,2026-06-03T05:32:00+00:00,2026-06-13T04:10:01+00:00,4910,500,0.4428927200429285,0.0018690594790562475,0.6168040043789969,0.6158816899141613,-0.0009223144648355941,0.5573333333333333,0.5854639363011384,0.7633961566888396
recent_4_track_status_value,9,2026-06-13T04:12:01+00:00,2026-06-22T05:30:00+00:00,5410,500,0.4428927200429285,0.013552531951604304,0.6051414175132467,0.6052290781618046,8.7660648557919e-05,0.552,0.5737987531234087,0.7431175595238095
recent_4_track_status_value,10,2026-06-22T05:45:00+00:00,2026-07-03T05:16:00+00:00,5910,500,0.4428927200429285,0.0057977526829374355,0.6023206162626358,0.605021617229145,0.0027010009665092705,0.552,0.5832297429171635,0.7328567259994164
recent_4_track_status_value,11,2026-07-03T05:20:00+00:00,2026-07-11T07:52:00+00:00,6410,500,0.4428927200429285,0.007504985511887615,0.6080218701209745,0.60712781118687,-0.0008940589341045468,0.552,0.5769056109446631,0.7476056338028169
recent_4_track_status_value,12,2026-07-11T08:01:00+00:00,2026-07-22T02:07:00+00:00,6910,500,0.4428927200429285,0.00797571120454719,0.619182764327878,0.6191516289114357,-3.113541644228501e-05,0.5673333333333334,0.5902573469996619,0.7516825019794141
recent_4_margin,1,2026-03-15T06:10:00+00:00,2026-03-27T00:36:00+00:00,1410,500,0.8886610988043314,-0.10417211075850087,0.6300278256990635,0.6288797847435805,-0.0011480409554829318,0.576,0.6051175426710246,0.7584015963032976
recent_4_margin,2,2026-03-27T01:11:00+00:00,2026-04-04T06:44:00+00:00,1910,500,0.8886610988043314,-0.09475991268445087,0.6261517043389135,0.6244457263489708,-0.001705977989942764,0.574,0.5997319681505694,0.7500509372453138
recent_4_margin,3,2026-04-04T06:50:00+00:00,2026-04-17T01:25:00+00:00,2410,500,0.8886610988043314,-0.10306734877554817,0.6280889408128764,0.6291377944635851,0.0010488536507087254,0.572,0.6034639363011381,0.7690872415532022
recent_4_margin,4,2026-04-17T01:44:00+00:00,2026-05-01T05:19:00+00:00,2910,500,0.8886610988043314,-0.10890871361241364,0.6112771681162608,0.610914589315977,-0.000362578800283786,0.5546666666666666,0.5843250239305746,0.75
recent_4_margin,5,2026-05-01T05:26:00+00:00,2026-05-14T06:40:00+00:00,3410,500,0.8886610988043314,-0.10443844959311167,0.5991614550260691,0.5991981273772591,3.6672351189981356e-05,0.5393333333333333,0.56766518317773,0.7504606596646398
recent_4_margin,6,2026-05-14T06:52:00+00:00,2026-05-23T05:39:00+00:00,3910,500,0.8886610988043314,-0.10317743499724387,0.6118636575634334,0.6129698995941267,0.0011062420306933163,0.5553333333333333,0.5847043640680717,0.7565085676417684
recent_4_margin,7,2026-05-23T05:41:00+00:00,2026-06-03T05:24:00+00:00,4410,500,0.8886610988043314,-0.0986060167628653,0.6091878200109806,0.6103106596519075,0.0011228396409268537,0.5586666666666666,0.579754229808182,0.7441550754661143
recent_4_margin,8,2026-06-03T05:32:00+00:00,2026-06-13T04:10:01+00:00,4910,500,0.8886610988043314,-0.09957186494859159,0.6168040043789969,0.6148630348539545,-0.001940969525042302,0.556,0.5847488873832978,0.7627032520325203
recent_4_margin,9,2026-06-13T04:12:01+00:00,2026-06-22T05:30:00+00:00,5410,500,0.8886610988043314,-0.10106539390502149,0.6051414175132467,0.603838085926979,-0.0013033315862677197,0.55,0.5725138020412492,0.7428385416666666
recent_4_margin,10,2026-06-22T05:45:00+00:00,2026-07-03T05:16:00+00:00,5910,500,0.8886610988043314,-0.09728080591378918,0.6023206162626358,0.6029853482211653,0.000664731958529563,0.55,0.5807382025335278,0.7312031903511331
recent_4_margin,11,2026-07-03T05:20:00+00:00,2026-07-11T07:52:00+00:00,6410,500,0.8886610988043314,-0.09726950761647106,0.6080218701209745,0.6075946400740262,-0.0004272300469483348,0.5526666666666666,0.5777212833007997,0.7473239436619719
recent_4_margin,12,2026-07-11T08:01:00+00:00,2026-07-22T02:07:00+00:00,6910,500,0.8886610988043314,-0.0964729659624039,0.619182764327878,0.6213930770753048,0.002210312747426779,0.5693333333333334,0.5941344619037527,0.7527711797307997
recent_4_total_runners,1,2026-03-15T06:10:00+00:00,2026-03-27T00:36:00+00:00,1410,500,0.8886610988043314,0.03661697563334936,0.6300278256990635,0.632114980510737,0.0020871548116735417,0.58,0.6092181661093208,0.7592417559336274
recent_4_total_runners,2,2026-03-27T01:11:00+00:00,2026-04-04T06:44:00+00:00,1910,500,0.8886610988043314,0.030558079963038158,0.6261517043389135,0.6259075111848794,-0.00024419315403412245,0.5753333333333334,0.6014861979587514,0.7514771801140995
recent_4_total_runners,3,2026-04-04T06:50:00+00:00,2026-04-17T01:25:00+00:00,2410,500,0.8886610988043314,0.03149869421977141,0.6280889408128764,0.6278652568921892,-0.0002236839206871677,0.5706666666666667,0.6026037406297755,0.767523953605648
recent_4_total_runners,4,2026-04-17T01:44:00+00:00,2026-05-01T05:19:00+00:00,2910,500,0.8886610988043314,0.032417143871412236,0.6112771681162608,0.6107198151756826,-0.0005573529405781263,0.554,0.5845930557800058,0.7502862049227247
recent_4_total_runners,5,2026-05-01T05:26:00+00:00,2026-05-14T06:40:00+00:00,3410,500,0.8886610988043314,0.03131082699172705,0.5991614550260691,0.5975672002167992,-0.0015942548092698905,0.5373333333333333,0.5654639363011382,0.750138197899392
recent_4_total_runners,6,2026-05-14T06:52:00+00:00,2026-05-23T05:39:00+00:00,3910,500,0.8886610988043314,0.030286487253290254,0.6118636575634334,0.6122728266349216,0.00040916907148813575,0.554,0.5841567235613658,0.7569345829783205
recent_4_total_runners,7,2026-05-23T05:41:00+00:00,2026-06-03T05:24:00+00:00,4410,500,0.8886610988043314,0.034451179459635814,0.6091878200109806,0.6077813658884517,-0.0014064541225289329,0.556,0.5768940341368194,0.7422314294169873
recent_4_total_runners,8,2026-06-03T05:32:00+00:00,2026-06-13T04:10:01+00:00,4910,500,0.8886610988043314,0.02827847766180757,0.6168040043789969,0.6125922383722854,-0.00421176600671147,0.5526666666666666,0.582424755410797,0.762610864745011
recent_4_total_runners,9,2026-06-13T04:12:01+00:00,2026-06-22T05:30:00+00:00,5410,500,0.8886610988043314,0.02243277922934753,0.6051414175132467,0.604862899072435,-0.00027851844081172583,0.5513333333333333,0.5727373105754542,0.7440476190476191
recent_4_total_runners,10,2026-06-22T05:45:00+00:00,2026-07-03T05:16:00+00:00,5910,500,0.8886610988043314,0.026250251878336947,0.6023206162626358,0.602984428594339,0.0006638123317032063,0.5486666666666666,0.5816990216431864,0.7329053594008365
recent_4_total_runners,11,2026-07-03T05:20:00+00:00,2026-07-11T07:52:00+00:00,6410,500,0.8886610988043314,0.02345036769583815,0.6080218701209745,0.60786760628018,-0.00015426384079453292,0.5533333333333333,0.5776206598625039,0.7471830985915493
recent_4_total_runners,12,2026-07-11T08:01:00+00:00,2026-07-22T02:07:00+00:00,6910,500,0.8886610988043314,0.01902635282261548,0.619182764327878,0.620163863800463,0.0009810994725849564,0.5686666666666667,0.5910952810134118,0.7522268408551069
recent_5_place,1,2026-03-15T06:10:00+00:00,2026-03-27T00:36:00+00:00,1410,500,0.8519379738301297,-0.044361911917316414,0.6300278256990635,0.6288459676753121,-0.0011818580237513698,0.576,0.6051398043286377,0.7582440663726108
recent_5_place,2,2026-03-27T01:11:00+00:00,2026-04-04T06:44:00+00:00,1910,500,0.8519379738301297,-0.038929975271684424,0.6261517043389135,0.6250114578065217,-0.0011402465323918642,0.574,0.6006705256026149,0.7513753056234719
recent_5_place,3,2026-04-04T06:50:00+00:00,2026-04-17T01:25:00+00:00,2410,500,0.8519379738301297,-0.04059800292060929,0.6280889408128764,0.6281411380992106,5.219728633421017e-05,0.5706666666666667,0.6026482639450017,0.7685829551185073
recent_5_place,4,2026-04-17T01:44:00+00:00,2026-05-01T05:19:00+00:00,2910,500,0.8519379738301297,-0.035736621001939785,0.6112771681162608,0.6082789301282103,-0.002998237988050434,0.55,0.5824479090264837,0.7506678114863575
recent_5_place,5,2026-05-01T05:26:00+00:00,2026-05-14T06:40:00+00:00,3410,500,0.8519379738301297,-0.03602986403631859,0.5991614550260691,0.5972475062514239,-0.0019139487746452355,0.5366666666666666,0.5655645597394341,0.750092131932928
recent_5_place,6,2026-05-14T06:52:00+00:00,2026-05-23T05:39:00+00:00,3910,500,0.8519379738301297,-0.03857765570565941,0.6118636575634334,0.6102989765302809,-0.0015646810331525485,0.5513333333333333,0.5822573469996618,0.7562718924547951
recent_5_place,7,2026-05-23T05:41:00+00:00,2026-06-03T05:24:00+00:00,4410,500,0.8519379738301297,-0.03832628492327743,0.6091878200109806,0.6092742056443761,8.638563339546934e-05,0.5573333333333333,0.5789162957944324,0.7435138601164053
recent_5_place,8,2026-06-03T05:32:00+00:00,2026-06-13T04:10:01+00:00,4910,500,0.8519379738301297,-0.041146790433065655,0.6168040043789969,0.6149110934188513,-0.001892910960145544,0.556,0.5845253788490931,0.7631189948263118
recent_5_place,9,2026-06-13T04:12:01+00:00,2026-06-22T05:30:00+00:00,5410,500,0.8519379738301297,-0.05397555098485197,0.6051414175132467,0.6067745188969655,0.0016331013837188602,0.554,0.5753294743973858,0.7437686011904762
recent_5_place,10,2026-06-22T05:45:00+00:00,2026-07-03T05:16:00+00:00,5910,500,0.8519379738301297,-0.05702380889194153,0.6023206162626358,0.603240085570003,0.0009194693073671933,0.5493333333333333,0.5817773834238693,0.7325162921894758
recent_5_place,11,2026-07-03T05:20:00+00:00,2026-07-11T07:52:00+00:00,6410,500,0.8519379738301297,-0.0536176358643313,0.6080218701209745,0.6088528560364674,0.00083098591549291,0.5546666666666666,0.5777212833007997,0.748356807511737
recent_5_place,12,2026-07-11T08:01:00+00:00,2026-07-22T02:07:00+00:00,6910,500,0.8519379738301297,-0.048741877341790266,0.619182764327878,0.6185894974047845,-0.0005932669230934717,0.566,0.5906260022873887,0.7517319873317498
recent_5_distance_m,1,2026-03-15T06:10:00+00:00,2026-03-27T00:36:00+00:00,1410,500,0.8519379738301297,-0.04608406054402073,0.6300278256990635,0.6291177912632475,-0.0009100344358159429,0.576,0.606279608657275,0.7581915563957152
recent_5_distance_m,2,2026-03-27T01:11:00+00:00,2026-04-04T06:44:00+00:00,1910,500,0.8519379738301297,-0.0413542650637749,0.6261517043389135,0.6260238793547672,-0.0001278249841463186,0.576,0.6007711490409108,0.7513243683781581
recent_5_distance_m,3,2026-04-04T06:50:00+00:00,2026-04-17T01:25:00+00:00,2410,500,0.8519379738301297,-0.038351447415710206,0.6280889408128764,0.6274776981438479,-0.0006112426690284556,0.57,0.6020338384654571,0.7678769541099344
recent_5_distance_m,4,2026-04-17T01:44:00+00:00,2026-05-01T05:19:00+00:00,2910,500,0.8519379738301297,-0.040827101455144774,0.6112771681162608,0.6099647335791006,-0.0013124345371601231,0.5526666666666666,0.584000891958074,0.7505247090249952
recent_5_distance_m,5,2026-05-01T05:26:00+00:00,2026-05-14T06:40:00+00:00,3410,500,0.8519379738301297,-0.0394560339623577,0.5991614550260691,0.598721900951033,-0.0004395540750361526,0.5386666666666666,0.5667711490409107,0.7507831214298876
recent_5_distance_m,6,2026-05-14T06:52:00+00:00,2026-05-23T05:39:00+00:00,3910,500,0.8519379738301297,-0.03385244847186032,0.6118636575634334,0.6106635015664871,-0.0012001559969463393,0.552,0.5829501342598892,0.7557038720060589
recent_5_distance_m,7,2026-05-23T05:41:00+00:00,2026-06-03T05:24:00+00:00,4410,500,0.8519379738301297,-0.029690993250137063,0.6091878200109806,0.6091626641514066,-2.5155859573966488e-05,0.5573333333333333,0.5782235085342049,0.7437604814047548
recent_5_distance_m,8,2026-06-03T05:32:00+00:00,2026-06-13T04:10:01+00:00,4910,500,0.8519379738301297,-0.025967522498537152,0.6168040043789969,0.6132531161589713,-0.003550888220025583,0.554,0.5827711490409108,0.7622413155949741
recent_5_distance_m,9,2026-06-13T04:12:01+00:00,2026-06-22T05:30:00+00:00,5410,500,0.8519379738301297,-0.02813249415520762,0.6051414175132467,0.6040908811824283,-0.001050536330818419,0.5506666666666666,0.5721451467535225,0.7428850446428571
recent_5_distance_m,10,2026-06-22T05:45:00+00:00,2026-07-03T05:16:00+00:00,5910,500,0.8519379738301297,-0.02434958798457839,0.6023206162626358,0.6032333042713666,0.0009126880087307887,0.5493333333333333,0.5819447918350042,0.7323217585837953
recent_5_distance_m,11,2026-07-03T05:20:00+00:00,2026-07-11T07:52:00+00:00,6410,500,0.8519379738301297,-0.02307736826985064,0.6080218701209745,0.6102190020090531,0.002197131888078574,0.556,0.5801905620268226,0.7486854460093897
recent_5_distance_m,12,2026-07-11T08:01:00+00:00,2026-07-22T02:07:00+00:00,6910,500,0.8519379738301297,-0.025036947248272032,0.619182764327878,0.6201393978586445,0.0009566335307664708,0.568,0.5920338384654571,0.7525237529691211
recent_5_weight_kg,1,2026-03-15T06:10:00+00:00,2026-03-27T00:36:00+00:00,1410,500,0.7160527800327467,-0.020569276473141645,0.6300278256990635,0.6275438311432414,-0.0024839945558220444,0.5746666666666667,0.6033855745204557,0.7574564167191766
recent_5_weight_kg,2,2026-03-27T01:11:00+00:00,2026-04-04T06:44:00+00:00,1910,500,0.7160527800327467,-0.03596992705650919,0.6261517043389135,0.6252863722345331,-0.0008653321043804452,0.5746666666666667,0.6007934106985237,0.7510187449062755
recent_5_weight_kg,3,2026-04-04T06:50:00+00:00,2026-04-17T01:25:00+00:00,2410,500,0.7160527800327467,-0.023477404928648304,0.6280889408128764,0.6268719624270618,-0.0012169783858145822,0.5693333333333334,0.6009946575751156,0.7678265254664649
recent_5_weight_kg,4,2026-04-17T01:44:00+00:00,2026-05-01T05:19:00+00:00,2910,500,0.7160527800327467,-0.027208875963577645,0.6112771681162608,0.6083875010867734,-0.0028896670294873417,0.5506666666666666,0.5826936792183015,0.7495229917954589
recent_5_weight_kg,5,2026-05-01T05:26:00+00:00,2026-05-14T06:40:00+00:00,3410,500,0.7160527800327467,-0.02192274194693237,0.5991614550260691,0.5969032673866559,-0.0022581876394132117,0.5366666666666666,0.5646482639450018,0.7496314722682882
recent_5_weight_kg,6,2026-05-14T06:52:00+00:00,2026-05-23T05:39:00+00:00,3910,500,0.7160527800327467,-0.024856384527826424,0.6118636575634334,0.6101380839034682,-0.0017255736599651739,0.5513333333333333,0.5821344619037527,0.7557512070434536
recent_5_weight_kg,7,2026-05-23T05:41:00+00:00,2026-06-03T05:24:00+00:00,4410,500,0.7160527800327467,-0.01934557827102424,0.6091878200109806,0.6097426869555628,0.0005548669445821774,0.558,0.5788156723561366,0.7441550754661143
recent_5_weight_kg,8,2026-06-03T05:32:00+00:00,2026-06-13T04:10:01+00:00,4910,500,0.7160527800327467,-0.013492240566523806,0.6168040043789969,0.6135305430097304,-0.0032734613692664283,0.5546666666666666,0.5832404277669336,0.7615484109386549
recent_5_weight_kg,9,2026-06-13T04:12:01+00:00,2026-06-22T05:30:00+00:00,5410,500,0.7160527800327467,-0.00958252667084643,0.6051414175132467,0.604608694360748,-0.0005327231524986376,0.5506666666666666,0.5729608191096589,0.744140625
recent_5_weight_kg,10,2026-06-22T05:45:00+00:00,2026-07-03T05:16:00+00:00,5910,500,0.7160527800327467,-0.0031594929650663487,0.6023206162626358,0.602901398105515,0.0005807818428792411,0.5493333333333333,0.5810062343829587,0.7319326913724346
recent_5_weight_kg,11,2026-07-03T05:20:00+00:00,2026-07-11T07:52:00+00:00,6410,500,0.7160527800327467,-0.001678503212069207,0.6080218701209745,0.6079203678381944,-0.00010150228278016371,0.5526666666666666,0.57888334928705,0.7474647887323944
recent_5_weight_kg,12,2026-07-11T08:01:00+00:00,2026-07-22T02:07:00+00:00,6910,500,0.7160527800327467,-0.000252711670462196,0.619182764327878,0.6194421482851753,0.0002593839572972989,0.5673333333333334,0.5903802320955708,0.7527216943784639
recent_5_barrier,1,2026-03-15T06:10:00+00:00,2026-03-27T00:36:00+00:00,1410,500,0.8162055064048762,-0.018229268980426476,0.6300278256990635,0.6288404022609089,-0.001187423438154589,0.576,0.6051175426710246,0.7582440663726108
recent_5_barrier,2,2026-03-27T01:11:00+00:00,2026-04-04T06:44:00+00:00,1910,500,0.8162055064048762,1.623559869802738e-05,0.6261517043389135,0.6243213946482129,-0.0018303096907006378,0.5733333333333334,0.5998548532464781,0.7507640586797066
recent_5_barrier,3,2026-04-04T06:50:00+00:00,2026-04-17T01:25:00+00:00,2410,500,0.8162055064048762,-0.0027949771148809825,0.6280889408128764,0.6279300028772299,-0.00015893793564647485,0.5706666666666667,0.6021567235613656,0.7682299546142208
recent_5_barrier,4,2026-04-17T01:44:00+00:00,2026-05-01T05:19:00+00:00,2910,500,0.8162055064048762,0.0022016295939021246,0.6112771681162608,0.6125984058868006,0.0013212377705398293,0.5566666666666666,0.5869171877525065,0.7501431024613623
recent_5_barrier,5,2026-05-01T05:26:00+00:00,2026-05-14T06:40:00+00:00,3410,500,0.8162055064048762,-0.0067167260809584605,0.5991614550260691,0.5989756473550487,-0.0001858076710203882,0.54,0.5661789852189789,0.7497236042012161
recent_5_barrier,6,2026-05-14T06:52:00+00:00,2026-05-23T05:39:00+00:00,3910,500,0.8162055064048762,-0.0020008033487966845,0.6118636575634334,0.6117612015010238,-0.00010245606240966154,0.5533333333333333,0.5840115768078439,0.7563665625295845
recent_5_barrier,7,2026-05-23T05:41:00+00:00,2026-06-03T05:24:00+00:00,4410,500,0.8162055064048762,-0.0010735381188574618,0.6091878200109806,0.6109165448205095,0.0017287248095289032,0.5593333333333333,0.5803018703148878,0.7446976423004834
recent_5_barrier,8,2026-06-03T05:32:00+00:00,2026-06-13T04:10:01+00:00,4910,500,0.8162055064048762,-0.006604173711489461,0.6168040043789969,0.6141833078905073,-0.0026206964884895045,0.5553333333333333,0.5833633128628425,0.7627032520325203
recent_5_barrier,9,2026-06-13T04:12:01+00:00,2026-06-22T05:30:00+00:00,5410,500,0.8162055064048762,-0.013852146860416413,0.6051414175132467,0.6075300355578475,0.0023886180446007765,0.5553333333333333,0.5754523594932948,0.7440011160714286
recent_5_barrier,10,2026-06-22T05:45:00+00:00,2026-07-03T05:16:00+00:00,5910,500,0.8162055064048762,-0.013617097749217497,0.6023206162626358,0.600852890279218,-0.0014677259834178225,0.546,0.5795761365472775,0.7318354245695944
recent_5_barrier,11,2026-07-03T05:20:00+00:00,2026-07-11T07:52:00+00:00,6410,500,0.8162055064048762,-0.014423827795384137,0.6080218701209745,0.6112865650212931,0.0032646949003185544,0.558,0.5808833492870499,0.748262910798122
recent_5_barrier,12,2026-07-11T08:01:00+00:00,2026-07-22T02:07:00+00:00,6910,500,0.8162055064048762,-0.011479832501062628,0.619182764327878,0.6208367867583475,0.0016540224304695261,0.5693333333333334,0.5918103299312522,0.7528701504354711
recent_5_track_status_value,1,2026-03-15T06:10:00+00:00,2026-03-27T00:36:00+00:00,1410,500,0.4252947894164752,0.0,0.6300278256990635,0.6300278256990635,0.0,0.578,0.6057097064929563,0.7584015963032976
recent_5_track_status_value,2,2026-03-27T01:11:00+00:00,2026-04-04T06:44:00+00:00,1910,500,0.4252947894164752,0.0,0.6261517043389135,0.6261517043389135,0.0,0.576,0.6014861979587514,0.751120619396903
recent_5_track_status_value,3,2026-04-04T06:50:00+00:00,2026-04-17T01:25:00+00:00,2410,500,0.4252947894164752,0.0,0.6280889408128764,0.6280889408128764,0.0,0.5706666666666667,0.6031959044517073,0.7678265254664649
recent_5_track_status_value,4,2026-04-17T01:44:00+00:00,2026-05-01T05:19:00+00:00,2910,500,0.4252947894164752,0.0,0.6112771681162608,0.6112771681162608,0.0,0.5546666666666666,0.5856322366703473,0.7501431024613623
recent_5_track_status_value,5,2026-05-01T05:26:00+00:00,2026-05-14T06:40:00+00:00,3410,500,0.4252947894164752,0.0,0.5991614550260691,0.5991614550260691,0.0,0.5393333333333333,0.567564559739434,0.7504145936981758
recent_5_track_status_value,6,2026-05-14T06:52:00+00:00,2026-05-23T05:39:00+00:00,3910,500,0.4252947894164752,0.0018912283572998265,0.6118636575634334,0.6096630072613958,-0.0022006503020376433,0.5513333333333333,0.5808495108215933,0.7551358515573228
recent_5_track_status_value,7,2026-05-23T05:41:00+00:00,2026-06-03T05:24:00+00:00,4410,500,0.4252947894164752,-0.020207265563329063,0.6091878200109806,0.6079899610670887,-0.0011978589438919052,0.5553333333333333,0.5776313447122732,0.743661832889415
recent_5_track_status_value,8,2026-06-03T05:32:00+00:00,2026-06-13T04:10:01+00:00,4910,500,0.4252947894164752,-0.011245594910542153,0.6168040043789969,0.6144685533099211,-0.0023354510690757335,0.556,0.5842796086572749,0.7615946045824095
recent_5_track_status_value,9,2026-06-13T04:12:01+00:00,2026-06-22T05:30:00+00:00,5410,500,0.4252947894164752,-0.003838867979746569,0.6051414175132467,0.6051882928011404,4.687528789371065e-05,0.5513333333333333,0.5738993765617044,0.7441871279761905
recent_5_track_status_value,10,2026-06-22T05:45:00+00:00,2026-07-03T05:16:00+00:00,5910,500,0.4252947894164752,-0.008701700309644863,0.6023206162626358,0.6018349781517751,-0.00048563811086066444,0.548,0.5796990216431864,0.731640890963914
recent_5_track_status_value,11,2026-07-03T05:20:00+00:00,2026-07-11T07:52:00+00:00,6410,500,0.4252947894164752,-0.006394352145542923,0.6080218701209745,0.6083107561468801,0.0002888860259055992,0.5533333333333333,0.5783134471227315,0.748262910798122
recent_5_track_status_value,12,2026-07-11T08:01:00+00:00,2026-07-22T02:07:00+00:00,6910,500,0.4252947894164752,-0.008756759167926256,0.619182764327878,0.6206085382174925,0.0014257738896145122,0.5693333333333334,0.5914416746435252,0.7523258115597783
recent_5_margin,1,2026-03-15T06:10:00+00:00,2026-03-27T00:36:00+00:00,1410,500,0.8519379738301297,-0.032585206502868676,0.6300278256990635,0.6312995123195214,0.0012716866204579569,0.5793333333333334,0.6077097064929564,0.7588216761184625
recent_5_margin,2,2026-03-27T01:11:00+00:00,2026-04-04T06:44:00+00:00,1910,500,0.8519379738301297,-0.03971882002543524,0.6261517043389135,0.6259969641272614,-0.00015474021165218232,0.5753333333333334,0.6013855745204556,0.7519356153219234
recent_5_margin,3,2026-04-04T06:50:00+00:00,2026-04-17T01:25:00+00:00,2410,500,0.8519379738301297,-0.0430387299945043,0.6280889408128764,0.627941016781715,-0.00014792403116137276,0.5706666666666667,0.6024024937531839,0.7680282400403429
recent_5_margin,4,2026-04-17T01:44:00+00:00,2026-05-01T05:19:00+00:00,2910,500,0.8519379738301297,-0.04516955216557672,0.6112771681162608,0.6106959102550183,-0.0005812578612424124,0.5533333333333333,0.5851629579443245,0.7509540164090822
recent_5_margin,5,2026-05-01T05:26:00+00:00,2026-05-14T06:40:00+00:00,3410,500,0.8519379738301297,-0.05330671861845092,0.5991614550260691,0.5949481752107647,-0.004213279815304394,0.5333333333333333,0.5632181661093203,0.749907868067072
recent_5_margin,6,2026-05-14T06:52:00+00:00,2026-05-23T05:39:00+00:00,3910,500,0.8519379738301297,-0.0520450865970906,0.6118636575634334,0.6109493151131707,-0.0009143424502626729,0.552,0.5826260022873887,0.757171258165294
recent_5_margin,7,2026-05-23T05:41:00+00:00,2026-06-03T05:24:00+00:00,4410,500,0.8519379738301297,-0.05089133952037402,0.6091878200109806,0.606861244100948,-0.0023265759100326022,0.5546666666666666,0.5763241319725008,0.7417875110979579
recent_5_margin,8,2026-06-03T05:32:00+00:00,2026-06-13T04:10:01+00:00,4910,500,0.8519379738301297,-0.04738965758764124,0.6168040043789969,0.6139693532763765,-0.002834651102620378,0.5546666666666666,0.5839332150271614,0.762610864745011
recent_5_margin,9,2026-06-13T04:12:01+00:00,2026-06-22T05:30:00+00:00,5410,500,0.8519379738301297,-0.05612552266943937,0.6051414175132467,0.60804665939051,0.002905241877263265,0.5553333333333333,0.5769608191096589,0.7445591517857143
recent_5_margin,10,2026-06-22T05:45:00+00:00,2026-07-03T05:16:00+00:00,5910,500,0.8519379738301297,-0.06266894200748056,0.6023206162626358,0.6022907969350841,-2.9819327551638963e-05,0.548,0.5810845961636416,0.7320785915766949
recent_5_margin,11,2026-07-03T05:20:00+00:00,2026-07-11T07:52:00+00:00,6410,500,0.8519379738301297,-0.05704890810086582,0.6080218701209745,0.6082875380210417,0.0002656679000672124,0.554,0.5779670534926177,0.7471830985915493
recent_5_margin,12,2026-07-11T08:01:00+00:00,2026-07-22T02:07:00+00:00,6910,500,0.8519379738301297,-0.05321832790533392,0.619182764327878,0.6201020061509842,0.0009192418231062094,0.5686666666666667,0.5914416746435253,0.7516330166270784
recent_5_total_runners,1,2026-03-15T06:10:00+00:00,2026-03-27T00:36:00+00:00,1410,500,0.8519379738301297,-0.030473031936610724,0.6300278256990635,0.6300918076371641,6.398193810064345e-05,0.578,0.6066482639450019,0.7577189666036547
recent_5_total_runners,2,2026-03-27T01:11:00+00:00,2026-04-04T06:44:00+00:00,1910,500,0.8519379738301297,-0.0077711180744045325,0.6261517043389135,0.624893825361933,-0.0012578789769804866,0.574,0.6003018703148881,0.7512734311328443
recent_5_total_runners,3,2026-04-04T06:50:00+00:00,2026-04-17T01:25:00+00:00,2410,500,0.8519379738301297,-0.00991681309322262,0.6280889408128764,0.6289556703348778,0.0008667295220013971,0.572,0.6035422980818209,0.7682803832576903
recent_5_total_runners,4,2026-04-17T01:44:00+00:00,2026-05-01T05:19:00+00:00,2910,500,0.8519379738301297,-0.006021216014365825,0.6112771681162608,0.6103916520309554,-0.0008855160853054045,0.5533333333333333,0.5837551217662561,0.7511448196908986
recent_5_total_runners,5,2026-05-01T05:26:00+00:00,2026-05-14T06:40:00+00:00,3410,500,0.8519379738301297,0.0003358017944803403,0.5991614550260691,0.5971203754028309,-0.0020410796232381845,0.5366666666666666,0.5648717724792065,0.7502763957987839
recent_5_total_runners,6,2026-05-14T06:52:00+00:00,2026-05-23T05:39:00+00:00,3910,500,0.8519379738301297,-6.545115169438579e-05,0.6118636575634334,0.609755141781529,-0.0021085157819044076,0.5506666666666666,0.5818886917119347,0.7557985420808483
recent_5_total_runners,7,2026-05-23T05:41:00+00:00,2026-06-03T05:24:00+00:00,4410,500,0.8519379738301297,0.0004518167382716317,0.6091878200109806,0.6084093990772115,-0.0007784209337691195,0.556,0.5778771149040912,0.7437604814047548
recent_5_total_runners,8,2026-06-03T05:32:00+00:00,2026-06-13T04:10:01+00:00,4910,500,0.8519379738301297,-0.004910597778572981,0.6168040043789969,0.6147550104291362,-0.002048993949860689,0.556,0.5838548532464782,0.7631651884700665
recent_5_total_runners,9,2026-06-13T04:12:01+00:00,2026-06-22T05:30:00+00:00,5410,500,0.8519379738301297,-0.007564235354130317,0.6051414175132467,0.6068550569748496,0.001713639461602967,0.554,0.5756981296851127,0.7437220982142857
recent_5_total_runners,10,2026-06-22T05:45:00+00:00,2026-07-03T05:16:00+00:00,5910,500,0.8519379738301297,-0.003992335247879,0.6023206162626358,0.6028851642958,0.0005645480331641917,0.5493333333333333,0.5813303663554594,0.7315436241610739
recent_5_total_runners,11,2026-07-03T05:20:00+00:00,2026-07-11T07:52:00+00:00,6410,500,0.8519379738301297,0.001978968429758544,0.6080218701209745,0.6079793093367692,-4.256078420528109e-05,0.5533333333333333,0.5785369556569362,0.7467136150234742
recent_5_total_runners,12,2026-07-11T08:01:00+00:00,2026-07-22T02:07:00+00:00,6910,500,0.8519379738301297,0.0010239373617856322,0.619182764327878,0.6183613881901634,-0.0008213761377146023,0.5666666666666667,0.5883802320955704,0.7517319873317498
recent_6_place,1,2026-03-15T06:10:00+00:00,2026-03-27T00:36:00+00:00,1410,500,0.8161642290070034,-0.06277745826811848,0.6300278256990635,0.6300982008180769,7.037511901342164e-05,0.578,0.6062012468765922,0.7581915563957152
recent_6_place,2,2026-03-27T01:11:00+00:00,2026-04-04T06:44:00+00:00,1910,500,0.8161642290070034,-0.061867502795580336,0.6261517043389135,0.624606645271086,-0.0015450590678275367,0.574,0.5994078361780685,0.7510187449062755
recent_6_place,3,2026-04-04T06:50:00+00:00,2026-04-17T01:25:00+00:00,2410,500,0.8161642290070034,-0.05780382169263292,0.6280889408128764,0.628056114684443,-3.282612843336086e-05,0.5713333333333334,0.6020338384654572,0.767523953605648
recent_6_place,4,2026-04-17T01:44:00+00:00,2026-05-01T05:19:00+00:00,2910,500,0.8161642290070034,-0.05338074441880493,0.6112771681162608,0.6112043727730382,-7.279534322257586e-05,0.554,0.5853864664785294,0.7514310246136233
recent_6_place,5,2026-05-01T05:26:00+00:00,2026-05-14T06:40:00+00:00,3410,500,0.8161642290070034,-0.0530037892870255,0.5991614550260691,0.5977042718628399,-0.001457183163229181,0.538,0.5644024937531837,0.7504145936981758
recent_6_place,6,2026-05-14T06:52:00+00:00,2026-05-23T05:39:00+00:00,3910,500,0.8161642290070034,-0.06351633950319578,0.6118636575634334,0.6101997589530692,-0.0016638986103642006,0.5513333333333333,0.5817658066160257,0.7563665625295845
recent_6_place,7,2026-05-23T05:41:00+00:00,2026-06-03T05:24:00+00:00,4410,500,0.8161642290070034,-0.05999652731463151,0.6091878200109806,0.6080464455688342,-0.0011413744421463479,0.556,0.5776090830546601,0.7425766992206767
recent_6_place,8,2026-06-03T05:32:00+00:00,2026-06-13T04:10:01+00:00,4910,500,0.8161642290070034,-0.059517034102247665,0.6168040043789969,0.6150399615112956,-0.0017640428677012654,0.556,0.5849946575751156,0.7631651884700665
recent_6_place,9,2026-06-13T04:12:01+00:00,2026-06-22T05:30:00+00:00,5410,500,0.8161642290070034,-0.061127540750928674,0.6051414175132467,0.6052415460363014,0.00010012852305474329,0.552,0.5734300978356817,0.7435360863095238
recent_6_place,10,2026-06-22T05:45:00+00:00,2026-07-03T05:16:00+00:00,5910,500,0.8161642290070034,-0.05612785333644437,0.6023206162626358,0.603696892007863,0.0013762757452272512,0.5506666666666666,0.5812297429171636,0.7322244917809552
recent_6_place,11,2026-07-03T05:20:00+00:00,2026-07-11T07:52:00+00:00,6410,500,0.8161642290070034,-0.05380801474306759,0.6080218701209745,0.6085563132308839,0.000534443109909355,0.554,0.578760464191141,0.7474647887323944
recent_6_place,12,2026-07-11T08:01:00+00:00,2026-07-22T02:07:00+00:00,6910,500,0.8161642290070034,-0.047808217024608204,0.619182764327878,0.6208737576101293,0.0016909932822513074,0.5706666666666667,0.5910730193557983,0.7510886777513855
recent_6_distance_m,1,2026-03-15T06:10:00+00:00,2026-03-27T00:36:00+00:00,1410,500,0.8161642290070034,-0.012379246876566689,0.6300278256990635,0.6295505093659348,-0.0004773163331286412,0.5766666666666667,0.6057319681505694,0.7591367359798362
recent_6_distance_m,2,2026-03-27T01:11:00+00:00,2026-04-04T06:44:00+00:00,1910,500,0.8161642290070034,-0.016232287426189575,0.6261517043389135,0.6258640555995738,-0.0002876487393397298,0.5753333333333334,0.6013633128628425,0.7514262428687857
recent_6_distance_m,3,2026-04-04T06:50:00+00:00,2026-04-17T01:25:00+00:00,2410,500,0.8161642290070034,-0.018148803414486697,0.6280889408128764,0.6281898967605153,0.00010095594763892546,0.5713333333333334,0.6029723959175025,0.767120524457892
recent_6_distance_m,4,2026-04-17T01:44:00+00:00,2026-05-01T05:19:00+00:00,2910,500,0.8161642290070034,-0.022460971706006517,0.6112771681162608,0.6102534880637136,-0.00102368005254716,0.5533333333333333,0.5843472855881878,0.75
recent_6_distance_m,5,2026-05-01T05:26:00+00:00,2026-05-14T06:40:00+00:00,3410,500,0.8161642290070034,-0.011771344987977786,0.5991614550260691,0.5990859555583434,-7.54994677256704e-05,0.5393333333333333,0.5668940341368195,0.7507831214298876
recent_6_distance_m,6,2026-05-14T06:52:00+00:00,2026-05-23T05:39:00+00:00,3910,500,0.8161642290070034,-0.017918722939348562,0.6118636575634334,0.6108855510616136,-0.000978106501819842,0.5526666666666666,0.5830730193557984,0.7551358515573228
recent_6_distance_m,7,2026-05-23T05:41:00+00:00,2026-06-03T05:24:00+00:00,4410,500,0.8161642290070034,-0.021907923918118084,0.6091878200109806,0.6100705230569659,0.0008827030459852558,0.5586666666666666,0.579385574520455,0.7435631843740752
recent_6_distance_m,8,2026-06-03T05:32:00+00:00,2026-06-13T04:10:01+00:00,4910,500,0.8161642290070034,-0.026486809505514325,0.6168040043789969,0.615975718657235,-0.0008282857217618567,0.5573333333333333,0.5856090830546604,0.7636271249076128
recent_6_distance_m,9,2026-06-13T04:12:01+00:00,2026-06-22T05:30:00+00:00,5410,500,0.8161642290070034,-0.02772659960484094,0.6051414175132467,0.6048290840813216,-0.00031233343192504925,0.5513333333333333,0.5732065893014768,0.7434430803571429
recent_6_distance_m,10,2026-06-22T05:45:00+00:00,2026-07-03T05:16:00+00:00,5910,500,0.8161642290070034,-0.020992199063285984,0.6023206162626358,0.6040008684471394,0.0016802521845036278,0.5506666666666666,0.5828833492870499,0.7317867911681744
recent_6_distance_m,11,2026-07-03T05:20:00+00:00,2026-07-11T07:52:00+00:00,6410,500,0.8161642290070034,-0.020120821328047926,0.6080218701209745,0.6098390787925039,0.0018172086715293467,0.556,0.5789056109446632,0.7484507042253521
recent_6_distance_m,12,2026-07-11T08:01:00+00:00,2026-07-22T02:07:00+00:00,6910,500,0.8161642290070034,-0.020164463394993146,0.619182764327878,0.6189104594000341,-0.0002723049278439138,0.5666666666666667,0.5906260022873887,0.7516825019794141
recent_6_weight_kg,1,2026-03-15T06:10:00+00:00,2026-03-27T00:36:00+00:00,1410,500,0.6855625421373437,-0.017784433211256376,0.6300278256990635,0.6276232086033477,-0.002404617095715711,0.5746666666666667,0.6046482639450018,0.7565112371350556
recent_6_weight_kg,2,2026-03-27T01:11:00+00:00,2026-04-04T06:44:00+00:00,1910,500,0.6855625421373437,-0.010203063044559054,0.6261517043389135,0.6269035228082598,0.0007518184693462437,0.5766666666666667,0.60244701706841,0.7518337408312958
recent_6_weight_kg,3,2026-04-04T06:50:00+00:00,2026-04-17T01:25:00+00:00,2410,500,0.6855625421373437,-0.014159578589443377,0.6280889408128764,0.627380754552769,-0.0007081862601073796,0.57,0.6024024937531839,0.767120524457892
recent_6_weight_kg,4,2026-04-17T01:44:00+00:00,2026-05-01T05:19:00+00:00,2910,500,0.6855625421373437,0.0005184178079721368,0.6112771681162608,0.6098769971782496,-0.0014001709380111471,0.5526666666666666,0.5840792537387568,0.7500954016409083
recent_6_weight_kg,5,2026-05-01T05:26:00+00:00,2026-05-14T06:40:00+00:00,3410,500,0.6855625421373437,0.00833003179122165,0.5991614550260691,0.5986785688210922,-0.00048288620497694,0.5393333333333333,0.5659554766847741,0.750092131932928
recent_6_weight_kg,6,2026-05-14T06:52:00+00:00,2026-05-23T05:39:00+00:00,3910,500,0.6855625421373437,-0.0027766202787349497,0.6118636575634334,0.6111396254223389,-0.0007240321410945105,0.5526666666666666,0.5830952810134115,0.756129887342611
recent_6_weight_kg,7,2026-05-23T05:41:00+00:00,2026-06-03T05:24:00+00:00,4410,500,0.6855625421373437,0.003417743602733192,0.6091878200109806,0.606719361427285,-0.0024684585836955986,0.554,0.5759554766847738,0.7429219690243661
recent_6_weight_kg,8,2026-06-03T05:32:00+00:00,2026-06-13T04:10:01+00:00,4910,500,0.6855625421373437,-0.002619858606656807,0.6168040043789969,0.6178265833980423,0.0010225790190454553,0.56,0.5875868213970473,0.7637195121951219
recent_6_weight_kg,9,2026-06-13T04:12:01+00:00,2026-06-22T05:30:00+00:00,5410,500,0.6855625421373437,0.0016192509560450034,0.6051414175132467,0.6048714310993465,-0.00026998641390019174,0.5513333333333333,0.5733294743973859,0.7434895833333334
recent_6_weight_kg,10,2026-06-22T05:45:00+00:00,2026-07-03T05:16:00+00:00,5910,500,0.6855625421373437,0.005902649097144539,0.6023206162626358,0.601737123340317,-0.0005834929223187402,0.5473333333333333,0.5807382025335276,0.7315436241610739
recent_6_weight_kg,11,2026-07-03T05:20:00+00:00,2026-07-11T07:52:00+00:00,6410,500,0.6855625421373437,0.005086214980075295,0.6080218701209745,0.6077709524646198,-0.0002509176563547655,0.5533333333333333,0.5773748896706858,0.7470422535211267
recent_6_weight_kg,12,2026-07-11T08:01:00+00:00,2026-07-22T02:07:00+00:00,6910,500,0.6855625421373437,0.00552948036619362,0.619182764327878,0.6188732031823713,-0.00030956114550673153,0.568,0.5895422980818209,0.7499505146476643
recent_6_barrier,1,2026-03-15T06:10:00+00:00,2026-03-27T00:36:00+00:00,1410,500,0.7820553392314149,-0.04327795899521512,0.6300278256990635,0.627408850484539,-0.002618975214524477,0.574,0.6041789852189793,0.7574564167191766
recent_6_barrier,2,2026-03-27T01:11:00+00:00,2026-04-04T06:44:00+00:00,1910,500,0.7820553392314149,-0.021796784248770656,0.6261517043389135,0.6241884861205252,-0.0019632182183882962,0.5733333333333334,0.5998325915888653,0.7502546862265689
recent_6_barrier,3,2026-04-04T06:50:00+00:00,2026-04-17T01:25:00+00:00,2410,500,0.7820553392314149,-0.01456135258923001,0.6280889408128764,0.6287952378035491,0.0007062969906727057,0.5726666666666667,0.6025253788490927,0.76732223903177
recent_6_barrier,4,2026-04-17T01:44:00+00:00,2026-05-01T05:19:00+00:00,2910,500,0.7820553392314149,-0.01123305984934662,0.6112771681162608,0.6101833581296221,-0.0010938099866386608,0.5533333333333333,0.583732860108643,0.7503339057431788
recent_6_barrier,5,2026-05-01T05:26:00+00:00,2026-05-14T06:40:00+00:00,3410,500,0.7820553392314149,-0.005147313492014614,0.5991614550260691,0.5975305278656092,-0.0016309271604598718,0.5373333333333333,0.5653633128628424,0.750092131932928
recent_6_barrier,6,2026-05-14T06:52:00+00:00,2026-05-23T05:39:00+00:00,3910,500,0.7820553392314149,-0.0008015833539707427,0.6118636575634334,0.6114281006693368,-0.00043555689409657816,0.5526666666666666,0.583397151328299,0.7569819180157152
recent_6_barrier,7,2026-05-23T05:41:00+00:00,2026-06-03T05:24:00+00:00,4410,500,0.7820553392314149,-0.004519766947775917,0.6091878200109806,0.6103542057210412,0.001166385710060558,0.5586666666666666,0.579977738342387,0.7441057512084444
recent_6_barrier,8,2026-06-03T05:32:00+00:00,2026-06-13T04:10:01+00:00,4910,500,0.7820553392314149,-0.011507894265063656,0.6168040043789969,0.6159872377191506,-0.000816766659846202,0.5573333333333333,0.5863018703148879,0.762980413895048
recent_6_barrier,9,2026-06-13T04:12:01+00:00,2026-06-22T05:30:00+00:00,5410,500,0.7820553392314149,-0.010503428948768849,0.6051414175132467,0.6065964716933268,0.0014550541800800731,0.554,0.5754078361780686,0.7429780505952381
recent_6_barrier,10,2026-06-22T05:45:00+00:00,2026-07-03T05:16:00+00:00,5910,500,0.7820553392314149,0.00022382731054227387,0.6023206162626358,0.6011332636015251,-0.0011873526611106966,0.5473333333333333,0.5787604641911408,0.731105923548293
recent_6_barrier,11,2026-07-03T05:20:00+00:00,2026-07-11T07:52:00+00:00,6410,500,0.7820553392314149,-0.002844865267330705,0.6080218701209745,0.6116167315685765,0.0035948614476020158,0.558,0.5823918089034141,0.748075117370892
recent_6_barrier,12,2026-07-11T08:01:00+00:00,2026-07-22T02:07:00+00:00,6910,500,0.7820553392314149,0.0004803817596105843,0.619182764327878,0.62189864057159,0.0027158762437119455,0.5713333333333334,0.5928495108215934,0.7520783847980997
recent_6_track_status_value,1,2026-03-15T06:10:00+00:00,2026-03-27T00:36:00+00:00,1410,500,0.4052064557850273,0.0,0.6300278256990635,0.6300278256990635,0.0,0.578,0.6057097064929563,0.7584015963032976
recent_6_track_status_value,2,2026-03-27T01:11:00+00:00,2026-04-04T06:44:00+00:00,1910,500,0.4052064557850273,0.0,0.6261517043389135,0.6261517043389135,0.0,0.576,0.6014861979587514,0.751120619396903
recent_6_track_status_value,3,2026-04-04T06:50:00+00:00,2026-04-17T01:25:00+00:00,2410,500,0.4052064557850273,0.0,0.6280889408128764,0.6280889408128764,0.0,0.5706666666666667,0.6031959044517073,0.7678265254664649
recent_6_track_status_value,4,2026-04-17T01:44:00+00:00,2026-05-01T05:19:00+00:00,2910,500,0.4052064557850273,0.0,0.6112771681162608,0.6112771681162608,0.0,0.5546666666666666,0.5856322366703473,0.7501431024613623
recent_6_track_status_value,5,2026-05-01T05:26:00+00:00,2026-05-14T06:40:00+00:00,3410,500,0.4052064557850273,0.0,0.5991614550260691,0.5991614550260691,0.0,0.5393333333333333,0.567564559739434,0.7504145936981758
recent_6_track_status_value,6,2026-05-14T06:52:00+00:00,2026-05-23T05:39:00+00:00,3910,500,0.4052064557850273,-0.0008201021709670006,0.6118636575634334,0.6113978791260536,-0.0004657784373798268,0.5533333333333333,0.583173642794094,0.7557512070434536
recent_6_track_status_value,7,2026-05-23T05:41:00+00:00,2026-06-03T05:24:00+00:00,4410,500,0.4052064557850273,-0.004770908627737015,0.6091878200109806,0.6102426642280716,0.001054844217091011,0.5586666666666666,0.5792849510821594,0.7443523724967939
recent_6_track_status_value,8,2026-06-03T05:32:00+00:00,2026-06-13T04:10:01+00:00,4910,500,0.4052064557850273,-0.01897935314924137,0.6168040043789969,0.6183701121541996,0.0015661077752027186,0.5613333333333334,0.588156723561366,0.7626570583887657
recent_6_track_status_value,9,2026-06-13T04:12:01+00:00,2026-06-22T05:30:00+00:00,5410,500,0.4052064557850273,-0.020980387955974476,0.6051414175132467,0.6052160429615192,7.462544827252504e-05,0.552,0.5736536063698866,0.7432105654761905
recent_6_track_status_value,10,2026-06-22T05:45:00+00:00,2026-07-03T05:16:00+00:00,5910,500,0.4052064557850273,-0.012562035910225644,0.6023206162626358,0.6026840828613287,0.00036346659869290754,0.5486666666666666,0.5809839727253459,0.7324190253866355
recent_6_track_status_value,11,2026-07-03T05:20:00+00:00,2026-07-11T07:52:00+00:00,6410,500,0.4052064557850273,-0.006784971721782571,0.6080218701209745,0.6081104062622387,8.853614126413945e-05,0.554,0.5778219067390953,0.7466197183098592
recent_6_track_status_value,12,2026-07-11T08:01:00+00:00,2026-07-22T02:07:00+00:00,6910,500,0.4052064557850273,-0.008561727025184464,0.619182764327878,0.6195028989972562,0.00032013466937819146,0.568,0.5902796086572748,0.7517319873317498
recent_6_margin,1,2026-03-15T06:10:00+00:00,2026-03-27T00:36:00+00:00,1410,500,0.8161642290070034,-0.08740447931810694,0.6300278256990635,0.6298953146604731,-0.00013251103859035496,0.5773333333333334,0.606670525602615,0.7582440663726108
recent_6_margin,2,2026-03-27T01:11:00+00:00,2026-04-04T06:44:00+00:00,1910,500,0.8161642290070034,-0.09009642312111676,0.6261517043389135,0.6262666259039524,0.00011492156503889461,0.576,0.6013855745204554,0.7516809290953546
recent_6_margin,3,2026-04-04T06:50:00+00:00,2026-04-17T01:25:00+00:00,2410,500,0.8161642290070034,-0.08357087220490181,0.6280889408128764,0.6271421430317367,-0.0009467977811397077,0.57,0.6011959044517073,0.7673726676752395
recent_6_margin,4,2026-04-17T01:44:00+00:00,2026-05-01T05:19:00+00:00,2910,500,0.8161642290070034,-0.07658298785265319,0.6112771681162608,0.6104537731079741,-0.0008233950082866537,0.5533333333333333,0.5846714175606886,0.7504770082045411
recent_6_margin,5,2026-05-01T05:26:00+00:00,2026-05-14T06:40:00+00:00,3410,500,0.8161642290070034,-0.07380882329051382,0.5991614550260691,0.5977887473940264,-0.001372707632042669,0.538,0.5646482639450017,0.7505067256311038
recent_6_margin,6,2026-05-14T06:52:00+00:00,2026-05-23T05:39:00+00:00,3910,500,0.8161642290070034,-0.08061975316536628,0.6118636575634334,0.6098057684821159,-0.0020578890813175432,0.5506666666666666,0.58166518317773,0.7562245574174004
recent_6_margin,7,2026-05-23T05:41:00+00:00,2026-06-03T05:24:00+00:00,4410,500,0.8161642290070034,-0.07840446831900506,0.6091878200109806,0.6074599835262521,-0.0017278364847285177,0.556,0.5764470170684097,0.7413929170365986
recent_6_margin,8,2026-06-03T05:32:00+00:00,2026-06-13T04:10:01+00:00,4910,500,0.8161642290070034,-0.07524157976334624,0.6168040043789969,0.6164247008674866,-0.0003793035115102761,0.558,0.5866260022873888,0.7630728011825573
recent_6_margin,9,2026-06-13T04:12:01+00:00,2026-06-22T05:30:00+00:00,5410,500,0.8161642290070034,-0.07260049544410993,0.6051414175132467,0.606269893120054,0.0011284756068072888,0.5533333333333333,0.574737310575454,0.7436755952380952
recent_6_margin,10,2026-06-22T05:45:00+00:00,2026-07-03T05:16:00+00:00,5910,500,0.8161642290070034,-0.06962880263737661,0.6023206162626358,0.6050740696995156,0.002753453436879827,0.552,0.5840231536156871,0.7322731251823753
recent_6_margin,11,2026-07-03T05:20:00+00:00,2026-07-11T07:52:00+00:00,6410,500,0.8161642290070034,-0.06519303982501844,0.6080218701209745,0.6102502271223994,0.0022283570014248744,0.556,0.5812074812595507,0.7477934272300469
recent_6_margin,12,2026-07-11T08:01:00+00:00,2026-07-22T02:07:00+00:00,6910,500,0.8161642290070034,-0.05948456195344119,0.619182764327878,0.6207754787413315,0.0015927144134535443,0.57,0.5914194129859122,0.7516825019794141
recent_6_total_runners,1,2026-03-15T06:10:00+00:00,2026-03-27T00:36:00+00:00,1410,500,0.8161642290070034,-0.0011105118033636276,0.6300278256990635,0.6295452153138958,-0.00048261038516761445,0.5766666666666667,0.6060783617806833,0.7587691661415669
recent_6_total_runners,2,2026-03-27T01:11:00+00:00,2026-04-04T06:44:00+00:00,1910,500,0.8161642290070034,0.0009471443762042339,0.6261517043389135,0.6245628769226974,-0.001588827416216132,0.574,0.5993855745204555,0.7508659331703341
recent_6_total_runners,3,2026-04-04T06:50:00+00:00,2026-04-17T01:25:00+00:00,2410,500,0.8161642290070034,-0.005240264274440492,0.6280889408128764,0.6283665139369801,0.0002775731241037027,0.5713333333333334,0.6027711490409108,0.7680282400403429
recent_6_total_runners,4,2026-04-17T01:44:00+00:00,2026-05-01T05:19:00+00:00,2910,500,0.8161642290070034,0.002594887898247495,0.6112771681162608,0.6091971543675597,-0.0020800137487010373,0.552,0.5834087281361424,0.7493798893340965
recent_6_total_runners,5,2026-05-01T05:26:00+00:00,2026-05-14T06:40:00+00:00,3410,500,0.8161642290070034,0.00904678356088361,0.5991614550260691,0.5969049408221807,-0.0022565142038883934,0.5366666666666666,0.56405610012307,0.7502303298323199
recent_6_total_runners,6,2026-05-14T06:52:00+00:00,2026-05-23T05:39:00+00:00,3910,500,0.8161642290070034,-0.006075342240670586,0.6118636575634334,0.6103463115676756,-0.0015173459957578128,0.5513333333333333,0.5822573469996618,0.7564612326043738
recent_6_total_runners,7,2026-05-23T05:41:00+00:00,2026-06-03T05:24:00+00:00,4410,500,0.8161642290070034,-0.009109234111144606,0.6091878200109806,0.6113549804083862,0.0021671603974056097,0.5606666666666666,0.5804247554107966,0.743661832889415
recent_6_total_runners,8,2026-06-03T05:32:00+00:00,2026-06-13T04:10:01+00:00,4910,500,0.8161642290070034,-0.012315642054243212,0.6168040043789969,0.6179668057848707,0.0011628014058738811,0.56,0.5877319681505693,0.7641352549889135
recent_6_total_runners,9,2026-06-13T04:12:01+00:00,2026-06-22T05:30:00+00:00,5410,500,0.8161642290070034,-0.018413313054483658,0.6051414175132467,0.6066546004135648,0.0015131829003180997,0.554,0.5754078361780686,0.7432105654761905
recent_6_total_runners,10,2026-06-22T05:45:00+00:00,2026-07-03T05:16:00+00:00,5910,500,0.8161642290070034,-0.008545866051987613,0.6023206162626358,0.6032543846715805,0.0009337684089447684,0.5493333333333333,0.5823695472458009,0.7319813247738547
recent_6_total_runners,11,2026-07-03T05:20:00+00:00,2026-07-11T07:52:00+00:00,6410,500,0.8161642290070034,-0.011427878736895047,0.6080218701209745,0.6096464368980538,0.0016245667770792283,0.5553333333333333,0.5803134471227314,0.7476056338028169
recent_6_total_runners,12,2026-07-11T08:01:00+00:00,2026-07-22T02:07:00+00:00,6910,500,0.8161642290070034,-0.009662766688157062,0.619182764327878,0.6197068161272312,0.0005240517993532201,0.568,0.5914416746435252,0.7513855898653998
recent_runs_count,1,2026-03-15T06:10:00+00:00,2026-03-27T00:36:00+00:00,1410,500,1.0,0.11246247000818338,0.6300278256990635,0.6300979294557124,7.010375664895374e-05,0.578,0.6058325915888653,0.7585591262339845
recent_runs_count,2,2026-03-27T01:11:00+00:00,2026-04-04T06:44:00+00:00,1910,500,1.0,0.1072662315240337,0.6261517043389135,0.624680196604203,-0.0014715077347104977,0.574,0.5998548532464782,0.7508659331703341
recent_runs_count,3,2026-04-04T06:50:00+00:00,2026-04-17T01:25:00+00:00,2410,500,1.0,0.10764496187848493,0.6280889408128764,0.6266684390117799,-0.0014205018010964299,0.5686666666666667,0.60166518317773,0.7676752395360564
recent_runs_count,4,2026-04-17T01:44:00+00:00,2026-05-01T05:19:00+00:00,2910,500,1.0,0.10405556864269865,0.6112771681162608,0.6113637665237892,8.659840752844872e-05,0.5546666666666666,0.5859786303004609,0.7501431024613623
recent_runs_count,5,2026-05-01T05:26:00+00:00,2026-05-14T06:40:00+00:00,3410,500,1.0,0.09686176567729922,0.5991614550260691,0.5987974004187585,-0.00036405460731059325,0.5386666666666666,0.567441674643525,0.7504145936981758
recent_runs_count,6,2026-05-14T06:52:00+00:00,2026-05-23T05:39:00+00:00,3910,500,1.0,0.0987677971500911,0.6118636575634334,0.6106723054660883,-0.0011913520973451108,0.5526666666666666,0.5818886917119346,0.7554671968190855
recent_runs_count,7,2026-05-23T05:41:00+00:00,2026-06-03T05:24:00+00:00,4410,500,1.0,0.09465207238022999,0.6091878200109806,0.6110760430163871,0.0018882230054064753,0.56,0.5803463936301139,0.7439577784354345
recent_runs_count,8,2026-06-03T05:32:00+00:00,2026-06-13T04:10:01+00:00,4910,500,1.0,0.08762104803963922,0.6168040043789969,0.6171257893013916,0.0003217849223947633,0.5593333333333333,0.5869946575751156,0.7628418329637842
recent_runs_count,9,2026-06-13T04:12:01+00:00,2026-06-22T05:30:00+00:00,5410,500,1.0,0.08085804239225251,0.6051414175132467,0.6047889886499836,-0.00035242886326303235,0.5513333333333333,0.572860195671363,0.7436290922619048
recent_runs_count,10,2026-06-22T05:45:00+00:00,2026-07-03T05:16:00+00:00,5910,500,1.0,0.0771237724034632,0.6023206162626358,0.6018706140439762,-0.0004500022186595398,0.548,0.5795983982048903,0.7318840579710145
recent_runs_count,11,2026-07-03T05:20:00+00:00,2026-07-11T07:52:00+00:00,6410,500,1.0,0.08289281203743644,0.6080218701209745,0.60829621074522,0.0002743406242454727,0.5533333333333333,0.5785369556569361,0.747981220657277
recent_runs_count,12,2026-07-11T08:01:00+00:00,2026-07-22T02:07:00+00:00,6910,500,1.0,0.07605114693194698,0.619182764327878,0.6188741736707126,-0.00030859065716537515,0.5666666666666667,0.5901344619037528,0.752028899445764
recent_wins,1,2026-03-15T06:10:00+00:00,2026-03-27T00:36:00+00:00,1410,500,1.0,0.09146119378733321,0.6300278256990635,0.6279524950878191,-0.0020753306112443193,0.5746666666666667,0.6045476405067061,0.7579290065112372
recent_wins,2,2026-03-27T01:11:00+00:00,2026-04-04T06:44:00+00:00,1910,500,1.0,0.09065319112772488,0.6261517043389135,0.6257671209971836,-0.00038458334172997155,0.5753333333333334,0.6015868213970473,0.7508149959250203
recent_wins,3,2026-04-04T06:50:00+00:00,2026-04-17T01:25:00+00:00,2410,500,1.0,0.0865561097802251,0.6280889408128764,0.6284081321911208,0.0003191913782444322,0.5713333333333334,0.6033410512052294,0.7676248108925869
recent_wins,4,2026-04-17T01:44:00+00:00,2026-05-01T05:19:00+00:00,2910,500,1.0,0.08136141187702665,0.6112771681162608,0.608635998024528,-0.002641170091732814,0.5506666666666666,0.5831629579443245,0.7500477008204541
recent_wins,5,2026-05-01T05:26:00+00:00,2026-05-14T06:40:00+00:00,3410,500,1.0,0.0694176796318208,0.5991614550260691,0.6006658941871212,0.0015044391610521402,0.542,0.5685253788490926,0.750138197899392
recent_wins,6,2026-05-14T06:52:00+00:00,2026-05-23T05:39:00+00:00,3910,500,1.0,0.07819165361206938,0.6118636575634334,0.6109467556823189,-0.0009169018811144847,0.5526666666666666,0.5821344619037526,0.7563192274921897
recent_wins,7,2026-05-23T05:41:00+00:00,2026-06-03T05:24:00+00:00,4410,500,1.0,0.0761918226148748,0.6091878200109806,0.6082558608897985,-0.0009319591211820466,0.556,0.5778548532464781,0.7431685903127158
recent_wins,8,2026-06-03T05:32:00+00:00,2026-06-13T04:10:01+00:00,4910,500,1.0,0.07630698791021441,0.6168040043789969,0.615259869772939,-0.0015441346060578454,0.5566666666666666,0.5850952810134117,0.762610864745011
recent_wins,9,2026-06-13T04:12:01+00:00,2026-06-22T05:30:00+00:00,5410,500,1.0,0.07657176008389303,0.6051414175132467,0.6051260081227366,-1.540939051003498e-05,0.5513333333333333,0.5740222616576134,0.7438151041666666
recent_wins,10,2026-06-22T05:45:00+00:00,2026-07-03T05:16:00+00:00,5910,500,1.0,0.07900718216147033,0.6023206162626358,0.6031842084364517,0.0008635921738159302,0.5493333333333333,0.5815538748896643,0.7325162921894758
recent_wins,11,2026-07-03T05:20:00+00:00,2026-07-11T07:52:00+00:00,6410,500,1.0,0.07750868867196588,0.6080218701209745,0.6093268808086842,0.0013050106877097178,0.5553333333333333,0.5791291194788681,0.7475117370892019
recent_wins,12,2026-07-11T08:01:00+00:00,2026-07-22T02:07:00+00:00,6910,500,1.0,0.07696877652203939,0.619182764327878,0.6188975345932511,-0.0002852297346268573,0.568,0.5887488873832978,0.750841250989707
recent_places,1,2026-03-15T06:10:00+00:00,2026-03-27T00:36:00+00:00,1410,500,1.0,0.20660161568767824,0.6300278256990635,0.6265181188795224,-0.003509706819541103,0.5746666666666667,0.6001228850959095,0.7566162570888468
recent_places,2,2026-03-27T01:11:00+00:00,2026-04-04T06:44:00+00:00,1910,500,1.0,0.21290005723502659,0.6261517043389135,0.6245971423850136,-0.0015545619538999134,0.5753333333333334,0.5998103299312523,0.7479115729421353
recent_places,3,2026-04-04T06:50:00+00:00,2026-04-17T01:25:00+00:00,2410,500,1.0,0.20315189191220082,0.6280889408128764,0.6232329109186859,-0.004856029894190428,0.5653333333333334,0.5973633128628425,0.7649016641452345
recent_places,4,2026-04-17T01:44:00+00:00,2026-05-01T05:19:00+00:00,2910,500,1.0,0.1975119124670587,0.6112771681162608,0.6094451402322744,-0.001832027883986398,0.552,0.5837328601086431,0.7500477008204541
recent_places,5,2026-05-01T05:26:00+00:00,2026-05-14T06:40:00+00:00,3410,500,1.0,0.1889970937475712,0.5991614550260691,0.600383483533117,0.0012220285070478898,0.542,0.5678103299312518,0.7497236042012161
recent_places,6,2026-05-14T06:52:00+00:00,2026-05-23T05:39:00+00:00,3910,500,1.0,0.18720980076937815,0.6118636575634334,0.6099438573938326,-0.001919800169600805,0.5526666666666666,0.5805369556569362,0.7539051405850611
recent_places,7,2026-05-23T05:41:00+00:00,2026-06-03T05:24:00+00:00,4410,500,1.0,0.18072512759633885,0.6091878200109806,0.6036503475877668,-0.005537472423213785,0.5506666666666666,0.5717764914657956,0.7414915655519384
recent_places,8,2026-06-03T05:32:00+00:00,2026-06-13T04:10:01+00:00,4910,500,1.0,0.17506780289253543,0.6168040043789969,0.6141262777552007,-0.0026777266237961728,0.556,0.5830952810134119,0.7614098300073909
recent_places,9,2026-06-13T04:12:01+00:00,2026-06-22T05:30:00+00:00,5410,500,1.0,0.1756186986032884,0.6051414175132467,0.6037921753730722,-0.0013492421401745114,0.5513333333333333,0.5702680318494315,0.7422340029761905
recent_places,10,2026-06-22T05:45:00+00:00,2026-07-03T05:16:00+00:00,5910,500,1.0,0.17330030968951282,0.6023206162626358,0.602705562907476,0.0003849466448402339,0.5493333333333333,0.5805146939993231,0.731640890963914
recent_places,11,2026-07-03T05:20:00+00:00,2026-07-11T07:52:00+00:00,6410,500,1.0,0.1730191829274891,0.6080218701209745,0.6061736923886644,-0.0018481777323101634,0.5513333333333333,0.5751736427940942,0.7468544600938967
recent_places,12,2026-07-11T08:01:00+00:00,2026-07-22T02:07:00+00:00,6910,500,1.0,0.17031861737183385,0.619182764327878,0.6200333444959429,0.0008505801680649405,0.5686666666666667,0.5911175426710245,0.7516825019794141
recent_avg_place,1,2026-03-15T06:10:00+00:00,2026-03-27T00:36:00+00:00,1410,500,0.9820305727926911,-0.21600174989942783,0.6300278256990635,0.6262607397590219,-0.0037670859400416035,0.572,0.6030614425479549,0.7579815164881327
recent_avg_place,2,2026-03-27T01:11:00+00:00,2026-04-04T06:44:00+00:00,1910,500,0.9820305727926911,-0.21291237581488762,0.6261517043389135,0.6228808027477339,-0.003270901591179598,0.5733333333333334,0.59689403413682,0.7479625101874491
recent_avg_place,3,2026-04-04T06:50:00+00:00,2026-04-17T01:25:00+00:00,2410,500,0.9820305727926911,-0.19473833164992957,0.6280889408128764,0.6262717336625183,-0.0018172071503580467,0.5686666666666667,0.6000783617806834,0.7676752395360564
recent_avg_place,4,2026-04-17T01:44:00+00:00,2026-05-01T05:19:00+00:00,2910,500,0.9820305727926911,-0.19053738352639327,0.6112771681162608,0.6067594487039141,-0.004517719412346688,0.5493333333333333,0.5792297429171636,0.7491413852318259
recent_avg_place,5,2026-05-01T05:26:00+00:00,2026-05-14T06:40:00+00:00,3410,500,0.9820305727926911,-0.17838859302768117,0.5991614550260691,0.5973833199394073,-0.0017781350866618029,0.5386666666666666,0.5648717724792064,0.7473281739450893
recent_avg_place,6,2026-05-14T06:52:00+00:00,2026-05-23T05:39:00+00:00,3910,500,0.9820305727926911,-0.18096496433780113,0.6118636575634334,0.6084461311450438,-0.0034175264183896603,0.5506666666666666,0.578782725848754,0.7536684653980876
recent_avg_place,7,2026-05-23T05:41:00+00:00,2026-06-03T05:24:00+00:00,4410,500,0.9820305727926911,-0.17746135845897748,0.6091878200109806,0.6050334534545269,-0.004154366556453737,0.5526666666666666,0.5728156723561366,0.7419848081286377
recent_avg_place,8,2026-06-03T05:32:00+00:00,2026-06-13T04:10:01+00:00,4910,500,0.9820305727926911,-0.17213221968948936,0.6168040043789969,0.6144942856703729,-0.0023097187086239535,0.5566666666666666,0.5824024937531842,0.7622413155949741
recent_avg_place,9,2026-06-13T04:12:01+00:00,2026-06-22T05:30:00+00:00,5410,500,0.9820305727926911,-0.1781922799528418,0.6051414175132467,0.6054575255894535,0.00031610807620685577,0.5546666666666666,0.5721228850959095,0.7403738839285714
recent_avg_place,10,2026-06-22T05:45:00+00:00,2026-07-03T05:16:00+00:00,5910,500,0.9820305727926911,-0.17206760196092444,0.6023206162626358,0.6055449639557047,0.0032243476930688963,0.5526666666666666,0.5848165643142106,0.7320299581752748
recent_avg_place,11,2026-07-03T05:20:00+00:00,2026-07-11T07:52:00+00:00,6410,500,0.9820305727926911,-0.1705462562902996,0.6080218701209745,0.6058079561001837,-0.0022139140207908525,0.5506666666666666,0.5749501342598896,0.7469483568075117
recent_avg_place,12,2026-07-11T08:01:00+00:00,2026-07-22T02:07:00+00:00,6910,500,0.9820305727926911,-0.1712918155720522,0.619182764327878,0.617162755904006,-0.002020008423871955,0.5653333333333334,0.5876874448353432,0.7502969121140143
recent_best_place,1,2026-03-15T06:10:00+00:00,2026-03-27T00:36:00+00:00,1410,500,0.9820305727926911,-0.14884448333822645,0.6300278256990635,0.6285249203902772,-0.0015029053087862732,0.5773333333333334,0.6031843276438642,0.7562486872505776
recent_best_place,2,2026-03-27T01:11:00+00:00,2026-04-04T06:44:00+00:00,1910,500,0.9820305727926911,-0.14200678517910748,0.6261517043389135,0.6261187540562486,-3.295028266492306e-05,0.576,0.6016090830546603,0.7508659331703341
recent_best_place,3,2026-04-04T06:50:00+00:00,2026-04-17T01:25:00+00:00,2410,500,0.9820305727926911,-0.1314696885509365,0.6280889408128764,0.6276114802199202,-0.00047746059295616927,0.57,0.6029723959175024,0.7674735249621785
recent_best_place,4,2026-04-17T01:44:00+00:00,2026-05-01T05:19:00+00:00,2910,500,0.9820305727926911,-0.12937380426178757,0.6112771681162608,0.611127140280711,-0.00015002783554973753,0.554,0.5860792537387568,0.750429307384087
recent_best_place,5,2026-05-01T05:26:00+00:00,2026-05-14T06:40:00+00:00,3410,500,0.9820305727926911,-0.12180144045760455,0.5991614550260691,0.5976674698812894,-0.0014939851447797192,0.5373333333333333,0.5662796086572747,0.7497236042012161
recent_best_place,6,2026-05-14T06:52:00+00:00,2026-05-23T05:39:00+00:00,3910,500,0.9820305727926911,-0.1310475534133601,0.6118636575634334,0.6103143344544681,-0.0015493231089652726,0.5513333333333333,0.5814194129859119,0.757171258165294
recent_best_place,7,2026-05-23T05:41:00+00:00,2026-06-03T05:24:00+00:00,4410,500,0.9820305727926911,-0.13062484422412254,0.6091878200109806,0.6085701966453778,-0.0006176233656027819,0.556,0.5779777383423869,0.744303048239124
recent_best_place,8,2026-06-03T05:32:00+00:00,2026-06-13T04:10:01+00:00,4910,500,0.9820305727926911,-0.13431232796668782,0.6168040043789969,0.6185262244929376,0.0017222201139407423,0.5613333333333334,0.5881344619037532,0.7633037694013304
recent_best_place,9,2026-06-13T04:12:01+00:00,2026-06-22T05:30:00+00:00,5410,500,0.9820305727926911,-0.13902469015980484,0.6051414175132467,0.6045507606545951,-0.0005906568586515615,0.5513333333333333,0.5725583253564757,0.7429780505952381
recent_best_place,10,2026-06-22T05:45:00+00:00,2026-07-03T05:16:00+00:00,5910,500,0.9820305727926911,-0.13361365874159453,0.6023206162626358,0.6039775792679778,0.001656963005342016,0.5506666666666666,0.5828388259718236,0.7317381577667542
recent_best_place,11,2026-07-03T05:20:00+00:00,2026-07-11T07:52:00+00:00,6410,500,0.9820305727926911,-0.13239417838208223,0.6080218701209745,0.6087924376987749,0.0007705675778003629,0.5546666666666666,0.5780899385885269,0.7477464788732394
recent_best_place,12,2026-07-11T08:01:00+00:00,2026-07-22T02:07:00+00:00,6910,500,0.9820305727926911,-0.1324657457644306,0.619182764327878,0.6194094937069881,0.00022672937911005775,0.568,0.5903018703148882,0.7513361045130641
recent_avg_place_3,1,2026-03-15T06:10:00+00:00,2026-03-27T00:36:00+00:00,1410,500,0.9820305727926911,-0.2197892962077729,0.6300278256990635,0.6250748237795831,-0.004953001919480338,0.5706666666666667,0.6018771149040918,0.7570888468809074
recent_avg_place_3,2,2026-03-27T01:11:00+00:00,2026-04-04T06:44:00+00:00,1910,500,0.9820305727926911,-0.22787782742314397,0.6261517043389135,0.6250151588725336,-0.001136545466379979,0.5746666666666667,0.6015422980818212,0.7491850040749797
recent_avg_place_3,3,2026-04-04T06:50:00+00:00,2026-04-17T01:25:00+00:00,2410,500,0.9820305727926911,-0.20863821122154377,0.6280889408128764,0.6287934691606842,0.0007045283478078757,0.5726666666666667,0.6030730193557982,0.7667675239536057
recent_avg_place_3,4,2026-04-17T01:44:00+00:00,2026-05-01T05:19:00+00:00,2910,500,0.9820305727926911,-0.20604977738863964,0.6112771681162608,0.6050476823874631,-0.006229485728797668,0.5486666666666666,0.5768165643142104,0.7460408319023087
recent_avg_place_3,5,2026-05-01T05:26:00+00:00,2026-05-14T06:40:00+00:00,3410,500,0.9820305727926911,-0.18962091698634528,0.5991614550260691,0.6003523447073266,0.0011908896812574676,0.542,0.567363312862842,0.750046065966464
recent_avg_place_3,6,2026-05-14T06:52:00+00:00,2026-05-23T05:39:00+00:00,3910,500,0.9820305727926911,-0.18666516441559558,0.6118636575634334,0.6082707137567698,-0.00359294380666364,0.55,0.5787043640680714,0.7543784909590079
recent_avg_place_3,7,2026-05-23T05:41:00+00:00,2026-06-03T05:24:00+00:00,4410,500,0.9820305727926911,-0.18737094415475303,0.6091878200109806,0.606688237332533,-0.0024995826784476316,0.5553333333333333,0.5738548532464781,0.7422314294169873
recent_avg_place_3,8,2026-06-03T05:32:00+00:00,2026-06-13T04:10:01+00:00,4910,500,0.9820305727926911,-0.18110676282089272,0.6168040043789969,0.6107846789220578,-0.006019325456939062,0.5513333333333333,0.5793855745204557,0.7610864745011087
recent_avg_place_3,9,2026-06-13T04:12:01+00:00,2026-06-22T05:30:00+00:00,5410,500,0.9820305727926911,-0.18102250652618018,0.6051414175132467,0.6035550643127936,-0.0015863532004530834,0.5493333333333333,0.5727150489178413,0.7428385416666666
recent_avg_place_3,10,2026-06-22T05:45:00+00:00,2026-07-03T05:16:00+00:00,5910,500,0.9820305727926911,-0.17814552392465874,0.6023206162626358,0.6023583248783347,3.7708615698961445e-05,0.5486666666666666,0.5812858430402333,0.7308141231397723
recent_avg_place_3,11,2026-07-03T05:20:00+00:00,2026-07-11T07:52:00+00:00,6410,500,0.9820305727926911,-0.1755557267495903,0.6080218701209745,0.6052760569844052,-0.0027458131365692973,0.5506666666666666,0.5736206598625039,0.746150234741784
recent_avg_place_3,12,2026-07-11T08:01:00+00:00,2026-07-22T02:07:00+00:00,6910,500,0.9820305727926911,-0.17614630754013821,0.619182764327878,0.6150269527147274,-0.004155811613150595,0.5606666666666666,0.5868940341368194,0.7518804433887569
recent_avg_place_5,1,2026-03-15T06:10:00+00:00,2026-03-27T00:36:00+00:00,1410,500,0.9820305727926911,-0.21735306989752307,0.6300278256990635,0.627415923357658,-0.0026119023414055142,0.5746666666666667,0.6036090830546602,0.7567212770426381
recent_avg_place_5,2,2026-03-27T01:11:00+00:00,2026-04-04T06:44:00+00:00,1910,500,0.9820305727926911,-0.20776612304116177,0.6261517043389135,0.6246655847221142,-0.0014861196167993418,0.5753333333333334,0.5992181661093207,0.7487775061124694
recent_avg_place_5,3,2026-04-04T06:50:00+00:00,2026-04-17T01:25:00+00:00,2410,500,0.9820305727926911,-0.19226283962520607,0.6280889408128764,0.6269246530478482,-0.0011642877650281935,0.5693333333333334,0.6017097064929561,0.76732223903177
recent_avg_place_5,4,2026-04-17T01:44:00+00:00,2026-05-01T05:19:00+00:00,2910,500,0.9820305727926911,-0.18671485049468936,0.6112771681162608,0.608997779546849,-0.002279388569411789,0.552,0.5823250239305746,0.7496660942568212
recent_avg_place_5,5,2026-05-01T05:26:00+00:00,2026-05-14T06:40:00+00:00,3410,500,0.9820305727926911,-0.17480325753165207,0.5991614550260691,0.5985089728351888,-0.0006524821908803213,0.54,0.5654639363011381,0.7485719550396167
recent_avg_place_5,6,2026-05-14T06:52:00+00:00,2026-05-23T05:39:00+00:00,3910,500,0.9820305727926911,-0.17386417080574273,0.6118636575634334,0.6085242167582141,-0.003339440805219307,0.5513333333333333,0.5782350853420488,0.7531951150241408
recent_avg_place_5,7,2026-05-23T05:41:00+00:00,2026-06-03T05:24:00+00:00,4410,500,0.9820305727926911,-0.17114232071490743,0.6091878200109806,0.6061275467444326,-0.003060273266548008,0.554,0.5745253788490924,0.7419848081286377
recent_avg_place_5,8,2026-06-03T05:32:00+00:00,2026-06-13T04:10:01+00:00,4910,500,0.9820305727926911,-0.16472103275606645,0.6168040043789969,0.6157358082170749,-0.001068196161921997,0.558,0.5844247554107972,0.7625184774575019
recent_avg_place_5,9,2026-06-13T04:12:01+00:00,2026-06-22T05:30:00+00:00,5410,500,0.9820305727926911,-0.1713589843203943,0.6051414175132467,0.6052024832484076,6.106573516095892e-05,0.5533333333333333,0.5725138020412495,0.7416294642857143
recent_avg_place_5,10,2026-06-22T05:45:00+00:00,2026-07-03T05:16:00+00:00,5910,500,0.9820305727926911,-0.16864600751434214,0.6023206162626358,0.6021456731021262,-0.00017494316050958858,0.5486666666666666,0.5799002685197783,0.7313490905553934
recent_avg_place_5,11,2026-07-03T05:20:00+00:00,2026-07-11T07:52:00+00:00,6410,500,0.9820305727926911,-0.16645865093995063,0.6080218701209745,0.6055774994677221,-0.0024443706532524256,0.55,0.5747043640680716,0.7476056338028169
recent_avg_place_5,12,2026-07-11T08:01:00+00:00,2026-07-22T02:07:00+00:00,6910,500,0.9820305727926911,-0.1691284161117719,0.619182764327878,0.6166940306466822,-0.0024887336811958427,0.564,0.5876874448353431,0.7510886777513855
recent_win_rate_5,1,2026-03-15T06:10:00+00:00,2026-03-27T00:36:00+00:00,1410,500,0.9820305727926911,0.10109935536102578,0.6300278256990635,0.6273283066981155,-0.002699519000948003,0.5733333333333334,0.6044024937531841,0.7582440663726108
recent_win_rate_5,2,2026-03-27T01:11:00+00:00,2026-04-04T06:44:00+00:00,1910,500,0.9820305727926911,0.09063367037438386,0.6261517043389135,0.625828563545138,-0.0003231407937754893,0.5753333333333334,0.6018325915888652,0.7508149959250203
recent_win_rate_5,3,2026-04-04T06:50:00+00:00,2026-04-17T01:25:00+00:00,2410,500,0.9820305727926911,0.08127952503350276,0.6280889408128764,0.628914662339511,0.0008257215266346263,0.572,0.6040338384654569,0.7676248108925869
recent_win_rate_5,4,2026-04-17T01:44:00+00:00,2026-05-01T05:19:00+00:00,2910,500,0.9820305727926911,0.07789173995462556,0.6112771681162608,0.6085425287532493,-0.0027346393630114374,0.5506666666666666,0.5826936792183017,0.7501431024613623
recent_win_rate_5,5,2026-05-01T05:26:00+00:00,2026-05-14T06:40:00+00:00,3410,500,0.9820305727926911,0.06568563546475086,0.5991614550260691,0.5999510067886447,0.0007895517625755577,0.5406666666666666,0.5680561001230698,0.7504145936981758
recent_win_rate_5,6,2026-05-14T06:52:00+00:00,2026-05-23T05:39:00+00:00,3910,500,0.9820305727926911,0.07132318930058874,0.6118636575634334,0.6119782330648323,0.00011457550139892803,0.554,0.5830730193557981,0.7568399129035311
recent_win_rate_5,7,2026-05-23T05:41:00+00:00,2026-06-03T05:24:00+00:00,4410,500,0.9820305727926911,0.07137871065769136,0.6091878200109806,0.6079781237334103,-0.0012096962775702824,0.5553333333333333,0.5777319681505692,0.7435138601164053
recent_win_rate_5,8,2026-06-03T05:32:00+00:00,2026-06-13T04:10:01+00:00,4910,500,0.9820305727926911,0.06993209444548104,0.6168040043789969,0.6152790426359775,-0.001524961743019304,0.5566666666666666,0.5852181661093205,0.7625646711012565
recent_win_rate_5,9,2026-06-13T04:12:01+00:00,2026-06-22T05:30:00+00:00,5410,500,0.9820305727926911,0.07080694713569075,0.6051414175132467,0.606609164179494,0.0014677466662472716,0.5533333333333333,0.5756758680274995,0.7440941220238095
recent_win_rate_5,10,2026-06-22T05:45:00+00:00,2026-07-03T05:16:00+00:00,5910,500,0.9820305727926911,0.07215027714878411,0.6023206162626358,0.6031477333853866,0.0008271171227508534,0.5493333333333333,0.5815538748896643,0.7323703919852155
recent_win_rate_5,11,2026-07-03T05:20:00+00:00,2026-07-11T07:52:00+00:00,6410,500,0.9820305727926911,0.07302463895752385,0.6080218701209745,0.6098390275819908,0.0018171574610162944,0.556,0.579374889670686,0.747981220657277
recent_win_rate_5,12,2026-07-11T08:01:00+00:00,2026-07-22T02:07:00+00:00,6910,500,0.9820305727926911,0.07345840696630601,0.619182764327878,0.6191134108369631,-6.935349091485854e-05,0.568,0.5894639363011384,0.7509897070467142
recent_top3_rate_5,1,2026-03-15T06:10:00+00:00,2026-03-27T00:36:00+00:00,1410,500,0.9820305727926911,0.1886536915551515,0.6300278256990635,0.6277369569632769,-0.0022908687357865443,0.5753333333333334,0.6031398043286379,0.7571413568578029
recent_top3_rate_5,2,2026-03-27T01:11:00+00:00,2026-04-04T06:44:00+00:00,1910,500,0.9820305727926911,0.1894766010700085,0.6261517043389135,0.6235659514702804,-0.002585752868633162,0.574,0.5992181661093205,0.7470456397718012
recent_top3_rate_5,3,2026-04-04T06:50:00+00:00,2026-04-17T01:25:00+00:00,2410,500,0.9820305727926911,0.1719799401041753,0.6280889408128764,0.6250607555633984,-0.0030281852494780104,0.5673333333333334,0.5992626894245465,0.7663136661623803
recent_top3_rate_5,4,2026-04-17T01:44:00+00:00,2026-05-01T05:19:00+00:00,2910,500,0.9820305727926911,0.16548669766608706,0.6112771681162608,0.6066533182863649,-0.004623849829895832,0.548,0.5804701706840971,0.7501431024613623
recent_top3_rate_5,5,2026-05-01T05:26:00+00:00,2026-05-14T06:40:00+00:00,3410,500,0.9820305727926911,0.16119843551333954,0.5991614550260691,0.5986960682789247,-0.00046538674714435846,0.5393333333333333,0.566301870314888,0.7498157361341441
recent_top3_rate_5,6,2026-05-14T06:52:00+00:00,2026-05-23T05:39:00+00:00,3910,500,0.9820305727926911,0.15429162830775547,0.6118636575634334,0.6107060034218189,-0.0011576541416145059,0.5526666666666666,0.5822128236844355,0.7552778566695068
recent_top3_rate_5,7,2026-05-23T05:41:00+00:00,2026-06-03T05:24:00+00:00,4410,500,0.9820305727926911,0.15327799430004066,0.6091878200109806,0.6069975923144123,-0.002190227696568292,0.5546666666666666,0.5761789852189788,0.7424780507053369
recent_top3_rate_5,8,2026-06-03T05:32:00+00:00,2026-06-13T04:10:01+00:00,4910,500,0.9820305727926911,0.14983431285771132,0.6168040043789969,0.6150504864902014,-0.0017535178887954084,0.5573333333333333,0.5837097064929565,0.7618255728011826
recent_top3_rate_5,9,2026-06-13T04:12:01+00:00,2026-06-22T05:30:00+00:00,5410,500,0.9820305727926911,0.15431382465304863,0.6051414175132467,0.6052149807204898,7.356320724316578e-05,0.552,0.5731843276438638,0.7436755952380952
recent_top3_rate_5,10,2026-06-22T05:45:00+00:00,2026-07-03T05:16:00+00:00,5910,500,0.9820305727926911,0.15490664058943365,0.6023206162626358,0.6043476388026223,0.002027022539986545,0.5506666666666666,0.583978630300461,0.7320785915766949
recent_top3_rate_5,11,2026-07-03T05:20:00+00:00,2026-07-11T07:52:00+00:00,6410,500,0.9820305727926911,0.15394568411622328,0.6080218701209745,0.6041557324141508,-0.003866137706823758,0.5493333333333333,0.5716651831777301,0.7462910798122065
recent_top3_rate_5,12,2026-07-11T08:01:00+00:00,2026-07-22T02:07:00+00:00,6910,500,0.9820305727926911,0.15440789908662866,0.619182764327878,0.6172431037746708,-0.0019396605532071565,0.564,0.5892404277669335,0.7517319873317498
recent_avg_margin,1,2026-03-15T06:10:00+00:00,2026-03-27T00:36:00+00:00,1410,500,0.9820305727926911,-0.22836271534929112,0.6300278256990635,0.6275517317828699,-0.0024760939161935225,0.5753333333333334,0.6023463936301142,0.7571938668346986
recent_avg_margin,2,2026-03-27T01:11:00+00:00,2026-04-04T06:44:00+00:00,1910,500,0.9820305727926911,-0.23802432190424683,0.6261517043389135,0.6238317440654437,-0.002319960273469812,0.5726666666666667,0.598771149040911,0.7512224938875306
recent_avg_margin,3,2026-04-04T06:50:00+00:00,2026-04-17T01:25:00+00:00,2410,500,0.9820305727926911,-0.22950399607449717,0.6280889408128764,0.6230764140490872,-0.00501252676378916,0.566,0.594950134259889,0.76535552193646
recent_avg_margin,4,2026-04-17T01:44:00+00:00,2026-05-01T05:19:00+00:00,2910,500,0.9820305727926911,-0.2284057645901852,0.6112771681162608,0.605819810670639,-0.005457357445621813,0.5486666666666666,0.5775200364242081,0.7484258729250143
recent_avg_margin,5,2026-05-01T05:26:00+00:00,2026-05-14T06:40:00+00:00,3410,500,0.9820305727926911,-0.22438947264590944,0.5991614550260691,0.5966844540459519,-0.002477000980117161,0.5366666666666666,0.5646482639450017,0.7487562189054726
recent_avg_margin,6,2026-05-14T06:52:00+00:00,2026-05-23T05:39:00+00:00,3910,500,0.9820305727926911,-0.22625022220574598,0.6118636575634334,0.6085423959166979,-0.0033212616467355183,0.5493333333333333,0.5806037406297754,0.7548991763703493
recent_avg_margin,7,2026-05-23T05:41:00+00:00,2026-06-03T05:24:00+00:00,4410,500,0.9820305727926911,-0.22486198937394136,0.6091878200109806,0.6049418970007895,-0.0042459230101911105,0.5533333333333333,0.5722012468765919,0.7408996744598993
recent_avg_margin,8,2026-06-03T05:32:00+00:00,2026-06-13T04:10:01+00:00,4910,500,0.9820305727926911,-0.22028896046609822,0.6168040043789969,0.6113453508525798,-0.005458653526417057,0.5526666666666666,0.5792849510821596,0.7607631189948263
recent_avg_margin,9,2026-06-13T04:12:01+00:00,2026-06-22T05:30:00+00:00,5410,500,0.9820305727926911,-0.22556508377580817,0.6051414175132467,0.6029759060935618,-0.002165511419684907,0.5506666666666666,0.569452359493295,0.7411179315476191
recent_avg_margin,10,2026-06-22T05:45:00+00:00,2026-07-03T05:16:00+00:00,5910,500,0.9820305727926911,-0.2220526413725968,0.6023206162626358,0.6053703576535668,0.00304974139093106,0.554,0.5827159408759148,0.7307654897383523
recent_avg_margin,11,2026-07-03T05:20:00+00:00,2026-07-11T07:52:00+00:00,6410,500,0.9820305727926911,-0.21549643734498594,0.6080218701209745,0.603903585705482,-0.004118284415492557,0.5493333333333333,0.5725814789721624,0.7443661971830986
recent_avg_margin,12,2026-07-11T08:01:00+00:00,2026-07-22T02:07:00+00:00,6910,500,0.9820305727926911,-0.210032062171919,0.619182764327878,0.6195400130115079,0.0003572486836298516,0.568,0.5902796086572745,0.7518804433887569
recent_best_margin,1,2026-03-15T06:10:00+00:00,2026-03-27T00:36:00+00:00,1410,500,0.9820305727926911,-0.13432390206141825,0.6300278256990635,0.6282858284211524,-0.0017419972779110227,0.5753333333333334,0.604547640506706,0.7579290065112372
recent_best_margin,2,2026-03-27T01:11:00+00:00,2026-04-04T06:44:00+00:00,1910,500,0.9820305727926911,-0.14626416808946394,0.6261517043389135,0.6268311185392779,0.0006794142003643255,0.5766666666666667,0.6029723959175025,0.7510187449062755
recent_best_margin,3,2026-04-04T06:50:00+00:00,2026-04-17T01:25:00+00:00,2410,500,0.9820305727926911,-0.13835470542937742,0.6280889408128764,0.6276975268308356,-0.00039141398204078914,0.57,0.6021567235613658,0.7686333837619768
recent_best_margin,4,2026-04-17T01:44:00+00:00,2026-05-01T05:19:00+00:00,2910,500,0.9820305727926911,-0.13918652671351575,0.6112771681162608,0.6096194750406538,-0.0016576930756069252,0.552,0.5840008919580741,0.7504770082045411
recent_best_margin,5,2026-05-01T05:26:00+00:00,2026-05-14T06:40:00+00:00,3410,500,0.9820305727926911,-0.1346332958350496,0.5991614550260691,0.5935692572407882,-0.005592197785280861,0.5326666666666666,0.5602796086572748,0.7486640869725447
recent_best_margin,6,2026-05-14T06:52:00+00:00,2026-05-23T05:39:00+00:00,3910,500,0.9820305727926911,-0.1279183266985244,0.6118636575634334,0.6107773209593499,-0.0010863366040835265,0.5526666666666666,0.5817880682736392,0.755987882230427
recent_best_margin,7,2026-05-23T05:41:00+00:00,2026-06-03T05:24:00+00:00,4410,500,0.9820305727926911,-0.13120311391215334,0.6091878200109806,0.6066880927408732,-0.002499727270107388,0.5553333333333333,0.5746927872602275,0.7413929170365986
recent_best_margin,8,2026-06-03T05:32:00+00:00,2026-06-13T04:10:01+00:00,4910,500,0.9820305727926911,-0.12731249787137772,0.6168040043789969,0.6196431265923111,0.0028391222133142824,0.5633333333333334,0.588648263945002,0.7632575757575758
recent_best_margin,9,2026-06-13T04:12:01+00:00,2026-06-22T05:30:00+00:00,5410,500,0.9820305727926911,-0.131552576907153,0.6051414175132467,0.6058803354379613,0.0007389179247145883,0.5526666666666666,0.57483793401375,0.7433500744047619
recent_best_margin,10,2026-06-22T05:45:00+00:00,2026-07-03T05:16:00+00:00,5910,500,0.9820305727926911,-0.1275413092613525,0.6023206162626358,0.6058389051154478,0.0035182888528120237,0.5526666666666666,0.5854087281361423,0.732613558992316
recent_best_margin,11,2026-07-03T05:20:00+00:00,2026-07-11T07:52:00+00:00,6410,500,0.9820305727926911,-0.12979464696339935,0.6080218701209745,0.6081891513137984,0.00016728119282383158,0.554,0.5780899385885269,0.7466666666666667
recent_best_margin,12,2026-07-11T08:01:00+00:00,2026-07-22T02:07:00+00:00,6910,500,0.9820305727926911,-0.12257960877314077,0.619182764327878,0.6211517663195514,0.0019690019916733803,0.57,0.5930730193557984,0.7515340459224069
recent_avg_margin_3,1,2026-03-15T06:10:00+00:00,2026-03-27T00:36:00+00:00,1410,500,0.9820305727926911,-0.23338513664621707,0.6300278256990635,0.625971934886096,-0.004055890812967422,0.572,0.603061442547955,0.7568262969964293
recent_avg_margin_3,2,2026-03-27T01:11:00+00:00,2026-04-04T06:44:00+00:00,1910,500,0.9820305727926911,-0.24382520784965364,0.6261517043389135,0.6277225315701119,0.0015708272311983906,0.5786666666666667,0.6019777383423873,0.751579054604727
recent_avg_margin_3,3,2026-04-04T06:50:00+00:00,2026-04-17T01:25:00+00:00,2410,500,0.9820305727926911,-0.2286594110799701,0.6280889408128764,0.6251855518636596,-0.002903388949216712,0.5693333333333334,0.5970730193557985,0.7650025214321735
recent_avg_margin_3,4,2026-04-17T01:44:00+00:00,2026-05-01T05:19:00+00:00,2910,500,0.9820305727926911,-0.2234640328552602,0.6112771681162608,0.6066051569785955,-0.004672011137665244,0.5506666666666666,0.5775200364242082,0.7475672581568403
recent_avg_margin_3,5,2026-05-01T05:26:00+00:00,2026-05-14T06:40:00+00:00,3410,500,0.9820305727926911,-0.21603155081317044,0.5991614550260691,0.5954369785296052,-0.003724476496463902,0.5346666666666666,0.5638886917119349,0.7485258890731528
recent_avg_margin_3,6,2026-05-14T06:52:00+00:00,2026-05-23T05:39:00+00:00,3910,500,0.9820305727926911,-0.21488195035676105,0.6118636575634334,0.6070171868791299,-0.00484647068430355,0.548,0.577642921520117,0.7544258259964025
recent_avg_margin_3,7,2026-05-23T05:41:00+00:00,2026-06-03T05:24:00+00:00,4410,500,0.9820305727926911,-0.21444784213137832,0.6091878200109806,0.6037688138231878,-0.005419006187792785,0.552,0.57116206598625,0.739913189306501
recent_avg_margin_3,8,2026-06-03T05:32:00+00:00,2026-06-13T04:10:01+00:00,4910,500,0.9820305727926911,-0.2090884952145578,0.6168040043789969,0.6117559227899224,-0.005048081589074438,0.554,0.5784915403836364,0.7605321507760532
recent_avg_margin_3,9,2026-06-13T04:12:01+00:00,2026-06-22T05:30:00+00:00,5410,500,0.9820305727926911,-0.2119173425834876,0.6051414175132467,0.6039799690457751,-0.0011614484674715708,0.5506666666666666,0.5713294743973861,0.7432570684523809
recent_avg_margin_3,10,2026-06-22T05:45:00+00:00,2026-07-03T05:16:00+00:00,5910,500,0.9820305727926911,-0.20869624384887844,0.6023206162626358,0.6038122769812313,0.0014916607185955222,0.5506666666666666,0.5826153174376186,0.7313004571539733
recent_avg_margin_3,11,2026-07-03T05:20:00+00:00,2026-07-11T07:52:00+00:00,6410,500,0.9820305727926911,-0.20448414532180767,0.6080218701209745,0.602560307650905,-0.00546156247006957,0.548,0.5701567235613663,0.7440845070422535
recent_avg_margin_3,12,2026-07-11T08:01:00+00:00,2026-07-22T02:07:00+00:00,6910,500,0.9820305727926911,-0.19964562046968595,0.619182764327878,0.6167981516642326,-0.0023846126636454246,0.564,0.5883018703148877,0.7508907363420427
recent_same_distance_runs,1,2026-03-15T06:10:00+00:00,2026-03-27T00:36:00+00:00,1410,500,1.0,0.09697416900675775,0.6300278256990635,0.6284444574807132,-0.0015833682183502562,0.5753333333333334,0.6044470170684103,0.7586641461877757
recent_same_distance_runs,2,2026-03-27T01:11:00+00:00,2026-04-04T06:44:00+00:00,1910,500,1.0,0.08982506326578493,0.6261517043389135,0.6249936267292828,-0.0011580776096307144,0.5746666666666667,0.5998771149040913,0.7507640586797066
recent_same_distance_runs,3,2026-04-04T06:50:00+00:00,2026-04-17T01:25:00+00:00,2410,500,1.0,0.09439506944791769,0.6280889408128764,0.623705295760395,-0.004383645052481344,0.564,0.5989946575751155,0.7678265254664649
recent_same_distance_runs,4,2026-04-17T01:44:00+00:00,2026-05-01T05:19:00+00:00,2910,500,1.0,0.08137623161146815,0.6112771681162608,0.6100352013268964,-0.0012419667893643904,0.5533333333333333,0.583855745204552,0.7496183934363672
recent_same_distance_runs,5,2026-05-01T05:26:00+00:00,2026-05-14T06:40:00+00:00,3410,500,1.0,0.06848300271777324,0.5991614550260691,0.5985320716707737,-0.0006293833552953876,0.5386666666666666,0.5667488873832974,0.750046065966464
recent_same_distance_runs,6,2026-05-14T06:52:00+00:00,2026-05-23T05:39:00+00:00,3910,500,1.0,0.05957834534717202,0.6118636575634334,0.6098032090512643,-0.002060448512169133,0.5513333333333333,0.5811736427940942,0.7553725267442961
recent_same_distance_runs,7,2026-05-23T05:41:00+00:00,2026-06-03T05:24:00+00:00,4410,500,1.0,0.0561145433456067,0.6091878200109806,0.608644296669338,-0.0005435233416426488,0.5566666666666666,0.5776313447122733,0.7436125086317451
recent_same_distance_runs,8,2026-06-03T05:32:00+00:00,2026-06-13T04:10:01+00:00,4910,500,1.0,0.0506635240847299,0.6168040043789969,0.6144911616779895,-0.0023128427010074004,0.5553333333333333,0.584178985218979,0.7631189948263118
recent_same_distance_runs,9,2026-06-13T04:12:01+00:00,2026-06-22T05:30:00+00:00,5410,500,1.0,0.05224137945801673,0.6051414175132467,0.6072608912743966,0.0021194737611499592,0.5546666666666666,0.5754300978356817,0.7442801339285714
recent_same_distance_runs,10,2026-06-22T05:45:00+00:00,2026-07-03T05:16:00+00:00,5910,500,1.0,0.04938413446380238,0.6023206162626358,0.601648384181566,-0.0006722320810698124,0.5473333333333333,0.5797996450814822,0.732127224978115
recent_same_distance_runs,11,2026-07-03T05:20:00+00:00,2026-07-11T07:52:00+00:00,6410,500,1.0,0.050050823058156196,0.6080218701209745,0.6088172350847573,0.0007953649637827409,0.554,0.579475513108982,0.7477934272300469
recent_same_distance_runs,12,2026-07-11T08:01:00+00:00,2026-07-22T02:07:00+00:00,6910,500,1.0,0.04639165008929801,0.619182764327878,0.6198872349265521,0.0007044705986740674,0.568,0.5911736427940942,0.752375296912114
recent_same_track_runs,1,2026-03-15T06:10:00+00:00,2026-03-27T00:36:00+00:00,1410,500,1.0,0.08043425982537553,0.6300278256990635,0.6293933877650899,-0.0006344379339735529,0.5773333333333334,0.6052404277669338,0.7576664566267591
recent_same_track_runs,2,2026-03-27T01:11:00+00:00,2026-04-04T06:44:00+00:00,1910,500,1.0,0.056960513271393155,0.6261517043389135,0.628033264038011,0.0018815596990974237,0.5786666666666667,0.6030169192327285,0.751782803585982
recent_same_track_runs,3,2026-04-04T06:50:00+00:00,2026-04-17T01:25:00+00:00,2410,500,1.0,0.05244465498732394,0.6280889408128764,0.6266937117956755,-0.0013952290172009052,0.5686666666666667,0.6015645597394343,0.7678769541099344
recent_same_track_runs,4,2026-04-17T01:44:00+00:00,2026-05-01T05:19:00+00:00,2910,500,1.0,0.052061580152983615,0.6112771681162608,0.6095730796695467,-0.0017040884467141026,0.552,0.58410151539637,0.7501908032818164
recent_same_track_runs,5,2026-05-01T05:26:00+00:00,2026-05-14T06:40:00+00:00,3410,500,1.0,0.05004826824869319,0.5991614550260691,0.5989613970269095,-0.00020005799915956413,0.5393333333333333,0.5669946575751156,0.7501842638658559
recent_same_track_runs,6,2026-05-14T06:52:00+00:00,2026-05-23T05:39:00+00:00,3910,500,1.0,0.047626512686219154,0.6118636575634334,0.6124885253053103,0.0006248677418768667,0.5546666666666666,0.5841122002461396,0.7565085676417684
recent_same_track_runs,7,2026-05-23T05:41:00+00:00,2026-06-03T05:24:00+00:00,4410,500,1.0,0.04284925179012883,0.6091878200109806,0.6109654889848957,0.0017776689739150697,0.56,0.579854853246478,0.7440071026931044
recent_same_track_runs,8,2026-06-03T05:32:00+00:00,2026-06-13T04:10:01+00:00,4910,500,1.0,0.04630008144912884,0.6168040043789969,0.6155140056852664,-0.0012899986937304764,0.5573333333333333,0.5852404277669336,0.762148928307465
recent_same_track_runs,9,2026-06-13T04:12:01+00:00,2026-06-22T05:30:00+00:00,5410,500,1.0,0.03971927881088594,0.6051414175132467,0.6046611054654598,-0.0004803120477868683,0.5513333333333333,0.5728601956713631,0.7431175595238095
recent_same_track_runs,10,2026-06-22T05:45:00+00:00,2026-07-03T05:16:00+00:00,5910,500,1.0,0.03669358636074444,0.6023206162626358,0.602963868175018,0.0006432519123822367,0.5493333333333333,0.5812074812595506,0.7319813247738547
recent_same_track_runs,11,2026-07-03T05:20:00+00:00,2026-07-11T07:52:00+00:00,6410,500,1.0,0.03677071739989231,0.6080218701209745,0.6090533595526482,0.0010314894316736378,0.5546666666666666,0.5788049875063673,0.748075117370892
recent_same_track_runs,12,2026-07-11T08:01:00+00:00,2026-07-22T02:07:00+00:00,6910,500,1.0,0.034780593901427154,0.619182764327878,0.6204919084537425,0.0013091441258644698,0.5686666666666667,0.5920115768078439,0.7526227236737926
recent_same_condition_runs,1,2026-03-15T06:10:00+00:00,2026-03-27T00:36:00+00:00,1410,500,0.9997936130106359,0.0598813835251594,0.6300278256990635,0.6265709138981987,-0.003456911800864715,0.5726666666666667,0.6029162957944332,0.7580340264650284
recent_same_condition_runs,2,2026-03-27T01:11:00+00:00,2026-04-04T06:44:00+00:00,1910,500,0.9997936130106359,0.06807139825841795,0.6261517043389135,0.6272750590755785,0.0011233547366649166,0.5773333333333334,0.6024470170684098,0.7519865525672371
recent_same_condition_runs,3,2026-04-04T06:50:00+00:00,2026-04-17T01:25:00+00:00,2410,500,0.9997936130106359,0.06887404103623758,0.6280889408128764,0.6274739013723092,-0.0006150394405671777,0.57,0.6014639363011381,0.7684316691880988
recent_same_condition_runs,4,2026-04-17T01:44:00+00:00,2026-05-01T05:19:00+00:00,2910,500,0.9997936130106359,0.06776874753282083,0.6112771681162608,0.6118127188634841,0.0005355507472233345,0.5553333333333333,0.585487089916825,0.7510971188704446
recent_same_condition_runs,5,2026-05-01T05:26:00+00:00,2026-05-14T06:40:00+00:00,3410,500,0.9997936130106359,0.06543377894677305,0.5991614550260691,0.5994926654830605,0.00033121045699135987,0.54,0.5674639363011381,0.7505067256311038
recent_same_condition_runs,6,2026-05-14T06:52:00+00:00,2026-05-23T05:39:00+00:00,3910,500,0.9997936130106359,0.062299124168724684,0.6118636575634334,0.6111378221000234,-0.0007258354634099851,0.5526666666666666,0.583419412985912,0.7557985420808483
recent_same_condition_runs,7,2026-05-23T05:41:00+00:00,2026-06-03T05:24:00+00:00,4410,500,0.9997936130106359,0.060168525456743754,0.6091878200109806,0.6086329530663984,-0.0005548669445821774,0.5566666666666666,0.5778325915888648,0.7433658873433955
recent_same_condition_runs,8,2026-06-03T05:32:00+00:00,2026-06-13T04:10:01+00:00,4910,500,0.9997936130106359,0.06084265887236341,0.6168040043789969,0.6164265657886285,-0.0003774385903683175,0.558,0.5864024937531839,0.7633037694013304
recent_same_condition_runs,9,2026-06-13T04:12:01+00:00,2026-06-22T05:30:00+00:00,5410,500,0.9997936130106359,0.0585070102493875,0.6051414175132467,0.6045943221147725,-0.0005470953984741955,0.5506666666666666,0.5732288509590899,0.7438151041666666
recent_same_condition_runs,10,2026-06-22T05:45:00+00:00,2026-07-03T05:16:00+00:00,5910,500,0.9997936130106359,0.05224817171297221,0.6023206162626358,0.6010925698355762,-0.001228046427059537,0.5466666666666666,0.5788610876294368,0.732175858379535
recent_same_condition_runs,11,2026-07-03T05:20:00+00:00,2026-07-11T07:52:00+00:00,6410,500,0.9997936130106359,0.0570336264212586,0.6080218701209745,0.6088849005180234,0.0008630303970488251,0.554,0.5792297429171638,0.7483098591549295
recent_same_condition_runs,12,2026-07-11T08:01:00+00:00,2026-07-22T02:07:00+00:00,6910,500,0.9997936130106359,0.058037573115060435,0.619182764327878,0.6197065393928818,0.0005237750650037842,0.5686666666666667,0.5905031171914796,0.7509897070467142
recent_days_since_last_run,1,2026-03-15T06:10:00+00:00,2026-03-27T00:36:00+00:00,1410,500,0.9820305727926911,-0.03305296999156291,0.6300278256990635,0.6271272665590353,-0.0029005591400281805,0.574,0.6032626894245471,0.7572463768115942
recent_days_since_last_run,2,2026-03-27T01:11:00+00:00,2026-04-04T06:44:00+00:00,1910,500,0.9820305727926911,-0.034314199128005,0.6261517043389135,0.6244460268819476,-0.001705677456965926,0.5733333333333334,0.5993855745204555,0.7517318663406682
recent_days_since_last_run,3,2026-04-04T06:50:00+00:00,2026-04-17T01:25:00+00:00,2410,500,0.9820305727926911,-0.03407129414594853,0.6280889408128764,0.6259437903571058,-0.0021451504557705725,0.568,0.6004024937531839,0.7673726676752395
recent_days_since_last_run,4,2026-04-17T01:44:00+00:00,2026-05-01T05:19:00+00:00,2910,500,0.9820305727926911,-0.03377737763050997,0.6112771681162608,0.611807548674878,0.000530380558617205,0.5553333333333333,0.5863250239305747,0.7502385041022706
recent_days_since_last_run,5,2026-05-01T05:26:00+00:00,2026-05-14T06:40:00+00:00,3410,500,0.9820305727926911,-0.03698878969161773,0.5991614550260691,0.5997360216488116,0.0005745666227424673,0.5406666666666666,0.567933215027161,0.7496775382347521
recent_days_since_last_run,6,2026-05-14T06:52:00+00:00,2026-05-23T05:39:00+00:00,3910,500,0.9820305727926911,-0.03252402194808493,0.6118636575634334,0.6102687256851993,-0.0015949318782341182,0.5513333333333333,0.5827043640680715,0.7557038720060589
recent_days_since_last_run,7,2026-05-23T05:41:00+00:00,2026-06-03T05:24:00+00:00,4410,500,0.9820305727926911,-0.03796613422778059,0.6091878200109806,0.6099907584819249,0.0008029384709442589,0.5586666666666666,0.57960908305466,0.743020617539706
recent_days_since_last_run,8,2026-06-03T05:32:00+00:00,2026-06-13T04:10:01+00:00,4910,500,0.9820305727926911,-0.035401994846842755,0.6168040043789969,0.6157412440617552,-0.0010627603172416178,0.5573333333333333,0.5856874448353431,0.762610864745011
recent_days_since_last_run,9,2026-06-13T04:12:01+00:00,2026-06-22T05:30:00+00:00,5410,500,0.9820305727926911,-0.03969554764457258,0.6051414175132467,0.6054154327806844,0.00027401526743775495,0.5526666666666666,0.5736758680274996,0.7426525297619048
recent_days_since_last_run,10,2026-06-22T05:45:00+00:00,2026-07-03T05:16:00+00:00,5910,500,0.9820305727926911,-0.043537184835058605,0.6023206162626358,0.6032358217479583,0.0009152054853225344,0.5493333333333333,0.5822466621498917,0.7320299581752748
recent_days_since_last_run,11,2026-07-03T05:20:00+00:00,2026-07-11T07:52:00+00:00,6410,500,0.9820305727926911,-0.040532952596317215,0.6080218701209745,0.6087102268638486,0.0006883567428740411,0.5546666666666666,0.5785592173145493,0.7469483568075117
recent_days_since_last_run,12,2026-07-11T08:01:00+00:00,2026-07-22T02:07:00+00:00,6910,500,0.9820305727926911,-0.042062087800404116,0.619182764327878,0.6188744504050621,-0.0003083139228159393,0.566,0.5910730193557985,0.7524247822644498
recentPodium,1,2026-03-15T06:10:00+00:00,2026-03-27T00:36:00+00:00,1410,500,0.2708485257089393,0.052037848557093,0.6300278256990635,0.6301538065892637,0.00012598089020021686,0.578,0.6060561001230701,0.7585591262339845
recentPodium,2,2026-03-27T01:11:00+00:00,2026-04-04T06:44:00+00:00,1910,500,0.2708485257089393,0.046876674617803565,0.6261517043389135,0.6252403748774568,-0.000911329461456778,0.5746666666666667,0.6010169192327287,0.7506112469437652
recentPodium,3,2026-04-04T06:50:00+00:00,2026-04-17T01:25:00+00:00,2410,500,0.2708485257089393,0.03542440522818573,0.6280889408128764,0.6271351012852726,-0.0009538395276037503,0.57,0.6012181661093203,0.76732223903177
recentPodium,4,2026-04-17T01:44:00+00:00,2026-05-01T05:19:00+00:00,2910,500,0.2708485257089393,0.025901143146877085,0.6112771681162608,0.6085902295737033,-0.0026869385425574155,0.5506666666666666,0.5826936792183016,0.7503339057431788
recentPodium,5,2026-05-01T05:26:00+00:00,2026-05-14T06:40:00+00:00,3410,500,0.2708485257089393,0.03256772033973939,0.5991614550260691,0.5988961262780843,-0.00026532874798479433,0.5393333333333333,0.5668717724792065,0.750046065966464
recentPodium,6,2026-05-14T06:52:00+00:00,2026-05-23T05:39:00+00:00,3910,500,0.2708485257089393,0.023315504928769472,0.6118636575634334,0.6129286004000308,0.0010649428365974156,0.5553333333333333,0.5852965278900031,0.7557512070434536
recentPodium,7,2026-05-23T05:41:00+00:00,2026-06-03T05:24:00+00:00,4410,500,0.2708485257089393,0.020179295322264954,0.6091878200109806,0.6085894069972646,-0.0005984130137159926,0.5566666666666666,0.57760908305466,0.7434152116010654
recentPodium,8,2026-06-03T05:32:00+00:00,2026-06-13T04:10:01+00:00,4910,500,0.2708485257089393,0.021012191987918493,0.6168040043789969,0.6165263540626602,-0.0002776503163366417,0.558,0.5868940341368197,0.7632113821138211
recentPodium,9,2026-06-13T04:12:01+00:00,2026-06-22T05:30:00+00:00,5410,500,0.2708485257089393,0.025462138841485637,0.6051414175132467,0.6044662188196684,-0.0006751986935782384,0.5506666666666666,0.5723909169453404,0.744140625
recentPodium,10,2026-06-22T05:45:00+00:00,2026-07-03T05:16:00+00:00,5910,500,0.2708485257089393,0.029246387102644947,0.6023206162626358,0.6015374690733275,-0.0007831471893082753,0.5473333333333333,0.5794532514513684,0.7320299581752748
recentPodium,11,2026-07-03T05:20:00+00:00,2026-07-11T07:52:00+00:00,6410,500,0.2708485257089393,0.03502739812273015,0.6080218701209745,0.6080967314393011,7.486131832656895e-05,0.5533333333333333,0.5780676769309134,0.7476525821596244
recentPodium,12,2026-07-11T08:01:00+00:00,2026-07-22T02:07:00+00:00,6910,500,0.2708485257089393,0.031605273094972054,0.619182764327878,0.6188063383824836,-0.00037642594539444296,0.5666666666666667,0.5900115768078439,0.7518804433887569
trackFamiliarity,1,2026-03-15T06:10:00+00:00,2026-03-27T00:36:00+00:00,1410,500,0.21812352949270078,0.05325478922682752,0.6300278256990635,0.6301459731470787,0.00011814744801519339,0.578,0.6057097064929564,0.7588741860953582
trackFamiliarity,2,2026-03-27T01:11:00+00:00,2026-04-04T06:44:00+00:00,1910,500,0.21812352949270078,0.06664317559903755,0.6261517043389135,0.6261187540562485,-3.295028266503408e-05,0.576,0.6016090830546602,0.7508659331703341
trackFamiliarity,3,2026-04-04T06:50:00+00:00,2026-04-17T01:25:00+00:00,2410,500,0.21812352949270078,0.050496178047265215,0.6280889408128764,0.6278494230200179,-0.00023951779285846797,0.57,0.6032181661093204,0.7681795259707513
trackFamiliarity,4,2026-04-17T01:44:00+00:00,2026-05-01T05:19:00+00:00,2910,500,0.21812352949270078,0.03538766759560624,0.6112771681162608,0.6101085690799645,-0.0011685990362962917,0.5533333333333333,0.58410151539637,0.7496660942568212
trackFamiliarity,5,2026-05-01T05:26:00+00:00,2026-05-14T06:40:00+00:00,3410,500,0.21812352949270078,0.04371113400738375,0.5991614550260691,0.5991077007688599,-5.375425720921534e-05,0.5393333333333333,0.567441674643525,0.7503224617652479
trackFamiliarity,6,2026-05-14T06:52:00+00:00,2026-05-23T05:39:00+00:00,3910,500,0.21812352949270078,0.04043445282659571,0.6118636575634334,0.6122788093002264,0.00041515173679296247,0.5546666666666666,0.5838886917119346,0.7558932121556377
trackFamiliarity,7,2026-05-23T05:41:00+00:00,2026-06-03T05:24:00+00:00,4410,500,0.21812352949270078,0.0282584978327055,0.6091878200109806,0.6099471442303179,0.0007593242193373317,0.5586666666666666,0.5787934106985235,0.743661832889415
trackFamiliarity,8,2026-06-03T05:32:00+00:00,2026-06-13T04:10:01+00:00,4910,500,0.21812352949270078,0.01935760926357571,0.6168040043789969,0.6161648762958782,-0.0006391280831186119,0.558,0.5862796086572749,0.7623798965262379
trackFamiliarity,9,2026-06-13T04:12:01+00:00,2026-06-22T05:30:00+00:00,5410,500,0.21812352949270078,0.01531369227397446,0.6051414175132467,0.6041512614893532,-0.000990156023893518,0.5506666666666666,0.5719216382193176,0.7433500744047619
trackFamiliarity,10,2026-06-22T05:45:00+00:00,2026-07-03T05:16:00+00:00,5910,500,0.21812352949270078,0.010897505405617484,0.6023206162626358,0.6033206790501975,0.0010000627875617063,0.55,0.5811068578212546,0.732175858379535
trackFamiliarity,11,2026-07-03T05:20:00+00:00,2026-07-11T07:52:00+00:00,6410,500,0.21812352949270078,0.012281199232876138,0.6080218701209745,0.6085719852638319,0.0005501151428574103,0.554,0.5782128236844356,0.748075117370892
trackFamiliarity,12,2026-07-11T08:01:00+00:00,2026-07-22T02:07:00+00:00,6910,500,0.21812352949270078,0.012840749684400578,0.619182764327878,0.6197140371524361,0.0005312728245581155,0.568,0.5908272491639803,0.752028899445764
distanceFamiliarity,1,2026-03-15T06:10:00+00:00,2026-03-27T00:36:00+00:00,1410,500,0.4273586593101171,0.0069707852406481795,0.6300278256990635,0.6276409504574041,-0.0023868752416593697,0.574,0.6044247554107972,0.7581390464188196
distanceFamiliarity,2,2026-03-27T01:11:00+00:00,2026-04-04T06:44:00+00:00,1910,500,0.4273586593101171,0.007721536356746052,0.6261517043389135,0.626057624271377,-9.408006753652831e-05,0.576,0.6012626894245463,0.7509678076609617
distanceFamiliarity,3,2026-04-04T06:50:00+00:00,2026-04-17T01:25:00+00:00,2410,500,0.4273586593101171,0.015232119938404752,0.6280889408128764,0.6233374261179243,-0.004751514694952053,0.564,0.5982796086572748,0.7670700958144225
distanceFamiliarity,4,2026-04-17T01:44:00+00:00,2026-05-01T05:19:00+00:00,2910,500,0.4273586593101171,0.008246989120237318,0.6112771681162608,0.6104368480719344,-0.0008403200443263259,0.554,0.584224400492279,0.7495229917954589
distanceFamiliarity,5,2026-05-01T05:26:00+00:00,2026-05-14T06:40:00+00:00,3410,500,0.4273586593101171,0.006652379139832926,0.5991614550260691,0.5995754038007144,0.0004139487746452897,0.54,0.567564559739434,0.7507370554634236
distanceFamiliarity,6,2026-05-14T06:52:00+00:00,2026-05-23T05:39:00+00:00,3910,500,0.4273586593101171,0.0014244236572063032,0.6118636575634334,0.6114996029561228,-0.00036405460731059325,0.5533333333333333,0.583296527890003,0.7560352172678216
distanceFamiliarity,7,2026-05-23T05:41:00+00:00,2026-06-03T05:24:00+00:00,4410,500,0.4273586593101171,0.001464046321205706,0.6091878200109806,0.6105581692650575,0.0013703492540768636,0.5593333333333333,0.579854853246478,0.7437111571470849
distanceFamiliarity,8,2026-06-03T05:32:00+00:00,2026-06-13T04:10:01+00:00,4910,500,0.4273586593101171,0.007214470048816683,0.6168040043789969,0.6171525866165302,0.0003485822375333125,0.5593333333333333,0.5872404277669335,0.7627032520325203
distanceFamiliarity,9,2026-06-13T04:12:01+00:00,2026-06-22T05:30:00+00:00,5410,500,0.4273586593101171,0.013460699732831032,0.6051414175132467,0.6047879264089542,-0.00035349110429250263,0.5513333333333333,0.5723909169453405,0.7440941220238095
distanceFamiliarity,10,2026-06-22T05:45:00+00:00,2026-07-03T05:16:00+00:00,5910,500,0.4273586593101171,0.007496070614132249,0.6023206162626358,0.601931594158436,-0.00038902210419977656,0.548,0.5794532514513684,0.7322731251823753
distanceFamiliarity,11,2026-07-03T05:20:00+00:00,2026-07-11T07:52:00+00:00,6410,500,0.4273586593101171,0.005335150701541496,0.6080218701209745,0.6090097233476679,0.0009878532266933693,0.5546666666666666,0.5794755131089817,0.7472300469483568
distanceFamiliarity,12,2026-07-11T08:01:00+00:00,2026-07-22T02:07:00+00:00,6910,500,0.4273586593101171,0.004236034496268922,0.619182764327878,0.6193987760615876,0.0002160117337095535,0.568,0.5903579704379576,0.7512371338083927
recent_best_speed_mps,1,2026-03-15T06:10:00+00:00,2026-03-27T00:36:00+00:00,1410,500,0.9820305727926911,0.07727443043880548,0.6300278256990635,0.6281527746578333,-0.0018750510412302024,0.5746666666666667,0.6047711490409109,0.7585066162570888
recent_best_speed_mps,2,2026-03-27T01:11:00+00:00,2026-04-04T06:44:00+00:00,1910,500,0.9820305727926911,0.0655783824601281,0.6261517043389135,0.6252731560523428,-0.0008785482865707461,0.5746666666666667,0.6000783617806831,0.7516809290953546
recent_best_speed_mps,3,2026-04-04T06:50:00+00:00,2026-04-17T01:25:00+00:00,2410,500,0.9820305727926911,0.06376895931007918,0.6280889408128764,0.6269963823171923,-0.001092558495684015,0.5693333333333334,0.6013410512052293,0.7679778113968734
recent_best_speed_mps,4,2026-04-17T01:44:00+00:00,2026-05-01T05:19:00+00:00,2910,500,0.9820305727926911,0.06518047950584545,0.6112771681162608,0.6088400864712421,-0.002437081645018657,0.5513333333333333,0.5826936792183016,0.75
recent_best_speed_mps,5,2026-05-01T05:26:00+00:00,2026-05-14T06:40:00+00:00,3410,500,0.9820305727926911,0.0634821782821305,0.5991614550260691,0.5971692729471749,-0.001992182078894178,0.536,0.5657097064929562,0.7509673852957435
recent_best_speed_mps,6,2026-05-14T06:52:00+00:00,2026-05-23T05:39:00+00:00,3910,500,0.9820305727926911,0.056500079011885314,0.6118636575634334,0.6095487174396372,-0.002314940123796183,0.5506666666666666,0.581441674643525,0.7554198617816908
recent_best_speed_mps,7,2026-05-23T05:41:00+00:00,2026-06-03T05:24:00+00:00,4410,500,0.9820305727926911,0.05454565761844243,0.6091878200109806,0.6103786550757432,0.0011908350647625854,0.5586666666666666,0.5802235085342049,0.7439577784354345
recent_best_speed_mps,8,2026-06-03T05:32:00+00:00,2026-06-13T04:10:01+00:00,4910,500,0.9820305727926911,0.04702189056816149,0.6168040043789969,0.6144145410975119,-0.002389463281484927,0.556,0.5838325915888652,0.7618255728011826
recent_best_speed_mps,9,2026-06-13T04:12:01+00:00,2026-06-22T05:30:00+00:00,5410,500,0.9820305727926911,0.045836526309931784,0.6051414175132467,0.6049160297040582,-0.0002253878091884598,0.5513333333333333,0.5732288509590899,0.7437686011904762
recent_best_speed_mps,10,2026-06-22T05:45:00+00:00,2026-07-03T05:16:00+00:00,5910,500,0.9820305727926911,0.042910213012152656,0.6023206162626358,0.6045351399594203,0.0022145236967845428,0.5513333333333333,0.5830062343829588,0.7324676587880556
recent_best_speed_mps,11,2026-07-03T05:20:00+00:00,2026-07-11T07:52:00+00:00,6410,500,0.9820305727926911,0.04547492942158161,0.6080218701209745,0.6089038847027988,0.000882014581824242,0.554,0.5793526280130726,0.748262910798122
recent_best_speed_mps,12,2026-07-11T08:01:00+00:00,2026-07-22T02:07:00+00:00,6910,500,0.9820305727926911,0.050362518797263674,0.619182764327878,0.6204426998357562,0.0012599355078781738,0.568,0.5929501342598894,0.7528206650831354
recent_avg_speed_mps,1,2026-03-15T06:10:00+00:00,2026-03-27T00:36:00+00:00,1410,500,0.9820305727926911,0.0339884511958219,0.6300278256990635,0.6270500899292673,-0.002977735769796208,0.5733333333333334,0.6037097064929565,0.7578239865574459
recent_avg_speed_mps,2,2026-03-27T01:11:00+00:00,2026-04-04T06:44:00+00:00,1910,500,0.9820305727926911,0.03568271718971095,0.6261517043389135,0.6255230714984532,-0.0006286328404603303,0.5746666666666667,0.6006705256026149,0.7520884270578647
recent_avg_speed_mps,3,2026-04-04T06:50:00+00:00,2026-04-17T01:25:00+00:00,2410,500,0.9820305727926911,0.047587487701880524,0.6280889408128764,0.6273368158591506,-0.0007521249537257857,0.57,0.6012181661093206,0.7681290973272819
recent_avg_speed_mps,4,2026-04-17T01:44:00+00:00,2026-05-01T05:19:00+00:00,2910,500,0.9820305727926911,0.04505362175692869,0.6112771681162608,0.6061324740006288,-0.005144694115632009,0.548,0.5795316132320513,0.7489982827704637
recent_avg_speed_mps,5,2026-05-01T05:26:00+00:00,2026-05-14T06:40:00+00:00,3410,500,0.9820305727926911,0.04726845507475359,0.5991614550260691,0.5977514640826551,-0.0014099909434139857,0.5373333333333333,0.5654639363011383,0.7508752533628156
recent_avg_speed_mps,6,2026-05-14T06:52:00+00:00,2026-05-23T05:39:00+00:00,3910,500,0.9820305727926911,0.042368993467256616,0.6118636575634334,0.6101058742886144,-0.0017577832748190136,0.5513333333333333,0.581910953369548,0.7558458771182429
recent_avg_speed_mps,7,2026-05-23T05:41:00+00:00,2026-06-03T05:24:00+00:00,4410,500,0.9820305727926911,0.04917036942028407,0.6091878200109806,0.6111870907786177,0.0019992707676370625,0.56,0.5809385574520456,0.7438098056624248
recent_avg_speed_mps,8,2026-06-03T05:32:00+00:00,2026-06-13T04:10:01+00:00,4910,500,0.9820305727926911,0.046209498275395416,0.6168040043789969,0.612744721089439,-0.004059283289557847,0.5533333333333333,0.5823018703148881,0.762010347376201
recent_avg_speed_mps,9,2026-06-13T04:12:01+00:00,2026-06-22T05:30:00+00:00,5410,500,0.9820305727926911,0.04965380032971873,0.6051414175132467,0.6050968189085348,-4.459860471184296e-05,0.552,0.573083704205568,0.7433035714285714
recent_avg_speed_mps,10,2026-06-22T05:45:00+00:00,2026-07-03T05:16:00+00:00,5910,500,0.9820305727926911,0.04539537639611381,0.6023206162626358,0.6024987904834783,0.00017817422084254186,0.548,0.5815761365472776,0.7324190253866355
recent_avg_speed_mps,11,2026-07-03T05:20:00+00:00,2026-07-11T07:52:00+00:00,6410,500,0.9820305727926911,0.0480614197868542,0.6080218701209745,0.6100174825483724,0.001995612427397875,0.5553333333333333,0.5809056109446631,0.7484976525821596
recent_avg_speed_mps,12,2026-07-11T08:01:00+00:00,2026-07-22T02:07:00+00:00,6910,500,0.9820305727926911,0.05401357612519827,0.619182764327878,0.6195534864916945,0.0003707221638165059,0.5673333333333334,0.591765806616026,0.7517814726840855
recent_best_similar_distance_speed_mps,1,2026-03-15T06:10:00+00:00,2026-03-27T00:36:00+00:00,1410,500,0.9106619518705541,0.08125494564775505,0.6300278256990635,0.6279664503485525,-0.0020613753505109855,0.5746666666666667,0.6040783617806834,0.7584541062801933
recent_best_similar_distance_speed_mps,2,2026-03-27T01:11:00+00:00,2026-04-04T06:44:00+00:00,1910,500,0.9106619518705541,0.07554765739254479,0.6261517043389135,0.626311997734863,0.00016029339594947345,0.576,0.6013633128628424,0.7518846780766096
recent_best_similar_distance_speed_mps,3,2026-04-04T06:50:00+00:00,2026-04-17T01:25:00+00:00,2410,500,0.9106619518705541,0.07877371472173883,0.6280889408128764,0.6249990974304224,-0.003089843382453994,0.5666666666666667,0.599441674643525,0.767221381744831
recent_best_similar_distance_speed_mps,4,2026-04-17T01:44:00+00:00,2026-05-01T05:19:00+00:00,2910,500,0.9106619518705541,0.07618447769962532,0.6112771681162608,0.608013453643979,-0.003263714472281798,0.55,0.58210151539637,0.7499522991795459
recent_best_similar_distance_speed_mps,5,2026-05-01T05:26:00+00:00,2026-05-14T06:40:00+00:00,3410,500,0.9106619518705541,0.07148662327792334,0.5991614550260691,0.5983177314544711,-0.0008437235715980096,0.538,0.5666260022873886,0.7506449235304957
recent_best_similar_distance_speed_mps,6,2026-05-14T06:52:00+00:00,2026-05-23T05:39:00+00:00,3910,500,0.9106619518705541,0.06859800596246486,0.6118636575634334,0.6116997589530693,-0.00016389861036414377,0.5533333333333333,0.5837658066160258,0.7563665625295845
recent_best_similar_distance_speed_mps,7,2026-05-23T05:41:00+00:00,2026-06-03T05:24:00+00:00,4410,500,0.9106619518705541,0.06915766140375626,0.6091878200109806,0.6106256709581541,0.0014378509471735246,0.5593333333333333,0.580223508534205,0.7436125086317451
recent_best_similar_distance_speed_mps,8,2026-06-03T05:32:00+00:00,2026-06-13T04:10:01+00:00,4910,500,0.9106619518705541,0.06060951422015107,0.6168040043789969,0.6154179179044958,-0.0013860864745010026,0.5573333333333333,0.5849946575751156,0.762010347376201
recent_best_similar_distance_speed_mps,9,2026-06-13T04:12:01+00:00,2026-06-22T05:30:00+00:00,5410,500,0.9106619518705541,0.05836190178363229,0.6051414175132467,0.6064498446951716,0.0013084271819249205,0.5533333333333333,0.5747595722330672,0.7443731398809523
recent_best_similar_distance_speed_mps,10,2026-06-22T05:45:00+00:00,2026-07-03T05:16:00+00:00,5910,500,0.9106619518705541,0.05730048091531449,0.6023206162626358,0.6029242248511818,0.000603608588546023,0.5493333333333333,0.5806598407528449,0.7323703919852155
recent_best_similar_distance_speed_mps,11,2026-07-03T05:20:00+00:00,2026-07-11T07:52:00+00:00,6410,500,0.9106619518705541,0.0572175186221443,0.6080218701209745,0.6091623055072924,0.0011404353863179173,0.5546666666666666,0.5794755131089818,0.7478403755868545
recent_best_similar_distance_speed_mps,12,2026-07-11T08:01:00+00:00,2026-07-22T02:07:00+00:00,6910,500,0.9106619518705541,0.06102505740050384,0.619182764327878,0.6205668254409424,0.0013840611130644387,0.568,0.5933971513282991,0.7528701504354711
recent_avg_similar_distance_speed_mps,1,2026-03-15T06:10:00+00:00,2026-03-27T00:36:00+00:00,1410,500,0.9106619518705541,0.04380353151689429,0.6300278256990635,0.6283083776931369,-0.0017194480059266048,0.5746666666666667,0.6053410512052297,0.7585591262339845
recent_avg_similar_distance_speed_mps,2,2026-03-27T01:11:00+00:00,2026-04-04T06:44:00+00:00,1910,500,0.9106619518705541,0.059247590684798186,0.6261517043389135,0.6267756978241134,0.0006239934851998141,0.5766666666666667,0.6017319681505693,0.7520374898125509
recent_avg_similar_distance_speed_mps,3,2026-04-04T06:50:00+00:00,2026-04-17T01:25:00+00:00,2410,500,0.9106619518705541,0.06151629437917965,0.6280889408128764,0.6251032983529868,-0.002985642459889526,0.5673333333333334,0.5986260022873886,0.767120524457892
recent_avg_similar_distance_speed_mps,4,2026-04-17T01:44:00+00:00,2026-05-01T05:19:00+00:00,2910,500,0.9106619518705541,0.0574900661383342,0.6112771681162608,0.6073198691057888,-0.003957299010471926,0.5493333333333333,0.5811852196019377,0.7494275901545506
recent_avg_similar_distance_speed_mps,5,2026-05-01T05:26:00+00:00,2026-05-14T06:40:00+00:00,3410,500,0.9106619518705541,0.05114518035850564,0.5991614550260691,0.5991264561104042,-3.4998915664941066e-05,0.5393333333333333,0.5668717724792066,0.7509673852957435
recent_avg_similar_distance_speed_mps,6,2026-05-14T06:52:00+00:00,2026-05-23T05:39:00+00:00,3910,500,0.9106619518705541,0.049323237507795,0.6118636575634334,0.611643881819518,-0.00021977574391540688,0.5533333333333333,0.583542298081821,0.7563665625295845
recent_avg_similar_distance_speed_mps,7,2026-05-23T05:41:00+00:00,2026-06-03T05:24:00+00:00,4410,500,0.9106619518705541,0.0560859381770181,0.6091878200109806,0.6088603330486566,-0.0003274869623239862,0.5566666666666666,0.5786927872602278,0.7434152116010654
recent_avg_similar_distance_speed_mps,8,2026-06-03T05:32:00+00:00,2026-06-13T04:10:01+00:00,4910,500,0.9106619518705541,0.0497677779313009,0.6168040043789969,0.6162706769154682,-0.0005333274635286323,0.558,0.5860561001230702,0.7630266075388027
recent_avg_similar_distance_speed_mps,9,2026-06-13T04:12:01+00:00,2026-06-22T05:30:00+00:00,5410,500,0.9106619518705541,0.05143975126646529,0.6051414175132467,0.6079109341084008,0.00276951659515412,0.556,0.5759216382193175,0.7437220982142857
recent_avg_similar_distance_speed_mps,10,2026-06-22T05:45:00+00:00,2026-07-03T05:16:00+00:00,5910,500,0.9106619518705541,0.052370520891741025,0.6023206162626358,0.60248106671872,0.00016045045608426012,0.548,0.5815538748896645,0.7323703919852155
recent_avg_similar_distance_speed_mps,11,2026-07-03T05:20:00+00:00,2026-07-11T07:52:00+00:00,6410,500,0.9106619518705541,0.053058952335114755,0.6080218701209745,0.6091812384815547,0.0011593683605801708,0.5546666666666666,0.5800676769309135,0.7473239436619719
recent_avg_similar_distance_speed_mps,12,2026-07-11T08:01:00+00:00,2026-07-22T02:07:00+00:00,6910,500,0.9106619518705541,0.05770588232539,0.619182764327878,0.6195103948386924,0.00032763051081441397,0.5673333333333334,0.5912965278900032,0.7520783847980997
recent_weighted_avg_place,1,2026-03-15T06:10:00+00:00,2026-03-27T00:36:00+00:00,1410,500,0.9820305727926911,-0.23215812246946774,0.6300278256990635,0.6258180571538454,-0.00420976854521804,0.572,0.6020783617806832,0.7571938668346986
recent_weighted_avg_place,2,2026-03-27T01:11:00+00:00,2026-04-04T06:44:00+00:00,1910,500,0.9820305727926911,-0.22613060273847305,0.6261517043389135,0.6251657283774181,-0.0009859759614954111,0.5753333333333334,0.6003018703148882,0.7496943765281173
recent_weighted_avg_place,3,2026-04-04T06:50:00+00:00,2026-04-17T01:25:00+00:00,2410,500,0.9820305727926911,-0.21386811949460974,0.6280889408128764,0.6277788156075215,-0.0003101252053548942,0.5713333333333334,0.6019332150271609,0.7665153807362582
recent_weighted_avg_place,4,2026-04-17T01:44:00+00:00,2026-05-01T05:19:00+00:00,2910,500,0.9820305727926911,-0.20823530363458062,0.6112771681162608,0.6092436655859097,-0.002033502530351061,0.552,0.5825930557800056,0.7503816065636328
recent_weighted_avg_place,5,2026-05-01T05:26:00+00:00,2026-05-14T06:40:00+00:00,3410,500,0.9820305727926911,-0.20162865805275124,0.5991614550260691,0.5972883903919485,-0.0018730646341206247,0.538,0.5649501342598889,0.7482034273079049
recent_weighted_avg_place,6,2026-05-14T06:52:00+00:00,2026-05-23T05:39:00+00:00,3910,500,0.9820305727926911,-0.19867157770961164,0.6118636575634334,0.6059353445994745,-0.005928312963958904,0.5473333333333333,0.575642921520117,0.7534317902111143
recent_weighted_avg_place,7,2026-05-23T05:41:00+00:00,2026-06-03T05:24:00+00:00,4410,500,0.9820305727926911,-0.19794459376584497,0.6091878200109806,0.6070527402156005,-0.0021350797953800793,0.5553333333333333,0.5750169192327284,0.7425273749630068
recent_weighted_avg_place,8,2026-06-03T05:32:00+00:00,2026-06-13T04:10:01+00:00,4910,500,0.9820305727926911,-0.1907799704991517,0.6168040043789969,0.6143016925266997,-0.002502311852297101,0.5566666666666666,0.5819554766847742,0.7619179600886918
recent_weighted_avg_place,9,2026-06-13T04:12:01+00:00,2026-06-22T05:30:00+00:00,5410,500,0.9820305727926911,-0.19266029793370432,0.6051414175132467,0.6056344130450202,0.0004929955317735102,0.5533333333333333,0.5737764914657952,0.7420944940476191
recent_weighted_avg_place,10,2026-06-22T05:45:00+00:00,2026-07-03T05:16:00+00:00,5910,500,0.9820305727926911,-0.18668521715618253,0.6023206162626358,0.6030630193386713,0.0007424030760355693,0.5493333333333333,0.5829171877525066,0.7306682229355121
recent_weighted_avg_place,11,2026-07-03T05:20:00+00:00,2026-07-11T07:52:00+00:00,6410,500,0.9820305727926911,-0.18257646849094386,0.6080218701209745,0.6062883061787381,-0.001733563942236449,0.5513333333333333,0.5749278726022764,0.7475586854460093
recent_weighted_avg_place,12,2026-07-11T08:01:00+00:00,2026-07-22T02:07:00+00:00,6910,500,0.9820305727926911,-0.1834911590646137,0.619182764327878,0.6154218631269539,-0.003760901200924094,0.562,0.5869946575751155,0.7506927949326999
recent_weighted_avg_margin,1,2026-03-15T06:10:00+00:00,2026-03-27T00:36:00+00:00,1410,500,0.9820305727926911,-0.2570548460492526,0.6300278256990635,0.6264975662729553,-0.0035302594261081843,0.5733333333333334,0.6032849510821595,0.7560386473429952
recent_weighted_avg_margin,2,2026-03-27T01:11:00+00:00,2026-04-04T06:44:00+00:00,1910,500,0.9820305727926911,-0.256857336270203,0.6261517043389135,0.621912318655656,-0.004239385683257546,0.5713333333333334,0.5976313447122736,0.7473512632436837
recent_weighted_avg_margin,3,2026-04-04T06:50:00+00:00,2026-04-17T01:25:00+00:00,2410,500,0.9820305727926911,-0.2395662380439159,0.6280889408128764,0.6248208687339536,-0.003268072078922768,0.5693333333333334,0.5958664300543218,0.764750378214826
recent_weighted_avg_margin,4,2026-04-17T01:44:00+00:00,2026-05-01T05:19:00+00:00,2910,500,0.9820305727926911,-0.23834448132053906,0.6112771681162608,0.6062531434236411,-0.005024024692619644,0.55,0.5766821024104584,0.7483304712841061
recent_weighted_avg_margin,5,2026-05-01T05:26:00+00:00,2026-05-14T06:40:00+00:00,3410,500,0.9820305727926911,-0.23485271834754837,0.5991614550260691,0.5957625896088441,-0.0033988654172250055,0.5366666666666666,0.5628495108215933,0.7468675142804496
recent_weighted_avg_margin,6,2026-05-14T06:52:00+00:00,2026-05-23T05:39:00+00:00,3910,500,0.9820305727926911,-0.2346484870627176,0.6118636575634334,0.6066871452089887,-0.005176512354444718,0.5473333333333333,0.5774194129859122,0.754662501183376
recent_weighted_avg_margin,7,2026-05-23T05:41:00+00:00,2026-06-03T05:24:00+00:00,4410,500,0.9820305727926911,-0.23341258969939435,0.6091878200109806,0.6049041518476829,-0.004283668163297727,0.5526666666666666,0.573284951082159,0.7409983229752393
recent_weighted_avg_margin,8,2026-06-03T05:32:00+00:00,2026-06-13T04:10:01+00:00,4910,500,0.9820305727926911,-0.22849635536978044,0.6168040043789969,0.6140032342166051,-0.0028007701623917747,0.5573333333333333,0.5801674084111356,0.7611788617886179
recent_weighted_avg_margin,9,2026-06-13T04:12:01+00:00,2026-06-22T05:30:00+00:00,5410,500,0.9820305727926911,-0.2302133415881411,0.6051414175132467,0.6033553996889677,-0.001786017824279007,0.5506666666666666,0.5695752445892042,0.7425130208333334
recent_weighted_avg_margin,10,2026-06-22T05:45:00+00:00,2026-07-03T05:16:00+00:00,5910,500,0.9820305727926911,-0.22645201669885934,0.6023206162626358,0.6059584911232992,0.0036378748606634703,0.5533333333333333,0.5850400728484154,0.732127224978115
recent_weighted_avg_margin,11,2026-07-03T05:20:00+00:00,2026-07-11T07:52:00+00:00,6410,500,0.9820305727926911,-0.22177238492863774,0.6080218701209745,0.6036785920663975,-0.0043432780545770155,0.5486666666666666,0.5732965278900033,0.7440845070422535
recent_weighted_avg_margin,12,2026-07-11T08:01:00+00:00,2026-07-22T02:07:00+00:00,6910,500,0.9820305727926911,-0.21609186047263093,0.619182764327878,0.6216203580049955,0.002437593677117489,0.5706666666666667,0.5928717724792062,0.7522763262074426
recent_weighted_win_rate,1,2026-03-15T06:10:00+00:00,2026-03-27T00:36:00+00:00,1410,500,0.9820305727926911,0.11230904116032706,0.6300278256990635,0.6276926998652338,-0.0023351258338296654,0.5746666666666667,0.6035084596163647,0.7579290065112372
recent_weighted_win_rate,2,2026-03-27T01:11:00+00:00,2026-04-04T06:44:00+00:00,1910,500,0.9820305727926911,0.1101628062830795,0.6261517043389135,0.6261671495297917,1.544519087814944e-05,0.576,0.601955476684774,0.7507131214343928
recent_weighted_win_rate,3,2026-04-04T06:50:00+00:00,2026-04-17T01:25:00+00:00,2410,500,0.9820305727926911,0.10510049608520326,0.6280889408128764,0.6289218794724574,0.0008329386595810062,0.572,0.6037097064929562,0.7679778113968734
recent_weighted_win_rate,4,2026-04-17T01:44:00+00:00,2026-05-01T05:19:00+00:00,2910,500,0.9820305727926911,0.09732220472594369,0.6112771681162608,0.6080492292593196,-0.0032279388569411704,0.55,0.5821015153963701,0.7500954016409083
recent_weighted_win_rate,5,2026-05-01T05:26:00+00:00,2026-05-14T06:40:00+00:00,3410,500,0.9820305727926911,0.0891539743003551,0.5991614550260691,0.5992371479021629,7.569287609376918e-05,0.54,0.5669946575751154,0.749953934033536
recent_weighted_win_rate,6,2026-05-14T06:52:00+00:00,2026-05-23T05:39:00+00:00,3910,500,0.9820305727926911,0.09570786331091169,0.6118636575634334,0.6103536271264003,-0.0015100304370331274,0.552,0.5810952810134113,0.7563192274921897
recent_weighted_win_rate,7,2026-05-23T05:41:00+00:00,2026-06-03T05:24:00+00:00,4410,500,0.9820305727926911,0.0925671116863823,0.6091878200109806,0.6078791942614643,-0.00130862574951629,0.5553333333333333,0.5773855745204554,0.7434645358587353
recent_weighted_win_rate,8,2026-06-03T05:32:00+00:00,2026-06-13T04:10:01+00:00,4910,500,0.9820305727926911,0.09089298606709398,0.6168040043789969,0.6143777366062996,-0.002426267772697277,0.5553333333333333,0.584279608657275,0.7625646711012565
recent_weighted_win_rate,9,2026-06-13T04:12:01+00:00,2026-06-22T05:30:00+00:00,5410,500,0.9820305727926911,0.08936227066248964,0.6051414175132467,0.6069657490009226,0.001824331487675912,0.554,0.5756758680274995,0.7441871279761905
recent_weighted_win_rate,10,2026-06-22T05:45:00+00:00,2026-07-03T05:16:00+00:00,5910,500,0.9820305727926911,0.08914418808673379,0.6023206162626358,0.6031662963090088,0.0008456800463729763,0.5493333333333333,0.5816767599855732,0.7323217585837953
recent_weighted_win_rate,11,2026-07-03T05:20:00+00:00,2026-07-11T07:52:00+00:00,6410,500,0.9820305727926911,0.08645748513080274,0.6080218701209745,0.609659906878939,0.0016380367579644783,0.5553333333333333,0.5799447918350047,0.7480281690140845
recent_weighted_win_rate,12,2026-07-11T08:01:00+00:00,2026-07-22T02:07:00+00:00,6910,500,0.9820305727926911,0.08693782106776246,0.619182764327878,0.6184528601762216,-0.0007299041516564131,0.5673333333333334,0.5884024937531839,0.7507422802850356
recent_weighted_top3_rate,1,2026-03-15T06:10:00+00:00,2026-03-27T00:36:00+00:00,1410,500,0.9820305727926911,0.1942777596989558,0.6300278256990635,0.6281598475309522,-0.0018679781681112395,0.5753333333333334,0.6042012468765922,0.7577714765805503
recent_weighted_top3_rate,2,2026-03-27T01:11:00+00:00,2026-04-04T06:44:00+00:00,1910,500,0.9820305727926911,0.19417667304276737,0.6261517043389135,0.6261055755566395,-4.612878227405748e-05,0.5766666666666667,0.6028717724792065,0.748217196414018
recent_weighted_top3_rate,3,2026-04-04T06:50:00+00:00,2026-04-17T01:25:00+00:00,2410,500,0.9820305727926911,0.18085584332393267,0.6280889408128764,0.6254302586607906,-0.002658682152085756,0.568,0.5996090830546603,0.7661119515885023
recent_weighted_top3_rate,4,2026-04-17T01:44:00+00:00,2026-05-01T05:19:00+00:00,2910,500,0.9820305727926911,0.17048760259388437,0.6112771681162608,0.6061161213744346,-0.0051610467418261585,0.548,0.5790845961636418,0.7493798893340965
recent_weighted_top3_rate,5,2026-05-01T05:26:00+00:00,2026-05-14T06:40:00+00:00,3410,500,0.9820305727926911,0.17013275019469748,0.5991614550260691,0.59667949959173,-0.002481955434339156,0.5373333333333333,0.563709706492956,0.7483416252072969
recent_weighted_top3_rate,6,2026-05-14T06:52:00+00:00,2026-05-23T05:39:00+00:00,3910,500,0.9820305727926911,0.16411200842310758,0.6118636575634334,0.6071357092218717,-0.004727948341561761,0.5486666666666666,0.5779670534926175,0.7532424500615356
recent_weighted_top3_rate,7,2026-05-23T05:41:00+00:00,2026-06-03T05:24:00+00:00,4410,500,0.9820305727926911,0.16388182996974773,0.6091878200109806,0.6069852612499947,-0.002202558760985851,0.5546666666666666,0.5761789852189787,0.742428726447667
recent_weighted_top3_rate,8,2026-06-03T05:32:00+00:00,2026-06-13T04:10:01+00:00,4910,500,0.9820305727926911,0.15938557157859032,0.6168040043789969,0.6147743774087295,-0.0020296269702673175,0.556,0.5843018703148883,0.7627956393200296
recent_weighted_top3_rate,9,2026-06-13T04:12:01+00:00,2026-06-22T05:30:00+00:00,5410,500,0.9820305727926911,0.158463558305788,0.6051414175132467,0.606879963126258,0.0017385456130113441,0.5553333333333333,0.5739216382193175,0.7429315476190477
recent_weighted_top3_rate,10,2026-06-22T05:45:00+00:00,2026-07-03T05:16:00+00:00,5910,500,0.9820305727926911,0.15716656014298985,0.6023206162626358,0.6053506187127089,0.0030300024500731215,0.5526666666666666,0.5846714175606886,0.7313977239568136
recent_weighted_top3_rate,11,2026-07-03T05:20:00+00:00,2026-07-11T07:52:00+00:00,6410,500,0.9820305727926911,0.1542736028013845,0.6080218701209745,0.6060373373118703,-0.001984532809104267,0.5513333333333333,0.5750507576981851,0.7464319248826291
recent_weighted_top3_rate,12,2026-07-11T08:01:00+00:00,2026-07-22T02:07:00+00:00,6910,500,0.9820305727926911,0.15545642168948806,0.619182764327878,0.6196963771342985,0.0005136128064204826,0.5673333333333334,0.5917435449584129,0.752375296912114
recent_finish_percentile_weighted,1,2026-03-15T06:10:00+00:00,2026-03-27T00:36:00+00:00,1410,500,0.9509486921944441,0.24411892841871,0.6300278256990635,0.6248732434883647,-0.005154582210698755,0.5706666666666667,0.6019109533695479,0.7562486872505776
recent_finish_percentile_weighted,2,2026-03-27T01:11:00+00:00,2026-04-04T06:44:00+00:00,1910,500,0.9509486921944441,0.24121013641198533,0.6261517043389135,0.6256267175871186,-0.0005249867517949092,0.576,0.6002012468765922,0.7503056234718827
recent_finish_percentile_weighted,3,2026-04-04T06:50:00+00:00,2026-04-17T01:25:00+00:00,2410,500,0.9509486921944441,0.22938280557660043,0.6280889408128764,0.628335734200842,0.000246793387965627,0.5713333333333334,0.6027488873832975,0.7679273827534039
recent_finish_percentile_weighted,4,2026-04-17T01:44:00+00:00,2026-05-01T05:19:00+00:00,2910,500,0.9509486921944441,0.22371830891149558,0.6112771681162608,0.6049078274731013,-0.006369340643159416,0.546,0.5790623345060286,0.7485689753863767
recent_finish_percentile_weighted,5,2026-05-01T05:26:00+00:00,2026-05-14T06:40:00+00:00,3410,500,0.9509486921944441,0.21064817257848256,0.5991614550260691,0.5975550048383034,-0.001606450187765729,0.5393333333333333,0.5645476405067054,0.7470057121798416
recent_finish_percentile_weighted,6,2026-05-14T06:52:00+00:00,2026-05-23T05:39:00+00:00,3910,500,0.9509486921944441,0.2028077146177992,0.6118636575634334,0.6090136865904869,-0.0028499709729464806,0.5506666666666666,0.5800115768078439,0.7547098362207706
recent_finish_percentile_weighted,7,2026-05-23T05:41:00+00:00,2026-06-03T05:24:00+00:00,4410,500,0.9509486921944441,0.20154892270662422,0.6091878200109806,0.6028680242517399,-0.006319795759240687,0.55,0.5718548532464782,0.7396172437604814
recent_finish_percentile_weighted,8,2026-06-03T05:32:00+00:00,2026-06-13T04:10:01+00:00,4910,500,0.9509486921944441,0.19392991007664923,0.6168040043789969,0.6144218712123575,-0.0023821331666393775,0.5553333333333333,0.5841789852189793,0.7628418329637842
recent_finish_percentile_weighted,9,2026-06-13T04:12:01+00:00,2026-06-22T05:30:00+00:00,5410,500,0.9509486921944441,0.20136680456193,0.6051414175132467,0.6013475826878775,-0.0037938348253692133,0.5466666666666666,0.5697764914657957,0.7422805059523809
recent_finish_percentile_weighted,10,2026-06-22T05:45:00+00:00,2026-07-03T05:16:00+00:00,5910,500,0.9509486921944441,0.19809073066624683,0.6023206162626358,0.6042448065853788,0.0019241903227430468,0.5506666666666666,0.5839563686428481,0.7316895243653341
recent_finish_percentile_weighted,11,2026-07-03T05:20:00+00:00,2026-07-11T07:52:00+00:00,6410,500,0.9509486921944441,0.19593337682849093,0.6080218701209745,0.6087812044489421,0.0007593343279675979,0.5546666666666666,0.5789839727253461,0.7468075117370891
recent_finish_percentile_weighted,12,2026-07-11T08:01:00+00:00,2026-07-22T02:07:00+00:00,6910,500,0.9509486921944441,0.19615344259490175,0.619182764327878,0.6129520309322323,-0.006230733395645727,0.5593333333333333,0.5832404277669337,0.7499010292953285
recent_avg_weight_kg,1,2026-03-15T06:10:00+00:00,2026-03-27T00:36:00+00:00,1410,500,0.9509624513270684,-0.020488215210663362,0.6300278256990635,0.6281579206355691,-0.0018699050634943815,0.5753333333333334,0.604771149040911,0.7571938668346986
recent_avg_weight_kg,2,2026-03-27T01:11:00+00:00,2026-04-04T06:44:00+00:00,1910,500,0.9509624513270684,-0.01602513145662394,0.6261517043389135,0.6273212255404338,0.0011695212015202516,0.5773333333333334,0.6030391808903415,0.751579054604727
recent_avg_weight_kg,3,2026-04-04T06:50:00+00:00,2026-04-17T01:25:00+00:00,2410,500,0.9509624513270684,-0.012792004232935366,0.6280889408128764,0.6277732684567399,-0.00031567235613649824,0.5706666666666667,0.6019332150271612,0.7678265254664649
recent_avg_weight_kg,4,2026-04-17T01:44:00+00:00,2026-05-01T05:19:00+00:00,2910,500,0.9509624513270684,-0.0035843226017659123,0.6112771681162608,0.6107160662836661,-0.0005611018325946127,0.554,0.5848165643142106,0.7500477008204541
recent_avg_weight_kg,5,2026-05-01T05:26:00+00:00,2026-05-14T06:40:00+00:00,3410,500,0.9509624513270684,-0.00419070309181862,0.5991614550260691,0.597049153576793,-0.0021123014492760994,0.5366666666666666,0.5647711490409106,0.750092131932928
recent_avg_weight_kg,6,2026-05-14T06:52:00+00:00,2026-05-23T05:39:00+00:00,3910,500,0.9509624513270684,-0.007326874138297761,0.6118636575634334,0.6110592953597558,-0.0008043622036776332,0.5526666666666666,0.5827266257256843,0.7561772223800057
recent_avg_weight_kg,7,2026-05-23T05:41:00+00:00,2026-06-03T05:24:00+00:00,4410,500,0.9509624513270684,-0.002917425117497408,0.6091878200109806,0.6092553217040774,6.750169309677201e-05,0.5573333333333333,0.5786927872602277,0.743661832889415
recent_avg_weight_kg,8,2026-06-03T05:32:00+00:00,2026-06-13T04:10:01+00:00,4910,500,0.9509624513270684,-0.0014930419803149309,0.6168040043789969,0.6144473214091859,-0.0023566829698109526,0.556,0.58405610012307,0.7617331855136733
recent_avg_weight_kg,9,2026-06-13T04:12:01+00:00,2026-06-22T05:30:00+00:00,5410,500,0.9509624513270684,0.00273600031821626,0.6051414175132467,0.6043064250155099,-0.0008349924977367751,0.5506666666666666,0.572960819109659,0.7429315476190477
recent_avg_weight_kg,10,2026-06-22T05:45:00+00:00,2026-07-03T05:16:00+00:00,5910,500,0.9509624513270684,0.012137422215149624,0.6023206162626358,0.6031185020664527,0.0007978858038169001,0.5493333333333333,0.581777383423869,0.7320299581752748
recent_avg_weight_kg,11,2026-07-03T05:20:00+00:00,2026-07-11T07:52:00+00:00,6410,500,0.9509624513270684,0.011542285176814866,0.6080218701209745,0.6084549216348916,0.00043305151391703767,0.5546666666666666,0.5773971513282989,0.7470892018779343
recent_avg_weight_kg,12,2026-07-11T08:01:00+00:00,2026-07-22T02:07:00+00:00,6910,500,0.9509624513270684,0.015278328024672,0.619182764327878,0.6193915559954417,0.00020879166756371248,0.568,0.5906260022873886,0.7509402216943785
recent_weighted_avg_weight_kg,1,2026-03-15T06:10:00+00:00,2026-03-27T00:36:00+00:00,1410,500,0.9509624513270684,-0.010143091502089419,0.6300278256990635,0.6287398485926471,-0.0012879771064163714,0.576,0.6052404277669338,0.7577189666036547
recent_weighted_avg_weight_kg,2,2026-03-27T01:11:00+00:00,2026-04-04T06:44:00+00:00,1910,500,0.9509624513270684,-0.005533500503341578,0.6261517043389135,0.6267529400810062,0.0006012357420926984,0.5766666666666667,0.6022012468765919,0.7514771801140995
recent_weighted_avg_weight_kg,3,2026-04-04T06:50:00+00:00,2026-04-17T01:25:00+00:00,2410,500,0.9509624513270684,-0.00297068408924679,0.6280889408128764,0.627998662558131,-9.027825474539064e-05,0.5706666666666667,0.6020783617806834,0.7685829551185073
recent_weighted_avg_weight_kg,4,2026-04-17T01:44:00+00:00,2026-05-01T05:19:00+00:00,2910,500,0.9509624513270684,0.0053510890150510314,0.6112771681162608,0.6102617802240534,-0.0010153878922073423,0.5533333333333333,0.583855745204552,0.7505247090249952
recent_weighted_avg_weight_kg,5,2026-05-01T05:26:00+00:00,2026-05-14T06:40:00+00:00,3410,500,0.9509624513270684,0.006381961711572645,0.5991614550260691,0.5980391808903416,-0.001122274135727519,0.538,0.566156723561366,0.75
recent_weighted_avg_weight_kg,6,2026-05-14T06:52:00+00:00,2026-05-23T05:39:00+00:00,3910,500,0.9509624513270684,0.004527982027129795,0.6118636575634334,0.6101129280438943,-0.0017507295195391404,0.5513333333333333,0.5820338384654569,0.7557512070434536
recent_weighted_avg_weight_kg,7,2026-05-23T05:41:00+00:00,2026-06-03T05:24:00+00:00,4410,500,0.9509624513270684,0.005987139092342627,0.6091878200109806,0.610947379731942,0.0017595597209614233,0.56,0.5800783617806831,0.7437111571470849
recent_weighted_avg_weight_kg,8,2026-06-03T05:32:00+00:00,2026-06-13T04:10:01+00:00,4910,500,0.9509624513270684,0.0071854661115492114,0.6168040043789969,0.6169310368993222,0.00012703252032530976,0.5586666666666666,0.5869946575751157,0.7633961566888396
recent_weighted_avg_weight_kg,9,2026-06-13T04:12:01+00:00,2026-06-22T05:30:00+00:00,5410,500,0.9509624513270684,0.008464098431327014,0.6051414175132467,0.6044301522418682,-0.0007112652713784362,0.5506666666666666,0.573083704205568,0.7433035714285714
recent_weighted_avg_weight_kg,10,2026-06-22T05:45:00+00:00,2026-07-03T05:16:00+00:00,5910,500,0.9509624513270684,0.015836101132346393,0.6023206162626358,0.6024784184268417,0.0001578021642059113,0.5486666666666666,0.5809394494101194,0.731640890963914
recent_weighted_avg_weight_kg,11,2026-07-03T05:20:00+00:00,2026-07-11T07:52:00+00:00,6410,500,0.9509624513270684,0.01580745779181217,0.6080218701209745,0.6090273843248647,0.0010055142038901677,0.5553333333333333,0.5782128236844354,0.7472300469483568
recent_weighted_avg_weight_kg,12,2026-07-11T08:01:00+00:00,2026-07-22T02:07:00+00:00,6910,500,0.9509624513270684,0.019752788062297622,0.619182764327878,0.619657054040546,0.0004742897126680523,0.5686666666666667,0.5905031171914796,0.7507917656373714
recent_min_weight_kg,1,2026-03-15T06:10:00+00:00,2026-03-27T00:36:00+00:00,1410,500,0.9509624513270684,-0.011712210758360424,0.6300278256990635,0.6293078212889918,-0.0007200044100716951,0.5766666666666667,0.6061789852189793,0.7577189666036547
recent_min_weight_kg,2,2026-03-27T01:11:00+00:00,2026-04-04T06:44:00+00:00,1910,500,0.9509624513270684,-0.006456269477803323,0.6261517043389135,0.6263891982367785,0.0002374938978649821,0.576,0.6019777383423871,0.751579054604727
recent_min_weight_kg,3,2026-04-04T06:50:00+00:00,2026-04-17T01:25:00+00:00,2410,500,0.9509624513270684,-0.012394634909346456,0.6280889408128764,0.6272562360019385,-0.0008327048109378898,0.5693333333333334,0.602279608657275,0.7680786686838124
recent_min_weight_kg,4,2026-04-17T01:44:00+00:00,2026-05-01T05:19:00+00:00,2910,500,0.9509624513270684,-0.006437960839939938,0.6112771681162608,0.6093622907167623,-0.0019148773994984714,0.552,0.5831629579443244,0.7502862049227247
recent_min_weight_kg,5,2026-05-01T05:26:00+00:00,2026-05-14T06:40:00+00:00,3410,500,0.9509624513270684,-0.007244026077126441,0.5991614550260691,0.5985585153030633,-0.0006029397230058464,0.5386666666666666,0.5663018703148879,0.7505988575640317
recent_min_weight_kg,6,2026-05-14T06:52:00+00:00,2026-05-23T05:39:00+00:00,3910,500,0.9509624513270684,-0.009683450050554435,0.6118636575634334,0.6103082508587778,-0.001555406704655593,0.552,0.5817658066160257,0.7554671968190855
recent_min_weight_kg,7,2026-05-23T05:41:00+00:00,2026-06-03T05:24:00+00:00,4410,500,0.9509624513270684,0.0024648642255117484,0.6091878200109806,0.612101647151718,0.0029138271407374017,0.5613333333333334,0.5814861979587511,0.7442537239814541
recent_min_weight_kg,8,2026-06-03T05:32:00+00:00,2026-06-13T04:10:01+00:00,4910,500,0.9509624513270684,0.0024705708368454454,0.6168040043789969,0.616424506750932,-0.0003794976280648843,0.558,0.5863018703148882,0.7633961566888396
recent_min_weight_kg,9,2026-06-13T04:12:01+00:00,2026-06-22T05:30:00+00:00,5410,500,0.9509624513270684,0.008605546577727137,0.6051414175132467,0.6048598053552989,-0.00028161215794775263,0.5513333333333333,0.573329474397386,0.7434430803571429
recent_min_weight_kg,10,2026-06-22T05:45:00+00:00,2026-07-03T05:16:00+00:00,5910,500,0.9509624513270684,0.01749289616780423,0.6023206162626358,0.6022792893809085,-4.132688172731047e-05,0.548,0.5813303663554594,0.7317867911681744
recent_min_weight_kg,11,2026-07-03T05:20:00+00:00,2026-07-11T07:52:00+00:00,6410,500,0.9509624513270684,0.016642624138461112,0.6080218701209745,0.6081847637411961,0.0001628936202215936,0.554,0.57727426623239,0.7474647887323944
recent_min_weight_kg,12,2026-07-11T08:01:00+00:00,2026-07-22T02:07:00+00:00,6910,500,0.9509624513270684,0.02032827037620562,0.619182764327878,0.6191748533849175,-7.910942960487333e-06,0.568,0.5897097064929561,0.7509897070467142
recent_max_weight_kg,1,2026-03-15T06:10:00+00:00,2026-03-27T00:36:00+00:00,1410,500,0.9509624513270684,0.0072684625065088165,0.6300278256990635,0.6301722281355264,0.0001444024364629648,0.578,0.6057097064929563,0.7589792060491494
recent_max_weight_kg,2,2026-03-27T01:11:00+00:00,2026-04-04T06:44:00+00:00,1910,500,0.9509624513270684,0.003102333039955688,0.6261517043389135,0.6239976151059023,-0.0021540892330111916,0.5733333333333334,0.5989162957944328,0.7504074979625102
recent_max_weight_kg,3,2026-04-04T06:50:00+00:00,2026-04-17T01:25:00+00:00,2410,500,0.9509624513270684,0.008348707672771334,0.6280889408128764,0.6262123375068592,-0.0018766033060171328,0.568,0.6009723959175026,0.7678769541099344
recent_max_weight_kg,4,2026-04-17T01:44:00+00:00,2026-05-01T05:19:00+00:00,2910,500,0.9509624513270684,0.012275709904534563,0.6112771681162608,0.6085796098179368,-0.0026975582983239654,0.5506666666666666,0.5827943026565975,0.7501908032818164
recent_max_weight_kg,5,2026-05-01T05:26:00+00:00,2026-05-14T06:40:00+00:00,3410,500,0.9509624513270684,0.010783902342914405,0.5991614550260691,0.5985145722129412,-0.0006468828131278581,0.5386666666666666,0.5664024937531837,0.7503224617652479
recent_max_weight_kg,6,2026-05-14T06:52:00+00:00,2026-05-23T05:39:00+00:00,3910,500,0.9509624513270684,0.008101988620297172,0.6118636575634334,0.6098024768189237,-0.002061180744509672,0.5506666666666666,0.5818886917119347,0.755987882230427
recent_max_weight_kg,7,2026-05-23T05:41:00+00:00,2026-06-03T05:24:00+00:00,4410,500,0.9509624513270684,0.009919753815889575,0.6091878200109806,0.6114662409447497,0.0022784209337690653,0.5606666666666666,0.5807711490409104,0.7437604814047548
recent_max_weight_kg,8,2026-06-03T05:32:00+00:00,2026-06-13T04:10:01+00:00,4910,500,0.9509624513270684,0.011072681510609039,0.6168040043789969,0.6169330959370188,0.00012909155802198757,0.5586666666666666,0.5870952810134116,0.7633037694013304
recent_max_weight_kg,9,2026-06-13T04:12:01+00:00,2026-06-22T05:30:00+00:00,5410,500,0.9509624513270684,0.012119792505182638,0.6051414175132467,0.6058211444766938,0.0006797269634470915,0.5526666666666666,0.5743686552877273,0.7435825892857143
recent_max_weight_kg,10,2026-06-22T05:45:00+00:00,2026-07-03T05:16:00+00:00,5910,500,0.9509624513270684,0.020446039447344987,0.6023206162626358,0.6023487520322964,2.813576966065323e-05,0.5486666666666666,0.5806153174376186,0.7314463573582336
recent_max_weight_kg,11,2026-07-03T05:20:00+00:00,2026-07-11T07:52:00+00:00,6410,500,0.9509624513270684,0.01769616306746414,0.6080218701209745,0.6068137693013905,-0.0012081008195840015,0.552,0.5762128236844354,0.7470422535211267
recent_max_weight_kg,12,2026-07-11T08:01:00+00:00,2026-07-22T02:07:00+00:00,6910,500,0.9509624513270684,0.01764231032266007,0.619182764327878,0.6190961640022314,-8.660032564655751e-05,0.5673333333333334,0.5904808555338665,0.7512371338083927
recent_weight_range_kg,1,2026-03-15T06:10:00+00:00,2026-03-27T00:36:00+00:00,1410,500,0.9509624513270684,0.031523746882474425,0.6300278256990635,0.6287920872071783,-0.0012357384918851855,0.576,0.6048717724792066,0.7582965763495064
recent_weight_range_kg,2,2026-03-27T01:11:00+00:00,2026-04-04T06:44:00+00:00,1910,500,0.9509624513270684,0.023635086662490628,0.6261517043389135,0.625230182337899,-0.0009215220010145853,0.5746666666666667,0.6006705256026147,0.7509168704156479
recent_weight_range_kg,3,2026-04-04T06:50:00+00:00,2026-04-17T01:25:00+00:00,2410,500,0.9509624513270684,0.030620317692623297,0.6280889408128764,0.6292046270394607,0.0011156862265843115,0.572,0.6040338384654573,0.7687846696923852
recent_weight_range_kg,4,2026-04-17T01:44:00+00:00,2026-05-01T05:19:00+00:00,2910,500,0.9509624513270684,0.028035789094247865,0.6112771681162608,0.6090106723876052,-0.00226649572865556,0.5513333333333333,0.5831852196019375,0.7501908032818164
recent_weight_range_kg,5,2026-05-01T05:26:00+00:00,2026-05-14T06:40:00+00:00,3410,500,0.9509624513270684,0.024693358377390874,0.5991614550260691,0.5987180727501622,-0.0004433822759069006,0.5386666666666666,0.5668940341368195,0.7506449235304957
recent_weight_range_kg,6,2026-05-14T06:52:00+00:00,2026-05-23T05:39:00+00:00,3910,500,0.9509624513270684,0.026800574872337085,0.6118636575634334,0.6095265382618166,-0.0023371193016168412,0.5506666666666666,0.5815422980818209,0.7552305216321121
recent_weight_range_kg,7,2026-05-23T05:41:00+00:00,2026-06-03T05:24:00+00:00,4410,500,0.9509624513270684,0.016909012232950618,0.6091878200109806,0.609298586816605,0.0001107668056243849,0.5573333333333333,0.5785699021643189,0.7439577784354345
recent_weight_range_kg,8,2026-06-03T05:32:00+00:00,2026-06-13T04:10:01+00:00,4910,500,0.9509624513270684,0.015474394948151556,0.6168040043789969,0.6176997449942718,0.0008957406152749758,0.56,0.5879109533695482,0.7628880266075388
recent_weight_range_kg,9,2026-06-13T04:12:01+00:00,2026-06-22T05:30:00+00:00,5410,500,0.9509624513270684,0.010328948776717384,0.6051414175132467,0.6049198384470157,-0.00022157906623099244,0.5513333333333333,0.5734300978356818,0.7435825892857143
recent_weight_range_kg,10,2026-06-22T05:45:00+00:00,2026-07-03T05:16:00+00:00,5910,500,0.9509624513270684,0.007607061198535655,0.6023206162626358,0.6036670726803113,0.0013464564176755012,0.55,0.5824924323417099,0.732175858379535
recent_weight_range_kg,11,2026-07-03T05:20:00+00:00,2026-07-11T07:52:00+00:00,6410,500,0.9509624513270684,0.0074744850162192875,0.6080218701209745,0.6074651736192139,-0.0005566965017606007,0.552,0.579006234382959,0.7468544600938967
recent_weight_range_kg,12,2026-07-11T08:01:00+00:00,2026-07-22T02:07:00+00:00,6910,500,0.9509624513270684,0.003340132700481329,0.619182764327878,0.6184358910348984,-0.0007468732929796218,0.566,0.5900115768078439,0.7517319873317498
weight_change_from_last_run,1,2026-03-15T06:10:00+00:00,2026-03-27T00:36:00+00:00,1410,500,0.8643762297224783,0.04261834123477952,0.6300278256990635,0.6282559349136847,-0.0017718907853787602,0.5753333333333334,0.6039554766847745,0.7584015963032976
weight_change_from_last_run,2,2026-03-27T01:11:00+00:00,2026-04-04T06:44:00+00:00,1910,500,0.8643762297224783,0.06682771160960868,0.6261517043389135,0.626106489385676,-4.5214953237504574e-05,0.5753333333333334,0.6020783617806831,0.7516809290953546
weight_change_from_last_run,3,2026-04-04T06:50:00+00:00,2026-04-17T01:25:00+00:00,2410,500,0.8643762297224783,0.06466871210755036,0.6280889408128764,0.6275676986491625,-0.0005212421637138531,0.5706666666666667,0.6014639363011384,0.7674735249621785
weight_change_from_last_run,4,2026-04-17T01:44:00+00:00,2026-05-01T05:19:00+00:00,2910,500,0.8643762297224783,0.060984134267318836,0.6112771681162608,0.611493638330691,0.00021647021443027548,0.5546666666666666,0.585878006862165,0.7507632131272658
weight_change_from_last_run,5,2026-05-01T05:26:00+00:00,2026-05-14T06:40:00+00:00,3410,500,0.8643762297224783,0.06115811361097663,0.5991614550260691,0.5991324390766206,-2.90159494484854e-05,0.5393333333333333,0.5672181661093202,0.7506449235304957
weight_change_from_last_run,6,2026-05-14T06:52:00+00:00,2026-05-23T05:39:00+00:00,3910,500,0.8643762297224783,0.05538340120892512,0.6118636575634334,0.6121038623408481,0.0002402047774147098,0.554,0.5843802320955708,0.7560352172678216
weight_change_from_last_run,7,2026-05-23T05:41:00+00:00,2026-06-03T05:24:00+00:00,4410,500,0.8643762297224783,0.050318223195390845,0.6091878200109806,0.6090028540447184,-0.00018496596626216277,0.5573333333333333,0.5783241319725009,0.743020617539706
weight_change_from_last_run,8,2026-06-03T05:32:00+00:00,2026-06-13T04:10:01+00:00,4910,500,0.8643762297224783,0.04793444735189295,0.6168040043789969,0.6155638998222821,-0.0012401045567147495,0.5573333333333333,0.5854861979587516,0.7621027346637103
weight_change_from_last_run,9,2026-06-13T04:12:01+00:00,2026-06-22T05:30:00+00:00,5410,500,0.8643762297224783,0.052733698585209175,0.6051414175132467,0.6056576690342057,0.0005162515209590213,0.5526666666666666,0.5735752445892038,0.7437220982142857
weight_change_from_last_run,10,2026-06-22T05:45:00+00:00,2026-07-03T05:16:00+00:00,5910,500,0.8643762297224783,0.050892529325536985,0.6023206162626358,0.6031491605528684,0.0008285442902326023,0.55,0.5806153174376186,0.7319813247738547
weight_change_from_last_run,11,2026-07-03T05:20:00+00:00,2026-07-11T07:52:00+00:00,6410,500,0.8643762297224783,0.04618771225142992,0.6080218701209745,0.6094014348639322,0.0013795647429576396,0.5546666666666666,0.5802911854651183,0.747981220657277
weight_change_from_last_run,12,2026-07-11T08:01:00+00:00,2026-07-22T02:07:00+00:00,6910,500,0.8643762297224783,0.04406879105564476,0.619182764327878,0.6199730060082091,0.0007902416803311496,0.568,0.5916651831777299,0.7522268408551069
weight_change_vs_recent_avg,1,2026-03-15T06:10:00+00:00,2026-03-27T00:36:00+00:00,1410,500,0.9509624513270684,0.07467237179004085,0.6300278256990635,0.629330709120784,-0.000697116578279422,0.5766666666666667,0.6059554766847743,0.7580340264650284
weight_change_vs_recent_avg,2,2026-03-27T01:11:00+00:00,2026-04-04T06:44:00+00:00,1910,500,0.9509624513270684,0.06953799906274148,0.6261517043389135,0.6267683852718843,0.0006166809329707368,0.5766666666666667,0.6026705256026147,0.7510696821515892
weight_change_vs_recent_avg,3,2026-04-04T06:50:00+00:00,2026-04-17T01:25:00+00:00,2410,500,0.9509624513270684,0.07088206890690299,0.6280889408128764,0.6275516893905089,-0.0005372514223674907,0.57,0.6023802320955708,0.7678265254664649
weight_change_vs_recent_avg,4,2026-04-17T01:44:00+00:00,2026-05-01T05:19:00+00:00,2910,500,0.9509624513270684,0.0658140537144031,0.6112771681162608,0.6122336727504257,0.0009565046341649674,0.556,0.5861237770539829,0.7508109139477199
weight_change_vs_recent_avg,5,2026-05-01T05:26:00+00:00,2026-05-14T06:40:00+00:00,3410,500,0.9509624513270684,0.06337083578026867,0.5991614550260691,0.5985376051961732,-0.0006238498298959394,0.5386666666666666,0.5664024937531837,0.7504145936981758
weight_change_vs_recent_avg,6,2026-05-14T06:52:00+00:00,2026-05-23T05:39:00+00:00,3910,500,0.9509624513270684,0.05841172389422661,0.6118636575634334,0.6107067888321533,-0.0011568687312800696,0.5526666666666666,0.5823579704379576,0.7551358515573228
weight_change_vs_recent_avg,7,2026-05-23T05:41:00+00:00,2026-06-03T05:24:00+00:00,4410,500,0.9509624513270684,0.0545517292951769,0.6091878200109806,0.6096256482306632,0.0004378282196826344,0.558,0.5786927872602278,0.7438098056624248
weight_change_vs_recent_avg,8,2026-06-03T05:32:00+00:00,2026-06-13T04:10:01+00:00,4910,500,0.9509624513270684,0.04968145555695241,0.6168040043789969,0.6149877848710056,-0.001816219507991268,0.556,0.5850169192327288,0.7629342202512934
weight_change_vs_recent_avg,9,2026-06-13T04:12:01+00:00,2026-06-22T05:30:00+00:00,5410,500,0.9509624513270684,0.052822384912036675,0.6051414175132467,0.606990185333585,0.0018487678203382707,0.5546666666666666,0.5751843276438637,0.7434430803571429
weight_change_vs_recent_avg,10,2026-06-22T05:45:00+00:00,2026-07-03T05:16:00+00:00,5910,500,0.9509624513270684,0.0455587059605313,0.6023206162626358,0.6014773281177317,-0.0008432881449040863,0.5473333333333333,0.5796990216431863,0.7315436241610739
weight_change_vs_recent_avg,11,2026-07-03T05:20:00+00:00,2026-07-11T07:52:00+00:00,6410,500,0.9509624513270684,0.041784935873892204,0.6080218701209745,0.6085207947001997,0.0004989245792251795,0.5533333333333333,0.5795761365472776,0.7478403755868545
weight_change_vs_recent_avg,12,2026-07-11T08:01:00+00:00,2026-07-22T02:07:00+00:00,6910,500,0.9509624513270684,0.04333865380576734,0.619182764327878,0.6193431756623858,0.0001604113345078373,0.5673333333333334,0.5910730193557984,0.7516330166270784
weight_change_vs_recent_weighted_avg,1,2026-03-15T06:10:00+00:00,2026-03-27T00:36:00+00:00,1410,500,0.9509624513270684,0.06665072524596397,0.6300278256990635,0.628522803009389,-0.0015050226896744512,0.576,0.6044247554107971,0.7576664566267591
weight_change_vs_recent_weighted_avg,2,2026-03-27T01:11:00+00:00,2026-04-04T06:44:00+00:00,1910,500,0.9509624513270684,0.06342339228385926,0.6261517043389135,0.6268193225171981,0.0006676181782845347,0.5766666666666667,0.6026705256026147,0.7512734311328443
weight_change_vs_recent_weighted_avg,3,2026-04-04T06:50:00+00:00,2026-04-17T01:25:00+00:00,2410,500,0.9509624513270684,0.061174319438045806,0.6280889408128764,0.6274760464253046,-0.0006128943875717274,0.57,0.6023802320955708,0.767523953605648
weight_change_vs_recent_weighted_avg,4,2026-04-17T01:44:00+00:00,2026-05-01T05:19:00+00:00,2910,500,0.9509624513270684,0.05462830530048812,0.6112771681162608,0.6117622912970934,0.00048512318083260286,0.5553333333333333,0.5860008919580739,0.7503816065636328
weight_change_vs_recent_weighted_avg,5,2026-05-01T05:26:00+00:00,2026-05-14T06:40:00+00:00,3410,500,0.9509624513270684,0.05431937358969994,0.5991614550260691,0.5987487621351356,-0.00041269289093348593,0.5386666666666666,0.5666482639450017,0.7510134512622075
weight_change_vs_recent_weighted_avg,6,2026-05-14T06:52:00+00:00,2026-05-23T05:39:00+00:00,3910,500,0.9509624513270684,0.04860468979094508,0.6118636575634334,0.6116979849325521,-0.00016567263088129724,0.554,0.583419412985912,0.7553725267442961
weight_change_vs_recent_weighted_avg,7,2026-05-23T05:41:00+00:00,2026-06-03T05:24:00+00:00,4410,500,0.9509624513270684,0.045879886483750354,0.6091878200109806,0.6095393307797408,0.00035151076876016596,0.558,0.5786927872602278,0.7434645358587353
weight_change_vs_recent_weighted_avg,8,2026-06-03T05:32:00+00:00,2026-06-13T04:10:01+00:00,4910,500,0.9509624513270684,0.04061704176748657,0.6168040043789969,0.6150455269256989,-0.0017584774532979353,0.556,0.5850169192327288,0.7631651884700665
weight_change_vs_recent_weighted_avg,9,2026-06-13T04:12:01+00:00,2026-06-22T05:30:00+00:00,5410,500,0.9509624513270684,0.045173771267708385,0.6051414175132467,0.6064604036970995,0.0013189861838528438,0.554,0.5744915403836361,0.7433500744047619
weight_change_vs_recent_weighted_avg,10,2026-06-22T05:45:00+00:00,2026-07-03T05:16:00+00:00,5910,500,0.9509624513270684,0.04091640370406695,0.6023206162626358,0.6022984403131485,-2.2175949487279745e-05,0.5486666666666666,0.580414070561027,0.7314463573582336
weight_change_vs_recent_weighted_avg,11,2026-07-03T05:20:00+00:00,2026-07-11T07:52:00+00:00,6410,500,0.9509624513270684,0.03742863187588916,0.6080218701209745,0.6088496380399047,0.0008277679189301335,0.554,0.5796990216431864,0.7476995305164319
weight_change_vs_recent_weighted_avg,12,2026-07-11T08:01:00+00:00,2026-07-22T02:07:00+00:00,6910,500,0.9509624513270684,0.03857183412147291,0.619182764327878,0.6193431756623858,0.0001604113345078373,0.5673333333333334,0.5910730193557984,0.7516330166270784
large_weight_drop_flag,1,2026-03-15T06:10:00+00:00,2026-03-27T00:36:00+00:00,1410,500,1.0,-0.02969746545005858,0.6300278256990635,0.6295640451900005,-0.00046378050906292767,0.5773333333333334,0.6052404277669335,0.758349086326402
large_weight_drop_flag,2,2026-03-27T01:11:00+00:00,2026-04-04T06:44:00+00:00,1910,500,1.0,-0.04689045174891694,0.6261517043389135,0.6261924490446695,4.074470575599065e-05,0.576,0.6011398043286376,0.7516299918500408
large_weight_drop_flag,3,2026-04-04T06:50:00+00:00,2026-04-17T01:25:00+00:00,2410,500,1.0,-0.0359772283477576,0.6280889408128764,0.6280779853705521,-1.0955442324211973e-05,0.5706666666666667,0.6028495108215935,0.7681290973272819
large_weight_drop_flag,4,2026-04-17T01:44:00+00:00,2026-05-01T05:19:00+00:00,2910,500,1.0,-0.04119522914499512,0.6112771681162608,0.611493638330691,0.00021647021443027548,0.5546666666666666,0.5858780068621651,0.7507632131272658
large_weight_drop_flag,5,2026-05-01T05:26:00+00:00,2026-05-14T06:40:00+00:00,3410,500,1.0,-0.04962875630162413,0.5991614550260691,0.5995485426166117,0.000387087590542623,0.54,0.567687444835343,0.7505067256311038
large_weight_drop_flag,6,2026-05-14T06:52:00+00:00,2026-05-23T05:39:00+00:00,3910,500,1.0,-0.04067173602400689,0.6118636575634334,0.6119606013894339,9.69438260004507e-05,0.554,0.5836651831777299,0.7561772223800057
large_weight_drop_flag,7,2026-05-23T05:41:00+00:00,2026-06-03T05:24:00+00:00,4410,500,1.0,-0.041159253595519356,0.6091878200109806,0.6086755116740541,-0.0005123083369265036,0.5566666666666666,0.577854853246478,0.7435138601164053
large_weight_drop_flag,8,2026-06-03T05:32:00+00:00,2026-06-13T04:10:01+00:00,4910,500,1.0,-0.03593639587507612,0.6168040043789969,0.6167578107352423,-4.619364375457735e-05,0.5586666666666666,0.5869946575751156,0.7627032520325203
large_weight_drop_flag,9,2026-06-13T04:12:01+00:00,2026-06-22T05:30:00+00:00,5410,500,1.0,-0.03889061799940876,0.6051414175132467,0.6051414175132467,0.0,0.552,0.5729830807672721,0.7435825892857143
large_weight_drop_flag,10,2026-06-22T05:45:00+00:00,2026-07-03T05:16:00+00:00,5910,500,1.0,-0.04218129655866395,0.6023206162626358,0.6023570913137009,3.647505106507687e-05,0.5486666666666666,0.5798219067390951,0.7322731251823753
large_weight_drop_flag,11,2026-07-03T05:20:00+00:00,2026-07-11T07:52:00+00:00,6410,500,1.0,-0.0346672910253165,0.6080218701209745,0.6080615713822086,3.970126123409301e-05,0.5533333333333333,0.5775983982048907,0.747981220657277
large_weight_drop_flag,12,2026-07-11T08:01:00+00:00,2026-07-22T02:07:00+00:00,6910,500,1.0,-0.03227326707756905,0.619182764327878,0.6197818724406651,0.0005991081127870723,0.568,0.5909501342598893,0.7521773555027712
weight_drop_after_close_run_flag,1,2026-03-15T06:10:00+00:00,2026-03-27T00:36:00+00:00,1410,500,1.0,0.03507234575675983,0.6300278256990635,0.6292175843624433,-0.00081024133662011,0.5766666666666667,0.6052404277669335,0.7582965763495064
weight_drop_after_close_run_flag,2,2026-03-27T01:11:00+00:00,2026-04-04T06:44:00+00:00,1910,500,1.0,0.02391581052071658,0.6261517043389135,0.6260523716200567,-9.933271885687045e-05,0.576,0.6011398043286377,0.7510696821515892
weight_drop_after_close_run_flag,3,2026-04-04T06:50:00+00:00,2026-04-17T01:25:00+00:00,2410,500,1.0,0.026015288381843905,0.6280889408128764,0.6269947305986492,-0.001094210214227176,0.5693333333333334,0.6016874448353432,0.7676248108925869
weight_drop_after_close_run_flag,4,2026-04-17T01:44:00+00:00,2026-05-01T05:19:00+00:00,2910,500,1.0,0.015096366850502342,0.6112771681162608,0.6092154393633836,-0.0020617287528771344,0.552,0.5833864664785294,0.7494752909750048
weight_drop_after_close_run_flag,5,2026-05-01T05:26:00+00:00,2026-05-14T06:40:00+00:00,3410,500,1.0,0.011917456966225448,0.5991614550260691,0.5985491216877892,-0.0006123333382799245,0.5386666666666666,0.5664024937531837,0.7504606596646398
weight_drop_after_close_run_flag,6,2026-05-14T06:52:00+00:00,2026-05-23T05:39:00+00:00,3910,500,1.0,0.015011678195429977,0.6118636575634334,0.6124671315378241,0.0006034739743906448,0.5546666666666666,0.5843579704379573,0.7561772223800057
weight_drop_after_close_run_flag,7,2026-05-23T05:41:00+00:00,2026-06-03T05:24:00+00:00,4410,500,1.0,0.01926354879209358,0.6091878200109806,0.6096384730258196,0.00045065301483904197,0.558,0.5787934106985235,0.7437604814047548
weight_drop_after_close_run_flag,8,2026-06-03T05:32:00+00:00,2026-06-13T04:10:01+00:00,4910,500,1.0,0.027338995753306627,0.6168040043789969,0.6172431089828972,0.00043910460390039763,0.5593333333333333,0.5874639363011384,0.7628418329637842
weight_drop_after_close_run_flag,9,2026-06-13T04:12:01+00:00,2026-06-22T05:30:00+00:00,5410,500,1.0,0.021639835691322586,0.6051414175132467,0.6055497235100608,0.0004083059968140734,0.5526666666666666,0.5733294743973859,0.7435360863095238
weight_drop_after_close_run_flag,10,2026-06-22T05:45:00+00:00,2026-07-03T05:16:00+00:00,5910,500,1.0,0.022086184188527494,0.6023206162626358,0.6030359791182841,0.0007153628556483271,0.5493333333333333,0.5811068578212545,0.7323703919852155
weight_drop_after_close_run_flag,11,2026-07-03T05:20:00+00:00,2026-07-11T07:52:00+00:00,6410,500,1.0,0.024308117004865057,0.6080218701209745,0.6073175423478356,-0.0007043277731388908,0.5526666666666666,0.576659840752845,0.7472769953051643
weight_drop_after_close_run_flag,12,2026-07-11T08:01:00+00:00,2026-07-22T02:07:00+00:00,6910,500,1.0,0.023369719635015794,0.619182764327878,0.6187568530301478,-0.0004259112977301749,0.5666666666666667,0.5900115768078439,0.7516825019794141
last3_win_percentage,1,2026-03-15T06:10:00+00:00,2026-03-27T00:36:00+00:00,1410,500,0.9820305727926911,0.113576413082535,0.6300278256990635,0.6297226070521178,-0.0003052186469456597,0.5766666666666667,0.6065253788490932,0.7590317160260449
last3_win_percentage,2,2026-03-27T01:11:00+00:00,2026-04-04T06:44:00+00:00,1910,500,0.9820305727926911,0.11610842797807897,0.6261517043389135,0.6261566442271509,4.93988823735414e-06,0.576,0.6017097064929561,0.7509168704156479
last3_win_percentage,3,2026-04-04T06:50:00+00:00,2026-04-17T01:25:00+00:00,2410,500,0.9820305727926911,0.10891747540161004,0.6280889408128764,0.6293346525425335,0.0012457117296571507,0.5726666666666667,0.6042796086572747,0.7677256681795259
last3_win_percentage,4,2026-04-17T01:44:00+00:00,2026-05-01T05:19:00+00:00,2910,500,0.9820305727926911,0.1063835208808686,0.6112771681162608,0.6106431550932009,-0.0006340130230598762,0.5533333333333333,0.5852858430402333,0.7506201106659035
last3_win_percentage,5,2026-05-01T05:26:00+00:00,2026-05-14T06:40:00+00:00,3410,500,0.9820305727926911,0.09290409535374385,0.5991614550260691,0.5991774425677409,1.5987541671758088e-05,0.54,0.5668940341368194,0.7498157361341441
last3_win_percentage,6,2026-05-14T06:52:00+00:00,2026-05-23T05:39:00+00:00,3910,500,0.9820305727926911,0.09450082730997057,0.6118636575634334,0.612679383097564,0.0008157255341305625,0.5553333333333333,0.5835422980818208,0.7565085676417684
last3_win_percentage,7,2026-05-23T05:41:00+00:00,2026-06-03T05:24:00+00:00,4410,500,0.9820305727926911,0.08973365401554684,0.6091878200109806,0.6076752761724302,-0.0015125438385503731,0.5553333333333333,0.5765699021643188,0.7434645358587353
last3_win_percentage,8,2026-06-03T05:32:00+00:00,2026-06-13T04:10:01+00:00,4910,500,0.9820305727926911,0.08612891579712252,0.6168040043789969,0.6152885320092196,-0.0015154723697772265,0.5566666666666666,0.5851175426710247,0.7627032520325203
last3_win_percentage,9,2026-06-13T04:12:01+00:00,2026-06-22T05:30:00+00:00,5410,500,0.9820305727926911,0.08031727776729865,0.6051414175132467,0.6059991916803324,0.0008577741670857675,0.5526666666666666,0.5742902935070444,0.7443731398809523
last3_win_percentage,10,2026-06-22T05:45:00+00:00,2026-07-03T05:16:00+00:00,5910,500,0.9820305727926911,0.08461341004236968,0.6023206162626358,0.6028265584024083,0.0005059421397725083,0.5486666666666666,0.5815538748896644,0.7324190253866355
last3_win_percentage,11,2026-07-03T05:20:00+00:00,2026-07-11T07:52:00+00:00,6410,500,0.9820305727926911,0.08479575069497362,0.6080218701209745,0.6091461296349753,0.0011242595140007472,0.5546666666666666,0.579129119478868,0.7481220657276996
last3_win_percentage,12,2026-07-11T08:01:00+00:00,2026-07-22T02:07:00+00:00,6910,500,0.9820305727926911,0.08764203345518318,0.619182764327878,0.6186943064219727,-0.0004884579059053484,0.5673333333333334,0.5889723959175026,0.7511381631037213
last3_place_percentage,1,2026-03-15T06:10:00+00:00,2026-03-27T00:36:00+00:00,1410,500,0.9820305727926911,0.1940374527285367,0.6300278256990635,0.6290266568001556,-0.0010011688989078893,0.576,0.6052849510821598,0.7588216761184625
last3_place_percentage,2,2026-03-27T01:11:00+00:00,2026-04-04T06:44:00+00:00,1910,500,0.9820305727926911,0.2039113619290832,0.6261517043389135,0.6229998695670653,-0.0031518347718482165,0.5713333333333334,0.600402493753184,0.7489303178484108
last3_place_percentage,3,2026-04-04T06:50:00+00:00,2026-04-17T01:25:00+00:00,2410,500,0.9820305727926911,0.18546954378895691,0.6280889408128764,0.6260918130489671,-0.0019971277639092566,0.5686666666666667,0.6009723959175022,0.7660615229450328
last3_place_percentage,4,2026-04-17T01:44:00+00:00,2026-05-01T05:19:00+00:00,2910,500,0.9820305727926911,0.1782087631523671,0.6112771681162608,0.6079315075256484,-0.003345660590612365,0.5513333333333333,0.580347285588188,0.748712077847739
last3_place_percentage,5,2026-05-01T05:26:00+00:00,2026-05-14T06:40:00+00:00,3410,500,0.9820305727926911,0.17227179198409817,0.5991614550260691,0.5999767736084,0.0008153185823308595,0.5413333333333333,0.5672404277669333,0.75
last3_place_percentage,6,2026-05-14T06:52:00+00:00,2026-05-23T05:39:00+00:00,3910,500,0.9820305727926911,0.16180475616982698,0.6118636575634334,0.6116370128134931,-0.00022664474994027461,0.554,0.5837435449584129,0.75480450629556
last3_place_percentage,7,2026-05-23T05:41:00+00:00,2026-06-03T05:24:00+00:00,4410,500,0.9820305727926911,0.1632478667125743,0.6091878200109806,0.6052687993224102,-0.003919020688570418,0.5526666666666666,0.5736090830546601,0.7421327809016475
last3_place_percentage,8,2026-06-03T05:32:00+00:00,2026-06-13T04:10:01+00:00,4910,500,0.9820305727926911,0.1571302283522646,0.6168040043789969,0.6140659588599788,-0.0027380455190180175,0.5553333333333333,0.5835868213970475,0.762010347376201
last3_place_percentage,9,2026-06-13T04:12:01+00:00,2026-06-22T05:30:00+00:00,5410,500,0.9820305727926911,0.15626413389813695,0.6051414175132467,0.6040726026864527,-0.0010688148267939956,0.5513333333333333,0.5704131786029534,0.7432105654761905
last3_place_percentage,10,2026-06-22T05:45:00+00:00,2026-07-03T05:16:00+00:00,5910,500,0.9820305727926911,0.15692502407023554,0.6023206162626358,0.6051860123293026,0.0028653960666668032,0.552,0.5843250239305746,0.7324190253866355
last3_place_percentage,11,2026-07-03T05:20:00+00:00,2026-07-11T07:52:00+00:00,6410,500,0.9820305727926911,0.1545246358810329,0.6080218701209745,0.606194409465123,-0.0018274606558514872,0.5513333333333333,0.5749278726022764,0.7471830985915493
last3_place_percentage,12,2026-07-11T08:01:00+00:00,2026-07-22T02:07:00+00:00,6910,500,0.9820305727926911,0.15583316205865336,0.619182764327878,0.6174538287464447,-0.0017289355814332774,0.564,0.5896874448353434,0.7521278701504355
speed_rating_rank,1,2026-03-15T06:10:00+00:00,2026-03-27T00:36:00+00:00,1410,500,0.9907263446112357,-0.08434888504812069,0.6300278256990635,0.6308653539555619,0.0008375282564984099,0.5786666666666667,0.6074639363011385,0.7586641461877757
speed_rating_rank,2,2026-03-27T01:11:00+00:00,2026-04-04T06:44:00+00:00,1910,500,0.9907263446112357,-0.08886501108154925,0.6261517043389135,0.6242674337602665,-0.0018842705786470404,0.5733333333333334,0.5994861979587512,0.7509168704156479
speed_rating_rank,3,2026-04-04T06:50:00+00:00,2026-04-17T01:25:00+00:00,2410,500,0.9907263446112357,-0.08864604144265033,0.6280889408128764,0.6254514606259653,-0.002637480186911012,0.5673333333333334,0.5994639363011383,0.7676752395360564
speed_rating_rank,4,2026-04-17T01:44:00+00:00,2026-05-01T05:19:00+00:00,2910,500,0.9907263446112357,-0.08841094123306184,0.6112771681162608,0.6117467330472062,0.00046956493094540974,0.5553333333333333,0.5855093515744381,0.7508109139477199
speed_rating_rank,5,2026-05-01T05:26:00+00:00,2026-05-14T06:40:00+00:00,3410,500,0.9907263446112357,-0.09430109168821113,0.5991614550260691,0.5967349931368171,-0.0024264618892519962,0.536,0.5645253788490927,0.7504145936981758
speed_rating_rank,6,2026-05-14T06:52:00+00:00,2026-05-23T05:39:00+00:00,3910,500,0.9907263446112357,-0.0866401446856401,0.6118636575634334,0.6112616719299193,-0.0006019856335141016,0.5533333333333333,0.5825814789721625,0.7557985420808483
speed_rating_rank,7,2026-05-23T05:41:00+00:00,2026-06-03T05:24:00+00:00,4410,500,0.9907263446112357,-0.09208510150976064,0.6091878200109806,0.6076449040375322,-0.0015429159734483555,0.5553333333333333,0.5773855745204554,0.7425273749630068
speed_rating_rank,8,2026-06-03T05:32:00+00:00,2026-06-13T04:10:01+00:00,4910,500,0.9907263446112357,-0.08527793542653116,0.6168040043789969,0.6160050219412252,-0.0007989824377716559,0.5573333333333333,0.5852181661093204,0.7641352549889135
speed_rating_rank,9,2026-06-13T04:12:01+00:00,2026-06-22T05:30:00+00:00,5410,500,0.9907263446112357,-0.08840541852454217,0.6051414175132467,0.60747084459658,0.0023294270833332797,0.5553333333333333,0.5749830807672721,0.7442336309523809
speed_rating_rank,10,2026-06-22T05:45:00+00:00,2026-07-03T05:16:00+00:00,5910,500,0.9907263446112357,-0.08957240743408257,0.6023206162626358,0.6036355122474701,0.0013148959848343633,0.55,0.582268923807505,0.7322731251823753
speed_rating_rank,11,2026-07-03T05:20:00+00:00,2026-07-11T07:52:00+00:00,6410,500,0.9907263446112357,-0.08679489644057362,0.6080218701209745,0.6071780716955049,-0.0008437984254696662,0.552,0.5775761365472776,0.7471361502347418
speed_rating_rank,12,2026-07-11T08:01:00+00:00,2026-07-22T02:07:00+00:00,6910,500,0.9907263446112357,-0.08273082323042157,0.619182764327878,0.6200409767864359,0.0008582124585578832,0.5686666666666667,0.5912965278900031,0.7515340459224069
win_percentage_rank,1,2026-03-15T06:10:00+00:00,2026-03-27T00:36:00+00:00,1410,500,0.9989267876553062,-0.09299209836689784,0.6300278256990635,0.6286915335389165,-0.001336292160146968,0.576,0.6049946575751157,0.7577714765805503
win_percentage_rank,2,2026-03-27T01:11:00+00:00,2026-04-04T06:44:00+00:00,1910,500,0.9989267876553062,-0.09673928600552213,0.6261517043389135,0.6241099948991706,-0.0020417094397429114,0.5733333333333334,0.5991620659862505,0.7506112469437652
win_percentage_rank,3,2026-04-04T06:50:00+00:00,2026-04-17T01:25:00+00:00,2410,500,0.9989267876553062,-0.09225572781309797,0.6280889408128764,0.6264596242292771,-0.0016293165835992163,0.5686666666666667,0.6017880682736391,0.7667170953101362
win_percentage_rank,4,2026-04-17T01:44:00+00:00,2026-05-01T05:19:00+00:00,2910,500,0.9989267876553062,-0.09301587118645589,0.6112771681162608,0.6088524682389583,-0.0024246998773024275,0.5506666666666666,0.5834087281361424,0.7506678114863575
win_percentage_rank,5,2026-05-01T05:26:00+00:00,2026-05-14T06:40:00+00:00,3410,500,0.9989267876553062,-0.08435976608261561,0.5991614550260691,0.5980699021643187,-0.0010915528617504444,0.538,0.5662796086572747,0.75
win_percentage_rank,6,2026-05-14T06:52:00+00:00,2026-05-23T05:39:00+00:00,3910,500,0.9989267876553062,-0.08237101527280882,0.6118636575634334,0.6125510389432399,0.0006873813798065065,0.554,0.5847488873832976,0.757455268389662
win_percentage_rank,7,2026-05-23T05:41:00+00:00,2026-06-03T05:24:00+00:00,4410,500,0.9989267876553062,-0.08048665702934008,0.6091878200109806,0.6079657926689928,-0.0012220273419878414,0.5553333333333333,0.5777319681505693,0.7434645358587353
win_percentage_rank,8,2026-06-03T05:32:00+00:00,2026-06-13T04:10:01+00:00,4910,500,0.9989267876553062,-0.07151182637614044,0.6168040043789969,0.614722394884994,-0.002081609494002823,0.556,0.5846482639450018,0.7622413155949741
win_percentage_rank,9,2026-06-13T04:12:01+00:00,2026-06-22T05:30:00+00:00,5410,500,0.9989267876553062,-0.07578676779873518,0.6051414175132467,0.6050319399293262,-0.0001094775839204365,0.5513333333333333,0.5735529829315906,0.7439081101190477
win_percentage_rank,10,2026-06-22T05:45:00+00:00,2026-07-03T05:16:00+00:00,5910,500,0.9989267876553062,-0.07327572148637547,0.6023206162626358,0.6035740696995155,0.00125345343687977,0.55,0.582023153615687,0.7322731251823753
win_percentage_rank,11,2026-07-03T05:20:00+00:00,2026-07-11T07:52:00+00:00,6410,500,0.9989267876553062,-0.07067453696195294,0.6080218701209745,0.6099111317983723,0.00188926167739778,0.556,0.579475513108982,0.7481690140845071
win_percentage_rank,12,2026-07-11T08:01:00+00:00,2026-07-22T02:07:00+00:00,6910,500,0.9989267876553062,-0.06804146868400207,0.619182764327878,0.6189600802423674,-0.00022268408551062713,0.5673333333333334,0.5901344619037528,0.7510391923990499
place_percentage_rank,1,2026-03-15T06:10:00+00:00,2026-03-27T00:36:00+00:00,1410,500,0.9989267876553062,-0.14882015003556975,0.6300278256990635,0.6319508532342165,0.0019230275351530546,0.5806666666666667,0.6079109533695484,0.7585591262339845
place_percentage_rank,2,2026-03-27T01:11:00+00:00,2026-04-04T06:44:00+00:00,1910,500,0.9989267876553062,-0.14953170998884022,0.6261517043389135,0.6240176874219351,-0.002134016916978454,0.5733333333333334,0.5997097064929562,0.7496943765281173
place_percentage_rank,3,2026-04-04T06:50:00+00:00,2026-04-17T01:25:00+00:00,2410,500,0.9989267876553062,-0.14963503795596664,0.6280889408128764,0.6270808758702646,-0.0010080649426117416,0.57,0.6006482639450023,0.7676752395360564
place_percentage_rank,4,2026-04-17T01:44:00+00:00,2026-05-01T05:19:00+00:00,2910,500,0.9989267876553062,-0.14816911516260697,0.6112771681162608,0.610881086785626,-0.0003960813306347344,0.554,0.5852858430402336,0.7502385041022706
place_percentage_rank,5,2026-05-01T05:26:00+00:00,2026-05-14T06:40:00+00:00,3410,500,0.9989267876553062,-0.138706960353241,0.5991614550260691,0.5995261524825647,0.0003646974564955885,0.5406666666666666,0.5671398043286373,0.7496314722682882
place_percentage_rank,6,2026-05-14T06:52:00+00:00,2026-05-23T05:39:00+00:00,3910,500,0.9989267876553062,-0.13744105325408051,0.6118636575634334,0.6081564478112071,-0.0037072097522262704,0.548,0.5808272491639803,0.7557985420808483
place_percentage_rank,7,2026-05-23T05:41:00+00:00,2026-06-03T05:24:00+00:00,4410,500,0.9989267876553062,-0.1373903369192743,0.6091878200109806,0.6085826413472505,-0.0006051786637301104,0.5566666666666666,0.5776313447122732,0.7433658873433955
place_percentage_rank,8,2026-06-03T05:32:00+00:00,2026-06-13T04:10:01+00:00,4910,500,0.9989267876553062,-0.1394049595849999,0.6168040043789969,0.6136499510779557,-0.0031540533010411265,0.5546666666666666,0.5831175426710247,0.762148928307465
place_percentage_rank,9,2026-06-13T04:12:01+00:00,2026-06-22T05:30:00+00:00,5410,500,0.9989267876553062,-0.14248197486546388,0.6051414175132467,0.6090162853317409,0.003874867818494221,0.5573333333333333,0.5765138020412492,0.7448846726190477
place_percentage_rank,10,2026-06-22T05:45:00+00:00,2026-07-03T05:16:00+00:00,5910,500,0.9989267876553062,-0.1429974952856309,0.6023206162626358,0.6045175417697851,0.0021969255071493388,0.552,0.5815538748896645,0.7325162921894758
place_percentage_rank,11,2026-07-03T05:20:00+00:00,2026-07-11T07:52:00+00:00,6410,500,0.9989267876553062,-0.1409024421279606,0.6080218701209745,0.6059633895170176,-0.002058480603956969,0.552,0.5738441683967088,0.7460093896713615
place_percentage_rank,12,2026-07-11T08:01:00+00:00,2026-07-22T02:07:00+00:00,6910,500,0.9989267876553062,-0.13641163599646883,0.619182764327878,0.6195828260120425,0.00040006168416450993,0.5686666666666667,0.5905031171914796,0.7504948535233571
last3_win_percentage_rank,1,2026-03-15T06:10:00+00:00,2026-03-27T00:36:00+00:00,1410,500,0.9820305727926911,-0.113576413082535,0.6300278256990635,0.6297226070521178,-0.0003052186469456597,0.5766666666666667,0.6065253788490932,0.7590317160260449
last3_win_percentage_rank,2,2026-03-27T01:11:00+00:00,2026-04-04T06:44:00+00:00,1910,500,0.9820305727926911,-0.11610842797807897,0.6261517043389135,0.6261566442271509,4.93988823735414e-06,0.576,0.6017097064929561,0.7509168704156479
last3_win_percentage_rank,3,2026-04-04T06:50:00+00:00,2026-04-17T01:25:00+00:00,2410,500,0.9820305727926911,-0.10891747540161004,0.6280889408128764,0.6293346525425335,0.0012457117296571507,0.5726666666666667,0.6042796086572747,0.7677256681795259
last3_win_percentage_rank,4,2026-04-17T01:44:00+00:00,2026-05-01T05:19:00+00:00,2910,500,0.9820305727926911,-0.1063835208808686,0.6112771681162608,0.6106431550932009,-0.0006340130230598762,0.5533333333333333,0.5852858430402333,0.7506201106659035
last3_win_percentage_rank,5,2026-05-01T05:26:00+00:00,2026-05-14T06:40:00+00:00,3410,500,0.9820305727926911,-0.09290409535374385,0.5991614550260691,0.5991774425677409,1.5987541671758088e-05,0.54,0.5668940341368194,0.7498157361341441
last3_win_percentage_rank,6,2026-05-14T06:52:00+00:00,2026-05-23T05:39:00+00:00,3910,500,0.9820305727926911,-0.09450082730997057,0.6118636575634334,0.612679383097564,0.0008157255341305625,0.5553333333333333,0.5835422980818208,0.7565085676417684
last3_win_percentage_rank,7,2026-05-23T05:41:00+00:00,2026-06-03T05:24:00+00:00,4410,500,0.9820305727926911,-0.08973365401554684,0.6091878200109806,0.6076752761724302,-0.0015125438385503731,0.5553333333333333,0.5765699021643188,0.7434645358587353
last3_win_percentage_rank,8,2026-06-03T05:32:00+00:00,2026-06-13T04:10:01+00:00,4910,500,0.9820305727926911,-0.08612891579712252,0.6168040043789969,0.6152885320092196,-0.0015154723697772265,0.5566666666666666,0.5851175426710247,0.7627032520325203
last3_win_percentage_rank,9,2026-06-13T04:12:01+00:00,2026-06-22T05:30:00+00:00,5410,500,0.9820305727926911,-0.08031727776729865,0.6051414175132467,0.6059991916803324,0.0008577741670857675,0.5526666666666666,0.5742902935070444,0.7443731398809523
last3_win_percentage_rank,10,2026-06-22T05:45:00+00:00,2026-07-03T05:16:00+00:00,5910,500,0.9820305727926911,-0.08461341004236968,0.6023206162626358,0.6028265584024083,0.0005059421397725083,0.5486666666666666,0.5815538748896644,0.7324190253866355
last3_win_percentage_rank,11,2026-07-03T05:20:00+00:00,2026-07-11T07:52:00+00:00,6410,500,0.9820305727926911,-0.08479575069497362,0.6080218701209745,0.6091461296349753,0.0011242595140007472,0.5546666666666666,0.579129119478868,0.7481220657276996
last3_win_percentage_rank,12,2026-07-11T08:01:00+00:00,2026-07-22T02:07:00+00:00,6910,500,0.9820305727926911,-0.08764203345518318,0.619182764327878,0.6186943064219727,-0.0004884579059053484,0.5673333333333334,0.5889723959175026,0.7511381631037213
last3_place_percentage_rank,1,2026-03-15T06:10:00+00:00,2026-03-27T00:36:00+00:00,1410,500,0.9820305727926911,-0.1940374527285367,0.6300278256990635,0.6290266568001556,-0.0010011688989078893,0.576,0.6052849510821598,0.7588216761184625
last3_place_percentage_rank,2,2026-03-27T01:11:00+00:00,2026-04-04T06:44:00+00:00,1910,500,0.9820305727926911,-0.2039113619290832,0.6261517043389135,0.6229998695670653,-0.0031518347718482165,0.5713333333333334,0.600402493753184,0.7489303178484108
last3_place_percentage_rank,3,2026-04-04T06:50:00+00:00,2026-04-17T01:25:00+00:00,2410,500,0.9820305727926911,-0.18546954378895691,0.6280889408128764,0.6260918130489671,-0.0019971277639092566,0.5686666666666667,0.6009723959175022,0.7660615229450328
last3_place_percentage_rank,4,2026-04-17T01:44:00+00:00,2026-05-01T05:19:00+00:00,2910,500,0.9820305727926911,-0.1782087631523671,0.6112771681162608,0.6079315075256484,-0.003345660590612365,0.5513333333333333,0.580347285588188,0.748712077847739
last3_place_percentage_rank,5,2026-05-01T05:26:00+00:00,2026-05-14T06:40:00+00:00,3410,500,0.9820305727926911,-0.17227179198409817,0.5991614550260691,0.5999767736084,0.0008153185823308595,0.5413333333333333,0.5672404277669333,0.75
last3_place_percentage_rank,6,2026-05-14T06:52:00+00:00,2026-05-23T05:39:00+00:00,3910,500,0.9820305727926911,-0.16180475616982698,0.6118636575634334,0.6116370128134931,-0.00022664474994027461,0.554,0.5837435449584129,0.75480450629556
last3_place_percentage_rank,7,2026-05-23T05:41:00+00:00,2026-06-03T05:24:00+00:00,4410,500,0.9820305727926911,-0.1632478667125743,0.6091878200109806,0.6052687993224102,-0.003919020688570418,0.5526666666666666,0.5736090830546601,0.7421327809016475
last3_place_percentage_rank,8,2026-06-03T05:32:00+00:00,2026-06-13T04:10:01+00:00,4910,500,0.9820305727926911,-0.1571302283522646,0.6168040043789969,0.6140659588599788,-0.0027380455190180175,0.5553333333333333,0.5835868213970475,0.762010347376201
last3_place_percentage_rank,9,2026-06-13T04:12:01+00:00,2026-06-22T05:30:00+00:00,5410,500,0.9820305727926911,-0.15626413389813695,0.6051414175132467,0.6040726026864527,-0.0010688148267939956,0.5513333333333333,0.5704131786029534,0.7432105654761905
last3_place_percentage_rank,10,2026-06-22T05:45:00+00:00,2026-07-03T05:16:00+00:00,5910,500,0.9820305727926911,-0.15692502407023554,0.6023206162626358,0.6051860123293026,0.0028653960666668032,0.552,0.5843250239305746,0.7324190253866355
last3_place_percentage_rank,11,2026-07-03T05:20:00+00:00,2026-07-11T07:52:00+00:00,6410,500,0.9820305727926911,-0.1545246358810329,0.6080218701209745,0.606194409465123,-0.0018274606558514872,0.5513333333333333,0.5749278726022764,0.7471830985915493
last3_place_percentage_rank,12,2026-07-11T08:01:00+00:00,2026-07-22T02:07:00+00:00,6910,500,0.9820305727926911,-0.15583316205865336,0.619182764327878,0.6174538287464447,-0.0017289355814332774,0.564,0.5896874448353434,0.7521278701504355
recent_best_speed_rank,1,2026-03-15T06:10:00+00:00,2026-03-27T00:36:00+00:00,1410,500,0.9820305727926911,-0.07727443043880548,0.6300278256990635,0.6281527746578333,-0.0018750510412302024,0.5746666666666667,0.6047711490409109,0.7585066162570888
recent_best_speed_rank,2,2026-03-27T01:11:00+00:00,2026-04-04T06:44:00+00:00,1910,500,0.9820305727926911,-0.0655783824601281,0.6261517043389135,0.6252731560523428,-0.0008785482865707461,0.5746666666666667,0.6000783617806831,0.7516809290953546
recent_best_speed_rank,3,2026-04-04T06:50:00+00:00,2026-04-17T01:25:00+00:00,2410,500,0.9820305727926911,-0.06376895931007918,0.6280889408128764,0.6269963823171923,-0.001092558495684015,0.5693333333333334,0.6013410512052293,0.7679778113968734
recent_best_speed_rank,4,2026-04-17T01:44:00+00:00,2026-05-01T05:19:00+00:00,2910,500,0.9820305727926911,-0.06518047950584545,0.6112771681162608,0.6088400864712421,-0.002437081645018657,0.5513333333333333,0.5826936792183016,0.75
recent_best_speed_rank,5,2026-05-01T05:26:00+00:00,2026-05-14T06:40:00+00:00,3410,500,0.9820305727926911,-0.0634821782821305,0.5991614550260691,0.5971692729471749,-0.001992182078894178,0.536,0.5657097064929562,0.7509673852957435
recent_best_speed_rank,6,2026-05-14T06:52:00+00:00,2026-05-23T05:39:00+00:00,3910,500,0.9820305727926911,-0.056500079011885314,0.6118636575634334,0.6095487174396372,-0.002314940123796183,0.5506666666666666,0.581441674643525,0.7554198617816908
recent_best_speed_rank,7,2026-05-23T05:41:00+00:00,2026-06-03T05:24:00+00:00,4410,500,0.9820305727926911,-0.05454565761844243,0.6091878200109806,0.6103786550757432,0.0011908350647625854,0.5586666666666666,0.5802235085342049,0.7439577784354345
recent_best_speed_rank,8,2026-06-03T05:32:00+00:00,2026-06-13T04:10:01+00:00,4910,500,0.9820305727926911,-0.04702189056816149,0.6168040043789969,0.6144145410975119,-0.002389463281484927,0.556,0.5838325915888652,0.7618255728011826
recent_best_speed_rank,9,2026-06-13T04:12:01+00:00,2026-06-22T05:30:00+00:00,5410,500,0.9820305727926911,-0.045836526309931784,0.6051414175132467,0.6049160297040582,-0.0002253878091884598,0.5513333333333333,0.5732288509590899,0.7437686011904762
recent_best_speed_rank,10,2026-06-22T05:45:00+00:00,2026-07-03T05:16:00+00:00,5910,500,0.9820305727926911,-0.042910213012152656,0.6023206162626358,0.6045351399594203,0.0022145236967845428,0.5513333333333333,0.5830062343829588,0.7324676587880556
recent_best_speed_rank,11,2026-07-03T05:20:00+00:00,2026-07-11T07:52:00+00:00,6410,500,0.9820305727926911,-0.04547492942158161,0.6080218701209745,0.6089038847027988,0.000882014581824242,0.554,0.5793526280130726,0.748262910798122
recent_best_speed_rank,12,2026-07-11T08:01:00+00:00,2026-07-22T02:07:00+00:00,6910,500,0.9820305727926911,-0.050362518797263674,0.619182764327878,0.6204426998357562,0.0012599355078781738,0.568,0.5929501342598894,0.7528206650831354
recent_similar_distance_speed_rank,1,2026-03-15T06:10:00+00:00,2026-03-27T00:36:00+00:00,1410,500,0.9106619518705541,-0.08125494564775505,0.6300278256990635,0.6279664503485525,-0.0020613753505109855,0.5746666666666667,0.6040783617806834,0.7584541062801933
recent_similar_distance_speed_rank,2,2026-03-27T01:11:00+00:00,2026-04-04T06:44:00+00:00,1910,500,0.9106619518705541,-0.07554765739254479,0.6261517043389135,0.626311997734863,0.00016029339594947345,0.576,0.6013633128628424,0.7518846780766096
recent_similar_distance_speed_rank,3,2026-04-04T06:50:00+00:00,2026-04-17T01:25:00+00:00,2410,500,0.9106619518705541,-0.07877371472173883,0.6280889408128764,0.6249990974304224,-0.003089843382453994,0.5666666666666667,0.599441674643525,0.767221381744831
recent_similar_distance_speed_rank,4,2026-04-17T01:44:00+00:00,2026-05-01T05:19:00+00:00,2910,500,0.9106619518705541,-0.07618447769962532,0.6112771681162608,0.608013453643979,-0.003263714472281798,0.55,0.58210151539637,0.7499522991795459
recent_similar_distance_speed_rank,5,2026-05-01T05:26:00+00:00,2026-05-14T06:40:00+00:00,3410,500,0.9106619518705541,-0.07148662327792334,0.5991614550260691,0.5983177314544711,-0.0008437235715980096,0.538,0.5666260022873886,0.7506449235304957
recent_similar_distance_speed_rank,6,2026-05-14T06:52:00+00:00,2026-05-23T05:39:00+00:00,3910,500,0.9106619518705541,-0.06859800596246486,0.6118636575634334,0.6116997589530693,-0.00016389861036414377,0.5533333333333333,0.5837658066160258,0.7563665625295845
recent_similar_distance_speed_rank,7,2026-05-23T05:41:00+00:00,2026-06-03T05:24:00+00:00,4410,500,0.9106619518705541,-0.06915766140375626,0.6091878200109806,0.6106256709581541,0.0014378509471735246,0.5593333333333333,0.580223508534205,0.7436125086317451
recent_similar_distance_speed_rank,8,2026-06-03T05:32:00+00:00,2026-06-13T04:10:01+00:00,4910,500,0.9106619518705541,-0.06060951422015107,0.6168040043789969,0.6154179179044958,-0.0013860864745010026,0.5573333333333333,0.5849946575751156,0.762010347376201
recent_similar_distance_speed_rank,9,2026-06-13T04:12:01+00:00,2026-06-22T05:30:00+00:00,5410,500,0.9106619518705541,-0.05836190178363229,0.6051414175132467,0.6064498446951716,0.0013084271819249205,0.5533333333333333,0.5747595722330672,0.7443731398809523
recent_similar_distance_speed_rank,10,2026-06-22T05:45:00+00:00,2026-07-03T05:16:00+00:00,5910,500,0.9106619518705541,-0.05730048091531449,0.6023206162626358,0.6029242248511818,0.000603608588546023,0.5493333333333333,0.5806598407528449,0.7323703919852155
recent_similar_distance_speed_rank,11,2026-07-03T05:20:00+00:00,2026-07-11T07:52:00+00:00,6410,500,0.9106619518705541,-0.0572175186221443,0.6080218701209745,0.6091623055072924,0.0011404353863179173,0.5546666666666666,0.5794755131089818,0.7478403755868545
recent_similar_distance_speed_rank,12,2026-07-11T08:01:00+00:00,2026-07-22T02:07:00+00:00,6910,500,0.9106619518705541,-0.06102505740050384,0.619182764327878,0.6205668254409424,0.0013840611130644387,0.568,0.5933971513282991,0.7528701504354711
recent_weighted_avg_place_rank,1,2026-03-15T06:10:00+00:00,2026-03-27T00:36:00+00:00,1410,500,0.9820305727926911,-0.23215812246946774,0.6300278256990635,0.6258180571538454,-0.00420976854521804,0.572,0.6020783617806832,0.7571938668346986
recent_weighted_avg_place_rank,2,2026-03-27T01:11:00+00:00,2026-04-04T06:44:00+00:00,1910,500,0.9820305727926911,-0.22613060273847305,0.6261517043389135,0.6251657283774181,-0.0009859759614954111,0.5753333333333334,0.6003018703148882,0.7496943765281173
recent_weighted_avg_place_rank,3,2026-04-04T06:50:00+00:00,2026-04-17T01:25:00+00:00,2410,500,0.9820305727926911,-0.21386811949460974,0.6280889408128764,0.6277788156075215,-0.0003101252053548942,0.5713333333333334,0.6019332150271609,0.7665153807362582
recent_weighted_avg_place_rank,4,2026-04-17T01:44:00+00:00,2026-05-01T05:19:00+00:00,2910,500,0.9820305727926911,-0.20823530363458062,0.6112771681162608,0.6092436655859097,-0.002033502530351061,0.552,0.5825930557800056,0.7503816065636328
recent_weighted_avg_place_rank,5,2026-05-01T05:26:00+00:00,2026-05-14T06:40:00+00:00,3410,500,0.9820305727926911,-0.20162865805275124,0.5991614550260691,0.5972883903919485,-0.0018730646341206247,0.538,0.5649501342598889,0.7482034273079049
recent_weighted_avg_place_rank,6,2026-05-14T06:52:00+00:00,2026-05-23T05:39:00+00:00,3910,500,0.9820305727926911,-0.19867157770961164,0.6118636575634334,0.6059353445994745,-0.005928312963958904,0.5473333333333333,0.575642921520117,0.7534317902111143
recent_weighted_avg_place_rank,7,2026-05-23T05:41:00+00:00,2026-06-03T05:24:00+00:00,4410,500,0.9820305727926911,-0.19794459376584497,0.6091878200109806,0.6070527402156005,-0.0021350797953800793,0.5553333333333333,0.5750169192327284,0.7425273749630068
recent_weighted_avg_place_rank,8,2026-06-03T05:32:00+00:00,2026-06-13T04:10:01+00:00,4910,500,0.9820305727926911,-0.1907799704991517,0.6168040043789969,0.6143016925266997,-0.002502311852297101,0.5566666666666666,0.5819554766847742,0.7619179600886918
recent_weighted_avg_place_rank,9,2026-06-13T04:12:01+00:00,2026-06-22T05:30:00+00:00,5410,500,0.9820305727926911,-0.19266029793370432,0.6051414175132467,0.6056344130450202,0.0004929955317735102,0.5533333333333333,0.5737764914657952,0.7420944940476191
recent_weighted_avg_place_rank,10,2026-06-22T05:45:00+00:00,2026-07-03T05:16:00+00:00,5910,500,0.9820305727926911,-0.18668521715618253,0.6023206162626358,0.6030630193386713,0.0007424030760355693,0.5493333333333333,0.5829171877525066,0.7306682229355121
recent_weighted_avg_place_rank,11,2026-07-03T05:20:00+00:00,2026-07-11T07:52:00+00:00,6410,500,0.9820305727926911,-0.18257646849094386,0.6080218701209745,0.6062883061787381,-0.001733563942236449,0.5513333333333333,0.5749278726022764,0.7475586854460093
recent_weighted_avg_place_rank,12,2026-07-11T08:01:00+00:00,2026-07-22T02:07:00+00:00,6910,500,0.9820305727926911,-0.1834911590646137,0.619182764327878,0.6154218631269539,-0.003760901200924094,0.562,0.5869946575751155,0.7506927949326999
recent_weighted_avg_margin_rank,1,2026-03-15T06:10:00+00:00,2026-03-27T00:36:00+00:00,1410,500,0.9820305727926911,-0.2570548460492526,0.6300278256990635,0.6264975662729553,-0.0035302594261081843,0.5733333333333334,0.6032849510821595,0.7560386473429952
recent_weighted_avg_margin_rank,2,2026-03-27T01:11:00+00:00,2026-04-04T06:44:00+00:00,1910,500,0.9820305727926911,-0.256857336270203,0.6261517043389135,0.621912318655656,-0.004239385683257546,0.5713333333333334,0.5976313447122736,0.7473512632436837
recent_weighted_avg_margin_rank,3,2026-04-04T06:50:00+00:00,2026-04-17T01:25:00+00:00,2410,500,0.9820305727926911,-0.2395662380439159,0.6280889408128764,0.6248208687339536,-0.003268072078922768,0.5693333333333334,0.5958664300543218,0.764750378214826
recent_weighted_avg_margin_rank,4,2026-04-17T01:44:00+00:00,2026-05-01T05:19:00+00:00,2910,500,0.9820305727926911,-0.23834448132053906,0.6112771681162608,0.6062531434236411,-0.005024024692619644,0.55,0.5766821024104584,0.7483304712841061
recent_weighted_avg_margin_rank,5,2026-05-01T05:26:00+00:00,2026-05-14T06:40:00+00:00,3410,500,0.9820305727926911,-0.23485271834754837,0.5991614550260691,0.5957625896088441,-0.0033988654172250055,0.5366666666666666,0.5628495108215933,0.7468675142804496
recent_weighted_avg_margin_rank,6,2026-05-14T06:52:00+00:00,2026-05-23T05:39:00+00:00,3910,500,0.9820305727926911,-0.2346484870627176,0.6118636575634334,0.6066871452089887,-0.005176512354444718,0.5473333333333333,0.5774194129859122,0.754662501183376
recent_weighted_avg_margin_rank,7,2026-05-23T05:41:00+00:00,2026-06-03T05:24:00+00:00,4410,500,0.9820305727926911,-0.23341258969939435,0.6091878200109806,0.6049041518476829,-0.004283668163297727,0.5526666666666666,0.573284951082159,0.7409983229752393
recent_weighted_avg_margin_rank,8,2026-06-03T05:32:00+00:00,2026-06-13T04:10:01+00:00,4910,500,0.9820305727926911,-0.22849635536978044,0.6168040043789969,0.6140032342166051,-0.0028007701623917747,0.5573333333333333,0.5801674084111356,0.7611788617886179
recent_weighted_avg_margin_rank,9,2026-06-13T04:12:01+00:00,2026-06-22T05:30:00+00:00,5410,500,0.9820305727926911,-0.2302133415881411,0.6051414175132467,0.6033553996889677,-0.001786017824279007,0.5506666666666666,0.5695752445892042,0.7425130208333334
recent_weighted_avg_margin_rank,10,2026-06-22T05:45:00+00:00,2026-07-03T05:16:00+00:00,5910,500,0.9820305727926911,-0.22645201669885934,0.6023206162626358,0.6059584911232992,0.0036378748606634703,0.5533333333333333,0.5850400728484154,0.732127224978115
recent_weighted_avg_margin_rank,11,2026-07-03T05:20:00+00:00,2026-07-11T07:52:00+00:00,6410,500,0.9820305727926911,-0.22177238492863774,0.6080218701209745,0.6036785920663975,-0.0043432780545770155,0.5486666666666666,0.5732965278900033,0.7440845070422535
recent_weighted_avg_margin_rank,12,2026-07-11T08:01:00+00:00,2026-07-22T02:07:00+00:00,6910,500,0.9820305727926911,-0.21609186047263093,0.619182764327878,0.6216203580049955,0.002437593677117489,0.5706666666666667,0.5928717724792062,0.7522763262074426
recent_weighted_win_rate_rank,1,2026-03-15T06:10:00+00:00,2026-03-27T00:36:00+00:00,1410,500,0.9820305727926911,-0.11230904116032706,0.6300278256990635,0.6276926998652338,-0.0023351258338296654,0.5746666666666667,0.6035084596163647,0.7579290065112372
recent_weighted_win_rate_rank,2,2026-03-27T01:11:00+00:00,2026-04-04T06:44:00+00:00,1910,500,0.9820305727926911,-0.1101628062830795,0.6261517043389135,0.6261671495297917,1.544519087814944e-05,0.576,0.601955476684774,0.7507131214343928
recent_weighted_win_rate_rank,3,2026-04-04T06:50:00+00:00,2026-04-17T01:25:00+00:00,2410,500,0.9820305727926911,-0.10510049608520326,0.6280889408128764,0.6289218794724574,0.0008329386595810062,0.572,0.6037097064929562,0.7679778113968734
recent_weighted_win_rate_rank,4,2026-04-17T01:44:00+00:00,2026-05-01T05:19:00+00:00,2910,500,0.9820305727926911,-0.09732220472594369,0.6112771681162608,0.6080492292593196,-0.0032279388569411704,0.55,0.5821015153963701,0.7500954016409083
recent_weighted_win_rate_rank,5,2026-05-01T05:26:00+00:00,2026-05-14T06:40:00+00:00,3410,500,0.9820305727926911,-0.0891539743003551,0.5991614550260691,0.5992371479021629,7.569287609376918e-05,0.54,0.5669946575751154,0.749953934033536
recent_weighted_win_rate_rank,6,2026-05-14T06:52:00+00:00,2026-05-23T05:39:00+00:00,3910,500,0.9820305727926911,-0.09570786331091169,0.6118636575634334,0.6103536271264003,-0.0015100304370331274,0.552,0.5810952810134113,0.7563192274921897
recent_weighted_win_rate_rank,7,2026-05-23T05:41:00+00:00,2026-06-03T05:24:00+00:00,4410,500,0.9820305727926911,-0.0925671116863823,0.6091878200109806,0.6078791942614643,-0.00130862574951629,0.5553333333333333,0.5773855745204554,0.7434645358587353
recent_weighted_win_rate_rank,8,2026-06-03T05:32:00+00:00,2026-06-13T04:10:01+00:00,4910,500,0.9820305727926911,-0.09089298606709398,0.6168040043789969,0.6143777366062996,-0.002426267772697277,0.5553333333333333,0.584279608657275,0.7625646711012565
recent_weighted_win_rate_rank,9,2026-06-13T04:12:01+00:00,2026-06-22T05:30:00+00:00,5410,500,0.9820305727926911,-0.08936227066248964,0.6051414175132467,0.6069657490009226,0.001824331487675912,0.554,0.5756758680274995,0.7441871279761905
recent_weighted_win_rate_rank,10,2026-06-22T05:45:00+00:00,2026-07-03T05:16:00+00:00,5910,500,0.9820305727926911,-0.08914418808673379,0.6023206162626358,0.6031662963090088,0.0008456800463729763,0.5493333333333333,0.5816767599855732,0.7323217585837953
recent_weighted_win_rate_rank,11,2026-07-03T05:20:00+00:00,2026-07-11T07:52:00+00:00,6410,500,0.9820305727926911,-0.08645748513080274,0.6080218701209745,0.609659906878939,0.0016380367579644783,0.5553333333333333,0.5799447918350047,0.7480281690140845
recent_weighted_win_rate_rank,12,2026-07-11T08:01:00+00:00,2026-07-22T02:07:00+00:00,6910,500,0.9820305727926911,-0.08693782106776246,0.619182764327878,0.6184528601762216,-0.0007299041516564131,0.5673333333333334,0.5884024937531839,0.7507422802850356
recent_weighted_top3_rate_rank,1,2026-03-15T06:10:00+00:00,2026-03-27T00:36:00+00:00,1410,500,0.9820305727926911,-0.1942777596989558,0.6300278256990635,0.6281598475309522,-0.0018679781681112395,0.5753333333333334,0.6042012468765922,0.7577714765805503
recent_weighted_top3_rate_rank,2,2026-03-27T01:11:00+00:00,2026-04-04T06:44:00+00:00,1910,500,0.9820305727926911,-0.19417667304276737,0.6261517043389135,0.6261055755566395,-4.612878227405748e-05,0.5766666666666667,0.6028717724792065,0.748217196414018
recent_weighted_top3_rate_rank,3,2026-04-04T06:50:00+00:00,2026-04-17T01:25:00+00:00,2410,500,0.9820305727926911,-0.18085584332393267,0.6280889408128764,0.6254302586607906,-0.002658682152085756,0.568,0.5996090830546603,0.7661119515885023
recent_weighted_top3_rate_rank,4,2026-04-17T01:44:00+00:00,2026-05-01T05:19:00+00:00,2910,500,0.9820305727926911,-0.17048760259388437,0.6112771681162608,0.6061161213744346,-0.0051610467418261585,0.548,0.5790845961636418,0.7493798893340965
recent_weighted_top3_rate_rank,5,2026-05-01T05:26:00+00:00,2026-05-14T06:40:00+00:00,3410,500,0.9820305727926911,-0.17013275019469748,0.5991614550260691,0.59667949959173,-0.002481955434339156,0.5373333333333333,0.563709706492956,0.7483416252072969
recent_weighted_top3_rate_rank,6,2026-05-14T06:52:00+00:00,2026-05-23T05:39:00+00:00,3910,500,0.9820305727926911,-0.16411200842310758,0.6118636575634334,0.6071357092218717,-0.004727948341561761,0.5486666666666666,0.5779670534926175,0.7532424500615356
recent_weighted_top3_rate_rank,7,2026-05-23T05:41:00+00:00,2026-06-03T05:24:00+00:00,4410,500,0.9820305727926911,-0.16388182996974773,0.6091878200109806,0.6069852612499947,-0.002202558760985851,0.5546666666666666,0.5761789852189787,0.742428726447667
recent_weighted_top3_rate_rank,8,2026-06-03T05:32:00+00:00,2026-06-13T04:10:01+00:00,4910,500,0.9820305727926911,-0.15938557157859032,0.6168040043789969,0.6147743774087295,-0.0020296269702673175,0.556,0.5843018703148883,0.7627956393200296
recent_weighted_top3_rate_rank,9,2026-06-13T04:12:01+00:00,2026-06-22T05:30:00+00:00,5410,500,0.9820305727926911,-0.158463558305788,0.6051414175132467,0.606879963126258,0.0017385456130113441,0.5553333333333333,0.5739216382193175,0.7429315476190477
recent_weighted_top3_rate_rank,10,2026-06-22T05:45:00+00:00,2026-07-03T05:16:00+00:00,5910,500,0.9820305727926911,-0.15716656014298985,0.6023206162626358,0.6053506187127089,0.0030300024500731215,0.5526666666666666,0.5846714175606886,0.7313977239568136
recent_weighted_top3_rate_rank,11,2026-07-03T05:20:00+00:00,2026-07-11T07:52:00+00:00,6410,500,0.9820305727926911,-0.1542736028013845,0.6080218701209745,0.6060373373118703,-0.001984532809104267,0.5513333333333333,0.5750507576981851,0.7464319248826291
recent_weighted_top3_rate_rank,12,2026-07-11T08:01:00+00:00,2026-07-22T02:07:00+00:00,6910,500,0.9820305727926911,-0.15545642168948806,0.619182764327878,0.6196963771342985,0.0005136128064204826,0.5673333333333334,0.5917435449584129,0.752375296912114
recent_finish_percentile_rank,1,2026-03-15T06:10:00+00:00,2026-03-27T00:36:00+00:00,1410,500,0.9509486921944441,-0.24411892841871,0.6300278256990635,0.6248732434883647,-0.005154582210698755,0.5706666666666667,0.6019109533695479,0.7562486872505776
recent_finish_percentile_rank,2,2026-03-27T01:11:00+00:00,2026-04-04T06:44:00+00:00,1910,500,0.9509486921944441,-0.24121013641198533,0.6261517043389135,0.6256267175871186,-0.0005249867517949092,0.576,0.6002012468765922,0.7503056234718827
recent_finish_percentile_rank,3,2026-04-04T06:50:00+00:00,2026-04-17T01:25:00+00:00,2410,500,0.9509486921944441,-0.22938280557660043,0.6280889408128764,0.628335734200842,0.000246793387965627,0.5713333333333334,0.6027488873832975,0.7679273827534039
recent_finish_percentile_rank,4,2026-04-17T01:44:00+00:00,2026-05-01T05:19:00+00:00,2910,500,0.9509486921944441,-0.22371830891149558,0.6112771681162608,0.6049078274731013,-0.006369340643159416,0.546,0.5790623345060286,0.7485689753863767
recent_finish_percentile_rank,5,2026-05-01T05:26:00+00:00,2026-05-14T06:40:00+00:00,3410,500,0.9509486921944441,-0.21064817257848256,0.5991614550260691,0.5975550048383034,-0.001606450187765729,0.5393333333333333,0.5645476405067054,0.7470057121798416
recent_finish_percentile_rank,6,2026-05-14T06:52:00+00:00,2026-05-23T05:39:00+00:00,3910,500,0.9509486921944441,-0.2028077146177992,0.6118636575634334,0.6090136865904869,-0.0028499709729464806,0.5506666666666666,0.5800115768078439,0.7547098362207706
recent_finish_percentile_rank,7,2026-05-23T05:41:00+00:00,2026-06-03T05:24:00+00:00,4410,500,0.9509486921944441,-0.20154892270662422,0.6091878200109806,0.6028680242517399,-0.006319795759240687,0.55,0.5718548532464782,0.7396172437604814
recent_finish_percentile_rank,8,2026-06-03T05:32:00+00:00,2026-06-13T04:10:01+00:00,4910,500,0.9509486921944441,-0.19392991007664923,0.6168040043789969,0.6144218712123575,-0.0023821331666393775,0.5553333333333333,0.5841789852189793,0.7628418329637842
recent_finish_percentile_rank,9,2026-06-13T04:12:01+00:00,2026-06-22T05:30:00+00:00,5410,500,0.9509486921944441,-0.20136680456193,0.6051414175132467,0.6013475826878775,-0.0037938348253692133,0.5466666666666666,0.5697764914657957,0.7422805059523809
recent_finish_percentile_rank,10,2026-06-22T05:45:00+00:00,2026-07-03T05:16:00+00:00,5910,500,0.9509486921944441,-0.19809073066624683,0.6023206162626358,0.6042448065853788,0.0019241903227430468,0.5506666666666666,0.5839563686428481,0.7316895243653341
recent_finish_percentile_rank,11,2026-07-03T05:20:00+00:00,2026-07-11T07:52:00+00:00,6410,500,0.9509486921944441,-0.19593337682849093,0.6080218701209745,0.6087812044489421,0.0007593343279675979,0.5546666666666666,0.5789839727253461,0.7468075117370891
recent_finish_percentile_rank,12,2026-07-11T08:01:00+00:00,2026-07-22T02:07:00+00:00,6910,500,0.9509486921944441,-0.19615344259490175,0.619182764327878,0.6129520309322323,-0.006230733395645727,0.5593333333333333,0.5832404277669337,0.7499010292953285
dry_rating_rank,1,2026-03-15T06:10:00+00:00,2026-03-27T00:36:00+00:00,1410,500,0.9989267876553062,-0.24395571483973533,0.6300278256990635,0.6279863010492619,-0.0020415246498015627,0.576,0.6040115768078439,0.755933627389204
dry_rating_rank,2,2026-03-27T01:11:00+00:00,2026-04-04T06:44:00+00:00,1910,500,0.9989267876553062,-0.2424297724737188,0.6261517043389135,0.6253947636511819,-0.0007569406877316887,0.576,0.5980000000000003,0.751579054604727
dry_rating_rank,3,2026-04-04T06:50:00+00:00,2026-04-17T01:25:00+00:00,2410,500,0.9989267876553062,-0.2421461417697263,0.6280889408128764,0.6265258100191355,-0.001563130793740819,0.57,0.6012520045747771,0.764851235501765
dry_rating_rank,4,2026-04-17T01:44:00+00:00,2026-05-01T05:19:00+00:00,2910,500,0.9989267876553062,-0.24040925742101307,0.6112771681162608,0.6098527476175126,-0.0014244204987481357,0.5546666666666666,0.5809839727253454,0.7490936844113719
dry_rating_rank,5,2026-05-01T05:26:00+00:00,2026-05-14T06:40:00+00:00,3410,500,0.9989267876553062,-0.2318472157693516,0.5991614550260691,0.5958186601507633,-0.0033427948753057546,0.5373333333333333,0.561832591588865,0.7467753823475216
dry_rating_rank,6,2026-05-14T06:52:00+00:00,2026-05-23T05:39:00+00:00,3910,500,0.9989267876553062,-0.21793010242556374,0.6118636575634334,0.6089439398736249,-0.0029197176898084765,0.5506666666666666,0.5807266257256842,0.7537158004354824
dry_rating_rank,7,2026-05-23T05:41:00+00:00,2026-06-03T05:24:00+00:00,4410,500,0.9989267876553062,-0.21917919509520248,0.6091878200109806,0.6063613122834213,-0.0028265077275593242,0.5546666666666666,0.5749162957944327,0.7411956200059189
dry_rating_rank,8,2026-06-03T05:32:00+00:00,2026-06-13T04:10:01+00:00,4910,500,0.9989267876553062,-0.21697953075211926,0.6168040043789969,0.6135171003286267,-0.003286904050370132,0.5546666666666666,0.5841567235613658,0.7605783444198079
dry_rating_rank,9,2026-06-13T04:12:01+00:00,2026-06-22T05:30:00+00:00,5410,500,0.9989267876553062,-0.2201017092607396,0.6051414175132467,0.6058952750097253,0.0007538574964786049,0.5526666666666666,0.5750837042055676,0.7431640625
dry_rating_rank,10,2026-06-22T05:45:00+00:00,2026-07-03T05:16:00+00:00,5910,500,0.9989267876553062,-0.21608539562968848,0.6023206162626358,0.5993260914627176,-0.00299452479991813,0.546,0.5765814789721623,0.7287228868787083
dry_rating_rank,11,2026-07-03T05:20:00+00:00,2026-07-11T07:52:00+00:00,6410,500,0.9989267876553062,-0.20961937034300698,0.6080218701209745,0.6059232785716788,-0.002098591549295703,0.5513333333333333,0.5757212833007996,0.7453051643192489
dry_rating_rank,12,2026-07-11T08:01:00+00:00,2026-07-22T02:07:00+00:00,6910,500,0.9989267876553062,-0.20645883192838055,0.619182764327878,0.6176762303432516,-0.0015065339846264125,0.5646666666666667,0.5908272491639801,0.7505443388756928
wet_rating_rank,1,2026-03-15T06:10:00+00:00,2026-03-27T00:36:00+00:00,1410,500,0.9989267876553062,-0.24395571483973533,0.6300278256990635,0.6279863010492619,-0.0020415246498015627,0.576,0.6040115768078439,0.755933627389204
wet_rating_rank,2,2026-03-27T01:11:00+00:00,2026-04-04T06:44:00+00:00,1910,500,0.9989267876553062,-0.2424297724737188,0.6261517043389135,0.6253947636511819,-0.0007569406877316887,0.576,0.5980000000000003,0.751579054604727
wet_rating_rank,3,2026-04-04T06:50:00+00:00,2026-04-17T01:25:00+00:00,2410,500,0.9989267876553062,-0.2421461417697263,0.6280889408128764,0.6265258100191355,-0.001563130793740819,0.57,0.6012520045747771,0.764851235501765
wet_rating_rank,4,2026-04-17T01:44:00+00:00,2026-05-01T05:19:00+00:00,2910,500,0.9989267876553062,-0.24040925742101307,0.6112771681162608,0.6098527476175126,-0.0014244204987481357,0.5546666666666666,0.5809839727253454,0.7490936844113719
wet_rating_rank,5,2026-05-01T05:26:00+00:00,2026-05-14T06:40:00+00:00,3410,500,0.9989267876553062,-0.2318472157693516,0.5991614550260691,0.5958186601507633,-0.0033427948753057546,0.5373333333333333,0.561832591588865,0.7467753823475216
wet_rating_rank,6,2026-05-14T06:52:00+00:00,2026-05-23T05:39:00+00:00,3910,500,0.9989267876553062,-0.21793010242556374,0.6118636575634334,0.6089439398736249,-0.0029197176898084765,0.5506666666666666,0.5807266257256842,0.7537158004354824
wet_rating_rank,7,2026-05-23T05:41:00+00:00,2026-06-03T05:24:00+00:00,4410,500,0.9989267876553062,-0.21917919509520248,0.6091878200109806,0.6063613122834213,-0.0028265077275593242,0.5546666666666666,0.5749162957944327,0.7411956200059189
wet_rating_rank,8,2026-06-03T05:32:00+00:00,2026-06-13T04:10:01+00:00,4910,500,0.9989267876553062,-0.21697953075211926,0.6168040043789969,0.6135171003286267,-0.003286904050370132,0.5546666666666666,0.5841567235613658,0.7605783444198079
wet_rating_rank,9,2026-06-13T04:12:01+00:00,2026-06-22T05:30:00+00:00,5410,500,0.9989267876553062,-0.2201017092607396,0.6051414175132467,0.6058952750097253,0.0007538574964786049,0.5526666666666666,0.5750837042055676,0.7431640625
wet_rating_rank,10,2026-06-22T05:45:00+00:00,2026-07-03T05:16:00+00:00,5910,500,0.9989267876553062,-0.21608539562968848,0.6023206162626358,0.5993260914627176,-0.00299452479991813,0.546,0.5765814789721623,0.7287228868787083
wet_rating_rank,11,2026-07-03T05:20:00+00:00,2026-07-11T07:52:00+00:00,6410,500,0.9989267876553062,-0.20961937034300698,0.6080218701209745,0.6059232785716788,-0.002098591549295703,0.5513333333333333,0.5757212833007996,0.7453051643192489
wet_rating_rank,12,2026-07-11T08:01:00+00:00,2026-07-22T02:07:00+00:00,6910,500,0.9989267876553062,-0.20645883192838055,0.619182764327878,0.6176762303432516,-0.0015065339846264125,0.5646666666666667,0.5908272491639801,0.7505443388756928
prize_money_rank,1,2026-03-15T06:10:00+00:00,2026-03-27T00:36:00+00:00,1410,500,0.9989267876553062,-0.1153855063654544,0.6300278256990635,0.6312294085628725,0.0012015828638090031,0.5793333333333334,0.6075868213970476,0.7586641461877757
prize_money_rank,2,2026-03-27T01:11:00+00:00,2026-04-04T06:44:00+00:00,1910,500,0.9989267876553062,-0.11544788527789696,0.6261517043389135,0.6264447626072469,0.00029305826833336823,0.576,0.602301870314888,0.7514771801140995
prize_money_rank,3,2026-04-04T06:50:00+00:00,2026-04-17T01:25:00+00:00,2410,500,0.9989267876553062,-0.11342493113586057,0.6280889408128764,0.6262588707180903,-0.0018300700947860848,0.5673333333333334,0.6006260022873887,0.7697428139183056
prize_money_rank,4,2026-04-17T01:44:00+00:00,2026-05-01T05:19:00+00:00,2910,500,0.9989267876553062,-0.10869405018916999,0.6112771681162608,0.6072703517629477,-0.004006816353313014,0.5493333333333333,0.5809394494101194,0.7494752909750048
prize_money_rank,5,2026-05-01T05:26:00+00:00,2026-05-14T06:40:00+00:00,3410,500,0.9989267876553062,-0.10717226001981835,0.5991614550260691,0.5995310431587793,0.00036958813271015245,0.54,0.5673410512052293,0.7507831214298876
prize_money_rank,6,2026-05-14T06:52:00+00:00,2026-05-23T05:39:00+00:00,3910,500,0.9989267876553062,-0.10073865043549099,0.6118636575634334,0.6094225406805363,-0.0024411168828971652,0.5506666666666666,0.5811736427940942,0.7551831865947174
prize_money_rank,7,2026-05-23T05:41:00+00:00,2026-06-03T05:24:00+00:00,4410,500,0.9989267876553062,-0.09313461138272872,0.6091878200109806,0.6120699384162627,0.0028821184052820747,0.5613333333333334,0.5811620659862505,0.7444510210121338
prize_money_rank,8,2026-06-03T05:32:00+00:00,2026-06-13T04:10:01+00:00,4910,500,0.9989267876553062,-0.09144081328893554,0.6168040043789969,0.6161397204363043,-0.0006642839426925784,0.558,0.5861789852189793,0.7623798965262379
prize_money_rank,9,2026-06-13T04:12:01+00:00,2026-06-22T05:30:00+00:00,5410,500,0.9989267876553062,-0.08842256816690919,0.6051414175132467,0.6068758367656777,0.0017344192524310076,0.554,0.5750837042055679,0.7444196428571429
prize_money_rank,10,2026-06-22T05:45:00+00:00,2026-07-03T05:16:00+00:00,5910,500,0.9989267876553062,-0.08871662439556638,0.6023206162626358,0.6028214554214998,0.0005008391588640082,0.5486666666666666,0.5819225301773912,0.7320299581752748
prize_money_rank,11,2026-07-03T05:20:00+00:00,2026-07-11T07:52:00+00:00,6410,500,0.9989267876553062,-0.09081737530964676,0.6080218701209745,0.6067139486997806,-0.0013079214211939583,0.5513333333333333,0.5774755131089816,0.7467136150234742
prize_money_rank,12,2026-07-11T08:01:00+00:00,2026-07-22T02:07:00+00:00,6910,500,0.9989267876553062,-0.08584199760202454,0.619182764327878,0.6195419443975999,0.0003591800697219094,0.5673333333333334,0.5909278726022762,0.7525732383214568
career_win_rate_rank,1,2026-03-15T06:10:00+00:00,2026-03-27T00:36:00+00:00,1410,500,0.9510450061228141,-0.09080493425760146,0.6300278256990635,0.6287747647897893,-0.0012530609092741285,0.576,0.6051175426710247,0.7579815164881327
career_win_rate_rank,2,2026-03-27T01:11:00+00:00,2026-04-04T06:44:00+00:00,1910,500,0.9510450061228141,-0.0952796315811879,0.6261517043389135,0.6241099948991706,-0.0020417094397429114,0.5733333333333334,0.5991620659862505,0.7506112469437652
career_win_rate_rank,3,2026-04-04T06:50:00+00:00,2026-04-17T01:25:00+00:00,2410,500,0.9510450061228141,-0.09096861950982736,0.6280889408128764,0.6264596242292771,-0.0016293165835992163,0.5686666666666667,0.6017880682736391,0.7667170953101362
career_win_rate_rank,4,2026-04-17T01:44:00+00:00,2026-05-01T05:19:00+00:00,2910,500,0.9510450061228141,-0.09150270998378449,0.6112771681162608,0.6088524682389583,-0.0024246998773024275,0.5506666666666666,0.5834087281361424,0.7506678114863575
career_win_rate_rank,5,2026-05-01T05:26:00+00:00,2026-05-14T06:40:00+00:00,3410,500,0.9510450061228141,-0.08305961631170339,0.5991614550260691,0.5980699021643187,-0.0010915528617504444,0.538,0.5662796086572747,0.75
career_win_rate_rank,6,2026-05-14T06:52:00+00:00,2026-05-23T05:39:00+00:00,3910,500,0.9510450061228141,-0.08143671815359814,0.6118636575634334,0.6125628727025886,0.0006992151391551626,0.554,0.5847488873832976,0.7575026034270567
career_win_rate_rank,7,2026-05-23T05:41:00+00:00,2026-06-03T05:24:00+00:00,4410,500,0.9510450061228141,-0.07953805461492422,0.6091878200109806,0.6079657926689928,-0.0012220273419878414,0.5553333333333333,0.5777319681505693,0.7434645358587353
career_win_rate_rank,8,2026-06-03T05:32:00+00:00,2026-06-13T04:10:01+00:00,4910,500,0.9510450061228141,-0.07062031563098643,0.6168040043789969,0.614722394884994,-0.002081609494002823,0.556,0.5846482639450018,0.7622413155949741
career_win_rate_rank,9,2026-06-13T04:12:01+00:00,2026-06-22T05:30:00+00:00,5410,500,0.9510450061228141,-0.07468195009148991,0.6051414175132467,0.6054942186882128,0.00035280117496616636,0.552,0.5740222616576134,0.7439546130952381
career_win_rate_rank,10,2026-06-22T05:45:00+00:00,2026-07-03T05:16:00+00:00,5910,500,0.9510450061228141,-0.07210815043865561,0.6023206162626358,0.6035740696995155,0.00125345343687977,0.55,0.582023153615687,0.7322731251823753
career_win_rate_rank,11,2026-07-03T05:20:00+00:00,2026-07-11T07:52:00+00:00,6410,500,0.9510450061228141,-0.0696132469457449,0.6080218701209745,0.6098876576199685,0.0018657874989940204,0.556,0.579475513108982,0.748075117370892
career_win_rate_rank,12,2026-07-11T08:01:00+00:00,2026-07-22T02:07:00+00:00,6910,500,0.9510450061228141,-0.06683779702340559,0.619182764327878,0.6189600802423674,-0.00022268408551062713,0.5673333333333334,0.5901344619037528,0.7510391923990499
career_place_rate_rank,1,2026-03-15T06:10:00+00:00,2026-03-27T00:36:00+00:00,1410,500,0.9510450061228141,-0.13018577540198614,0.6300278256990635,0.6310419851247179,0.001014159425654415,0.5793333333333334,0.606994657575116,0.7585066162570888
career_place_rate_rank,2,2026-03-27T01:11:00+00:00,2026-04-04T06:44:00+00:00,1910,500,0.9510450061228141,-0.13104730124763647,0.6261517043389135,0.624198678660083,-0.001953025678830489,0.5733333333333334,0.600178985218979,0.7499490627546862
career_place_rate_rank,3,2026-04-04T06:50:00+00:00,2026-04-17T01:25:00+00:00,2410,500,0.9510450061228141,-0.13139330157068305,0.6280889408128764,0.6275370358373461,-0.0005519049755302596,0.5706666666666667,0.6012404277669338,0.7675743822491174
career_place_rate_rank,4,2026-04-17T01:44:00+00:00,2026-05-01T05:19:00+00:00,2910,500,0.9510450061228141,-0.12978579635692264,0.6112771681162608,0.6113575225803216,8.035446406085e-05,0.5546666666666666,0.5852858430402335,0.7508109139477199
career_place_rate_rank,5,2026-05-01T05:26:00+00:00,2026-05-14T06:40:00+00:00,3410,500,0.9510450061228141,-0.12387294812328477,0.5991614550260691,0.5985267315537423,-0.000634723472326848,0.5393333333333333,0.5658548532464782,0.7495854063018242
career_place_rate_rank,6,2026-05-14T06:52:00+00:00,2026-05-23T05:39:00+00:00,3910,500,0.9510450061228141,-0.12423982526740922,0.6118636575634334,0.6075766413555137,-0.004287016207919714,0.5473333333333333,0.5798886917119348,0.7557512070434536
career_place_rate_rank,7,2026-05-23T05:41:00+00:00,2026-06-03T05:24:00+00:00,4410,500,0.9510450061228141,-0.12403385961016772,0.6091878200109806,0.6092923148973298,0.00010449488634922677,0.5573333333333333,0.5786927872602275,0.7438098056624248
career_place_rate_rank,8,2026-06-03T05:32:00+00:00,2026-06-13T04:10:01+00:00,4910,500,0.9510450061228141,-0.12746459040318542,0.6168040043789969,0.6132536339618031,-0.003550370417193749,0.5546666666666666,0.5821789852189792,0.7615022172949002
career_place_rate_rank,9,2026-06-13T04:12:01+00:00,2026-06-22T05:30:00+00:00,5410,500,0.9510450061228141,-0.13054656288099564,0.6051414175132467,0.6094766597191488,0.00433524220590209,0.558,0.5768824573289761,0.7450241815476191
career_place_rate_rank,10,2026-06-22T05:45:00+00:00,2026-07-03T05:16:00+00:00,5910,500,0.9510450061228141,-0.13131995427173546,0.6023206162626358,0.6053143372644918,0.00299372100185602,0.5533333333333333,0.5822689238075052,0.7323217585837953
career_place_rate_rank,11,2026-07-03T05:20:00+00:00,2026-07-11T07:52:00+00:00,6410,500,0.9510450061228141,-0.12856443387360303,0.6080218701209745,0.6062377301412629,-0.0017841399797116075,0.552,0.5746598407528453,0.7462910798122065
career_place_rate_rank,12,2026-07-11T08:01:00+00:00,2026-07-22T02:07:00+00:00,6910,500,0.9510450061228141,-0.12482543142190235,0.619182764327878,0.619194029687623,1.1265359745049608e-05,0.568,0.590033838465457,0.7507422802850356
distance_win_rate_rank,1,2026-03-15T06:10:00+00:00,2026-03-27T00:36:00+00:00,1410,500,0.7199190963001693,-0.06279743467804579,0.6300278256990635,0.6293709193699651,-0.0006569063290983168,0.5766666666666667,0.6054861979587515,0.7586641461877757
distance_win_rate_rank,2,2026-03-27T01:11:00+00:00,2026-04-04T06:44:00+00:00,1910,500,0.7199190963001693,-0.05360843049565596,0.6261517043389135,0.6257905042664567,-0.0003612000724568798,0.5753333333333334,0.6009162957944328,0.751579054604727
distance_win_rate_rank,3,2026-04-04T06:50:00+00:00,2026-04-17T01:25:00+00:00,2410,500,0.7199190963001693,-0.06152284682876201,0.6280889408128764,0.6277951391428491,-0.00029380167002723834,0.57,0.6027488873832977,0.7684316691880988
distance_win_rate_rank,4,2026-04-17T01:44:00+00:00,2026-05-01T05:19:00+00:00,2910,500,0.7199190963001693,-0.05875667493236094,0.6112771681162608,0.6108328748921319,-0.0004442932241288666,0.554,0.5851406962867111,0.7501908032818164
distance_win_rate_rank,5,2026-05-01T05:26:00+00:00,2026-05-14T06:40:00+00:00,3410,500,0.7199190963001693,-0.06446278975452484,0.5991614550260691,0.5997782275254011,0.0006167724993320078,0.5406666666666666,0.567687444835343,0.750092131932928
distance_win_rate_rank,6,2026-05-14T06:52:00+00:00,2026-05-23T05:39:00+00:00,3910,500,0.7199190963001693,-0.0559540588514721,0.6118636575634334,0.6122199261831236,0.000356268619690181,0.554,0.5841344619037526,0.7567452428287418
distance_win_rate_rank,7,2026-05-23T05:41:00+00:00,2026-06-03T05:24:00+00:00,4410,500,0.7199190963001693,-0.05614447213164848,0.6091878200109806,0.6062991487298173,-0.002888671281163324,0.5533333333333333,0.5752626894245464,0.7432672388280557
distance_win_rate_rank,8,2026-06-03T05:32:00+00:00,2026-06-13T04:10:01+00:00,4910,500,0.7199190963001693,-0.054755541940798604,0.6168040043789969,0.6138345021873967,-0.002969502191600193,0.5546666666666666,0.5834861979587515,0.7625184774575019
distance_win_rate_rank,9,2026-06-13T04:12:01+00:00,2026-06-22T05:30:00+00:00,5410,500,0.7199190963001693,-0.05318797244401007,0.6051414175132467,0.604724109670775,-0.0004173078424717369,0.5506666666666666,0.5733294743973858,0.7442336309523809
distance_win_rate_rank,10,2026-06-22T05:45:00+00:00,2026-07-03T05:16:00+00:00,5910,500,0.7199190963001693,-0.04894717193372776,0.6023206162626358,0.6024151091984749,9.449293583907448e-05,0.5486666666666666,0.580637579095232,0.7316895243653341
distance_win_rate_rank,11,2026-07-03T05:20:00+00:00,2026-07-11T07:52:00+00:00,6410,500,0.7199190963001693,-0.04315332646579827,0.6080218701209745,0.6085311573713099,0.0005092872503353885,0.554,0.5786598407528453,0.7474647887323944
distance_win_rate_rank,12,2026-07-11T08:01:00+00:00,2026-07-22T02:07:00+00:00,6910,500,0.7199190963001693,-0.04336624196020813,0.619182764327878,0.6195464038336644,0.00036363950578643944,0.568,0.5908495108215935,0.7513361045130641
track_win_rate_rank,1,2026-03-15T06:10:00+00:00,2026-03-27T00:36:00+00:00,1410,500,0.5871434664758733,-0.04841773170678246,0.6300278256990635,0.6288708521725217,-0.0011569735265417602,0.576,0.6048717724792068,0.75861163621088
track_win_rate_rank,2,2026-03-27T01:11:00+00:00,2026-04-04T06:44:00+00:00,1910,500,0.5871434664758733,-0.04717293668751873,0.6261517043389135,0.6259098960789771,-0.00024180825993647126,0.576,0.6005699021643189,0.7510696821515892
track_win_rate_rank,3,2026-04-04T06:50:00+00:00,2026-04-17T01:25:00+00:00,2410,500,0.5871434664758733,-0.05749315196672744,0.6280889408128764,0.6275950762875143,-0.0004938645253620422,0.57,0.6024024937531839,0.7679778113968734
track_win_rate_rank,4,2026-04-17T01:44:00+00:00,2026-05-01T05:19:00+00:00,2910,500,0.5871434664758733,-0.06991390042571594,0.6112771681162608,0.6097162366413461,-0.0015609314749146508,0.5526666666666666,0.5835316132320513,0.75
track_win_rate_rank,5,2026-05-01T05:26:00+00:00,2026-05-14T06:40:00+00:00,3410,500,0.5871434664758733,-0.0658836836122677,0.5991614550260691,0.5992629805742711,0.00010152554820197501,0.5393333333333333,0.5674639363011381,0.7509213193292795
track_win_rate_rank,6,2026-05-14T06:52:00+00:00,2026-05-23T05:39:00+00:00,3910,500,0.5871434664758733,-0.06457205845067483,0.6118636575634334,0.6119477497181043,8.409215467086728e-05,0.554,0.5841344619037526,0.7556565369686642
track_win_rate_rank,7,2026-05-23T05:41:00+00:00,2026-06-03T05:24:00+00:00,4410,500,0.5871434664758733,-0.06439865882826476,0.6091878200109806,0.6086936209270079,-0.0004941990839727461,0.5566666666666666,0.5776313447122733,0.7438098056624248
track_win_rate_rank,8,2026-06-03T05:32:00+00:00,2026-06-13T04:10:01+00:00,4910,500,0.5871434664758733,-0.064432916508761,0.6168040043789969,0.6151533572339626,-0.0016506471450342675,0.556,0.5855868213970473,0.7630266075388027
track_win_rate_rank,9,2026-06-13T04:12:01+00:00,2026-06-22T05:30:00+00:00,5410,500,0.5871434664758733,-0.06260662971553503,0.6051414175132467,0.6047837704507886,-0.00035764706245811073,0.5513333333333333,0.5725138020412492,0.7439546130952381
track_win_rate_rank,10,2026-06-22T05:45:00+00:00,2026-07-03T05:16:00+00:00,5910,500,0.5871434664758733,-0.058655329914073684,0.6023206162626358,0.6030560319969497,0.0007354157343139045,0.5493333333333333,0.5815761365472775,0.7319813247738547
track_win_rate_rank,11,2026-07-03T05:20:00+00:00,2026-07-11T07:52:00+00:00,6410,500,0.5871434664758733,-0.05406483200461894,0.6080218701209745,0.6090461636675877,0.001024293546613153,0.5546666666666666,0.5782128236844354,0.7486384976525822
track_win_rate_rank,12,2026-07-11T08:01:00+00:00,2026-07-22T02:07:00+00:00,6910,500,0.5871434664758733,-0.05503031252482883,0.619182764327878,0.6197443452430071,0.0005615809151291451,0.568,0.5908495108215934,0.7521278701504355
first_up_win_rate_rank,1,2026-03-15T06:10:00+00:00,2026-03-27T00:36:00+00:00,1410,500,0.9510450061228141,0.0006216087178635265,0.6300278256990635,0.6299629487970101,-6.487690205336794e-05,0.5773333333333334,0.6066260022873889,0.7585591262339845
first_up_win_rate_rank,2,2026-03-27T01:11:00+00:00,2026-04-04T06:44:00+00:00,1910,500,0.9510450061228141,0.003530206153489347,0.6261517043389135,0.6265666961915379,0.0004149918526243912,0.5766666666666667,0.6016090830546603,0.7513243683781581
first_up_win_rate_rank,3,2026-04-04T06:50:00+00:00,2026-04-17T01:25:00+00:00,2410,500,0.9510450061228141,0.009144202701426123,0.6280889408128764,0.627068780307471,-0.0010201605054053209,0.5693333333333334,0.601933215027161,0.7676752395360564
first_up_win_rate_rank,4,2026-04-17T01:44:00+00:00,2026-05-01T05:19:00+00:00,2910,500,0.9510450061228141,0.005903624944656387,0.6112771681162608,0.6102139635563566,-0.0010632045599041628,0.5533333333333333,0.5845707941223928,0.7496183934363672
first_up_win_rate_rank,5,2026-05-01T05:26:00+00:00,2026-05-14T06:40:00+00:00,3410,500,0.9510450061228141,0.0014850245811720848,0.5991614550260691,0.5973287326529171,-0.0018327223731520181,0.5373333333333333,0.5646482639450018,0.75
first_up_win_rate_rank,6,2026-05-14T06:52:00+00:00,2026-05-23T05:39:00+00:00,3910,500,0.9510450061228141,-0.012294615132505906,0.6118636575634334,0.6124741852931039,0.000610527729670518,0.5546666666666666,0.5844808555338662,0.7560825523052164
first_up_win_rate_rank,7,2026-05-23T05:41:00+00:00,2026-06-03T05:24:00+00:00,4410,500,0.9510450061228141,-0.015951270104141265,0.6091878200109806,0.6078172579827709,-0.001370562028209732,0.5553333333333333,0.5770391808903416,0.7435631843740752
first_up_win_rate_rank,8,2026-06-03T05:32:00+00:00,2026-06-13T04:10:01+00:00,4910,500,0.9510450061228141,-0.01824700665687392,0.6168040043789969,0.615276954249258,-0.0015270501297388606,0.5566666666666666,0.5858103299312521,0.7619641537324464
first_up_win_rate_rank,9,2026-06-13T04:12:01+00:00,2026-06-22T05:30:00+00:00,5410,500,0.9510450061228141,-0.02159337046434678,0.6051414175132467,0.6037965810394034,-0.0013448364738433138,0.55,0.5720222616576135,0.7431640625
first_up_win_rate_rank,10,2026-06-22T05:45:00+00:00,2026-07-03T05:16:00+00:00,5910,500,0.9510450061228141,-0.02146933438658946,0.6023206162626358,0.6028542997662989,0.0005336835036631182,0.5486666666666666,0.5809839727253456,0.7330998930065169
first_up_win_rate_rank,11,2026-07-03T05:20:00+00:00,2026-07-11T07:52:00+00:00,6410,500,0.9510450061228141,-0.025724537569505636,0.6080218701209745,0.6090215116473829,0.0009996415264084124,0.5546666666666666,0.5790062343829588,0.7477464788732394
first_up_win_rate_rank,12,2026-07-11T08:01:00+00:00,2026-07-22T02:07:00+00:00,6910,500,0.9510450061228141,-0.035523245323802084,0.619182764327878,0.6189425595504634,-0.00024020477741459878,0.5673333333333334,0.5891736427940941,0.7519299287410927
second_up_win_rate_rank,1,2026-03-15T06:10:00+00:00,2026-03-27T00:36:00+00:00,1410,500,0.8928576342547366,-0.06143272101506156,0.6300278256990635,0.6297170416377146,-0.0003107840613488788,0.5766666666666667,0.6065031171914801,0.7590317160260449
second_up_win_rate_rank,2,2026-03-27T01:11:00+00:00,2026-04-04T06:44:00+00:00,1910,500,0.8928576342547366,-0.05886255173892439,0.6261517043389135,0.6258155164707266,-0.00033618786818689905,0.5753333333333334,0.601933215027161,0.750662184189079
second_up_win_rate_rank,3,2026-04-04T06:50:00+00:00,2026-04-17T01:25:00+00:00,2410,500,0.8928576342547366,-0.05320307604119853,0.6280889408128764,0.6266142720589327,-0.001474668753943642,0.5686666666666667,0.6009946575751156,0.7681290973272819
second_up_win_rate_rank,4,2026-04-17T01:44:00+00:00,2026-05-01T05:19:00+00:00,2910,500,0.8928576342547366,-0.06964353755345143,0.6112771681162608,0.6091971543675597,-0.0020800137487010373,0.552,0.5834087281361424,0.7493798893340965
second_up_win_rate_rank,5,2026-05-01T05:26:00+00:00,2026-05-14T06:40:00+00:00,3410,500,0.8928576342547366,-0.059570590067871194,0.5991614550260691,0.5968369681258361,-0.0023244869002330137,0.536,0.5651175426710244,0.7502303298323199
second_up_win_rate_rank,6,2026-05-14T06:52:00+00:00,2026-05-23T05:39:00+00:00,3910,500,0.8928576342547366,-0.05708178560531355,0.6118636575634334,0.6118780507536338,1.4393190200356898e-05,0.5533333333333333,0.5839109533695479,0.7569345829783205
second_up_win_rate_rank,7,2026-05-23T05:41:00+00:00,2026-06-03T05:24:00+00:00,4410,500,0.8928576342547366,-0.059334503035305096,0.6091878200109806,0.6099284276091701,0.0007406075981895022,0.558,0.5792626894245465,0.7444510210121338
second_up_win_rate_rank,8,2026-06-03T05:32:00+00:00,2026-06-13T04:10:01+00:00,4910,500,0.8928576342547366,-0.05540071918597224,0.6168040043789969,0.6162822253264069,-0.0005217790525899879,0.558,0.5860561001230701,0.7630728011825573
second_up_win_rate_rank,9,2026-06-13T04:12:01+00:00,2026-06-22T05:30:00+00:00,5410,500,0.8928576342547366,-0.05721213369128868,0.6051414175132467,0.6072694233013081,0.0021280057880613823,0.5546666666666666,0.5760222616576133,0.7437220982142857
second_up_win_rate_rank,10,2026-06-22T05:45:00+00:00,2026-07-03T05:16:00+00:00,5910,500,0.8928576342547366,-0.0575561869282257,0.6023206162626358,0.6017706184812955,-0.000549997781340239,0.5473333333333333,0.5800454152733,0.7323703919852155
second_up_win_rate_rank,11,2026-07-03T05:20:00+00:00,2026-07-11T07:52:00+00:00,6410,500,0.8928576342547366,-0.05409230819950585,0.6080218701209745,0.6079335388217628,-8.833129921170801e-05,0.5533333333333333,0.5777435449584128,0.7473239436619719
second_up_win_rate_rank,12,2026-07-11T08:01:00+00:00,2026-07-22T02:07:00+00:00,6910,500,0.8928576342547366,-0.045910747556062906,0.619182764327878,0.6180284670811772,-0.0011542972467007973,0.566,0.5888272491639804,0.7512866191607285
horse_jockey_win_rate_rank,1,2026-03-15T06:10:00+00:00,2026-03-27T00:36:00+00:00,1410,500,0.5087989653132267,-0.045195244747803225,0.6300278256990635,0.630367485015866,0.00033965931680257633,0.578,0.6066482639450019,0.7588216761184625
horse_jockey_win_rate_rank,2,2026-03-27T01:11:00+00:00,2026-04-04T06:44:00+00:00,1910,500,0.5087989653132267,-0.06960658143159092,0.6261517043389135,0.6257118693897982,-0.0004398349491153697,0.5753333333333334,0.6011620659862504,0.7510187449062755
horse_jockey_win_rate_rank,3,2026-04-04T06:50:00+00:00,2026-04-17T01:25:00+00:00,2410,500,0.5087989653132267,-0.05933969883803673,0.6280889408128764,0.6298389791757676,0.0017500383628912264,0.5733333333333334,0.6041567235613657,0.7685325264750378
horse_jockey_win_rate_rank,4,2026-04-17T01:44:00+00:00,2026-05-01T05:19:00+00:00,2910,500,0.5087989653132267,-0.08283686819029228,0.6112771681162608,0.6115069234955888,0.0002297553793280116,0.5553333333333333,0.5854087281361423,0.7499522991795459
horse_jockey_win_rate_rank,5,2026-05-01T05:26:00+00:00,2026-05-14T06:40:00+00:00,3410,500,0.5087989653132267,-0.06364988054948563,0.5991614550260691,0.5992601808853949,9.872585932579891e-05,0.54,0.5669946575751154,0.750046065966464
horse_jockey_win_rate_rank,6,2026-05-14T06:52:00+00:00,2026-05-23T05:39:00+00:00,3910,500,0.5087989653132267,-0.06464229190720223,0.6118636575634334,0.6105494735481736,-0.001314184015259845,0.552,0.5822573469996617,0.7559405471930323
horse_jockey_win_rate_rank,7,2026-05-23T05:41:00+00:00,2026-06-03T05:24:00+00:00,4410,500,0.5087989653132267,-0.05641525602806757,0.6091878200109806,0.6091943728868618,6.55287588124942e-06,0.5573333333333333,0.5785476405067055,0.7435631843740752
horse_jockey_win_rate_rank,8,2026-06-03T05:32:00+00:00,2026-06-13T04:10:01+00:00,4910,500,0.5087989653132267,-0.059069242768456785,0.6168040043789969,0.6147840608985261,-0.002019943480470743,0.556,0.5845253788490931,0.762610864745011
horse_jockey_win_rate_rank,9,2026-06-13T04:12:01+00:00,2026-06-22T05:30:00+00:00,5410,500,0.5087989653132267,-0.05552845787784773,0.6051414175132467,0.6048429614120561,-0.00029845610119061394,0.5513333333333333,0.5729830807672721,0.7437220982142857
horse_jockey_win_rate_rank,10,2026-06-22T05:45:00+00:00,2026-07-03T05:16:00+00:00,5910,500,0.5087989653132267,-0.050835474985552444,0.6023206162626358,0.6032036105189378,0.0008829942563020055,0.5493333333333333,0.5817773834238691,0.7323703919852155
horse_jockey_win_rate_rank,11,2026-07-03T05:20:00+00:00,2026-07-11T07:52:00+00:00,6410,500,0.5087989653132267,-0.05645870824467897,0.6080218701209745,0.6077337522527655,-0.00028811786820903684,0.5526666666666666,0.5780899385885266,0.7475117370892019
horse_jockey_win_rate_rank,12,2026-07-11T08:01:00+00:00,2026-07-22T02:07:00+00:00,6910,500,0.5087989653132267,-0.05907633552449178,0.619182764327878,0.6178000830503247,-0.0013826812775532549,0.5653333333333334,0.5889501342598895,0.7515835312747426
form_barrier_percentile_weighted_6,1,2026-03-15T06:10:00+00:00,2026-03-27T00:36:00+00:00,1410,500,0.9401477730843848,-0.0512616100833081,0.6300278256990635,0.6276549057181375,-0.002372919980925925,0.574,0.6039554766847743,0.7586641461877757
form_barrier_percentile_weighted_6,2,2026-03-27T01:11:00+00:00,2026-04-04T06:44:00+00:00,1910,500,0.9401477730843848,-0.044259447755511834,0.6261517043389135,0.6252707833883512,-0.0008809209505623583,0.5746666666666667,0.6012404277669335,0.7505093724531378
form_barrier_percentile_weighted_6,3,2026-04-04T06:50:00+00:00,2026-04-17T01:25:00+00:00,2410,500,0.9401477730843848,-0.029401587208522383,0.6280889408128764,0.6276669042175584,-0.0004220365953179206,0.5706666666666667,0.6018103299312523,0.767523953605648
form_barrier_percentile_weighted_6,4,2026-04-17T01:44:00+00:00,2026-05-01T05:19:00+00:00,2910,500,0.9401477730843848,-0.030464113098379337,0.6112771681162608,0.6093855142067067,-0.0018916539095540363,0.552,0.5837328601086431,0.7498091967181836
form_barrier_percentile_weighted_6,5,2026-05-01T05:26:00+00:00,2026-05-14T06:40:00+00:00,3410,500,0.9401477730843848,-0.03355215296783461,0.5991614550260691,0.5969668009219484,-0.0021946541041206746,0.5366666666666666,0.5646260022873887,0.749907868067072
form_barrier_percentile_weighted_6,6,2026-05-14T06:52:00+00:00,2026-05-23T05:39:00+00:00,3910,500,0.9401477730843848,-0.031049241775792553,0.6118636575634334,0.6108074947502417,-0.0010561628131917633,0.5526666666666666,0.5829501342598892,0.754946511407744
form_barrier_percentile_weighted_6,7,2026-05-23T05:41:00+00:00,2026-06-03T05:24:00+00:00,4410,500,0.9401477730843848,-0.023160723595063604,0.6091878200109806,0.6121510395918611,0.0029632195808805273,0.5613333333333334,0.582078361780683,0.7438591299200947
form_barrier_percentile_weighted_6,8,2026-06-03T05:32:00+00:00,2026-06-13T04:10:01+00:00,4910,500,0.9401477730843848,-0.02007009302127558,0.6168040043789969,0.6156349549883563,-0.001169049390640553,0.5566666666666666,0.5858103299312523,0.7633961566888396
form_barrier_percentile_weighted_6,9,2026-06-13T04:12:01+00:00,2026-06-22T05:30:00+00:00,5410,500,0.9401477730843848,-0.014476366613552996,0.6051414175132467,0.6082803591160296,0.003138941602782941,0.556,0.576469278726023,0.7446521577380952
form_barrier_percentile_weighted_6,10,2026-06-22T05:45:00+00:00,2026-07-03T05:16:00+00:00,5910,500,0.9401477730843848,-0.012618236304323805,0.6023206162626358,0.603136225831211,0.0008156095685751819,0.5493333333333333,0.5817996450814824,0.7320785915766949
form_barrier_percentile_weighted_6,11,2026-07-03T05:20:00+00:00,2026-07-11T07:52:00+00:00,6410,500,0.9401477730843848,-0.00454487326074032,0.6080218701209745,0.6084825785438454,0.0004607084228708258,0.554,0.5780899385885268,0.7478403755868545
form_barrier_percentile_weighted_6,12,2026-07-11T08:01:00+00:00,2026-07-22T02:07:00+00:00,6910,500,0.9401477730843848,-0.006288578707951017,0.619182764327878,0.6206029718440302,0.0014202075161522387,0.5693333333333334,0.5917658066160257,0.7519794140934284
sectional_last600_seconds_weighted_3,1,2026-03-15T06:10:00+00:00,2026-03-27T00:36:00+00:00,1410,500,0.8038910827061462,-0.007975280834834857,0.6300278256990635,0.6287705698666243,-0.0012572558324391858,0.576,0.6053633128628427,0.7577189666036547
sectional_last600_seconds_weighted_3,2,2026-03-27T01:11:00+00:00,2026-04-04T06:44:00+00:00,1910,500,0.8038910827061462,-0.017762506404117535,0.6261517043389135,0.627778565581336,0.001626861242422506,0.578,0.6027711490409108,0.7523431132844336
sectional_last600_seconds_weighted_3,3,2026-04-04T06:50:00+00:00,2026-04-17T01:25:00+00:00,2410,500,0.8038910827061462,-0.027242903999206446,0.6280889408128764,0.6269656610432152,-0.0011232797696612007,0.5693333333333334,0.6012181661093204,0.7679778113968734
sectional_last600_seconds_weighted_3,4,2026-04-17T01:44:00+00:00,2026-05-01T05:19:00+00:00,2910,500,0.8038910827061462,-0.031308153115289394,0.6112771681162608,0.607324923447152,-0.0039522446691087065,0.5493333333333333,0.5810623345060287,0.749570692615913
sectional_last600_seconds_weighted_3,5,2026-05-01T05:26:00+00:00,2026-05-14T06:40:00+00:00,3410,500,0.8038910827061462,-0.0324625861850162,0.5991614550260691,0.5975804220329439,-0.0015810329931251754,0.5373333333333333,0.5652404277669334,0.7504145936981758
sectional_last600_seconds_weighted_3,6,2026-05-14T06:52:00+00:00,2026-05-23T05:39:00+00:00,3910,500,0.8038910827061462,-0.03197780664373788,0.6118636575634334,0.6114688816821456,-0.00039477588128777885,0.5533333333333333,0.583173642794094,0.7560352172678216
sectional_last600_seconds_weighted_3,7,2026-05-23T05:41:00+00:00,2026-06-03T05:24:00+00:00,4410,500,0.8038910827061462,-0.03826190858004272,0.6091878200109806,0.6087054582606863,-0.0004823617502942579,0.5566666666666666,0.5775307212739775,0.7439577784354345
sectional_last600_seconds_weighted_3,8,2026-06-03T05:32:00+00:00,2026-06-13T04:10:01+00:00,4910,500,0.8038910827061462,-0.040550778378895695,0.6168040043789969,0.6151231537628171,-0.0016808506161797299,0.5566666666666666,0.5848717724792066,0.7622875092387288
sectional_last600_seconds_weighted_3,9,2026-06-13T04:12:01+00:00,2026-06-22T05:30:00+00:00,5410,500,0.8038910827061462,-0.03842656435426742,0.6051414175132467,0.6051433218847254,1.9043714787336796e-06,0.552,0.573083704205568,0.7434895833333334
sectional_last600_seconds_weighted_3,10,2026-06-22T05:45:00+00:00,2026-07-03T05:16:00+00:00,5910,500,0.8038910827061462,-0.035672369646630786,0.6023206162626358,0.6020203333171871,-0.0003002829454487044,0.548,0.580391808903414,0.7316895243653341
sectional_last600_seconds_weighted_3,11,2026-07-03T05:20:00+00:00,2026-07-11T07:52:00+00:00,6410,500,0.8038910827061462,-0.0405776013765899,0.6080218701209745,0.6080064624063537,-1.5407714620829793e-05,0.5526666666666666,0.5783357087803445,0.748356807511737
sectional_last600_seconds_weighted_3,12,2026-07-11T08:01:00+00:00,2026-07-22T02:07:00+00:00,6910,500,0.8038910827061462,-0.0442079158063039,0.619182764327878,0.6202136268462072,0.0010308625183291786,0.568,0.5916874448353432,0.7531670625494854
sectional_last600_seconds_weighted_6,1,2026-03-15T06:10:00+00:00,2026-03-27T00:36:00+00:00,1410,500,0.8284373753078605,-0.01730839254498577,0.6300278256990635,0.6278298813542746,-0.002197944344788816,0.5746666666666667,0.6044247554107972,0.7575614366729678
sectional_last600_seconds_weighted_6,2,2026-03-27T01:11:00+00:00,2026-04-04T06:44:00+00:00,1910,500,0.8284373753078605,-0.019833704141787433,0.6261517043389135,0.6268368276089851,0.0006851232700715304,0.5766666666666667,0.6020783617806832,0.7519356153219234
sectional_last600_seconds_weighted_6,3,2026-04-04T06:50:00+00:00,2026-04-17T01:25:00+00:00,2410,500,0.8284373753078605,-0.02899083943690333,0.6280889408128764,0.6279118887641202,-0.00017705204875617664,0.5706666666666667,0.6020338384654571,0.7682803832576903
sectional_last600_seconds_weighted_6,4,2026-04-17T01:44:00+00:00,2026-05-01T05:19:00+00:00,2910,500,0.8284373753078605,-0.03917910265091907,0.6112771681162608,0.6088400864712421,-0.002437081645018657,0.5513333333333333,0.5826936792183017,0.75
sectional_last600_seconds_weighted_6,5,2026-05-01T05:26:00+00:00,2026-05-14T06:40:00+00:00,3410,500,0.8284373753078605,-0.04301005525046775,0.5991614550260691,0.5978851888576459,-0.0012762661684232457,0.538,0.5655868213970472,0.749953934033536
sectional_last600_seconds_weighted_6,6,2026-05-14T06:52:00+00:00,2026-05-23T05:39:00+00:00,3910,500,0.8284373753078605,-0.04226888872157258,0.6118636575634334,0.6114963112929307,-0.00036734627050272195,0.5533333333333333,0.5835200364242078,0.7557985420808483
sectional_last600_seconds_weighted_6,7,2026-05-23T05:41:00+00:00,2026-06-03T05:24:00+00:00,4410,500,0.8284373753078605,-0.04704560623481016,0.6091878200109806,0.610225048705857,0.0010372286948764353,0.5586666666666666,0.5796090830546603,0.7439577784354345
sectional_last600_seconds_weighted_6,8,2026-06-03T05:32:00+00:00,2026-06-13T04:10:01+00:00,4910,500,0.8284373753078605,-0.05207533131715138,0.6168040043789969,0.6155391615448402,-0.001264842834156621,0.5573333333333333,0.5853410512052295,0.762148928307465
sectional_last600_seconds_weighted_6,9,2026-06-13T04:12:01+00:00,2026-06-22T05:30:00+00:00,5410,500,0.8284373753078605,-0.05124889512285752,0.6051414175132467,0.6043402400066233,-0.0008011775066233406,0.5506666666666666,0.5724915403836363,0.7435360863095238
sectional_last600_seconds_weighted_6,10,2026-06-22T05:45:00+00:00,2026-07-03T05:16:00+00:00,5910,500,0.8284373753078605,-0.04640504240460145,0.6023206162626358,0.6018121514061083,-0.0005084648565274463,0.548,0.5800454152733002,0.7312031903511331
sectional_last600_seconds_weighted_6,11,2026-07-03T05:20:00+00:00,2026-07-11T07:52:00+00:00,6410,500,0.8284373753078605,-0.04806204613567166,0.6080218701209745,0.6087759033528661,0.0007540332318916043,0.554,0.5790284960405722,0.748075117370892
sectional_last600_seconds_weighted_6,12,2026-07-11T08:01:00+00:00,2026-07-22T02:07:00+00:00,6910,500,0.8284373753078605,-0.050015995403373,0.619182764327878,0.619781459257259,0.0005986949293810273,0.568,0.5908495108215935,0.7522763262074426
sectional_last600_best_6,1,2026-03-15T06:10:00+00:00,2026-03-27T00:36:00+00:00,1410,500,0.8284373753078605,-0.011259797108378237,0.6300278256990635,0.6293464432025975,-0.0006813824964659876,0.5773333333333334,0.6052626894245466,0.7574564167191766
sectional_last600_best_6,2,2026-03-27T01:11:00+00:00,2026-04-04T06:44:00+00:00,1910,500,0.8284373753078605,-0.014137869198821835,0.6261517043389135,0.6259375937103218,-0.00021411062859177932,0.576,0.6003241319725011,0.7514262428687857
sectional_last600_best_6,3,2026-04-04T06:50:00+00:00,2026-04-17T01:25:00+00:00,2410,500,0.8284373753078605,-0.01904493648761798,0.6280889408128764,0.628708423810999,0.0006194829981226446,0.572,0.6026037406297755,0.7682299546142208
sectional_last600_best_6,4,2026-04-17T01:44:00+00:00,2026-05-01T05:19:00+00:00,2910,500,0.8284373753078605,-0.03160729005012005,0.6112771681162608,0.6089046509909304,-0.0023725171253303756,0.5513333333333333,0.5832858430402335,0.7496660942568212
sectional_last600_best_6,5,2026-05-01T05:26:00+00:00,2026-05-14T06:40:00+00:00,3410,500,0.8284373753078605,-0.03744252941882836,0.5991614550260691,0.6006884777295362,0.0015270227034670514,0.542,0.5678325915888651,0.7509213193292795
sectional_last600_best_6,6,2026-05-14T06:52:00+00:00,2026-05-23T05:39:00+00:00,3910,500,0.8284373753078605,-0.034920148020070436,0.6118636575634334,0.6111330420959545,-0.000730615467478879,0.5526666666666666,0.5835422980818208,0.7556565369686642
sectional_last600_best_6,7,2026-05-23T05:41:00+00:00,2026-06-03T05:24:00+00:00,4410,500,0.8284373753078605,-0.036361630760655315,0.6091878200109806,0.6118174253019216,0.0026296052909410284,0.5606666666666666,0.581731968150569,0.7442043997237842
sectional_last600_best_6,8,2026-06-03T05:32:00+00:00,2026-06-13T04:10:01+00:00,4910,500,0.8284373753078605,-0.038856946492962514,0.6168040043789969,0.6160166118748178,-0.0007873925041790297,0.558,0.5860561001230701,0.762010347376201
sectional_last600_best_6,9,2026-06-13T04:12:01+00:00,2026-06-22T05:30:00+00:00,5410,500,0.8284373753078605,-0.035236582881853294,0.6051414175132467,0.6037965810394034,-0.0013448364738433138,0.55,0.5720222616576135,0.7431640625
sectional_last600_best_6,10,2026-06-22T05:45:00+00:00,2026-07-03T05:16:00+00:00,5910,500,0.8284373753078605,-0.03329935571903113,0.6023206162626358,0.6024449913135881,0.00012437505095230783,0.5486666666666666,0.580659840752845,0.7317867911681744
sectional_last600_best_6,11,2026-07-03T05:20:00+00:00,2026-07-11T07:52:00+00:00,6410,500,0.8284373753078605,-0.02976615980719009,0.6080218701209745,0.6092371668256189,0.0012152967046443752,0.5546666666666666,0.5798219067390955,0.7477934272300469
sectional_last600_best_6,12,2026-07-11T08:01:00+00:00,2026-07-22T02:07:00+00:00,6910,500,0.8284373753078605,-0.03163199300915809,0.619182764327878,0.6211464795576156,0.001963715229737595,0.5693333333333334,0.5932965278900032,0.7526227236737926
sectional_last600_std_6,1,2026-03-15T06:10:00+00:00,2026-03-27T00:36:00+00:00,1410,500,0.7786568334732179,0.004184935646075732,0.6300278256990635,0.6304742837907376,0.00044645809167409567,0.5786666666666667,0.6064247554107971,0.7581390464188196
sectional_last600_std_6,2,2026-03-27T01:11:00+00:00,2026-04-04T06:44:00+00:00,1910,500,0.7786568334732179,-0.0009207189115677879,0.6261517043389135,0.6266731978073201,0.0005214934684065753,0.5766666666666667,0.6019332150271611,0.7514262428687857
sectional_last600_std_6,3,2026-04-04T06:50:00+00:00,2026-04-17T01:25:00+00:00,2410,500,0.7786568334732179,-0.001534127440608086,0.6280889408128764,0.6265440191216494,-0.001544921691226997,0.5686666666666667,0.6013187895476163,0.767523953605648
sectional_last600_std_6,4,2026-04-17T01:44:00+00:00,2026-05-01T05:19:00+00:00,2910,500,0.7786568334732179,-1.6807613590133524e-06,0.6112771681162608,0.6082327051147831,-0.0030444630014776486,0.5506666666666666,0.5812635813826205,0.7503339057431788
sectional_last600_std_6,5,2026-05-01T05:26:00+00:00,2026-05-14T06:40:00+00:00,3410,500,0.7786568334732179,0.004853058430930573,0.5991614550260691,0.598134723472327,-0.0010267315537421107,0.538,0.5657097064929564,0.7508291873963516
sectional_last600_std_6,6,2026-05-14T06:52:00+00:00,2026-05-23T05:39:00+00:00,3910,500,0.7786568334732179,0.0023245449567564263,0.6118636575634334,0.6102964702774232,-0.001567187286010241,0.5513333333333333,0.5826260022873886,0.7558932121556377
sectional_last600_std_6,7,2026-05-23T05:41:00+00:00,2026-06-03T05:24:00+00:00,4410,500,0.7786568334732179,-0.001851091456740285,0.6091878200109806,0.6071506367710863,-0.0020371832398943246,0.5546666666666666,0.5761006234382962,0.7431685903127158
sectional_last600_std_6,8,2026-06-03T05:32:00+00:00,2026-06-13T04:10:01+00:00,4910,500,0.7786568334732179,-0.010965007273595727,0.6168040043789969,0.6162552045456908,-0.000548799833306024,0.558,0.5861789852189792,0.7628418329637842
sectional_last600_std_6,9,2026-06-13T04:12:01+00:00,2026-06-22T05:30:00+00:00,5410,500,0.7786568334732179,-0.013064881299741501,0.6051414175132467,0.6060404719562378,0.0008990544429910985,0.5533333333333333,0.5741451467535225,0.7433500744047619
sectional_last600_std_6,10,2026-06-22T05:45:00+00:00,2026-07-03T05:16:00+00:00,5910,500,0.7786568334732179,-0.013893317855589902,0.6023206162626358,0.6011988214758369,-0.0011217947867988576,0.546,0.5805707941223927,0.7322244917809552
sectional_last600_std_6,11,2026-07-03T05:20:00+00:00,2026-07-11T07:52:00+00:00,6410,500,0.7786568334732179,-0.018871114117034654,0.6080218701209745,0.6078862832018768,-0.00013558691909776321,0.5526666666666666,0.5785592173145493,0.7476525821596244
sectional_last600_std_6,12,2026-07-11T08:01:00+00:00,2026-07-22T02:07:00+00:00,6910,500,0.7786568334732179,-0.02005706972147617,0.619182764327878,0.6186387069818299,-0.0005440573460481213,0.5666666666666667,0.5893410512052293,0.7518804433887569
sectional_last600_trend,1,2026-03-15T06:10:00+00:00,2026-03-27T00:36:00+00:00,1410,500,0.6568747506157212,0.019243887179581986,0.6300278256990635,0.6279120134762736,-0.0021158122227898923,0.5746666666666667,0.604648263945002,0.7576664566267591
sectional_last600_trend,2,2026-03-27T01:11:00+00:00,2026-04-04T06:44:00+00:00,1910,500,0.6568747506157212,0.02736313996713545,0.6261517043389135,0.6258156601260306,-0.0003360442128829133,0.5753333333333334,0.6010169192327287,0.751579054604727
sectional_last600_trend,3,2026-04-04T06:50:00+00:00,2026-04-17T01:25:00+00:00,2410,500,0.6568747506157212,0.02003189907056284,0.6280889408128764,0.6289507919050308,0.0008618510921544198,0.5713333333333334,0.6045031171914796,0.7686333837619768
sectional_last600_trend,4,2026-04-17T01:44:00+00:00,2026-05-01T05:19:00+00:00,2910,500,0.6568747506157212,0.011301602121959933,0.6112771681162608,0.6099560461929636,-0.0013211219232971416,0.5526666666666666,0.5836322366703472,0.7508586147681741
sectional_last600_trend,5,2026-05-01T05:26:00+00:00,2026-05-14T06:40:00+00:00,3410,500,0.6568747506157212,0.00945551599821455,0.5991614550260691,0.5970924198543808,-0.002069035171688327,0.5373333333333333,0.5643018703148878,0.7494011424359683
sectional_last600_trend,6,2026-05-14T06:52:00+00:00,2026-05-23T05:39:00+00:00,3910,500,0.6568747506157212,-1.259875943358692e-05,0.6118636575634334,0.6121408519597707,0.00027719439633733245,0.554,0.5844808555338666,0.7560825523052164
sectional_last600_trend,7,2026-05-23T05:41:00+00:00,2026-06-03T05:24:00+00:00,4410,500,0.6568747506157212,0.006759050973004209,0.6091878200109806,0.6081629223805217,-0.0010248976304588764,0.556,0.5770391808903417,0.7436125086317451
sectional_last600_trend,8,2026-06-03T05:32:00+00:00,2026-06-13T04:10:01+00:00,4910,500,0.6568747506157212,0.012504917642278348,0.6168040043789969,0.6171604345342075,0.0003564301552106963,0.5593333333333333,0.5869946575751155,0.762980413895048
sectional_last600_trend,9,2026-06-13T04:12:01+00:00,2026-06-22T05:30:00+00:00,5410,500,0.6568747506157212,0.01079825381182126,0.6051414175132467,0.6058162689916166,0.0006748514783698756,0.5533333333333333,0.5738993765617044,0.7426990327380952
sectional_last600_trend,10,2026-06-22T05:45:00+00:00,2026-07-03T05:16:00+00:00,5910,500,0.6568747506157212,0.008711049130599781,0.6023206162626358,0.6015368810647096,-0.0007837351979261831,0.5466666666666666,0.5804924323417098,0.7323217585837953
sectional_last600_trend,11,2026-07-03T05:20:00+00:00,2026-07-11T07:52:00+00:00,6410,500,0.6568747506157212,0.006424159379029643,0.6080218701209745,0.6062982591657435,-0.001723610955230992,0.5513333333333333,0.5757658066160259,0.7467605633802817
sectional_last600_trend,12,2026-07-11T08:01:00+00:00,2026-07-22T02:07:00+00:00,6910,500,0.6568747506157212,0.00495453131182818,0.619182764327878,0.6196453735792768,0.0004626092513988489,0.568,0.5911959044517073,0.7513855898653998
sectional_closing_speed_ratio_weighted_3,1,2026-03-15T06:10:00+00:00,2026-03-27T00:36:00+00:00,1410,500,0.8038910827061462,-0.0032218254959948418,0.6300278256990635,0.6297969057319318,-0.00023091996713164864,0.5766666666666667,0.6064024937531842,0.7594517958412098
sectional_closing_speed_ratio_weighted_3,2,2026-03-27T01:11:00+00:00,2026-04-04T06:44:00+00:00,1910,500,0.8038910827061462,0.014823327391852426,0.6261517043389135,0.6274143540963525,0.0012626497574389495,0.578,0.6020783617806831,0.751579054604727
sectional_closing_speed_ratio_weighted_3,3,2026-04-04T06:50:00+00:00,2026-04-17T01:25:00+00:00,2410,500,0.8038910827061462,0.015742872223652372,0.6280889408128764,0.6277425471827626,-0.00034639363011379487,0.5706666666666667,0.6018103299312522,0.7678265254664649
sectional_closing_speed_ratio_weighted_3,4,2026-04-17T01:44:00+00:00,2026-05-01T05:19:00+00:00,2910,500,0.8038910827061462,0.018061758962851795,0.6112771681162608,0.6088827329503329,-0.002394435165927855,0.5513333333333333,0.5828165643142107,0.7500477008204541
sectional_closing_speed_ratio_weighted_3,5,2026-05-01T05:26:00+00:00,2026-05-14T06:40:00+00:00,3410,500,0.8038910827061462,0.020070885601277625,0.5991614550260691,0.5974149135086323,-0.001746541517436806,0.5373333333333333,0.5646705256026147,0.7503224617652479
sectional_closing_speed_ratio_weighted_3,6,2026-05-14T06:52:00+00:00,2026-05-23T05:39:00+00:00,3910,500,0.8038910827061462,0.0164323336270035,0.6118636575634334,0.6105982969264449,-0.0012653606369885662,0.552,0.5823579704379575,0.7560352172678216
sectional_closing_speed_ratio_weighted_3,7,2026-05-23T05:41:00+00:00,2026-06-03T05:24:00+00:00,4410,500,0.8038910827061462,0.016294673996543704,0.6091878200109806,0.6090764912921439,-0.0001113287188366785,0.5573333333333333,0.5773855745204551,0.7442537239814541
sectional_closing_speed_ratio_weighted_3,8,2026-06-03T05:32:00+00:00,2026-06-13T04:10:01+00:00,4910,500,0.8038910827061462,0.0257255066262197,0.6168040043789969,0.6163231478930126,-0.0004808564859842823,0.5586666666666666,0.5858103299312521,0.762148928307465
sectional_closing_speed_ratio_weighted_3,9,2026-06-13T04:12:01+00:00,2026-06-22T05:30:00+00:00,5410,500,0.8038910827061462,0.024064783932609756,0.6051414175132467,0.6078172382266938,0.0026758207134470746,0.5553333333333333,0.5763686552877272,0.7442336309523809
sectional_closing_speed_ratio_weighted_3,10,2026-06-22T05:45:00+00:00,2026-07-03T05:16:00+00:00,5910,500,0.8038910827061462,0.0231221955904348,0.6023206162626358,0.603082677811567,0.0007620615489312144,0.5493333333333333,0.5820231536156871,0.731640890963914
sectional_closing_speed_ratio_weighted_3,11,2026-07-03T05:20:00+00:00,2026-07-11T07:52:00+00:00,6410,500,0.8038910827061462,0.024584050322400554,0.6080218701209745,0.6073356642196504,-0.0006862059013241772,0.552,0.5771736427940942,0.7481690140845071
sectional_closing_speed_ratio_weighted_3,12,2026-07-11T08:01:00+00:00,2026-07-22T02:07:00+00:00,6910,500,0.8038910827061462,0.024572651732925655,0.619182764327878,0.6208747261803524,0.001691961852474444,0.5693333333333334,0.5923579704379577,0.7524742676167855
sectional_closing_speed_ratio_weighted_6,1,2026-03-15T06:10:00+00:00,2026-03-27T00:36:00+00:00,1410,500,0.8284373753078605,-0.004177606226119874,0.6300278256990635,0.6304916870849862,0.00046386138592269255,0.5773333333333334,0.6072181661093208,0.7600819155639571
sectional_closing_speed_ratio_weighted_6,2,2026-03-27T01:11:00+00:00,2026-04-04T06:44:00+00:00,1910,500,0.8284373753078605,0.010474543907834588,0.6261517043389135,0.6268745609022144,0.0007228565633008444,0.5773333333333334,0.6016090830546603,0.7512224938875306
sectional_closing_speed_ratio_weighted_6,3,2026-04-04T06:50:00+00:00,2026-04-17T01:25:00+00:00,2410,500,0.8284373753078605,0.012836057094111432,0.6280889408128764,0.6271745744864178,-0.0009143663264585822,0.57,0.6008717724792064,0.7678265254664649
sectional_closing_speed_ratio_weighted_6,4,2026-04-17T01:44:00+00:00,2026-05-01T05:19:00+00:00,2910,500,0.8284373753078605,0.016465493129308912,0.6112771681162608,0.6089574061527478,-0.002319761963512912,0.5513333333333333,0.5831629579443245,0.75
sectional_closing_speed_ratio_weighted_6,5,2026-05-01T05:26:00+00:00,2026-05-14T06:40:00+00:00,3410,500,0.8284373753078605,0.01752512744363956,0.5991614550260691,0.5978156404671329,-0.0013458145589362314,0.538,0.5648940341368195,0.7503685277317118
sectional_closing_speed_ratio_weighted_6,6,2026-05-14T06:52:00+00:00,2026-05-23T05:39:00+00:00,3910,500,0.8284373753078605,0.015751898303676733,0.6118636575634334,0.611494822952054,-0.0003688346113793761,0.5533333333333333,0.5834194129859118,0.7558932121556377
sectional_closing_speed_ratio_weighted_6,7,2026-05-23T05:41:00+00:00,2026-06-03T05:24:00+00:00,4410,500,0.8284373753078605,0.016532706910549193,0.6091878200109806,0.6090276607652131,-0.0001601592457675105,0.5573333333333333,0.5774861979587511,0.7439577784354345
sectional_closing_speed_ratio_weighted_6,8,2026-06-03T05:32:00+00:00,2026-06-13T04:10:01+00:00,4910,500,0.8284373753078605,0.028236574682342693,0.6168040043789969,0.6178425442216287,0.0010385398426318027,0.5606666666666666,0.5875645597394342,0.7624722838137472
sectional_closing_speed_ratio_weighted_6,9,2026-06-13T04:12:01+00:00,2026-06-22T05:30:00+00:00,5410,500,0.8284373753078605,0.026601314958650417,0.6051414175132467,0.6067944565573444,0.0016530390440977483,0.554,0.5750837042055678,0.7440941220238095
sectional_closing_speed_ratio_weighted_6,10,2026-06-22T05:45:00+00:00,2026-07-03T05:16:00+00:00,5910,500,0.8284373753078605,0.026335287684739153,0.6023206162626358,0.602693655707367,0.00037303944473121575,0.5486666666666666,0.5816544983279601,0.7317867911681744
sectional_closing_speed_ratio_weighted_6,11,2026-07-03T05:20:00+00:00,2026-07-11T07:52:00+00:00,6410,500,0.8284373753078605,0.026066439594903405,0.6080218701209745,0.608775903352866,0.0007540332318914933,0.554,0.579028496040572,0.748075117370892
sectional_closing_speed_ratio_weighted_6,12,2026-07-11T08:01:00+00:00,2026-07-22T02:07:00+00:00,6910,500,0.8284373753078605,0.02386630331867997,0.619182764327878,0.6200041414246515,0.0008213770967735456,0.568,0.591542298081821,0.7524742676167855
current_class_level,1,2026-03-15T06:10:00+00:00,2026-03-27T00:36:00+00:00,1410,500,0.8673344432366984,0.0,0.6300278256990635,0.6300278256990635,0.0,0.578,0.6057097064929563,0.7584015963032976
current_class_level,2,2026-03-27T01:11:00+00:00,2026-04-04T06:44:00+00:00,1910,500,0.8673344432366984,0.0,0.6261517043389135,0.6261517043389135,0.0,0.576,0.6014861979587514,0.751120619396903
current_class_level,3,2026-04-04T06:50:00+00:00,2026-04-17T01:25:00+00:00,2410,500,0.8673344432366984,0.0,0.6280889408128764,0.6280889408128764,0.0,0.5706666666666667,0.6031959044517073,0.7678265254664649
current_class_level,4,2026-04-17T01:44:00+00:00,2026-05-01T05:19:00+00:00,2910,500,0.8673344432366984,0.0,0.6112771681162608,0.6112771681162608,0.0,0.5546666666666666,0.5856322366703473,0.7501431024613623
current_class_level,5,2026-05-01T05:26:00+00:00,2026-05-14T06:40:00+00:00,3410,500,0.8673344432366984,0.0,0.5991614550260691,0.5991614550260691,0.0,0.5393333333333333,0.567564559739434,0.7504145936981758
current_class_level,6,2026-05-14T06:52:00+00:00,2026-05-23T05:39:00+00:00,3910,500,0.8673344432366984,0.0,0.6118636575634334,0.6118636575634334,0.0,0.554,0.5834194129859119,0.7560352172678216
current_class_level,7,2026-05-23T05:41:00+00:00,2026-06-03T05:24:00+00:00,4410,500,0.8673344432366984,0.0,0.6091878200109806,0.6091878200109806,0.0,0.5573333333333333,0.5783241319725009,0.7437604814047548
current_class_level,8,2026-06-03T05:32:00+00:00,2026-06-13T04:10:01+00:00,4910,500,0.8673344432366984,0.0,0.6168040043789969,0.6168040043789969,0.0,0.5586666666666666,0.5869946575751156,0.7628880266075388
current_class_level,9,2026-06-13T04:12:01+00:00,2026-06-22T05:30:00+00:00,5410,500,0.8673344432366984,0.0,0.6051414175132467,0.6051414175132467,0.0,0.552,0.5729830807672721,0.7435825892857143
current_class_level,10,2026-06-22T05:45:00+00:00,2026-07-03T05:16:00+00:00,5910,500,0.8673344432366984,0.0,0.6023206162626358,0.6023206162626358,0.0,0.5486666666666666,0.5798219067390951,0.732127224978115
current_class_level,11,2026-07-03T05:20:00+00:00,2026-07-11T07:52:00+00:00,6410,500,0.8673344432366984,0.0,0.6080218701209745,0.6080218701209745,0.0,0.5533333333333333,0.5777212833007996,0.7476995305164319
current_class_level,12,2026-07-11T08:01:00+00:00,2026-07-22T02:07:00+00:00,6910,500,0.8673344432366984,0.0,0.619182764327878,0.619182764327878,0.0,0.5673333333333334,0.5901344619037528,0.7519299287410927
form_class_level_weighted_3,1,2026-03-15T06:10:00+00:00,2026-03-27T00:36:00+00:00,1410,500,0.9394047799226737,-0.008502569517783179,0.6300278256990635,0.6304529842945207,0.0004251585954572201,0.578,0.6070952810134115,0.7587166561646713
form_class_level_weighted_3,2,2026-03-27T01:11:00+00:00,2026-04-04T06:44:00+00:00,1910,500,0.9394047799226737,-0.001314740613938164,0.6261517043389135,0.6258186837686632,-0.0003330205702503086,0.5753333333333334,0.6013855745204554,0.7512224938875306
form_class_level_weighted_3,3,2026-04-04T06:50:00+00:00,2026-04-17T01:25:00+00:00,2410,500,0.9394047799226737,-0.004490922842096586,0.6280889408128764,0.6273406710928497,-0.0007482697200266175,0.57,0.6016874448353429,0.7676752395360564
form_class_level_weighted_3,4,2026-04-17T01:44:00+00:00,2026-05-01T05:19:00+00:00,2910,500,0.9394047799226737,0.015246431438123209,0.6112771681162608,0.6109879570690451,-0.00028921104721568724,0.5546666666666666,0.5845707941223928,0.7500477008204541
form_class_level_weighted_3,5,2026-05-01T05:26:00+00:00,2026-05-14T06:40:00+00:00,3410,500,0.9394047799226737,0.010353922244644912,0.5991614550260691,0.5983275426215583,-0.000833912404510806,0.538,0.5668495108215934,0.7504606596646398
form_class_level_weighted_3,6,2026-05-14T06:52:00+00:00,2026-05-23T05:39:00+00:00,3910,500,0.9394047799226737,0.01176340317030562,0.6118636575634334,0.6118956346766409,3.197711320745977e-05,0.554,0.5842573469996617,0.7553251917069015
form_class_level_weighted_3,7,2026-05-23T05:41:00+00:00,2026-06-03T05:24:00+00:00,4410,500,0.9394047799226737,0.008497117499780651,0.6091878200109806,0.6097069621803944,0.0005191421694138443,0.558,0.5793633128628424,0.7434645358587353
form_class_level_weighted_3,8,2026-06-03T05:32:00+00:00,2026-06-13T04:10:01+00:00,4910,500,0.9394047799226737,0.011736825144960305,0.6168040043789969,0.6156987509112618,-0.0011052534677350456,0.5573333333333333,0.5859332150271611,0.7621951219512195
form_class_level_weighted_3,9,2026-06-13T04:12:01+00:00,2026-06-22T05:30:00+00:00,5410,500,0.9394047799226737,0.014224416729926949,0.6051414175132467,0.6051443841257549,2.9666125082039585e-06,0.552,0.5735529829315907,0.7430245535714286
form_class_level_weighted_3,10,2026-06-22T05:45:00+00:00,2026-07-03T05:16:00+00:00,5910,500,0.9394047799226737,0.011722773103164585,0.6023206162626358,0.602307869903663,-1.274635897274834e-05,0.548,0.5808610876294366,0.7323703919852155
form_class_level_weighted_3,11,2026-07-03T05:20:00+00:00,2026-07-11T07:52:00+00:00,6410,500,0.9394047799226737,0.013547769532587505,0.6080218701209745,0.6082319086742942,0.00021003855331969135,0.5533333333333333,0.5789839727253457,0.7472769953051643
form_class_level_weighted_3,12,2026-07-11T08:01:00+00:00,2026-07-22T02:07:00+00:00,6910,500,0.9394047799226737,0.012554243716353549,0.619182764327878,0.6187129340512745,-0.0004698302766035223,0.5666666666666667,0.5896874448353432,0.7518309580364212
form_class_level_weighted_6,1,2026-03-15T06:10:00+00:00,2026-03-27T00:36:00+00:00,1410,500,0.948926099698675,-0.01670626507920014,0.6300278256990635,0.6294212310891131,-0.0006065946099503838,0.5766666666666667,0.6056874448353432,0.7586641461877757
form_class_level_weighted_6,2,2026-03-27T01:11:00+00:00,2026-04-04T06:44:00+00:00,1910,500,0.948926099698675,-0.010668127499459935,0.6261517043389135,0.6253785360564649,-0.0007731682824486663,0.5746666666666667,0.6011620659862505,0.7510187449062755
form_class_level_weighted_6,3,2026-04-04T06:50:00+00:00,2026-04-17T01:25:00+00:00,2410,500,0.948926099698675,-0.007870264432736265,0.6280889408128764,0.6281647007024022,7.575988952579493e-05,0.5706666666666667,0.6029946575751155,0.7683308119011598
form_class_level_weighted_6,4,2026-04-17T01:44:00+00:00,2026-05-01T05:19:00+00:00,2910,500,0.948926099698675,0.008971038788849486,0.6112771681162608,0.6119438347829274,0.0006666666666665932,0.556,0.5856322366703473,0.7501431024613623
form_class_level_weighted_6,5,2026-05-01T05:26:00+00:00,2026-05-14T06:40:00+00:00,3410,500,0.948926099698675,0.00827971114367918,0.5991614550260691,0.5976674379922857,-0.0014940170337833791,0.5373333333333333,0.565910953369548,0.750092131932928
form_class_level_weighted_6,6,2026-05-14T06:52:00+00:00,2026-05-23T05:39:00+00:00,3910,500,0.948926099698675,0.009847298674065958,0.6118636575634334,0.6118067625179011,-5.68950455323014e-05,0.554,0.5836651831777299,0.7555618668938748
form_class_level_weighted_6,7,2026-05-23T05:41:00+00:00,2026-06-03T05:24:00+00:00,4410,500,0.948926099698675,0.004940253877268474,0.6091878200109806,0.6101324593356594,0.0009446393246788087,0.5586666666666666,0.5797319681505692,0.7434645358587353
form_class_level_weighted_6,8,2026-06-03T05:32:00+00:00,2026-06-13T04:10:01+00:00,4910,500,0.948926099698675,0.009936030847977315,0.6168040043789969,0.6156544221886493,-0.0011495821903475534,0.5573333333333333,0.5857097064929564,0.7622413155949741
form_class_level_weighted_6,9,2026-06-13T04:12:01+00:00,2026-06-22T05:30:00+00:00,5410,500,0.948926099698675,0.013082283328643874,0.6051414175132467,0.6047305127145374,-0.0004109047987093106,0.5513333333333333,0.5731843276438638,0.7430710565476191
form_class_level_weighted_6,10,2026-06-22T05:45:00+00:00,2026-07-03T05:16:00+00:00,5910,500,0.948926099698675,0.011467868376842081,0.6023206162626358,0.6019137448185546,-0.00040687144408113607,0.5473333333333333,0.5808610876294368,0.732127224978115
form_class_level_weighted_6,11,2026-07-03T05:20:00+00:00,2026-07-11T07:52:00+00:00,6410,500,0.948926099698675,0.013791096433569894,0.6080218701209745,0.6087529842243445,0.0007311141033700119,0.554,0.5794532514513685,0.7475586854460093
form_class_level_weighted_6,12,2026-07-11T08:01:00+00:00,2026-07-22T02:07:00+00:00,6910,500,0.948926099698675,0.012503040881506782,0.619182764327878,0.6195220762590208,0.0003393119311427828,0.568,0.5902573469996618,0.7518309580364212
class_change_vs_recent_3,1,2026-03-15T06:10:00+00:00,2026-03-27T00:36:00+00:00,1410,500,0.8178153249219169,0.016871951471017166,0.6300278256990635,0.6309144967758019,0.0008866710767384545,0.5786666666666667,0.6072404277669338,0.7590842260029406
class_change_vs_recent_3,2,2026-03-27T01:11:00+00:00,2026-04-04T06:44:00+00:00,1910,500,0.8178153249219169,0.012689306514677623,0.6261517043389135,0.6261902200359818,3.8515697068253196e-05,0.576,0.6013855745204555,0.7513753056234719
class_change_vs_recent_3,3,2026-04-04T06:50:00+00:00,2026-04-17T01:25:00+00:00,2410,500,0.8178153249219169,0.005831805475720361,0.6280889408128764,0.6274217625481358,-0.0006671782647406088,0.57,0.6019109533695477,0.7677760968229954
class_change_vs_recent_3,4,2026-04-17T01:44:00+00:00,2026-05-01T05:19:00+00:00,2910,500,0.8178153249219169,-0.00655093771651012,0.6112771681162608,0.6115289573834289,0.00025178926716817873,0.5553333333333333,0.5851629579443244,0.7502862049227247
class_change_vs_recent_3,5,2026-05-01T05:26:00+00:00,2026-05-14T06:40:00+00:00,3410,500,0.8178153249219169,-0.005807419729324214,0.5991614550260691,0.5979634880142477,-0.0011979670118213992,0.5373333333333333,0.5667266257256844,0.7504606596646398
class_change_vs_recent_3,6,2026-05-14T06:52:00+00:00,2026-05-23T05:39:00+00:00,3910,500,0.8178153249219169,-0.008414253592875835,0.6118636575634334,0.6114142603878245,-0.0004493971756088788,0.5533333333333333,0.58366518317773,0.7553251917069015
class_change_vs_recent_3,7,2026-05-23T05:41:00+00:00,2026-06-03T05:24:00+00:00,4410,500,0.8178153249219169,-0.005373222087729493,0.6091878200109806,0.6093363546972026,0.0001485346862220016,0.5573333333333333,0.5790169192327286,0.743661832889415
class_change_vs_recent_3,8,2026-06-03T05:32:00+00:00,2026-06-13T04:10:01+00:00,4910,500,0.8178153249219169,-0.009126150117107348,0.6168040043789969,0.6157795897878324,-0.0010244145911644242,0.5573333333333333,0.5859332150271611,0.7625184774575019
class_change_vs_recent_3,9,2026-06-13T04:12:01+00:00,2026-06-22T05:30:00+00:00,5410,500,0.8178153249219169,-0.010743676472924206,0.6051414175132467,0.6046472281347253,-0.0004941893785214146,0.5513333333333333,0.573083704205568,0.7428385416666666
class_change_vs_recent_3,10,2026-06-22T05:45:00+00:00,2026-07-03T05:16:00+00:00,5910,500,0.8178153249219169,-0.00925221214490091,0.6023206162626358,0.6019244132138664,-0.0003962030487694168,0.5473333333333333,0.5805146939993229,0.7325162921894758
class_change_vs_recent_3,11,2026-07-03T05:20:00+00:00,2026-07-11T07:52:00+00:00,6410,500,0.8178153249219169,-0.011191952834733546,0.6080218701209745,0.6080162534960583,-5.616624916271462e-06,0.5533333333333333,0.5781683003692093,0.7472300469483568
class_change_vs_recent_3,12,2026-07-11T08:01:00+00:00,2026-07-22T02:07:00+00:00,6910,500,0.8178153249219169,-0.008393372134519728,0.619182764327878,0.6191141026728368,-6.866165504115784e-05,0.5673333333333334,0.5898103299312522,0.7519794140934284
class_drop_from_recent_best,1,2026-03-15T06:10:00+00:00,2026-03-27T00:36:00+00:00,1410,500,0.824323394653201,-0.038081380761696454,0.6300278256990635,0.6282751170290134,-0.0017527086700500627,0.5746666666666667,0.604525378849093,0.7592417559336274
class_drop_from_recent_best,2,2026-03-27T01:11:00+00:00,2026-04-04T06:44:00+00:00,1910,500,0.824323394653201,-0.031118607732611877,0.6261517043389135,0.6262846128666013,0.0001329085276877695,0.576,0.6015084596163645,0.7516299918500408
class_drop_from_recent_best,3,2026-04-04T06:50:00+00:00,2026-04-17T01:25:00+00:00,2410,500,0.824323394653201,-0.02514271091803426,0.6280889408128764,0.6278060361230124,-0.0002829046898639165,0.57,0.6031959044517072,0.7680282400403429
class_drop_from_recent_best,4,2026-04-17T01:44:00+00:00,2026-05-01T05:19:00+00:00,2910,500,0.824323394653201,-0.01516172091842128,0.6112771681162608,0.6115013580811854,0.00022418996492468146,0.5553333333333333,0.5853864664785291,0.7499522991795459
class_drop_from_recent_best,5,2026-05-01T05:26:00+00:00,2026-05-14T06:40:00+00:00,3410,500,0.824323394653201,-0.004067513906748669,0.5991614550260691,0.6001956188381077,0.0010341638120385799,0.5413333333333333,0.5676090830546602,0.7505067256311038
class_drop_from_recent_best,6,2026-05-14T06:52:00+00:00,2026-05-23T05:39:00+00:00,3910,500,0.824323394653201,0.003482375223728131,0.6118636575634334,0.6118233762813187,-4.028128211475135e-05,0.554,0.5835422980818209,0.7557512070434536
class_drop_from_recent_best,7,2026-05-23T05:41:00+00:00,2026-06-03T05:24:00+00:00,4410,500,0.824323394653201,-0.0014455467601105004,0.6091878200109806,0.6101818290483114,0.000994009037330823,0.5593333333333333,0.5787934106985234,0.7432672388280557
class_drop_from_recent_best,8,2026-06-03T05:32:00+00:00,2026-06-13T04:10:01+00:00,4910,500,0.824323394653201,0.008293408044933365,0.6168040043789969,0.6171237302636949,0.0003197258846980855,0.5593333333333333,0.5868940341368197,0.7629342202512934
class_drop_from_recent_best,9,2026-06-13T04:12:01+00:00,2026-06-22T05:30:00+00:00,5410,500,0.824323394653201,0.010927186310947362,0.6051414175132467,0.604060159908451,-0.0010812576047957156,0.5506666666666666,0.5720222616576136,0.7428850446428571
class_drop_from_recent_best,10,2026-06-22T05:45:00+00:00,2026-07-03T05:16:00+00:00,5910,500,0.824323394653201,0.007457592896719614,0.6023206162626358,0.6021055045572338,-0.00021511170540200464,0.5473333333333333,0.5816767599855734,0.7320785915766949
class_drop_from_recent_best,11,2026-07-03T05:20:00+00:00,2026-07-11T07:52:00+00:00,6410,500,0.824323394653201,0.008614034388073556,0.6080218701209745,0.6085400861480535,0.0005182160270790215,0.554,0.5788833492870499,0.7472769953051643
class_drop_from_recent_best,12,2026-07-11T08:01:00+00:00,2026-07-22T02:07:00+00:00,6910,500,0.824323394653201,0.004833244735526853,0.619182764327878,0.6192810441557348,9.827982785681755e-05,0.568,0.589441674643525,0.7516825019794141
jockey_history_starts,1,2026-03-15T06:10:00+00:00,2026-03-27T00:36:00+00:00,1410,500,0.9892128400225649,0.0751474736253122,0.6300278256990635,0.6297098878877359,-0.00031793781132760657,0.5773333333333334,0.606033838465457,0.7581390464188196
jockey_history_starts,2,2026-03-27T01:11:00+00:00,2026-04-04T06:44:00+00:00,1910,500,0.9892128400225649,0.07916304015884101,0.6261517043389135,0.6227397361289219,-0.003411968209991678,0.5713333333333334,0.5977319681505694,0.7505603096984516
jockey_history_starts,3,2026-04-04T06:50:00+00:00,2026-04-17T01:25:00+00:00,2410,500,0.9892128400225649,0.06959572841266223,0.6280889408128764,0.6262359001100508,-0.001853040702825548,0.568,0.6013187895476164,0.7676248108925869
jockey_history_starts,4,2026-04-17T01:44:00+00:00,2026-05-01T05:19:00+00:00,2910,500,0.9892128400225649,0.08000578752391065,0.6112771681162608,0.6077392897736106,-0.0035378783426501803,0.55,0.5813864664785292,0.749570692615913
jockey_history_starts,5,2026-05-01T05:26:00+00:00,2026-05-14T06:40:00+00:00,3410,500,0.9892128400225649,0.06652152127753269,0.5991614550260691,0.5978600011090681,-0.0013014539170009831,0.538,0.5651175426710245,0.7503224617652479
jockey_history_starts,6,2026-05-14T06:52:00+00:00,2026-05-23T05:39:00+00:00,3910,500,0.9892128400225649,0.06786693905849976,0.6118636575634334,0.6111089041483617,-0.0007547534150716961,0.5526666666666666,0.5829723959175025,0.756129887342611
jockey_history_starts,7,2026-05-23T05:41:00+00:00,2026-06-03T05:24:00+00:00,4410,500,0.9892128400225649,0.07210833573692917,0.6091878200109806,0.6087011303101626,-0.00048668970081799934,0.5573333333333333,0.5785476405067055,0.7415902140672783
jockey_history_starts,8,2026-06-03T05:32:00+00:00,2026-06-13T04:10:01+00:00,4910,500,0.9892128400225649,0.06797224286337436,0.6168040043789969,0.613726671879133,-0.0030773324998638607,0.5546666666666666,0.5829162957944327,0.7626570583887657
jockey_history_starts,9,2026-06-13T04:12:01+00:00,2026-06-22T05:30:00+00:00,5410,500,0.9892128400225649,0.072084929380831,0.6051414175132467,0.6038719009180924,-0.0012695165951542853,0.55,0.5720445233152265,0.7434430803571429
jockey_history_starts,10,2026-06-22T05:45:00+00:00,2026-07-03T05:16:00+00:00,5910,500,0.9892128400225649,0.07208894541686803,0.6023206162626358,0.6033559152964653,0.0010352990338294843,0.5493333333333333,0.581900268519778,0.7328567259994164
jockey_history_starts,11,2026-07-03T05:20:00+00:00,2026-07-11T07:52:00+00:00,6410,500,0.9892128400225649,0.0691973969422947,0.6080218701209745,0.6102793179257195,0.0022574478047450164,0.556,0.5807604641911411,0.748356807511737
jockey_history_starts,12,2026-07-11T08:01:00+00:00,2026-07-22T02:07:00+00:00,6910,500,0.9892128400225649,0.07000756530352453,0.619182764327878,0.6177749271907507,-0.0014078371371273324,0.5653333333333334,0.5888495108215934,0.7515835312747426
jockey_history_top3_excess,1,2026-03-15T06:10:00+00:00,2026-03-27T00:36:00+00:00,1410,500,0.9892128400225649,0.03954226827833347,0.6300278256990635,0.6294304350225364,-0.0005973906765270875,0.5766666666666667,0.6063018703148884,0.7580865364419239
jockey_history_top3_excess,2,2026-03-27T01:11:00+00:00,2026-04-04T06:44:00+00:00,1910,500,0.9892128400225649,0.060965920788730504,0.6261517043389135,0.6247031234550893,-0.0014485808838242686,0.574,0.6002012468765922,0.7506112469437652
jockey_history_top3_excess,3,2026-04-04T06:50:00+00:00,2026-04-17T01:25:00+00:00,2410,500,0.9892128400225649,0.06030443363231642,0.6280889408128764,0.6285790670288607,0.0004901262159843212,0.5713333333333334,0.6033187895476161,0.7683308119011598
jockey_history_top3_excess,4,2026-04-17T01:44:00+00:00,2026-05-01T05:19:00+00:00,2910,500,0.9892128400225649,0.08470280302691072,0.6112771681162608,0.6068448546076827,-0.00443231350857809,0.5486666666666666,0.5805707941223928,0.7494752909750048
jockey_history_top3_excess,5,2026-05-01T05:26:00+00:00,2026-05-14T06:40:00+00:00,3410,500,0.9892128400225649,0.09054743723913072,0.5991614550260691,0.5992169146078071,5.5459581738026564e-05,0.5393333333333333,0.5674639363011382,0.7507370554634236
jockey_history_top3_excess,6,2026-05-14T06:52:00+00:00,2026-05-23T05:39:00+00:00,3910,500,0.9892128400225649,0.08932852590242443,0.6118636575634334,0.6112035742231511,-0.0006600833402823358,0.5526666666666666,0.5829723959175025,0.7565085676417684
jockey_history_top3_excess,7,2026-05-23T05:41:00+00:00,2026-06-03T05:24:00+00:00,4410,500,0.9892128400225649,0.09237625134774036,0.6091878200109806,0.6087441599210663,-0.0004436600899142551,0.558,0.5771398043286372,0.7418368353556279
jockey_history_top3_excess,8,2026-06-03T05:32:00+00:00,2026-06-13T04:10:01+00:00,4910,500,0.9892128400225649,0.08896732908277455,0.6168040043789969,0.6111441915469977,-0.0056598128319991226,0.5506666666666666,0.5807711490409108,0.7624722838137472
jockey_history_top3_excess,9,2026-06-13T04:12:01+00:00,2026-06-22T05:30:00+00:00,5410,500,0.9892128400225649,0.09287604488078072,0.6051414175132467,0.6061440414116368,0.0010026238983901203,0.5533333333333333,0.5736758680274994,0.7442336309523809
jockey_history_top3_excess,10,2026-06-22T05:45:00+00:00,2026-07-03T05:16:00+00:00,5910,500,0.9892128400225649,0.09215803420411457,0.6023206162626358,0.6023585812687442,3.796500610842024e-05,0.5486666666666666,0.5801683003692091,0.7319326913724346
jockey_history_top3_excess,11,2026-07-03T05:20:00+00:00,2026-07-11T07:52:00+00:00,6410,500,0.9892128400225649,0.093197942458541,0.6080218701209745,0.6087427322400222,0.0007208621190476494,0.5546666666666666,0.5778441683967086,0.7477934272300469
jockey_history_top3_excess,12,2026-07-11T08:01:00+00:00,2026-07-22T02:07:00+00:00,6910,500,0.9892128400225649,0.09215913659384721,0.619182764327878,0.6180897731800751,-0.0010929911478029242,0.5653333333333334,0.5899109533695481,0.7517814726840855
jockey_recent_top3_excess,1,2026-03-15T06:10:00+00:00,2026-03-27T00:36:00+00:00,1410,500,0.9892128400225649,0.01725713656902782,0.6300278256990635,0.6303096809869316,0.00028185528786817127,0.578,0.606994657575116,0.7582440663726108
jockey_recent_top3_excess,2,2026-03-27T01:11:00+00:00,2026-04-04T06:44:00+00:00,1910,500,0.9892128400225649,0.0263257100922374,0.6261517043389135,0.6233256957879154,-0.002826008550998127,0.572,0.5987934106985239,0.7505093724531378
jockey_recent_top3_excess,3,2026-04-04T06:50:00+00:00,2026-04-17T01:25:00+00:00,2410,500,0.9892128400225649,0.029526432040497777,0.6280889408128764,0.6269946721364884,-0.001094268676387955,0.5693333333333334,0.601788068273639,0.767523953605648
jockey_recent_top3_excess,4,2026-04-17T01:44:00+00:00,2026-05-01T05:19:00+00:00,2910,500,0.9892128400225649,0.04850234075423346,0.6112771681162608,0.6079199843727003,-0.0033571837435604213,0.55,0.5816322366703471,0.7500477008204541
jockey_recent_top3_excess,5,2026-05-01T05:26:00+00:00,2026-05-14T06:40:00+00:00,3410,500,0.9892128400225649,0.051169357133546055,0.5991614550260691,0.5989767417193963,-0.00018471330667280128,0.5393333333333333,0.5668717724792065,0.7503685277317118
jockey_recent_top3_excess,6,2026-05-14T06:52:00+00:00,2026-05-23T05:39:00+00:00,3910,500,0.9892128400225649,0.055810137086547564,0.6118636575634334,0.6119236117705114,5.995420707793908e-05,0.554,0.5835645597394342,0.756129887342611
jockey_recent_top3_excess,7,2026-05-23T05:41:00+00:00,2026-06-03T05:24:00+00:00,4410,500,0.9892128400225649,0.06230849814253789,0.6091878200109806,0.6082068630437166,-0.0009809569672639684,0.5566666666666666,0.5772626894245462,0.7422314294169873
jockey_recent_top3_excess,8,2026-06-03T05:32:00+00:00,2026-06-13T04:10:01+00:00,4910,500,0.9892128400225649,0.06237873588215307,0.6168040043789969,0.6123037515643965,-0.004500252814600314,0.5526666666666666,0.5820561001230702,0.7618255728011826
jockey_recent_top3_excess,9,2026-06-13T04:12:01+00:00,2026-06-22T05:30:00+00:00,5410,500,0.9892128400225649,0.06839367978871844,0.6051414175132467,0.6042824585015935,-0.0008589590116532264,0.5506666666666666,0.5721674084111357,0.7436290922619048
jockey_recent_top3_excess,10,2026-06-22T05:45:00+00:00,2026-07-03T05:16:00+00:00,5910,500,0.9892128400225649,0.06695257383733097,0.6023206162626358,0.6023191890951541,-1.4271674816379587e-06,0.548,0.5807604641911407,0.7325162921894758
jockey_recent_top3_excess,11,2026-07-03T05:20:00+00:00,2026-07-11T07:52:00+00:00,6410,500,0.9892128400225649,0.06794260401077598,0.6080218701209745,0.6081791471162797,0.0001572769953052111,0.554,0.5777212833007996,0.7469953051643192
jockey_recent_top3_excess,12,2026-07-11T08:01:00+00:00,2026-07-22T02:07:00+00:00,6910,500,0.9892128400225649,0.06589128446975086,0.619182764327878,0.618243515999018,-0.0009392483288600539,0.566,0.5896874448353434,0.7512866191607285
trainer_history_starts,1,2026-03-15T06:10:00+00:00,2026-03-27T00:36:00+00:00,1410,500,0.9621073487527346,0.07074688540647182,0.6300278256990635,0.6278719513013955,-0.002155874397667956,0.574,0.604771149040911,0.7587166561646713
trainer_history_starts,2,2026-03-27T01:11:00+00:00,2026-04-04T06:44:00+00:00,1910,500,0.9621073487527346,0.06836772958825038,0.6261517043389135,0.6243062622204176,-0.0018454421184959102,0.5733333333333334,0.5992849510821596,0.7512734311328443
trainer_history_starts,3,2026-04-04T06:50:00+00:00,2026-04-17T01:25:00+00:00,2410,500,0.9621073487527346,0.07341855197212173,0.6280889408128764,0.6272814503236732,-0.0008074904892031443,0.5693333333333334,0.6022796086572749,0.7681795259707513
trainer_history_starts,4,2026-04-17T01:44:00+00:00,2026-05-01T05:19:00+00:00,2910,500,0.9621073487527346,0.08540657037530794,0.6112771681162608,0.6099170327586465,-0.001360135357614256,0.5526666666666666,0.5840008919580739,0.7503339057431788
trainer_history_starts,5,2026-05-01T05:26:00+00:00,2026-05-14T06:40:00+00:00,3410,500,0.9621073487527346,0.09489366851148336,0.5991614550260691,0.6003551443962027,0.0011936893701336437,0.5413333333333333,0.567832591588865,0.7509213193292795
trainer_history_starts,6,2026-05-14T06:52:00+00:00,2026-05-23T05:39:00+00:00,3910,500,0.9621073487527346,0.10105128900893312,0.6118636575634334,0.611369717282928,-0.0004939402805054227,0.5526666666666666,0.583542298081821,0.7566032377165578
trainer_history_starts,7,2026-05-23T05:41:00+00:00,2026-06-03T05:24:00+00:00,4410,500,0.9621073487527346,0.10730700656363118,0.6091878200109806,0.6091754889465631,-1.2331064417447912e-05,0.5573333333333333,0.5783241319725009,0.7437111571470849
trainer_history_starts,8,2026-06-03T05:32:00+00:00,2026-06-13T04:10:01+00:00,4910,500,0.9621073487527346,0.10911391850740183,0.6168040043789969,0.6144990095956668,-0.0023049947833300166,0.5553333333333333,0.5839332150271613,0.7633961566888396
trainer_history_starts,9,2026-06-13T04:12:01+00:00,2026-06-22T05:30:00+00:00,5410,500,0.9621073487527346,0.1126934610954359,0.6051414175132467,0.6075469045975854,0.002405487084338742,0.5546666666666666,0.5770391808903419,0.7438151041666666
trainer_history_starts,10,2026-06-22T05:45:00+00:00,2026-07-03T05:16:00+00:00,5910,500,0.9621073487527346,0.10789425189189017,0.6023206162626358,0.6020696175147866,-0.00025099874784917375,0.548,0.580637579095232,0.731640890963914
trainer_history_starts,11,2026-07-03T05:20:00+00:00,2026-07-11T07:52:00+00:00,6410,500,0.9621073487527346,0.10877098575227367,0.6080218701209745,0.6075605554377086,-0.0004613146832659343,0.5526666666666666,0.577397151328299,0.7475117370892019
trainer_history_starts,12,2026-07-11T08:01:00+00:00,2026-07-22T02:07:00+00:00,6910,500,0.9621073487527346,0.10564849706944551,0.619182764327878,0.6190908781993548,-9.188612852317757e-05,0.5666666666666667,0.5903579704379577,0.7526722090261283
trainer_history_top3_excess,1,2026-03-15T06:10:00+00:00,2026-03-27T00:36:00+00:00,1410,500,0.9621073487527346,0.0805102596996669,0.6300278256990635,0.629925764572086,-0.0001020611269774152,0.5773333333333334,0.6064247554107972,0.75861163621088
trainer_history_top3_excess,2,2026-03-27T01:11:00+00:00,2026-04-04T06:44:00+00:00,1910,500,0.9621073487527346,0.09151873879498003,0.6261517043389135,0.624985676420782,-0.0011660279181315847,0.574,0.6007711490409108,0.7511715566422168
trainer_history_top3_excess,3,2026-04-04T06:50:00+00:00,2026-04-17T01:25:00+00:00,2410,500,0.9621073487527346,0.09711711012885815,0.6280889408128764,0.62882255697974,0.0007336161668636265,0.572,0.6035645597394342,0.7677256681795259
trainer_history_top3_excess,4,2026-04-17T01:44:00+00:00,2026-05-01T05:19:00+00:00,2910,500,0.9621073487527346,0.11198189385285545,0.6112771681162608,0.6083635961661092,-0.0029135719501515167,0.55,0.5832635813826204,0.7501908032818164
trainer_history_top3_excess,5,2026-05-01T05:26:00+00:00,2026-05-14T06:40:00+00:00,3410,500,0.9621073487527346,0.11651770989937087,0.5991614550260691,0.5962299409412384,-0.002931514084830722,0.536,0.5639332150271611,0.7489865487377925
trainer_history_top3_excess,6,2026-05-14T06:52:00+00:00,2026-05-23T05:39:00+00:00,3910,500,0.9621073487527346,0.11072781274379566,0.6118636575634334,0.612268749561395,0.0004050919979615708,0.554,0.5842350853420486,0.7568399129035311
trainer_history_top3_excess,7,2026-05-23T05:41:00+00:00,2026-06-03T05:24:00+00:00,4410,500,0.9621073487527346,0.1212708217262558,0.6091878200109806,0.6102059974464075,0.0010181774354268702,0.5593333333333333,0.5786927872602279,0.7434645358587353
trainer_history_top3_excess,8,2026-06-03T05:32:00+00:00,2026-06-13T04:10:01+00:00,4910,500,0.9621073487527346,0.11863313809120672,0.6168040043789969,0.6139911029799436,-0.0028129013990532137,0.5553333333333333,0.5835645597394344,0.7617331855136733
trainer_history_top3_excess,9,2026-06-13T04:12:01+00:00,2026-06-22T05:30:00+00:00,5410,500,0.9621073487527346,0.12255704021840047,0.6051414175132467,0.6057435730113179,0.0006021554980711885,0.5526666666666666,0.574569902164319,0.7430710565476191
trainer_history_top3_excess,10,2026-06-22T05:45:00+00:00,2026-07-03T05:16:00+00:00,5910,500,0.9621073487527346,0.11284422819883666,0.6023206162626358,0.6023878125876783,6.719632504248452e-05,0.5486666666666666,0.5799447918350044,0.7322731251823753
trainer_history_top3_excess,11,2026-07-03T05:20:00+00:00,2026-07-11T07:52:00+00:00,6410,500,0.9621073487527346,0.11252830575673416,0.6080218701209745,0.60963367559859,0.0016118054776155244,0.5553333333333333,0.5796990216431864,0.7481690140845071
trainer_history_top3_excess,12,2026-07-11T08:01:00+00:00,2026-07-22T02:07:00+00:00,6910,500,0.9621073487527346,0.11166043394159365,0.619182764327878,0.617371964591212,-0.00181079973666598,0.566,0.5868940341368198,0.7505938242280285
trainer_recent_top3_excess,1,2026-03-15T06:10:00+00:00,2026-03-27T00:36:00+00:00,1410,500,0.9621073487527346,0.014103584202108062,0.6300278256990635,0.6295376532340753,-0.00049017246498817,0.5766666666666667,0.6061006234382966,0.7587166561646713
trainer_recent_top3_excess,2,2026-03-27T01:11:00+00:00,2026-04-04T06:44:00+00:00,1910,500,0.9621073487527346,0.031054267506337573,0.6261517043389135,0.6236792450925852,-0.002472459246328329,0.5726666666666667,0.5986705256026148,0.7507131214343928
trainer_recent_top3_excess,3,2026-04-04T06:50:00+00:00,2026-04-17T01:25:00+00:00,2410,500,0.9621073487527346,0.048365318914925855,0.6280889408128764,0.6278651984300283,-0.0002237423828480578,0.5706666666666667,0.6027043640680712,0.767423096318709
trainer_recent_top3_excess,4,2026-04-17T01:44:00+00:00,2026-05-01T05:19:00+00:00,2910,500,0.9621073487527346,0.06087430593990889,0.6112771681162608,0.6076430392459582,-0.0036341288703025665,0.5493333333333333,0.5820008919580741,0.7499045983590917
trainer_recent_top3_excess,5,2026-05-01T05:26:00+00:00,2026-05-14T06:40:00+00:00,3410,500,0.9621073487527346,0.06400250889965592,0.5991614550260691,0.5980391808903415,-0.00112227413572763,0.538,0.5661567235613658,0.75
trainer_recent_top3_excess,6,2026-05-14T06:52:00+00:00,2026-05-23T05:39:00+00:00,3910,500,0.9621073487527346,0.06346390165901163,0.6118636575634334,0.611088998721752,-0.0007746588416813749,0.5526666666666666,0.5833187895476161,0.7557038720060589
trainer_recent_top3_excess,7,2026-05-23T05:41:00+00:00,2026-06-03T05:24:00+00:00,4410,500,0.9621073487527346,0.06460008108759063,0.6091878200109806,0.6118423456598717,0.002654525648891126,0.5613333333333334,0.5805476405067057,0.7441550754661143
trainer_recent_top3_excess,8,2026-06-03T05:32:00+00:00,2026-06-13T04:10:01+00:00,4910,500,0.9621073487527346,0.062169100083490095,0.6168040043789969,0.6171087048250727,0.00030470044607588953,0.5593333333333333,0.5862796086572751,0.7634885439763488
trainer_recent_top3_excess,9,2026-06-13T04:12:01+00:00,2026-06-22T05:30:00+00:00,5410,500,0.9621073487527346,0.06674816257163455,0.6051414175132467,0.604234198853957,-0.0009072186592896658,0.5506666666666666,0.5723463936301141,0.7432570684523809
trainer_recent_top3_excess,10,2026-06-22T05:45:00+00:00,2026-07-03T05:16:00+00:00,5910,500,0.9621073487527346,0.06525939260765155,0.6023206162626358,0.604438712315444,0.002118096052808216,0.5513333333333333,0.5831068578212546,0.7319813247738547
trainer_recent_top3_excess,11,2026-07-03T05:20:00+00:00,2026-07-11T07:52:00+00:00,6410,500,0.9621073487527346,0.0636343435531905,0.6080218701209745,0.6072157922782518,-0.0008060778427226856,0.5526666666666666,0.5765814789721624,0.7469483568075117
trainer_recent_top3_excess,12,2026-07-11T08:01:00+00:00,2026-07-22T02:07:00+00:00,6910,500,0.9621073487527346,0.06348911993808831,0.619182764327878,0.6203802896766376,0.0011975253487596094,0.5693333333333334,0.5910730193557983,0.7517814726840855
jockey_trainer_history_starts,1,2026-03-15T06:10:00+00:00,2026-03-27T00:36:00+00:00,1410,500,0.706118686278017,0.05104881157037947,0.6300278256990635,0.62993525354729,-9.257215177349565e-05,0.5773333333333334,0.6058325915888655,0.7592417559336274
jockey_trainer_history_starts,2,2026-03-27T01:11:00+00:00,2026-04-04T06:44:00+00:00,1910,500,0.706118686278017,0.05234526227944374,0.6261517043389135,0.6252203025614241,-0.0009314017774894046,0.5746666666666667,0.600223508534205,0.7513243683781581
jockey_trainer_history_starts,3,2026-04-04T06:50:00+00:00,2026-04-17T01:25:00+00:00,2410,500,0.706118686278017,0.05933987823679385,0.6280889408128764,0.6288242086982831,0.0007352678854067873,0.572,0.6032181661093203,0.7680786686838124
jockey_trainer_history_starts,4,2026-04-17T01:44:00+00:00,2026-05-01T05:19:00+00:00,2910,500,0.706118686278017,0.07478216413114121,0.6112771681162608,0.607758542405077,-0.003518625711183776,0.5493333333333333,0.582224400492279,0.7501431024613623
jockey_trainer_history_starts,5,2026-05-01T05:26:00+00:00,2026-05-14T06:40:00+00:00,3410,500,0.706118686278017,0.07675529834217683,0.5991614550260691,0.5973452035987551,-0.0018162514273140085,0.5366666666666666,0.5655868213970473,0.7504606596646398
jockey_trainer_history_starts,6,2026-05-14T06:52:00+00:00,2026-05-23T05:39:00+00:00,3910,500,0.706118686278017,0.07549000188140123,0.6118636575634334,0.612075932999369,0.00021227543593560494,0.5533333333333333,0.5841344619037527,0.7575026034270567
jockey_trainer_history_starts,7,2026-05-23T05:41:00+00:00,2026-06-03T05:24:00+00:00,4410,500,0.706118686278017,0.08376037549073023,0.6091878200109806,0.6119412751318176,0.002753455120837023,0.5613333333333334,0.5808940341368194,0.7442043997237842
jockey_trainer_history_starts,8,2026-06-03T05:32:00+00:00,2026-06-13T04:10:01+00:00,4910,500,0.706118686278017,0.0796974465031665,0.6168040043789969,0.6155546632636406,-0.0012493411153562395,0.5573333333333333,0.584525378849093,0.7630266075388027
jockey_trainer_history_starts,9,2026-06-13T04:12:01+00:00,2026-06-22T05:30:00+00:00,5410,500,0.706118686278017,0.08349199523371349,0.6051414175132467,0.6059152126701042,0.000773795156857493,0.5526666666666666,0.5748379340137499,0.7434895833333334
jockey_trainer_history_starts,10,2026-06-22T05:45:00+00:00,2026-07-03T05:16:00+00:00,5910,500,0.706118686278017,0.08248566075903241,0.6023206162626358,0.6023895536929675,6.893743033176136e-05,0.548,0.5814309897937553,0.732127224978115
jockey_trainer_history_starts,11,2026-07-03T05:20:00+00:00,2026-07-11T07:52:00+00:00,6410,500,0.706118686278017,0.07433021614742659,0.6080218701209745,0.6062343073026477,-0.0017875628183268155,0.5506666666666666,0.5765146939993232,0.7470892018779343
jockey_trainer_history_starts,12,2026-07-11T08:01:00+00:00,2026-07-22T02:07:00+00:00,6910,500,0.706118686278017,0.07409683015507276,0.619182764327878,0.6201699788473289,0.0009872145194509407,0.5693333333333334,0.5903802320955708,0.7516330166270784
jockey_trainer_history_top3_excess,1,2026-03-15T06:10:00+00:00,2026-03-27T00:36:00+00:00,1410,500,0.706118686278017,0.04996838709952143,0.6300278256990635,0.630539921261857,0.0005120955627935242,0.5786666666666667,0.6064247554107972,0.7584015963032976
jockey_trainer_history_top3_excess,2,2026-03-27T01:11:00+00:00,2026-04-04T06:44:00+00:00,1910,500,0.706118686278017,0.06685909494157347,0.6261517043389135,0.625500638748535,-0.0006510655903785301,0.5753333333333334,0.6012849510821596,0.7500509372453138
jockey_trainer_history_top3_excess,3,2026-04-04T06:50:00+00:00,2026-04-17T01:25:00+00:00,2410,500,0.706118686278017,0.055249516101588,0.6280889408128764,0.628441981515702,0.0003530407028256022,0.5713333333333334,0.6030730193557983,0.7680282400403429
jockey_trainer_history_top3_excess,4,2026-04-17T01:44:00+00:00,2026-05-01T05:19:00+00:00,2910,500,0.706118686278017,0.05575687140239841,0.6112771681162608,0.611095168067824,-0.00018200004843671458,0.5546666666666666,0.5852858430402335,0.7497614958977294
jockey_trainer_history_top3_excess,5,2026-05-01T05:26:00+00:00,2026-05-14T06:40:00+00:00,3410,500,0.706118686278017,0.05163905305043231,0.5991614550260691,0.5972010227331467,-0.0019604322929224205,0.5366666666666666,0.5652404277669335,0.7502303298323199
jockey_trainer_history_top3_excess,6,2026-05-14T06:52:00+00:00,2026-05-23T05:39:00+00:00,3910,500,0.706118686278017,0.0612276081826408,0.6118636575634334,0.610778077067886,-0.0010855804955474113,0.552,0.5826037406297756,0.7565085676417684
jockey_trainer_history_top3_excess,7,2026-05-23T05:41:00+00:00,2026-06-03T05:24:00+00:00,4410,500,0.706118686278017,0.06967008328583343,0.6091878200109806,0.6082010166727073,-0.0009868033382732788,0.5566666666666666,0.5768940341368194,0.7425766992206767
jockey_trainer_history_top3_excess,8,2026-06-03T05:32:00+00:00,2026-06-13T04:10:01+00:00,4910,500,0.706118686278017,0.06841822034631115,0.6168040043789969,0.6123654175779285,-0.004438586801068345,0.5526666666666666,0.5819332150271613,0.7621951219512195
jockey_trainer_history_top3_excess,9,2026-06-13T04:12:01+00:00,2026-06-22T05:30:00+00:00,5410,500,0.706118686278017,0.0758087270962221,0.6051414175132467,0.6062717974915327,0.0011303799782860224,0.5533333333333333,0.5748379340137499,0.7435825892857143
jockey_trainer_history_top3_excess,10,2026-06-22T05:45:00+00:00,2026-07-03T05:16:00+00:00,5910,500,0.706118686278017,0.07203578637935824,0.6023206162626358,0.6027043241026786,0.000383707840042824,0.5486666666666666,0.5813081046978463,0.732175858379535
jockey_trainer_history_top3_excess,11,2026-07-03T05:20:00+00:00,2026-07-11T07:52:00+00:00,6410,500,0.706118686278017,0.0710175361240725,0.6080218701209745,0.6067405384537212,-0.0012813316672533048,0.552,0.5764363322186405,0.7465258215962441
jockey_trainer_history_top3_excess,12,2026-07-11T08:01:00+00:00,2026-07-22T02:07:00+00:00,6910,500,0.706118686278017,0.07528083238968816,0.619182764327878,0.6200337586384082,0.000850994310530151,0.5686666666666667,0.5908717724792066,0.7519299287410927
jockey_trainer_recent_top3_excess,1,2026-03-15T06:10:00+00:00,2026-03-27T00:36:00+00:00,1410,500,0.706118686278017,0.034436793982673075,0.6300278256990635,0.6304971716225298,0.00046934592346636883,0.5786666666666667,0.6062012468765925,0.7584541062801933
jockey_trainer_recent_top3_excess,2,2026-03-27T01:11:00+00:00,2026-04-04T06:44:00+00:00,1910,500,0.706118686278017,0.043169528992282435,0.6261517043389135,0.6241171760262019,-0.00203452831271167,0.574,0.5993855745204554,0.7490831295843521
jockey_trainer_recent_top3_excess,3,2026-04-04T06:50:00+00:00,2026-04-17T01:25:00+00:00,2410,500,0.706118686278017,0.029623999834842592,0.6280889408128764,0.6275966110817358,-0.0004923297311405506,0.57,0.6022573469996616,0.7681290973272819
jockey_trainer_recent_top3_excess,4,2026-04-17T01:44:00+00:00,2026-05-01T05:19:00+00:00,2910,500,0.706118686278017,0.02983553628199899,0.6112771681162608,0.6104739291366219,-0.0008032389796388539,0.554,0.5843250239305746,0.749570692615913
jockey_trainer_recent_top3_excess,5,2026-05-01T05:26:00+00:00,2026-05-14T06:40:00+00:00,3410,500,0.706118686278017,0.02225761637076134,0.5991614550260691,0.5974428690570825,-0.0017185859689865524,0.5366666666666666,0.5652404277669335,0.7511977151280634
jockey_trainer_recent_top3_excess,6,2026-05-14T06:52:00+00:00,2026-05-23T05:39:00+00:00,3910,500,0.706118686278017,0.03071713943481855,0.6118636575634334,0.6102171581268212,-0.0016464994366122143,0.5513333333333333,0.5817880682736389,0.7564138975669791
jockey_trainer_recent_top3_excess,7,2026-05-23T05:41:00+00:00,2026-06-03T05:24:00+00:00,4410,500,0.706118686278017,0.04484527844328248,0.6091878200109806,0.6086449040375321,-0.0005429159734484656,0.5573333333333333,0.5773855745204552,0.7425273749630068
jockey_trainer_recent_top3_excess,8,2026-06-03T05:32:00+00:00,2026-06-13T04:10:01+00:00,4910,500,0.706118686278017,0.04400845275047643,0.6168040043789969,0.6120551810664726,-0.004748823312524242,0.552,0.5819332150271614,0.7622875092387288
jockey_trainer_recent_top3_excess,9,2026-06-13T04:12:01+00:00,2026-06-22T05:30:00+00:00,5410,500,0.706118686278017,0.05069410445509837,0.6051414175132467,0.6039349006223175,-0.00120651689092921,0.55,0.5727150489178412,0.7430245535714286
jockey_trainer_recent_top3_excess,10,2026-06-22T05:45:00+00:00,2026-07-03T05:16:00+00:00,5910,500,0.706118686278017,0.05054590227041539,0.6023206162626358,0.6021677234764906,-0.00015289278614516455,0.548,0.5807382025335278,0.7319326913724346
jockey_trainer_recent_top3_excess,11,2026-07-03T05:20:00+00:00,2026-07-11T07:52:00+00:00,6410,500,0.706118686278017,0.049802252128661274,0.6080218701209745,0.6082212982163804,0.00019942809540585138,0.5533333333333333,0.5786598407528454,0.7475586854460093
jockey_trainer_recent_top3_excess,12,2026-07-11T08:01:00+00:00,2026-07-22T02:07:00+00:00,6910,500,0.706118686278017,0.05289556338427813,0.619182764327878,0.6203545832255418,0.0011718188976638233,0.5686666666666667,0.59205610012307,0.752028899445764
form_margin_weighted_3,1,2026-03-15T06:10:00+00:00,2026-03-27T00:36:00+00:00,1410,500,0.9820305727926911,-0.23862247033503386,0.6300278256990635,0.6304294728611401,0.0004016471620766904,0.5773333333333334,0.6095422980818216,0.7575089266960723
form_margin_weighted_3,2,2026-03-27T01:11:00+00:00,2026-04-04T06:44:00+00:00,1910,500,0.9820305727926911,-0.24063428465495423,0.6261517043389135,0.6255238661323982,-0.000627838206515352,0.5746666666666667,0.6012849510821597,0.7514771801140995
form_margin_weighted_3,3,2026-04-04T06:50:00+00:00,2026-04-17T01:25:00+00:00,2410,500,0.9820305727926911,-0.22593803709374333,0.6280889408128764,0.6268049179374608,-0.0012840228754155136,0.5706666666666667,0.6006821024104585,0.7652042360060515
form_margin_weighted_3,4,2026-04-17T01:44:00+00:00,2026-05-01T05:19:00+00:00,2910,500,0.9820305727926911,-0.22279510676647385,0.6112771681162608,0.6076751749901568,-0.003601993126103986,0.5506666666666666,0.5810845961636419,0.748282770463652
form_margin_weighted_3,5,2026-05-01T05:26:00+00:00,2026-05-14T06:40:00+00:00,3410,500,0.9820305727926911,-0.21807849245570415,0.5991614550260691,0.5943142868420643,-0.004847168184004769,0.5333333333333333,0.5621567235613658,0.7484337571402248
form_margin_weighted_3,6,2026-05-14T06:52:00+00:00,2026-05-23T05:39:00+00:00,3910,500,0.9820305727926911,-0.21739071848298885,0.6118636575634334,0.6042298849915697,-0.007633772571863706,0.544,0.5758664300543217,0.7530531099119568
form_margin_weighted_3,7,2026-05-23T05:41:00+00:00,2026-06-03T05:24:00+00:00,4410,500,0.9820305727926911,-0.21611305295901884,0.6091878200109806,0.6020175236719487,-0.007170296339031879,0.5486666666666666,0.5712181661093199,0.7395185952451415
form_margin_weighted_3,8,2026-06-03T05:32:00+00:00,2026-06-13T04:10:01+00:00,4910,500,0.9820305727926911,-0.21006178090766442,0.6168040043789969,0.6158440624323156,-0.0009599419466812531,0.5593333333333333,0.5835307212739778,0.7611788617886179
form_margin_weighted_3,9,2026-06-13T04:12:01+00:00,2026-06-22T05:30:00+00:00,5410,500,0.9820305727926911,-0.21144096166404713,0.6051414175132467,0.6016671361975188,-0.0034742813157279118,0.5486666666666666,0.5677987531234086,0.7415364583333334
form_margin_weighted_3,10,2026-06-22T05:45:00+00:00,2026-07-03T05:16:00+00:00,5910,500,0.9820305727926911,-0.20902563339484573,0.6023206162626358,0.6021000196107926,-0.00022059665184315236,0.5486666666666666,0.5805930557800055,0.7304736893298317
form_margin_weighted_3,11,2026-07-03T05:20:00+00:00,2026-07-11T07:52:00+00:00,6410,500,0.9820305727926911,-0.20330527675451257,0.6080218701209745,0.6032500900223836,-0.0047717800985909165,0.5486666666666666,0.5714416746435252,0.744225352112676
form_margin_weighted_3,12,2026-07-11T08:01:00+00:00,2026-07-22T02:07:00+00:00,6910,500,0.9820305727926911,-0.19804910194706465,0.619182764327878,0.6159530004615144,-0.003229763866363644,0.562,0.5881789852189792,0.7516330166270784
form_margin_weighted_6,1,2026-03-15T06:10:00+00:00,2026-03-27T00:36:00+00:00,1410,500,0.9820305727926911,-0.26185350586636696,0.6300278256990635,0.6287940701931793,-0.0012337555058841154,0.576,0.6064024937531839,0.7567737870195337
form_margin_weighted_6,2,2026-03-27T01:11:00+00:00,2026-04-04T06:44:00+00:00,1910,500,0.9820305727926911,-0.25919111909422077,0.6261517043389135,0.6256421760003659,-0.0005095283385476712,0.5753333333333334,0.6021567235613658,0.7497453137734311
form_margin_weighted_6,3,2026-04-04T06:50:00+00:00,2026-04-17T01:25:00+00:00,2410,500,0.9820305727926911,-0.24590472716787015,0.6280889408128764,0.6276114034941378,-0.0004775373187385634,0.5726666666666667,0.5990507576981853,0.7660615229450328
form_margin_weighted_6,4,2026-04-17T01:44:00+00:00,2026-05-01T05:19:00+00:00,2910,500,0.9820305727926911,-0.24152377108054104,0.6112771681162608,0.6080164626701257,-0.0032607054461351037,0.5506666666666666,0.5813526280130731,0.7493798893340965
form_margin_weighted_6,5,2026-05-01T05:26:00+00:00,2026-05-14T06:40:00+00:00,3410,500,0.9820305727926911,-0.23766554723787073,0.5991614550260691,0.5967023391665938,-0.002459115859475336,0.5366666666666666,0.5649501342598889,0.7485258890731528
form_margin_weighted_6,6,2026-05-14T06:52:00+00:00,2026-05-23T05:39:00+00:00,3910,500,0.9820305727926911,-0.23749901505500273,0.6118636575634334,0.6091453462841989,-0.0027183112792344977,0.5506666666666666,0.5801122002461399,0.7551358515573228
form_margin_weighted_6,7,2026-05-23T05:41:00+00:00,2026-06-03T05:24:00+00:00,4410,500,0.9820305727926911,-0.23602581831950045,0.6091878200109806,0.6045037650970098,-0.0046840549139708365,0.5513333333333333,0.5739554766847736,0.7413929170365986
form_margin_weighted_6,8,2026-06-03T05:32:00+00:00,2026-06-13T04:10:01+00:00,4910,500,0.9820305727926911,-0.23005528901664352,0.6168040043789969,0.6145055167198792,-0.002298487659117665,0.5573333333333333,0.5818993765617047,0.7614560236511456
form_margin_weighted_6,9,2026-06-13T04:12:01+00:00,2026-06-22T05:30:00+00:00,5410,500,0.9820305727926911,-0.23187744228170123,0.6051414175132467,0.6030659454334346,-0.0020754720798120685,0.5506666666666666,0.5688824573289764,0.7420479910714286
form_margin_weighted_6,10,2026-06-22T05:45:00+00:00,2026-07-03T05:16:00+00:00,5910,500,0.9820305727926911,-0.2288461729193276,0.6023206162626358,0.6066452106686314,0.004324594405995641,0.5546666666666666,0.5855093515744382,0.7317381577667542
form_margin_weighted_6,11,2026-07-03T05:20:00+00:00,2026-07-11T07:52:00+00:00,6410,500,0.9820305727926911,-0.2218106749248425,0.6080218701209745,0.5998127533568907,-0.008209116764083868,0.544,0.5680115768078439,0.7432394366197184
form_margin_weighted_6,12,2026-07-11T08:01:00+00:00,2026-07-22T02:07:00+00:00,6910,500,0.9820305727926911,-0.21513570625139902,0.619182764327878,0.6207813228082023,0.001598558480324308,0.5693333333333334,0.591687444835343,0.7527711797307997
form_margin_scaled_weighted_3,1,2026-03-15T06:10:00+00:00,2026-03-27T00:36:00+00:00,1410,500,0.9820305727926911,-0.23493701343242052,0.6300278256990635,0.6296001974834942,-0.00042762821556929786,0.576,0.6081567235613661,0.7582440663726108
form_margin_scaled_weighted_3,2,2026-03-27T01:11:00+00:00,2026-04-04T06:44:00+00:00,1910,500,0.9820305727926911,-0.24192861035738594,0.6261517043389135,0.6231682569268195,-0.002983447412093998,0.572,0.5984692787260233,0.7502037489812551
form_margin_scaled_weighted_3,3,2026-04-04T06:50:00+00:00,2026-04-17T01:25:00+00:00,2410,500,0.9820305727926911,-0.22705279489195163,0.6280889408128764,0.6254727247245968,-0.002616216088279555,0.5686666666666667,0.5990507576981854,0.7655068078668684
form_margin_scaled_weighted_3,4,2026-04-17T01:44:00+00:00,2026-05-01T05:19:00+00:00,2910,500,0.9820305727926911,-0.22306806854032243,0.6112771681162608,0.6072433180441815,-0.004033850072079237,0.55,0.5807382025335281,0.7482350696431979
form_margin_scaled_weighted_3,5,2026-05-01T05:26:00+00:00,2026-05-14T06:40:00+00:00,3410,500,0.9820305727926911,-0.2167824771052729,0.5991614550260691,0.5948131286997093,-0.0043483263263598415,0.534,0.5627266257256843,0.7485258890731528
form_margin_scaled_weighted_3,6,2026-05-14T06:52:00+00:00,2026-05-23T05:39:00+00:00,3910,500,0.9820305727926911,-0.214236958556537,0.6118636575634334,0.6044267493253239,-0.007436908238109496,0.544,0.5765592173145493,0.7531477799867462
form_margin_scaled_weighted_3,7,2026-05-23T05:41:00+00:00,2026-06-03T05:24:00+00:00,4410,500,0.9820305727926911,-0.21408337603043695,0.6091878200109806,0.6017959900606998,-0.007391829950280759,0.5486666666666666,0.5707266257256839,0.7391240011837822
form_margin_scaled_weighted_3,8,2026-06-03T05:32:00+00:00,2026-06-13T04:10:01+00:00,4910,500,0.9820305727926911,-0.2060823256672797,0.6168040043789969,0.6175432859450787,0.0007392815660818286,0.5626666666666666,0.5841228850959095,0.7607169253510717
form_margin_scaled_weighted_3,9,2026-06-13T04:12:01+00:00,2026-06-22T05:30:00+00:00,5410,500,0.9820305727926911,-0.2071923686024473,0.6051414175132467,0.6005930056644873,-0.004548411848759426,0.5466666666666666,0.567083704205568,0.7419549851190477
form_margin_scaled_weighted_3,10,2026-06-22T05:45:00+00:00,2026-07-03T05:16:00+00:00,5910,500,0.9820305727926911,-0.20570586761897305,0.6023206162626358,0.5999356192704717,-0.002384996992164101,0.546,0.5777551217662559,0.7299873553156307
form_margin_scaled_weighted_3,11,2026-07-03T05:20:00+00:00,2026-07-11T07:52:00+00:00,6410,500,0.9820305727926911,-0.20096161985310645,0.6080218701209745,0.6031162359949692,-0.004905634126005309,0.548,0.571910953369548,0.7445539906103287
form_margin_scaled_weighted_3,12,2026-07-11T08:01:00+00:00,2026-07-22T02:07:00+00:00,6910,500,0.9820305727926911,-0.19643201387238038,0.619182764327878,0.6178242751349707,-0.001358489192907264,0.5646666666666667,0.590033838465457,0.7519299287410927
form_margin_scaled_weighted_6,1,2026-03-15T06:10:00+00:00,2026-03-27T00:36:00+00:00,1410,500,0.9820305727926911,-0.2540658540891648,0.6300278256990635,0.6286392949243852,-0.001388530774678265,0.576,0.6053633128628424,0.7571938668346986
form_margin_scaled_weighted_6,2,2026-03-27T01:11:00+00:00,2026-04-04T06:44:00+00:00,1910,500,0.9820305727926911,-0.25486251585909114,0.6261517043389135,0.6238323950440847,-0.0023193092948288196,0.5726666666666667,0.600301870314888,0.7496943765281173
form_margin_scaled_weighted_6,3,2026-04-04T06:50:00+00:00,2026-04-17T01:25:00+00:00,2410,500,0.9820305727926911,-0.24508325294526678,0.6280889408128764,0.6280155013628284,-7.343945004800734e-05,0.5726666666666667,0.600011576807844,0.7667170953101362
form_margin_scaled_weighted_6,4,2026-04-17T01:44:00+00:00,2026-05-01T05:19:00+00:00,2910,500,0.9820305727926911,-0.24291154351042069,0.6112771681162608,0.6086436048294355,-0.002633563286825291,0.552,0.5815761365472779,0.7489982827704637
form_margin_scaled_weighted_6,5,2026-05-01T05:26:00+00:00,2026-05-14T06:40:00+00:00,3410,500,0.9820305727926911,-0.23645146951959622,0.5991614550260691,0.5950543301001145,-0.004107124925954553,0.5346666666666666,0.5627266257256842,0.748157361341441
form_margin_scaled_weighted_6,6,2026-05-14T06:52:00+00:00,2026-05-23T05:39:00+00:00,3910,500,0.9820305727926911,-0.23471762115222308,0.6118636575634334,0.607573325816126,-0.004290331747307419,0.5486666666666666,0.5785814789721627,0.7543784909590079
form_margin_scaled_weighted_6,7,2026-05-23T05:41:00+00:00,2026-06-03T05:24:00+00:00,4410,500,0.9820305727926911,-0.23465525973679613,0.6091878200109806,0.6055541449986308,-0.0036336750123497907,0.5533333333333333,0.574748887383297,0.7408010259445595
form_margin_scaled_weighted_6,8,2026-06-03T05:32:00+00:00,2026-06-13T04:10:01+00:00,4910,500,0.9820305727926911,-0.22628184263701973,0.6168040043789969,0.6143131176927609,-0.0024908866862359824,0.5573333333333333,0.5817764914657959,0.760809312638581
form_margin_scaled_weighted_6,9,2026-06-13T04:12:01+00:00,2026-06-22T05:30:00+00:00,5410,500,0.9820305727926911,-0.2273132492118459,0.6051414175132467,0.6032410466199702,-0.0019003708932764374,0.5506666666666666,0.5696758680274997,0.7419549851190477
form_margin_scaled_weighted_6,10,2026-06-22T05:45:00+00:00,2026-07-03T05:16:00+00:00,5910,500,0.9820305727926911,-0.22449673512262117,0.6023206162626358,0.6041509016581577,0.00183028539552188,0.5513333333333333,0.5821015153963697,0.7318354245695944
form_margin_scaled_weighted_6,11,2026-07-03T05:20:00+00:00,2026-07-11T07:52:00+00:00,6410,500,0.9820305727926911,-0.21896428324638484,0.6080218701209745,0.6006661975062872,-0.007355672614687281,0.5446666666666666,0.5698103299312522,0.7435211267605634
form_margin_scaled_weighted_6,12,2026-07-11T08:01:00+00:00,2026-07-22T02:07:00+00:00,6910,500,0.9820305727926911,-0.21248221553151245,0.619182764327878,0.6172995314997438,-0.0018832328281341848,0.5646666666666667,0.5883802320955704,0.7514845605700713
form_margin_std_3,1,2026-03-15T06:10:00+00:00,2026-03-27T00:36:00+00:00,1410,500,0.9566862504987685,-0.1570518362645628,0.6300278256990635,0.6283884322728588,-0.0016393934262046717,0.576,0.6045699021643193,0.7569838269271162
form_margin_std_3,2,2026-03-27T01:11:00+00:00,2026-04-04T06:44:00+00:00,1910,500,0.9566862504987685,-0.15137176329720642,0.6261517043389135,0.6244409433384064,-0.001710761000507155,0.5733333333333334,0.6000783617806833,0.7510187449062755
form_margin_std_3,3,2026-04-04T06:50:00+00:00,2026-04-17T01:25:00+00:00,2410,500,0.9566862504987685,-0.13857875140167344,0.6280889408128764,0.6273497994301486,-0.0007391413827277926,0.57,0.6026821024104584,0.7667170953101362
form_margin_std_3,4,2026-04-17T01:44:00+00:00,2026-05-01T05:19:00+00:00,2910,500,0.9566862504987685,-0.13023180014234398,0.6112771681162608,0.6081805155364429,-0.003096652579817838,0.5513333333333333,0.5809617110677333,0.7490936844113719
form_margin_std_3,5,2026-05-01T05:26:00+00:00,2026-05-14T06:40:00+00:00,3410,500,0.9566862504987685,-0.12921022227894477,0.5991614550260691,0.5998486801001656,0.0006872250740964647,0.5393333333333333,0.5684247554107966,0.7523032983231989
form_margin_std_3,6,2026-05-14T06:52:00+00:00,2026-05-23T05:39:00+00:00,3910,500,0.9566862504987685,-0.13515590345447845,0.6118636575634334,0.6127760358183214,0.0009123782548879911,0.554,0.5857435449584129,0.7573605983148727
form_margin_std_3,7,2026-05-23T05:41:00+00:00,2026-06-03T05:24:00+00:00,4410,500,0.9566862504987685,-0.13778810608746317,0.6091878200109806,0.6114906902994517,0.0023028702884710928,0.5606666666666666,0.5810169192327285,0.7436125086317451
form_margin_std_3,8,2026-06-03T05:32:00+00:00,2026-06-13T04:10:01+00:00,4910,500,0.9566862504987685,-0.1394065070632777,0.6168040043789969,0.6151562577607684,-0.0016477466182284184,0.5573333333333333,0.584178985218979,0.7617793791574279
form_margin_std_3,9,2026-06-13T04:12:01+00:00,2026-06-22T05:30:00+00:00,5410,500,0.9566862504987685,-0.1412893251517716,0.6051414175132467,0.6054469710886158,0.00030555357536909966,0.5533333333333333,0.5721896700687488,0.7429315476190477
form_margin_std_3,10,2026-06-22T05:45:00+00:00,2026-07-03T05:16:00+00:00,5910,500,0.9566862504987685,-0.14010770285947452,0.6023206162626358,0.6040019587562494,0.0016813424936136245,0.55,0.584123777053983,0.7318840579710145
form_margin_std_3,11,2026-07-03T05:20:00+00:00,2026-07-11T07:52:00+00:00,6410,500,0.9566862504987685,-0.13699643555286567,0.6080218701209745,0.6073357071644017,-0.0006861629565728666,0.5533333333333333,0.5762911854651184,0.7463849765258216
form_margin_std_3,12,2026-07-11T08:01:00+00:00,2026-07-22T02:07:00+00:00,6910,500,0.9566862504987685,-0.13203661883268675,0.619182764327878,0.6182308717628207,-0.000951892565057344,0.5646666666666667,0.5913633128628426,0.7522268408551069
form_margin_std_6,1,2026-03-15T06:10:00+00:00,2026-03-27T00:36:00+00:00,1410,500,0.9566862504987685,-0.15699472468485934,0.6300278256990635,0.6292636313883921,-0.0007641943106713178,0.5766666666666667,0.6051620659862506,0.7585591262339845
form_margin_std_6,2,2026-03-27T01:11:00+00:00,2026-04-04T06:44:00+00:00,1910,500,0.9566862504987685,-0.15588099809545214,0.6261517043389135,0.6257524714325134,-0.00039923290640009323,0.574,0.602972395917503,0.7520374898125509
form_margin_std_6,3,2026-04-04T06:50:00+00:00,2026-04-17T01:25:00+00:00,2410,500,0.9566862504987685,-0.14588894777876282,0.6280889408128764,0.6254766164855393,-0.0026123243273370456,0.5673333333333334,0.5995645597394342,0.7676752395360564
form_margin_std_6,4,2026-04-17T01:44:00+00:00,2026-05-01T05:19:00+00:00,2910,500,0.9566862504987685,-0.13578475259026046,0.6112771681162608,0.6083963003954407,-0.0028808677208200795,0.5526666666666666,0.5801122002461397,0.7481396680022896
form_margin_std_6,5,2026-05-01T05:26:00+00:00,2026-05-14T06:40:00+00:00,3410,500,0.9566862504987685,-0.131356215075716,0.5991614550260691,0.5979735244787068,-0.0011879305473623258,0.538,0.5660783617806829,0.7498157361341441
form_margin_std_6,6,2026-05-14T06:52:00+00:00,2026-05-23T05:39:00+00:00,3910,500,0.9566862504987685,-0.1394139547362303,0.6118636575634334,0.610458065834778,-0.0014055917286553976,0.5513333333333333,0.5827043640680717,0.7564612326043738
form_margin_std_6,7,2026-05-23T05:41:00+00:00,2026-06-03T05:24:00+00:00,4410,500,0.9566862504987685,-0.14409351908064105,0.6091878200109806,0.6098241145427492,0.0006362945317686108,0.5586666666666666,0.5791398043286373,0.7428233205090263
form_margin_std_6,8,2026-06-03T05:32:00+00:00,2026-06-13T04:10:01+00:00,4910,500,0.9566862504987685,-0.13973821946009443,0.6168040043789969,0.613353322015135,-0.0034506823638618123,0.554,0.5832181661093203,0.7621951219512195
form_margin_std_6,9,2026-06-13T04:12:01+00:00,2026-06-22T05:30:00+00:00,5410,500,0.9566862504987685,-0.14520143644363015,0.6051414175132467,0.605970374777834,0.0008289572645873156,0.5526666666666666,0.5742680318494314,0.7442801339285714
form_margin_std_6,10,2026-06-22T05:45:00+00:00,2026-07-03T05:16:00+00:00,5910,500,0.9566862504987685,-0.14588264319302788,0.6023206162626358,0.6033153196788795,0.0009947034162437474,0.55,0.5825930557800059,0.7306682229355121
form_margin_std_6,11,2026-07-03T05:20:00+00:00,2026-07-11T07:52:00+00:00,6410,500,0.9566862504987685,-0.13771305007964102,0.6080218701209745,0.6081291856049618,0.0001073154839872359,0.5533333333333333,0.5778219067390956,0.7480281690140845
form_margin_std_6,12,2026-07-11T08:01:00+00:00,2026-07-22T02:07:00+00:00,6910,500,0.9566862504987685,-0.13316780850050008,0.619182764327878,0.6201393997767625,0.0009566354488844686,0.568,0.5913410512052291,0.753216547901821
form_margin_trend,1,2026-03-15T06:10:00+00:00,2026-03-27T00:36:00+00:00,1410,500,0.9566862504987685,0.01814669560658805,0.6300278256990635,0.628675038888037,-0.001352786811026463,0.576,0.604771149040911,0.7579290065112372
form_margin_trend,2,2026-03-27T01:11:00+00:00,2026-04-04T06:44:00+00:00,1910,500,0.9566862504987685,0.01270740152978005,0.6261517043389135,0.624787323746151,-0.0013643805927625596,0.574,0.5999777383423873,0.7511715566422168
form_margin_trend,3,2026-04-04T06:50:00+00:00,2026-04-17T01:25:00+00:00,2410,500,0.9566862504987685,0.014925275494365862,0.6280889408128764,0.6284223326083705,0.00033339179549418674,0.5713333333333334,0.6030952810134116,0.7679273827534039
form_margin_trend,4,2026-04-17T01:44:00+00:00,2026-05-01T05:19:00+00:00,2910,500,0.9566862504987685,0.010204693897721303,0.6112771681162608,0.608939121156924,-0.0023380469593368147,0.5513333333333333,0.5831852196019376,0.7499045983590917
form_margin_trend,5,2026-05-01T05:26:00+00:00,2026-05-14T06:40:00+00:00,3410,500,0.9566862504987685,0.01906562105438946,0.5991614550260691,0.5981599112209047,-0.0010015438051643732,0.538,0.5661789852189789,0.7504606596646398
form_margin_trend,6,2026-05-14T06:52:00+00:00,2026-05-23T05:39:00+00:00,3910,500,0.9566862504987685,0.0169240345048103,0.6118636575634334,0.6086504173935109,-0.0032132401699225266,0.55,0.580033838465457,0.7545678311085866
form_margin_trend,7,2026-05-23T05:41:00+00:00,2026-06-03T05:24:00+00:00,4410,500,0.9566862504987685,0.013904552544561273,0.6091878200109806,0.6117380862751465,0.002550266264165879,0.5606666666666666,0.5814639363011381,0.7441550754661143
form_margin_trend,8,2026-06-03T05:32:00+00:00,2026-06-13T04:10:01+00:00,4910,500,0.9566862504987685,0.009763148010796849,0.6168040043789969,0.6157935209227451,-0.001010483456251765,0.558,0.5851175426710246,0.7620565410199557
form_margin_trend,9,2026-06-13T04:12:01+00:00,2026-06-22T05:30:00+00:00,5410,500,0.9566862504987685,0.005483564367200317,0.6051414175132467,0.6046154446197185,-0.0005259728935281816,0.5513333333333333,0.5724915403836363,0.7433035714285714
form_margin_trend,10,2026-06-22T05:45:00+00:00,2026-07-03T05:16:00+00:00,5910,500,0.9566862504987685,0.009674623547489651,0.6023206162626358,0.6039575263893122,0.0016369101266764385,0.5506666666666666,0.5823695472458008,0.732127224978115
form_margin_trend,11,2026-07-03T05:20:00+00:00,2026-07-11T07:52:00+00:00,6410,500,0.9566862504987685,0.008843712960705147,0.6080218701209745,0.60971410233132,0.0016922322103454235,0.5553333333333333,0.5800676769309134,0.7481220657276996
form_margin_trend,12,2026-07-11T08:01:00+00:00,2026-07-22T02:07:00+00:00,6910,500,0.9566862504987685,0.010413482255075362,0.619182764327878,0.6209606337110662,0.0017778693831882464,0.57,0.5920115768078439,0.7518309580364212
form_finish_quality_weighted_3,1,2026-03-15T06:10:00+00:00,2026-03-27T00:36:00+00:00,1410,500,0.981975536262194,0.23810599868338478,0.6300278256990635,0.6272232058674645,-0.0028046198315989646,0.5746666666666667,0.6033633128628424,0.756196177273682
form_finish_quality_weighted_3,2,2026-03-27T01:11:00+00:00,2026-04-04T06:44:00+00:00,1910,500,0.981975536262194,0.24212879204733734,0.6261517043389135,0.6250616381004719,-0.001090066238441656,0.5746666666666667,0.6020338384654571,0.748879380603097
form_finish_quality_weighted_3,3,2026-04-04T06:50:00+00:00,2026-04-17T01:25:00+00:00,2410,500,0.981975536262194,0.23253314600595446,0.6280889408128764,0.6254608630104463,-0.0026280778024300178,0.568,0.5999332150271611,0.7659102370146244
form_finish_quality_weighted_3,4,2026-04-17T01:44:00+00:00,2026-05-01T05:19:00+00:00,2910,500,0.981975536262194,0.23124145117377026,0.6112771681162608,0.6072620596026079,-0.004015108513652832,0.5493333333333333,0.5814309897937555,0.7489505819500095
form_finish_quality_weighted_3,5,2026-05-01T05:26:00+00:00,2026-05-14T06:40:00+00:00,3410,500,0.981975536262194,0.2207938647609096,0.5991614550260691,0.5978712583399629,-0.001290196686106193,0.5386666666666666,0.5650730193557979,0.7490786806707205
form_finish_quality_weighted_3,6,2026-05-14T06:52:00+00:00,2026-05-23T05:39:00+00:00,3910,500,0.981975536262194,0.21658516569593633,0.6118636575634334,0.6062595883535659,-0.005604069209867557,0.548,0.5764585938762532,0.75257975953801
form_finish_quality_weighted_3,7,2026-05-23T05:41:00+00:00,2026-06-03T05:24:00+00:00,4410,500,0.981975536262194,0.21368324899462512,0.6091878200109806,0.6068787150315029,-0.002309104979477672,0.5566666666666666,0.5728379340137496,0.7413435927789287
form_finish_quality_weighted_3,8,2026-06-03T05:32:00+00:00,2026-06-13T04:10:01+00:00,4910,500,0.981975536262194,0.20685241356787762,0.6168040043789969,0.6141704417102816,-0.0026335626687152836,0.556,0.5823018703148881,0.7623798965262379
form_finish_quality_weighted_3,9,2026-06-13T04:12:01+00:00,2026-06-22T05:30:00+00:00,5410,500,0.981975536262194,0.20920786883835243,0.6051414175132467,0.601958719436201,-0.0031826980770456315,0.548,0.5692288509590897,0.7426060267857143
form_finish_quality_weighted_3,10,2026-06-22T05:45:00+00:00,2026-07-03T05:16:00+00:00,5910,500,0.981975536262194,0.2088307192830765,0.6023206162626358,0.6009251215574437,-0.0013954947051920685,0.546,0.5803027622729613,0.7313977239568136
form_finish_quality_weighted_3,11,2026-07-03T05:20:00+00:00,2026-07-11T07:52:00+00:00,6410,500,0.981975536262194,0.20701245664910442,0.6080218701209745,0.6072582423756693,-0.0007636277453052509,0.554,0.5762911854651185,0.7447417840375586
form_finish_quality_weighted_3,12,2026-07-11T08:01:00+00:00,2026-07-22T02:07:00+00:00,6910,500,0.981975536262194,0.205329990405338,0.619182764327878,0.6132241984519604,-0.0059585658759175875,0.5593333333333333,0.5839332150271609,0.7502969121140143
form_finish_quality_weighted_6,1,2026-03-15T06:10:00+00:00,2026-03-27T00:36:00+00:00,1410,500,0.9820030545274426,0.2491248108210444,0.6300278256990635,0.6266492594268744,-0.003378566272189021,0.5733333333333334,0.6028940341368195,0.7570363369040117
form_finish_quality_weighted_6,2,2026-03-27T01:11:00+00:00,2026-04-04T06:44:00+00:00,1910,500,0.9820030545274426,0.24927493275921828,0.6261517043389135,0.6226902577185631,-0.003461446620350417,0.5726666666666667,0.5973633128628426,0.7480643846780766
form_finish_quality_weighted_6,3,2026-04-04T06:50:00+00:00,2026-04-17T01:25:00+00:00,2410,500,0.9820030545274426,0.24077943828695067,0.6280889408128764,0.6274082893139814,-0.0006806514988949575,0.57,0.6030169192327286,0.7666162380231972
form_finish_quality_weighted_6,4,2026-04-17T01:44:00+00:00,2026-05-01T05:19:00+00:00,2910,500,0.9820030545274426,0.23517342187319545,0.6112771681162608,0.60705501954184,-0.004222148574420714,0.5493333333333333,0.5802689238075052,0.7492844876931883
form_finish_quality_weighted_6,5,2026-05-01T05:26:00+00:00,2026-05-14T06:40:00+00:00,3410,500,0.9820030545274426,0.2261407304890239,0.5991614550260691,0.5952166213837368,-0.003944833642332335,0.5353333333333333,0.5625031171914793,0.7476967016768011
form_finish_quality_weighted_6,6,2026-05-14T06:52:00+00:00,2026-05-23T05:39:00+00:00,3910,500,0.9820030545274426,0.22135197093742848,0.6118636575634334,0.6070883741844769,-0.004775283378956496,0.5486666666666666,0.5779670534926175,0.7530531099119568
form_finish_quality_weighted_6,7,2026-05-23T05:41:00+00:00,2026-06-03T05:24:00+00:00,4410,500,0.9820030545274426,0.21819683942811074,0.6091878200109806,0.6081639697977594,-0.0010238502132211558,0.558,0.5758548532464779,0.7408010259445595
form_finish_quality_weighted_6,8,2026-06-03T05:32:00+00:00,2026-06-13T04:10:01+00:00,4910,500,0.9820030545274426,0.2079124827890592,0.6168040043789969,0.6137662766764516,-0.00303772770254529,0.556,0.5816090830546603,0.7614560236511456
form_finish_quality_weighted_6,9,2026-06-13T04:12:01+00:00,2026-06-22T05:30:00+00:00,5410,500,0.9820030545274426,0.21047602390555212,0.6051414175132467,0.6036023843229381,-0.0015390331903085697,0.55,0.571105965863181,0.7433035714285714
form_finish_quality_weighted_6,10,2026-06-22T05:45:00+00:00,2026-07-03T05:16:00+00:00,5910,500,0.9820030545274426,0.20936509293999966,0.6023206162626358,0.602615471809042,0.00029485554640618084,0.5493333333333333,0.5817105984510299,0.7300846221184709
form_finish_quality_weighted_6,11,2026-07-03T05:20:00+00:00,2026-07-11T07:52:00+00:00,6410,500,0.9820030545274426,0.20728692506006302,0.6080218701209745,0.6064588995233893,-0.001562970597585256,0.552,0.5759670534926179,0.745868544600939
form_finish_quality_weighted_6,12,2026-07-11T08:01:00+00:00,2026-07-22T02:07:00+00:00,6910,500,0.9820030545274426,0.20684195050540252,0.619182764327878,0.6130936801064997,-0.006089084221378327,0.5593333333333333,0.5836090830546603,0.7500989707046715
form_field_size_weighted_3,1,2026-03-15T06:10:00+00:00,2026-03-27T00:36:00+00:00,1410,500,0.9820305727926911,0.06302319701664857,0.6300278256990635,0.6294916062081264,-0.0005362194909370732,0.5766666666666667,0.6061789852189793,0.7584541062801933
form_field_size_weighted_3,2,2026-03-27T01:11:00+00:00,2026-04-04T06:44:00+00:00,1910,500,0.9820305727926911,0.03412192756012073,0.6261517043389135,0.6249880613148795,-0.0011636430240340445,0.5746666666666667,0.5998548532464782,0.7507640586797066
form_field_size_weighted_3,3,2026-04-04T06:50:00+00:00,2026-04-17T01:25:00+00:00,2410,500,0.9820305727926911,0.03745711178340674,0.6280889408128764,0.6261614557274766,-0.0019274850853997494,0.5686666666666667,0.5995868213970474,0.7677256681795259
form_field_size_weighted_3,4,2026-04-17T01:44:00+00:00,2026-05-01T05:19:00+00:00,2910,500,0.9820305727926911,0.04072061789737398,0.6112771681162608,0.6093906230585071,-0.0018865450577536524,0.5526666666666666,0.5830400728484153,0.7491890860522801
form_field_size_weighted_3,5,2026-05-01T05:26:00+00:00,2026-05-14T06:40:00+00:00,3410,500,0.9820305727926911,0.03475632136222761,0.5991614550260691,0.5996598793319009,0.0004984243058318016,0.54,0.567810329931252,0.7508291873963516
form_field_size_weighted_3,6,2026-05-14T06:52:00+00:00,2026-05-23T05:39:00+00:00,3910,500,0.9820305727926911,0.03347407455649129,0.6118636575634334,0.6108573892184881,-0.001006268344945327,0.552,0.5834416746435251,0.755987882230427
form_field_size_weighted_3,7,2026-05-23T05:41:00+00:00,2026-06-03T05:24:00+00:00,4410,500,0.9820305727926911,0.025356807665899466,0.6091878200109806,0.6103109406085135,0.001123120597532945,0.5586666666666666,0.580100623438296,0.7438098056624248
form_field_size_weighted_3,8,2026-06-03T05:32:00+00:00,2026-06-13T04:10:01+00:00,4910,500,0.9820305727926911,0.027028662957782508,0.6168040043789969,0.6176612051516399,0.000857200772643063,0.56,0.5873410512052294,0.7633037694013304
form_field_size_weighted_3,9,2026-06-13T04:12:01+00:00,2026-06-22T05:30:00+00:00,5410,500,0.9820305727926911,0.03705786165147957,0.6051414175132467,0.6044016825545778,-0.0007397349586688584,0.5506666666666666,0.5727373105754542,0.7435360863095238
form_field_size_weighted_3,10,2026-06-22T05:45:00+00:00,2026-07-03T05:16:00+00:00,5910,500,0.9820305727926911,0.03713189916968368,0.6023206162626358,0.6026527735787336,0.0003321573160978142,0.548,0.5819002685197779,0.7327108257951561
form_field_size_weighted_3,11,2026-07-03T05:20:00+00:00,2026-07-11T07:52:00+00:00,6410,500,0.9820305727926911,0.04200837524909792,0.6080218701209745,0.6081525061518261,0.00013063603085161635,0.5533333333333333,0.5792297429171639,0.7467136150234742
form_field_size_weighted_3,12,2026-07-11T08:01:00+00:00,2026-07-22T02:07:00+00:00,6910,500,0.9820305727926911,0.03901880206992498,0.619182764327878,0.6192757535575629,9.298922968492551e-05,0.5673333333333334,0.5910507576981852,0.7513855898653998
form_field_size_weighted_6,1,2026-03-15T06:10:00+00:00,2026-03-27T00:36:00+00:00,1410,500,0.9820305727926911,0.054640702548165776,0.6300278256990635,0.6287863848252975,-0.0012414408737659866,0.5753333333333334,0.6057097064929564,0.7587691661415669
form_field_size_weighted_6,2,2026-03-27T01:11:00+00:00,2026-04-04T06:44:00+00:00,1910,500,0.9820305727926911,0.03412502895104364,0.6261517043389135,0.6236795578556682,-0.002472146483245341,0.5726666666666667,0.5985699021643189,0.7508149959250203
form_field_size_weighted_6,3,2026-04-04T06:50:00+00:00,2026-04-17T01:25:00+00:00,2410,500,0.9820305727926911,0.03763872357345978,0.6280889408128764,0.6267743501150483,-0.001314590697828022,0.5693333333333334,0.6004024937531839,0.7680282400403429
form_field_size_weighted_6,4,2026-04-17T01:44:00+00:00,2026-05-01T05:19:00+00:00,2910,500,0.9820305727926911,0.04067323657622032,0.6112771681162608,0.6085213437521533,-0.002755824364107484,0.5513333333333333,0.5823250239305746,0.7490936844113719
form_field_size_weighted_6,5,2026-05-01T05:26:00+00:00,2026-05-14T06:40:00+00:00,3410,500,0.9820305727926911,0.038168453323327634,0.5991614550260691,0.5997311011579389,0.0005696461318698276,0.54,0.5679109533695479,0.7510134512622075
form_field_size_weighted_6,6,2026-05-14T06:52:00+00:00,2026-05-23T05:39:00+00:00,3910,500,0.9820305727926911,0.03349034272234741,0.6118636575634334,0.6109084863479705,-0.0009551712154629577,0.552,0.5837880682736389,0.7558458771182429
form_field_size_weighted_6,7,2026-05-23T05:41:00+00:00,2026-06-03T05:24:00+00:00,4410,500,0.9820305727926911,0.025833233914991573,0.6091878200109806,0.6099592170656205,0.0007713970546399107,0.558,0.5799777383423871,0.7438591299200947
form_field_size_weighted_6,8,2026-06-03T05:32:00+00:00,2026-06-13T04:10:01+00:00,4910,500,0.9820305727926911,0.02442918499792961,0.6168040043789969,0.6172278600786975,0.00042385569970060377,0.5593333333333333,0.5872181661093205,0.7630266075388027
form_field_size_weighted_6,9,2026-06-13T04:12:01+00:00,2026-06-22T05:30:00+00:00,5410,500,0.9820305727926911,0.03065552054404386,0.6051414175132467,0.6050128443993966,-0.0001285731138500612,0.5513333333333333,0.5734300978356818,0.7439546130952381
form_field_size_weighted_6,10,2026-06-22T05:45:00+00:00,2026-07-03T05:16:00+00:00,5910,500,0.9820305727926911,0.031190231016659294,0.6023206162626358,0.60250945887879,0.00018884261615426112,0.548,0.5812297429171636,0.7328080925979963
form_field_size_weighted_6,11,2026-07-03T05:20:00+00:00,2026-07-11T07:52:00+00:00,6410,500,0.9820305727926911,0.036051943095162964,0.6080218701209745,0.6081776620114001,0.00015579189042558284,0.5533333333333333,0.5793303663554598,0.7467136150234742
form_field_size_weighted_6,12,2026-07-11T08:01:00+00:00,2026-07-22T02:07:00+00:00,6910,500,0.9820305727926911,0.03303333567625885,0.619182764327878,0.6200166472936741,0.0008338829657961178,0.5686666666666667,0.5913971513282991,0.7513361045130641
form_barrier_percentile_weighted_3,1,2026-03-15T06:10:00+00:00,2026-03-27T00:36:00+00:00,1410,500,0.9401477730843848,-0.050578133224415685,0.6300278256990635,0.6281186862272005,-0.0019091394718629973,0.5746666666666667,0.6044247554107972,0.7587166561646713
form_barrier_percentile_weighted_3,2,2026-03-27T01:11:00+00:00,2026-04-04T06:44:00+00:00,1910,500,0.9401477730843848,-0.03965701523825861,0.6261517043389135,0.6250721179506373,-0.0010795863882762102,0.5746666666666667,0.6005476405067058,0.7504074979625102
form_barrier_percentile_weighted_3,3,2026-04-04T06:50:00+00:00,2026-04-17T01:25:00+00:00,2410,500,0.9401477730843848,-0.03120764340469751,0.6280889408128764,0.6282491357933137,0.0001601949804372893,0.5713333333333334,0.6024024937531839,0.7679273827534039
form_barrier_percentile_weighted_3,4,2026-04-17T01:44:00+00:00,2026-05-01T05:19:00+00:00,2910,500,0.9401477730843848,-0.028950820902895583,0.6112771681162608,0.6098825625926529,-0.001394605523607817,0.5526666666666666,0.58410151539637,0.7500954016409083
form_barrier_percentile_weighted_3,5,2026-05-01T05:26:00+00:00,2026-05-14T06:40:00+00:00,3410,500,0.9401477730843848,-0.03232285062479276,0.5991614550260691,0.5969877110288385,-0.0021737439972305816,0.5366666666666666,0.5645253788490928,0.750092131932928
form_barrier_percentile_weighted_3,6,2026-05-14T06:52:00+00:00,2026-05-23T05:39:00+00:00,3910,500,0.9401477730843848,-0.031626017939432635,0.6118636575634334,0.611131553755078,-0.0007321038083554221,0.5526666666666666,0.5834416746435253,0.7557512070434536
form_barrier_percentile_weighted_3,7,2026-05-23T05:41:00+00:00,2026-06-03T05:24:00+00:00,4410,500,0.9401477730843848,-0.025176115244187447,0.6091878200109806,0.6107124821398155,0.0015246621288349527,0.5593333333333333,0.5803241319725008,0.7438591299200947
form_barrier_percentile_weighted_3,8,2026-06-03T05:32:00+00:00,2026-06-13T04:10:01+00:00,4910,500,0.9401477730843848,-0.02455497838732158,0.6168040043789969,0.6159990095956669,-0.0008049947833299598,0.5573333333333333,0.5859332150271611,0.7633961566888396
form_barrier_percentile_weighted_3,9,2026-06-13T04:12:01+00:00,2026-06-22T05:30:00+00:00,5410,500,0.9401477730843848,-0.020103609159366615,0.6051414175132467,0.6077674214227868,0.0026260039095401533,0.5553333333333333,0.5761228850959093,0.7442801339285714
form_barrier_percentile_weighted_3,10,2026-06-22T05:45:00+00:00,2026-07-03T05:16:00+00:00,5910,500,0.9401477730843848,-0.01858125467513083,0.6023206162626358,0.6022442414973251,-7.637476531063836e-05,0.5486666666666666,0.580391808903414,0.7312518237525533
form_barrier_percentile_weighted_3,11,2026-07-03T05:20:00+00:00,2026-07-11T07:52:00+00:00,6410,500,0.9401477730843848,-0.009328296888680735,0.6080218701209745,0.6093251991275139,0.0013033290065393999,0.5553333333333333,0.5790284960405723,0.7476056338028169
form_barrier_percentile_weighted_3,12,2026-07-11T08:01:00+00:00,2026-07-22T02:07:00+00:00,6910,500,0.9401477730843848,-0.012545888226401075,0.619182764327878,0.6202201541174202,0.0010373897895421536,0.5686666666666667,0.591419412985912,0.7521278701504355
form_same_distance_margin_weighted,1,2026-03-15T06:10:00+00:00,2026-03-27T00:36:00+00:00,1410,500,0.9254392603090301,-0.22013160547333924,0.6300278256990635,0.6273852692811241,-0.0026425564179393124,0.5753333333333334,0.6021006234382964,0.7567737870195337
form_same_distance_margin_weighted,2,2026-03-27T01:11:00+00:00,2026-04-04T06:44:00+00:00,1910,500,0.9254392603090301,-0.22908980443282267,0.6261517043389135,0.6272211236401073,0.0010694193011937525,0.5773333333333334,0.603810329931252,0.7504074979625102
form_same_distance_margin_weighted,3,2026-04-04T06:50:00+00:00,2026-04-17T01:25:00+00:00,2410,500,0.9254392603090301,-0.2136840501574832,0.6280889408128764,0.6260805652958391,-0.002008375517037253,0.5686666666666667,0.6011291194788683,0.7658598083711549
form_same_distance_margin_weighted,4,2026-04-17T01:44:00+00:00,2026-05-01T05:19:00+00:00,2910,500,0.9254392603090301,-0.2074212437742135,0.6112771681162608,0.6074040269723033,-0.003873141143957426,0.55,0.5800454152733003,0.749570692615913
form_same_distance_margin_weighted,5,2026-05-01T05:26:00+00:00,2026-05-14T06:40:00+00:00,3410,500,0.9254392603090301,-0.2095494457942908,0.5991614550260691,0.5967721468178278,-0.0023893082082413475,0.536,0.565687444835343,0.7494011424359683
form_same_distance_margin_weighted,6,2026-05-14T06:52:00+00:00,2026-05-23T05:39:00+00:00,3910,500,0.9254392603090301,-0.20849946292006816,0.6118636575634334,0.6078615978632756,-0.004002059700157767,0.5493333333333333,0.5788272491639804,0.7539524756224557
form_same_distance_margin_weighted,7,2026-05-23T05:41:00+00:00,2026-06-03T05:24:00+00:00,4410,500,0.9254392603090301,-0.20840820627371873,0.6091878200109806,0.6034545772042862,-0.005733242806694405,0.5513333333333333,0.5711398043286373,0.7400118378218408
form_same_distance_margin_weighted,8,2026-06-03T05:32:00+00:00,2026-06-13T04:10:01+00:00,4910,500,0.9254392603090301,-0.19989700088460577,0.6168040043789969,0.6122567873032095,-0.004547217075787313,0.554,0.5797097064929564,0.7613174427198818
form_same_distance_margin_weighted,9,2026-06-13T04:12:01+00:00,2026-06-22T05:30:00+00:00,5410,500,0.9254392603090301,-0.20040302706535465,0.6051414175132467,0.5999195591412647,-0.005221858371981969,0.546,0.5665138020412493,0.7411644345238095
form_same_distance_margin_weighted,10,2026-06-22T05:45:00+00:00,2026-07-03T05:16:00+00:00,5910,500,0.9254392603090301,-0.19876745718894415,0.6023206162626358,0.6057144849573348,0.0033938686946990426,0.5533333333333333,0.5849394494101194,0.7312518237525533
form_same_distance_margin_weighted,11,2026-07-03T05:20:00+00:00,2026-07-11T07:52:00+00:00,6410,500,0.9254392603090301,-0.1918253545693209,0.6080218701209745,0.6091086221600421,0.0010867520390676066,0.556,0.5786598407528448,0.745774647887324
form_same_distance_margin_weighted,12,2026-07-11T08:01:00+00:00,2026-07-22T02:07:00+00:00,6910,500,0.9254392603090301,-0.18803303184644404,0.619182764327878,0.618348741076789,-0.0008340232510889445,0.5653333333333334,0.5910952810134111,0.7516330166270784
form_same_distance_finish_quality_weighted,1,2026-03-15T06:10:00+00:00,2026-03-27T00:36:00+00:00,1410,500,0.9251640776565445,0.2018473711992783,0.6300278256990635,0.6283166866626071,-0.0017111390364563661,0.576,0.6038103299312518,0.7574564167191766
form_same_distance_finish_quality_weighted,2,2026-03-27T01:11:00+00:00,2026-04-04T06:44:00+00:00,1910,500,0.9251640776565445,0.2115286208053795,0.6261517043389135,0.6253830063039465,-0.0007686980349670414,0.5753333333333334,0.6009162957944328,0.7499490627546862
form_same_distance_finish_quality_weighted,3,2026-04-04T06:50:00+00:00,2026-04-17T01:25:00+00:00,2410,500,0.9251640776565445,0.20419605291729115,0.6280889408128764,0.6262146981448762,-0.0018742426680001811,0.5686666666666667,0.6014639363011385,0.7660615229450328
form_same_distance_finish_quality_weighted,4,2026-04-17T01:44:00+00:00,2026-05-01T05:19:00+00:00,2910,500,0.9251640776565445,0.20132885359648894,0.6112771681162608,0.6079586531669448,-0.0033185149493160093,0.5506666666666666,0.5815983982048903,0.7489028811295554
form_same_distance_finish_quality_weighted,5,2026-05-01T05:26:00+00:00,2026-05-14T06:40:00+00:00,3410,500,0.9251640776565445,0.20263978474032007,0.5991614550260691,0.5951861254071313,-0.003975329618937762,0.536,0.561508459616364,0.7472360420121614
form_same_distance_finish_quality_weighted,6,2026-05-14T06:52:00+00:00,2026-05-23T05:39:00+00:00,3910,500,0.9251640776565445,0.20047559097841527,0.6118636575634334,0.6063998433214285,-0.005463814242004927,0.5473333333333333,0.5776429215201171,0.7532897850989302
form_same_distance_finish_quality_weighted,7,2026-05-23T05:41:00+00:00,2026-06-03T05:24:00+00:00,4410,500,0.9251640776565445,0.19751749889807832,0.6091878200109806,0.6068798925396228,-0.0023079274713577735,0.5553333333333333,0.5752626894245464,0.7415902140672783
form_same_distance_finish_quality_weighted,8,2026-06-03T05:32:00+00:00,2026-06-13T04:10:01+00:00,4910,500,0.9251640776565445,0.1888751357247376,0.6168040043789969,0.6143512629774384,-0.002452741401558489,0.556,0.5831175426710244,0.7622875092387288
form_same_distance_finish_quality_weighted,9,2026-06-13T04:12:01+00:00,2026-06-22T05:30:00+00:00,5410,500,0.9251640776565445,0.18944678468294826,0.6051414175132467,0.6018353645215462,-0.0033060529917005033,0.5473333333333333,0.5700222616576135,0.7426525297619048
form_same_distance_finish_quality_weighted,10,2026-06-22T05:45:00+00:00,2026-07-03T05:16:00+00:00,5910,500,0.9251640776565445,0.18633796575711237,0.6023206162626358,0.6051295471871335,0.0028089309244977434,0.5513333333333333,0.5851406962867112,0.7327108257951561
form_same_distance_finish_quality_weighted,11,2026-07-03T05:20:00+00:00,2026-07-11T07:52:00+00:00,6410,500,0.9251640776565445,0.18401505866299245,0.6080218701209745,0.609646991947936,0.0016251218269615064,0.5553333333333333,0.580738202533528,0.7471830985915493
form_same_distance_finish_quality_weighted,12,2026-07-11T08:01:00+00:00,2026-07-22T02:07:00+00:00,6910,500,0.9251640776565445,0.1848190601722976,0.619182764327878,0.6167735454371215,-0.002409218890756515,0.5646666666666667,0.5874639363011384,0.7502969121140143
form_recent_distance_change_ratio,1,2026-03-15T06:10:00+00:00,2026-03-27T00:36:00+00:00,1410,500,0.9820305727926911,-0.09199247639336054,0.6300278256990635,0.6295441833824655,-0.0004836423165979209,0.5773333333333334,0.6047934106985241,0.7587166561646713
form_recent_distance_change_ratio,2,2026-03-27T01:11:00+00:00,2026-04-04T06:44:00+00:00,1910,500,0.9820305727926911,-0.09325355659224271,0.6261517043389135,0.6256346688878827,-0.0005170354510308783,0.5753333333333334,0.6005476405067058,0.7513243683781581
form_recent_distance_change_ratio,3,2026-04-04T06:50:00+00:00,2026-04-17T01:25:00+00:00,2410,500,0.9820305727926911,-0.09359223495389953,0.6280889408128764,0.6278581566835643,-0.00023078412931210046,0.5706666666666667,0.6027266257256844,0.7673726676752395
form_recent_distance_change_ratio,4,2026-04-17T01:44:00+00:00,2026-05-01T05:19:00+00:00,2910,500,0.9820305727926911,-0.08998083843309396,0.6112771681162608,0.608693691680466,-0.002583476435794707,0.5506666666666666,0.5836322366703474,0.7498091967181836
form_recent_distance_change_ratio,5,2026-05-01T05:26:00+00:00,2026-05-14T06:40:00+00:00,3410,500,0.9820305727926911,-0.07378762799649337,0.5991614550260691,0.5990633401269247,-9.811489914435256e-05,0.5393333333333333,0.5672181661093202,0.7503685277317118
form_recent_distance_change_ratio,6,2026-05-14T06:52:00+00:00,2026-05-23T05:39:00+00:00,3910,500,0.9820305727926911,-0.06574962925819355,0.6118636575634334,0.6114263266488197,-0.00043733091461373164,0.5533333333333333,0.5830507576981852,0.755987882230427
form_recent_distance_change_ratio,7,2026-05-23T05:41:00+00:00,2026-06-03T05:24:00+00:00,4410,500,0.9820305727926911,-0.06339573643091853,0.6091878200109806,0.6098104468777745,0.0006226268667939294,0.5586666666666666,0.5780000000000002,0.7439084541777646
form_recent_distance_change_ratio,8,2026-06-03T05:32:00+00:00,2026-06-13T04:10:01+00:00,4910,500,0.9820305727926911,-0.05887835151180776,0.6168040043789969,0.616039220242886,-0.0007647841361108076,0.5573333333333333,0.5859554766847741,0.7635347376201035
form_recent_distance_change_ratio,9,2026-06-13T04:12:01+00:00,2026-06-22T05:30:00+00:00,5410,500,0.9820305727926911,-0.05920436830843408,0.6051414175132467,0.6062016707155438,0.001060253202297079,0.554,0.5739216382193176,0.7428850446428571
form_recent_distance_change_ratio,10,2026-06-22T05:45:00+00:00,2026-07-03T05:16:00+00:00,5910,500,0.9820305727926911,-0.05525108723289256,0.6023206162626358,0.602346023272456,2.540700982023303e-05,0.548,0.5810623345060283,0.7323217585837953
form_recent_distance_change_ratio,11,2026-07-03T05:20:00+00:00,2026-07-11T07:52:00+00:00,6410,500,0.9820305727926911,-0.05808305669406612,0.6080218701209745,0.6067402824011557,-0.0012815877198187886,0.5513333333333333,0.5767827258487542,0.7475117370892019
form_recent_distance_change_ratio,12,2026-07-11T08:01:00+00:00,2026-07-22T02:07:00+00:00,6910,500,0.9820305727926911,-0.054106859027276986,0.619182764327878,0.619076988658585,-0.00010577566929304005,0.5673333333333334,0.5898103299312519,0.7518309580364212
