cpu_threads=8
xgboost_jobs=6
candidate_jobs=1
maximum_training_threads=6
cpu_target=80%
database=/home/theo/yy1/db/race_runners.sqlite
manifest=/home/theo/yy1/test.json
models=403 train_races=1,459 validation_races=750 sealed_test_races=50
competition_ids=[999]
target=top3_mask selection_objective=top3 minimum_uplift=0.10%
current_market_features=included
base_features=["fluc2_price_rank", "open_price", "historical_market_overperformance_avg_6", "recent_finish_percentile_last1", "prize_money_rank", "hidden_sectional_run_best_3_minus_race_median", "fluc1_price_rank", "career_starts", "condition_top3_rate_smoothed", "dry_rating_rank", "current_form_strength_gap_to_best", "trainer_recent_top3_excess", "same_track_finish_percentile", "recent_margin_last_minus_avg3", "form_barrier_percentile_weighted_6", "fluc1"]
native_categorical_features=[]
split_mode=random_race_holdout
validation_seed=903
eligible_races=2,259 pretest_sampling_pool_races=2,209
split_overlap_check=PASS overlaps={"train_test": 0, "train_validation": 0, "validation_test": 0}
train_split={"first_start": "2026-02-14T05:02:00+00:00", "last_start": "2026-08-28T10:45:00+00:00", "race_id_fingerprint": "bc9b96f8a9843736", "races": 1459}
validation_split={"first_start": "2026-02-14T04:30:00+00:00", "last_start": "2026-08-28T07:35:00+00:00", "race_id_fingerprint": "10f6bffa6c83cb18", "races": 750}
sealed_test_split={"first_start": "2026-08-29T03:52:00+00:00", "last_start": "2026-09-01T07:15:00+00:00", "race_id_fingerprint": "946bd5a7d26e7edd", "races": 50}
random_validation_note=the sampled validation race IDs are fixed for the baseline and every candidate in this run; the latest test races remain sealed

FORWARD BASELINE top3=52.39% winner#1=29.13% tied_races=616/750 features=16
forward_sampling=full colsample_bytree=1.0 subsample=1.0
candidate_parallelism=1 xgboost_threads_per_candidate=6
selection_objective=top3 primary_metric=top3_capture_rate selection_direction=maximize minimum_uplift=0.10% sealed_test_races=50

FORWARD ROUND 1 baseline_top3=52.39% remaining=403
  [  1/403] feature=distance_m                                         top3=52.39% winner#1=29.13% primary_delta=+0.00% trees=12 coverage(train/val)=100%/100% unique(train/val)=140/93 status=SKIPPED
  [  2/403] feature=field_size                                         top3=51.98% winner#1=29.53% primary_delta=-0.41% trees=41 coverage(train/val)=100%/100% unique(train/val)=20/20 status=SKIPPED
  [  3/403] feature=active_field_size                                  top3=52.22% winner#1=29.40% primary_delta=-0.16% trees=56 coverage(train/val)=100%/100% unique(train/val)=15/14 status=SKIPPED
  [  4/403] feature=draw_number                                        top3=52.11% winner#1=29.67% primary_delta=-0.27% trees=45 coverage(train/val)=100%/100% unique(train/val)=24/24 status=SKIPPED
  [  5/403] feature=weight_kg                                          top3=52.27% winner#1=29.60% primary_delta=-0.11% trees=23 coverage(train/val)=100%/100% unique(train/val)=46/39 status=SKIPPED
  [  6/403] feature=age                                                top3=52.39% winner#1=29.13% primary_delta=+0.00% trees=12 coverage(train/val)=100%/100% unique(train/val)=11/11 status=SKIPPED
  [  7/403] feature=speed_rating                                       top3=52.40% winner#1=30.27% primary_delta=+0.01% trees=31 coverage(train/val)=100%/100% unique(train/val)=101/101 status=SKIPPED
  [  8/403] feature=dry_rating                                         top3=52.40% winner#1=29.33% primary_delta=+0.01% trees=20 coverage(train/val)=100%/100% unique(train/val)=96/63 status=SKIPPED
  [  9/403] feature=wet_rating                                         top3=52.40% winner#1=29.33% primary_delta=+0.01% trees=20 coverage(train/val)=100%/100% unique(train/val)=96/63 status=SKIPPED
  [ 10/403] feature=win_percentage                                     top3=52.39% winner#1=29.13% primary_delta=+0.00% trees=12 coverage(train/val)=100%/100% unique(train/val)=532/430 status=SKIPPED
  ROUND PROGRESS tested=10/403 above_baseline=3 equal_baseline=3 below_baseline=4 meeting_uplift=0 best_feature=speed_rating best_delta=+0.0148% best_trees=31
  [ 11/403] feature=place_percentage                                   top3=52.40% winner#1=29.87% primary_delta=+0.01% trees=18 coverage(train/val)=100%/100% unique(train/val)=789/624 status=SKIPPED
  [ 12/403] feature=prize_money                                        top3=52.29% winner#1=29.60% primary_delta=-0.10% trees=29 coverage(train/val)=100%/100% unique(train/val)=13161/7367 status=SKIPPED
  [ 13/403] feature=career_wins                                        top3=52.39% winner#1=29.13% primary_delta=+0.00% trees=12 coverage(train/val)=100%/100% unique(train/val)=21/18 status=SKIPPED
  [ 14/403] feature=career_seconds                                     top3=52.22% winner#1=29.73% primary_delta=-0.16% trees=29 coverage(train/val)=100%/100% unique(train/val)=22/21 status=SKIPPED
  [ 15/403] feature=career_thirds                                      top3=52.39% winner#1=29.13% primary_delta=+0.00% trees=12 coverage(train/val)=100%/100% unique(train/val)=20/20 status=SKIPPED
  [ 16/403] feature=good_starts                                        top3=52.25% winner#1=29.87% primary_delta=-0.13% trees=14 coverage(train/val)=100%/100% unique(train/val)=81/79 status=SKIPPED
  [ 17/403] feature=good_wins                                          top3=52.44% winner#1=29.47% primary_delta=+0.06% trees=14 coverage(train/val)=100%/100% unique(train/val)=17/15 status=SKIPPED
  [ 18/403] feature=soft_starts                                        top3=52.39% winner#1=29.13% primary_delta=+0.00% trees=12 coverage(train/val)=100%/100% unique(train/val)=53/45 status=SKIPPED
  [ 19/403] feature=soft_wins                                          top3=52.09% winner#1=30.73% primary_delta=-0.30% trees=112 coverage(train/val)=100%/100% unique(train/val)=11/10 status=SKIPPED
  [ 20/403] feature=heavy_starts                                       top3=52.44% winner#1=29.33% primary_delta=+0.06% trees=14 coverage(train/val)=100%/100% unique(train/val)=39/34 status=SKIPPED
  ROUND PROGRESS tested=20/403 above_baseline=6 equal_baseline=6 below_baseline=8 meeting_uplift=0 best_feature=good_wins best_delta=+0.0593% best_trees=14
  [ 21/403] feature=heavy_wins                                         top3=52.38% winner#1=29.53% primary_delta=-0.01% trees=12 coverage(train/val)=100%/100% unique(train/val)=9/8 status=SKIPPED
  [ 22/403] feature=distance_starts                                    top3=52.39% winner#1=29.13% primary_delta=+0.00% trees=12 coverage(train/val)=100%/100% unique(train/val)=63/57 status=SKIPPED
  [ 23/403] feature=distance_wins                                      top3=52.39% winner#1=29.13% primary_delta=+0.00% trees=12 coverage(train/val)=100%/100% unique(train/val)=13/11 status=SKIPPED
  [ 24/403] feature=track_starts                                       top3=52.29% winner#1=30.40% primary_delta=-0.10% trees=24 coverage(train/val)=100%/100% unique(train/val)=51/54 status=SKIPPED
  [ 25/403] feature=track_wins                                         top3=52.39% winner#1=29.13% primary_delta=+0.00% trees=12 coverage(train/val)=100%/100% unique(train/val)=15/14 status=SKIPPED
  [ 26/403] feature=first_up_starts                                    top3=52.39% winner#1=29.13% primary_delta=+0.00% trees=12 coverage(train/val)=100%/100% unique(train/val)=13/14 status=SKIPPED
  [ 27/403] feature=first_up_wins                                      top3=52.39% winner#1=29.13% primary_delta=+0.00% trees=12 coverage(train/val)=100%/100% unique(train/val)=7/6 status=SKIPPED
  [ 28/403] feature=second_up_starts                                   top3=52.09% winner#1=29.73% primary_delta=-0.30% trees=47 coverage(train/val)=100%/100% unique(train/val)=13/14 status=SKIPPED
  [ 29/403] feature=second_up_wins                                     top3=52.39% winner#1=29.13% primary_delta=+0.00% trees=12 coverage(train/val)=100%/100% unique(train/val)=6/6 status=SKIPPED
  [ 30/403] feature=horse_jockey_starts                                top3=52.34% winner#1=29.33% primary_delta=-0.04% trees=17 coverage(train/val)=100%/100% unique(train/val)=55/41 status=SKIPPED
  ROUND PROGRESS tested=30/403 above_baseline=6 equal_baseline=12 below_baseline=12 meeting_uplift=0 best_feature=good_wins best_delta=+0.0593% best_trees=14
  [ 31/403] feature=horse_jockey_wins                                  top3=52.33% winner#1=29.40% primary_delta=-0.05% trees=15 coverage(train/val)=100%/100% unique(train/val)=12/11 status=SKIPPED
  [ 32/403] feature=fluc2                                              top3=52.04% winner#1=29.87% primary_delta=-0.34% trees=476 coverage(train/val)=100%/100% unique(train/val)=92/90 status=SKIPPED
  [ 33/403] feature=recent_1_place                                     top3=52.39% winner#1=29.13% primary_delta=+0.00% trees=12 coverage(train/val)=100%/100% unique(train/val)=25/20 status=SKIPPED
  [ 34/403] feature=recent_1_distance_m                                top3=52.44% winner#1=30.33% primary_delta=+0.06% trees=29 coverage(train/val)=100%/100% unique(train/val)=339/293 status=SKIPPED
  [ 35/403] feature=recent_1_weight_kg                                 top3=52.27% winner#1=29.87% primary_delta=-0.12% trees=19 coverage(train/val)=90%/90% unique(train/val)=47/44 status=SKIPPED
  [ 36/403] feature=recent_1_barrier                                   top3=52.36% winner#1=29.20% primary_delta=-0.02% trees=13 coverage(train/val)=97%/96% unique(train/val)=22/21 status=SKIPPED
  [ 37/403] feature=recent_1_track_status_value                        top3=52.39% winner#1=29.13% primary_delta=+0.00% trees=12 coverage(train/val)=52%/52% unique(train/val)=10/10 status=SKIPPED
  [ 38/403] feature=recent_1_starting_price                            top3=52.27% winner#1=30.33% primary_delta=-0.12% trees=100 coverage(train/val)=90%/90% unique(train/val)=592/432 status=SKIPPED
  [ 39/403] feature=recent_1_margin                                    top3=52.19% winner#1=29.40% primary_delta=-0.19% trees=6 coverage(train/val)=100%/100% unique(train/val)=316/256 status=SKIPPED
  [ 40/403] feature=recent_1_total_runners                             top3=52.39% winner#1=29.13% primary_delta=+0.00% trees=12 coverage(train/val)=100%/100% unique(train/val)=19/19 status=SKIPPED
  ROUND PROGRESS tested=40/403 above_baseline=7 equal_baseline=15 below_baseline=18 meeting_uplift=0 best_feature=good_wins best_delta=+0.0593% best_trees=14
  [ 41/403] feature=recent_2_place                                     top3=52.39% winner#1=29.13% primary_delta=+0.00% trees=12 coverage(train/val)=99%/100% unique(train/val)=25/21 status=SKIPPED
  [ 42/403] feature=recent_2_distance_m                                top3=52.39% winner#1=29.13% primary_delta=+0.00% trees=12 coverage(train/val)=99%/100% unique(train/val)=376/330 status=SKIPPED
  [ 43/403] feature=recent_2_weight_kg                                 top3=52.13% winner#1=30.33% primary_delta=-0.25% trees=67 coverage(train/val)=88%/86% unique(train/val)=49/45 status=SKIPPED
  [ 44/403] feature=recent_2_barrier                                   top3=51.93% winner#1=30.33% primary_delta=-0.45% trees=45 coverage(train/val)=96%/95% unique(train/val)=23/22 status=SKIPPED
  [ 45/403] feature=recent_2_track_status_value                        top3=52.20% winner#1=29.67% primary_delta=-0.19% trees=27 coverage(train/val)=54%/53% unique(train/val)=10/9 status=SKIPPED
  [ 46/403] feature=recent_2_starting_price                            top3=52.07% winner#1=30.20% primary_delta=-0.32% trees=50 coverage(train/val)=88%/86% unique(train/val)=588/426 status=SKIPPED
  [ 47/403] feature=recent_2_margin                                    top3=52.30% winner#1=29.53% primary_delta=-0.09% trees=21 coverage(train/val)=99%/100% unique(train/val)=327/259 status=SKIPPED
  [ 48/403] feature=recent_2_total_runners                             top3=52.40% winner#1=29.53% primary_delta=+0.01% trees=20 coverage(train/val)=99%/100% unique(train/val)=21/20 status=SKIPPED
  [ 49/403] feature=recent_3_place                                     top3=52.39% winner#1=29.13% primary_delta=+0.00% trees=12 coverage(train/val)=99%/99% unique(train/val)=25/24 status=SKIPPED
  [ 50/403] feature=recent_3_distance_m                                top3=52.39% winner#1=29.13% primary_delta=+0.00% trees=12 coverage(train/val)=99%/99% unique(train/val)=398/343 status=SKIPPED
  ROUND PROGRESS tested=50/403 above_baseline=8 equal_baseline=19 below_baseline=23 meeting_uplift=0 best_feature=good_wins best_delta=+0.0593% best_trees=14
  [ 51/403] feature=recent_3_weight_kg                                 top3=52.33% winner#1=29.80% primary_delta=-0.05% trees=16 coverage(train/val)=86%/86% unique(train/val)=52/45 status=SKIPPED
  [ 52/403] feature=recent_3_barrier                                   top3=52.39% winner#1=29.13% primary_delta=+0.00% trees=12 coverage(train/val)=96%/95% unique(train/val)=23/21 status=SKIPPED
  [ 53/403] feature=recent_3_track_status_value                        top3=52.39% winner#1=29.13% primary_delta=+0.00% trees=12 coverage(train/val)=54%/54% unique(train/val)=10/9 status=SKIPPED
  [ 54/403] feature=recent_3_starting_price                            top3=52.36% winner#1=28.80% primary_delta=-0.03% trees=22 coverage(train/val)=86%/86% unique(train/val)=555/433 status=SKIPPED
  [ 55/403] feature=recent_3_margin                                    top3=52.47% winner#1=29.40% primary_delta=+0.08% trees=16 coverage(train/val)=99%/99% unique(train/val)=291/274 status=SKIPPED
  [ 56/403] feature=recent_3_total_runners                             top3=52.39% winner#1=29.13% primary_delta=+0.00% trees=12 coverage(train/val)=99%/99% unique(train/val)=21/21 status=SKIPPED
  [ 57/403] feature=recent_4_place                                     top3=52.39% winner#1=29.13% primary_delta=+0.00% trees=12 coverage(train/val)=98%/98% unique(train/val)=25/25 status=SKIPPED
  [ 58/403] feature=recent_4_distance_m                                top3=52.44% winner#1=29.27% primary_delta=+0.06% trees=21 coverage(train/val)=98%/98% unique(train/val)=398/331 status=SKIPPED
  [ 59/403] feature=recent_4_weight_kg                                 top3=52.27% winner#1=29.47% primary_delta=-0.12% trees=24 coverage(train/val)=85%/85% unique(train/val)=50/47 status=SKIPPED
  [ 60/403] feature=recent_4_barrier                                   top3=52.27% winner#1=29.47% primary_delta=-0.12% trees=39 coverage(train/val)=95%/94% unique(train/val)=22/21 status=SKIPPED
  ROUND PROGRESS tested=60/403 above_baseline=10 equal_baseline=23 below_baseline=27 meeting_uplift=0 best_feature=recent_3_margin best_delta=+0.0815% best_trees=16
  [ 61/403] feature=recent_4_track_status_value                        top3=52.39% winner#1=29.13% primary_delta=+0.00% trees=12 coverage(train/val)=54%/54% unique(train/val)=10/10 status=SKIPPED
  [ 62/403] feature=recent_4_starting_price                            top3=52.13% winner#1=29.67% primary_delta=-0.25% trees=34 coverage(train/val)=85%/85% unique(train/val)=541/396 status=SKIPPED
  [ 63/403] feature=recent_4_margin                                    top3=51.87% winner#1=29.73% primary_delta=-0.52% trees=83 coverage(train/val)=98%/98% unique(train/val)=303/261 status=SKIPPED
  [ 64/403] feature=recent_4_total_runners                             top3=51.87% winner#1=29.07% primary_delta=-0.52% trees=910 coverage(train/val)=98%/98% unique(train/val)=23/21 status=SKIPPED
  [ 65/403] feature=recent_5_place                                     top3=52.31% winner#1=29.73% primary_delta=-0.07% trees=23 coverage(train/val)=96%/96% unique(train/val)=22/23 status=SKIPPED
  [ 66/403] feature=recent_5_distance_m                                top3=52.47% winner#1=29.33% primary_delta=+0.09% trees=9 coverage(train/val)=96%/96% unique(train/val)=405/341 status=SKIPPED
  [ 67/403] feature=recent_5_weight_kg                                 top3=52.18% winner#1=29.67% primary_delta=-0.21% trees=25 coverage(train/val)=84%/83% unique(train/val)=49/46 status=SKIPPED
  [ 68/403] feature=recent_5_barrier                                   top3=52.18% winner#1=29.20% primary_delta=-0.21% trees=69 coverage(train/val)=93%/92% unique(train/val)=23/22 status=SKIPPED
  [ 69/403] feature=recent_5_track_status_value                        top3=52.39% winner#1=29.13% primary_delta=+0.00% trees=12 coverage(train/val)=54%/54% unique(train/val)=10/9 status=SKIPPED
  [ 70/403] feature=recent_5_starting_price                            top3=51.96% winner#1=31.87% primary_delta=-0.43% trees=228 coverage(train/val)=84%/83% unique(train/val)=518/402 status=SKIPPED
  ROUND PROGRESS tested=70/403 above_baseline=11 equal_baseline=25 below_baseline=34 meeting_uplift=0 best_feature=recent_5_distance_m best_delta=+0.0889% best_trees=9
  [ 71/403] feature=recent_5_margin                                    top3=52.47% winner#1=29.33% primary_delta=+0.09% trees=24 coverage(train/val)=96%/96% unique(train/val)=301/258 status=SKIPPED
  [ 72/403] feature=recent_5_total_runners                             top3=52.30% winner#1=29.27% primary_delta=-0.09% trees=15 coverage(train/val)=96%/96% unique(train/val)=22/20 status=SKIPPED
  [ 73/403] feature=recent_6_place                                     top3=52.18% winner#1=30.40% primary_delta=-0.21% trees=60 coverage(train/val)=94%/94% unique(train/val)=23/21 status=SKIPPED
  [ 74/403] feature=recent_6_distance_m                                top3=52.39% winner#1=29.13% primary_delta=+0.00% trees=12 coverage(train/val)=94%/94% unique(train/val)=405/335 status=SKIPPED
  [ 75/403] feature=recent_6_weight_kg                                 top3=52.18% winner#1=29.87% primary_delta=-0.21% trees=34 coverage(train/val)=83%/82% unique(train/val)=47/44 status=SKIPPED
  [ 76/403] feature=recent_6_barrier                                   top3=51.84% winner#1=29.33% primary_delta=-0.54% trees=28 coverage(train/val)=92%/91% unique(train/val)=22/23 status=SKIPPED
  [ 77/403] feature=recent_6_track_status_value                        top3=52.39% winner#1=29.13% primary_delta=+0.00% trees=12 coverage(train/val)=53%/53% unique(train/val)=10/10 status=SKIPPED
  [ 78/403] feature=recent_6_starting_price                            top3=51.73% winner#1=30.40% primary_delta=-0.65% trees=74 coverage(train/val)=83%/82% unique(train/val)=536/383 status=SKIPPED
  [ 79/403] feature=recent_6_margin                                    top3=52.39% winner#1=29.13% primary_delta=+0.00% trees=12 coverage(train/val)=94%/94% unique(train/val)=305/240 status=SKIPPED
  [ 80/403] feature=recent_6_total_runners                             top3=52.36% winner#1=29.73% primary_delta=-0.03% trees=126 coverage(train/val)=94%/94% unique(train/val)=20/21 status=SKIPPED
  ROUND PROGRESS tested=80/403 above_baseline=12 equal_baseline=28 below_baseline=40 meeting_uplift=0 best_feature=recent_5_distance_m best_delta=+0.0889% best_trees=9
  [ 81/403] feature=recent_runs_count                                  top3=52.40% winner#1=30.13% primary_delta=+0.01% trees=26 coverage(train/val)=100%/100% unique(train/val)=7/7 status=SKIPPED
  [ 82/403] feature=recent_wins                                        top3=52.39% winner#1=29.13% primary_delta=+0.00% trees=12 coverage(train/val)=100%/100% unique(train/val)=7/7 status=SKIPPED
  [ 83/403] feature=recent_places                                      top3=51.89% winner#1=30.40% primary_delta=-0.50% trees=70 coverage(train/val)=100%/100% unique(train/val)=7/7 status=SKIPPED
  [ 84/403] feature=recent_avg_place                                   top3=52.49% winner#1=29.00% primary_delta=+0.10% trees=22 coverage(train/val)=100%/100% unique(train/val)=119/106 status=IMPROVES
  [ 85/403] feature=recent_best_place                                  top3=52.29% winner#1=29.47% primary_delta=-0.10% trees=17 coverage(train/val)=100%/100% unique(train/val)=13/12 status=SKIPPED
  [ 86/403] feature=recent_avg_place_3                                 top3=52.39% winner#1=29.20% primary_delta=+0.00% trees=13 coverage(train/val)=100%/100% unique(train/val)=58/52 status=SKIPPED
  [ 87/403] feature=recent_avg_place_5                                 top3=52.20% winner#1=29.47% primary_delta=-0.19% trees=16 coverage(train/val)=100%/100% unique(train/val)=107/94 status=SKIPPED
  [ 88/403] feature=recent_win_rate_5                                  top3=52.39% winner#1=29.13% primary_delta=+0.00% trees=12 coverage(train/val)=100%/100% unique(train/val)=11/11 status=SKIPPED
  [ 89/403] feature=recent_top3_rate_5                                 top3=52.39% winner#1=29.13% primary_delta=+0.00% trees=12 coverage(train/val)=100%/100% unique(train/val)=11/11 status=SKIPPED
  [ 90/403] feature=recent_avg_margin                                  top3=52.24% winner#1=29.87% primary_delta=-0.14% trees=18 coverage(train/val)=100%/100% unique(train/val)=1399/1112 status=SKIPPED
  ROUND PROGRESS tested=90/403 above_baseline=14 equal_baseline=32 below_baseline=44 meeting_uplift=1 best_feature=recent_avg_place best_delta=+0.1037% best_trees=22
  [ 91/403] feature=recent_best_margin                                 top3=51.78% winner#1=31.00% primary_delta=-0.61% trees=121 coverage(train/val)=100%/100% unique(train/val)=105/90 status=SKIPPED
  [ 92/403] feature=recent_avg_margin_3                                top3=52.29% winner#1=30.00% primary_delta=-0.10% trees=42 coverage(train/val)=100%/100% unique(train/val)=868/713 status=SKIPPED
  [ 93/403] feature=recent_avg_starting_price                          top3=52.39% winner#1=29.13% primary_delta=+0.00% trees=12 coverage(train/val)=99%/99% unique(train/val)=2247/1677 status=SKIPPED
  [ 94/403] feature=recent_same_distance_runs                          top3=52.00% winner#1=30.20% primary_delta=-0.39% trees=90 coverage(train/val)=100%/100% unique(train/val)=7/7 status=SKIPPED
  [ 95/403] feature=recent_same_track_runs                             top3=52.39% winner#1=29.13% primary_delta=+0.00% trees=12 coverage(train/val)=100%/100% unique(train/val)=7/7 status=SKIPPED
  [ 96/403] feature=recent_same_condition_runs                         top3=51.78% winner#1=30.27% primary_delta=-0.61% trees=115 coverage(train/val)=100%/100% unique(train/val)=7/7 status=SKIPPED
  [ 97/403] feature=recent_days_since_last_run                         top3=52.24% winner#1=30.33% primary_delta=-0.14% trees=51 coverage(train/val)=100%/100% unique(train/val)=336/285 status=SKIPPED
  [ 98/403] feature=trackExpert                                        top3=52.40% winner#1=29.40% primary_delta=+0.01% trees=24 coverage(train/val)=23%/23% unique(train/val)=77/59 status=SKIPPED
  [ 99/403] feature=goodGroundPro                                      top3=52.36% winner#1=29.33% primary_delta=-0.02% trees=12 coverage(train/val)=23%/23% unique(train/val)=116/90 status=SKIPPED
  [100/403] feature=softGroundPro                                      top3=51.96% winner#1=30.87% primary_delta=-0.43% trees=93 coverage(train/val)=28%/28% unique(train/val)=61/44 status=SKIPPED
  ROUND PROGRESS tested=100/403 above_baseline=15 equal_baseline=34 below_baseline=51 meeting_uplift=1 best_feature=recent_avg_place best_delta=+0.1037% best_trees=22
  [101/403] feature=heavyGroundPro                                     top3=52.33% winner#1=29.27% primary_delta=-0.05% trees=13 coverage(train/val)=16%/15% unique(train/val)=30/25 status=SKIPPED
  [102/403] feature=freshWinner                                        top3=52.39% winner#1=29.13% primary_delta=+0.00% trees=12 coverage(train/val)=30%/30% unique(train/val)=22/19 status=SKIPPED
  [103/403] feature=secondUpWinner                                     top3=52.51% winner#1=29.27% primary_delta=+0.13% trees=19 coverage(train/val)=28%/28% unique(train/val)=18/17 status=IMPROVES
  [104/403] feature=winningPartnership                                 top3=52.34% winner#1=28.93% primary_delta=-0.04% trees=11 coverage(train/val)=16%/16% unique(train/val)=77/49 status=SKIPPED
  [105/403] feature=hotStreak                                          top3=52.39% winner#1=29.13% primary_delta=+0.00% trees=12 coverage(train/val)=16%/15% unique(train/val)=7/7 status=SKIPPED
  [106/403] feature=recentPodium                                       top3=52.39% winner#1=29.13% primary_delta=+0.00% trees=12 coverage(train/val)=31%/32% unique(train/val)=5/5 status=SKIPPED
  [107/403] feature=trackFamiliarity                                   top3=52.39% winner#1=29.13% primary_delta=+0.00% trees=12 coverage(train/val)=26%/26% unique(train/val)=9/9 status=SKIPPED
  [108/403] feature=distanceFamiliarity                                top3=52.44% winner#1=29.67% primary_delta=+0.06% trees=22 coverage(train/val)=48%/47% unique(train/val)=8/8 status=SKIPPED
  [109/403] feature=market_open_to_fluc1_move                          top3=52.09% winner#1=29.60% primary_delta=-0.30% trees=36 coverage(train/val)=100%/100% unique(train/val)=454/377 status=SKIPPED
  [110/403] feature=market_open_to_fluc2_move                          top3=52.33% winner#1=29.53% primary_delta=-0.05% trees=14 coverage(train/val)=100%/100% unique(train/val)=460/383 status=SKIPPED
  ROUND PROGRESS tested=110/403 above_baseline=17 equal_baseline=38 below_baseline=55 meeting_uplift=2 best_feature=secondUpWinner best_delta=+0.1259% best_trees=19
  [111/403] feature=market_fluc1_to_fluc2_move                         top3=52.39% winner#1=29.13% primary_delta=+0.00% trees=12 coverage(train/val)=100%/100% unique(train/val)=76/71 status=SKIPPED
  [112/403] feature=market_open_to_fluc1_move_pct                      top3=51.64% winner#1=31.33% primary_delta=-0.74% trees=149 coverage(train/val)=100%/100% unique(train/val)=1313/1082 status=SKIPPED
  [113/403] feature=market_open_to_fluc2_move_pct                      top3=52.44% winner#1=30.20% primary_delta=+0.06% trees=23 coverage(train/val)=100%/100% unique(train/val)=1315/1063 status=SKIPPED
  [114/403] feature=market_fluc1_to_fluc2_move_pct                     top3=52.39% winner#1=29.13% primary_delta=+0.00% trees=12 coverage(train/val)=100%/100% unique(train/val)=257/230 status=SKIPPED
  [115/403] feature=market_total_abs_movement                          top3=51.64% winner#1=30.73% primary_delta=-0.74% trees=116 coverage(train/val)=100%/100% unique(train/val)=322/274 status=SKIPPED
  [116/403] feature=market_price_range_pct                             top3=52.07% winner#1=30.13% primary_delta=-0.32% trees=36 coverage(train/val)=100%/100% unique(train/val)=1103/910 status=SKIPPED
  [117/403] feature=market_implied_prob_change_open_to_fluc2           top3=52.22% winner#1=29.60% primary_delta=-0.16% trees=47 coverage(train/val)=100%/100% unique(train/val)=1864/1499 status=SKIPPED
  [118/403] feature=market_implied_prob_change_fluc1_to_fluc2          top3=52.39% winner#1=29.13% primary_delta=+0.00% trees=12 coverage(train/val)=100%/100% unique(train/val)=350/310 status=SKIPPED
  [119/403] feature=recent_best_speed_mps                              top3=52.11% winner#1=30.53% primary_delta=-0.27% trees=35 coverage(train/val)=100%/100% unique(train/val)=3900/2927 status=SKIPPED
  [120/403] feature=recent_avg_speed_mps                               top3=52.09% winner#1=30.40% primary_delta=-0.30% trees=67 coverage(train/val)=100%/100% unique(train/val)=15820/8169 status=SKIPPED
  ROUND PROGRESS tested=120/403 above_baseline=18 equal_baseline=41 below_baseline=61 meeting_uplift=2 best_feature=secondUpWinner best_delta=+0.1259% best_trees=19
  [121/403] feature=recent_best_similar_distance_speed_mps             top3=52.27% winner#1=29.47% primary_delta=-0.12% trees=29 coverage(train/val)=95%/95% unique(train/val)=4247/3066 status=SKIPPED
  [122/403] feature=recent_avg_similar_distance_speed_mps              top3=52.27% winner#1=29.60% primary_delta=-0.12% trees=34 coverage(train/val)=95%/95% unique(train/val)=14762/7675 status=SKIPPED
  [123/403] feature=recent_weighted_avg_place                          top3=52.39% winner#1=29.40% primary_delta=+0.00% trees=12 coverage(train/val)=100%/100% unique(train/val)=15826/8148 status=SKIPPED
  [124/403] feature=recent_weighted_avg_margin                         top3=52.47% winner#1=29.47% primary_delta=+0.08% trees=32 coverage(train/val)=100%/100% unique(train/val)=15879/8176 status=SKIPPED
  [125/403] feature=recent_weighted_win_rate                           top3=52.44% winner#1=30.00% primary_delta=+0.06% trees=29 coverage(train/val)=100%/100% unique(train/val)=9603/4946 status=SKIPPED
  [126/403] feature=recent_weighted_top3_rate                          top3=52.29% winner#1=29.40% primary_delta=-0.10% trees=20 coverage(train/val)=100%/100% unique(train/val)=13905/7153 status=SKIPPED
  [127/403] feature=recent_finish_percentile_weighted                  top3=52.39% winner#1=29.13% primary_delta=+0.00% trees=12 coverage(train/val)=99%/100% unique(train/val)=15558/8043 status=SKIPPED
  [128/403] feature=recent_market_edge_weighted                        top3=52.29% winner#1=30.00% primary_delta=-0.10% trees=34 coverage(train/val)=99%/100% unique(train/val)=15541/8090 status=SKIPPED
  [129/403] feature=recent_avg_weight_kg                               top3=52.39% winner#1=29.27% primary_delta=+0.00% trees=12 coverage(train/val)=99%/100% unique(train/val)=290/258 status=SKIPPED
  [130/403] feature=recent_weighted_avg_weight_kg                      top3=52.40% winner#1=29.87% primary_delta=+0.01% trees=20 coverage(train/val)=99%/100% unique(train/val)=15452/7965 status=SKIPPED
  ROUND PROGRESS tested=130/403 above_baseline=21 equal_baseline=44 below_baseline=65 meeting_uplift=2 best_feature=secondUpWinner best_delta=+0.1259% best_trees=19
  [131/403] feature=recent_min_weight_kg                               top3=52.00% winner#1=30.40% primary_delta=-0.39% trees=48 coverage(train/val)=99%/100% unique(train/val)=37/29 status=SKIPPED
  [132/403] feature=recent_max_weight_kg                               top3=52.38% winner#1=29.67% primary_delta=-0.01% trees=20 coverage(train/val)=99%/100% unique(train/val)=50/44 status=SKIPPED
  [133/403] feature=recent_weight_range_kg                             top3=52.29% winner#1=30.00% primary_delta=-0.10% trees=20 coverage(train/val)=99%/100% unique(train/val)=41/45 status=SKIPPED
  [134/403] feature=weight_change_from_last_run                        top3=52.36% winner#1=29.20% primary_delta=-0.02% trees=13 coverage(train/val)=90%/90% unique(train/val)=63/55 status=SKIPPED
  [135/403] feature=weight_change_vs_recent_avg                        top3=52.39% winner#1=29.13% primary_delta=+0.00% trees=12 coverage(train/val)=99%/100% unique(train/val)=418/367 status=SKIPPED
  [136/403] feature=weight_change_vs_recent_weighted_avg               top3=52.29% winner#1=29.27% primary_delta=-0.10% trees=13 coverage(train/val)=99%/100% unique(train/val)=15466/7975 status=SKIPPED
  [137/403] feature=large_weight_drop_flag                             top3=52.39% winner#1=29.13% primary_delta=+0.00% trees=12 coverage(train/val)=100%/100% unique(train/val)=2/2 status=SKIPPED
  [138/403] feature=weight_drop_after_close_run_flag                   top3=52.39% winner#1=29.13% primary_delta=+0.00% trees=12 coverage(train/val)=100%/100% unique(train/val)=2/2 status=SKIPPED
  [139/403] feature=last3_win_percentage                               top3=52.40% winner#1=29.53% primary_delta=+0.01% trees=13 coverage(train/val)=100%/100% unique(train/val)=5/5 status=SKIPPED
  [140/403] feature=last3_place_percentage                             top3=52.39% winner#1=29.13% primary_delta=+0.00% trees=12 coverage(train/val)=100%/100% unique(train/val)=5/5 status=SKIPPED
  ROUND PROGRESS tested=140/403 above_baseline=22 equal_baseline=48 below_baseline=70 meeting_uplift=2 best_feature=secondUpWinner best_delta=+0.1259% best_trees=19
  [141/403] feature=open_price_rank                                    top3=52.39% winner#1=29.13% primary_delta=+0.00% trees=12 coverage(train/val)=100%/100% unique(train/val)=18/18 status=SKIPPED
  [142/403] feature=market_steam_rank                                  top3=52.39% winner#1=29.13% primary_delta=+0.00% trees=12 coverage(train/val)=100%/100% unique(train/val)=18/18 status=SKIPPED
  [143/403] feature=speed_rating_rank                                  top3=52.24% winner#1=29.73% primary_delta=-0.14% trees=26 coverage(train/val)=100%/100% unique(train/val)=18/18 status=SKIPPED
  [144/403] feature=win_percentage_rank                                top3=52.20% winner#1=29.53% primary_delta=-0.19% trees=46 coverage(train/val)=100%/100% unique(train/val)=18/18 status=SKIPPED
  [145/403] feature=place_percentage_rank                              top3=52.18% winner#1=29.20% primary_delta=-0.21% trees=12 coverage(train/val)=100%/100% unique(train/val)=18/18 status=SKIPPED
  [146/403] feature=last3_win_percentage_rank                          top3=52.05% winner#1=30.69% primary_delta=-0.33% trees=5 coverage(train/val)=100%/100% unique(train/val)=16/14 status=SKIPPED
  [147/403] feature=last3_place_percentage_rank                        top3=52.39% winner#1=29.80% primary_delta=+0.00% trees=19 coverage(train/val)=100%/100% unique(train/val)=18/16 status=SKIPPED
  [148/403] feature=recent_best_speed_rank                             top3=52.33% winner#1=30.27% primary_delta=-0.05% trees=45 coverage(train/val)=100%/100% unique(train/val)=18/18 status=SKIPPED
  [149/403] feature=recent_similar_distance_speed_rank                 top3=52.20% winner#1=29.47% primary_delta=-0.19% trees=29 coverage(train/val)=95%/95% unique(train/val)=18/17 status=SKIPPED
  [150/403] feature=recent_weighted_avg_place_rank                     top3=52.39% winner#1=29.13% primary_delta=+0.00% trees=12 coverage(train/val)=100%/100% unique(train/val)=18/18 status=SKIPPED
  ROUND PROGRESS tested=150/403 above_baseline=22 equal_baseline=52 below_baseline=76 meeting_uplift=2 best_feature=secondUpWinner best_delta=+0.1259% best_trees=19
  [151/403] feature=recent_weighted_avg_margin_rank                    top3=52.00% winner#1=29.60% primary_delta=-0.39% trees=50 coverage(train/val)=100%/100% unique(train/val)=18/18 status=SKIPPED
  [152/403] feature=recent_weighted_win_rate_rank                      top3=52.39% winner#1=29.13% primary_delta=+0.00% trees=12 coverage(train/val)=100%/100% unique(train/val)=18/16 status=SKIPPED
  [153/403] feature=recent_weighted_top3_rate_rank                     top3=52.36% winner#1=29.53% primary_delta=-0.02% trees=20 coverage(train/val)=100%/100% unique(train/val)=18/17 status=SKIPPED
  [154/403] feature=recent_finish_percentile_rank                      top3=52.04% winner#1=30.20% primary_delta=-0.34% trees=79 coverage(train/val)=99%/100% unique(train/val)=18/18 status=SKIPPED
  [155/403] feature=recent_market_edge_rank                            top3=52.13% winner#1=29.40% primary_delta=-0.25% trees=18 coverage(train/val)=99%/100% unique(train/val)=18/18 status=SKIPPED
  [156/403] feature=race_consensus_score                               top3=52.11% winner#1=30.27% primary_delta=-0.27% trees=52 coverage(train/val)=100%/100% unique(train/val)=175/165 status=SKIPPED
  [157/403] feature=race_consensus_rank                                top3=52.34% winner#1=29.13% primary_delta=-0.04% trees=12 coverage(train/val)=100%/100% unique(train/val)=18/18 status=SKIPPED
  [158/403] feature=wet_rating_rank                                    top3=52.39% winner#1=29.13% primary_delta=+0.00% trees=12 coverage(train/val)=100%/100% unique(train/val)=18/18 status=SKIPPED
  [159/403] feature=career_win_rate_rank                               top3=52.07% winner#1=29.87% primary_delta=-0.32% trees=29 coverage(train/val)=100%/100% unique(train/val)=18/18 status=SKIPPED
  [160/403] feature=career_place_rate_rank                             top3=52.27% winner#1=28.93% primary_delta=-0.12% trees=10 coverage(train/val)=100%/100% unique(train/val)=18/18 status=SKIPPED
  ROUND PROGRESS tested=160/403 above_baseline=22 equal_baseline=54 below_baseline=84 meeting_uplift=2 best_feature=secondUpWinner best_delta=+0.1259% best_trees=19
  [161/403] feature=distance_win_rate_rank                             top3=51.98% winner#1=29.60% primary_delta=-0.41% trees=49 coverage(train/val)=83%/84% unique(train/val)=17/15 status=SKIPPED
  [162/403] feature=track_win_rate_rank                                top3=52.23% winner#1=29.47% primary_delta=-0.16% trees=16 coverage(train/val)=69%/70% unique(train/val)=14/16 status=SKIPPED
  [163/403] feature=first_up_win_rate_rank                             top3=52.16% winner#1=29.20% primary_delta=-0.22% trees=21 coverage(train/val)=100%/100% unique(train/val)=17/16 status=SKIPPED
  [164/403] feature=second_up_win_rate_rank                            top3=52.40% winner#1=29.67% primary_delta=+0.01% trees=45 coverage(train/val)=98%/98% unique(train/val)=16/15 status=SKIPPED
  [165/403] feature=horse_jockey_win_rate_rank                         top3=51.91% winner#1=30.13% primary_delta=-0.47% trees=201 coverage(train/val)=57%/57% unique(train/val)=12/12 status=SKIPPED
  [166/403] feature=race_overlay_score                                 top3=52.22% winner#1=29.73% primary_delta=-0.16% trees=17 coverage(train/val)=81%/84% unique(train/val)=5792/3523 status=SKIPPED
  [167/403] feature=race_overlay_rank                                  top3=52.39% winner#1=29.13% primary_delta=+0.00% trees=12 coverage(train/val)=81%/84% unique(train/val)=18/18 status=SKIPPED
  [168/403] feature=race_signal_agreement_score                        top3=52.39% winner#1=29.13% primary_delta=+0.00% trees=12 coverage(train/val)=81%/84% unique(train/val)=7/7 status=SKIPPED
  [169/403] feature=race_signal_agreement_rank                         top3=52.39% winner#1=29.13% primary_delta=+0.00% trees=12 coverage(train/val)=81%/84% unique(train/val)=17/18 status=SKIPPED
  [170/403] feature=sectional_last600_seconds_weighted_3               top3=52.30% winner#1=29.13% primary_delta=-0.09% trees=12 coverage(train/val)=82%/83% unique(train/val)=3786/2880 status=SKIPPED
  ROUND PROGRESS tested=170/403 above_baseline=23 equal_baseline=57 below_baseline=90 meeting_uplift=2 best_feature=secondUpWinner best_delta=+0.1259% best_trees=19
  [171/403] feature=sectional_last600_seconds_weighted_6               top3=52.07% winner#1=30.00% primary_delta=-0.32% trees=51 coverage(train/val)=84%/85% unique(train/val)=9432/5638 status=SKIPPED
  [172/403] feature=sectional_last600_best_6                           top3=52.36% winner#1=30.73% primary_delta=-0.02% trees=27 coverage(train/val)=84%/85% unique(train/val)=573/526 status=SKIPPED
  [173/403] feature=sectional_last600_std_6                            top3=52.36% winner#1=30.47% primary_delta=-0.03% trees=21 coverage(train/val)=81%/83% unique(train/val)=12365/6575 status=SKIPPED
  [174/403] feature=sectional_last600_trend                            top3=52.25% winner#1=29.53% primary_delta=-0.13% trees=7 coverage(train/val)=70%/71% unique(train/val)=7459/4505 status=SKIPPED
  [175/403] feature=sectional_closing_speed_ratio_weighted_3           top3=52.20% winner#1=29.67% primary_delta=-0.19% trees=64 coverage(train/val)=82%/83% unique(train/val)=12539/6633 status=SKIPPED
  [176/403] feature=sectional_closing_speed_ratio_weighted_6           top3=52.12% winner#1=29.33% primary_delta=-0.27% trees=24 coverage(train/val)=84%/85% unique(train/val)=13168/6922 status=SKIPPED
  [177/403] feature=current_class_level                                top3=52.24% winner#1=29.27% primary_delta=-0.14% trees=13 coverage(train/val)=82%/82% unique(train/val)=35/30 status=SKIPPED
  [178/403] feature=form_class_level_weighted_3                        top3=52.23% winner#1=29.20% primary_delta=-0.16% trees=22 coverage(train/val)=98%/98% unique(train/val)=523/455 status=SKIPPED
  [179/403] feature=form_class_level_weighted_6                        top3=52.11% winner#1=29.73% primary_delta=-0.27% trees=31 coverage(train/val)=99%/100% unique(train/val)=3251/2361 status=SKIPPED
  [180/403] feature=class_change_vs_recent_3                           top3=51.91% winner#1=29.73% primary_delta=-0.47% trees=55 coverage(train/val)=81%/81% unique(train/val)=573/428 status=SKIPPED
  ROUND PROGRESS tested=180/403 above_baseline=23 equal_baseline=57 below_baseline=100 meeting_uplift=2 best_feature=secondUpWinner best_delta=+0.1259% best_trees=19
  [181/403] feature=class_drop_from_recent_best                        top3=52.32% winner#1=29.20% primary_delta=-0.07% trees=13 coverage(train/val)=82%/81% unique(train/val)=110/95 status=SKIPPED
  [182/403] feature=jockey_history_starts                              top3=52.27% winner#1=30.33% primary_delta=-0.12% trees=48 coverage(train/val)=100%/100% unique(train/val)=430/403 status=SKIPPED
  [183/403] feature=jockey_history_top3_excess                         top3=52.39% winner#1=29.13% primary_delta=+0.00% trees=12 coverage(train/val)=100%/100% unique(train/val)=15746/8095 status=SKIPPED
  [184/403] feature=jockey_recent_top3_excess                          top3=52.20% winner#1=29.33% primary_delta=-0.19% trees=21 coverage(train/val)=100%/100% unique(train/val)=15794/8118 status=SKIPPED
  [185/403] feature=trainer_history_starts                             top3=52.39% winner#1=29.13% primary_delta=+0.00% trees=12 coverage(train/val)=98%/98% unique(train/val)=658/523 status=SKIPPED
  [186/403] feature=trainer_history_top3_excess                        top3=52.27% winner#1=30.20% primary_delta=-0.12% trees=34 coverage(train/val)=98%/98% unique(train/val)=12924/6711 status=SKIPPED
  [187/403] feature=jockey_trainer_history_starts                      top3=51.91% winner#1=30.07% primary_delta=-0.47% trees=42 coverage(train/val)=74%/73% unique(train/val)=123/97 status=SKIPPED
  [188/403] feature=jockey_trainer_history_top3_excess                 top3=52.30% winner#1=30.80% primary_delta=-0.09% trees=9 coverage(train/val)=74%/73% unique(train/val)=7281/3890 status=SKIPPED
  [189/403] feature=jockey_trainer_recent_top3_excess                  top3=51.69% winner#1=29.93% primary_delta=-0.70% trees=46 coverage(train/val)=74%/73% unique(train/val)=8298/4345 status=SKIPPED
  [190/403] feature=recent_finish_percentile_avg_3                     top3=52.31% winner#1=30.13% primary_delta=-0.07% trees=63 coverage(train/val)=100%/100% unique(train/val)=4969/3328 status=SKIPPED
  ROUND PROGRESS tested=190/403 above_baseline=23 equal_baseline=59 below_baseline=108 meeting_uplift=2 best_feature=secondUpWinner best_delta=+0.1259% best_trees=19
  [191/403] feature=recent_finish_percentile_avg_6                     top3=52.40% winner#1=29.60% primary_delta=+0.01% trees=22 coverage(train/val)=100%/100% unique(train/val)=11849/6750 status=SKIPPED
  [192/403] feature=recent_finish_percentile_weighted_3                top3=52.39% winner#1=29.67% primary_delta=+0.00% trees=26 coverage(train/val)=100%/100% unique(train/val)=6126/3993 status=SKIPPED
  [193/403] feature=recent_finish_percentile_weighted_6                top3=52.22% winner#1=30.13% primary_delta=-0.16% trees=54 coverage(train/val)=100%/100% unique(train/val)=13523/7363 status=SKIPPED
  [194/403] feature=recent_finish_percentile_best_3                    top3=52.20% winner#1=29.80% primary_delta=-0.19% trees=20 coverage(train/val)=100%/100% unique(train/val)=96/88 status=SKIPPED
  [195/403] feature=recent_finish_percentile_best_6                    top3=52.39% winner#1=29.13% primary_delta=+0.00% trees=12 coverage(train/val)=100%/100% unique(train/val)=85/76 status=SKIPPED
  [196/403] feature=recent_finish_percentile_std_6                     top3=52.09% winner#1=30.27% primary_delta=-0.30% trees=32 coverage(train/val)=99%/100% unique(train/val)=15114/7948 status=SKIPPED
  [197/403] feature=recent_finish_percentile_slope_3                   top3=52.47% winner#1=29.60% primary_delta=+0.09% trees=28 coverage(train/val)=99%/99% unique(train/val)=1715/1331 status=SKIPPED
  [198/403] feature=recent_finish_percentile_slope_6                   top3=52.51% winner#1=30.13% primary_delta=+0.13% trees=35 coverage(train/val)=99%/100% unique(train/val)=13058/7224 status=IMPROVES
  [199/403] feature=recent_finish_percentile_last_minus_avg3           top3=52.58% winner#1=29.33% primary_delta=+0.19% trees=30 coverage(train/val)=100%/100% unique(train/val)=5408/3533 status=IMPROVES
  [200/403] feature=recent_finish_percentile_avg3_minus_avg6           top3=52.39% winner#1=29.13% primary_delta=+0.00% trees=9 coverage(train/val)=100%/100% unique(train/val)=11388/6547 status=SKIPPED
  ROUND PROGRESS tested=200/403 above_baseline=27 equal_baseline=62 below_baseline=111 meeting_uplift=4 best_feature=recent_finish_percentile_last_minus_avg3 best_delta=+0.1926% best_trees=30
  [201/403] feature=recent_margin_avg_3                                top3=52.42% winner#1=29.87% primary_delta=+0.04% trees=33 coverage(train/val)=100%/100% unique(train/val)=617/513 status=SKIPPED
  [202/403] feature=recent_margin_avg_6                                top3=52.38% winner#1=29.73% primary_delta=-0.01% trees=18 coverage(train/val)=100%/100% unique(train/val)=1086/877 status=SKIPPED
  [203/403] feature=recent_margin_weighted_3                           top3=52.54% winner#1=29.73% primary_delta=+0.16% trees=28 coverage(train/val)=100%/100% unique(train/val)=1090/893 status=IMPROVES
  [204/403] feature=recent_margin_weighted_6                           top3=52.39% winner#1=29.13% primary_delta=+0.00% trees=12 coverage(train/val)=100%/100% unique(train/val)=2950/2299 status=SKIPPED
  [205/403] feature=recent_margin_best_3                               top3=52.33% winner#1=29.00% primary_delta=-0.05% trees=16 coverage(train/val)=100%/100% unique(train/val)=141/132 status=SKIPPED
  [206/403] feature=recent_margin_best_6                               top3=52.22% winner#1=29.27% primary_delta=-0.16% trees=11 coverage(train/val)=100%/100% unique(train/val)=104/89 status=SKIPPED
  [207/403] feature=recent_margin_std_6                                top3=52.00% winner#1=30.13% primary_delta=-0.39% trees=77 coverage(train/val)=99%/100% unique(train/val)=11672/6754 status=SKIPPED
  [208/403] feature=recent_margin_slope_3                              top3=52.49% winner#1=29.33% primary_delta=+0.10% trees=10 coverage(train/val)=99%/100% unique(train/val)=565/489 status=IMPROVES
  [209/403] feature=recent_margin_slope_6                              top3=52.27% winner#1=31.16% primary_delta=-0.11% trees=5 coverage(train/val)=99%/100% unique(train/val)=2268/1795 status=SKIPPED
  [210/403] feature=recent_margin_quality_last1                        top3=52.33% winner#1=29.53% primary_delta=-0.05% trees=20 coverage(train/val)=100%/100% unique(train/val)=316/256 status=SKIPPED
  ROUND PROGRESS tested=210/403 above_baseline=30 equal_baseline=63 below_baseline=117 meeting_uplift=6 best_feature=recent_finish_percentile_last_minus_avg3 best_delta=+0.1926% best_trees=30
  [211/403] feature=recent_margin_quality_avg_3                        top3=52.34% winner#1=29.47% primary_delta=-0.04% trees=17 coverage(train/val)=100%/100% unique(train/val)=12529/6903 status=SKIPPED
  [212/403] feature=recent_margin_quality_avg_6                        top3=52.20% winner#1=29.53% primary_delta=-0.19% trees=16 coverage(train/val)=100%/100% unique(train/val)=15738/8125 status=SKIPPED
  [213/403] feature=recent_margin_quality_weighted_3                   top3=51.91% winner#1=30.53% primary_delta=-0.47% trees=72 coverage(train/val)=100%/100% unique(train/val)=14452/7644 status=SKIPPED
  [214/403] feature=recent_margin_quality_weighted_6                   top3=52.16% winner#1=29.47% primary_delta=-0.22% trees=25 coverage(train/val)=100%/100% unique(train/val)=15861/8154 status=SKIPPED
  [215/403] feature=recent_margin_quality_best_3                       top3=52.33% winner#1=29.00% primary_delta=-0.05% trees=16 coverage(train/val)=100%/100% unique(train/val)=141/132 status=SKIPPED
  [216/403] feature=recent_margin_quality_slope_3                      top3=52.22% winner#1=30.20% primary_delta=-0.16% trees=44 coverage(train/val)=99%/100% unique(train/val)=7344/4681 status=SKIPPED
  [217/403] feature=historical_market_overperformance_last1            top3=52.41% winner#1=30.98% primary_delta=+0.02% trees=20 coverage(train/val)=90%/90% unique(train/val)=3874/2539 status=SKIPPED
  [218/403] feature=historical_market_overperformance_avg_3            top3=51.96% winner#1=30.60% primary_delta=-0.43% trees=81 coverage(train/val)=99%/99% unique(train/val)=14878/7774 status=SKIPPED
  [219/403] feature=historical_market_overperformance_weighted_3       top3=51.78% winner#1=30.67% primary_delta=-0.61% trees=150 coverage(train/val)=99%/99% unique(train/val)=15054/7842 status=SKIPPED
  [220/403] feature=historical_market_overperformance_weighted_6       top3=52.00% winner#1=31.33% primary_delta=-0.39% trees=120 coverage(train/val)=99%/100% unique(train/val)=15845/8163 status=SKIPPED
  ROUND PROGRESS tested=220/403 above_baseline=31 equal_baseline=63 below_baseline=126 meeting_uplift=6 best_feature=recent_finish_percentile_last_minus_avg3 best_delta=+0.1926% best_trees=30
  [221/403] feature=historical_market_overperformance_best_3           top3=52.36% winner#1=29.00% primary_delta=-0.03% trees=23 coverage(train/val)=99%/99% unique(train/val)=3184/2220 status=SKIPPED
  [222/403] feature=historical_market_overperformance_slope_3          top3=52.39% winner#1=29.78% primary_delta=+0.00% trees=26 coverage(train/val)=92%/91% unique(train/val)=13269/6972 status=SKIPPED
  [223/403] feature=historical_implied_probability_weighted_3          top3=52.29% winner#1=30.07% primary_delta=-0.10% trees=34 coverage(train/val)=99%/99% unique(train/val)=12150/6604 status=SKIPPED
  [224/403] feature=historical_implied_probability_weighted_6          top3=52.07% winner#1=30.27% primary_delta=-0.32% trees=35 coverage(train/val)=99%/100% unique(train/val)=15765/8125 status=SKIPPED
  [225/403] feature=distance_change_last_run                           top3=52.27% winner#1=30.60% primary_delta=-0.12% trees=109 coverage(train/val)=100%/100% unique(train/val)=748/541 status=SKIPPED
  [226/403] feature=abs_distance_change_last_run                       top3=52.22% winner#1=29.60% primary_delta=-0.16% trees=30 coverage(train/val)=100%/100% unique(train/val)=508/375 status=SKIPPED
  [227/403] feature=distance_change_pct_last_run                       top3=52.27% winner#1=29.40% primary_delta=-0.12% trees=24 coverage(train/val)=100%/100% unique(train/val)=1696/1094 status=SKIPPED
  [228/403] feature=distance_minus_recent_avg                          top3=52.22% winner#1=30.20% primary_delta=-0.16% trees=35 coverage(train/val)=100%/100% unique(train/val)=3438/2501 status=SKIPPED
  [229/403] feature=distance_minus_recent_weighted_avg                 top3=52.20% winner#1=29.67% primary_delta=-0.19% trees=20 coverage(train/val)=100%/100% unique(train/val)=5518/3601 status=SKIPPED
  [230/403] feature=abs_distance_minus_recent_weighted_avg             top3=52.40% winner#1=29.40% primary_delta=+0.01% trees=21 coverage(train/val)=100%/100% unique(train/val)=4418/2983 status=SKIPPED
  ROUND PROGRESS tested=230/403 above_baseline=33 equal_baseline=63 below_baseline=134 meeting_uplift=6 best_feature=recent_finish_percentile_last_minus_avg3 best_delta=+0.1926% best_trees=30
  [231/403] feature=similar_distance_runs                              top3=52.39% winner#1=30.00% primary_delta=+0.00% trees=8 coverage(train/val)=100%/100% unique(train/val)=7/7 status=SKIPPED
  [232/403] feature=similar_distance_finish_percentile_avg             top3=51.73% winner#1=30.27% primary_delta=-0.65% trees=102 coverage(train/val)=87%/88% unique(train/val)=5829/3471 status=SKIPPED
  [233/403] feature=similar_distance_finish_percentile_weighted        top3=52.17% winner#1=30.60% primary_delta=-0.21% trees=8 coverage(train/val)=87%/88% unique(train/val)=7707/4340 status=SKIPPED
  [234/403] feature=similar_distance_margin_quality_avg                top3=52.04% winner#1=29.67% primary_delta=-0.34% trees=46 coverage(train/val)=87%/88% unique(train/val)=9819/5294 status=SKIPPED
  [235/403] feature=similar_distance_margin_quality_weighted           top3=52.36% winner#1=29.73% primary_delta=-0.03% trees=24 coverage(train/val)=87%/88% unique(train/val)=10973/5776 status=SKIPPED
  [236/403] feature=similar_distance_top3_rate                         top3=52.39% winner#1=29.20% primary_delta=+0.00% trees=15 coverage(train/val)=87%/88% unique(train/val)=13/13 status=SKIPPED
  [237/403] feature=distance_step_up_m                                 top3=52.39% winner#1=29.13% primary_delta=+0.00% trees=12 coverage(train/val)=100%/100% unique(train/val)=376/273 status=SKIPPED
  [238/403] feature=distance_step_down_m                               top3=52.22% winner#1=30.00% primary_delta=-0.16% trees=74 coverage(train/val)=100%/100% unique(train/val)=373/269 status=SKIPPED
  [239/403] feature=distance_step_up_pct                               top3=52.44% winner#1=30.73% primary_delta=+0.06% trees=113 coverage(train/val)=100%/100% unique(train/val)=940/581 status=SKIPPED
  [240/403] feature=distance_step_down_pct                             top3=52.45% winner#1=29.87% primary_delta=+0.07% trees=12 coverage(train/val)=100%/100% unique(train/val)=757/514 status=SKIPPED
  ROUND PROGRESS tested=240/403 above_baseline=35 equal_baseline=66 below_baseline=139 meeting_uplift=6 best_feature=recent_finish_percentile_last_minus_avg3 best_delta=+0.1926% best_trees=30
  [241/403] feature=historical_step_up_finish_percentile               top3=52.33% winner#1=29.78% primary_delta=-0.05% trees=23 coverage(train/val)=97%/97% unique(train/val)=3876/2658 status=SKIPPED
  [242/403] feature=historical_step_up_observations                    top3=52.39% winner#1=29.13% primary_delta=+0.00% trees=12 coverage(train/val)=100%/100% unique(train/val)=6/6 status=SKIPPED
  [243/403] feature=historical_step_down_finish_percentile             top3=51.87% winner#1=30.00% primary_delta=-0.52% trees=49 coverage(train/val)=91%/91% unique(train/val)=1895/1327 status=SKIPPED
  [244/403] feature=historical_step_down_observations                  top3=52.39% winner#1=29.13% primary_delta=+0.00% trees=12 coverage(train/val)=100%/100% unique(train/val)=5/6 status=SKIPPED
  [245/403] feature=recent_barrier_percentile_last1                    top3=52.36% winner#1=30.27% primary_delta=-0.03% trees=24 coverage(train/val)=94%/93% unique(train/val)=111/93 status=SKIPPED
  [246/403] feature=recent_barrier_percentile_avg_3                    top3=52.09% winner#1=30.87% primary_delta=-0.30% trees=114 coverage(train/val)=97%/96% unique(train/val)=4778/3212 status=SKIPPED
  [247/403] feature=recent_barrier_percentile_weighted_6               top3=52.20% winner#1=30.00% primary_delta=-0.19% trees=66 coverage(train/val)=97%/96% unique(train/val)=13162/7137 status=SKIPPED
  [248/403] feature=recent_barrier_percentile_std_6                    top3=52.09% winner#1=30.47% primary_delta=-0.30% trees=28 coverage(train/val)=96%/95% unique(train/val)=14740/7628 status=SKIPPED
  [249/403] feature=current_barrier_percentile                         top3=52.03% winner#1=30.13% primary_delta=-0.36% trees=6 coverage(train/val)=87%/88% unique(train/val)=97/97 status=SKIPPED
  [250/403] feature=current_minus_recent_barrier_percentile            top3=52.33% winner#1=30.44% primary_delta=-0.06% trees=8 coverage(train/val)=84%/83% unique(train/val)=12783/6677 status=SKIPPED
  ROUND PROGRESS tested=250/403 above_baseline=35 equal_baseline=68 below_baseline=147 meeting_uplift=6 best_feature=recent_finish_percentile_last_minus_avg3 best_delta=+0.1926% best_trees=30
  [251/403] feature=current_weight_minus_last                          top3=52.36% winner#1=29.20% primary_delta=-0.02% trees=13 coverage(train/val)=90%/90% unique(train/val)=63/55 status=SKIPPED
  [252/403] feature=current_weight_minus_recent_avg                    top3=52.39% winner#1=29.13% primary_delta=+0.00% trees=12 coverage(train/val)=99%/100% unique(train/val)=418/367 status=SKIPPED
  [253/403] feature=current_weight_minus_recent_weighted_avg           top3=52.27% winner#1=29.27% primary_delta=-0.12% trees=13 coverage(train/val)=99%/100% unique(train/val)=2550/1949 status=SKIPPED
  [254/403] feature=current_weight_change_pct                          top3=52.45% winner#1=30.13% primary_delta=+0.07% trees=22 coverage(train/val)=90%/90% unique(train/val)=687/569 status=SKIPPED
  [255/403] feature=best_finish_percentile_at_equal_or_higher_weight   top3=52.39% winner#1=29.13% primary_delta=+0.00% trees=12 coverage(train/val)=79%/80% unique(train/val)=95/86 status=SKIPPED
  [256/403] feature=best_margin_quality_at_equal_or_higher_weight      top3=52.39% winner#1=29.13% primary_delta=+0.00% trees=12 coverage(train/val)=79%/80% unique(train/val)=206/165 status=SKIPPED
  [257/403] feature=form_ceiling_finish_percentile_6                   top3=52.39% winner#1=29.13% primary_delta=+0.00% trees=12 coverage(train/val)=100%/100% unique(train/val)=85/76 status=SKIPPED
  [258/403] feature=form_average_finish_percentile_6                   top3=52.40% winner#1=29.60% primary_delta=+0.01% trees=22 coverage(train/val)=100%/100% unique(train/val)=11849/6750 status=SKIPPED
  [259/403] feature=form_consistency_finish_percentile_6               top3=52.09% winner#1=30.27% primary_delta=-0.30% trees=32 coverage(train/val)=99%/100% unique(train/val)=15090/7942 status=SKIPPED
  [260/403] feature=form_ceiling_minus_average                         top3=52.39% winner#1=29.13% primary_delta=+0.00% trees=12 coverage(train/val)=100%/100% unique(train/val)=11325/6533 status=SKIPPED
  ROUND PROGRESS tested=260/403 above_baseline=37 equal_baseline=73 below_baseline=150 meeting_uplift=6 best_feature=recent_finish_percentile_last_minus_avg3 best_delta=+0.1926% best_trees=30
  [261/403] feature=margin_quality_ceiling_6                           top3=52.22% winner#1=29.27% primary_delta=-0.16% trees=11 coverage(train/val)=100%/100% unique(train/val)=104/89 status=SKIPPED
  [262/403] feature=margin_quality_average_6                           top3=52.20% winner#1=29.53% primary_delta=-0.19% trees=16 coverage(train/val)=100%/100% unique(train/val)=15738/8125 status=SKIPPED
  [263/403] feature=margin_quality_consistency_6                       top3=52.42% winner#1=30.53% primary_delta=+0.04% trees=37 coverage(train/val)=99%/100% unique(train/val)=15681/8103 status=SKIPPED
  [264/403] feature=best_run_recency_index                             top3=52.39% winner#1=29.13% primary_delta=+0.00% trees=12 coverage(train/val)=100%/100% unique(train/val)=6/6 status=SKIPPED
  [265/403] feature=second_best_run_recency_index                      top3=52.39% winner#1=29.13% primary_delta=+0.00% trees=12 coverage(train/val)=99%/100% unique(train/val)=6/6 status=SKIPPED
  [266/403] feature=best_run_is_last_start                             top3=52.39% winner#1=29.13% primary_delta=+0.00% trees=12 coverage(train/val)=100%/100% unique(train/val)=2/2 status=SKIPPED
  [267/403] feature=best_run_within_last_2                             top3=52.39% winner#1=29.13% primary_delta=+0.00% trees=12 coverage(train/val)=100%/100% unique(train/val)=2/2 status=SKIPPED
  [268/403] feature=best_run_within_last_3                             top3=52.39% winner#1=29.13% primary_delta=+0.00% trees=12 coverage(train/val)=100%/100% unique(train/val)=2/2 status=SKIPPED
  [269/403] feature=recent3_vs_career_finish_percentile                top3=52.39% winner#1=29.13% primary_delta=+0.00% trees=12 coverage(train/val)=0%/0% unique(train/val)=0/0 status=SKIPPED
  [270/403] feature=recent6_vs_career_finish_percentile                top3=52.39% winner#1=29.13% primary_delta=+0.00% trees=12 coverage(train/val)=0%/0% unique(train/val)=0/0 status=SKIPPED
  ROUND PROGRESS tested=270/403 above_baseline=38 equal_baseline=80 below_baseline=152 meeting_uplift=6 best_feature=recent_finish_percentile_last_minus_avg3 best_delta=+0.1926% best_trees=30
  [271/403] feature=recent3_vs_career_place_rate                       top3=52.32% winner#1=29.40% primary_delta=-0.07% trees=24 coverage(train/val)=100%/100% unique(train/val)=1506/1178 status=SKIPPED
  [272/403] feature=recent6_vs_career_place_rate                       top3=52.24% winner#1=29.73% primary_delta=-0.15% trees=9 coverage(train/val)=100%/100% unique(train/val)=1662/1262 status=SKIPPED
  [273/403] feature=recent_form_vs_career_form                         top3=52.32% winner#1=29.40% primary_delta=-0.07% trees=24 coverage(train/val)=100%/100% unique(train/val)=1506/1178 status=SKIPPED
  [274/403] feature=same_track_runs                                    top3=52.39% winner#1=29.13% primary_delta=+0.00% trees=12 coverage(train/val)=100%/100% unique(train/val)=7/7 status=SKIPPED
  [275/403] feature=same_track_margin_quality                          top3=52.00% winner#1=29.93% primary_delta=-0.39% trees=52 coverage(train/val)=54%/54% unique(train/val)=3947/2261 status=SKIPPED
  [276/403] feature=same_track_top3_rate                               top3=52.39% winner#1=29.13% primary_delta=+0.00% trees=12 coverage(train/val)=54%/54% unique(train/val)=13/13 status=SKIPPED
  [277/403] feature=same_track_distance_runs                           top3=51.51% winner#1=30.80% primary_delta=-0.87% trees=300 coverage(train/val)=100%/100% unique(train/val)=7/7 status=SKIPPED
  [278/403] feature=same_track_distance_finish_percentile              top3=52.38% winner#1=29.67% primary_delta=-0.01% trees=18 coverage(train/val)=34%/33% unique(train/val)=975/633 status=SKIPPED
  [279/403] feature=same_track_distance_margin_quality                 top3=52.39% winner#1=29.13% primary_delta=+0.00% trees=12 coverage(train/val)=34%/34% unique(train/val)=1601/1007 status=SKIPPED
  [280/403] feature=same_track_distance_top3_rate                      top3=52.39% winner#1=29.13% primary_delta=+0.00% trees=12 coverage(train/val)=34%/33% unique(train/val)=13/13 status=SKIPPED
  ROUND PROGRESS tested=280/403 above_baseline=38 equal_baseline=84 below_baseline=158 meeting_uplift=6 best_feature=recent_finish_percentile_last_minus_avg3 best_delta=+0.1926% best_trees=30
  [281/403] feature=condition_runs                                     top3=52.39% winner#1=29.13% primary_delta=+0.00% trees=12 coverage(train/val)=100%/100% unique(train/val)=7/7 status=SKIPPED
  [282/403] feature=condition_win_rate_smoothed                        top3=51.78% winner#1=29.73% primary_delta=-0.61% trees=112 coverage(train/val)=86%/88% unique(train/val)=251/233 status=SKIPPED
  [283/403] feature=condition_finish_percentile                        top3=52.36% winner#1=29.13% primary_delta=-0.02% trees=9 coverage(train/val)=86%/88% unique(train/val)=5525/3454 status=SKIPPED
  [284/403] feature=condition_margin_quality                           top3=52.11% winner#1=29.60% primary_delta=-0.27% trees=34 coverage(train/val)=86%/88% unique(train/val)=9557/5275 status=SKIPPED
  [285/403] feature=recent_last600_avg_3                               top3=52.40% winner#1=29.07% primary_delta=+0.01% trees=21 coverage(train/val)=82%/83% unique(train/val)=2069/1752 status=SKIPPED
  [286/403] feature=recent_last600_avg_6                               top3=52.18% winner#1=29.47% primary_delta=-0.21% trees=26 coverage(train/val)=84%/85% unique(train/val)=4001/3123 status=SKIPPED
  [287/403] feature=recent_last600_weighted_3                          top3=52.30% winner#1=29.13% primary_delta=-0.09% trees=12 coverage(train/val)=82%/83% unique(train/val)=3786/2880 status=SKIPPED
  [288/403] feature=recent_last600_weighted_6                          top3=52.07% winner#1=30.00% primary_delta=-0.32% trees=51 coverage(train/val)=84%/85% unique(train/val)=9432/5638 status=SKIPPED
  [289/403] feature=recent_last600_best_3                              top3=52.25% winner#1=29.27% primary_delta=-0.13% trees=12 coverage(train/val)=82%/83% unique(train/val)=655/596 status=SKIPPED
  [290/403] feature=recent_last600_best_6                              top3=52.36% winner#1=30.73% primary_delta=-0.02% trees=27 coverage(train/val)=84%/85% unique(train/val)=573/526 status=SKIPPED
  ROUND PROGRESS tested=290/403 above_baseline=39 equal_baseline=85 below_baseline=166 meeting_uplift=6 best_feature=recent_finish_percentile_last_minus_avg3 best_delta=+0.1926% best_trees=30
  [291/403] feature=recent_last600_std_6                               top3=52.36% winner#1=30.47% primary_delta=-0.03% trees=21 coverage(train/val)=81%/83% unique(train/val)=12365/6575 status=SKIPPED
  [292/403] feature=recent_last600_slope_3                             top3=52.24% winner#1=29.47% primary_delta=-0.14% trees=14 coverage(train/val)=74%/75% unique(train/val)=1104/968 status=SKIPPED
  [293/403] feature=recent_last600_slope_6                             top3=52.20% winner#1=29.60% primary_delta=-0.19% trees=31 coverage(train/val)=81%/83% unique(train/val)=6806/4416 status=SKIPPED
  [294/403] feature=historical_run_quality_last1                       top3=52.39% winner#1=29.53% primary_delta=+0.00% trees=23 coverage(train/val)=100%/100% unique(train/val)=13957/7293 status=SKIPPED
  [295/403] feature=historical_run_quality_avg_3                       top3=52.39% winner#1=29.20% primary_delta=+0.00% trees=13 coverage(train/val)=100%/100% unique(train/val)=15873/8176 status=SKIPPED
  [296/403] feature=historical_run_quality_weighted_3                  top3=51.98% winner#1=30.60% primary_delta=-0.41% trees=35 coverage(train/val)=100%/100% unique(train/val)=15881/8183 status=SKIPPED
  [297/403] feature=historical_run_quality_weighted_6                  top3=52.11% winner#1=29.47% primary_delta=-0.27% trees=11 coverage(train/val)=100%/100% unique(train/val)=15893/8183 status=SKIPPED
  [298/403] feature=historical_run_quality_best_3                      top3=52.38% winner#1=29.40% primary_delta=-0.01% trees=15 coverage(train/val)=100%/100% unique(train/val)=11820/6381 status=SKIPPED
  [299/403] feature=historical_run_quality_slope_3                     top3=52.11% winner#1=30.00% primary_delta=-0.27% trees=51 coverage(train/val)=99%/100% unique(train/val)=15756/8117 status=SKIPPED
  [300/403] feature=hidden_sectional_run_last1                         top3=52.22% winner#1=29.40% primary_delta=-0.16% trees=21 coverage(train/val)=71%/71% unique(train/val)=9577/4961 status=SKIPPED
  ROUND PROGRESS tested=300/403 above_baseline=39 equal_baseline=87 below_baseline=174 meeting_uplift=6 best_feature=recent_finish_percentile_last_minus_avg3 best_delta=+0.1926% best_trees=30
  [301/403] feature=hidden_sectional_run_avg_3                         top3=52.19% winner#1=29.73% primary_delta=-0.20% trees=16 coverage(train/val)=82%/83% unique(train/val)=12659/6614 status=SKIPPED
  [302/403] feature=hidden_sectional_run_best_3                        top3=52.16% winner#1=29.67% primary_delta=-0.23% trees=24 coverage(train/val)=82%/83% unique(train/val)=11267/6215 status=SKIPPED
  [303/403] feature=sectional_ceiling_6                                top3=52.04% winner#1=29.87% primary_delta=-0.34% trees=93 coverage(train/val)=84%/85% unique(train/val)=6023/4068 status=SKIPPED
  [304/403] feature=sectional_average_6                                top3=52.36% winner#1=30.20% primary_delta=-0.03% trees=110 coverage(train/val)=84%/85% unique(train/val)=13186/6915 status=SKIPPED
  [305/403] feature=sectional_consistency_6                            top3=52.42% winner#1=29.67% primary_delta=+0.04% trees=25 coverage(train/val)=81%/83% unique(train/val)=12709/6720 status=SKIPPED
  [306/403] feature=class_change_last_run                              top3=52.33% winner#1=29.13% primary_delta=-0.05% trees=11 coverage(train/val)=73%/73% unique(train/val)=110/89 status=SKIPPED
  [307/403] feature=class_step_up                                      top3=52.39% winner#1=29.13% primary_delta=+0.00% trees=12 coverage(train/val)=73%/73% unique(train/val)=55/41 status=SKIPPED
  [308/403] feature=class_step_down                                    top3=52.33% winner#1=29.13% primary_delta=-0.05% trees=11 coverage(train/val)=73%/73% unique(train/val)=56/49 status=SKIPPED
  [309/403] feature=recent_class_avg_3                                 top3=52.22% winner#1=29.87% primary_delta=-0.16% trees=21 coverage(train/val)=98%/98% unique(train/val)=238/210 status=SKIPPED
  [310/403] feature=recent_class_weighted_6                            top3=52.11% winner#1=29.73% primary_delta=-0.27% trees=31 coverage(train/val)=99%/100% unique(train/val)=3251/2361 status=SKIPPED
  ROUND PROGRESS tested=310/403 above_baseline=40 equal_baseline=88 below_baseline=182 meeting_uplift=6 best_feature=recent_finish_percentile_last_minus_avg3 best_delta=+0.1926% best_trees=30
  [311/403] feature=recent_best_class                                  top3=52.39% winner#1=29.13% primary_delta=+0.00% trees=12 coverage(train/val)=99%/100% unique(train/val)=42/39 status=SKIPPED
  [312/403] feature=performance_at_current_or_stronger_class           top3=52.39% winner#1=29.13% primary_delta=+0.00% trees=12 coverage(train/val)=69%/69% unique(train/val)=6360/3500 status=SKIPPED
  [313/403] feature=best_finish_percentile_at_stronger_class           top3=52.13% winner#1=29.93% primary_delta=-0.25% trees=54 coverage(train/val)=69%/69% unique(train/val)=99/90 status=SKIPPED
  [314/403] feature=best_margin_quality_at_stronger_class              top3=52.33% winner#1=29.13% primary_delta=-0.05% trees=15 coverage(train/val)=69%/69% unique(train/val)=199/166 status=SKIPPED
  [315/403] feature=class_adjusted_finish_percentile_last1             top3=52.50% winner#1=29.33% primary_delta=+0.11% trees=19 coverage(train/val)=73%/73% unique(train/val)=2730/1670 status=IMPROVES
  [316/403] feature=class_adjusted_finish_percentile_weighted_3        top3=52.33% winner#1=29.47% primary_delta=-0.05% trees=24 coverage(train/val)=81%/81% unique(train/val)=10213/5539 status=SKIPPED
  [317/403] feature=class_adjusted_finish_percentile_weighted_6        top3=52.39% winner#1=29.13% primary_delta=+0.00% trees=12 coverage(train/val)=82%/81% unique(train/val)=12700/6581 status=SKIPPED
  [318/403] feature=class_adjusted_margin_quality_weighted_3           top3=52.39% winner#1=29.73% primary_delta=+0.00% trees=13 coverage(train/val)=81%/81% unique(train/val)=12519/6443 status=SKIPPED
  [319/403] feature=class_adjusted_margin_quality_weighted_6           top3=52.22% winner#1=29.47% primary_delta=-0.16% trees=27 coverage(train/val)=82%/81% unique(train/val)=13000/6645 status=SKIPPED
  [320/403] feature=jockey_trainer_history_runs                        top3=51.79% winner#1=29.53% primary_delta=-0.60% trees=16 coverage(train/val)=74%/73% unique(train/val)=124/95 status=SKIPPED
  ROUND PROGRESS tested=320/403 above_baseline=41 equal_baseline=92 below_baseline=187 meeting_uplift=7 best_feature=recent_finish_percentile_last_minus_avg3 best_delta=+0.1926% best_trees=30
  [321/403] feature=jockey_trainer_history_wins                        top3=52.39% winner#1=29.27% primary_delta=+0.00% trees=12 coverage(train/val)=74%/73% unique(train/val)=34/29 status=SKIPPED
  [322/403] feature=jockey_trainer_history_top3                        top3=52.27% winner#1=29.53% primary_delta=-0.11% trees=12 coverage(train/val)=74%/73% unique(train/val)=69/51 status=SKIPPED
  [323/403] feature=jockey_trainer_history_win_rate                    top3=52.25% winner#1=30.44% primary_delta=-0.13% trees=9 coverage(train/val)=74%/73% unique(train/val)=429/319 status=SKIPPED
  [324/403] feature=jockey_trainer_history_top3_rate                   top3=52.11% winner#1=30.67% primary_delta=-0.27% trees=14 coverage(train/val)=74%/73% unique(train/val)=540/393 status=SKIPPED
  [325/403] feature=jockey_trainer_history_smoothed_win_rate           top3=52.52% winner#1=29.47% primary_delta=+0.13% trees=11 coverage(train/val)=74%/73% unique(train/val)=1700/1136 status=IMPROVES
  [326/403] feature=jockey_trainer_history_smoothed_top3_rate          top3=52.22% winner#1=31.00% primary_delta=-0.16% trees=20 coverage(train/val)=74%/73% unique(train/val)=1853/1231 status=SKIPPED
  [327/403] feature=jockey_trainer_history_win_excess                  top3=52.00% winner#1=30.27% primary_delta=-0.39% trees=45 coverage(train/val)=74%/73% unique(train/val)=1733/1182 status=SKIPPED
  [328/403] feature=jockey_trainer_synergy                             top3=52.45% winner#1=29.80% primary_delta=+0.07% trees=8 coverage(train/val)=74%/73% unique(train/val)=11349/5812 status=SKIPPED
  [329/403] feature=current_form_strength                              top3=52.24% winner#1=29.53% primary_delta=-0.14% trees=25 coverage(train/val)=100%/100% unique(train/val)=15887/8180 status=SKIPPED
  [330/403] feature=recent_finish_percentile_weighted_3_rank_in_race   top3=52.40% winner#1=29.80% primary_delta=+0.01% trees=23 coverage(train/val)=100%/100% unique(train/val)=18/18 status=SKIPPED
  ROUND PROGRESS tested=330/403 above_baseline=44 equal_baseline=93 below_baseline=193 meeting_uplift=8 best_feature=recent_finish_percentile_last_minus_avg3 best_delta=+0.1926% best_trees=30
  [331/403] feature=recent_finish_percentile_weighted_3_pct_in_race    top3=52.39% winner#1=29.13% primary_delta=+0.00% trees=12 coverage(train/val)=100%/100% unique(train/val)=97/97 status=SKIPPED
  [332/403] feature=recent_finish_percentile_weighted_3_minus_race_mean top3=52.39% winner#1=29.13% primary_delta=+0.00% trees=12 coverage(train/val)=100%/100% unique(train/val)=15824/8137 status=SKIPPED
  [333/403] feature=recent_finish_percentile_weighted_3_minus_race_median top3=52.03% winner#1=29.33% primary_delta=-0.36% trees=16 coverage(train/val)=100%/100% unique(train/val)=13911/7491 status=SKIPPED
  [334/403] feature=recent_finish_percentile_weighted_3_zscore_in_race top3=51.96% winner#1=29.47% primary_delta=-0.43% trees=26 coverage(train/val)=100%/100% unique(train/val)=15832/8141 status=SKIPPED
  [335/403] feature=recent_finish_percentile_weighted_3_gap_to_best    top3=52.16% winner#1=29.27% primary_delta=-0.23% trees=25 coverage(train/val)=100%/100% unique(train/val)=11268/6277 status=SKIPPED
  [336/403] feature=recent_finish_percentile_weighted_6_rank_in_race   top3=52.39% winner#1=29.13% primary_delta=+0.00% trees=12 coverage(train/val)=100%/100% unique(train/val)=18/18 status=SKIPPED
  [337/403] feature=recent_finish_percentile_weighted_6_pct_in_race    top3=52.39% winner#1=29.13% primary_delta=+0.00% trees=12 coverage(train/val)=100%/100% unique(train/val)=97/97 status=SKIPPED
  [338/403] feature=recent_finish_percentile_weighted_6_minus_race_mean top3=52.39% winner#1=29.13% primary_delta=+0.00% trees=12 coverage(train/val)=100%/100% unique(train/val)=15899/8183 status=SKIPPED
  [339/403] feature=recent_finish_percentile_weighted_6_minus_race_median top3=52.38% winner#1=29.40% primary_delta=-0.01% trees=27 coverage(train/val)=100%/100% unique(train/val)=15131/7828 status=SKIPPED
  [340/403] feature=recent_finish_percentile_weighted_6_zscore_in_race top3=52.39% winner#1=29.13% primary_delta=+0.00% trees=12 coverage(train/val)=100%/100% unique(train/val)=15905/8185 status=SKIPPED
  ROUND PROGRESS tested=340/403 above_baseline=44 equal_baseline=99 below_baseline=197 meeting_uplift=8 best_feature=recent_finish_percentile_last_minus_avg3 best_delta=+0.1926% best_trees=30
  [341/403] feature=recent_finish_percentile_weighted_6_gap_to_best    top3=52.04% winner#1=29.93% primary_delta=-0.34% trees=73 coverage(train/val)=100%/100% unique(train/val)=14257/7379 status=SKIPPED
  [342/403] feature=recent_margin_quality_weighted_3_rank_in_race      top3=52.27% winner#1=29.73% primary_delta=-0.12% trees=19 coverage(train/val)=100%/100% unique(train/val)=18/18 status=SKIPPED
  [343/403] feature=recent_margin_quality_weighted_3_pct_in_race       top3=52.11% winner#1=30.13% primary_delta=-0.27% trees=49 coverage(train/val)=100%/100% unique(train/val)=97/97 status=SKIPPED
  [344/403] feature=recent_margin_quality_weighted_3_minus_race_mean   top3=52.31% winner#1=29.47% primary_delta=-0.07% trees=59 coverage(train/val)=100%/100% unique(train/val)=15894/8173 status=SKIPPED
  [345/403] feature=recent_margin_quality_weighted_3_minus_race_median top3=52.42% winner#1=29.47% primary_delta=+0.04% trees=27 coverage(train/val)=100%/100% unique(train/val)=15204/7839 status=SKIPPED
  [346/403] feature=recent_margin_quality_weighted_3_zscore_in_race    top3=52.16% winner#1=29.20% primary_delta=-0.22% trees=17 coverage(train/val)=100%/100% unique(train/val)=15895/8177 status=SKIPPED
  [347/403] feature=recent_margin_quality_weighted_3_gap_to_best       top3=52.41% winner#1=29.27% primary_delta=+0.02% trees=20 coverage(train/val)=100%/100% unique(train/val)=14388/7418 status=SKIPPED
  [348/403] feature=historical_market_overperformance_weighted_3_rank_in_race top3=52.22% winner#1=31.40% primary_delta=-0.16% trees=77 coverage(train/val)=99%/99% unique(train/val)=18/18 status=SKIPPED
  [349/403] feature=historical_market_overperformance_weighted_3_pct_in_race top3=51.84% winner#1=30.13% primary_delta=-0.54% trees=64 coverage(train/val)=99%/99% unique(train/val)=97/97 status=SKIPPED
  [350/403] feature=historical_market_overperformance_weighted_3_minus_race_mean top3=52.00% winner#1=30.60% primary_delta=-0.39% trees=64 coverage(train/val)=99%/99% unique(train/val)=15802/8117 status=SKIPPED
  ROUND PROGRESS tested=350/403 above_baseline=46 equal_baseline=99 below_baseline=205 meeting_uplift=8 best_feature=recent_finish_percentile_last_minus_avg3 best_delta=+0.1926% best_trees=30
  [351/403] feature=historical_market_overperformance_weighted_3_minus_race_median top3=52.40% winner#1=29.87% primary_delta=+0.01% trees=64 coverage(train/val)=99%/99% unique(train/val)=15108/7774 status=SKIPPED
  [352/403] feature=historical_market_overperformance_weighted_3_zscore_in_race top3=52.30% winner#1=29.80% primary_delta=-0.09% trees=9 coverage(train/val)=99%/99% unique(train/val)=15812/8117 status=SKIPPED
  [353/403] feature=historical_market_overperformance_weighted_3_gap_to_best top3=52.19% winner#1=29.87% primary_delta=-0.20% trees=13 coverage(train/val)=99%/99% unique(train/val)=14345/7367 status=SKIPPED
  [354/403] feature=hidden_sectional_run_best_3_rank_in_race           top3=52.24% winner#1=29.27% primary_delta=-0.15% trees=24 coverage(train/val)=82%/83% unique(train/val)=18/18 status=SKIPPED
  [355/403] feature=hidden_sectional_run_best_3_pct_in_race            top3=52.36% winner#1=29.27% primary_delta=-0.02% trees=12 coverage(train/val)=82%/83% unique(train/val)=97/97 status=SKIPPED
  [356/403] feature=hidden_sectional_run_best_3_minus_race_mean        top3=52.22% winner#1=30.13% primary_delta=-0.16% trees=44 coverage(train/val)=82%/83% unique(train/val)=12984/6763 status=SKIPPED
  [357/403] feature=hidden_sectional_run_best_3_zscore_in_race         top3=52.31% winner#1=29.60% primary_delta=-0.07% trees=17 coverage(train/val)=82%/83% unique(train/val)=12983/6762 status=SKIPPED
  [358/403] feature=hidden_sectional_run_best_3_gap_to_best            top3=52.14% winner#1=29.47% primary_delta=-0.24% trees=21 coverage(train/val)=82%/83% unique(train/val)=11681/6105 status=SKIPPED
  [359/403] feature=similar_distance_finish_percentile_weighted_rank_in_race top3=52.39% winner#1=29.13% primary_delta=+0.00% trees=12 coverage(train/val)=87%/88% unique(train/val)=18/17 status=SKIPPED
  [360/403] feature=similar_distance_finish_percentile_weighted_pct_in_race top3=51.99% winner#1=29.93% primary_delta=-0.40% trees=18 coverage(train/val)=87%/88% unique(train/val)=95/81 status=SKIPPED
  ROUND PROGRESS tested=360/403 above_baseline=47 equal_baseline=100 below_baseline=213 meeting_uplift=8 best_feature=recent_finish_percentile_last_minus_avg3 best_delta=+0.1926% best_trees=30
  [361/403] feature=similar_distance_finish_percentile_weighted_minus_race_mean top3=52.36% winner#1=29.80% primary_delta=-0.02% trees=8 coverage(train/val)=87%/88% unique(train/val)=13701/7109 status=SKIPPED
  [362/403] feature=similar_distance_finish_percentile_weighted_minus_race_median top3=52.09% winner#1=29.60% primary_delta=-0.30% trees=103 coverage(train/val)=87%/88% unique(train/val)=12603/6608 status=SKIPPED
  [363/403] feature=similar_distance_finish_percentile_weighted_zscore_in_race top3=52.22% winner#1=30.27% primary_delta=-0.16% trees=79 coverage(train/val)=87%/88% unique(train/val)=13705/7109 status=SKIPPED
  [364/403] feature=similar_distance_finish_percentile_weighted_gap_to_best top3=52.25% winner#1=29.80% primary_delta=-0.13% trees=7 coverage(train/val)=87%/88% unique(train/val)=10010/5327 status=SKIPPED
  [365/403] feature=class_adjusted_finish_percentile_weighted_3_rank_in_race top3=52.38% winner#1=29.60% primary_delta=-0.01% trees=24 coverage(train/val)=81%/81% unique(train/val)=18/18 status=SKIPPED
  [366/403] feature=class_adjusted_finish_percentile_weighted_3_pct_in_race top3=52.33% winner#1=29.40% primary_delta=-0.05% trees=25 coverage(train/val)=81%/81% unique(train/val)=97/97 status=SKIPPED
  [367/403] feature=class_adjusted_finish_percentile_weighted_3_minus_race_mean top3=52.39% winner#1=29.13% primary_delta=+0.00% trees=12 coverage(train/val)=81%/81% unique(train/val)=12881/6585 status=SKIPPED
  [368/403] feature=class_adjusted_finish_percentile_weighted_3_minus_race_median top3=52.39% winner#1=29.13% primary_delta=+0.00% trees=12 coverage(train/val)=81%/81% unique(train/val)=12207/6268 status=SKIPPED
  [369/403] feature=class_adjusted_finish_percentile_weighted_3_zscore_in_race top3=52.17% winner#1=29.44% primary_delta=-0.21% trees=14 coverage(train/val)=81%/81% unique(train/val)=12882/6587 status=SKIPPED
  [370/403] feature=class_adjusted_finish_percentile_weighted_3_gap_to_best top3=52.29% winner#1=29.40% primary_delta=-0.10% trees=30 coverage(train/val)=81%/81% unique(train/val)=11385/5879 status=SKIPPED
  ROUND PROGRESS tested=370/403 above_baseline=47 equal_baseline=102 below_baseline=221 meeting_uplift=8 best_feature=recent_finish_percentile_last_minus_avg3 best_delta=+0.1926% best_trees=30
  [371/403] feature=jockey_trainer_history_smoothed_top3_rate_rank_in_race top3=52.39% winner#1=29.13% primary_delta=+0.00% trees=12 coverage(train/val)=74%/73% unique(train/val)=16/16 status=SKIPPED
  [372/403] feature=jockey_trainer_history_smoothed_top3_rate_pct_in_race top3=52.36% winner#1=29.47% primary_delta=-0.03% trees=26 coverage(train/val)=74%/73% unique(train/val)=73/73 status=SKIPPED
  [373/403] feature=jockey_trainer_history_smoothed_top3_rate_minus_race_mean top3=52.07% winner#1=30.07% primary_delta=-0.32% trees=38 coverage(train/val)=74%/73% unique(train/val)=10298/5247 status=SKIPPED
  [374/403] feature=jockey_trainer_history_smoothed_top3_rate_minus_race_median top3=52.39% winner#1=29.13% primary_delta=+0.00% trees=12 coverage(train/val)=74%/73% unique(train/val)=7137/3881 status=SKIPPED
  [375/403] feature=jockey_trainer_history_smoothed_top3_rate_zscore_in_race top3=52.02% winner#1=31.20% primary_delta=-0.36% trees=7 coverage(train/val)=74%/73% unique(train/val)=10305/5240 status=SKIPPED
  [376/403] feature=jockey_trainer_history_smoothed_top3_rate_gap_to_best top3=51.91% winner#1=30.73% primary_delta=-0.47% trees=115 coverage(train/val)=74%/73% unique(train/val)=6669/3567 status=SKIPPED
  [377/403] feature=current_form_strength_rank_in_race                 top3=52.39% winner#1=29.13% primary_delta=+0.00% trees=12 coverage(train/val)=100%/100% unique(train/val)=18/18 status=SKIPPED
  [378/403] feature=current_form_strength_pct_in_race                  top3=52.20% winner#1=29.60% primary_delta=-0.19% trees=23 coverage(train/val)=100%/100% unique(train/val)=97/97 status=SKIPPED
  [379/403] feature=current_form_strength_minus_race_mean              top3=52.23% winner#1=29.33% primary_delta=-0.16% trees=19 coverage(train/val)=100%/100% unique(train/val)=15910/8189 status=SKIPPED
  [380/403] feature=current_form_strength_minus_race_median            top3=52.25% winner#1=29.60% primary_delta=-0.13% trees=22 coverage(train/val)=100%/100% unique(train/val)=15223/7853 status=SKIPPED
  ROUND PROGRESS tested=380/403 above_baseline=47 equal_baseline=105 below_baseline=228 meeting_uplift=8 best_feature=recent_finish_percentile_last_minus_avg3 best_delta=+0.1926% best_trees=30
  [381/403] feature=current_form_strength_zscore_in_race               top3=52.40% winner#1=29.20% primary_delta=+0.01% trees=11 coverage(train/val)=100%/100% unique(train/val)=15913/8189 status=SKIPPED
  [382/403] feature=margin_rank_minus_market_rank                      top3=52.38% winner#1=29.60% primary_delta=-0.01% trees=22 coverage(train/val)=100%/100% unique(train/val)=31/29 status=SKIPPED
  [383/403] feature=margin_market_rank_abs_gap                         top3=52.39% winner#1=29.13% primary_delta=+0.00% trees=12 coverage(train/val)=100%/100% unique(train/val)=16/15 status=SKIPPED
  [384/403] feature=distance_speed_rank_minus_market_rank              top3=52.39% winner#1=29.13% primary_delta=+0.00% trees=12 coverage(train/val)=95%/95% unique(train/val)=32/31 status=SKIPPED
  [385/403] feature=distance_speed_market_rank_abs_gap                 top3=52.39% winner#1=29.20% primary_delta=+0.00% trees=13 coverage(train/val)=95%/95% unique(train/val)=17/17 status=SKIPPED
  [386/403] feature=jockey_rank_minus_market_rank                      top3=52.00% winner#1=29.87% primary_delta=-0.39% trees=53 coverage(train/val)=57%/57% unique(train/val)=26/25 status=SKIPPED
  [387/403] feature=jockey_market_rank_abs_gap                         top3=52.39% winner#1=29.13% primary_delta=+0.00% trees=12 coverage(train/val)=57%/57% unique(train/val)=17/16 status=SKIPPED
  [388/403] feature=career_rank_minus_market_rank                      top3=52.04% winner#1=30.27% primary_delta=-0.34% trees=11 coverage(train/val)=100%/100% unique(train/val)=33/30 status=SKIPPED
  [389/403] feature=career_market_rank_abs_gap                         top3=52.00% winner#1=31.07% primary_delta=-0.39% trees=70 coverage(train/val)=100%/100% unique(train/val)=19/16 status=SKIPPED
  [390/403] feature=prize_money_rank_minus_market_rank                 top3=52.21% winner#1=29.40% primary_delta=-0.18% trees=15 coverage(train/val)=100%/100% unique(train/val)=34/32 status=SKIPPED
  ROUND PROGRESS tested=390/403 above_baseline=48 equal_baseline=109 below_baseline=233 meeting_uplift=8 best_feature=recent_finish_percentile_last_minus_avg3 best_delta=+0.1926% best_trees=30
  [391/403] feature=prize_money_market_rank_abs_gap                    top3=52.39% winner#1=29.13% primary_delta=+0.00% trees=12 coverage(train/val)=100%/100% unique(train/val)=19/17 status=SKIPPED
  [392/403] feature=total_prize_money                                  top3=52.18% winner#1=29.93% primary_delta=-0.21% trees=38 coverage(train/val)=100%/100% unique(train/val)=1456/748 status=SKIPPED
  [393/403] feature=race_field_avg_prize_money                         top3=52.21% winner#1=29.33% primary_delta=-0.18% trees=15 coverage(train/val)=100%/100% unique(train/val)=1457/749 status=SKIPPED
  [394/403] feature=race_field_max_prize_money                         top3=52.32% winner#1=29.20% primary_delta=-0.07% trees=13 coverage(train/val)=100%/100% unique(train/val)=1432/742 status=SKIPPED
  [395/403] feature=race_field_avg_speed_rating                        top3=52.39% winner#1=29.13% primary_delta=+0.00% trees=12 coverage(train/val)=100%/100% unique(train/val)=965/598 status=SKIPPED
  [396/403] feature=race_field_max_speed_rating                        top3=52.33% winner#1=29.47% primary_delta=-0.05% trees=18 coverage(train/val)=100%/100% unique(train/val)=46/47 status=SKIPPED
  [397/403] feature=weight_vs_field_mean                               top3=52.31% winner#1=29.53% primary_delta=-0.07% trees=19 coverage(train/val)=100%/100% unique(train/val)=1483/1239 status=SKIPPED
  [398/403] feature=num_scratchings                                    top3=52.39% winner#1=29.13% primary_delta=+0.00% trees=12 coverage(train/val)=100%/100% unique(train/val)=15/15 status=SKIPPED
  [399/403] feature=preparation_run_number                             top3=52.39% winner#1=29.13% primary_delta=+0.00% trees=12 coverage(train/val)=100%/100% unique(train/val)=7/7 status=SKIPPED
  [400/403] feature=runs_this_preparation_before_race                  top3=52.39% winner#1=29.13% primary_delta=+0.00% trees=12 coverage(train/val)=100%/100% unique(train/val)=7/7 status=SKIPPED
  ROUND PROGRESS tested=400/403 above_baseline=48 equal_baseline=114 below_baseline=238 meeting_uplift=8 best_feature=recent_finish_percentile_last_minus_avg3 best_delta=+0.1926% best_trees=30
  [401/403] feature=first_up_flag                                      top3=52.39% winner#1=29.13% primary_delta=+0.00% trees=12 coverage(train/val)=100%/100% unique(train/val)=2/2 status=SKIPPED
  [402/403] feature=second_up_flag                                     top3=52.39% winner#1=29.13% primary_delta=+0.00% trees=12 coverage(train/val)=100%/100% unique(train/val)=2/2 status=SKIPPED
  [403/403] feature=third_up_flag                                      top3=52.39% winner#1=29.13% primary_delta=+0.00% trees=12 coverage(train/val)=100%/100% unique(train/val)=2/2 status=SKIPPED
  ROUND PROGRESS tested=403/403 above_baseline=48 equal_baseline=117 below_baseline=238 meeting_uplift=8 best_feature=recent_finish_percentile_last_minus_avg3 best_delta=+0.1926% best_trees=30
ROUND SUMMARY round=1 tested=403 above_baseline=48 equal_baseline=117 below_baseline=238 meeting_uplift=8 best_delta=+0.1926% worst_delta=-0.8741%
SELECTED round=1 feature=recent_finish_percentile_last_minus_avg3 new_top3=52.58% total_features=17

FORWARD ROUND 2 baseline_top3=52.58% remaining=402
  [  1/402] feature=distance_m                                         top3=52.42% winner#1=29.40% primary_delta=-0.16% trees=26 coverage(train/val)=100%/100% unique(train/val)=140/93 status=SKIPPED
  [  2/402] feature=field_size                                         top3=52.38% winner#1=29.47% primary_delta=-0.20% trees=30 coverage(train/val)=100%/100% unique(train/val)=20/20 status=SKIPPED
  [  3/402] feature=active_field_size                                  top3=52.27% winner#1=29.73% primary_delta=-0.31% trees=64 coverage(train/val)=100%/100% unique(train/val)=15/14 status=SKIPPED
  [  4/402] feature=draw_number                                        top3=52.16% winner#1=29.67% primary_delta=-0.42% trees=33 coverage(train/val)=100%/100% unique(train/val)=24/24 status=SKIPPED
  [  5/402] feature=weight_kg                                          top3=52.47% winner#1=29.27% primary_delta=-0.11% trees=21 coverage(train/val)=100%/100% unique(train/val)=46/39 status=SKIPPED
  [  6/402] feature=age                                                top3=52.58% winner#1=29.33% primary_delta=+0.00% trees=30 coverage(train/val)=100%/100% unique(train/val)=11/11 status=SKIPPED
  [  7/402] feature=speed_rating                                       top3=52.58% winner#1=29.33% primary_delta=+0.00% trees=30 coverage(train/val)=100%/100% unique(train/val)=101/101 status=SKIPPED
  [  8/402] feature=dry_rating                                         top3=52.31% winner#1=29.87% primary_delta=-0.27% trees=31 coverage(train/val)=100%/100% unique(train/val)=96/63 status=SKIPPED
  [  9/402] feature=wet_rating                                         top3=52.31% winner#1=29.87% primary_delta=-0.27% trees=31 coverage(train/val)=100%/100% unique(train/val)=96/63 status=SKIPPED
  [ 10/402] feature=win_percentage                                     top3=52.22% winner#1=29.67% primary_delta=-0.36% trees=89 coverage(train/val)=100%/100% unique(train/val)=532/430 status=SKIPPED
  ROUND PROGRESS tested=10/402 above_baseline=0 equal_baseline=2 below_baseline=8 meeting_uplift=0 best_feature=age best_delta=+0.0000% best_trees=30
  [ 11/402] feature=place_percentage                                   top3=52.47% winner#1=29.53% primary_delta=-0.10% trees=25 coverage(train/val)=100%/100% unique(train/val)=789/624 status=SKIPPED
  [ 12/402] feature=prize_money                                        top3=52.09% winner#1=29.93% primary_delta=-0.49% trees=90 coverage(train/val)=100%/100% unique(train/val)=13161/7367 status=SKIPPED
  [ 13/402] feature=career_wins                                        top3=52.58% winner#1=29.33% primary_delta=+0.00% trees=30 coverage(train/val)=100%/100% unique(train/val)=21/18 status=SKIPPED
  [ 14/402] feature=career_seconds                                     top3=52.00% winner#1=30.13% primary_delta=-0.58% trees=111 coverage(train/val)=100%/100% unique(train/val)=22/21 status=SKIPPED
  [ 15/402] feature=career_thirds                                      top3=52.58% winner#1=29.33% primary_delta=+0.00% trees=30 coverage(train/val)=100%/100% unique(train/val)=20/20 status=SKIPPED
  [ 16/402] feature=good_starts                                        top3=52.29% winner#1=29.53% primary_delta=-0.29% trees=54 coverage(train/val)=100%/100% unique(train/val)=81/79 status=SKIPPED
  [ 17/402] feature=good_wins                                          top3=52.18% winner#1=29.93% primary_delta=-0.40% trees=103 coverage(train/val)=100%/100% unique(train/val)=17/15 status=SKIPPED
  [ 18/402] feature=soft_starts                                        top3=52.58% winner#1=29.33% primary_delta=+0.00% trees=30 coverage(train/val)=100%/100% unique(train/val)=53/45 status=SKIPPED
  [ 19/402] feature=soft_wins                                          top3=52.36% winner#1=29.73% primary_delta=-0.22% trees=43 coverage(train/val)=100%/100% unique(train/val)=11/10 status=SKIPPED
  [ 20/402] feature=heavy_starts                                       top3=52.38% winner#1=29.80% primary_delta=-0.20% trees=22 coverage(train/val)=100%/100% unique(train/val)=39/34 status=SKIPPED
  ROUND PROGRESS tested=20/402 above_baseline=0 equal_baseline=5 below_baseline=15 meeting_uplift=0 best_feature=age best_delta=+0.0000% best_trees=30
  [ 21/402] feature=heavy_wins                                         top3=52.34% winner#1=29.80% primary_delta=-0.24% trees=18 coverage(train/val)=100%/100% unique(train/val)=9/8 status=SKIPPED
  [ 22/402] feature=distance_starts                                    top3=52.58% winner#1=29.33% primary_delta=+0.00% trees=30 coverage(train/val)=100%/100% unique(train/val)=63/57 status=SKIPPED
  [ 23/402] feature=distance_wins                                      top3=52.58% winner#1=29.33% primary_delta=+0.00% trees=30 coverage(train/val)=100%/100% unique(train/val)=13/11 status=SKIPPED
  [ 24/402] feature=track_starts                                       top3=52.04% winner#1=30.07% primary_delta=-0.53% trees=59 coverage(train/val)=100%/100% unique(train/val)=51/54 status=SKIPPED
  [ 25/402] feature=track_wins                                         top3=52.58% winner#1=29.33% primary_delta=+0.00% trees=30 coverage(train/val)=100%/100% unique(train/val)=15/14 status=SKIPPED
  [ 26/402] feature=first_up_starts                                    top3=52.58% winner#1=29.33% primary_delta=+0.00% trees=30 coverage(train/val)=100%/100% unique(train/val)=13/14 status=SKIPPED
  [ 27/402] feature=first_up_wins                                      top3=52.58% winner#1=29.33% primary_delta=+0.00% trees=30 coverage(train/val)=100%/100% unique(train/val)=7/6 status=SKIPPED
  [ 28/402] feature=second_up_starts                                   top3=52.40% winner#1=29.07% primary_delta=-0.18% trees=78 coverage(train/val)=100%/100% unique(train/val)=13/14 status=SKIPPED
  [ 29/402] feature=second_up_wins                                     top3=52.58% winner#1=29.40% primary_delta=+0.00% trees=30 coverage(train/val)=100%/100% unique(train/val)=6/6 status=SKIPPED
  [ 30/402] feature=horse_jockey_starts                                top3=52.36% winner#1=29.53% primary_delta=-0.22% trees=34 coverage(train/val)=100%/100% unique(train/val)=55/41 status=SKIPPED
  ROUND PROGRESS tested=30/402 above_baseline=0 equal_baseline=11 below_baseline=19 meeting_uplift=0 best_feature=age best_delta=+0.0000% best_trees=30
  [ 31/402] feature=horse_jockey_wins                                  top3=52.34% winner#1=29.93% primary_delta=-0.24% trees=19 coverage(train/val)=100%/100% unique(train/val)=12/11 status=SKIPPED
  [ 32/402] feature=fluc2                                              top3=52.36% winner#1=29.40% primary_delta=-0.22% trees=52 coverage(train/val)=100%/100% unique(train/val)=92/90 status=SKIPPED
  [ 33/402] feature=recent_1_place                                     top3=52.58% winner#1=29.33% primary_delta=+0.00% trees=30 coverage(train/val)=100%/100% unique(train/val)=25/20 status=SKIPPED
  [ 34/402] feature=recent_1_distance_m                                top3=52.00% winner#1=30.53% primary_delta=-0.58% trees=115 coverage(train/val)=100%/100% unique(train/val)=339/293 status=SKIPPED
  [ 35/402] feature=recent_1_weight_kg                                 top3=52.02% winner#1=29.93% primary_delta=-0.56% trees=49 coverage(train/val)=90%/90% unique(train/val)=47/44 status=SKIPPED
  [ 36/402] feature=recent_1_barrier                                   top3=52.44% winner#1=29.33% primary_delta=-0.13% trees=25 coverage(train/val)=97%/96% unique(train/val)=22/21 status=SKIPPED
  [ 37/402] feature=recent_1_track_status_value                        top3=52.31% winner#1=30.00% primary_delta=-0.27% trees=57 coverage(train/val)=52%/52% unique(train/val)=10/10 status=SKIPPED
  [ 38/402] feature=recent_1_starting_price                            top3=52.31% winner#1=30.53% primary_delta=-0.27% trees=40 coverage(train/val)=90%/90% unique(train/val)=592/432 status=SKIPPED
  [ 39/402] feature=recent_1_margin                                    top3=52.42% winner#1=29.73% primary_delta=-0.16% trees=25 coverage(train/val)=100%/100% unique(train/val)=316/256 status=SKIPPED
  [ 40/402] feature=recent_1_total_runners                             top3=52.49% winner#1=29.27% primary_delta=-0.09% trees=30 coverage(train/val)=100%/100% unique(train/val)=19/19 status=SKIPPED
  ROUND PROGRESS tested=40/402 above_baseline=0 equal_baseline=12 below_baseline=28 meeting_uplift=0 best_feature=age best_delta=+0.0000% best_trees=30
  [ 41/402] feature=recent_2_place                                     top3=52.13% winner#1=30.73% primary_delta=-0.44% trees=99 coverage(train/val)=99%/100% unique(train/val)=25/21 status=SKIPPED
  [ 42/402] feature=recent_2_distance_m                                top3=52.58% winner#1=29.33% primary_delta=+0.00% trees=30 coverage(train/val)=99%/100% unique(train/val)=376/330 status=SKIPPED
  [ 43/402] feature=recent_2_weight_kg                                 top3=52.04% winner#1=30.67% primary_delta=-0.53% trees=110 coverage(train/val)=88%/86% unique(train/val)=49/45 status=SKIPPED
  [ 44/402] feature=recent_2_barrier                                   top3=52.38% winner#1=29.27% primary_delta=-0.20% trees=30 coverage(train/val)=96%/95% unique(train/val)=23/22 status=SKIPPED
  [ 45/402] feature=recent_2_track_status_value                        top3=51.82% winner#1=30.33% primary_delta=-0.76% trees=135 coverage(train/val)=54%/53% unique(train/val)=10/9 status=SKIPPED
  [ 46/402] feature=recent_2_starting_price                            top3=52.42% winner#1=29.53% primary_delta=-0.16% trees=24 coverage(train/val)=88%/86% unique(train/val)=588/426 status=SKIPPED
  [ 47/402] feature=recent_2_margin                                    top3=52.58% winner#1=29.33% primary_delta=+0.00% trees=30 coverage(train/val)=99%/100% unique(train/val)=327/259 status=SKIPPED
  [ 48/402] feature=recent_2_total_runners                             top3=52.43% winner#1=29.33% primary_delta=-0.15% trees=13 coverage(train/val)=99%/100% unique(train/val)=21/20 status=SKIPPED
  [ 49/402] feature=recent_3_place                                     top3=52.09% winner#1=29.93% primary_delta=-0.49% trees=158 coverage(train/val)=99%/99% unique(train/val)=25/24 status=SKIPPED
  [ 50/402] feature=recent_3_distance_m                                top3=52.58% winner#1=29.33% primary_delta=+0.00% trees=30 coverage(train/val)=99%/99% unique(train/val)=398/343 status=SKIPPED
  ROUND PROGRESS tested=50/402 above_baseline=0 equal_baseline=15 below_baseline=35 meeting_uplift=0 best_feature=age best_delta=+0.0000% best_trees=30
  [ 51/402] feature=recent_3_weight_kg                                 top3=52.58% winner#1=29.33% primary_delta=+0.00% trees=30 coverage(train/val)=86%/86% unique(train/val)=52/45 status=SKIPPED
  [ 52/402] feature=recent_3_barrier                                   top3=52.38% winner#1=29.67% primary_delta=-0.20% trees=36 coverage(train/val)=96%/95% unique(train/val)=23/21 status=SKIPPED
  [ 53/402] feature=recent_3_track_status_value                        top3=52.58% winner#1=29.33% primary_delta=+0.00% trees=30 coverage(train/val)=54%/54% unique(train/val)=10/9 status=SKIPPED
  [ 54/402] feature=recent_3_starting_price                            top3=52.13% winner#1=30.27% primary_delta=-0.44% trees=107 coverage(train/val)=86%/86% unique(train/val)=555/433 status=SKIPPED
  [ 55/402] feature=recent_3_margin                                    top3=52.20% winner#1=29.87% primary_delta=-0.38% trees=31 coverage(train/val)=99%/99% unique(train/val)=291/274 status=SKIPPED
  [ 56/402] feature=recent_3_total_runners                             top3=52.58% winner#1=29.33% primary_delta=+0.00% trees=30 coverage(train/val)=99%/99% unique(train/val)=21/21 status=SKIPPED
  [ 57/402] feature=recent_4_place                                     top3=52.49% winner#1=29.47% primary_delta=-0.09% trees=27 coverage(train/val)=98%/98% unique(train/val)=25/25 status=SKIPPED
  [ 58/402] feature=recent_4_distance_m                                top3=52.30% winner#1=29.33% primary_delta=-0.28% trees=15 coverage(train/val)=98%/98% unique(train/val)=398/331 status=SKIPPED
  [ 59/402] feature=recent_4_weight_kg                                 top3=52.58% winner#1=29.33% primary_delta=+0.00% trees=30 coverage(train/val)=85%/85% unique(train/val)=50/47 status=SKIPPED
  [ 60/402] feature=recent_4_barrier                                   top3=52.31% winner#1=29.93% primary_delta=-0.27% trees=39 coverage(train/val)=95%/94% unique(train/val)=22/21 status=SKIPPED
  ROUND PROGRESS tested=60/402 above_baseline=0 equal_baseline=19 below_baseline=41 meeting_uplift=0 best_feature=age best_delta=+0.0000% best_trees=30
  [ 61/402] feature=recent_4_track_status_value                        top3=52.18% winner#1=30.67% primary_delta=-0.40% trees=122 coverage(train/val)=54%/54% unique(train/val)=10/10 status=SKIPPED
  [ 62/402] feature=recent_4_starting_price                            top3=52.20% winner#1=29.67% primary_delta=-0.38% trees=41 coverage(train/val)=85%/85% unique(train/val)=541/396 status=SKIPPED
  [ 63/402] feature=recent_4_margin                                    top3=52.31% winner#1=29.33% primary_delta=-0.27% trees=31 coverage(train/val)=98%/98% unique(train/val)=303/261 status=SKIPPED
  [ 64/402] feature=recent_4_total_runners                             top3=52.30% winner#1=29.40% primary_delta=-0.28% trees=20 coverage(train/val)=98%/98% unique(train/val)=23/21 status=SKIPPED
  [ 65/402] feature=recent_5_place                                     top3=52.29% winner#1=30.60% primary_delta=-0.29% trees=36 coverage(train/val)=96%/96% unique(train/val)=22/23 status=SKIPPED
  [ 66/402] feature=recent_5_distance_m                                top3=52.13% winner#1=29.80% primary_delta=-0.44% trees=22 coverage(train/val)=96%/96% unique(train/val)=405/341 status=SKIPPED
  [ 67/402] feature=recent_5_weight_kg                                 top3=52.18% winner#1=30.47% primary_delta=-0.40% trees=135 coverage(train/val)=84%/83% unique(train/val)=49/46 status=SKIPPED
  [ 68/402] feature=recent_5_barrier                                   top3=52.32% winner#1=28.93% primary_delta=-0.26% trees=13 coverage(train/val)=93%/92% unique(train/val)=23/22 status=SKIPPED
  [ 69/402] feature=recent_5_track_status_value                        top3=52.09% winner#1=30.07% primary_delta=-0.49% trees=78 coverage(train/val)=54%/54% unique(train/val)=10/9 status=SKIPPED
  [ 70/402] feature=recent_5_starting_price                            top3=52.31% winner#1=30.93% primary_delta=-0.27% trees=108 coverage(train/val)=84%/83% unique(train/val)=518/402 status=SKIPPED
  ROUND PROGRESS tested=70/402 above_baseline=0 equal_baseline=19 below_baseline=51 meeting_uplift=0 best_feature=age best_delta=+0.0000% best_trees=30
  [ 71/402] feature=recent_5_margin                                    top3=52.36% winner#1=29.07% primary_delta=-0.21% trees=24 coverage(train/val)=96%/96% unique(train/val)=301/258 status=SKIPPED
  [ 72/402] feature=recent_5_total_runners                             top3=52.36% winner#1=29.00% primary_delta=-0.21% trees=18 coverage(train/val)=96%/96% unique(train/val)=22/20 status=SKIPPED
  [ 73/402] feature=recent_6_place                                     top3=51.78% winner#1=30.13% primary_delta=-0.80% trees=47 coverage(train/val)=94%/94% unique(train/val)=23/21 status=SKIPPED
  [ 74/402] feature=recent_6_distance_m                                top3=52.51% winner#1=29.40% primary_delta=-0.07% trees=25 coverage(train/val)=94%/94% unique(train/val)=405/335 status=SKIPPED
  [ 75/402] feature=recent_6_weight_kg                                 top3=52.47% winner#1=29.80% primary_delta=-0.10% trees=18 coverage(train/val)=83%/82% unique(train/val)=47/44 status=SKIPPED
  [ 76/402] feature=recent_6_barrier                                   top3=52.22% winner#1=29.33% primary_delta=-0.36% trees=93 coverage(train/val)=92%/91% unique(train/val)=22/23 status=SKIPPED
  [ 77/402] feature=recent_6_track_status_value                        top3=52.04% winner#1=30.73% primary_delta=-0.53% trees=107 coverage(train/val)=53%/53% unique(train/val)=10/10 status=SKIPPED
  [ 78/402] feature=recent_6_starting_price                            top3=52.19% winner#1=29.07% primary_delta=-0.39% trees=10 coverage(train/val)=83%/82% unique(train/val)=536/383 status=SKIPPED
  [ 79/402] feature=recent_6_margin                                    top3=52.22% winner#1=29.87% primary_delta=-0.36% trees=111 coverage(train/val)=94%/94% unique(train/val)=305/240 status=SKIPPED
  [ 80/402] feature=recent_6_total_runners                             top3=52.42% winner#1=29.00% primary_delta=-0.16% trees=33 coverage(train/val)=94%/94% unique(train/val)=20/21 status=SKIPPED
  ROUND PROGRESS tested=80/402 above_baseline=0 equal_baseline=19 below_baseline=61 meeting_uplift=0 best_feature=age best_delta=+0.0000% best_trees=30
  [ 81/402] feature=recent_runs_count                                  top3=52.34% winner#1=29.53% primary_delta=-0.24% trees=27 coverage(train/val)=100%/100% unique(train/val)=7/7 status=SKIPPED
  [ 82/402] feature=recent_wins                                        top3=52.42% winner#1=29.27% primary_delta=-0.16% trees=39 coverage(train/val)=100%/100% unique(train/val)=7/7 status=SKIPPED
  [ 83/402] feature=recent_places                                      top3=52.27% winner#1=29.53% primary_delta=-0.31% trees=46 coverage(train/val)=100%/100% unique(train/val)=7/7 status=SKIPPED
  [ 84/402] feature=recent_avg_place                                   top3=51.96% winner#1=30.20% primary_delta=-0.62% trees=78 coverage(train/val)=100%/100% unique(train/val)=119/106 status=SKIPPED
  [ 85/402] feature=recent_best_place                                  top3=52.18% winner#1=29.60% primary_delta=-0.40% trees=42 coverage(train/val)=100%/100% unique(train/val)=13/12 status=SKIPPED
  [ 86/402] feature=recent_avg_place_3                                 top3=52.18% winner#1=30.27% primary_delta=-0.40% trees=86 coverage(train/val)=100%/100% unique(train/val)=58/52 status=SKIPPED
  [ 87/402] feature=recent_avg_place_5                                 top3=52.36% winner#1=29.80% primary_delta=-0.21% trees=20 coverage(train/val)=100%/100% unique(train/val)=107/94 status=SKIPPED
  [ 88/402] feature=recent_win_rate_5                                  top3=52.44% winner#1=29.33% primary_delta=-0.13% trees=25 coverage(train/val)=100%/100% unique(train/val)=11/11 status=SKIPPED
  [ 89/402] feature=recent_top3_rate_5                                 top3=52.16% winner#1=29.60% primary_delta=-0.42% trees=45 coverage(train/val)=100%/100% unique(train/val)=11/11 status=SKIPPED
  [ 90/402] feature=recent_avg_margin                                  top3=52.00% winner#1=30.13% primary_delta=-0.58% trees=108 coverage(train/val)=100%/100% unique(train/val)=1399/1112 status=SKIPPED
  ROUND PROGRESS tested=90/402 above_baseline=0 equal_baseline=19 below_baseline=71 meeting_uplift=0 best_feature=age best_delta=+0.0000% best_trees=30
  [ 91/402] feature=recent_best_margin                                 top3=52.40% winner#1=30.00% primary_delta=-0.18% trees=40 coverage(train/val)=100%/100% unique(train/val)=105/90 status=SKIPPED
  [ 92/402] feature=recent_avg_margin_3                                top3=52.27% winner#1=29.87% primary_delta=-0.31% trees=56 coverage(train/val)=100%/100% unique(train/val)=868/713 status=SKIPPED
  [ 93/402] feature=recent_avg_starting_price                          top3=52.58% winner#1=29.47% primary_delta=+0.00% trees=30 coverage(train/val)=99%/99% unique(train/val)=2247/1677 status=SKIPPED
  [ 94/402] feature=recent_same_distance_runs                          top3=52.36% winner#1=29.87% primary_delta=-0.22% trees=53 coverage(train/val)=100%/100% unique(train/val)=7/7 status=SKIPPED
  [ 95/402] feature=recent_same_track_runs                             top3=52.58% winner#1=29.33% primary_delta=+0.00% trees=30 coverage(train/val)=100%/100% unique(train/val)=7/7 status=SKIPPED
  [ 96/402] feature=recent_same_condition_runs                         top3=52.58% winner#1=29.33% primary_delta=+0.00% trees=30 coverage(train/val)=100%/100% unique(train/val)=7/7 status=SKIPPED
  [ 97/402] feature=recent_days_since_last_run                         top3=52.42% winner#1=29.47% primary_delta=-0.16% trees=31 coverage(train/val)=100%/100% unique(train/val)=336/285 status=SKIPPED
  [ 98/402] feature=trackExpert                                        top3=52.31% winner#1=29.47% primary_delta=-0.27% trees=78 coverage(train/val)=23%/23% unique(train/val)=77/59 status=SKIPPED
  [ 99/402] feature=goodGroundPro                                      top3=52.40% winner#1=29.47% primary_delta=-0.18% trees=30 coverage(train/val)=23%/23% unique(train/val)=116/90 status=SKIPPED
  [100/402] feature=softGroundPro                                      top3=52.04% winner#1=30.80% primary_delta=-0.53% trees=177 coverage(train/val)=28%/28% unique(train/val)=61/44 status=SKIPPED
  ROUND PROGRESS tested=100/402 above_baseline=0 equal_baseline=22 below_baseline=78 meeting_uplift=0 best_feature=age best_delta=+0.0000% best_trees=30
  [101/402] feature=heavyGroundPro                                     top3=52.42% winner#1=29.47% primary_delta=-0.16% trees=35 coverage(train/val)=16%/15% unique(train/val)=30/25 status=SKIPPED
  [102/402] feature=freshWinner                                        top3=52.58% winner#1=29.33% primary_delta=+0.00% trees=30 coverage(train/val)=30%/30% unique(train/val)=22/19 status=SKIPPED
  [103/402] feature=secondUpWinner                                     top3=52.13% winner#1=29.93% primary_delta=-0.44% trees=61 coverage(train/val)=28%/28% unique(train/val)=18/17 status=SKIPPED
  [104/402] feature=winningPartnership                                 top3=52.22% winner#1=29.73% primary_delta=-0.36% trees=44 coverage(train/val)=16%/16% unique(train/val)=77/49 status=SKIPPED
  [105/402] feature=hotStreak                                          top3=52.58% winner#1=29.33% primary_delta=+0.00% trees=30 coverage(train/val)=16%/15% unique(train/val)=7/7 status=SKIPPED
  [106/402] feature=recentPodium                                       top3=52.40% winner#1=29.27% primary_delta=-0.18% trees=23 coverage(train/val)=31%/32% unique(train/val)=5/5 status=SKIPPED
  [107/402] feature=trackFamiliarity                                   top3=52.58% winner#1=29.33% primary_delta=+0.00% trees=30 coverage(train/val)=26%/26% unique(train/val)=9/9 status=SKIPPED
  [108/402] feature=distanceFamiliarity                                top3=52.09% winner#1=31.07% primary_delta=-0.49% trees=121 coverage(train/val)=48%/47% unique(train/val)=8/8 status=SKIPPED
  [109/402] feature=market_open_to_fluc1_move                          top3=52.27% winner#1=30.13% primary_delta=-0.31% trees=110 coverage(train/val)=100%/100% unique(train/val)=454/377 status=SKIPPED
  [110/402] feature=market_open_to_fluc2_move                          top3=52.42% winner#1=29.53% primary_delta=-0.16% trees=20 coverage(train/val)=100%/100% unique(train/val)=460/383 status=SKIPPED
  ROUND PROGRESS tested=110/402 above_baseline=0 equal_baseline=25 below_baseline=85 meeting_uplift=0 best_feature=age best_delta=+0.0000% best_trees=30
  [111/402] feature=market_fluc1_to_fluc2_move                         top3=52.58% winner#1=29.33% primary_delta=+0.00% trees=30 coverage(train/val)=100%/100% unique(train/val)=76/71 status=SKIPPED
  [112/402] feature=market_open_to_fluc1_move_pct                      top3=52.38% winner#1=29.60% primary_delta=-0.20% trees=25 coverage(train/val)=100%/100% unique(train/val)=1313/1082 status=SKIPPED
  [113/402] feature=market_open_to_fluc2_move_pct                      top3=52.62% winner#1=29.13% primary_delta=+0.04% trees=26 coverage(train/val)=100%/100% unique(train/val)=1315/1063 status=SKIPPED
  [114/402] feature=market_fluc1_to_fluc2_move_pct                     top3=52.58% winner#1=29.33% primary_delta=+0.00% trees=30 coverage(train/val)=100%/100% unique(train/val)=257/230 status=SKIPPED
  [115/402] feature=market_total_abs_movement                          top3=52.29% winner#1=29.60% primary_delta=-0.29% trees=37 coverage(train/val)=100%/100% unique(train/val)=322/274 status=SKIPPED
  [116/402] feature=market_price_range_pct                             top3=52.29% winner#1=29.73% primary_delta=-0.29% trees=34 coverage(train/val)=100%/100% unique(train/val)=1103/910 status=SKIPPED
  [117/402] feature=market_implied_prob_change_open_to_fluc2           top3=52.38% winner#1=29.20% primary_delta=-0.20% trees=28 coverage(train/val)=100%/100% unique(train/val)=1864/1499 status=SKIPPED
  [118/402] feature=market_implied_prob_change_fluc1_to_fluc2          top3=52.53% winner#1=29.47% primary_delta=-0.04% trees=28 coverage(train/val)=100%/100% unique(train/val)=350/310 status=SKIPPED
  [119/402] feature=recent_best_speed_mps                              top3=52.41% winner#1=29.87% primary_delta=-0.17% trees=24 coverage(train/val)=100%/100% unique(train/val)=3900/2927 status=SKIPPED
  [120/402] feature=recent_avg_speed_mps                               top3=52.04% winner#1=31.20% primary_delta=-0.53% trees=95 coverage(train/val)=100%/100% unique(train/val)=15820/8169 status=SKIPPED
  ROUND PROGRESS tested=120/402 above_baseline=1 equal_baseline=27 below_baseline=92 meeting_uplift=0 best_feature=market_open_to_fluc2_move_pct best_delta=+0.0444% best_trees=26
  [121/402] feature=recent_best_similar_distance_speed_mps             top3=52.27% winner#1=29.47% primary_delta=-0.30% trees=25 coverage(train/val)=95%/95% unique(train/val)=4247/3066 status=SKIPPED
  [122/402] feature=recent_avg_similar_distance_speed_mps              top3=52.27% winner#1=29.93% primary_delta=-0.30% trees=21 coverage(train/val)=95%/95% unique(train/val)=14762/7675 status=SKIPPED
  [123/402] feature=recent_weighted_avg_place                          top3=52.18% winner#1=30.07% primary_delta=-0.40% trees=88 coverage(train/val)=100%/100% unique(train/val)=15826/8148 status=SKIPPED
  [124/402] feature=recent_weighted_avg_margin                         top3=52.13% winner#1=30.00% primary_delta=-0.44% trees=56 coverage(train/val)=100%/100% unique(train/val)=15879/8176 status=SKIPPED
  [125/402] feature=recent_weighted_win_rate                           top3=52.18% winner#1=29.87% primary_delta=-0.40% trees=56 coverage(train/val)=100%/100% unique(train/val)=9603/4946 status=SKIPPED
  [126/402] feature=recent_weighted_top3_rate                          top3=52.44% winner#1=30.00% primary_delta=-0.13% trees=31 coverage(train/val)=100%/100% unique(train/val)=13905/7153 status=SKIPPED
  [127/402] feature=recent_finish_percentile_weighted                  top3=52.18% winner#1=29.73% primary_delta=-0.40% trees=89 coverage(train/val)=99%/100% unique(train/val)=15558/8043 status=SKIPPED
  [128/402] feature=recent_market_edge_weighted                        top3=52.49% winner#1=29.93% primary_delta=-0.09% trees=36 coverage(train/val)=99%/100% unique(train/val)=15541/8090 status=SKIPPED
  [129/402] feature=recent_avg_weight_kg                               top3=52.34% winner#1=30.00% primary_delta=-0.24% trees=20 coverage(train/val)=99%/100% unique(train/val)=290/258 status=SKIPPED
  [130/402] feature=recent_weighted_avg_weight_kg                      top3=52.29% winner#1=29.67% primary_delta=-0.29% trees=20 coverage(train/val)=99%/100% unique(train/val)=15452/7965 status=SKIPPED
  ROUND PROGRESS tested=130/402 above_baseline=1 equal_baseline=27 below_baseline=102 meeting_uplift=0 best_feature=market_open_to_fluc2_move_pct best_delta=+0.0444% best_trees=26
  [131/402] feature=recent_min_weight_kg                               top3=52.04% winner#1=30.67% primary_delta=-0.53% trees=115 coverage(train/val)=99%/100% unique(train/val)=37/29 status=SKIPPED
  [132/402] feature=recent_max_weight_kg                               top3=52.18% winner#1=30.00% primary_delta=-0.40% trees=88 coverage(train/val)=99%/100% unique(train/val)=50/44 status=SKIPPED
  [133/402] feature=recent_weight_range_kg                             top3=51.91% winner#1=29.87% primary_delta=-0.67% trees=102 coverage(train/val)=99%/100% unique(train/val)=41/45 status=SKIPPED
  [134/402] feature=weight_change_from_last_run                        top3=52.58% winner#1=29.33% primary_delta=+0.00% trees=30 coverage(train/val)=90%/90% unique(train/val)=63/55 status=SKIPPED
  [135/402] feature=weight_change_vs_recent_avg                        top3=52.40% winner#1=29.53% primary_delta=-0.18% trees=44 coverage(train/val)=99%/100% unique(train/val)=418/367 status=SKIPPED
  [136/402] feature=weight_change_vs_recent_weighted_avg               top3=52.24% winner#1=30.13% primary_delta=-0.33% trees=51 coverage(train/val)=99%/100% unique(train/val)=15466/7975 status=SKIPPED
  [137/402] feature=large_weight_drop_flag                             top3=52.58% winner#1=29.33% primary_delta=+0.00% trees=30 coverage(train/val)=100%/100% unique(train/val)=2/2 status=SKIPPED
  [138/402] feature=weight_drop_after_close_run_flag                   top3=52.58% winner#1=29.33% primary_delta=+0.00% trees=30 coverage(train/val)=100%/100% unique(train/val)=2/2 status=SKIPPED
  [139/402] feature=last3_win_percentage                               top3=52.04% winner#1=29.67% primary_delta=-0.53% trees=101 coverage(train/val)=100%/100% unique(train/val)=5/5 status=SKIPPED
  [140/402] feature=last3_place_percentage                             top3=52.58% winner#1=29.33% primary_delta=+0.00% trees=30 coverage(train/val)=100%/100% unique(train/val)=5/5 status=SKIPPED
  ROUND PROGRESS tested=140/402 above_baseline=1 equal_baseline=31 below_baseline=108 meeting_uplift=0 best_feature=market_open_to_fluc2_move_pct best_delta=+0.0444% best_trees=26
  [141/402] feature=open_price_rank                                    top3=52.36% winner#1=29.47% primary_delta=-0.21% trees=14 coverage(train/val)=100%/100% unique(train/val)=18/18 status=SKIPPED
  [142/402] feature=market_steam_rank                                  top3=52.58% winner#1=29.20% primary_delta=+0.00% trees=30 coverage(train/val)=100%/100% unique(train/val)=18/18 status=SKIPPED
  [143/402] feature=speed_rating_rank                                  top3=52.38% winner#1=30.07% primary_delta=-0.20% trees=37 coverage(train/val)=100%/100% unique(train/val)=18/18 status=SKIPPED
  [144/402] feature=win_percentage_rank                                top3=52.27% winner#1=30.27% primary_delta=-0.31% trees=74 coverage(train/val)=100%/100% unique(train/val)=18/18 status=SKIPPED
  [145/402] feature=place_percentage_rank                              top3=52.42% winner#1=29.27% primary_delta=-0.16% trees=26 coverage(train/val)=100%/100% unique(train/val)=18/18 status=SKIPPED
  [146/402] feature=last3_win_percentage_rank                          top3=51.64% winner#1=30.27% primary_delta=-0.93% trees=136 coverage(train/val)=100%/100% unique(train/val)=16/14 status=SKIPPED
  [147/402] feature=last3_place_percentage_rank                        top3=52.18% winner#1=29.87% primary_delta=-0.40% trees=72 coverage(train/val)=100%/100% unique(train/val)=18/16 status=SKIPPED
  [148/402] feature=recent_best_speed_rank                             top3=52.29% winner#1=30.20% primary_delta=-0.29% trees=51 coverage(train/val)=100%/100% unique(train/val)=18/18 status=SKIPPED
  [149/402] feature=recent_similar_distance_speed_rank                 top3=52.34% winner#1=29.60% primary_delta=-0.24% trees=21 coverage(train/val)=95%/95% unique(train/val)=18/17 status=SKIPPED
  [150/402] feature=recent_weighted_avg_place_rank                     top3=52.58% winner#1=29.33% primary_delta=+0.00% trees=30 coverage(train/val)=100%/100% unique(train/val)=18/18 status=SKIPPED
  ROUND PROGRESS tested=150/402 above_baseline=1 equal_baseline=33 below_baseline=116 meeting_uplift=0 best_feature=market_open_to_fluc2_move_pct best_delta=+0.0444% best_trees=26
  [151/402] feature=recent_weighted_avg_margin_rank                    top3=52.38% winner#1=29.47% primary_delta=-0.20% trees=35 coverage(train/val)=100%/100% unique(train/val)=18/18 status=SKIPPED
  [152/402] feature=recent_weighted_win_rate_rank                      top3=52.19% winner#1=29.67% primary_delta=-0.39% trees=19 coverage(train/val)=100%/100% unique(train/val)=18/16 status=SKIPPED
  [153/402] feature=recent_weighted_top3_rate_rank                     top3=52.07% winner#1=29.80% primary_delta=-0.51% trees=52 coverage(train/val)=100%/100% unique(train/val)=18/17 status=SKIPPED
  [154/402] feature=recent_finish_percentile_rank                      top3=52.58% winner#1=29.33% primary_delta=+0.00% trees=30 coverage(train/val)=99%/100% unique(train/val)=18/18 status=SKIPPED
  [155/402] feature=recent_market_edge_rank                            top3=52.24% winner#1=29.53% primary_delta=-0.33% trees=32 coverage(train/val)=99%/100% unique(train/val)=18/18 status=SKIPPED
  [156/402] feature=race_consensus_score                               top3=52.58% winner#1=29.47% primary_delta=+0.00% trees=30 coverage(train/val)=100%/100% unique(train/val)=175/165 status=SKIPPED
  [157/402] feature=race_consensus_rank                                top3=52.09% winner#1=30.20% primary_delta=-0.49% trees=106 coverage(train/val)=100%/100% unique(train/val)=18/18 status=SKIPPED
  [158/402] feature=wet_rating_rank                                    top3=52.58% winner#1=29.33% primary_delta=+0.00% trees=30 coverage(train/val)=100%/100% unique(train/val)=18/18 status=SKIPPED
  [159/402] feature=career_win_rate_rank                               top3=52.00% winner#1=30.27% primary_delta=-0.58% trees=100 coverage(train/val)=100%/100% unique(train/val)=18/18 status=SKIPPED
  [160/402] feature=career_place_rate_rank                             top3=52.21% winner#1=29.33% primary_delta=-0.37% trees=11 coverage(train/val)=100%/100% unique(train/val)=18/18 status=SKIPPED
  ROUND PROGRESS tested=160/402 above_baseline=1 equal_baseline=36 below_baseline=123 meeting_uplift=0 best_feature=market_open_to_fluc2_move_pct best_delta=+0.0444% best_trees=26
  [161/402] feature=distance_win_rate_rank                             top3=52.18% winner#1=30.13% primary_delta=-0.40% trees=92 coverage(train/val)=83%/84% unique(train/val)=17/15 status=SKIPPED
  [162/402] feature=track_win_rate_rank                                top3=52.38% winner#1=29.40% primary_delta=-0.20% trees=34 coverage(train/val)=69%/70% unique(train/val)=14/16 status=SKIPPED
  [163/402] feature=first_up_win_rate_rank                             top3=51.78% winner#1=30.00% primary_delta=-0.80% trees=101 coverage(train/val)=100%/100% unique(train/val)=17/16 status=SKIPPED
  [164/402] feature=second_up_win_rate_rank                            top3=52.53% winner#1=30.53% primary_delta=-0.04% trees=87 coverage(train/val)=98%/98% unique(train/val)=16/15 status=SKIPPED
  [165/402] feature=horse_jockey_win_rate_rank                         top3=51.78% winner#1=30.80% primary_delta=-0.80% trees=141 coverage(train/val)=57%/57% unique(train/val)=12/12 status=SKIPPED
  [166/402] feature=race_overlay_score                                 top3=52.59% winner#1=29.67% primary_delta=+0.01% trees=20 coverage(train/val)=81%/84% unique(train/val)=5792/3523 status=SKIPPED
  [167/402] feature=race_overlay_rank                                  top3=52.58% winner#1=29.33% primary_delta=+0.00% trees=30 coverage(train/val)=81%/84% unique(train/val)=18/18 status=SKIPPED
  [168/402] feature=race_signal_agreement_score                        top3=52.58% winner#1=29.33% primary_delta=+0.00% trees=30 coverage(train/val)=81%/84% unique(train/val)=7/7 status=SKIPPED
  [169/402] feature=race_signal_agreement_rank                         top3=52.58% winner#1=29.33% primary_delta=+0.00% trees=30 coverage(train/val)=81%/84% unique(train/val)=17/18 status=SKIPPED
  [170/402] feature=sectional_last600_seconds_weighted_3               top3=52.33% winner#1=29.53% primary_delta=-0.24% trees=24 coverage(train/val)=82%/83% unique(train/val)=3786/2880 status=SKIPPED
  ROUND PROGRESS tested=170/402 above_baseline=2 equal_baseline=39 below_baseline=129 meeting_uplift=0 best_feature=market_open_to_fluc2_move_pct best_delta=+0.0444% best_trees=26
  [171/402] feature=sectional_last600_seconds_weighted_6               top3=52.09% winner#1=30.73% primary_delta=-0.49% trees=100 coverage(train/val)=84%/85% unique(train/val)=9432/5638 status=SKIPPED
  [172/402] feature=sectional_last600_best_6                           top3=52.45% winner#1=30.40% primary_delta=-0.13% trees=29 coverage(train/val)=84%/85% unique(train/val)=573/526 status=SKIPPED
  [173/402] feature=sectional_last600_std_6                            top3=52.00% winner#1=30.27% primary_delta=-0.58% trees=67 coverage(train/val)=81%/83% unique(train/val)=12365/6575 status=SKIPPED
  [174/402] feature=sectional_last600_trend                            top3=52.25% winner#1=29.80% primary_delta=-0.33% trees=7 coverage(train/val)=70%/71% unique(train/val)=7459/4505 status=SKIPPED
  [175/402] feature=sectional_closing_speed_ratio_weighted_3           top3=52.49% winner#1=29.40% primary_delta=-0.09% trees=21 coverage(train/val)=82%/83% unique(train/val)=12539/6633 status=SKIPPED
  [176/402] feature=sectional_closing_speed_ratio_weighted_6           top3=52.00% winner#1=30.73% primary_delta=-0.58% trees=105 coverage(train/val)=84%/85% unique(train/val)=13168/6922 status=SKIPPED
  [177/402] feature=current_class_level                                top3=52.45% winner#1=29.33% primary_delta=-0.13% trees=25 coverage(train/val)=82%/82% unique(train/val)=35/30 status=SKIPPED
  [178/402] feature=form_class_level_weighted_3                        top3=52.13% winner#1=30.13% primary_delta=-0.44% trees=64 coverage(train/val)=98%/98% unique(train/val)=523/455 status=SKIPPED
  [179/402] feature=form_class_level_weighted_6                        top3=52.33% winner#1=29.93% primary_delta=-0.24% trees=18 coverage(train/val)=99%/100% unique(train/val)=3251/2361 status=SKIPPED
  [180/402] feature=class_change_vs_recent_3                           top3=52.49% winner#1=29.33% primary_delta=-0.09% trees=26 coverage(train/val)=81%/81% unique(train/val)=573/428 status=SKIPPED
  ROUND PROGRESS tested=180/402 above_baseline=2 equal_baseline=39 below_baseline=139 meeting_uplift=0 best_feature=market_open_to_fluc2_move_pct best_delta=+0.0444% best_trees=26
  [181/402] feature=class_drop_from_recent_best                        top3=52.31% winner#1=29.53% primary_delta=-0.27% trees=53 coverage(train/val)=82%/81% unique(train/val)=110/95 status=SKIPPED
  [182/402] feature=jockey_history_starts                              top3=52.36% winner#1=29.60% primary_delta=-0.21% trees=21 coverage(train/val)=100%/100% unique(train/val)=430/403 status=SKIPPED
  [183/402] feature=jockey_history_top3_excess                         top3=52.44% winner#1=29.33% primary_delta=-0.13% trees=25 coverage(train/val)=100%/100% unique(train/val)=15746/8095 status=SKIPPED
  [184/402] feature=jockey_recent_top3_excess                          top3=52.31% winner#1=29.67% primary_delta=-0.27% trees=21 coverage(train/val)=100%/100% unique(train/val)=15794/8118 status=SKIPPED
  [185/402] feature=trainer_history_starts                             top3=52.31% winner#1=29.47% primary_delta=-0.27% trees=39 coverage(train/val)=98%/98% unique(train/val)=658/523 status=SKIPPED
  [186/402] feature=trainer_history_top3_excess                        top3=52.16% winner#1=30.33% primary_delta=-0.42% trees=53 coverage(train/val)=98%/98% unique(train/val)=12924/6711 status=SKIPPED
  [187/402] feature=jockey_trainer_history_starts                      top3=51.72% winner#1=29.47% primary_delta=-0.86% trees=36 coverage(train/val)=74%/73% unique(train/val)=123/97 status=SKIPPED
  [188/402] feature=jockey_trainer_history_top3_excess                 top3=52.31% winner#1=30.67% primary_delta=-0.27% trees=30 coverage(train/val)=74%/73% unique(train/val)=7281/3890 status=SKIPPED
  [189/402] feature=jockey_trainer_recent_top3_excess                  top3=51.89% winner#1=29.87% primary_delta=-0.69% trees=42 coverage(train/val)=74%/73% unique(train/val)=8298/4345 status=SKIPPED
  [190/402] feature=recent_finish_percentile_avg_3                     top3=52.18% winner#1=30.20% primary_delta=-0.40% trees=110 coverage(train/val)=100%/100% unique(train/val)=4969/3328 status=SKIPPED
  ROUND PROGRESS tested=190/402 above_baseline=2 equal_baseline=39 below_baseline=149 meeting_uplift=0 best_feature=market_open_to_fluc2_move_pct best_delta=+0.0444% best_trees=26
  [191/402] feature=recent_finish_percentile_avg_6                     top3=52.13% winner#1=30.20% primary_delta=-0.44% trees=75 coverage(train/val)=100%/100% unique(train/val)=11849/6750 status=SKIPPED
  [192/402] feature=recent_finish_percentile_weighted_3                top3=52.27% winner#1=29.67% primary_delta=-0.31% trees=85 coverage(train/val)=100%/100% unique(train/val)=6126/3993 status=SKIPPED
  [193/402] feature=recent_finish_percentile_weighted_6                top3=52.22% winner#1=29.73% primary_delta=-0.36% trees=73 coverage(train/val)=100%/100% unique(train/val)=13523/7363 status=SKIPPED
  [194/402] feature=recent_finish_percentile_best_3                    top3=52.41% winner#1=29.73% primary_delta=-0.17% trees=22 coverage(train/val)=100%/100% unique(train/val)=96/88 status=SKIPPED
  [195/402] feature=recent_finish_percentile_best_6                    top3=52.11% winner#1=29.40% primary_delta=-0.47% trees=40 coverage(train/val)=100%/100% unique(train/val)=85/76 status=SKIPPED
  [196/402] feature=recent_finish_percentile_std_6                     top3=52.27% winner#1=29.67% primary_delta=-0.31% trees=27 coverage(train/val)=99%/100% unique(train/val)=15114/7948 status=SKIPPED
  [197/402] feature=recent_finish_percentile_slope_3                   top3=52.41% winner#1=29.67% primary_delta=-0.17% trees=28 coverage(train/val)=99%/99% unique(train/val)=1715/1331 status=SKIPPED
  [198/402] feature=recent_finish_percentile_slope_6                   top3=52.17% winner#1=29.84% primary_delta=-0.41% trees=25 coverage(train/val)=99%/100% unique(train/val)=13058/7224 status=SKIPPED
  [199/402] feature=recent_finish_percentile_avg3_minus_avg6           top3=52.13% winner#1=30.53% primary_delta=-0.44% trees=128 coverage(train/val)=100%/100% unique(train/val)=11388/6547 status=SKIPPED
  [200/402] feature=recent_margin_avg_3                                top3=52.42% winner#1=28.93% primary_delta=-0.16% trees=11 coverage(train/val)=100%/100% unique(train/val)=617/513 status=SKIPPED
  ROUND PROGRESS tested=200/402 above_baseline=2 equal_baseline=39 below_baseline=159 meeting_uplift=0 best_feature=market_open_to_fluc2_move_pct best_delta=+0.0444% best_trees=26
  [201/402] feature=recent_margin_avg_6                                top3=52.33% winner#1=30.00% primary_delta=-0.24% trees=32 coverage(train/val)=100%/100% unique(train/val)=1086/877 status=SKIPPED
  [202/402] feature=recent_margin_weighted_3                           top3=52.33% winner#1=30.27% primary_delta=-0.24% trees=37 coverage(train/val)=100%/100% unique(train/val)=1090/893 status=SKIPPED
  [203/402] feature=recent_margin_weighted_6                           top3=52.42% winner#1=29.60% primary_delta=-0.16% trees=33 coverage(train/val)=100%/100% unique(train/val)=2950/2299 status=SKIPPED
  [204/402] feature=recent_margin_best_3                               top3=52.38% winner#1=30.27% primary_delta=-0.20% trees=60 coverage(train/val)=100%/100% unique(train/val)=141/132 status=SKIPPED
  [205/402] feature=recent_margin_best_6                               top3=52.20% winner#1=29.80% primary_delta=-0.38% trees=20 coverage(train/val)=100%/100% unique(train/val)=104/89 status=SKIPPED
  [206/402] feature=recent_margin_std_6                                top3=52.00% winner#1=29.33% primary_delta=-0.58% trees=90 coverage(train/val)=99%/100% unique(train/val)=11672/6754 status=SKIPPED
  [207/402] feature=recent_margin_slope_3                              top3=52.38% winner#1=30.27% primary_delta=-0.20% trees=25 coverage(train/val)=99%/100% unique(train/val)=565/489 status=SKIPPED
  [208/402] feature=recent_margin_slope_6                              top3=52.16% winner#1=30.20% primary_delta=-0.42% trees=29 coverage(train/val)=99%/100% unique(train/val)=2268/1795 status=SKIPPED
  [209/402] feature=recent_margin_quality_last1                        top3=52.38% winner#1=29.67% primary_delta=-0.20% trees=19 coverage(train/val)=100%/100% unique(train/val)=316/256 status=SKIPPED
  [210/402] feature=recent_margin_quality_avg_3                        top3=52.36% winner#1=29.87% primary_delta=-0.22% trees=45 coverage(train/val)=100%/100% unique(train/val)=12529/6903 status=SKIPPED
  ROUND PROGRESS tested=210/402 above_baseline=2 equal_baseline=39 below_baseline=169 meeting_uplift=0 best_feature=market_open_to_fluc2_move_pct best_delta=+0.0444% best_trees=26
  [211/402] feature=recent_margin_quality_avg_6                        top3=52.22% winner#1=29.87% primary_delta=-0.36% trees=48 coverage(train/val)=100%/100% unique(train/val)=15738/8125 status=SKIPPED
  [212/402] feature=recent_margin_quality_weighted_3                   top3=52.18% winner#1=30.07% primary_delta=-0.40% trees=63 coverage(train/val)=100%/100% unique(train/val)=14452/7644 status=SKIPPED
  [213/402] feature=recent_margin_quality_weighted_6                   top3=52.25% winner#1=29.00% primary_delta=-0.33% trees=27 coverage(train/val)=100%/100% unique(train/val)=15861/8154 status=SKIPPED
  [214/402] feature=recent_margin_quality_best_3                       top3=52.38% winner#1=30.27% primary_delta=-0.20% trees=60 coverage(train/val)=100%/100% unique(train/val)=141/132 status=SKIPPED
  [215/402] feature=recent_margin_quality_slope_3                      top3=52.31% winner#1=29.53% primary_delta=-0.27% trees=52 coverage(train/val)=99%/100% unique(train/val)=7344/4681 status=SKIPPED
  [216/402] feature=historical_market_overperformance_last1            top3=52.22% winner#1=29.87% primary_delta=-0.36% trees=75 coverage(train/val)=90%/90% unique(train/val)=3874/2539 status=SKIPPED
  [217/402] feature=historical_market_overperformance_avg_3            top3=52.22% winner#1=29.40% primary_delta=-0.36% trees=57 coverage(train/val)=99%/99% unique(train/val)=14878/7774 status=SKIPPED
  [218/402] feature=historical_market_overperformance_weighted_3       top3=52.27% winner#1=30.00% primary_delta=-0.31% trees=40 coverage(train/val)=99%/99% unique(train/val)=15054/7842 status=SKIPPED
  [219/402] feature=historical_market_overperformance_weighted_6       top3=52.04% winner#1=29.47% primary_delta=-0.53% trees=31 coverage(train/val)=99%/100% unique(train/val)=15845/8163 status=SKIPPED
  [220/402] feature=historical_market_overperformance_best_3           top3=52.47% winner#1=29.47% primary_delta=-0.10% trees=16 coverage(train/val)=99%/99% unique(train/val)=3184/2220 status=SKIPPED
  ROUND PROGRESS tested=220/402 above_baseline=2 equal_baseline=39 below_baseline=179 meeting_uplift=0 best_feature=market_open_to_fluc2_move_pct best_delta=+0.0444% best_trees=26
  [221/402] feature=historical_market_overperformance_slope_3          top3=52.38% winner#1=29.87% primary_delta=-0.20% trees=33 coverage(train/val)=92%/91% unique(train/val)=13269/6972 status=SKIPPED
  [222/402] feature=historical_implied_probability_weighted_3          top3=52.24% winner#1=30.07% primary_delta=-0.33% trees=51 coverage(train/val)=99%/99% unique(train/val)=12150/6604 status=SKIPPED
  [223/402] feature=historical_implied_probability_weighted_6          top3=51.85% winner#1=30.33% primary_delta=-0.73% trees=36 coverage(train/val)=99%/100% unique(train/val)=15765/8125 status=SKIPPED
  [224/402] feature=distance_change_last_run                           top3=52.49% winner#1=29.00% primary_delta=-0.09% trees=41 coverage(train/val)=100%/100% unique(train/val)=748/541 status=SKIPPED
  [225/402] feature=abs_distance_change_last_run                       top3=52.56% winner#1=29.40% primary_delta=-0.02% trees=22 coverage(train/val)=100%/100% unique(train/val)=508/375 status=SKIPPED
  [226/402] feature=distance_change_pct_last_run                       top3=52.40% winner#1=31.07% primary_delta=-0.18% trees=105 coverage(train/val)=100%/100% unique(train/val)=1696/1094 status=SKIPPED
  [227/402] feature=distance_minus_recent_avg                          top3=52.09% winner#1=29.93% primary_delta=-0.49% trees=97 coverage(train/val)=100%/100% unique(train/val)=3438/2501 status=SKIPPED
  [228/402] feature=distance_minus_recent_weighted_avg                 top3=52.00% winner#1=30.13% primary_delta=-0.58% trees=60 coverage(train/val)=100%/100% unique(train/val)=5518/3601 status=SKIPPED
  [229/402] feature=abs_distance_minus_recent_weighted_avg             top3=52.27% winner#1=29.53% primary_delta=-0.31% trees=35 coverage(train/val)=100%/100% unique(train/val)=4418/2983 status=SKIPPED
  [230/402] feature=similar_distance_runs                              top3=52.00% winner#1=30.47% primary_delta=-0.58% trees=164 coverage(train/val)=100%/100% unique(train/val)=7/7 status=SKIPPED
  ROUND PROGRESS tested=230/402 above_baseline=2 equal_baseline=39 below_baseline=189 meeting_uplift=0 best_feature=market_open_to_fluc2_move_pct best_delta=+0.0444% best_trees=26
  [231/402] feature=similar_distance_finish_percentile_avg             top3=52.24% winner#1=29.60% primary_delta=-0.33% trees=22 coverage(train/val)=87%/88% unique(train/val)=5829/3471 status=SKIPPED
  [232/402] feature=similar_distance_finish_percentile_weighted        top3=52.16% winner#1=30.07% primary_delta=-0.41% trees=8 coverage(train/val)=87%/88% unique(train/val)=7707/4340 status=SKIPPED
  [233/402] feature=similar_distance_margin_quality_avg                top3=51.87% winner#1=30.53% primary_delta=-0.71% trees=126 coverage(train/val)=87%/88% unique(train/val)=9819/5294 status=SKIPPED
  [234/402] feature=similar_distance_margin_quality_weighted           top3=52.31% winner#1=29.40% primary_delta=-0.27% trees=19 coverage(train/val)=87%/88% unique(train/val)=10973/5776 status=SKIPPED
  [235/402] feature=similar_distance_top3_rate                         top3=52.36% winner#1=29.53% primary_delta=-0.22% trees=21 coverage(train/val)=87%/88% unique(train/val)=13/13 status=SKIPPED
  [236/402] feature=distance_step_up_m                                 top3=52.58% winner#1=29.40% primary_delta=+0.00% trees=30 coverage(train/val)=100%/100% unique(train/val)=376/273 status=SKIPPED
  [237/402] feature=distance_step_down_m                               top3=52.28% winner#1=29.07% primary_delta=-0.30% trees=9 coverage(train/val)=100%/100% unique(train/val)=373/269 status=SKIPPED
  [238/402] feature=distance_step_up_pct                               top3=52.36% winner#1=30.67% primary_delta=-0.22% trees=129 coverage(train/val)=100%/100% unique(train/val)=940/581 status=SKIPPED
  [239/402] feature=distance_step_down_pct                             top3=52.22% winner#1=30.53% primary_delta=-0.36% trees=94 coverage(train/val)=100%/100% unique(train/val)=757/514 status=SKIPPED
  [240/402] feature=historical_step_up_finish_percentile               top3=52.36% winner#1=29.80% primary_delta=-0.22% trees=30 coverage(train/val)=97%/97% unique(train/val)=3876/2658 status=SKIPPED
  ROUND PROGRESS tested=240/402 above_baseline=2 equal_baseline=40 below_baseline=198 meeting_uplift=0 best_feature=market_open_to_fluc2_move_pct best_delta=+0.0444% best_trees=26
  [241/402] feature=historical_step_up_observations                    top3=52.58% winner#1=29.33% primary_delta=+0.00% trees=30 coverage(train/val)=100%/100% unique(train/val)=6/6 status=SKIPPED
  [242/402] feature=historical_step_down_finish_percentile             top3=52.45% winner#1=29.80% primary_delta=-0.13% trees=21 coverage(train/val)=91%/91% unique(train/val)=1895/1327 status=SKIPPED
  [243/402] feature=historical_step_down_observations                  top3=52.58% winner#1=29.33% primary_delta=+0.00% trees=30 coverage(train/val)=100%/100% unique(train/val)=5/6 status=SKIPPED
  [244/402] feature=recent_barrier_percentile_last1                    top3=52.22% winner#1=29.53% primary_delta=-0.36% trees=97 coverage(train/val)=94%/93% unique(train/val)=111/93 status=SKIPPED
  [245/402] feature=recent_barrier_percentile_avg_3                    top3=51.91% winner#1=30.87% primary_delta=-0.67% trees=110 coverage(train/val)=97%/96% unique(train/val)=4778/3212 status=SKIPPED
  [246/402] feature=recent_barrier_percentile_weighted_6               top3=52.22% winner#1=29.60% primary_delta=-0.36% trees=67 coverage(train/val)=97%/96% unique(train/val)=13162/7137 status=SKIPPED
  [247/402] feature=recent_barrier_percentile_std_6                    top3=52.30% winner#1=29.87% primary_delta=-0.28% trees=10 coverage(train/val)=96%/95% unique(train/val)=14740/7628 status=SKIPPED
  [248/402] feature=current_barrier_percentile                         top3=52.13% winner#1=29.73% primary_delta=-0.44% trees=141 coverage(train/val)=87%/88% unique(train/val)=97/97 status=SKIPPED
  [249/402] feature=current_minus_recent_barrier_percentile            top3=52.41% winner#1=30.38% primary_delta=-0.16% trees=11 coverage(train/val)=84%/83% unique(train/val)=12783/6677 status=SKIPPED
  [250/402] feature=current_weight_minus_last                          top3=52.58% winner#1=29.33% primary_delta=+0.00% trees=30 coverage(train/val)=90%/90% unique(train/val)=63/55 status=SKIPPED
  ROUND PROGRESS tested=250/402 above_baseline=2 equal_baseline=43 below_baseline=205 meeting_uplift=0 best_feature=market_open_to_fluc2_move_pct best_delta=+0.0444% best_trees=26
  [251/402] feature=current_weight_minus_recent_avg                    top3=52.40% winner#1=29.53% primary_delta=-0.18% trees=44 coverage(train/val)=99%/100% unique(train/val)=418/367 status=SKIPPED
  [252/402] feature=current_weight_minus_recent_weighted_avg           top3=52.52% winner#1=29.53% primary_delta=-0.06% trees=20 coverage(train/val)=99%/100% unique(train/val)=2550/1949 status=SKIPPED
  [253/402] feature=current_weight_change_pct                          top3=52.58% winner#1=29.33% primary_delta=+0.00% trees=30 coverage(train/val)=90%/90% unique(train/val)=687/569 status=SKIPPED
  [254/402] feature=best_finish_percentile_at_equal_or_higher_weight   top3=52.36% winner#1=29.47% primary_delta=-0.21% trees=21 coverage(train/val)=79%/80% unique(train/val)=95/86 status=SKIPPED
  [255/402] feature=best_margin_quality_at_equal_or_higher_weight      top3=52.27% winner#1=29.53% primary_delta=-0.30% trees=20 coverage(train/val)=79%/80% unique(train/val)=206/165 status=SKIPPED
  [256/402] feature=form_ceiling_finish_percentile_6                   top3=52.11% winner#1=29.40% primary_delta=-0.47% trees=40 coverage(train/val)=100%/100% unique(train/val)=85/76 status=SKIPPED
  [257/402] feature=form_average_finish_percentile_6                   top3=52.13% winner#1=30.20% primary_delta=-0.44% trees=75 coverage(train/val)=100%/100% unique(train/val)=11849/6750 status=SKIPPED
  [258/402] feature=form_consistency_finish_percentile_6               top3=52.09% winner#1=29.53% primary_delta=-0.49% trees=42 coverage(train/val)=99%/100% unique(train/val)=15090/7942 status=SKIPPED
  [259/402] feature=form_ceiling_minus_average                         top3=52.22% winner#1=30.60% primary_delta=-0.36% trees=118 coverage(train/val)=100%/100% unique(train/val)=11325/6533 status=SKIPPED
  [260/402] feature=margin_quality_ceiling_6                           top3=52.20% winner#1=29.80% primary_delta=-0.38% trees=20 coverage(train/val)=100%/100% unique(train/val)=104/89 status=SKIPPED
  ROUND PROGRESS tested=260/402 above_baseline=2 equal_baseline=44 below_baseline=214 meeting_uplift=0 best_feature=market_open_to_fluc2_move_pct best_delta=+0.0444% best_trees=26
  [261/402] feature=margin_quality_average_6                           top3=52.22% winner#1=29.87% primary_delta=-0.36% trees=48 coverage(train/val)=100%/100% unique(train/val)=15738/8125 status=SKIPPED
  [262/402] feature=margin_quality_consistency_6                       top3=52.27% winner#1=29.80% primary_delta=-0.31% trees=43 coverage(train/val)=99%/100% unique(train/val)=15681/8103 status=SKIPPED
  [263/402] feature=best_run_recency_index                             top3=52.58% winner#1=29.33% primary_delta=+0.00% trees=30 coverage(train/val)=100%/100% unique(train/val)=6/6 status=SKIPPED
  [264/402] feature=second_best_run_recency_index                      top3=52.58% winner#1=29.33% primary_delta=+0.00% trees=30 coverage(train/val)=99%/100% unique(train/val)=6/6 status=SKIPPED
  [265/402] feature=best_run_is_last_start                             top3=52.58% winner#1=29.33% primary_delta=+0.00% trees=30 coverage(train/val)=100%/100% unique(train/val)=2/2 status=SKIPPED
  [266/402] feature=best_run_within_last_2                             top3=52.58% winner#1=29.33% primary_delta=+0.00% trees=30 coverage(train/val)=100%/100% unique(train/val)=2/2 status=SKIPPED
  [267/402] feature=best_run_within_last_3                             top3=52.58% winner#1=29.33% primary_delta=+0.00% trees=30 coverage(train/val)=100%/100% unique(train/val)=2/2 status=SKIPPED
  [268/402] feature=recent3_vs_career_finish_percentile                top3=52.58% winner#1=29.33% primary_delta=+0.00% trees=30 coverage(train/val)=0%/0% unique(train/val)=0/0 status=SKIPPED
  [269/402] feature=recent6_vs_career_finish_percentile                top3=52.58% winner#1=29.33% primary_delta=+0.00% trees=30 coverage(train/val)=0%/0% unique(train/val)=0/0 status=SKIPPED
  [270/402] feature=recent3_vs_career_place_rate                       top3=52.22% winner#1=29.53% primary_delta=-0.36% trees=58 coverage(train/val)=100%/100% unique(train/val)=1506/1178 status=SKIPPED
  ROUND PROGRESS tested=270/402 above_baseline=2 equal_baseline=51 below_baseline=217 meeting_uplift=0 best_feature=market_open_to_fluc2_move_pct best_delta=+0.0444% best_trees=26
  [271/402] feature=recent6_vs_career_place_rate                       top3=52.04% winner#1=29.93% primary_delta=-0.53% trees=107 coverage(train/val)=100%/100% unique(train/val)=1662/1262 status=SKIPPED
  [272/402] feature=recent_form_vs_career_form                         top3=52.22% winner#1=29.53% primary_delta=-0.36% trees=58 coverage(train/val)=100%/100% unique(train/val)=1506/1178 status=SKIPPED
  [273/402] feature=same_track_runs                                    top3=52.58% winner#1=29.33% primary_delta=+0.00% trees=30 coverage(train/val)=100%/100% unique(train/val)=7/7 status=SKIPPED
  [274/402] feature=same_track_margin_quality                          top3=52.22% winner#1=29.60% primary_delta=-0.36% trees=36 coverage(train/val)=54%/54% unique(train/val)=3947/2261 status=SKIPPED
  [275/402] feature=same_track_top3_rate                               top3=52.58% winner#1=29.33% primary_delta=+0.00% trees=30 coverage(train/val)=54%/54% unique(train/val)=13/13 status=SKIPPED
  [276/402] feature=same_track_distance_runs                           top3=52.58% winner#1=29.33% primary_delta=+0.00% trees=30 coverage(train/val)=100%/100% unique(train/val)=7/7 status=SKIPPED
  [277/402] feature=same_track_distance_finish_percentile              top3=52.27% winner#1=30.20% primary_delta=-0.31% trees=65 coverage(train/val)=34%/33% unique(train/val)=975/633 status=SKIPPED
  [278/402] feature=same_track_distance_margin_quality                 top3=52.40% winner#1=29.27% primary_delta=-0.18% trees=29 coverage(train/val)=34%/34% unique(train/val)=1601/1007 status=SKIPPED
  [279/402] feature=same_track_distance_top3_rate                      top3=52.58% winner#1=29.33% primary_delta=+0.00% trees=30 coverage(train/val)=34%/33% unique(train/val)=13/13 status=SKIPPED
  [280/402] feature=condition_runs                                     top3=52.58% winner#1=29.33% primary_delta=+0.00% trees=30 coverage(train/val)=100%/100% unique(train/val)=7/7 status=SKIPPED
  ROUND PROGRESS tested=280/402 above_baseline=2 equal_baseline=56 below_baseline=222 meeting_uplift=0 best_feature=market_open_to_fluc2_move_pct best_delta=+0.0444% best_trees=26
  [281/402] feature=condition_win_rate_smoothed                        top3=52.09% winner#1=30.33% primary_delta=-0.49% trees=112 coverage(train/val)=86%/88% unique(train/val)=251/233 status=SKIPPED
  [282/402] feature=condition_finish_percentile                        top3=52.04% winner#1=30.27% primary_delta=-0.53% trees=123 coverage(train/val)=86%/88% unique(train/val)=5525/3454 status=SKIPPED
  [283/402] feature=condition_margin_quality                           top3=52.00% winner#1=30.40% primary_delta=-0.58% trees=114 coverage(train/val)=86%/88% unique(train/val)=9557/5275 status=SKIPPED
  [284/402] feature=recent_last600_avg_3                               top3=52.13% winner#1=29.93% primary_delta=-0.44% trees=51 coverage(train/val)=82%/83% unique(train/val)=2069/1752 status=SKIPPED
  [285/402] feature=recent_last600_avg_6                               top3=52.09% winner#1=30.00% primary_delta=-0.49% trees=77 coverage(train/val)=84%/85% unique(train/val)=4001/3123 status=SKIPPED
  [286/402] feature=recent_last600_weighted_3                          top3=52.33% winner#1=29.53% primary_delta=-0.24% trees=24 coverage(train/val)=82%/83% unique(train/val)=3786/2880 status=SKIPPED
  [287/402] feature=recent_last600_weighted_6                          top3=52.09% winner#1=30.73% primary_delta=-0.49% trees=100 coverage(train/val)=84%/85% unique(train/val)=9432/5638 status=SKIPPED
  [288/402] feature=recent_last600_best_3                              top3=51.91% winner#1=30.73% primary_delta=-0.67% trees=113 coverage(train/val)=82%/83% unique(train/val)=655/596 status=SKIPPED
  [289/402] feature=recent_last600_best_6                              top3=52.45% winner#1=30.40% primary_delta=-0.13% trees=29 coverage(train/val)=84%/85% unique(train/val)=573/526 status=SKIPPED
  [290/402] feature=recent_last600_std_6                               top3=52.00% winner#1=30.27% primary_delta=-0.58% trees=67 coverage(train/val)=81%/83% unique(train/val)=12365/6575 status=SKIPPED
  ROUND PROGRESS tested=290/402 above_baseline=2 equal_baseline=56 below_baseline=232 meeting_uplift=0 best_feature=market_open_to_fluc2_move_pct best_delta=+0.0444% best_trees=26
  [291/402] feature=recent_last600_slope_3                             top3=52.22% winner#1=30.33% primary_delta=-0.36% trees=91 coverage(train/val)=74%/75% unique(train/val)=1104/968 status=SKIPPED
  [292/402] feature=recent_last600_slope_6                             top3=52.40% winner#1=29.13% primary_delta=-0.18% trees=23 coverage(train/val)=81%/83% unique(train/val)=6806/4416 status=SKIPPED
  [293/402] feature=historical_run_quality_last1                       top3=52.34% winner#1=29.47% primary_delta=-0.24% trees=20 coverage(train/val)=100%/100% unique(train/val)=13957/7293 status=SKIPPED
  [294/402] feature=historical_run_quality_avg_3                       top3=52.29% winner#1=29.53% primary_delta=-0.29% trees=36 coverage(train/val)=100%/100% unique(train/val)=15873/8176 status=SKIPPED
  [295/402] feature=historical_run_quality_weighted_3                  top3=52.44% winner#1=29.13% primary_delta=-0.13% trees=83 coverage(train/val)=100%/100% unique(train/val)=15881/8183 status=SKIPPED
  [296/402] feature=historical_run_quality_weighted_6                  top3=51.87% winner#1=30.07% primary_delta=-0.71% trees=102 coverage(train/val)=100%/100% unique(train/val)=15893/8183 status=SKIPPED
  [297/402] feature=historical_run_quality_best_3                      top3=52.27% winner#1=29.80% primary_delta=-0.31% trees=91 coverage(train/val)=100%/100% unique(train/val)=11820/6381 status=SKIPPED
  [298/402] feature=historical_run_quality_slope_3                     top3=52.45% winner#1=29.87% primary_delta=-0.13% trees=26 coverage(train/val)=99%/100% unique(train/val)=15756/8117 status=SKIPPED
  [299/402] feature=hidden_sectional_run_last1                         top3=52.29% winner#1=29.87% primary_delta=-0.29% trees=31 coverage(train/val)=71%/71% unique(train/val)=9577/4961 status=SKIPPED
  [300/402] feature=hidden_sectional_run_avg_3                         top3=52.29% winner#1=29.60% primary_delta=-0.29% trees=35 coverage(train/val)=82%/83% unique(train/val)=12659/6614 status=SKIPPED
  ROUND PROGRESS tested=300/402 above_baseline=2 equal_baseline=56 below_baseline=242 meeting_uplift=0 best_feature=market_open_to_fluc2_move_pct best_delta=+0.0444% best_trees=26
  [301/402] feature=hidden_sectional_run_best_3                        top3=52.45% winner#1=29.40% primary_delta=-0.13% trees=20 coverage(train/val)=82%/83% unique(train/val)=11267/6215 status=SKIPPED
  [302/402] feature=sectional_ceiling_6                                top3=52.47% winner#1=29.53% primary_delta=-0.11% trees=19 coverage(train/val)=84%/85% unique(train/val)=6023/4068 status=SKIPPED
  [303/402] feature=sectional_average_6                                top3=52.40% winner#1=29.33% primary_delta=-0.18% trees=25 coverage(train/val)=84%/85% unique(train/val)=13186/6915 status=SKIPPED
  [304/402] feature=sectional_consistency_6                            top3=52.53% winner#1=29.73% primary_delta=-0.04% trees=34 coverage(train/val)=81%/83% unique(train/val)=12709/6720 status=SKIPPED
  [305/402] feature=class_change_last_run                              top3=52.33% winner#1=29.20% primary_delta=-0.24% trees=25 coverage(train/val)=73%/73% unique(train/val)=110/89 status=SKIPPED
  [306/402] feature=class_step_up                                      top3=52.58% winner#1=29.33% primary_delta=+0.00% trees=30 coverage(train/val)=73%/73% unique(train/val)=55/41 status=SKIPPED
  [307/402] feature=class_step_down                                    top3=52.04% winner#1=29.73% primary_delta=-0.53% trees=86 coverage(train/val)=73%/73% unique(train/val)=56/49 status=SKIPPED
  [308/402] feature=recent_class_avg_3                                 top3=52.18% winner#1=30.27% primary_delta=-0.40% trees=80 coverage(train/val)=98%/98% unique(train/val)=238/210 status=SKIPPED
  [309/402] feature=recent_class_weighted_6                            top3=52.33% winner#1=29.93% primary_delta=-0.24% trees=18 coverage(train/val)=99%/100% unique(train/val)=3251/2361 status=SKIPPED
  [310/402] feature=recent_best_class                                  top3=52.44% winner#1=29.33% primary_delta=-0.13% trees=25 coverage(train/val)=99%/100% unique(train/val)=42/39 status=SKIPPED
  ROUND PROGRESS tested=310/402 above_baseline=2 equal_baseline=57 below_baseline=251 meeting_uplift=0 best_feature=market_open_to_fluc2_move_pct best_delta=+0.0444% best_trees=26
  [311/402] feature=performance_at_current_or_stronger_class           top3=52.18% winner#1=29.40% primary_delta=-0.40% trees=86 coverage(train/val)=69%/69% unique(train/val)=6360/3500 status=SKIPPED
  [312/402] feature=best_finish_percentile_at_stronger_class           top3=52.38% winner#1=29.67% primary_delta=-0.20% trees=21 coverage(train/val)=69%/69% unique(train/val)=99/90 status=SKIPPED
  [313/402] feature=best_margin_quality_at_stronger_class              top3=52.38% winner#1=29.40% primary_delta=-0.20% trees=21 coverage(train/val)=69%/69% unique(train/val)=199/166 status=SKIPPED
  [314/402] feature=class_adjusted_finish_percentile_last1             top3=52.45% winner#1=29.53% primary_delta=-0.13% trees=22 coverage(train/val)=73%/73% unique(train/val)=2730/1670 status=SKIPPED
  [315/402] feature=class_adjusted_finish_percentile_weighted_3        top3=52.58% winner#1=29.33% primary_delta=+0.00% trees=30 coverage(train/val)=81%/81% unique(train/val)=10213/5539 status=SKIPPED
  [316/402] feature=class_adjusted_finish_percentile_weighted_6        top3=52.31% winner#1=29.20% primary_delta=-0.27% trees=47 coverage(train/val)=82%/81% unique(train/val)=12700/6581 status=SKIPPED
  [317/402] feature=class_adjusted_margin_quality_weighted_3           top3=52.13% winner#1=30.00% primary_delta=-0.44% trees=60 coverage(train/val)=81%/81% unique(train/val)=12519/6443 status=SKIPPED
  [318/402] feature=class_adjusted_margin_quality_weighted_6           top3=52.36% winner#1=29.40% primary_delta=-0.21% trees=21 coverage(train/val)=82%/81% unique(train/val)=13000/6645 status=SKIPPED
  [319/402] feature=jockey_trainer_history_runs                        top3=51.92% winner#1=29.53% primary_delta=-0.66% trees=23 coverage(train/val)=74%/73% unique(train/val)=124/95 status=SKIPPED
  [320/402] feature=jockey_trainer_history_wins                        top3=52.30% winner#1=29.33% primary_delta=-0.28% trees=9 coverage(train/val)=74%/73% unique(train/val)=34/29 status=SKIPPED
  ROUND PROGRESS tested=320/402 above_baseline=2 equal_baseline=58 below_baseline=260 meeting_uplift=0 best_feature=market_open_to_fluc2_move_pct best_delta=+0.0444% best_trees=26
  [321/402] feature=jockey_trainer_history_top3                        top3=52.34% winner#1=29.87% primary_delta=-0.24% trees=22 coverage(train/val)=74%/73% unique(train/val)=69/51 status=SKIPPED
  [322/402] feature=jockey_trainer_history_win_rate                    top3=52.30% winner#1=30.33% primary_delta=-0.28% trees=10 coverage(train/val)=74%/73% unique(train/val)=429/319 status=SKIPPED
  [323/402] feature=jockey_trainer_history_top3_rate                   top3=51.96% winner#1=31.13% primary_delta=-0.62% trees=41 coverage(train/val)=74%/73% unique(train/val)=540/393 status=SKIPPED
  [324/402] feature=jockey_trainer_history_smoothed_win_rate           top3=52.38% winner#1=29.67% primary_delta=-0.20% trees=26 coverage(train/val)=74%/73% unique(train/val)=1700/1136 status=SKIPPED
  [325/402] feature=jockey_trainer_history_smoothed_top3_rate          top3=52.20% winner#1=30.60% primary_delta=-0.38% trees=11 coverage(train/val)=74%/73% unique(train/val)=1853/1231 status=SKIPPED
  [326/402] feature=jockey_trainer_history_win_excess                  top3=52.18% winner#1=29.13% primary_delta=-0.40% trees=27 coverage(train/val)=74%/73% unique(train/val)=1733/1182 status=SKIPPED
  [327/402] feature=jockey_trainer_synergy                             top3=52.27% winner#1=29.40% primary_delta=-0.30% trees=11 coverage(train/val)=74%/73% unique(train/val)=11349/5812 status=SKIPPED
  [328/402] feature=current_form_strength                              top3=52.33% winner#1=29.60% primary_delta=-0.24% trees=30 coverage(train/val)=100%/100% unique(train/val)=15887/8180 status=SKIPPED
  [329/402] feature=recent_finish_percentile_weighted_3_rank_in_race   top3=52.18% winner#1=30.00% primary_delta=-0.40% trees=76 coverage(train/val)=100%/100% unique(train/val)=18/18 status=SKIPPED
  [330/402] feature=recent_finish_percentile_weighted_3_pct_in_race    top3=52.38% winner#1=29.40% primary_delta=-0.20% trees=21 coverage(train/val)=100%/100% unique(train/val)=97/97 status=SKIPPED
  ROUND PROGRESS tested=330/402 above_baseline=2 equal_baseline=58 below_baseline=270 meeting_uplift=0 best_feature=market_open_to_fluc2_move_pct best_delta=+0.0444% best_trees=26
  [331/402] feature=recent_finish_percentile_weighted_3_minus_race_mean top3=52.27% winner#1=29.47% primary_delta=-0.31% trees=31 coverage(train/val)=100%/100% unique(train/val)=15824/8137 status=SKIPPED
  [332/402] feature=recent_finish_percentile_weighted_3_minus_race_median top3=52.22% winner#1=29.27% primary_delta=-0.36% trees=38 coverage(train/val)=100%/100% unique(train/val)=13911/7491 status=SKIPPED
  [333/402] feature=recent_finish_percentile_weighted_3_zscore_in_race top3=52.22% winner#1=29.80% primary_delta=-0.36% trees=30 coverage(train/val)=100%/100% unique(train/val)=15832/8141 status=SKIPPED
  [334/402] feature=recent_finish_percentile_weighted_3_gap_to_best    top3=51.78% winner#1=30.47% primary_delta=-0.80% trees=118 coverage(train/val)=100%/100% unique(train/val)=11268/6277 status=SKIPPED
  [335/402] feature=recent_finish_percentile_weighted_6_rank_in_race   top3=52.44% winner#1=29.27% primary_delta=-0.13% trees=28 coverage(train/val)=100%/100% unique(train/val)=18/18 status=SKIPPED
  [336/402] feature=recent_finish_percentile_weighted_6_pct_in_race    top3=52.29% winner#1=29.47% primary_delta=-0.29% trees=31 coverage(train/val)=100%/100% unique(train/val)=97/97 status=SKIPPED
  [337/402] feature=recent_finish_percentile_weighted_6_minus_race_mean top3=52.16% winner#1=29.67% primary_delta=-0.42% trees=51 coverage(train/val)=100%/100% unique(train/val)=15899/8183 status=SKIPPED
  [338/402] feature=recent_finish_percentile_weighted_6_minus_race_median top3=51.96% winner#1=29.53% primary_delta=-0.62% trees=78 coverage(train/val)=100%/100% unique(train/val)=15131/7828 status=SKIPPED
  [339/402] feature=recent_finish_percentile_weighted_6_zscore_in_race top3=51.87% winner#1=30.27% primary_delta=-0.71% trees=123 coverage(train/val)=100%/100% unique(train/val)=15905/8185 status=SKIPPED
  [340/402] feature=recent_finish_percentile_weighted_6_gap_to_best    top3=52.36% winner#1=29.47% primary_delta=-0.22% trees=55 coverage(train/val)=100%/100% unique(train/val)=14257/7379 status=SKIPPED
  ROUND PROGRESS tested=340/402 above_baseline=2 equal_baseline=58 below_baseline=280 meeting_uplift=0 best_feature=market_open_to_fluc2_move_pct best_delta=+0.0444% best_trees=26
  [341/402] feature=recent_margin_quality_weighted_3_rank_in_race      top3=52.27% winner#1=29.93% primary_delta=-0.31% trees=98 coverage(train/val)=100%/100% unique(train/val)=18/18 status=SKIPPED
  [342/402] feature=recent_margin_quality_weighted_3_pct_in_race       top3=52.53% winner#1=29.60% primary_delta=-0.04% trees=19 coverage(train/val)=100%/100% unique(train/val)=97/97 status=SKIPPED
  [343/402] feature=recent_margin_quality_weighted_3_minus_race_mean   top3=52.18% winner#1=29.53% primary_delta=-0.40% trees=46 coverage(train/val)=100%/100% unique(train/val)=15894/8173 status=SKIPPED
  [344/402] feature=recent_margin_quality_weighted_3_minus_race_median top3=52.27% winner#1=29.87% primary_delta=-0.31% trees=65 coverage(train/val)=100%/100% unique(train/val)=15204/7839 status=SKIPPED
  [345/402] feature=recent_margin_quality_weighted_3_zscore_in_race    top3=52.34% winner#1=29.67% primary_delta=-0.24% trees=15 coverage(train/val)=100%/100% unique(train/val)=15895/8177 status=SKIPPED
  [346/402] feature=recent_margin_quality_weighted_3_gap_to_best       top3=52.58% winner#1=29.33% primary_delta=+0.00% trees=30 coverage(train/val)=100%/100% unique(train/val)=14388/7418 status=SKIPPED
  [347/402] feature=historical_market_overperformance_weighted_3_rank_in_race top3=52.13% winner#1=30.67% primary_delta=-0.44% trees=155 coverage(train/val)=99%/99% unique(train/val)=18/18 status=SKIPPED
  [348/402] feature=historical_market_overperformance_weighted_3_pct_in_race top3=51.96% winner#1=30.07% primary_delta=-0.61% trees=25 coverage(train/val)=99%/99% unique(train/val)=97/97 status=SKIPPED
  [349/402] feature=historical_market_overperformance_weighted_3_minus_race_mean top3=51.96% winner#1=30.53% primary_delta=-0.62% trees=68 coverage(train/val)=99%/99% unique(train/val)=15802/8117 status=SKIPPED
  [350/402] feature=historical_market_overperformance_weighted_3_minus_race_median top3=52.04% winner#1=30.67% primary_delta=-0.53% trees=106 coverage(train/val)=99%/99% unique(train/val)=15108/7774 status=SKIPPED
  ROUND PROGRESS tested=350/402 above_baseline=2 equal_baseline=59 below_baseline=289 meeting_uplift=0 best_feature=market_open_to_fluc2_move_pct best_delta=+0.0444% best_trees=26
  [351/402] feature=historical_market_overperformance_weighted_3_zscore_in_race top3=52.31% winner#1=28.67% primary_delta=-0.27% trees=28 coverage(train/val)=99%/99% unique(train/val)=15812/8117 status=SKIPPED
  [352/402] feature=historical_market_overperformance_weighted_3_gap_to_best top3=52.51% winner#1=29.53% primary_delta=-0.07% trees=31 coverage(train/val)=99%/99% unique(train/val)=14345/7367 status=SKIPPED
  [353/402] feature=hidden_sectional_run_best_3_rank_in_race           top3=52.51% winner#1=29.80% primary_delta=-0.07% trees=19 coverage(train/val)=82%/83% unique(train/val)=18/18 status=SKIPPED
  [354/402] feature=hidden_sectional_run_best_3_pct_in_race            top3=52.09% winner#1=30.40% primary_delta=-0.49% trees=106 coverage(train/val)=82%/83% unique(train/val)=97/97 status=SKIPPED
  [355/402] feature=hidden_sectional_run_best_3_minus_race_mean        top3=52.30% winner#1=29.60% primary_delta=-0.28% trees=29 coverage(train/val)=82%/83% unique(train/val)=12984/6763 status=SKIPPED
  [356/402] feature=hidden_sectional_run_best_3_zscore_in_race         top3=52.38% winner#1=29.67% primary_delta=-0.20% trees=30 coverage(train/val)=82%/83% unique(train/val)=12983/6762 status=SKIPPED
  [357/402] feature=hidden_sectional_run_best_3_gap_to_best            top3=52.27% winner#1=29.87% primary_delta=-0.31% trees=112 coverage(train/val)=82%/83% unique(train/val)=11681/6105 status=SKIPPED
  [358/402] feature=similar_distance_finish_percentile_weighted_rank_in_race top3=52.58% winner#1=29.33% primary_delta=+0.00% trees=30 coverage(train/val)=87%/88% unique(train/val)=18/17 status=SKIPPED
  [359/402] feature=similar_distance_finish_percentile_weighted_pct_in_race top3=52.36% winner#1=29.47% primary_delta=-0.22% trees=90 coverage(train/val)=87%/88% unique(train/val)=95/81 status=SKIPPED
  [360/402] feature=similar_distance_finish_percentile_weighted_minus_race_mean top3=52.32% winner#1=30.40% primary_delta=-0.26% trees=7 coverage(train/val)=87%/88% unique(train/val)=13701/7109 status=SKIPPED
  ROUND PROGRESS tested=360/402 above_baseline=2 equal_baseline=60 below_baseline=298 meeting_uplift=0 best_feature=market_open_to_fluc2_move_pct best_delta=+0.0444% best_trees=26
  [361/402] feature=similar_distance_finish_percentile_weighted_minus_race_median top3=52.13% winner#1=29.27% primary_delta=-0.44% trees=33 coverage(train/val)=87%/88% unique(train/val)=12603/6608 status=SKIPPED
  [362/402] feature=similar_distance_finish_percentile_weighted_zscore_in_race top3=52.30% winner#1=29.67% primary_delta=-0.28% trees=8 coverage(train/val)=87%/88% unique(train/val)=13705/7109 status=SKIPPED
  [363/402] feature=similar_distance_finish_percentile_weighted_gap_to_best top3=52.01% winner#1=29.53% primary_delta=-0.57% trees=17 coverage(train/val)=87%/88% unique(train/val)=10010/5327 status=SKIPPED
  [364/402] feature=class_adjusted_finish_percentile_weighted_3_rank_in_race top3=52.00% winner#1=30.53% primary_delta=-0.58% trees=133 coverage(train/val)=81%/81% unique(train/val)=18/18 status=SKIPPED
  [365/402] feature=class_adjusted_finish_percentile_weighted_3_pct_in_race top3=52.22% winner#1=30.67% primary_delta=-0.36% trees=193 coverage(train/val)=81%/81% unique(train/val)=97/97 status=SKIPPED
  [366/402] feature=class_adjusted_finish_percentile_weighted_3_minus_race_mean top3=52.25% winner#1=29.47% primary_delta=-0.33% trees=21 coverage(train/val)=81%/81% unique(train/val)=12881/6585 status=SKIPPED
  [367/402] feature=class_adjusted_finish_percentile_weighted_3_minus_race_median top3=52.40% winner#1=29.33% primary_delta=-0.18% trees=29 coverage(train/val)=81%/81% unique(train/val)=12207/6268 status=SKIPPED
  [368/402] feature=class_adjusted_finish_percentile_weighted_3_zscore_in_race top3=52.21% winner#1=29.47% primary_delta=-0.37% trees=21 coverage(train/val)=81%/81% unique(train/val)=12882/6587 status=SKIPPED
  [369/402] feature=class_adjusted_finish_percentile_weighted_3_gap_to_best top3=51.87% winner#1=30.53% primary_delta=-0.71% trees=121 coverage(train/val)=81%/81% unique(train/val)=11385/5879 status=SKIPPED
  [370/402] feature=jockey_trainer_history_smoothed_top3_rate_rank_in_race top3=52.44% winner#1=29.27% primary_delta=-0.13% trees=27 coverage(train/val)=74%/73% unique(train/val)=16/16 status=SKIPPED
  ROUND PROGRESS tested=370/402 above_baseline=2 equal_baseline=60 below_baseline=308 meeting_uplift=0 best_feature=market_open_to_fluc2_move_pct best_delta=+0.0444% best_trees=26
  [371/402] feature=jockey_trainer_history_smoothed_top3_rate_pct_in_race top3=52.49% winner#1=29.33% primary_delta=-0.09% trees=26 coverage(train/val)=74%/73% unique(train/val)=73/73 status=SKIPPED
  [372/402] feature=jockey_trainer_history_smoothed_top3_rate_minus_race_mean top3=52.38% winner#1=30.00% primary_delta=-0.20% trees=28 coverage(train/val)=74%/73% unique(train/val)=10298/5247 status=SKIPPED
  [373/402] feature=jockey_trainer_history_smoothed_top3_rate_minus_race_median top3=52.42% winner#1=29.33% primary_delta=-0.16% trees=27 coverage(train/val)=74%/73% unique(train/val)=7137/3881 status=SKIPPED
  [374/402] feature=jockey_trainer_history_smoothed_top3_rate_zscore_in_race top3=52.38% winner#1=30.47% primary_delta=-0.20% trees=8 coverage(train/val)=74%/73% unique(train/val)=10305/5240 status=SKIPPED
  [375/402] feature=jockey_trainer_history_smoothed_top3_rate_gap_to_best top3=51.64% winner#1=31.20% primary_delta=-0.93% trees=238 coverage(train/val)=74%/73% unique(train/val)=6669/3567 status=SKIPPED
  [376/402] feature=current_form_strength_rank_in_race                 top3=52.58% winner#1=29.33% primary_delta=+0.00% trees=30 coverage(train/val)=100%/100% unique(train/val)=18/18 status=SKIPPED
  [377/402] feature=current_form_strength_pct_in_race                  top3=52.60% winner#1=29.27% primary_delta=+0.02% trees=31 coverage(train/val)=100%/100% unique(train/val)=97/97 status=SKIPPED
  [378/402] feature=current_form_strength_minus_race_mean              top3=52.40% winner#1=29.67% primary_delta=-0.18% trees=29 coverage(train/val)=100%/100% unique(train/val)=15910/8189 status=SKIPPED
  [379/402] feature=current_form_strength_minus_race_median            top3=52.16% winner#1=29.73% primary_delta=-0.42% trees=62 coverage(train/val)=100%/100% unique(train/val)=15223/7853 status=SKIPPED
  [380/402] feature=current_form_strength_zscore_in_race               top3=52.27% winner#1=29.53% primary_delta=-0.31% trees=52 coverage(train/val)=100%/100% unique(train/val)=15913/8189 status=SKIPPED
  ROUND PROGRESS tested=380/402 above_baseline=3 equal_baseline=61 below_baseline=316 meeting_uplift=0 best_feature=market_open_to_fluc2_move_pct best_delta=+0.0444% best_trees=26
  [381/402] feature=margin_rank_minus_market_rank                      top3=52.04% winner#1=30.40% primary_delta=-0.53% trees=116 coverage(train/val)=100%/100% unique(train/val)=31/29 status=SKIPPED
  [382/402] feature=margin_market_rank_abs_gap                         top3=52.44% winner#1=29.33% primary_delta=-0.13% trees=25 coverage(train/val)=100%/100% unique(train/val)=16/15 status=SKIPPED
  [383/402] feature=distance_speed_rank_minus_market_rank              top3=52.09% winner#1=30.53% primary_delta=-0.49% trees=102 coverage(train/val)=95%/95% unique(train/val)=32/31 status=SKIPPED
  [384/402] feature=distance_speed_market_rank_abs_gap                 top3=52.50% winner#1=29.40% primary_delta=-0.08% trees=22 coverage(train/val)=95%/95% unique(train/val)=17/17 status=SKIPPED
  [385/402] feature=jockey_rank_minus_market_rank                      top3=52.31% winner#1=30.40% primary_delta=-0.27% trees=138 coverage(train/val)=57%/57% unique(train/val)=26/25 status=SKIPPED
  [386/402] feature=jockey_market_rank_abs_gap                         top3=52.29% winner#1=29.33% primary_delta=-0.29% trees=24 coverage(train/val)=57%/57% unique(train/val)=17/16 status=SKIPPED
  [387/402] feature=career_rank_minus_market_rank                      top3=51.96% winner#1=30.73% primary_delta=-0.62% trees=127 coverage(train/val)=100%/100% unique(train/val)=33/30 status=SKIPPED
  [388/402] feature=career_market_rank_abs_gap                         top3=51.91% winner#1=30.73% primary_delta=-0.67% trees=116 coverage(train/val)=100%/100% unique(train/val)=19/16 status=SKIPPED
  [389/402] feature=prize_money_rank_minus_market_rank                 top3=52.40% winner#1=29.40% primary_delta=-0.18% trees=25 coverage(train/val)=100%/100% unique(train/val)=34/32 status=SKIPPED
  [390/402] feature=prize_money_market_rank_abs_gap                    top3=52.58% winner#1=29.33% primary_delta=+0.00% trees=30 coverage(train/val)=100%/100% unique(train/val)=19/17 status=SKIPPED
  ROUND PROGRESS tested=390/402 above_baseline=3 equal_baseline=62 below_baseline=325 meeting_uplift=0 best_feature=market_open_to_fluc2_move_pct best_delta=+0.0444% best_trees=26
  [391/402] feature=total_prize_money                                  top3=52.29% winner#1=29.53% primary_delta=-0.29% trees=21 coverage(train/val)=100%/100% unique(train/val)=1456/748 status=SKIPPED
  [392/402] feature=race_field_avg_prize_money                         top3=52.22% winner#1=29.87% primary_delta=-0.36% trees=71 coverage(train/val)=100%/100% unique(train/val)=1457/749 status=SKIPPED
  [393/402] feature=race_field_max_prize_money                         top3=52.45% winner#1=29.33% primary_delta=-0.13% trees=26 coverage(train/val)=100%/100% unique(train/val)=1432/742 status=SKIPPED
  [394/402] feature=race_field_avg_speed_rating                        top3=52.44% winner#1=29.47% primary_delta=-0.13% trees=69 coverage(train/val)=100%/100% unique(train/val)=965/598 status=SKIPPED
  [395/402] feature=race_field_max_speed_rating                        top3=51.60% winner#1=30.53% primary_delta=-0.98% trees=144 coverage(train/val)=100%/100% unique(train/val)=46/47 status=SKIPPED
  [396/402] feature=weight_vs_field_mean                               top3=52.18% winner#1=29.67% primary_delta=-0.40% trees=60 coverage(train/val)=100%/100% unique(train/val)=1483/1239 status=SKIPPED
  [397/402] feature=num_scratchings                                    top3=52.58% winner#1=29.33% primary_delta=+0.00% trees=30 coverage(train/val)=100%/100% unique(train/val)=15/15 status=SKIPPED
  [398/402] feature=preparation_run_number                             top3=52.58% winner#1=29.33% primary_delta=+0.00% trees=30 coverage(train/val)=100%/100% unique(train/val)=7/7 status=SKIPPED
  [399/402] feature=runs_this_preparation_before_race                  top3=52.58% winner#1=29.33% primary_delta=+0.00% trees=30 coverage(train/val)=100%/100% unique(train/val)=7/7 status=SKIPPED
  [400/402] feature=first_up_flag                                      top3=52.58% winner#1=29.33% primary_delta=+0.00% trees=30 coverage(train/val)=100%/100% unique(train/val)=2/2 status=SKIPPED
  ROUND PROGRESS tested=400/402 above_baseline=3 equal_baseline=66 below_baseline=331 meeting_uplift=0 best_feature=market_open_to_fluc2_move_pct best_delta=+0.0444% best_trees=26
  [401/402] feature=second_up_flag                                     top3=52.58% winner#1=29.33% primary_delta=+0.00% trees=30 coverage(train/val)=100%/100% unique(train/val)=2/2 status=SKIPPED
  [402/402] feature=third_up_flag                                      top3=52.58% winner#1=29.33% primary_delta=+0.00% trees=30 coverage(train/val)=100%/100% unique(train/val)=2/2 status=SKIPPED
  ROUND PROGRESS tested=402/402 above_baseline=3 equal_baseline=68 below_baseline=331 meeting_uplift=0 best_feature=market_open_to_fluc2_move_pct best_delta=+0.0444% best_trees=26
ROUND SUMMARY round=2 tested=402 above_baseline=3 equal_baseline=68 below_baseline=331 meeting_uplift=0 best_delta=+0.0444% worst_delta=-0.9778%
No remaining feature met the minimum primary-metric uplift; stopping.

========================================================================================
FINAL FORWARD-SELECTED FEATURE LIST
========================================================================================
[
  "fluc2_price_rank",
  "open_price",
  "historical_market_overperformance_avg_6",
  "recent_finish_percentile_last1",
  "prize_money_rank",
  "hidden_sectional_run_best_3_minus_race_median",
  "fluc1_price_rank",
  "career_starts",
  "condition_top3_rate_smoothed",
  "dry_rating_rank",
  "current_form_strength_gap_to_best",
  "trainer_recent_top3_excess",
  "same_track_finish_percentile",
  "recent_margin_last_minus_avg3",
  "form_barrier_percentile_weighted_6",
  "fluc1",
  "recent_finish_percentile_last_minus_avg3"
]

added_features=["recent_finish_percentile_last_minus_avg3"]
selection_top3=52.58%
sealed_baseline_top3=51.67%
sealed_selected_top3=51.67% uplift=+0.00%
sealed_baseline_winner#1=25.00%
sealed_selected_winner#1=28.00% uplift=+3.00%
NOTE sealed-test metrics were evaluated once after feature selection.
results=/home/theo/yy1/outputs/market_mover_random_seed_20260902.json
