race_id,field_size,winner_rank,winner_probability,predicted_runner_number,winner_runner_number,race_logloss
10146908,7,2,0.16796141862869263,1,4,1.7840209769723983
10146774,13,6,0.08185645192861557,4,8,2.5027881520209703
10147275,7,3,0.17305304110050201,1,8,1.7541571355186347
10146842,8,3,0.14139388501644135,4,5,1.9562057724488495
10146777,12,2,0.21021291613578796,2,1,1.5596343755394002
10147277,7,6,0.0821395069360733,8,7,2.4993361731979
10146901,6,1,0.3149492144584656,2,2,1.1553438770958597
10150557,6,4,0.17270420491695404,6,7,1.7561749460254277
10146843,11,3,0.13483577966690063,4,2,2.003697687927657
10150516,8,5,0.07256099581718445,3,7,2.623327749217825
10147270,6,4,0.176434725522995,6,2,1.734804298076864
10150498,6,2,0.19670580327510834,2,7,1.6260460508443555
10146907,8,2,0.2007608711719513,2,3,1.6056407748346693
10150774,10,3,0.18392778933048248,3,10,1.6932120476923842
10150558,12,6,0.06953868269920349,4,6,2.665872095647655
10146836,7,1,0.24342888593673706,6,6,1.4129304286553859
10150518,13,1,0.2796913683414459,2,2,1.2740685396671265
10146780,11,9,0.0402698777616024,4,17,3.2121515395938953
10147276,11,1,0.19689172506332397,12,12,1.625101320307918
10150501,5,1,0.3910253643989563,3,3,0.9389828505152108
10146904,9,1,0.19554495811462402,4,4,1.631964961213878
10150775,7,3,0.16247040033340454,6,1,1.8172594455984314
10150562,9,4,0.15647678077220917,6,3,1.8548476456819891
10150914,5,1,0.44701722264289856,2,2,0.8051581557083489
10146837,10,2,0.2270120084285736,12,7,1.4827523623335164
10150512,13,6,0.042709849774837494,14,5,3.153325711464906
10146772,9,8,0.04652721807360649,10,15,3.0677178027142205
10147273,7,7,0.048146966844797134,8,10,3.033497136599726
10146905,10,5,0.11859922856092453,2,1,2.132005296984991
10150776,4,1,0.373241126537323,4,4,0.9855306163556179
10150561,8,5,0.09240130335092545,7,5,2.3816141949044844
10150915,5,4,0.11062555760145187,6,2,2.2016041352016447
10146835,6,1,0.29253411293029785,4,4,1.2291739937077117
10146775,9,2,0.18455390632152557,1,2,1.6898136829919919
10147456,6,1,0.2877715229988098,6,6,1.2455884366141468
10147271,9,1,0.2235829383134842,2,2,1.4979728451139418
10150499,7,1,0.2473498284816742,2,2,1.3969516347322533
10146974,8,4,0.07042685896158218,5,3,2.6531805692374824
10146903,8,2,0.18871334195137024,6,2,1.6675261245423223
10150777,8,1,0.27954450249671936,4,4,1.2745937772484812
10150559,10,8,0.04043629765510559,9,2,3.208027440576218
10150918,10,1,0.30559372901916504,4,4,1.1854987421255596
10146839,9,3,0.13559292256832123,3,2,1.9980980982869259
10150514,14,1,0.19425664842128754,11,11,1.6385750642130656
10146779,6,1,0.23565873503684998,3,3,1.4453705584578906
10147455,10,4,0.10733523964881897,6,3,2.2317982615602756
10147272,9,2,0.13944146037101746,4,1,1.970110404711205
10150500,6,4,0.15752911567687988,5,1,1.8481449763607127
10146975,8,2,0.22914212942123413,2,1,1.473412815458528
10146900,8,1,0.1804225593805313,4,4,1.7124536271734525
10150773,8,5,0.12254098057746887,7,5,2.0993097696155445
10150563,9,5,0.08965674787759781,5,2,2.4117668126325333
10150916,8,4,0.13675759732723236,6,9,1.9895452828997877
10146841,13,7,0.06065676733851433,15,4,2.8025240696268354
10150515,9,1,0.3704942464828491,5,5,0.9929173634277085
10146773,10,1,0.21964232623577118,7,7,1.515754845497651
10147458,12,1,0.20620781183242798,10,10,1.5788708233815418
10147269,10,7,0.06957872211933136,6,9,2.665296475058906
10150496,9,3,0.1631268709897995,7,1,1.8132270313016863
10146906,11,1,0.3149920403957367,2,2,1.155207909060723
10150560,6,1,0.3158135712146759,2,2,1.1526032040032836
10150920,6,2,0.21129325032234192,4,8,1.5545082984465661
10146840,14,3,0.10333598405122757,14,4,2.2697696183914107
10150517,14,1,0.13176526129245758,14,14,2.026733263032179
10146776,10,1,0.15435633063316345,4,4,1.8684915140829341
10150544,10,5,0.0830986499786377,7,9,2.4877268229971303
10150497,7,1,0.2817782163619995,5,5,1.2666349842727054
10147460,11,1,0.18628256022930145,1,1,1.6804906169786127
10146978,9,3,0.12577824294567108,8,5,2.07323489923076
10147274,9,4,0.13916952908039093,7,2,1.97206245532853
10146902,10,7,0.07105910032987595,1,10,2.644243349180409
10150556,9,1,0.19094626605510712,7,7,1.6557632200705028
10150917,10,1,0.2181825190782547,4,4,1.5224233230076298
10146838,14,2,0.14543327689170837,1,3,1.9280378756135266
10146771,10,8,0.0513993464410305,14,8,2.9681298217569045
10150545,7,5,0.13196516036987305,1,2,2.0252173278250294
10146979,5,1,0.3203493654727936,3,3,1.1383431116301637
10147457,10,2,0.20166990160942078,5,6,1.6011230687096112
10147278,12,3,0.13388916850090027,15,8,2.010742922007315
10150919,5,1,0.3819867968559265,9,9,0.962369234177264
10150543,10,3,0.18057847023010254,1,2,1.7115898575635258
10146977,7,5,0.10390745848417282,3,2,2.264254598235173
10147459,12,5,0.0993916392326355,1,4,2.308687281204982
10150539,10,7,0.08141977339982986,4,15,2.508137119013242
10147452,14,2,0.19200286269187927,8,9,1.6502449972119684
10150540,7,7,0.06735895574092865,3,4,2.697719411826656
10147454,16,1,0.16551288962364197,3,3,1.798706204275429
10150541,10,5,0.07474213093519211,9,3,2.5937113440228083
10147453,12,2,0.16773051023483276,12,4,1.7853966932790704
10150542,5,3,0.18111266195774078,3,8,1.7086359995973595
10168663,8,2,0.17466410994529724,8,6,1.7448905211541008
10168658,10,4,0.10587428510189056,8,9,2.245502878317102
10168659,14,1,0.3279300928115845,3,3,1.1149548249857744
10168666,11,8,0.07100532203912735,9,10,2.645000446452486
10168661,14,12,0.039530038833618164,1,15,3.2306944192905656
10172223,5,2,0.2482145130634308,2,1,1.3934619346599209
10172322,7,1,0.3439348638057709,3,3,1.0673029889394288
10172358,11,3,0.1368144005537033,9,5,1.989130012128457
10168664,8,5,0.07938693463802338,2,5,2.53342147542747
10172222,9,3,0.16069379448890686,6,2,1.8282546224857807
10172325,11,4,0.10667703300714493,9,10,2.237949392136593
10172357,14,4,0.1128958985209465,6,7,2.181289136910271
10172216,7,5,0.12967362999916077,4,6,2.0427345236806764
10168665,10,7,0.08962365984916687,4,8,2.412135933042579
10172324,11,1,0.27857089042663574,4,4,1.2780827082833441
10172337,6,4,0.1428874135017395,4,2,1.945698276989608
10172224,4,1,0.3898760676383972,3,3,0.9419263656458712
10168660,13,2,0.11983376741409302,10,2,2.1216497681249717
10172320,14,2,0.22808045148849487,11,14,1.4780568548615507
10172353,13,12,0.01566886529326439,7,14,4.156079637918686
10172338,5,1,0.2822604477405548,3,3,1.2649250607275888
10172218,8,2,0.21611914038658142,6,2,1.5319254474962227
10172326,12,8,0.017269503325223923,3,9,4.058813146633524
10172356,8,1,0.28924769163131714,8,8,1.2404718934715107
10172340,8,1,0.20157240331172943,3,3,1.601606640489662
10172219,8,1,0.2841389775276184,3,3,1.2582918030256462
10172321,11,1,0.2069115936756134,11,11,1.5754636606356722
10172361,10,6,0.09953560680150986,2,3,2.3072398415316355
10172339,11,2,0.19500328600406647,8,1,1.634738869257467
10172217,7,4,0.13852237164974213,1,6,1.9767234382420291
10172323,11,11,0.026940563693642616,11,7,3.6141221841786377
10172355,10,1,0.20277470350265503,8,8,1.5956597512255153
10172343,13,2,0.15987731516361237,2,6,1.8333485381020544
10172220,9,2,0.14404495060443878,5,4,1.937629871141719
10172327,12,1,0.1599368453025818,10,10,1.8329762585283784
10169065,6,5,0.05716250464320183,2,6,2.8618571087698568
10172359,8,3,0.1686563342809677,5,4,1.7798921594429515
10172342,7,1,0.3383866250514984,5,5,1.0835661761106623
10172221,11,7,0.08782629668712616,1,4,2.432394316497154
10172293,7,5,0.08903949707746506,6,3,2.4186752203072475
10169066,7,2,0.21426695585250854,3,2,1.540532584133902
10168822,9,2,0.17655912041664124,3,10,1.7340994988276621
10172281,5,1,0.3555847108364105,5,5,1.0339917716648868
10172344,12,1,0.27365222573280334,9,9,1.2958972279233558
10172294,7,6,0.1000816822052002,1,6,2.3017686043596264
10169067,7,4,0.12528619170188904,4,6,2.077154625053117
10172283,5,1,0.3232951760292053,2,2,1.1291895153976237
10172341,12,8,0.05521388724446297,2,13,2.896540776824525
10172295,9,1,0.22015149891376495,1,1,1.5134393382013953
10169068,8,2,0.2222948521375656,1,2,1.5037506155560283
10168820,14,3,0.09031237661838531,9,3,2.4044807668395265
10172282,8,5,0.11798319965600967,1,10,2.1372130404493963
10172296,6,1,0.23277966678142548,9,9,1.4576629089435753
10169069,8,1,0.26739683747291565,2,2,1.3190214413366803
10172285,6,4,0.1654617041349411,1,2,1.7990155058960013
10172297,8,4,0.14867009222507477,10,9,1.9060255740229424
10169063,9,1,0.24624304473400116,5,5,1.4014362440638495
10168821,7,1,0.3442920744419098,1,1,1.0662649282406569
10172284,7,5,0.13639898598194122,5,2,1.9921709677503998
10172291,7,5,0.09117196500301361,1,7,2.395007830442056
10169064,11,2,0.15439455211162567,2,1,1.868243926265094
10168823,10,2,0.16861601173877716,1,5,1.7801312691289874
10172286,6,4,0.13561944663524628,1,4,1.9979025019939727
10172292,7,5,0.07654724270105362,8,1,2.569847177108437
10168825,11,5,0.10305836796760559,1,4,2.2724597719574398
10172280,7,2,0.1641516387462616,8,6,1.8069646518601117
10168818,10,6,0.05929151922464371,1,6,2.825288997967532
10172151,5,3,0.2353857159614563,6,5,1.4465297658549325
10172117,9,4,0.13071902096271515,1,10,2.0347051374738037
10172152,7,1,0.44044527411460876,7,7,0.8199690771589808
10172155,8,2,0.16384769976139069,7,4,1.8088179426212965
10172121,15,5,0.08225993812084198,3,11,2.497871068418873
10172156,9,6,0.10848159343004227,1,7,2.2211747661991623
10172119,12,1,0.20587311685085297,8,8,1.580495237577276
10172306,9,6,0.09067468345165253,4,11,2.4004770848404666
10172475,7,2,0.18254534900188446,4,1,1.7007566491459827
10172318,8,1,0.26053935289382935,6,6,1.345001362427213
10172149,11,2,0.169028177857399,5,4,1.7776898450734284
10172298,7,1,0.25285595655441284,3,3,1.3749352940732986
10172118,12,3,0.14694106578826904,2,1,1.9177236855954782
10172234,6,3,0.17799058556556702,2,1,1.7260246201698657
10172478,5,3,0.2041764259338379,4,1,1.5887708258815045
10172316,13,1,0.16351090371608734,11,11,1.8108756014734382
10172374,7,1,0.26601603627204895,6,6,1.324198685280584
10172153,8,4,0.1294272392988205,1,9,2.044636414440657
10176190,8,4,0.1438014805316925,2,7,1.9393215379784248
10172303,7,4,0.16974256932735443,4,3,1.7734722877143845
10172116,11,9,0.07597801834344864,5,8,2.5773112128545854
10172232,8,4,0.1296331286430359,1,9,2.043046905484115
10172480,5,3,0.16738229990005493,2,5,1.7874748618812082
10176065,10,6,0.04023391008377075,8,3,3.2130451045102184
10172365,7,2,0.20175184309482574,1,4,1.6007168363356379
10172150,9,4,0.12509749829769135,1,4,2.0786618593296
10176191,6,1,0.37615966796875,2,2,0.9777415768769911
10168710,4,1,0.5986786484718323,1,1,0.5130303048372148
10172305,13,2,0.1169738844037056,3,4,2.145804579324229
10176082,5,1,0.44339901208877563,6,6,0.8132852098385478
10172122,18,9,0.05478091165423393,1,6,2.9044134731857576
10176202,15,3,0.12110809236764908,2,15,2.1110718068105423
10172236,9,4,0.10554859042167664,2,8,2.2485838593797602
10172473,6,2,0.221185103058815,5,3,1.5087553576288597
10176060,9,2,0.21698828041553497,6,5,1.5279119342018064
10176045,6,4,0.12981705367565155,6,3,2.0416290990922903
10172154,12,4,0.12109722197055817,1,3,2.111161568648576
10176195,5,1,0.4205831289291382,8,8,0.8661131284316459
10168711,4,2,0.3101838231086731,2,1,1.1705901794748792
10172304,9,1,0.22843031585216522,1,1,1.4765240786065408
10176084,8,1,0.2968519628047943,2,2,1.214521706177512
10172115,17,1,0.1596704125404358,1,1,1.8346435099272462
10176199,9,3,0.17908233404159546,1,6,1.7199096121808195
10172474,5,1,0.3089032769203186,4,4,1.1747270707606203
10176061,10,1,0.20252686738967896,3,3,1.5968827227690023
10172314,9,1,0.19333097338676453,2,2,1.6433516708044666
10176041,7,1,0.4033684730529785,5,5,0.9079048095826242
10172366,12,3,0.1534988284111023,1,11,1.874062344484975
10176192,6,2,0.2392527163028717,4,3,1.4302348953054906
10168712,7,5,0.1288883239030838,3,6,2.0488089557381106
10172301,9,1,0.17319557070732117,9,9,1.7533338564641694
10176083,9,3,0.14528913795948029,1,10,1.9290294671570427
10172114,12,8,0.05723969265818596,5,14,2.860507693662146
10176200,14,1,0.3721989691257477,1,1,0.9883267044560928
10172228,9,1,0.3902483284473419,1,1,0.9409720028825289
10172479,4,2,0.21497246623039246,4,1,1.5372453231000605
10176062,10,2,0.1415618658065796,6,1,1.9550184432683406
10172310,9,1,0.18025873601436615,3,3,1.7133620378924033
10172663,8,1,0.2963273525238037,4,4,1.2162905150493395
10176042,10,4,0.0727623999118805,6,3,2.6205559419305926
10172372,8,1,0.2226988524198532,1,1,1.5019348577637346
10176194,6,2,0.2172541320323944,7,4,1.526687495305681
10172307,8,1,0.1733258068561554,1,1,1.7525821790012541
10176085,11,3,0.10905210673809052,3,4,2.2159294675106502
10176198,10,2,0.1297459751367569,1,9,2.0421767775578754
10172230,11,7,0.04597054421901703,1,10,3.0797544306650737
10172476,4,1,0.2693685293197632,1,1,1.3116748394993618
10176063,10,3,0.13710454106330872,9,4,1.9870115706917297
10172312,14,5,0.07523748278617859,6,14,2.5871057309013814
10172671,9,1,0.24067704379558563,5,5,1.42429931142278
10176043,10,2,0.18854168057441711,2,1,1.6684361794311946
10172371,11,2,0.17110663652420044,4,3,1.7654683114358478
10176196,6,3,0.22237224876880646,4,10,1.5034025051072692
10168707,8,3,0.17366330325603485,3,1,1.7506368931322074
10172302,16,8,0.0533926896750927,3,12,2.930081439857476
10176086,11,9,0.04229394346475601,7,9,3.1631113836834333
10172608,8,3,0.1558091640472412,8,3,1.8591233279733432
10176204,8,4,0.10917244106531143,8,1,2.2148266187190835
10172235,15,13,0.04405627027153969,2,13,3.1222875923136155
10172477,5,4,0.10480742901563644,2,3,2.2556306220538165
10176064,10,1,0.2357601374387741,2,2,1.4449403575923396
10172313,7,1,0.19301240146160126,7,7,1.645000835863871
10172664,14,1,0.13958917558193207,3,3,1.9690516304715289
10176044,9,2,0.20988903939723969,6,12,1.5611762717312612
10172370,10,1,0.20054711401462555,12,12,1.6067060772230177
10168708,10,9,0.055749259889125824,2,9,2.886891144261405
10176193,6,4,0.08218733221292496,3,5,2.498754098127879
10172299,13,2,0.101622074842453,13,3,2.286494495366526
10176080,12,8,0.08218707889318466,15,14,2.4987571803562942
10172611,5,4,0.14527592062950134,2,4,1.9291204438908058
10176203,8,2,0.1801343411207199,4,8,1.714052366905242
10172233,11,9,0.041089627891778946,12,11,3.1919995520592197
10176066,10,8,0.05304195359349251,7,8,2.936672101326333
10172319,9,4,0.1272026151418686,1,8,2.061974068996035
10172665,10,2,0.22666563093662262,5,6,1.4842793388877873
10176046,10,1,0.49609610438346863,4,4,0.7009856121883904
10172367,11,1,0.16544191539287567,8,8,1.7991351101609365
10168709,8,5,0.09770390391349792,1,10,2.325813762558749
10176189,7,7,0.060709185898303986,1,8,2.8016602596100872
10172300,10,1,0.2134367674589157,1,1,1.5444146613334149
10176081,14,5,0.07154684513807297,1,5,2.6374028670605005
10172610,7,5,0.05335373431444168,1,4,2.9308113071621484
10176197,14,6,0.05916774645447731,13,10,2.8273787089664766
10172231,12,3,0.1401337832212448,4,6,1.9651577182250721
10172317,11,3,0.16225041449069977,9,2,1.8186143687589833
10172667,10,1,0.19428762793540955,7,7,1.6384155996883112
10172373,11,3,0.1400701254606247,3,7,1.9656120856321133
10176096,9,1,0.2696453034877777,2,2,1.3106478744179721
10172612,10,3,0.1239553689956665,2,1,2.0878337056208354
10176201,11,10,0.0441216304898262,8,13,3.120805129481266
10172666,10,1,0.23171739280223846,5,5,1.4622367843177957
10172368,10,2,0.14487701654434204,12,3,1.9318700582174217
10176097,9,2,0.16828489303588867,2,1,1.7820969439301684
10172606,9,3,0.14829519391059875,7,1,1.9085504382487735
10172669,12,7,0.06868768483400345,1,7,2.678185355881012
10176099,10,1,0.23911264538764954,9,9,1.4308205184732314
10172609,9,5,0.11471966654062271,3,2,2.1652638088590512
10172668,15,15,0.025362569838762283,5,9,3.674480820211037
10176098,8,3,0.16781161725521088,5,3,1.7849132545969324
10172607,10,8,0.06507499516010284,8,10,2.7322149024756506
10172670,15,9,0.049156155437231064,10,13,3.0127532024435584
10176100,7,6,0.06451946496963501,9,2,2.7407883182326205
10176101,5,1,0.3575751781463623,5,5,1.0284096504343134
10176095,8,3,0.1880301684141159,2,1,1.6711528587383166
10172142,5,5,0.03916251286864281,2,3,3.2400352941078308
10172139,8,2,0.23057842254638672,2,4,1.4671642464428736
10172169,11,3,0.1579180806875229,13,1,1.8456788570719187
10172145,9,4,0.16431541740894318,9,5,1.8059674214031436
10172174,4,4,0.21766692399978638,2,4,1.5247892561396614
10172140,8,6,0.09038018435239792,2,7,2.403730235253375
10172171,10,10,0.04010268300771713,1,10,3.216312038984728
10172141,10,4,0.05756748467683792,6,1,2.8547973728098412
10172173,6,3,0.2054222673177719,6,2,1.582687577832059
10176069,7,1,0.3298533260822296,5,5,1.1091071897435731
10176148,11,2,0.2029009908437729,1,9,1.595037148752864
10176340,6,1,0.4619672894477844,3,3,0.7722611924680551
10176028,5,4,0.10204356908798218,3,2,2.2823554089781752
10172144,10,1,0.29178693890571594,2,2,1.2317314043280059
10176026,7,1,0.5101052522659302,4,4,0.6731381975645475
10172168,9,2,0.1704614907503128,5,6,1.769245868470913
10176075,7,7,0.01753104291856289,5,6,4.043782088460816
10176154,10,7,0.037790581583976746,9,4,3.2756953718482724
10176336,7,1,0.21606722474098206,2,2,1.5321656940659345
10172146,11,1,0.2364770770072937,6,6,1.4419040017211633
10176029,6,4,0.13714617490768433,4,5,1.9867079518329929
10176020,11,3,0.19777946174144745,7,8,1.6206026986454243
10172172,8,2,0.252189964056015,3,7,1.3775726498354313
10176071,9,2,0.1939765363931656,6,9,1.6400180736603993
10176149,9,2,0.17591197788715363,8,11,1.7377715346897
10176334,9,8,0.05180003494024277,4,9,2.960364455194866
10172143,11,3,0.1449611932039261,2,1,1.9312892054580575
10176030,8,1,0.29447877407073975,6,6,1.222548352950668
10176021,9,2,0.19415150582790375,3,7,1.6391164668319438
10176236,8,3,0.1965317726135254,14,3,1.6269311680539784
10172170,5,2,0.28582969307899475,1,2,1.252359124274942
10176070,8,1,0.5144984126091003,6,6,0.6645628090206633
10176150,11,5,0.1155569925904274,9,2,2.1579914283815644
10176337,10,2,0.3048301041126251,5,13,1.188000693273058
10176031,9,1,0.29770660400390625,5,5,1.2116468277872199
10176022,8,4,0.14097385108470917,2,3,1.9591808591024933
10176234,11,2,0.1467164158821106,1,5,1.919253699056773
10172175,12,1,0.2186027616262436,5,5,1.5204990700795908
10176073,14,3,0.10194176435470581,7,9,2.2833535664438194
10176151,10,6,0.08082448691129684,7,10,2.5154753035343487
10176339,8,1,0.2513262629508972,2,2,1.3810033315330925
10176034,11,1,0.22344060242176056,9,9,1.4986096612256827
10176023,8,3,0.18094632029533386,7,9,1.7095548646567233
10176230,12,1,0.19435498118400574,1,1,1.638068992045762
10176359,6,1,0.29211074113845825,5,5,1.2306222981369668
10176072,10,7,0.06529156863689423,9,1,2.7288923683884234
10176338,9,1,0.2279774248600006,1,1,1.4785086687018105
10176153,8,1,0.2812613546848297,10,10,1.268470954065715
10176024,8,1,0.259672075510025,5,5,1.3483356920476903
10176033,10,1,0.17656061053276062,4,4,1.734091059106011
10176231,14,6,0.06955417990684509,7,11,2.6656492631109545
10176364,13,2,0.19589844346046448,3,11,1.6301588996453191
10176074,14,14,0.017353905364871025,14,8,4.053937704842775
10176152,8,4,0.17232468724250793,8,3,1.7583748651402105
10176333,8,4,0.13288307189941406,7,3,2.018285696098028
10176037,9,2,0.17540772259235382,3,1,1.7406421715506002
10176025,8,1,0.27449050545692444,10,10,1.2928386071301121
10176232,12,12,0.011178940534591675,6,17,4.493723580093401
10176076,8,6,0.08855191618204117,1,6,2.4241662754386835
10176155,11,2,0.18325509130954742,10,6,1.6968761551931564
10176335,10,7,0.051974087953567505,1,3,2.957009993182934
10176032,13,3,0.10012234002351761,3,8,2.301362440503139
10176360,15,7,0.060419220477342606,3,16,2.806448004839004
10176367,12,1,0.2700997591018677,5,5,1.308963910068942
10176361,10,7,0.06730926781892776,3,6,2.6984573427645144
10176366,13,1,0.2071370631456375,6,6,1.5743745640350868
10176365,12,2,0.1212519183754921,15,4,2.1098849276361626
10176362,12,6,0.08478861302137375,6,2,2.467594025609029
10175988,8,2,0.1612381488084793,7,5,1.8248728217685697
10179711,9,2,0.1987096220254898,2,4,1.6159107057075839
10175989,5,1,0.49593040347099304,1,1,0.7013196776850372
10179717,10,4,0.11664409935474396,1,12,2.148627865979771
10176294,6,1,0.34699365496635437,1,1,1.058448784602013
10175990,8,3,0.18233072757720947,3,9,1.7019330564974264
10179715,8,1,0.3097546398639679,6,6,1.171974779201805
10176293,8,1,0.26254430413246155,1,1,1.3373354335443308
10179712,9,1,0.26717832684516907,4,4,1.3198389527158143
10176295,10,2,0.18559610843658447,3,7,1.6841824263251566
10175993,12,7,0.04363403469324112,2,15,3.1319178209161107
10179713,10,1,0.20397667586803436,10,10,1.589749625654772
10176296,10,2,0.23064492642879486,12,1,1.466875866060498
10175991,7,4,0.12659770250320435,7,12,2.0667409171207423
10179716,14,2,0.14661942422389984,6,2,1.9199150001900434
10176290,13,3,0.11046268790960312,8,2,2.2030774810227642
10175987,12,2,0.1106116846203804,6,2,2.2017295479120036
10179714,14,1,0.22947201132774353,7,7,1.4719742119175916
10176291,8,5,0.09857318550348282,2,14,2.3169560066566137
10176292,14,7,0.04467473179101944,6,10,3.1083472215132693
10179522,6,2,0.24151736497879028,7,3,1.420813903800447
10179382,6,1,0.27627259492874146,7,7,1.2863672378976707
10179393,8,1,0.2746102511882782,2,2,1.2924024549966362
10179529,11,1,0.17348212003707886,7,7,1.7516807394470395
10179379,7,2,0.29231876134872437,4,2,1.2299104236742109
10179396,6,3,0.20167140662670135,2,1,1.601115605961562
10179523,11,3,0.17413192987442017,17,6,1.7479420494003277
10179549,4,2,0.2959003746509552,1,3,1.217732453436338
10179376,6,1,0.3663886487483978,4,4,1.0040606271522476
10179524,13,1,0.2684987485408783,6,6,1.3149090259719074
10179390,6,1,0.27402737736701965,1,1,1.2945272601875957
10179551,4,4,0.17512136697769165,1,6,1.742276019849551
10179526,10,5,0.042818810790777206,4,7,3.150777768490769
10179391,8,1,0.3892400562763214,10,10,0.9435590144483536
10179521,9,2,0.16403642296791077,1,5,1.8076667845488048
10179381,8,4,0.1282106637954712,1,2,2.0540805570229965
10179392,8,4,0.1510298252105713,6,8,1.8902779437205117
10179546,7,2,0.2312367707490921,3,1,1.4643131117975117
10179525,12,5,0.08633805066347122,9,2,2.44948486655384
10179380,11,3,0.10193495452404022,5,3,2.283420369860174
10179394,11,3,0.13943850994110107,3,1,1.9701315638494048
10179527,12,4,0.12601664662361145,13,6,2.071341264696809
10179547,6,4,0.11187586188316345,2,6,2.190365398433209
10179378,8,5,0.13443899154663086,9,3,2.0066447772941656
10179395,8,2,0.209492489695549,3,4,1.5630673889711215
10179550,9,4,0.13682079315185547,5,10,1.989083288619929
10179548,8,4,0.12215299904346466,4,1,2.1024809294433586
10190307,10,6,0.02744501270353794,4,6,3.595570814107812
10179440,12,2,0.15425381064414978,3,6,1.869155912163701
10179438,13,1,0.31174710392951965,14,14,1.1655629841860082
10190324,9,1,0.5715452432632446,6,6,0.5594116330657682
10190314,12,2,0.21526820957660675,1,6,1.5358705419162975
10179441,7,3,0.1639726161956787,6,2,1.8080558395163118
10190323,11,1,0.5422154068946838,4,4,0.6120919268017649
10190272,8,4,0.109796442091465,8,2,2.209127153970283
10190312,14,9,0.03421159088611603,8,11,3.375190777533511
10179446,13,4,0.11353815346956253,8,4,2.1756163446308987
10190273,7,1,0.501448392868042,3,3,0.6902545824225601
10190309,12,3,0.1337377429008484,1,5,2.011874539268209
10179442,6,1,0.37499815225601196,3,3,0.980834180341167
10190430,7,6,0.03005114011466503,7,1,3.5048546781327916
10190325,10,3,0.17465484142303467,1,6,1.7449435873975925
10190271,10,7,0.06489977240562439,2,9,2.7349111621253237
10190310,14,3,0.14244574308395386,3,2,1.9487941020652704
10190375,6,1,0.34350645542144775,4,4,1.0685493744207812
10179445,7,1,0.22390834987163544,6,6,1.4965184632115325
10190432,7,3,0.1601538211107254,4,6,1.8316205436379216
10190322,12,3,0.10707471519708633,9,3,2.2342284153293357
10190267,7,3,0.15896472334861755,2,3,1.839072967109713
10190306,12,3,0.23002472519874573,1,4,1.4695684749726337
10190376,10,1,0.2626025676727295,7,7,1.3371135392757552
10179443,6,4,0.18011878430843353,5,1,1.7141387329140174
10190429,10,4,0.1368224173784256,2,7,1.9890714174935304
10190319,12,2,0.1684572547674179,9,3,1.781073242277696
10190268,5,4,0.21294720470905304,4,2,1.546711009212085
10190550,4,1,0.3648744523525238,1,1,1.008201950727042
10190308,9,5,0.09737302362918854,1,8,2.329206071488205
10190373,9,1,0.21256333589553833,4,4,1.548515283753001
10179439,12,1,0.24286732077598572,12,12,1.4152399897937156
10190426,8,3,0.20263519883155823,1,4,1.5963479666627793
10190320,9,2,0.17904475331306458,9,3,1.7201194858820603
10190269,7,5,0.1052117571234703,7,4,2.2517802251943757
10190551,10,2,0.3287668526172638,3,9,1.1124064340899404
10190370,9,1,0.32099300622940063,5,5,1.1363359435368212
10179444,15,6,0.0649767741560936,4,7,2.733725393616227
10190427,10,7,0.05946020781993866,4,3,2.8224479662965534
10190321,12,3,0.13914702832698822,5,1,1.972224147134877
10190270,7,4,0.10833580791950226,1,10,2.2225195432475244
10190547,12,6,0.07909674197435379,6,2,2.5370835937501846
10190377,14,9,0.057896487414836884,3,9,2.849098562653885
10179447,10,7,0.07392179220914841,5,6,2.6047476066889885
10190428,8,1,0.2453773021697998,7,7,1.4049582441786852
10190371,8,4,0.14133775234222412,8,7,1.9566028463347376
10190431,10,5,0.12820853292942047,5,3,2.054097177198693
10190374,7,1,0.26804593205451965,5,5,1.3165969248934377
10190548,11,8,0.05351125821471214,1,4,2.927863213298435
10190372,11,4,0.0990864634513855,3,4,2.311762441815822
10190549,13,3,0.13087087869644165,2,9,2.0335441006678483
10190553,11,1,0.16515643894672394,2,2,1.800862139429899
10193783,6,3,0.17760151624679565,8,7,1.7282129110348599
10193786,8,7,0.06288766860961914,1,8,2.7664051820373996
10193784,9,5,0.04637544974684715,2,3,3.070985060056342
10193905,8,1,0.2943750023841858,3,3,1.22290080611231
10193787,8,3,0.18967142701148987,2,3,1.6624620353600204
10193907,7,4,0.10643879324197769,6,3,2.2401851703854554
10193788,7,3,0.15135282278060913,6,3,1.8881415930070684
10193906,8,1,0.3305167555809021,5,5,1.1070979233025535
10193789,12,4,0.0762488916516304,8,15,2.573752399316583
10193908,12,3,0.15863564610481262,6,5,1.8411452402757345
10193785,7,6,0.05037470534443855,7,8,2.9882661079743116
10190900,9,5,0.08684749901294708,7,2,2.4436015833366307
10193903,12,1,0.2192430943250656,3,3,1.517574145032878
10193790,8,1,0.21954134106636047,2,2,1.5162147222130617
10193917,5,5,0.1011277362704277,6,3,2.2913708456711306
10190898,12,3,0.12954728305339813,7,5,2.0437093443792085
10193904,10,5,0.11003261059522629,4,3,2.206978497168688
10193918,8,4,0.14766016602516174,8,2,1.9128418209770934
10190901,11,2,0.23397424817085266,10,8,1.4525442202323535
10190899,12,2,0.22770056128501892,12,4,1.4797238408956352
10193923,12,2,0.1806659996509552,5,3,1.7111052581862984
10190895,8,1,0.30081820487976074,8,8,1.201249167196049
10193921,9,1,0.19944536685943604,7,7,1.6122149304847087
10190896,11,1,0.2777247130870819,3,3,1.2811248965976754
10193916,9,1,0.20639096200466156,9,9,1.577983035070589
10190897,13,1,0.17653164267539978,6,6,1.7342551400631128
10193919,10,2,0.13220669329166412,10,1,2.0233887228033636
10193922,11,1,0.22195227444171906,1,1,1.505292900213625
10193739,9,2,0.1843797266483307,8,2,1.6907579161579083
10193737,6,4,0.16244716942310333,1,4,1.8174024413149032
10197707,10,1,0.25928792357444763,9,9,1.3498161607019992
10190345,6,2,0.3378596305847168,4,3,1.085124763885664
10197617,6,1,0.2649780511856079,6,6,1.328108282140841
10197730,12,1,0.3758125305175781,5,5,0.9786648489780871
10193736,11,1,0.3507006764411926,7,7,1.047822193006406
10197715,8,3,0.18209747970104218,3,1,1.7032131325363216
10190342,7,3,0.18960538506507874,7,6,1.6628102873225752
10197618,8,8,0.0667857974767685,1,2,2.706264833668031
10197725,9,5,0.09874822944402695,10,1,2.3151818050423842
10197712,6,3,0.1843881607055664,2,3,1.6907121743375035
10190346,10,2,0.20241805911064148,12,10,1.5974201206941792
10197727,9,1,0.39987364411354065,3,3,0.9166066714939695
10193738,13,5,0.09601879119873047,1,4,2.3432113650157564
10197709,7,1,0.2558395564556122,1,1,1.3632047635768099
10197622,8,1,0.20521807670593262,5,5,1.5836820764566593
10197723,12,3,0.16135433316230774,11,10,1.824152505175063
10193743,10,1,0.23485644161701202,5,5,1.448780838241425
10197710,15,3,0.1407204121351242,9,3,1.9609802497970024
10190340,9,2,0.22758755087852478,7,4,1.4802202755961946
10197616,7,1,0.37055572867393494,9,9,0.9927514307827101
10197724,12,1,0.1770220845937729,8,8,1.7314807824754201
10193741,9,1,0.2717907726764679,1,1,1.3027227267874064
10197708,9,4,0.12707708775997162,1,7,2.06296138643161
10190344,10,4,0.11936118453741074,3,2,2.125601218502448
10197621,11,4,0.10679277777671814,1,2,2.2368649785561363
10197728,9,6,0.09255992621183395,2,9,2.3798989932898387
10193742,8,6,0.11018219590187073,2,5,2.205619957004832
10197716,15,3,0.11303580552339554,13,1,2.1800506474213885
10190347,10,3,0.13132022321224213,3,2,2.0301164865920254
10197623,10,4,0.12456933408975601,9,2,2.0828928177694843
10197729,13,6,0.06591305881738663,5,6,2.7194186959913895
10197713,10,2,0.1851559430360794,7,5,1.6865568736441183
10190343,14,10,0.05909398943185806,14,2,2.828626061402657
10197619,9,6,0.061931733042001724,5,15,2.78172258053865
10197726,12,11,0.036221131682395935,3,8,3.318112582332591
10197711,16,1,0.16326510906219482,13,13,1.8123799634255757
10190341,10,8,0.07277136296033859,9,3,2.620432767097584
10197633,9,1,0.3319307863712311,4,4,1.1028288065849858
10197593,6,1,0.2898426651954651,3,3,1.2384170370350773
10197714,14,1,0.2667234241962433,5,5,1.3215430218937831
10197634,9,4,0.10477433353662491,5,2,2.255946446091973
10197589,7,1,0.23058739304542542,7,7,1.4671253428696402
10197636,7,2,0.20054329931735992,1,7,1.6067250988557416
10197595,6,2,0.2199375182390213,2,10,1.5144117809721351
10197635,10,2,0.19001154601573944,3,4,1.66067044016409
10197590,7,3,0.16428296267986298,2,8,1.806164955725601
10197637,9,1,0.2722768187522888,8,8,1.3009360142069102
10197591,7,1,0.25636860728263855,1,1,1.361138997926751
10197638,8,7,0.07183666527271271,4,8,2.6333602748752574
10197594,9,1,0.25366050004959106,14,14,1.3717585200068203
10197632,8,6,0.1056428775191307,2,3,2.247690953007757
10197483,12,7,0.03273861110210419,5,7,3.4192001299883414
10197515,7,6,0.08726312965154648,3,7,2.438827246108768
10197479,12,1,0.264519065618515,5,5,1.3298419485480302
10197480,7,2,0.2024672031402588,6,7,1.5971773653536392
10197481,9,2,0.17778030037879944,1,3,1.727206758560409
10197517,11,2,0.1440771520137787,1,4,1.9374063450103924
10197674,8,2,0.24788455665111542,5,6,1.3947921385692266
10197475,14,4,0.08762282878160477,7,12,2.434713712460997
10197575,6,2,0.18909236788749695,2,4,1.6655196643252554
10197605,13,3,0.13516773283481598,5,10,2.0012388063220703
10197523,13,7,0.04635541886091232,1,9,3.0714170820258784
10197579,12,1,0.3350229561328888,8,8,1.0935562237350367
10197482,9,9,0.07371721416711807,4,8,2.6075189362716795
10201163,14,4,0.11946188658475876,10,6,2.124757899196294
10197610,15,4,0.07914542406797409,10,17,2.536468307744265
10197804,7,3,0.1739938110113144,3,7,1.7487355493006884
10197676,7,1,0.21832160651683807,7,7,1.5217860440673632
10197522,15,1,0.17572863399982452,6,6,1.7388143260951607
10197578,7,2,0.20346973836421967,1,4,1.5922379909842255
10197477,9,3,0.16348743438720703,3,1,1.8110191454991158
10201160,10,2,0.1553657054901123,7,14,1.861973550795007
10197608,13,8,0.054434970021247864,4,6,2.9107485003748206
10197800,13,1,0.24449977278709412,1,1,1.4085408993637807
10201091,8,6,0.042522091418504715,6,7,3.157731540017529
10197670,8,1,0.21970234811306,8,8,1.5154816118332113
10197518,16,6,0.0666797086596489,1,3,2.707854590340509
10197574,8,1,0.21201956272125244,6,6,1.551076731580344
10200941,9,4,0.15711651742458344,4,7,1.8507675996892
10201149,5,4,0.1491273045539856,2,9,1.9029549448428251
10197478,9,2,0.15099793672561646,4,5,1.890489106329332
10201162,14,1,0.23372898995876312,1,1,1.453592997382373
10197609,8,2,0.19643284380435944,6,2,1.6274346678965737
10197801,8,1,0.20588810741901398,3,3,1.580422425630526
10201093,9,1,0.30589696764945984,6,6,1.184506940756204
10197673,8,2,0.20523250102996826,4,1,1.5836117911418175
10200937,6,1,0.30645230412483215,7,7,1.182693150315953
10197520,16,14,0.04303129017353058,13,17,3.1458277494639724
10201150,5,1,0.4256298840045929,6,6,0.8541851272435377
10197577,9,3,0.1656792312860489,2,4,1.7977017016566048
10197476,10,8,0.04987570643424988,7,13,2.998221239777184
10201164,9,1,0.222477987408638,1,1,1.502927115264919
10197612,10,7,0.03369523212313652,4,9,3.3903989316586864
10198043,10,3,0.14147290587425232,3,8,1.9556470581535605
10197805,10,1,0.2341317981481552,2,2,1.4518710822351393
10201087,7,2,0.12492068111896515,3,2,2.08007629414084
10197672,11,3,0.11880654841661453,4,6,2.1302587522207443
10200939,7,1,0.24729271233081818,7,7,1.3971825738302777
10197524,16,12,0.03382159769535065,1,10,3.386655695487653
10201153,8,2,0.20384696125984192,2,10,1.5903857565739126
10197570,8,6,0.09724640101194382,2,3,2.3305073047576457
10197778,5,2,0.25365573167800903,2,5,1.3717773184259678
10201159,10,2,0.18944895267486572,5,3,1.6636356697731578
10197611,10,3,0.14298318326473236,1,4,1.945028255184925
10198035,8,1,0.28134986758232117,2,2,1.2681563037540309
10197798,11,1,0.24449147284030914,3,3,1.408574846584145
10201088,10,1,0.24599313735961914,6,6,1.4024516403510177
10197667,10,6,0.08750724047422409,2,5,2.4360337407651715
10200936,13,9,0.04168280214071274,10,12,3.177666653933302
10201151,6,3,0.15324564278125763,1,7,1.875713136666214
10197571,7,3,0.14788192510604858,4,6,1.9113411269699803
10197781,12,5,0.08090730011463165,6,8,2.5144512227139346
10201157,11,9,0.06622571498155594,8,9,2.7146864476337975
10197606,8,1,0.19031736254692078,1,1,1.6590622710756773
10197802,10,8,0.05162101984024048,6,9,2.9638263281987154
10201092,9,3,0.18068461120128632,2,1,1.711002247150542
10197671,10,2,0.15707935392856598,4,1,1.8510041622896611
10197969,8,2,0.23554635047912598,2,1,1.4458475675705231
10200935,11,4,0.16970524191856384,14,7,1.7736922178933656
10201152,7,6,0.06591520458459854,1,7,2.719386142013104
10197779,9,1,0.20110677182674408,9,9,1.6039193088433634
10197572,9,1,0.2416176199913025,9,9,1.420398885153195
10201161,11,6,0.0627572238445282,8,10,2.768481586567823
10197604,9,1,0.24112240970134735,8,8,1.4224505503692702
10198042,7,1,0.28695517778396606,2,2,1.2484292503878556
10197803,11,3,0.12116382271051407,11,1,2.11061174239218
10201089,13,3,0.12799368798732758,10,13,2.0557743288774293
10197678,15,8,0.05040055140852928,3,2,2.9877531633192405
10200938,15,2,0.15184256434440613,5,2,1.8849110557989146
10197965,10,6,0.0693546012043953,9,5,2.668522786846204
10201154,8,1,0.29298174381256104,6,6,1.2276449797132407
10197573,12,2,0.15064109861850739,8,6,1.8928551016532793
10197782,4,3,0.21612383425235748,1,3,1.53190372885161
10201158,11,1,0.22840003669261932,1,1,1.4766566405495973
10197613,12,4,0.09665472060441971,10,7,2.3366102322606377
10198041,12,2,0.12485645711421967,12,8,2.080590544617206
10197806,12,8,0.044904742389917374,1,13,3.103211868655161
10201090,11,1,0.24319466948509216,4,4,1.4138930473659739
10197669,11,1,0.2020442634820938,11,11,1.599268479436581
10200940,13,3,0.11034902185201645,7,2,2.204107010369276
10197966,10,5,0.10472224652767181,7,3,2.2564437049017387
10201148,10,1,0.27297842502593994,6,6,1.298362516129161
10197780,5,1,0.319367378950119,1,1,1.1414131806959824
10197576,13,6,0.05611483380198479,10,4,2.8803550842578605
10197607,12,2,0.15691575407981873,6,12,1.8520462158718907
10198036,8,3,0.18493856489658356,4,5,1.687731590695219
10197799,10,5,0.10434482246637344,5,1,2.2600542636867917
10197967,9,1,0.20606528222560883,3,3,1.579562256388215
10197777,11,4,0.10501322895288467,3,1,2.2536689467332174
10198039,15,1,0.2021559476852417,3,3,1.5987158611899572
10197797,13,4,0.1186392679810524,3,4,2.1316677512570283
10201134,8,6,0.06947982311248779,3,8,2.6667188834891604
10197968,9,3,0.09896127879619598,1,4,2.3130266286269516
10198044,11,2,0.1742144227027893,3,2,1.7474684240599108
10201132,7,1,0.22807657718658447,2,2,1.4780738415642296
10197970,12,1,0.16290199756622314,1,1,1.814606500918793
10198037,13,9,0.04316604137420654,7,11,3.1427011721551876
10201130,11,4,0.13792571425437927,8,1,1.9810400412662392
10197971,10,4,0.12368179112672806,1,4,2.0900432123047437
10198040,11,2,0.17004798352718353,5,10,1.7716746257163618
10201131,13,4,0.09635350108146667,6,4,2.339731547662409
10201133,7,5,0.0919073224067688,5,6,2.386974574810191
10201128,8,1,0.25319144129753113,3,3,1.3736093914258733
10197491,8,3,0.23064856231212616,5,4,1.466860102199008
10197494,14,6,0.08099079132080078,1,5,2.5134198181701217
10201171,8,4,0.1113014966249466,6,9,2.195512574026026
10197499,8,2,0.19427354633808136,3,1,1.6384880804108677
10200957,5,2,0.26937419176101685,7,3,1.3116538185517654
10201174,4,1,0.5813247561454773,6,6,0.5424457176270764
10197493,7,4,0.14521093666553497,2,7,1.9295678580399727
10200986,9,8,0.015616996213793755,4,2,4.159395456917787
10201136,8,6,0.058697473257780075,10,4,2.8353585980868137
10200960,5,3,0.2012891173362732,1,5,1.603013009713968
10201167,6,1,0.29782330989837646,10,10,1.2112548881272975
10201240,6,1,0.277101993560791,7,7,1.2833696327659656
10197495,12,12,0.047732140868902206,3,13,3.0421502952324935
10200990,6,1,0.41514018177986145,1,1,0.8791390283674129
10200962,10,1,0.42394885420799255,12,12,0.8581424578941271
10201169,8,1,0.4316691756248474,5,5,0.8400957812751659
10201241,5,2,0.2844032943248749,4,1,1.2573619976993409
10197496,11,1,0.20451976358890533,3,3,1.5870906647024299
10200987,9,6,0.06751176714897156,5,11,2.695453368164124
10200958,8,1,0.36092129349708557,8,8,1.0190953679736259
10201170,8,3,0.1218683272600174,1,2,2.104814101850036
10201242,7,6,0.061435118317604065,7,9,2.789773647765473
10197498,13,6,0.06261000037193298,7,3,2.7708302632844455
10200988,10,3,0.16352570056915283,10,3,1.8107851109724868
10201139,7,1,0.2494252473115921,6,6,1.3885960186561774
10200961,8,2,0.19003067910671234,4,8,1.6605697508736674
10201172,8,1,0.3229716420173645,5,5,1.1301907552256154
10201243,5,4,0.13448631763458252,1,6,2.0062928127387707
10200984,12,5,0.10079442709684372,6,5,2.2946722116108984
10201141,8,2,0.16789263486862183,5,2,1.7844305820393387
10200959,7,1,0.22621995210647583,11,11,1.4862475135910815
10201173,9,3,0.13884812593460083,3,4,1.9743745623704625
10201245,9,2,0.1516784429550171,2,6,1.8859925058563243
10201300,10,4,0.08740237355232239,1,5,2.437232839340175
10200985,10,7,0.06474227458238602,4,10,2.737340896989611
10201135,9,4,0.13573898375034332,2,4,1.997021474471376
10200963,16,12,0.04117825627326965,1,7,3.1898449222987053
10201168,7,4,0.10745693743228912,5,2,2.2306650936940495
10201244,12,3,0.1650354266166687,2,7,1.8015951213600667
10200989,13,1,0.25721195340156555,7,7,1.35785481257588
10201138,9,3,0.11741096526384354,1,3,2.1420749750652046
10204868,9,6,0.039952635765075684,4,3,3.220060632348574
10204785,9,3,0.18487799167633057,1,6,1.6880591759248043
10204936,7,4,0.14124096930027008,5,3,1.957287845156842
10204870,9,1,0.359394907951355,5,5,1.023333472926273
10204755,7,5,0.06782092899084091,4,7,2.690884444489328
10204787,6,2,0.23870186507701874,4,2,1.4325399321906311
10204869,12,1,0.281120240688324,8,8,1.2689727983672652
10204938,7,1,0.30587154626846313,9,9,1.1845900485998835
10204753,7,5,0.03881664201617241,6,4,3.2489062063693277
10204867,10,1,0.3596539795398712,3,3,1.0226128776948957
10204781,7,1,0.3700608015060425,1,1,0.9940879584495892
10204937,6,1,0.2958405613899231,2,2,1.217934613731808
10204865,12,2,0.13267482817173004,7,1,2.019854045375631
10204782,6,1,0.5676355361938477,11,11,0.5662757278444658
10204940,10,2,0.3057284355163574,4,7,1.185058036693343
10204871,11,4,0.10263189673423767,9,2,2.276606510210699
10204754,9,1,0.24598102271556854,4,4,1.4025008894581301
10204783,6,2,0.22880986332893372,3,1,1.4748639114505286
10204939,9,2,0.15901586413383484,5,3,1.8387513073124084
10204864,10,3,0.16283650696277618,6,3,1.8150086063095823
10204749,13,3,0.14785277843475342,4,1,1.9115382406062262
10204784,6,1,0.37436214089393616,4,4,0.9825316588988338
10204866,9,4,0.1496696025133133,11,2,1.899325064198511
10204935,10,5,0.09438461065292358,9,2,2.3603772418647875
10204750,9,5,0.09978931397199631,4,11,2.3046941758264894
10204786,7,6,0.07334914803504944,7,8,2.612524389524686
10204933,9,3,0.14782406389713287,2,5,1.911732469802428
10204751,9,1,0.2649497389793396,6,6,1.3282151352133564
10204934,5,5,0.10959537327289581,8,7,2.210960120022645
10218747,5,1,0.33597344160079956,3,3,1.0907231649977471
10218748,9,2,0.14426234364509583,3,5,1.9361218060584293
10218749,10,8,0.029350480064749718,1,7,3.5284463762915528
10218750,9,2,0.22106921672821045,6,7,1.5092794286353914
10218764,8,3,0.14671297371387482,3,4,1.9192771607027974
10218753,12,7,0.05835137516260147,10,12,2.841272353044822
10218769,7,2,0.2327820062637329,10,2,1.4576528587936473
10218752,10,6,0.04277511686086655,10,3,3.151798727217745
10218765,9,1,0.4241199791431427,9,9,0.857738894101324
10218845,9,1,0.342811644077301,4,4,1.0705741252820098
10218746,8,6,0.07601401954889297,5,7,2.5768374879592972
10218770,8,1,0.2182251513004303,5,5,1.5222279450378786
10218751,9,2,0.1599997729063034,4,1,1.8325828830849211
10218768,11,1,0.37078648805618286,11,11,0.992128885932321
10218771,10,1,0.26735180616378784,5,5,1.3191898618077562
10218847,11,4,0.11431319266557693,6,10,2.168813293445785
10218766,11,2,0.1377364695072174,1,9,1.9824130607664807
10218850,12,1,0.1766131967306137,5,5,1.7337932669302594
10218834,9,2,0.2434094250202179,11,1,1.4130103768274649
10215370,10,6,0.07988431304693222,9,7,2.527175777814381
10218767,12,1,0.15838466584682465,2,2,1.842728610810437
10218849,14,1,0.20453347265720367,7,7,1.5870236364181445
10215371,12,5,0.06885246932506561,4,7,2.675789189162809
10218836,8,1,0.2842596769332886,11,11,1.2578671031902857
10218838,4,1,0.468244731426239,4,4,0.7587641893469967
10215372,11,3,0.13469453155994415,9,1,2.004745793569237
10218839,12,7,0.06300225108861923,7,13,2.764584821663577
10215375,8,7,0.08032692968845367,2,7,2.521650350758614
10218837,9,2,0.16713063418865204,6,3,1.788979531705531
10215368,8,1,0.25111520290374756,3,3,1.3818434694353456
10218832,11,1,0.2779049575328827,1,1,1.2804761031236975
10215369,8,1,0.2757999002933502,1,1,1.288079675140948
10218833,11,1,0.2056645303964615,3,3,1.5815089308500454
10218763,6,2,0.27145424485206604,7,4,1.3039616810588348
10218757,7,5,0.10550272464752197,1,6,2.24901850035664
10218758,11,4,0.1156739592552185,5,15,2.156979741374839
10222496,10,5,0.12649162113666534,2,8,2.0675792090820595
10218762,11,3,0.17607364058494568,2,9,1.736852959039586
10222599,5,1,0.24238422513008118,5,5,1.4172311047508324
10222492,9,2,0.17865921556949615,8,6,1.7222751113511505
10222592,9,4,0.1300690919160843,3,9,2.0396894934324785
10222624,10,2,0.19634583592414856,1,6,1.627877705597572
10218759,13,9,0.04216628894209862,3,7,3.1661342174176883
10222597,8,1,0.34443503618240356,2,2,1.0658497805273124
10222493,10,4,0.09580396860837936,1,3,2.345451168888622
10222629,9,1,0.2249310463666916,2,2,1.4919613843388424
10222587,6,1,0.29279667139053345,6,6,1.2282768651613292
10218760,13,6,0.041126299649477005,12,8,3.1911074679770532
10222600,10,1,0.21201209723949432,5,5,1.5511119434876794
10222495,9,1,0.24090558290481567,5,5,1.42335019443344
10218761,11,9,0.04140681400895119,5,10,3.1843098221060555
10222601,12,3,0.13998018205165863,4,9,1.9662544231668053
10222626,10,4,0.1460970789194107,9,2,1.9234839541323367
10222984,9,2,0.17266201972961426,6,4,1.7564192385157704
10222627,11,2,0.19388394057750702,8,5,1.6404955433842594
10222594,13,1,0.18233241140842438,3,3,1.7019238215019752
10222490,9,3,0.121918685734272,3,1,2.1044009668404855
10222990,6,3,0.1585693359375,7,1,1.8415633306086894
10222630,10,5,0.07387658953666687,2,9,2.605359286916566
10222728,5,2,0.2656986117362976,2,1,1.3253926511592717
10222595,12,1,0.2729741036891937,3,3,1.2983783465778502
10222491,10,1,0.17318342626094818,9,9,1.7534039787665274
10222623,8,2,0.20347201824188232,3,4,1.592226786050715
10222593,10,5,0.07927580922842026,3,5,2.534822250745805
10222729,5,2,0.23948536813259125,3,2,1.4292629573895477
10222598,12,2,0.14744319021701813,11,3,1.9143123284630499
10222628,10,1,0.3492652475833893,1,1,1.0519236237210605
10222494,12,9,0.035462573170661926,7,6,3.339277415524321
10222730,5,4,0.11657004058361053,1,2,2.1492629799024723
10222591,11,8,0.055226534605026245,6,12,2.8963117418315982
10222596,12,1,0.2706175446510315,2,2,1.3070487292384552
10222731,4,1,0.31552308797836304,2,2,1.1535234206660783
10222583,7,2,0.29857543110847473,5,1,1.2087326775419778
10222584,11,7,0.03395124897360802,9,3,3.3828296370353237
10222615,4,4,0.041347794234752655,3,5,3.1857362027139207
10223044,8,1,0.16186189651489258,7,7,1.8210117979753626
10222611,5,1,0.3554215431213379,5,5,1.0344507485501921
10222585,7,3,0.19846269488334656,6,10,1.617154131613396
10222612,4,2,0.33317843079566956,1,3,1.0990771042911471
10222581,12,9,0.05522247031331062,10,6,2.8963853376366573
10222613,6,5,0.08075808733701706,4,12,2.516297169113929
10222578,7,4,0.14724186062812805,5,7,1.9156787338483063
10222614,7,3,0.12618961930274963,2,4,2.069969588179388
10222579,12,2,0.13578243553638458,12,9,1.9967014128974025
10222616,8,5,0.12314990162849426,1,3,2.0943529532101093
10222582,11,2,0.14220008254051208,2,9,1.9505201811594934
10222449,6,4,0.14061526954174042,5,3,1.9617277027873392
10222447,5,3,0.25031450390815735,6,3,1.3850371361259062
10222430,13,5,0.0982000082731247,6,11,2.320748979374015
10222444,10,1,0.26590096950531006,8,8,1.3246313346122807
10222431,11,3,0.14115144312381744,6,9,1.9579219002908554
10222983,9,2,0.2183740884065628,8,4,1.5215456849770974
10222636,7,2,0.20218880474567413,4,1,1.5985533411606643
10222536,8,2,0.2173859030008316,2,1,1.5260811499998959
10222524,13,7,0.06561680883169174,4,3,2.723923383663532
10222448,8,4,0.10873939841985703,1,8,2.2188010995598106
10222992,8,3,0.15049366652965546,3,9,1.8938342785381472
10222434,9,3,0.17315183579921722,1,4,1.7535864058265425
10222532,9,5,0.09670697897672653,6,9,2.3360697077028543
10222522,9,2,0.16244590282440186,7,5,1.817410238333736
10226429,10,1,0.3696833848953247,7,7,0.9951083561773533
10222982,7,5,0.1195707693696022,3,8,2.123846870601146
10222688,5,2,0.23879167437553406,1,4,1.43216376249553
10226341,9,2,0.1755048632621765,8,15,1.7400885255645637
10222639,8,2,0.2228720337152481,1,2,1.5011575120730511
10222774,5,1,0.4126625657081604,1,1,0.8851250521574423
10226383,10,1,0.42514562606811523,2,2,0.8553235191766424
10222428,10,1,0.22789745032787323,5,5,1.4788595304724437
10226442,5,5,0.043264273554086685,4,3,3.1404280756783667
10222533,12,1,0.2922040820121765,9,9,1.2303028098378033
10226478,9,2,0.2768550217151642,3,2,1.2842612971196232
10222525,9,2,0.16502809524536133,1,2,1.801639545362254
10226424,11,2,0.197416290640831,5,11,1.6224406293451321
10222443,8,7,0.06559338420629501,6,3,2.724280438631644
10222687,7,2,0.17256402969360352,5,3,1.7569869247538514
10226342,11,1,0.30729421973228455,1,1,1.1799496198752428
10223000,4,3,0.14742304384708405,1,3,1.9144489759841157
10226380,10,4,0.13325369358062744,1,9,2.0155004971411596
10222433,10,1,0.1446138173341751,7,7,1.9336884182612377
10226489,7,2,0.24960236251354218,1,4,1.387886177333173
10226444,10,1,0.3378194272518158,4,4,1.085243765155519
10222534,11,8,0.07311063259840012,4,5,2.615781470021143
10226477,10,5,0.10196197032928467,2,9,2.2831553751289198
10222519,8,3,0.16794978082180023,1,4,1.7840902679452273
10226422,11,2,0.28942254185676575,1,11,1.2398675761223499
10222446,9,5,0.09944669902324677,1,3,2.308133466558355
10222685,7,1,0.24142016470432281,2,2,1.4212164414779132
10226346,8,1,0.29893913865089417,2,2,1.207515275973056
10222637,8,1,0.2751474380493164,2,2,1.290448186625237
10222776,5,1,0.38664886355400085,4,4,0.9502383271425827
10226387,13,2,0.2562578022480011,11,6,1.3615713011959665
10222429,18,14,0.03403237834572792,1,13,3.380442903233916
10226490,6,6,0.09626356512308121,2,6,2.340665379401136
10222986,10,3,0.14753836393356323,8,1,1.9136670425561284
10222521,7,1,0.2318848818540573,3,3,1.4615142293681678
10226425,12,6,0.08814525604248047,2,12,2.4287691884613047
10226439,9,4,0.15360213816165924,4,5,1.8733895380421497
10222691,11,1,0.18823641538619995,8,8,1.6700565775290892
10226347,7,2,0.23374174535274506,6,1,1.4535384254358463
10222631,10,3,0.14275097846984863,1,10,1.946653576039746
10222777,6,2,0.23040781915187836,7,4,1.467904413445119
10226381,9,3,0.14003130793571472,1,2,1.965889253261624
10222437,16,3,0.12589529156684875,15,3,2.0723047368293486
10226491,6,1,0.29325801134109497,2,2,1.2267024726704945
10222539,9,4,0.11705242842435837,8,6,2.14513333836288
10226474,9,3,0.12760716676712036,2,1,2.0587987437621686
10222526,12,1,0.16195429861545563,2,2,1.8204410908615083
10226440,12,1,0.18157775700092316,1,1,1.7060713037917503
10226427,11,3,0.12828688323497772,5,2,2.0534862477001017
10222690,13,5,0.09565430879592896,9,12,2.3470145365837833
10222778,5,1,0.29332298040390015,3,3,1.2264809548784583
10226343,8,2,0.20020245015621185,3,6,1.6084261736333905
10222638,9,1,0.18514135479927063,1,1,1.6866356656682655
10226385,10,5,0.0907403826713562,9,5,2.3997527875262477
10226492,9,6,0.11570146679878235,1,8,2.15674196725887
10226443,12,1,0.2004408836364746,4,4,1.6072359204166216
10222530,11,2,0.19070929288864136,2,1,1.6570050371559126
10222948,14,1,0.20240646600723267,3,3,1.59747739540306
10226475,10,1,0.3543464243412018,4,4,1.037480244531118
10222518,9,7,0.09030776470899582,9,4,2.404531834337942
10226423,12,11,0.047658905386924744,4,3,3.0436857746981443
10222998,7,1,0.21929194033145905,4,4,1.5173513760281907
10226344,8,1,0.2444777935743332,7,7,1.408630798018802
10222640,11,5,0.10299389064311981,2,11,2.2730856066561227
10226384,9,5,0.08829022198915482,10,6,2.427125913753596
10226493,9,1,0.2968277037143707,2,2,1.2146034306892484
10226445,12,4,0.1068987175822258,11,4,2.23587345744755
10222537,9,1,0.2167743742465973,3,3,1.5288982163723825
10226476,10,4,0.10021484643220901,2,5,2.3004389333210464
10222520,9,4,0.12258929014205933,1,9,2.0989156153964506
10226426,12,11,0.021913625299930573,5,6,3.8206466758066795
10222436,11,2,0.16472157835960388,1,2,1.8034986342322368
10222877,12,4,0.08561486750841141,11,7,2.4578963250701533
10222997,13,1,0.23670357465744019,1,1,1.4409466605169174
10226345,12,4,0.10219691693782806,1,8,2.280853768616409
10222632,14,3,0.09930121898651123,2,6,2.309597432210675
10226386,12,8,0.05918999761343002,6,5,2.8270027105999973
10226487,9,1,0.18789054453372955,10,10,1.6718956956291702
10226479,9,5,0.10142170637845993,3,9,2.2884681438853756
10222531,16,4,0.10038798302412033,4,10,2.298712769882864
10226441,12,7,0.06611863523721695,1,9,2.7163046469377843
10226428,7,3,0.15370683372020721,6,7,1.872708168006271
10222527,10,2,0.1563928872346878,9,6,1.8553839299441643
10226530,10,6,0.07651955634355545,4,7,2.570208932341746
10222879,13,2,0.12916140258312225,2,6,2.0466924738825023
10222692,9,6,0.09858505427837372,1,10,2.316835608189693
10222634,9,3,0.13035891950130463,3,11,2.0374637136225746
10226382,10,1,0.19942058622837067,2,2,1.6123391859189238
10226488,11,4,0.09916972368955612,3,2,2.3109225160181337
10222535,15,10,0.03832302987575531,5,3,3.261704261266249
10222985,12,1,0.18322442471981049,2,2,1.6970435129224002
10226528,4,1,0.46480220556259155,1,1,0.7661433282693955
10222880,12,4,0.08052078634500504,6,11,2.519239912423594
10222684,11,1,0.1359616070985794,11,11,1.995382733846181
10226524,9,2,0.16537944972515106,1,3,1.7995127500297805
10222883,13,2,0.1341605931520462,2,5,2.008717740248229
10226525,8,4,0.12902453541755676,8,2,2.047752695670304
10222882,14,4,0.0877457782626152,13,7,2.4333115287608797
10226529,10,9,0.02634880319237709,8,12,3.6363324246704023
10222884,13,3,0.1399303525686264,4,5,1.9666104618105542
10226526,11,1,0.3537352383136749,2,2,1.039206560043997
10222885,10,5,0.0883927196264267,7,8,2.4259656698971956
10226527,5,5,0.1158793643116951,7,4,2.155205591842538
10222473,14,3,0.13305020332336426,11,12,2.0170287533870077
10222468,13,1,0.3040805459022522,12,12,1.190462659044099
10222469,9,3,0.13736490905284882,2,7,1.9851143244406049
10226360,11,1,0.3985411822795868,1,1,0.9199444428553093
10226600,7,2,0.25236794352531433,5,7,1.3768671630161509
10222472,9,1,0.21187655627727509,1,1,1.5517514556129233
10226588,10,3,0.122838594019413,7,2,2.096884029100115
10226361,11,3,0.15854093432426453,10,1,1.841742458287449
10226791,5,3,0.23716218769550323,7,3,1.4390110356303498
10226416,12,1,0.288221538066864,3,3,1.244025865152658
10222474,13,5,0.0888223871588707,7,14,2.4211165531128644
10226590,14,3,0.15457983314990997,5,2,1.8670445966809517
10226359,10,1,0.32143858075141907,3,3,1.1349487932083018
10226601,11,6,0.03742332383990288,7,11,3.285461136856364
10226793,5,1,0.5771363973617554,10,10,0.549676649834921
10226419,10,8,0.019181223586201668,12,7,3.9538234166606276
10222470,12,7,0.07310070097446442,1,10,2.615917323018422
10226591,12,2,0.21470151841640472,11,7,1.5385065018522437
10226354,11,4,0.11579126864671707,1,4,2.155966116973404
10226597,9,4,0.1586497277021408,2,6,1.8410564772976716
10226413,9,4,0.09995090216398239,3,1,2.303076191923563
10226595,9,2,0.23236064612865448,9,6,1.4594646051392817
10222471,12,3,0.13120971620082855,1,4,2.030958348805435
10226355,13,11,0.028339168056845665,7,10,3.563510400942812
10226598,10,3,0.14701317250728607,1,6,1.9172330873249352
10226414,13,5,0.08489686995744705,5,6,2.4663180537479055
10226589,12,1,0.185830220580101,6,6,1.6829218146978686
10226603,12,4,0.12001980096101761,12,1,2.120098541803935
10226357,11,1,0.1918552815914154,2,2,1.6510139328718383
10226592,11,4,0.10268712043762207,2,1,2.276068579477572
10226418,13,3,0.18097375333309174,2,3,1.7094032674406012
10226599,8,3,0.14094772934913635,2,3,1.9593661711712422
10226358,14,2,0.1497664749622345,3,8,1.8986780315956429
10226593,9,2,0.20566460490226746,8,1,1.5815085685814894
10226415,12,7,0.05884603410959244,1,9,2.83283083735816
10226602,11,1,0.2744518220424652,12,12,1.2929795451215382
10226680,10,1,0.2817564010620117,3,3,1.2667124073779563
10226356,14,12,0.03803009167313576,5,12,3.2693775464969974
10226594,9,1,0.31759658455848694,1,1,1.1469733035760263
10226421,11,5,0.09755273163318634,10,14,2.3273622099146474
10226685,10,5,0.06946291774511337,4,8,2.66696222642818
10226682,9,7,0.06939972192049026,2,7,2.667872418386768
10226683,11,8,0.06849754601716995,2,7,2.6809573589225346
10226684,14,11,0.04872572422027588,8,11,3.0215481702761733
10226679,13,4,0.11952366679906845,4,5,2.1242408786918228
10226408,6,1,0.3131636679172516,3,3,1.1610293244128178
10226468,5,2,0.32484108209609985,3,7,1.1244191944070554
10230254,8,5,0.053669556975364685,9,5,2.9249093474321888
10226324,5,4,0.10270372778177261,2,7,2.2759068649286456
10226499,6,3,0.2563042640686035,6,4,1.3613900087290325
10226407,7,4,0.19831284880638123,3,2,1.6179094507678775
10226473,6,5,0.08212196081876755,2,5,2.499549809635128
10230249,5,1,0.35596153140068054,1,1,1.032932611832035
10226328,6,1,0.3108772337436676,7,7,1.1683571915408602
10226405,11,2,0.15892668068408966,9,4,1.839312310887034
10226470,7,2,0.1957460641860962,4,3,1.63093705064237
10226325,8,7,0.06768238544464111,5,4,2.692929318373834
10226501,8,4,0.11729563772678375,4,3,2.1430577130442128
10226404,11,1,0.3133924901485443,9,9,1.160298911859944
10226471,11,2,0.15716952085494995,4,11,1.8504303054768372
10230255,11,6,0.0794091522693634,11,7,2.533141649495765
10226326,8,2,0.20484457910060883,2,3,1.5855037381140724
10226503,8,3,0.12848752737045288,6,2,2.051923442622764
10226409,12,9,0.07499537616968155,6,4,2.5903288184172446
10226472,9,2,0.20385199785232544,3,6,1.5903610491648246
10230248,10,1,0.34090718626976013,12,12,1.076145019773695
10226327,9,1,0.2457091361284256,3,3,1.4036068160664381
10226500,10,4,0.13060855865478516,1,4,2.0355505309425723
10226403,10,4,0.09940004348754883,8,10,2.3086027278192134
10226466,13,1,0.2075657993555069,1,1,1.572306884250908
10230250,9,3,0.1279999017715454,3,7,2.055725782472616
10226329,11,1,0.20816022157669067,2,2,1.5694471997647677
10226497,7,2,0.21186362206935883,4,3,1.5518125034369497
10226406,18,10,0.05466732755303383,6,13,2.906489050514359
10226467,12,1,0.19598455727100372,3,3,1.6297194122893248
10230253,8,2,0.1718253344297409,4,2,1.7612768156371166
10226323,8,6,0.06260433793067932,3,11,2.770920707259701
10226498,8,2,0.20813150703907013,3,1,1.5695851536835812
10226401,9,4,0.10375101119279861,5,3,2.2657613734822126
10226469,12,1,0.16305159032344818,5,5,1.8136886232007032
10230252,7,5,0.13242745399475098,1,7,2.0217203005187847
10226402,11,7,0.06695929169654846,9,2,2.7036704308654
10230277,7,1,0.32020601630210876,3,3,1.1387906893951982
10230146,7,2,0.1975555568933487,5,2,1.6217354334727754
10230278,7,1,0.3187199532985687,7,7,1.1434424511139993
10230143,7,2,0.3142845928668976,2,5,1.1574563568481895
10230271,11,2,0.24612680077552795,5,12,1.4019084255416274
10230265,6,1,0.32207250595092773,1,1,1.13297858502489
10230154,8,3,0.08210201561450958,3,7,2.499792712100276
10230272,13,1,0.25567248463630676,5,5,1.3638580104676945
10230144,8,2,0.22637292742729187,1,4,1.4855715183045493
10230155,8,4,0.0988798439502716,2,7,2.3138498634468214
10230276,8,4,0.11737006157636642,10,9,2.142423416235613
10230145,8,5,0.0768764391541481,10,2,2.5655558323263197
10230268,9,2,0.28411629796028137,10,2,1.2583716247829704
10230273,6,4,0.12090424448251724,8,2,2.112756414595363
10230156,7,1,0.34351950883865356,1,1,1.0685113746423553
10230140,9,1,0.4005369246006012,1,1,0.914949320467354
10230269,8,4,0.17660768330097198,3,2,1.73382448495815
10230274,7,5,0.12585864961147308,1,6,2.072595830231604
10230157,11,2,0.17271316051483154,10,8,1.7561230922463433
10230141,10,1,0.5572330355644226,5,5,0.5847717503120456
10230275,9,5,0.132097527384758,2,4,2.024214785382572
10230270,10,1,0.2620338499546051,5,5,1.3392815852664024
10230158,10,1,0.17964406311511993,1,1,1.7167778129204116
10230142,9,4,0.10982520133256912,2,7,2.2088652559094166
10230266,10,5,0.11376716196537018,5,10,2.1736013581106413
10230159,12,10,0.04410403221845627,1,16,3.121204067184041
10230264,12,5,0.08869577944278717,1,10,2.422542973179885
10240898,12,3,0.16537486016750336,8,1,1.7995405020953514
10240901,7,1,0.28820517659187317,2,2,1.2440826337741642
10240904,8,6,0.11810050904750824,1,4,2.13621924547898
10240899,9,2,0.23283447325229645,5,2,1.4574274931071056
10241013,6,2,0.19992056488990784,1,6,1.6098351668796609
10240900,8,5,0.10196910798549652,5,2,2.2830853744573814
10240894,7,5,0.08753444254398346,4,7,2.4357229339960713
10241011,8,2,0.1755237579345703,5,7,1.739980872391739
10240905,11,6,0.06526826322078705,2,4,2.729249375838925
10241025,8,3,0.2079358845949173,4,3,1.5705254939385545
10240893,10,1,0.2625173032283783,7,7,1.3374382820624038
10241016,7,3,0.20177173614501953,3,8,1.6006182396179574
10240951,12,1,0.21240578591823578,3,3,1.5492567493157137
10240903,9,7,0.029895644634962082,4,11,3.510042473578122
10241020,7,2,0.21545322239398956,6,2,1.5350114584575756
10240895,9,4,0.11206809431314468,2,7,2.188648607496215
10240949,6,5,0.11123637109994888,7,2,2.1960978724071305
10240902,8,6,0.0763586014509201,10,3,2.5723145954976574
10241023,9,8,0.03110736981034279,9,2,3.4703105164765757
10240896,12,1,0.2285294383764267,6,6,1.4760902437889276
10241012,10,2,0.17821747064590454,2,9,1.7247507292116824
10240950,7,2,0.19331911206245422,1,3,1.6434130251129766
10241024,7,4,0.1524282842874527,5,3,1.8810610605123832
10240897,9,5,0.09530673176050186,2,3,2.350654833245848
10241010,7,1,0.24508564174175262,3,3,1.4061475713890166
10240952,10,9,0.0265198964625597,4,10,3.6298600177988045
10241021,11,9,0.03044029511511326,8,9,3.4919880510582084
10240891,10,3,0.12121234834194183,5,4,2.1102113265273252
10241176,9,2,0.22536881268024445,9,1,1.4900170512786832
10241014,8,5,0.1482478231191635,3,7,1.90886992506261
10240955,7,5,0.11239534616470337,1,3,2.185732746608343
10241022,7,7,0.09061849862337112,4,6,2.4010969077090056
10240892,13,2,0.13622480630874634,5,3,1.9934487703620583
10241015,10,3,0.12992973625659943,7,3,2.040761464977958
10240953,11,3,0.14294563233852386,4,8,1.9452909144509745
10241026,9,3,0.15162813663482666,1,10,1.8863242251399597
10241175,9,1,0.1847739815711975,4,4,1.6886219220503784
10240948,11,1,0.2037610560655594,2,2,1.5908072654348917
10241019,9,6,0.10574020445346832,3,7,2.24677009462773
10240954,7,7,0.090146504342556,3,4,2.4063191060962006
10241171,12,1,0.1936740279197693,2,2,1.6415788016079438
10241172,11,3,0.11164476722478867,10,3,2.1924331694630026
10241173,13,5,0.07085197418928146,2,6,2.6471624488824665
10244215,9,2,0.17849470674991608,1,4,1.7231963322642285
10244221,13,3,0.12008697539567947,10,2,2.119539003773116
10244218,14,1,0.2501591444015503,10,10,1.3856579860432678
10244510,7,1,0.2891758978366852,1,1,1.240720132984241
10244214,14,1,0.2518564760684967,11,11,1.378895893130619
10244517,8,1,0.1798861175775528,5,5,1.7154313084431607
10244219,12,7,0.054813746362924576,9,10,2.903814270446005
10244513,9,2,0.24341802299022675,7,5,1.412975054373709
10244280,8,2,0.26861152052879333,6,9,1.3144891047897356
10244217,14,2,0.12517094612121582,1,8,2.0780749069808633
10244516,7,4,0.12253938615322113,3,5,2.0993227810555797
10244281,8,3,0.17544613778591156,8,12,1.7404231903846534
10244222,11,9,0.045636098831892014,2,10,3.087056234594035
10244514,9,7,0.0559997633099556,3,1,2.8824078148638557
10244401,11,4,0.07992388308048248,5,6,2.5266805587290295
10244216,12,1,0.17046767473220825,5,5,1.769209591246655
10244240,8,1,0.2638687193393707,5,5,1.3323035747478087
10244511,9,9,0.02814488485455513,5,8,3.570389651225515
10244277,11,5,0.08188390731811523,1,7,2.5024527992724694
10244220,14,8,0.06551866233348846,4,11,2.725420255801284
10244404,7,1,0.36215299367904663,2,2,1.0156885219686544
10244241,8,2,0.2926673889160156,2,7,1.2287185061957984
10244515,8,2,0.18913157284259796,3,1,1.6653123535179821
10244278,10,9,0.02780696377158165,2,10,3.58246879427364
10244402,6,6,0.07546757906675339,4,7,2.5840521312871476
10244235,8,3,0.15070752799510956,4,5,1.8924142210796746
10244512,9,1,0.18765084445476532,2,2,1.6731722532526114
10244284,6,3,0.2035464346408844,4,1,1.5918611200751103
10244403,7,6,0.11310190707445145,3,6,2.1794660341591494
10244236,12,7,0.03546777367591858,8,6,3.3391307785629305
10244509,9,2,0.15318264067173004,2,3,1.876124339638116
10244279,9,3,0.18927426636219025,6,4,1.6645581710420683
10244406,11,2,0.21125569939613342,3,5,1.5546860337188104
10244237,7,1,0.34450629353523254,1,1,1.0656429200879414
10244331,10,5,0.11107688397169113,2,5,2.1975326690463763
10241754,11,2,0.20485936105251312,6,3,1.5854315789256341
10244282,9,6,0.06189122796058655,8,4,2.7823768224099794
10244405,7,4,0.11552803963422775,11,3,2.1582420110876135
10244324,12,1,0.3313693404197693,5,5,1.1045216935990854
10244239,12,1,0.20762594044208527,3,3,1.572017181536551
10241758,10,1,0.24626263976097107,6,6,1.401356671268663
10244407,11,11,0.0293947234749794,8,14,3.5269400943849787
10241756,10,1,0.4285193681716919,3,3,0.8474193420318521
10244328,8,1,0.31524065136909485,8,8,1.1544189592347232
10241751,10,1,0.3010636568069458,5,5,1.2004335521844787
10244329,10,7,0.06547945737838745,5,9,2.726018813343297
10241757,7,3,0.20774759352207184,6,3,1.5714314288416025
10244325,10,4,0.1053800955414772,6,3,2.2501815075637426
10241752,10,3,0.14952291548252106,4,7,1.9003056170781616
10244326,9,3,0.168164923787117,4,3,1.7828100919115761
10241755,12,3,0.11263024806976318,7,4,2.1836449664055295
10244330,8,3,0.14103253185749054,4,9,1.958764692822737
10244262,12,1,0.39772334694862366,13,13,0.9219986235666816
10244263,10,1,0.3991043269634247,6,6,0.9185324251836031
10244264,11,4,0.08608544617891312,1,4,2.452414915762973
10244266,11,1,0.22788281738758087,5,5,1.4789237409762057
10248386,10,3,0.13188892602920532,9,7,2.025795180105655
10248270,8,3,0.18036681413650513,3,8,1.7127626453905158
10248298,7,2,0.1655520796775818,3,6,1.7984694528353378
10244259,11,7,0.08070120215415955,7,9,2.5170018072352844
10248284,9,3,0.2453547716140747,9,6,1.4050500684426557
10248391,9,3,0.1737956404685974,2,5,1.7498751500753558
10248267,10,4,0.08466888219118118,10,4,2.4690071333617
10248295,8,1,0.3416559100151062,1,1,1.0739511594559505
10244260,9,4,0.06953004002571106,11,12,2.6659963892103513
10248286,8,1,0.38994288444519043,7,7,0.9417550007238512
10248388,9,1,0.3075014352798462,7,7,1.179275524169722
10248268,8,5,0.1147688627243042,4,8,2.164835062510877
10248291,10,1,0.24503661692142487,3,3,1.406347622782826
10244261,14,2,0.16881439089775085,1,9,1.7789554463206123
10248290,11,4,0.14434345066547394,2,10,1.9355597451150093
10248389,12,1,0.3013746738433838,9,9,1.1994010247098943
10248294,10,1,0.2543966770172119,5,5,1.3688605096407405
10248287,9,2,0.1769208163022995,8,4,1.73205301202985
10248384,5,2,0.24993611872196198,4,6,1.3865499188841466
10248272,10,3,0.10105609893798828,3,6,2.2920794813082317
10248292,11,6,0.056778162717819214,2,8,2.8686034863717382
10248289,12,5,0.08828239887952805,4,7,2.427214524429401
10248387,12,5,0.11320970207452774,3,2,2.178513409513568
10248265,10,3,0.11181172728538513,3,9,2.190938828544143
10248296,10,1,0.19565416872501373,7,7,1.6314066234992257
10248288,8,7,0.07697618752717972,3,2,2.5642591578507603
10248390,10,1,0.2597719430923462,7,7,1.3479511748332258
10248266,14,4,0.1011829599738121,1,3,2.29082491601164
10244685,9,3,0.15142793953418732,1,5,1.8876454138274863
10248297,11,5,0.0928773358464241,1,10,2.37647562582792
10248283,16,6,0.0780407041311264,5,15,2.5505247405728206
10248385,9,5,0.1062692329287529,1,8,2.2417794717589667
10244372,6,3,0.19139046967029572,5,3,1.6534395939391597
10248269,12,7,0.05606560781598091,3,2,2.881232705854878
10244686,11,2,0.2585608661174774,1,2,1.3526241538813575
10248293,12,7,0.05495570972561836,3,6,2.901227695875968
10248285,6,2,0.2561567723751068,5,10,1.3619656298478309
10244367,13,1,0.22141259908676147,8,8,1.5077273538824403
10248354,6,1,0.2986900210380554,3,3,1.2083489622925025
10244687,10,3,0.156981959939003,5,3,1.8516243850830114
10244681,9,2,0.2138413041830063,9,4,1.542521108297053
10248465,5,1,0.3391311764717102,3,3,1.081368295204029
10244365,11,1,0.4255564212799072,2,2,0.8543577398065264
10248356,6,5,0.1377035528421402,3,2,1.9826520722576442
10244683,10,7,0.09330761432647705,7,5,2.371853563242593
10248466,7,2,0.21581953763961792,1,7,1.5333126943914543
10244368,4,1,0.5458604693412781,1,1,0.6053918865528651
10248359,8,7,0.08507853746414185,5,3,2.4641804789231245
10244682,12,2,0.20876823365688324,1,2,1.566530572206366
10248467,7,5,0.09131670743227005,6,3,2.393421513245735
10244370,11,6,0.05699770525097847,4,8,2.864744270712756
10248352,6,4,0.15762408077716827,2,4,1.8475423164211584
10244684,12,3,0.09345120191574097,1,6,2.370315883571611
10244371,6,3,0.1639406830072403,2,5,1.8082506055634162
10248355,11,4,0.1269458830356598,13,2,2.063994401166998
10248469,13,9,0.03260079398751259,4,2,3.4234186354608926
10244364,10,1,0.2058877944946289,8,8,1.5804239455076419
10248353,9,4,0.13796254992485046,5,3,1.9807730080105863
10244366,10,2,0.14970780909061432,2,1,1.8990698239831338
10248358,6,4,0.1288127303123474,6,7,2.049395632367236
10248471,9,2,0.13202542066574097,12,10,2.024760794136
10248470,7,5,0.10986316949129105,8,3,2.2085196012080996
10248193,7,1,0.3130847215652466,1,1,1.1612814491407981
10248231,9,2,0.16494819521903992,1,13,1.802123822749399
10248194,6,1,0.30016258358955383,1,1,1.2034310058267408
10248233,8,5,0.11161167174577713,5,2,2.192729648967975
10248195,8,8,0.056372132152318954,4,1,2.875780353365566
10248232,12,6,0.0707143098115921,2,9,2.6491073246988286
10248448,7,4,0.13897615671157837,7,5,1.973452895014238
10248308,14,3,0.13048000633716583,12,13,2.0365352721012786
10248197,8,4,0.12123087048530579,5,1,2.1100585308047672
10248450,5,1,0.3035573661327362,8,8,1.192184671079349
10248229,10,4,0.09547273814678192,2,4,2.348914536679782
10248325,7,6,0.04982936754822731,4,6,2.999150758958266
10248312,8,2,0.17399118840694427,3,4,1.7487506223893248
10248196,11,6,0.08271297812461853,1,13,2.4923787591000677
10248463,12,3,0.10392829030752182,7,2,2.2640541339402684
10248451,6,1,0.29856011271476746,4,4,1.2087839837952032
10251663,8,5,0.06251059472560883,9,3,2.7724192209961873
10248230,9,1,0.21338890492916107,1,1,1.5446389333631991
10251735,5,1,0.5004311203956604,3,3,0.6922853112846734
10248326,11,1,0.3346674144268036,12,12,1.0946180330580297
10251688,11,2,0.17633579671382904,9,15,1.7353651658678124
10248303,8,1,0.20116528868675232,3,3,1.6036283770777007
10248199,11,1,0.20329256355762482,6,6,1.593109137680773
10248455,10,1,0.2341008335351944,6,6,1.452003343897017
10248449,8,2,0.20220664143562317,1,9,1.5984651270616725
10251664,6,1,0.303545206785202,7,7,1.1922247280584433
10248227,14,4,0.06786751747131348,1,10,2.6901977466382134
10251729,8,3,0.12002889811992645,3,2,2.120022747525957
10248329,9,1,0.30068957805633545,2,2,1.2016768485296407
10251684,12,1,0.36984142661094666,12,12,0.9946809419362921
10248309,9,3,0.16692212224006653,5,2,1.7902279092246645
10248192,11,6,0.08796826004981995,2,8,2.430779210817104
10248457,12,1,0.17109379172325134,2,2,1.765543383235266
10248444,10,9,0.04138101264834404,5,10,3.184933135037057
10251662,8,2,0.25988319516181946,2,3,1.3475229982869619
10248228,13,11,0.04671222344040871,7,8,3.0637494046502773
10251733,5,1,0.28626224398612976,5,5,1.250846951277787
10248331,8,5,0.090534508228302,2,7,2.4020241945649863
10251797,6,1,0.31655001640319824,2,2,1.1502740201733384
10251682,13,3,0.15656723082065582,4,11,1.8542697713409118
10248310,7,2,0.20561882853507996,5,1,1.5817311711161646
10248740,8,2,0.16948175430297852,4,6,1.7750100021859032
10248445,13,1,0.16280879080295563,2,2,1.8151788293103603
10251736,9,1,0.2855560779571533,6,6,1.2533168490088267
10248324,10,2,0.2379886656999588,2,5,1.4355322295540955
10251798,9,1,0.39859139919281006,3,3,0.9198184489756038
10251686,13,13,0.02916194684803486,8,2,3.5348906097344184
10248304,9,1,0.15681815147399902,3,3,1.8526684158142028
10248460,9,1,0.2053062915802002,7,7,1.5832523096391928
10248446,12,2,0.1589290350675583,10,3,1.839297496722292
10251660,8,1,0.36955365538597107,1,1,0.995459338348474
10248475,6,1,0.3130924701690674,2,2,1.161256700223324
10251730,8,6,0.05575348436832428,2,5,2.886815370714689
10248327,11,5,0.11568434536457062,1,4,2.1568899576138785
10251794,8,3,0.19053959846496582,3,1,1.6578952400586904
10251685,12,8,0.05984250083565712,4,2,2.8160391541494536
10248305,11,1,0.23814134299755096,1,1,1.4348909034455277
10248738,12,1,0.19848942756652832,8,8,1.6170194419029231
10248456,14,8,0.04527842625975609,1,4,3.094924601438641
10248453,7,3,0.1746951937675476,3,5,1.7447125735683229
10251661,11,6,0.07022115588188171,2,5,2.6561056475131637
10251731,8,5,0.12180840224027634,3,4,2.105305942175306
10248477,4,4,0.14796370267868042,1,4,1.910788287468332
10248332,12,2,0.174626886844635,4,1,1.7451036563402078
10251795,7,4,0.14157897233963013,5,3,1.9548976091761385
10251683,9,3,0.1718645840883255,14,5,1.7610484140655809
10248306,14,2,0.12830600142478943,7,1,2.0533372319557843
10251761,7,5,0.08148960769176483,1,13,2.5072797798502724
10248458,12,3,0.11282438784837723,5,11,2.181922758957381
10248447,16,2,0.12787951529026031,9,12,2.0566667451459724
10248743,8,2,0.2025805562734604,1,2,1.5966176627826396
10251665,6,5,0.07414884120225906,2,9,2.6016808382713683
10251732,8,4,0.10078158229589462,3,4,2.294799655357852
10248476,10,2,0.16434386372566223,7,3,1.8057943161940535
10248323,12,6,0.07446149736642838,2,5,2.597473101064389
10251796,9,1,0.22447194159030914,2,2,1.4940045613910617
10251687,14,2,0.15507732331752777,7,12,1.8638314263391473
10248311,11,1,0.18396030366420746,8,8,1.6930352856039732
10251762,10,6,0.0841299518942833,11,7,2.47539262922175
10248461,16,5,0.07376827299594879,2,3,2.606826545015392
10248742,11,2,0.15346260368824005,1,9,1.8742983658169232
10248452,7,2,0.20583711564540863,4,1,1.5806701237117198
10252473,11,5,0.07203629612922668,1,2,2.630585174082379
10251734,12,1,0.1797933727502823,1,1,1.7159470166323683
10248472,10,3,0.1427900642156601,1,2,1.9463798098190448
10248330,12,7,0.05757655203342438,2,3,2.854639876914018
10248307,10,5,0.12285105884075165,12,14,2.096782561079755
10251765,8,3,0.1380080282688141,4,5,1.9804434196561105
10248744,11,3,0.12194398790597916,6,1,2.104193455199444
10248462,11,5,0.07863502204418182,15,1,2.5429381057039904
10248473,5,1,0.4495055675506592,5,5,0.7996070390500408
10248737,12,4,0.09966052323579788,10,1,2.3059856359339723
10248464,13,5,0.09294431656599045,11,4,2.3757547117514632
10248474,10,3,0.14740486443042755,6,1,1.9145722982081599
10251763,10,1,0.26481905579566956,4,4,1.3287084945339116
10248739,11,1,0.20164011418819427,13,13,1.601270783470534
10251766,10,4,0.08675704151391983,2,4,2.4446436932600126
10248741,13,2,0.1693761944770813,1,2,1.7756330351098282
10251760,7,2,0.22220692038536072,1,4,1.50414625741299
10248745,14,8,0.06625892966985703,11,2,2.71418503572928
10248240,10,3,0.14244699478149414,2,9,1.948785314915765
10248241,14,4,0.06718359142541885,14,5,2.7003262364856364
10248242,10,5,0.08398345112800598,3,6,2.477135509928799
10251725,6,2,0.22084349393844604,5,7,1.5103010005610074
10248243,11,2,0.1593877375125885,1,4,1.836415444615397
10251658,8,1,0.3045715391635895,9,9,1.188849279644311
10251698,10,6,0.0411684587597847,1,11,3.1900828799033834
10251722,9,5,0.1371736228466034,1,8,1.9865078354780277
10251753,9,2,0.21955019235610962,2,6,1.516174405836741
10251891,8,7,0.027460327371954918,4,6,3.5950129569378872
10248244,14,2,0.10895375162363052,2,5,2.216831783823361
10251652,8,2,0.19916650652885437,1,3,1.6136140878841292
10251802,11,1,0.26131129264831543,2,2,1.3420428902125383
10251716,12,5,0.12771011888980865,11,5,2.057992279538618
10251757,11,1,0.32327789068222046,10,10,1.1292429829726864
10251890,9,2,0.3466015160083771,2,1,1.0595795277679665
10251700,10,1,0.31316936016082764,3,3,1.161011148000842
10248238,10,1,0.2662094235420227,1,1,1.3234719734147065
10251653,7,1,0.3846401274204254,3,3,0.9554471158034992
10251803,13,1,0.30436766147613525,13,13,1.1895188955759444
10251754,9,3,0.20198611915111542,12,8,1.5995563010157445
10251704,10,3,0.11859866231679916,4,5,2.13201007142985
10248239,14,7,0.08484254032373428,4,6,2.466958207209946
10251654,11,2,0.29788699746131897,11,5,1.2110410675423644
10251806,11,2,0.19464385509490967,9,8,1.6365837744200809
10248549,5,3,0.21939291059970856,4,5,1.5168910443353218
10251720,14,2,0.24239885807037354,1,4,1.4171707357288763
10251759,7,5,0.10415701568126678,1,2,2.2618557522258556
10251887,11,5,0.09668156504631042,8,3,2.3363325353764455
10251703,10,1,0.19987115263938904,7,7,1.6100823568468556
10251657,12,2,0.30267488956451416,8,2,1.195096021253307
10251804,12,2,0.15794093906879425,1,2,1.845534119199124
10248545,7,4,0.12752357125282288,2,4,2.059454058899324
10251721,7,2,0.351111501455307,1,2,1.0466514379982181
10251752,11,1,0.24832701683044434,7,7,1.3930087851762805
10251888,11,3,0.1188495084643364,2,3,2.1298972209494305
10251702,10,3,0.15372654795646667,6,7,1.872579917546422
10251655,10,1,0.2784911096096039,6,6,1.2783691425314967
10251800,7,2,0.21090878546237946,4,7,1.5563295353599187
10248546,7,3,0.11354834586381912,6,4,2.175526578006345
10251719,13,4,0.08760484308004379,11,13,2.434918996266153
10251756,9,8,0.034548040479421616,1,6,3.3654044458783883
10251892,8,2,0.2382921278476715,1,7,1.434257930053094
10251699,9,6,0.07915592193603516,4,2,2.536335676299979
10251656,11,1,0.244400292634964,1,1,1.4089478543246772
10251801,14,7,0.06549832969903946,5,10,2.7257306374441046
10248547,4,1,0.30903804302215576,3,3,1.1742908930860594
10251724,10,1,0.17267704010009766,6,6,1.756332249395569
10251758,8,1,0.21702013909816742,2,2,1.5277651228439744
10251893,9,1,0.21140843629837036,2,2,1.5539632995382326
10251696,10,1,0.22321484982967377,5,5,1.4996205191931489
10251960,6,1,0.3545338809490204,4,4,1.0369513636727017
10251805,14,8,0.04669143632054329,2,6,3.0641945075565618
10248548,7,1,0.2861878275871277,5,5,1.2511069439063727
10251723,11,11,0.03839496150612831,2,10,3.2598290387752518
10251755,9,1,0.25997233390808105,11,11,1.3471800616741891
10251889,12,7,0.05030591040849686,2,12,2.989632705628367
10251701,10,2,0.16936038434505463,7,2,1.7757263827612282
10251957,11,8,0.025007419288158417,5,2,3.6885827266155586
10251954,8,2,0.29142916202545166,4,1,1.2329583146433194
10251955,7,4,0.12369178235530853,5,9,2.089962433841262
10251958,9,6,0.06929226219654083,1,9,2.669422035635916
10251956,11,11,0.03937464579939842,4,7,3.234633177447634
10251635,9,1,0.28975051641464233,9,9,1.2387350144872729
10251578,8,3,0.17294065654277802,9,5,1.7548067690954423
10251631,11,3,0.11086225509643555,11,10,2.1994667933568914
10251632,10,1,0.3623420298099518,2,2,1.01516667950165
10251633,11,8,0.03689023479819298,2,3,3.299808402574264
10251637,9,3,0.20424656569957733,4,7,1.5884273595837408
10251634,9,2,0.2001098394393921,3,2,1.6088888659907274
10255489,8,1,0.30926358699798584,8,8,1.1735613333537758
10255381,8,2,0.37781476974487305,1,7,0.9733512305950461
10255458,8,1,0.5421684384346008,6,6,0.6121785538025538
10255487,8,2,0.2034638375043869,1,9,1.592266992571625
10255375,7,1,0.5304292440414429,1,1,0.6340687058056665
10255459,9,2,0.23380161821842194,1,6,1.4532823085890714
10255488,9,3,0.1457073837518692,8,2,1.926154889289698
10255376,8,2,0.201948344707489,10,6,1.5997433335525362
10255490,9,6,0.02961236611008644,7,9,3.519563230905971
10255513,6,5,0.10566436499357224,1,7,2.247487576405421
10255378,9,2,0.20152465999126434,2,4,1.6018435229928345
10255492,12,3,0.12747204303741455,5,12,2.05985820872169
10255457,8,4,0.10179582983255386,2,1,2.284786140021535
10255514,8,1,0.40008896589279175,3,3,0.9160683418726653
10255377,11,1,0.22447198629379272,2,2,1.494004362241543
10255454,8,6,0.05945435166358948,1,5,2.822546459809532
10255516,8,2,0.2622435390949249,1,3,1.3384816684441985
10255491,7,4,0.10753702372312546,8,3,2.229920083982054
10255380,12,2,0.21828648447990417,7,3,1.521946929940685
10255455,11,1,0.2709674835205078,14,14,1.3057564523106495
10255493,10,4,0.10360216349363327,3,4,2.267197066231626
10255517,10,1,0.2429458200931549,3,3,1.4149168230810492
10255379,9,3,0.17279066145420074,10,13,1.7556744665829433
10255486,10,1,0.16220460832118988,6,6,1.8188967263530638
10255456,9,1,0.27247005701065063,3,3,1.3002265534460882
10255512,10,8,0.035694655030965805,5,3,3.3327543204261207
10255515,9,1,0.4245852828025818,10,10,0.8566423916359274
10265284,10,8,0.019704606384038925,2,10,3.9269028439704123
10265282,12,4,0.14141227304935455,3,12,1.9560757326147462
10265283,8,2,0.23813842236995697,1,2,1.4349031677817703
10265330,10,3,0.19729098677635193,10,9,1.6230755498335936
10265279,8,3,0.12223129719495773,1,6,2.1018401505113458
10265351,12,9,0.02679818868637085,11,9,3.619420980078831
10265305,8,3,0.15104499459266663,11,5,1.8901775091187931
10265332,6,5,0.08336270600557327,5,7,2.4845542398248073
10265359,6,1,0.2790769636631012,7,7,1.2762676797785812
10265280,8,5,0.10395428538322449,13,1,2.263804040100015
10265352,9,3,0.1907472163438797,7,5,1.656806202140935
10265308,14,2,0.20482566952705383,3,11,1.585596054183554
10265331,7,3,0.1940196305513382,3,6,1.6397959366290509
10265357,8,1,0.2516656219959259,8,8,1.3796539694194034
10265285,8,1,0.26339465379714966,1,1,1.3341017867766267
10265353,7,1,0.22252389788627625,3,3,1.5027207769130233
10265306,10,1,0.41409221291542053,3,3,0.8816665934482388
10265333,5,2,0.2556600570678711,4,3,1.3639066190244538
10265358,8,1,0.29935935139656067,1,1,1.2061105830923209
10265281,10,9,0.07570073753595352,5,10,2.580967375707021
10265354,8,2,0.22038450837135315,3,1,1.5123814928699637
10265307,9,6,0.08563950657844543,4,5,2.457608576855424
10265336,8,5,0.11312556266784668,5,8,2.1792569031149984
10265361,11,3,0.1895519644021988,9,5,1.6630920735694117
10265286,10,4,0.15352952480316162,7,8,1.8738623864560815
10265347,12,4,0.1100044846534729,10,5,2.207234144443751
10265309,11,6,0.1028774306178093,2,3,2.274216993359428
10265335,10,1,0.24276849627494812,4,4,1.415646979965906
10265356,8,4,0.12169219553470612,1,11,2.106260409765564
10265348,8,1,0.21869483590126038,6,6,1.520077964283913
10265310,11,4,0.08782999962568283,3,4,2.4323521553149483
10265533,6,5,0.12846803665161133,4,3,2.0520751475990946
10265334,10,1,0.21513710916042328,2,2,1.5364797370843437
10265360,8,3,0.12843121588230133,4,11,2.052361802925639
10265350,8,5,0.09891714155673981,9,2,2.3134727332613974
10265311,14,6,0.08114983886480331,8,13,2.5114579706698015
10265536,6,1,0.2583329975605011,1,1,1.3535058380635467
10265329,9,5,0.11454375088214874,12,1,2.1667984251966743
10265362,10,4,0.10899996012449265,12,2,2.216407762583403
10265349,10,8,0.061273347586393356,3,7,2.7924103171059045
10265534,9,3,0.18797717988491058,8,1,1.6714347071106732
10265363,7,3,0.154476135969162,1,9,1.8677156543209965
10265531,8,6,0.08210151642560959,5,4,2.4997987922240563
10265532,5,4,0.1535779982805252,4,3,1.8735467088896096
10265535,8,5,0.1038418635725975,6,4,2.264886079609992
10269141,10,1,0.35843563079833984,11,11,1.0260061865328227
10269196,11,4,0.13651445508003235,5,2,1.9913247719417073
10269136,9,3,0.18639062345027924,1,6,1.679910681374234
10269194,7,1,0.24845223128795624,2,2,1.3925046801411454
10269137,12,5,0.0995403304696083,8,1,2.3071923855893046
10269199,10,1,0.364703506231308,6,6,1.008670567198614
10269138,12,7,0.05479978397488594,7,12,2.9040690271000624
10269192,11,1,0.399933785200119,1,1,0.9164562825766189
10269139,15,1,0.18118886649608612,3,3,1.7082153304393002
10269193,9,2,0.2000330239534378,5,3,1.6092728062976795
10266211,9,3,0.09210658073425293,7,4,2.3848088862185888
10269140,11,2,0.16039183735847473,12,18,1.8301354741309437
10269195,11,3,0.12792016565799713,9,2,2.0563489154447914
10269180,10,8,0.026791153475642204,11,12,3.619683540150861
10266213,11,2,0.21794085204601288,4,2,1.523531573897069
10269198,7,1,0.2624395191669464,4,4,1.337734626670885
10266214,9,2,0.1806928813457489,6,2,1.7109564770368266
10269197,9,1,0.2585937976837158,1,1,1.3524967971403745
10269183,10,5,0.10047746449708939,7,4,2.2978218104869845
10269184,7,1,0.2633032202720642,6,6,1.3344489821252523
10266209,10,2,0.1675495058298111,1,4,1.7864764141925369
10269179,11,2,0.13640879094600677,6,11,1.9920990858987884
10266212,11,1,0.23818156123161316,1,1,1.4347220338245177
10269178,7,2,0.3088189363479614,2,4,1.1750001403413142
10266210,12,4,0.10433757305145264,3,1,2.2601237416598208
10269182,6,2,0.2628481984138489,6,7,1.336178605786778
10269111,9,3,0.18283718824386597,1,5,1.699159203869907
10269108,9,9,0.06452061980962753,5,7,2.7407704192984323
10269109,14,2,0.13260355591773987,4,6,2.0203913847140744
10269104,10,3,0.1677580028772354,8,2,1.7852327971014685
10269105,10,7,0.08919627964496613,3,10,2.4169159482820515
10273007,9,4,0.12090280652046204,5,1,2.1127683080620696
10273112,9,2,0.31064262986183167,11,7,1.1691121276473821
10272917,7,4,0.08598459511995316,1,6,2.4535871252858716
10269110,10,2,0.1484626680612564,2,6,1.9074217458709253
10273014,9,7,0.06950769573450089,7,9,2.666317802548685
10273051,7,4,0.1442822962999344,7,4,1.93598350749309
10273110,11,2,0.22246694564819336,8,11,1.5029767472963305
10272922,10,2,0.15958955883979797,2,4,1.8351500169097337
10269106,11,1,0.2428322732448578,1,1,1.4153843075226995
10273008,11,4,0.1579827517271042,6,1,1.8452694181983935
10273117,10,2,0.17404696345329285,7,4,1.748430111281402
10273053,7,3,0.18137754499912262,4,1,1.7071745361787916
10272916,8,4,0.1319187581539154,1,2,2.0255690144052156
10269107,13,5,0.08885324746370316,13,3,2.4207691750921434
10273111,11,2,0.2401149719953537,1,10,1.426637420367315
10273010,11,1,0.2956089973449707,2,2,1.2187176528037438
10273055,8,1,0.23783151805400848,4,4,1.4361927633314742
10272918,10,3,0.15473319590091705,12,8,1.8660529619991215
10273115,8,1,0.2857905328273773,2,2,1.2524961392016498
10273009,15,3,0.11585216969251633,3,10,2.155440299815456
10273054,11,1,0.3142748177051544,3,3,1.157487460230239
10273118,8,3,0.14091722667217255,8,2,1.959582605860488
10272919,9,1,0.2178298681974411,2,2,1.5240409419927932
10273011,10,1,0.2205859124660492,1,1,1.5114680342832494
10273052,9,1,0.3601193130016327,5,5,1.021319877436581
10273113,9,3,0.1508292555809021,1,4,1.8916068396984618
10272921,10,5,0.08172473311424255,5,7,2.50439859203345
10273012,14,12,0.03952004015445709,2,13,3.23094739004891
10273114,11,8,0.06183333694934845,10,8,2.7833126271227298
10273056,11,1,0.2949455678462982,4,4,1.2209644554427075
10272914,10,6,0.09918085485696793,5,11,2.310810278710786
10273013,12,9,0.041362565010786057,8,1,3.185379034003129
10273057,11,4,0.14060041308403015,11,6,1.9618333616011392
10273043,4,2,0.30487436056137085,5,4,1.1878555198279297
10272915,16,7,0.06185797229409218,13,17,2.782914291213438
10269148,9,1,0.34763073921203613,6,6,1.056614456784973
10273047,5,1,0.37158623337745667,8,8,0.9899743196139145
10273050,13,6,0.07321412861347198,14,15,2.6143668627944012
10269149,8,3,0.17521202564239502,5,7,1.7417584633240424
10273044,7,1,0.42694327235221863,4,4,0.851104126213221
10269150,6,3,0.19941255450248718,2,4,1.612379462039759
10273045,9,1,0.5221288800239563,2,2,0.6498408249758301
10269152,7,6,0.024716902524232864,5,8,3.700267956661415
10273041,5,1,0.3402765691280365,2,2,1.0779965534219422
10269154,11,4,0.11251121759414673,2,4,2.184702350360597
10273046,7,5,0.04538735747337341,2,6,3.0925216824642194
10269153,9,1,0.26597028970718384,5,5,1.3243706692686825
10273042,8,3,0.1570175141096115,6,7,1.8513979250173174
10269151,10,10,0.03142706677317619,1,5,3.4600857582300915
10269155,9,2,0.19564679265022278,5,1,1.6314443237633187
10272905,9,1,0.2377612292766571,7,7,1.4364883472244483
10272925,7,1,0.2817067503929138,5,5,1.2668886413307825
10272901,10,5,0.06998614966869354,4,5,2.659457918385828
10272903,7,4,0.13662280142307281,7,1,1.9905314246692747
10272924,7,5,0.09211863577365875,1,4,2.38467801337011
10272900,7,4,0.1539459377527237,3,1,1.871153791755974
10273135,7,2,0.21874235570430756,2,6,1.5198606997067532
10272930,11,5,0.09533551335334778,1,4,2.350352889749039
10273002,4,3,0.27401605248451233,1,3,1.2945685886002436
10273143,14,2,0.10394065827131271,8,14,2.263935136236282
10272904,14,11,0.02781369350850582,6,12,3.5822268073110224
10272927,10,1,0.20905792713165283,3,3,1.5651439021106366
10273000,6,1,0.34435081481933594,5,5,1.0660943307408943
10273148,14,4,0.10398700833320618,1,14,2.263489307516919
10272907,14,2,0.10517329722642899,8,12,2.252145839544583
10273138,6,3,0.17383386194705963,3,1,1.7496552522913607
10277123,10,2,0.280722439289093,7,8,1.2703888583423473
10276843,7,1,0.43512725830078125,1,1,0.8321167428593339
10272931,10,1,0.23005828261375427,6,6,1.4694225994914782
10276933,9,4,0.09844967722892761,9,11,2.3182097524302834
10273001,6,1,0.23403005301952362,6,6,1.4523057401637154
10276890,12,2,0.16819341480731964,2,7,1.7826406831768926
10272906,13,7,0.06057173013687134,5,12,2.8039269941431235
10276908,8,2,0.21379214525222778,2,5,1.5427510198302128
10273139,7,1,0.3018680214881897,2,2,1.1977653720658952
10276844,7,1,0.34441450238227844,4,4,1.0659093981912044
10272926,13,9,0.06972620636224747,7,9,2.6631790439008323
10276936,6,1,0.2575784921646118,2,2,1.3564307813874845
10273004,8,1,0.26175764203071594,3,3,1.3403362337428182
10272899,15,2,0.09568563848733902,6,2,2.3466870598374494
10273230,7,3,0.1821233332157135,3,5,1.7030711663784421
10276909,9,3,0.1354183703660965,6,3,1.9993862529204214
10273140,8,5,0.10242851823568344,4,2,2.278590106754863
10277126,10,3,0.15261611342430115,9,3,1.8798295731486074
10276840,10,2,0.16036897897720337,2,12,1.8302780001512424
10272932,12,2,0.10438951849937439,8,2,2.2596260060893374
10276934,9,1,0.4301471710205078,2,2,0.8436278706642741
10272996,11,4,0.1662723273038864,11,3,1.7941283088913047
10276899,9,1,0.33583539724349976,3,3,1.0911341282100804
10276894,10,1,0.4807038903236389,12,12,0.732503811076404
10273253,5,1,0.3781619668006897,1,1,0.9724326915357243
10273144,5,1,0.2862916886806488,4,4,1.2507440974054613
10273462,6,4,0.15488500893115997,2,6,1.865072315253938
10273227,8,2,0.15337294340133667,5,4,1.8748827849972025
10273131,9,5,0.09755441546440125,1,2,2.3273449493351146
10276841,9,2,0.2419464886188507,9,6,1.4190386986861019
10276935,9,2,0.2709909975528717,2,9,1.3056696780163084
10272999,8,2,0.1765996515750885,5,3,1.7338699637752175
10273256,5,2,0.2185683250427246,1,4,1.5206566129027113
10276895,11,4,0.10384659469127655,3,6,2.2648405198449537
10273145,8,1,0.25916916131973267,2,2,1.3502742979721898
10273463,8,2,0.16571582853794098,2,4,1.7974808338376318
10276897,8,2,0.199874147772789,1,3,1.6100673716380394
10273231,7,1,0.2447662353515625,6,6,1.4074516653422837
10272929,11,8,0.07245039939880371,3,2,2.624853097479727
10273137,10,4,0.11366207152605057,8,1,2.174525517640934
10277128,9,1,0.28621146082878113,8,8,1.2510243678370268
10276842,8,7,0.05041664466261864,4,7,2.987433907183319
10276940,9,3,0.13308314979076385,8,9,2.016781159711263
10272995,9,8,0.043172579258680344,1,11,3.1425497246467984
10273254,4,3,0.12081152200698853,2,3,2.1135236171773326
10276892,13,1,0.20643551647663116,5,5,1.5777671842254275
10273151,12,1,0.17671847343444824,8,8,1.7331973582368738
10273458,5,3,0.1561918556690216,3,1,1.8566701833391002
10276900,9,6,0.08698894083499908,1,8,2.4419742852466744
10273228,8,1,0.20608127117156982,3,3,1.5794846677448684
10273133,11,5,0.1208423525094986,4,2,2.113268454683133
10277124,9,1,0.1983771175146103,2,2,1.6175854258907807
10276846,11,11,0.02384592406451702,3,13,3.7361419750150335
10276938,10,1,0.2456982433795929,10,10,1.4036511489327674
10272997,12,4,0.09949847310781479,12,8,2.3076129805854384
10273255,6,2,0.2327553927898407,1,2,1.4577671932122152
10276893,10,5,0.0887465849518776,1,4,2.421970330782427
10273149,16,6,0.07187700271606445,2,3,2.632798916377134
10273465,8,2,0.18393829464912415,2,4,1.6931549327850741
10276898,10,5,0.09208419173955917,2,5,2.3850519928031733
10273233,12,3,0.12267809361219406,1,4,2.0981914793726877
10273136,12,2,0.1355285793542862,1,9,1.998572743158592
10277127,10,7,0.07345447689294815,1,10,2.61108942664793
10276848,9,2,0.21133734285831451,3,12,1.5542996408773129
10276939,10,1,0.2597143352031708,6,6,1.3481729627487817
10273003,12,1,0.1743832677602768,1,1,1.7464997138514933
10273257,6,1,0.35723111033439636,3,3,1.0293723387712328
10276889,9,3,0.14277993142604828,11,6,1.9464507751849496
10273152,12,1,0.13427646458148956,8,8,2.007854435921932
10273459,8,1,0.3053058087825775,5,5,1.186441352948092
10276901,6,5,0.08333013951778412,3,2,2.4849449763090425
10273229,10,1,0.16588284075260162,8,8,1.796473518403345
10273132,11,3,0.1191355437040329,15,13,2.1274934113418653
10277122,9,2,0.13572092354297638,1,6,1.9971545343222663
10276845,10,2,0.16458189487457275,4,2,1.804346991475705
10276937,15,3,0.11195149272680283,8,16,2.1896896021557652
10273252,5,5,0.15203483402729034,5,2,1.8836456131594028
10272998,12,3,0.10697934031486511,7,11,2.2351195443322847
10273150,14,2,0.1562335342168808,10,3,1.8564033769305581
10273467,10,5,0.07821159809827805,1,5,2.5483373291509857
10273232,11,7,0.05811857432126999,2,4,2.8452699704971263
10277125,10,10,0.043489404022693634,2,7,3.135237956244514
10273460,10,1,0.22827786207199097,9,9,1.4771916987333789
10273466,13,1,0.22517503798007965,1,1,1.4908772326431778
10273461,13,3,0.13013066351413727,10,3,2.039216229350424
10273464,9,2,0.1585596352815628,7,8,1.8416245085950647
10272892,10,5,0.04373887553811073,9,12,3.129517971926091
10272863,6,2,0.2822486460208893,6,3,1.2649668730554953
10272860,10,4,0.10860010981559753,8,7,2.220082860289466
10272890,10,2,0.21378348767757416,7,8,1.5427915159389152
10272862,6,3,0.1436280608177185,7,5,1.940528231863841
10276921,9,1,0.32534006237983704,5,5,1.1228842979064748
10272894,11,1,0.2686043977737427,11,11,1.3145156220793706
10272861,10,2,0.24237781763076782,2,10,1.4172575403986287
10276990,9,1,0.5283631086349487,8,8,0.6379715258891061
10276920,7,2,0.24970515072345734,1,6,1.3874744542621507
10277011,6,3,0.19715029001235962,6,4,1.6237889476356944
10272891,12,5,0.08431165665388107,7,2,2.4732351476868004
10276866,8,2,0.19261027872562408,6,2,1.6470864127886464
10276993,10,1,0.24187812209129333,3,3,1.4193213074104165
10272864,7,3,0.17650747299194336,3,5,1.7343920636073977
10272945,9,2,0.3179859220981598,2,5,1.1457481673134844
10277008,8,2,0.23574818670749664,6,5,1.444991049088833
10272893,11,2,0.21091055870056152,12,13,1.5563211277882576
10276860,8,3,0.15631631016731262,8,9,1.8558736953207
10276995,9,1,0.38299280405044556,1,1,0.9597390783580326
10272942,6,1,0.2547985911369324,1,1,1.3672818845893198
10272859,8,2,0.21021904051303864,8,5,1.559605241801328
10276923,6,4,0.15109695494174957,2,5,1.8898335625090934
10277009,9,1,0.197068989276886,8,8,1.6242014121745816
10272895,10,2,0.17962782084941864,1,4,1.7168682306037168
10276861,5,4,0.14953899383544922,6,5,1.9001980918304273
10276870,11,1,0.3026446998119354,11,11,1.195195769396713
10276992,11,2,0.12375130504369736,5,3,2.089481331781289
10272943,7,1,0.2974598705768585,5,5,1.2124759519120496
10276922,8,3,0.133055180311203,5,6,2.0169913472453405
10277005,9,2,0.223763570189476,3,1,1.497165274774729
10276867,7,2,0.21703486144542694,7,2,1.5276972865225555
10276862,8,1,0.3615533709526062,8,8,1.017345610790739
10276994,9,1,0.23430904746055603,7,7,1.4511143193587954
10272944,10,1,0.3074129521846771,8,8,1.1795633141371826
10276918,10,1,0.22957466542720795,9,9,1.4715269628408691
10277006,8,5,0.12971231341362,6,8,2.042436254512833
10276872,9,2,0.17957618832588196,1,6,1.7171557136082123
10277205,13,2,0.17975352704524994,12,11,1.7161686606249495
10276864,10,2,0.20652537047863007,1,9,1.5773320146669767
10276988,7,4,0.12977328896522522,5,8,2.0419662819812663
10272946,10,7,0.051757488399744034,5,8,2.961186153928486
10276917,12,2,0.1896965354681015,3,4,1.6623296654230115
10277010,9,5,0.09811685234308243,5,7,2.321596139773326
10276868,8,2,0.2044169306755066,1,6,1.5875935929894167
10277201,14,1,0.2775437533855438,7,7,1.281776688366418
10276863,11,2,0.14254437386989594,13,8,1.9481019321687552
10276991,9,4,0.10589557141065598,3,5,2.245301845845459
10272947,10,8,0.036247558891773224,1,6,3.3173832408655555
10276914,16,4,0.08465136587619781,4,13,2.4692140349608387
10277007,10,2,0.1599637269973755,7,8,1.8328081957164635
10276873,11,6,0.060630716383457184,1,9,2.8029536433084443
10277207,13,1,0.29717978835105896,2,2,1.2134179753452554
10276989,8,1,0.22396893799304962,3,3,1.496247906416511
10276865,14,5,0.08114026486873627,2,6,2.5115759568668388
10276913,8,3,0.12093285471200943,1,5,2.1125198071457953
10276869,11,2,0.15839071571826935,8,7,1.8426904142093279
10277206,16,2,0.1627349853515625,12,5,1.815632258053674
10277202,10,1,0.23732179403305054,1,1,1.438338278067552
10277198,10,4,0.08754388242959976,3,8,2.4356150978532836
10277199,11,3,0.14213362336158752,2,5,1.9509876542641962
10277204,12,3,0.1327698677778244,2,8,2.0191379669487066
10277200,10,5,0.07323618978261948,8,1,2.614065584250852
10276804,5,1,0.5119090676307678,5,5,0.6696082719994391
10276833,5,4,0.10348320752382278,8,6,2.268345925586683
10276806,9,2,0.19063636660575867,2,1,1.6573875053023621
10276835,8,2,0.22395393252372742,9,8,1.4963149066538979
10276834,8,2,0.31546154618263245,1,2,1.153718486576067
10276807,8,1,0.36606594920158386,1,1,1.0049417727375067
10276829,10,1,0.32416319847106934,1,1,1.1265081910187773
10276801,10,3,0.18369360268115997,11,4,1.6944861121842216
10276830,10,1,0.33825933933258057,5,5,1.0839424015730725
10276802,7,5,0.0766703188419342,7,15,2.5682406227929535
10276831,7,1,0.3041243255138397,2,2,1.190318695673463
10276803,11,2,0.10750942677259445,5,2,2.230176744351187
10276832,10,7,0.07199392467737198,3,7,2.631173543007175
10280126,8,2,0.3567104935646057,4,8,1.0308307685902194
10280212,5,5,0.13935981690883636,5,8,1.970696079678776
10280125,9,2,0.24278032779693604,10,5,1.4155982453324203
10280215,9,1,0.31962093710899353,10,10,1.1406195568821802
10280123,9,2,0.3570271134376526,9,1,1.0299435520817726
10280209,11,1,0.31210610270500183,4,4,1.1644120762118517
10280214,9,7,0.045022428035736084,7,1,3.1005945125781054
10280122,8,4,0.12201831489801407,3,10,2.103584123401208
10280315,7,3,0.20590879023075104,6,4,1.5803219741124477
10280208,10,9,0.04502621293067932,3,9,3.1005104492340094
10280124,9,3,0.1834150105714798,1,2,1.6960038764267569
10280316,9,4,0.1551971733570099,4,6,1.8630588843047398
10280210,11,1,0.17244702577590942,4,4,1.7576651866258972
10280127,8,6,0.07063303142786026,3,7,2.6502573766485504
10280211,11,2,0.14692281186580658,1,9,1.9178479194593452
10280317,6,3,0.20718061923980713,6,4,1.5741643094590365
10280128,9,2,0.20722058415412903,1,5,1.573971429157925
10280213,12,11,0.03783687576651573,2,7,3.2744711025169178
10280318,5,3,0.23069755733013153,5,1,1.4666477019376702
10280129,11,4,0.11442084610462189,3,1,2.1678719954424577
10280321,10,2,0.19193047285079956,3,6,1.6506220931045936
10280319,11,9,0.04250225052237511,10,9,3.1581982509861017
10290619,10,6,0.08610077202320099,10,3,2.4522369010009513
10290616,8,1,0.2998291850090027,7,7,1.2045423497894905
10290613,7,1,0.29719892144203186,6,6,1.2133535952096137
10290614,8,7,0.04112713038921356,1,7,3.1910872684610894
10290642,7,4,0.14762714505195618,1,6,1.9130654741589572
10290718,6,1,0.3377889394760132,4,4,1.0853340179626918
10290615,13,6,0.04764454439282417,1,15,3.0439871487668153
10290659,9,1,0.22872772812843323,1,1,1.4752229429395967
10290643,7,1,0.48142266273498535,6,6,0.7310096780171321
10290617,10,4,0.10189652442932129,3,6,2.283797446996361
10290647,10,1,0.21925264596939087,2,2,1.5175305795272227
10290719,10,1,0.2688906788825989,5,5,1.3134503801883812
10290612,11,2,0.20133499801158905,8,10,1.6027851014801318
10290631,7,3,0.23481209576129913,2,7,1.4489696771876834
10290654,13,1,0.36431559920310974,3,3,1.0097347562216872
10290645,6,2,0.23845762014389038,4,9,1.4335636777600906
10290665,10,3,0.18545082211494446,6,2,1.6849655419749696
10290722,7,7,0.027662677690386772,3,8,3.587671150114103
10290618,10,5,0.07238836586475372,7,2,2.6257096849786628
10290632,9,1,0.25058773159980774,6,6,1.3839461938246729
10290657,12,3,0.10094815492630005,5,10,2.2931482114948256
10290666,7,4,0.12063026428222656,1,2,2.1150250785573186
10290646,11,9,0.035761963576078415,4,3,3.3308704203387207
10290723,8,5,0.13920658826828003,4,10,1.971796202688318
10290667,7,1,0.26857566833496094,4,4,1.3146225859844807
10290634,9,7,0.06862135976552963,1,3,2.679151425870438
10290658,13,1,0.23094551265239716,2,2,1.4655734722471025
10290641,6,1,0.2326435148715973,4,4,1.458247976121486
10290671,8,1,0.22973006963729858,6,6,1.4708502695513956
10290716,11,1,0.2447313666343689,9,9,1.4075941327092785
10290633,8,5,0.14320869743824005,4,6,1.9434522899994071
10290655,12,4,0.09860021620988846,2,10,2.316681824577894
10290832,5,1,0.32022804021835327,1,1,1.1387219113031246
10290644,11,3,0.14908964931964874,3,2,1.903207480683245
10290670,7,2,0.19789424538612366,7,6,1.6200225051889046
10290635,13,3,0.11106889694929123,4,5,2.19760457698332
10290720,11,1,0.1808440089225769,1,1,1.7101204484616053
10290656,13,3,0.13049107789993286,8,2,2.036450423139517
10290672,10,9,0.058349575847387314,8,9,2.8413031893867493
10290648,10,5,0.11969052255153656,5,13,2.122845846231741
10290717,10,1,0.20726682245731354,3,3,1.573748318382356
10290668,11,2,0.13641734421253204,8,12,1.9920363846731666
10290828,8,2,0.2025742083787918,3,1,1.596648998436187
10290669,10,1,0.27917835116386414,15,15,1.2759044499115835
10290721,12,4,0.11602811515331268,10,8,2.153922745231807
10290829,10,1,0.21179169416427612,5,5,1.5521520620498959
10290830,13,6,0.06943577527999878,2,8,2.6673530503426304
10290831,11,1,0.18098929524421692,5,5,1.70931739176243
10290834,16,3,0.13962890207767487,1,2,1.9687670751422763
10294004,4,2,0.3386976420879364,1,6,1.0826474808362119
10294007,5,4,0.06703468412160873,3,6,2.702545120081003
10293878,6,4,0.08001741766929626,5,1,2.5255109471398005
10293986,7,2,0.26844748854637146,8,1,1.3150999575442772
10293925,4,1,0.36238881945610046,2,2,1.0150375566796779
10294005,6,1,0.38514870405197144,5,5,0.9541257749766423
10293879,10,1,0.3690606951713562,2,2,0.9967941629086453
10293984,8,3,0.17933152616024017,7,1,1.7185190847126193
10293927,10,1,0.23885078728199005,4,4,1.4319162430159902
10294006,8,2,0.2694459855556488,5,1,1.3113873333751547
10293880,8,2,0.168766587972641,7,3,1.7792386549634056
10293992,11,3,0.212502583861351,6,4,1.5488011313440557
10293922,6,4,0.1222614049911499,1,3,2.101593862617473
10294001,8,3,0.1423080712556839,6,3,1.94976105549707
10293990,6,2,0.18614427745342255,3,5,1.681233220723789
10294002,8,5,0.11752379685640335,2,6,2.1411144394661585
10293926,9,3,0.16176950931549072,5,8,1.8215827388682866
10293876,11,8,0.03515342250466347,5,16,3.3480332969117472
10293991,10,1,0.3903343975543976,8,8,0.9407514776145786
10293923,7,2,0.28559404611587524,1,4,1.2531838956672179
10293998,9,3,0.15679410099983215,8,6,1.8528217929480635
10293877,11,7,0.06822803616523743,2,8,2.6848997111391992
10293989,10,2,0.14699527621269226,11,5,1.917354827327264
10293920,11,2,0.18685106933116913,8,3,1.6774434001279293
10293999,8,4,0.1372373104095459,2,4,1.986043658899272
10293881,9,2,0.1740197390317917,1,7,1.7485865434902994
10293921,9,6,0.10435768961906433,3,4,2.2599309575264717
10293988,10,10,0.03187689930200577,2,6,3.4458736913334396
10294000,10,8,0.06788533926010132,6,3,2.689935184371469
10293883,10,5,0.11955970525741577,12,6,2.1239394067968074
10293924,13,2,0.16117899119853973,7,6,1.8252397849554656
10293985,11,3,0.13775813579559326,3,14,1.982255770656232
10293916,5,2,0.30077025294303894,5,1,1.2014085849381944
10291481,9,2,0.2122499942779541,4,9,1.549990480749672
10294003,12,4,0.09279502928256989,4,3,2.3773622043899825
10293882,14,4,0.130707785487175,11,5,2.0347910925118478
10293915,6,2,0.19431263208389282,7,6,1.638286911413545
10293987,13,6,0.07368432730436325,8,1,2.6079651577015537
10291482,11,2,0.198764830827713,6,10,1.615632907714873
10293917,8,2,0.23906855285167694,3,9,1.4310049361636799
10291483,8,2,0.19449272751808167,1,8,1.6373605072752204
10293911,10,1,0.30543386936187744,5,5,1.186021990703393
10291485,8,4,0.14062926173210144,2,6,1.9616282008321604
10293912,10,2,0.23862920701503754,9,8,1.4328443668557533
10291484,10,4,0.12768693268299103,5,2,2.058173849425495
10293918,5,3,0.24385662376880646,6,1,1.4111748339027768
10291486,12,2,0.11060510575771332,3,11,2.2017890267848124
10293914,7,6,0.08698767423629761,8,7,2.4419888458093224
10291480,12,2,0.15413697063922882,2,1,1.8699136521326145
10293913,5,1,0.3094095289707184,7,7,1.173089543092739
10293825,11,3,0.11757241934537888,1,8,2.1407008003999555
10293826,7,7,0.08393432199954987,3,7,2.477720666924904
10293819,7,7,0.08129782229661942,4,6,2.5096360488065654
10298384,11,4,0.10344285517930984,8,5,2.268735942624627
10293820,14,10,0.048006344586610794,3,9,3.0364220979213807
10298461,4,1,0.35470762848854065,4,4,1.036461410558892
10293821,14,5,0.08365049958229065,3,2,2.481107879274363
10293824,10,1,0.25156906247138977,5,5,1.3800377248667186
10298376,12,1,0.20734946429729462,3,3,1.5733496758605083
10298383,13,3,0.10992855578660965,4,2,2.2079246170505766
10298627,6,1,0.3216868042945862,1,1,1.1341768642461907
10298463,13,5,0.07614990323781967,3,4,2.5750514703204384
10298378,14,2,0.11190492659807205,12,4,2.190105637840986
10298629,5,2,0.33125847578048706,5,4,1.1048563147472057
10298467,12,1,0.1491883546113968,10,10,1.9025456464611425
10298501,13,1,0.16377554833889008,1,1,1.8092583962465225
10298377,10,1,0.24502940475940704,2,2,1.406377056213014
10298464,13,1,0.19436830282211304,10,10,1.63800045157669
10298631,8,3,0.19383227825164795,6,2,1.6407620389480553
10298496,6,1,0.2647051513195038,2,2,1.3291387089656301
10298381,14,1,0.15105117857456207,4,4,1.8901365686339702
10298466,8,2,0.1967051774263382,1,2,1.626049232498152
10298632,7,4,0.13369259238243103,1,2,2.012212201177794
10298497,12,4,0.10365975648164749,14,12,2.266641315426042
10293840,6,5,0.05856373533606529,3,1,2.837639624886827
10298380,10,1,0.23140400648117065,2,2,1.46359015027923
10298440,5,4,0.09315034747123718,2,4,2.37354045170814
10298498,9,9,0.04855388402938843,1,12,3.025081086839358
10298628,7,3,0.15972569584846497,1,5,1.8342973359625094
10293846,6,6,0.029012836515903473,4,7,3.540016908451746
10298438,7,1,0.39390844106674194,2,2,0.93163677976867
10298502,11,3,0.15358206629753113,10,7,1.8735202209605115
10298630,5,1,0.31402507424354553,2,2,1.1582824419832594
10298439,8,3,0.1566065400838852,10,11,1.854018733309711
10298499,14,4,0.10262227803468704,3,5,2.2767002349748213
10293841,12,6,0.06915578246116638,3,7,2.6713936023694265
10298441,8,1,0.19648975133895874,6,6,1.6271450050688279
10293842,7,2,0.20141130685806274,2,1,1.6024061589723337
10298500,12,3,0.12804122269153595,7,4,2.055403014632599
10298442,6,3,0.1650400310754776,3,6,1.8015672219285768
10293839,9,1,0.29913175106048584,6,6,1.2068711636460245
10298436,11,2,0.17667798697948456,9,5,1.7334264859145727
10293844,7,2,0.22942374646663666,1,2,1.4721845640965563
10298437,8,2,0.17691344022750854,4,7,1.7320947042891828
10293845,6,5,0.11107155680656433,4,6,2.197580629456174
10298314,7,2,0.15705028176307678,5,8,1.8511892589011807
10298315,7,5,0.13531675934791565,8,5,2.000136883420861
10298316,5,5,0.12656930088996887,8,3,2.0669652876980606
10298325,11,2,0.19096563756465912,2,1,1.6556617751593334
10298416,4,3,0.23775659501552582,2,3,1.4365078386541894
10298474,12,3,0.12005532532930374,4,10,2.1198025980375452
10298318,8,4,0.08187428116798401,8,2,2.5025703646929385
10298541,10,3,0.1355564147233963,9,11,1.9983673804877247
10298329,16,9,0.0520334430038929,4,6,2.9558686324329475
10298418,7,2,0.1855907291173935,1,5,1.684211410753736
10298475,7,1,0.2819676995277405,3,3,1.2659627552860797
10298317,10,2,0.1600300669670105,5,3,1.8323935628589725
10298583,8,1,0.3152359127998352,7,7,1.154433990940988
10298533,6,3,0.22666612267494202,4,5,1.4842771694464654
10301570,7,1,0.33396679162979126,1,1,1.0967137172066648
10298330,12,1,0.20400790870189667,4,4,1.5895965177428335
10298420,10,4,0.1021936759352684,7,12,2.2808854824297935
10301660,8,2,0.2412737011909485,12,2,1.4218233003100536
10298472,13,3,0.15847249329090118,4,6,1.842174244631274
10298320,7,3,0.15855413675308228,10,7,1.8416591871802666
10298579,7,3,0.1660376787185669,3,1,1.7955405361493788
10301613,9,3,0.10516428202390671,2,7,2.252231560817595
10298539,12,3,0.15065409243106842,7,6,1.8927688486166887
10301571,7,1,0.3959602415561676,1,1,0.9264414728787729
10301689,8,3,0.19882960617542267,5,7,1.6153070714241493
10298411,10,1,0.20104198157787323,4,4,1.6042415291605117
10301654,11,1,0.31895002722740173,2,2,1.1427208429284397
10298469,13,1,0.14109674096107483,11,11,1.9583095177602459
10298327,16,3,0.09345243871212006,9,7,2.3703026489831895
10298321,8,2,0.17049191892147064,10,8,1.7690673797368193
10298582,12,1,0.16765783727169037,7,7,1.7858300593445289
10301610,8,2,0.21869991719722748,8,10,1.520054729912987
10298536,12,2,0.16329990327358246,15,14,1.8121668713293317
10301803,7,3,0.23018299043178558,9,2,1.46888067581628
10301574,8,3,0.1467524915933609,8,2,1.9190078419283816
10301684,9,1,0.35016313195228577,5,5,1.0493561417932393
10298413,10,1,0.3706831932067871,1,1,0.9924075078441111
10301658,9,5,0.057858582586050034,3,4,2.8497534770371837
10298470,11,4,0.14174631237983704,4,5,1.9537163516697285
10298693,5,1,0.32969680428504944,3,3,1.1095818217477589
10298328,17,3,0.10772516578435898,3,16,2.2281720565224132
10298584,8,4,0.11839422583580017,6,4,2.1337353260001577
10301612,9,1,0.31860217452049255,2,2,1.1438120562925298
10298534,9,7,0.0758429616689682,2,9,2.57909037025556
10301806,10,1,0.22489139437675476,3,3,1.4921376849697046
10301579,12,2,0.25388070940971375,10,5,1.3708907702760145
10301685,8,4,0.14798201620578766,2,4,1.9106645247242744
10298419,11,8,0.06819277256727219,3,6,2.685416693835289
10298479,9,4,0.13128626346588135,6,2,2.030375122598924
10298689,6,1,0.2531547546386719,5,5,1.3737542988398832
10298323,13,13,0.025270266458392143,4,6,3.678126813182061
10298580,10,6,0.06916939467191696,3,5,2.671196787717508
10301611,11,2,0.1352211982011795,7,4,2.0008433362349223
10298535,12,4,0.09982402622699738,13,3,2.3043463808813582
10301804,12,1,0.19867630302906036,4,4,1.6160783965814012
10301572,9,6,0.09820441156625748,2,8,2.320704140330809
10301688,10,2,0.16818776726722717,3,6,1.7826742613934752
10298412,11,1,0.1964593529701233,3,3,1.6272997241841674
10301656,12,4,0.08143139630556107,8,6,2.5079943763387873
10298473,12,3,0.1349780112504959,2,6,2.002643393435991
10298690,8,1,0.3737804591655731,1,1,0.9840866615026883
10298585,10,3,0.12896251678466797,9,14,2.0482334844041112
10301608,11,6,0.0936904326081276,6,8,2.3677592015878433
10298537,12,9,0.056753575801849365,5,2,2.8690366148814364
10301808,12,3,0.1412440687417984,7,6,1.9572659010457492
10301568,11,2,0.28435656428337097,1,2,1.2575263202720464
10301686,12,1,0.2575107514858246,3,3,1.3566938064069847
10298414,7,1,0.2068689912557602,8,8,1.575669578562009
10301659,11,2,0.15299539268016815,9,3,1.8773474712446285
10298478,8,1,0.3041590750217438,9,9,1.1902044413377002
10298694,5,2,0.2718779742717743,1,3,1.302401937348824
10298587,12,5,0.08126381784677505,1,12,2.510054406425378
10301609,11,5,0.10565230250358582,1,9,2.2476017414653042
10298542,10,7,0.07691015303134918,2,6,2.565117382169358
10301805,12,1,0.16022846102714539,6,6,1.831154600781954
10301569,7,3,0.14265716075897217,2,5,1.9473110044824602
10301687,12,6,0.06677830964326859,7,10,2.7063769571070178
10298417,15,2,0.1411113739013672,6,5,1.9582058145743002
10301657,13,7,0.06912452727556229,4,3,2.6718456578528986
10298477,11,2,0.12551471590995789,1,9,2.075332269037833
10298691,5,2,0.280880868434906,1,2,1.269824655290703
10298586,9,5,0.11905398219823837,5,1,2.128178256812491
10298540,13,2,0.137283593416214,11,19,1.9857064677676561
10301578,12,1,0.20984093844890594,2,2,1.5614054712218057
10301810,12,3,0.11581576615571976,3,7,2.1557545732341135
10298415,14,5,0.10766977071762085,1,2,2.228686414648551
10298471,16,3,0.11597315967082977,5,15,2.1543964967967706
10298581,10,2,0.17920929193496704,3,15,1.7192009274699276
10301717,8,2,0.18723922967910767,9,7,1.6753681766416841
10301789,13,1,0.36912643909454346,13,13,0.9966160402611233
10301899,10,1,0.2636093199253082,6,6,1.333287120661247
10301522,9,3,0.14535966515541077,8,3,1.9285441584507355
10301909,10,2,0.24687081575393677,7,8,1.3988900923151972
10301791,8,1,0.36563706398010254,8,8,1.0061140660392205
10301895,8,1,0.3436505198478699,3,3,1.0681300686908892
10301591,10,1,0.31382909417152405,2,2,1.1589067273292697
10301523,10,1,0.4034840166568756,3,3,0.9076184038116549
10301910,10,3,0.1377435326576233,4,7,1.9823617819052064
10301718,14,3,0.14366264641284943,10,2,1.9402874611432606
10301793,11,1,0.4679202139377594,10,10,0.7594574806373511
10301893,12,1,0.18962545692920685,5,5,1.6627044316699005
10301592,11,3,0.16108766198158264,7,3,1.8258065778178412
10301524,11,1,0.2852567136287689,5,5,1.2543657545703135
10301908,10,2,0.2239198088645935,3,8,1.4964672873632208
10301715,14,3,0.09707847237586975,14,18,2.332235633972001
10301787,8,2,0.31393522024154663,9,12,1.1585686193209073
10301897,8,1,0.24326308071613312,3,3,1.4136117845781424
10301597,10,2,0.1694076806306839,9,3,1.7754471575872735
10301520,12,1,0.27850964665412903,2,2,1.2783025823183425
10301714,14,1,0.4518938660621643,11,11,0.7943079363189771
10301911,9,5,0.08390499651432037,1,2,2.478070114072182
10301713,9,2,0.16135574877262115,4,7,1.8241437319114269
10301792,10,2,0.20381475985050201,3,1,1.590543737604455
10301901,8,6,0.07749573886394501,4,7,2.557532326535133
10301593,10,4,0.09089086949825287,2,9,2.398095728407472
10301521,12,1,0.19339047372341156,5,5,1.6430439540354012
10301905,9,7,0.05694039911031723,6,8,2.865750187843196
10301716,11,3,0.1357296109199524,3,2,1.9970905272500667
10301794,7,6,0.06268084049224854,3,7,2.769699452326905
10301898,13,7,0.014610063284635544,2,10,4.22604472163168
10301594,10,1,0.15725819766521454,4,4,1.8498662533440735
10301518,12,4,0.11057305335998535,5,2,2.202078860085534
10301906,10,1,0.23095685243606567,1,1,1.465524371898077
10301790,8,1,0.41660377383232117,4,4,0.8756196915493404
10301719,13,1,0.20964199304580688,1,1,1.5623539981013437
10301892,9,7,0.04172595217823982,6,18,3.1766319893653234
10301596,11,11,0.04055443033576012,3,5,3.2051102482664096
10301519,12,7,0.05091192200779915,2,13,2.9776581587300566
10301907,9,1,0.2453913688659668,2,2,1.4049009190191915
10301788,10,2,0.21500052511692047,2,8,1.5371148084531756
10301720,9,4,0.1327805072069168,16,14,2.01905783579394
10301595,11,2,0.1743566393852234,1,9,1.7466524257984746
10301894,14,5,0.07022649794816971,6,8,2.656029575522712
10301900,13,3,0.10194886475801468,14,7,2.2832839173055275
10302110,9,7,0.04547157883644104,2,6,3.090667789152013
10301583,11,3,0.22816699743270874,12,6,1.4776774732542384
10305601,8,3,0.1885671317577362,8,11,1.6683011988498588
10302108,6,1,0.2891923487186432,1,1,1.2406632457603646
10301577,10,1,0.2551892101764679,3,3,1.365750008278096
10305595,11,1,0.29072216153144836,10,10,1.2353872392647494
10302103,6,3,0.21540787816047668,7,5,1.5352219403675087
10301576,12,2,0.18853771686553955,3,6,1.668457202636942
10305602,12,5,0.06370707601308823,8,1,2.753459639165346
10302104,11,2,0.2580866515636444,12,6,1.3544598916746369
10301575,10,4,0.1385098397731781,6,1,1.9768139105846365
10305596,9,3,0.11830689758062363,2,3,2.134473203859615
10302105,8,5,0.11279265582561493,7,5,2.1822040499667374
10305597,8,2,0.22514961659908295,1,5,1.4909901351048362
10301582,10,4,0.12437175959348679,9,1,2.0844801373624833
10302106,8,5,0.09959475696086884,5,10,2.3066457567323004
10305598,11,1,0.2528194487094879,4,4,1.375079686482375
10301573,9,6,0.08648600429296494,5,11,2.447772678216679
10305600,8,2,0.188717782497406,4,5,1.6675025941774513
10302109,11,9,0.04819902777671814,1,8,3.032416428736519
10301580,10,4,0.12670335173606873,8,4,2.0659067378923295
10305599,9,2,0.18599392473697662,3,5,1.6820412685068002
10302107,8,4,0.16119353473186493,1,2,1.8251495568363472
10301581,11,1,0.14821738004684448,10,10,1.9090752987260344
10305573,8,5,0.13455364108085632,5,1,2.0057923410021523
10305621,12,2,0.25655660033226013,2,5,1.360405974650654
10305574,10,1,0.3289836347103119,8,8,1.1117472719758137
10305622,11,2,0.2187599241733551,2,4,1.5197803871238706
10305669,7,1,0.5248410701751709,2,2,0.6446597856963792
10305575,7,2,0.19230903685092926,2,3,1.6486516339869908
10305619,10,3,0.07595159113407135,9,11,2.5776591004024403
10305664,10,1,0.31270071864128113,6,6,1.1625087163397188
10305620,7,1,0.5494714379310608,3,3,0.5987984847768025
10305576,7,1,0.2670314311981201,1,1,1.320388907667178
10305665,11,1,0.5168070793151855,1,1,0.6600856282422696
10305624,9,1,0.35070154070854187,10,10,1.0478197286077253
10305579,9,4,0.07281794399023056,3,8,2.619792870769247
10305666,10,1,0.22692179679870605,7,7,1.4831498283517612
10305623,5,3,0.18327026069164276,2,7,1.696793381207558
10305578,11,2,0.15515795350074768,3,2,1.8633116261032598
10305625,10,3,0.1631239652633667,3,6,1.813244844138375
10305667,10,1,0.24007520079612732,3,3,1.4268030680692916
10305577,9,5,0.10319396108388901,3,1,2.271144944275822
10305626,6,3,0.16896434128284454,2,8,1.7780675846487057
10305670,10,2,0.17586727440357208,5,6,1.7380256911445284
10305580,10,2,0.15486222505569458,11,2,1.8652194279510441
10305668,14,3,0.10213517397642136,6,11,2.281458107983854
10315554,11,3,0.17504766583442688,17,6,1.74269696594956
10315550,12,2,0.24757151305675507,9,2,1.3960557970655347
10315551,10,1,0.3266548216342926,12,12,1.1188512569462357
10315553,10,1,0.27240851521492004,1,1,1.3004524452286954
10315556,10,2,0.1701527088880539,6,8,1.7710589575739202
10315555,12,10,0.042059727013111115,2,1,3.168664599144454
10315526,6,2,0.27390167117118835,1,5,1.2949861013400117
10315486,6,2,0.21426941454410553,8,2,1.5405211093011137
10315552,12,4,0.09825892746448517,1,4,2.320149167582245
10315527,7,3,0.19507445394992828,3,4,1.6343739781634001
10315557,12,1,0.27678000926971436,1,1,1.284532278693081
10315529,9,5,0.12056117504835129,9,5,2.1155979781258663
10315512,12,1,0.27571171522140503,2,2,1.2883994692131524
10315490,10,7,0.06145993620157242,2,3,2.7893697603282965
10315530,7,2,0.20509451627731323,3,4,1.5842843510856488
10315601,10,7,0.07459200173616409,7,8,2.5957219928533175
10315516,9,1,0.2754589021205902,2,2,1.2893168371227983
10306664,7,2,0.23622865974903107,1,3,1.4429550457928346
10315491,8,2,0.25254207849502563,1,4,1.3761773966458235
10315528,8,3,0.13149374723434448,9,2,2.0287959780435445
10315604,12,2,0.14105647802352905,4,9,1.9585949154456876
10315513,9,1,0.320941299200058,1,1,1.1364970411102555
10306661,9,1,0.23029716312885284,5,5,1.4683847903865865
10315493,9,3,0.14712318778038025,10,5,1.9164850310280745
10315532,11,2,0.16747614741325378,7,8,1.78691434136032
10315602,10,7,0.07018660753965378,13,2,2.656597761938795
10315514,10,2,0.20327463746070862,11,3,1.5931973203816052
10306665,8,7,0.06437701731920242,1,7,2.7429985834919113
10315488,9,1,0.22164905071258545,1,1,1.506660000621877
10315603,10,3,0.18105310201644897,1,2,1.7089649094378434
10306668,8,2,0.22803190350532532,3,1,1.4782697321617218
10306670,13,9,0.06331652402877808,1,10,2.759608940789172
10306662,11,5,0.06512893736362457,9,8,2.7313863221776162
10306663,11,4,0.11203955858945847,3,11,2.188903268356483
10306667,9,9,0.03611772507429123,8,4,3.3209715348561644
10319222,14,1,0.22663377225399017,2,2,1.484419902420237
10319216,13,2,0.21808871626853943,2,12,1.5228533436166494
10319220,14,1,0.16971299052238464,3,3,1.7736465597460915
10319225,13,5,0.07874123752117157,10,5,2.5415882770397373
10319221,11,5,0.0785292536020279,5,10,2.544284066262605
10319309,5,4,0.16113752126693726,4,1,1.8254971092328605
10319256,7,2,0.22313867509365082,2,3,1.4999618393911938
10319217,11,4,0.12017756700515747,8,4,2.1187849048714154
10319312,8,3,0.16162225604057312,2,1,1.8224934193547384
10319257,6,1,0.3594132959842682,7,7,1.0232823103690942
10319218,11,4,0.10803855210542679,6,8,2.22526715161525
10319310,8,1,0.3424805700778961,11,11,1.0715403525886207
10319258,7,1,0.238372802734375,11,11,1.4339194327888822
10319219,14,7,0.04783245548605919,9,12,3.0400508848267966
10319313,9,6,0.08513254672288895,1,5,2.463545863841296
10319259,7,1,0.5737874507904053,4,4,0.5554962460288506
10319224,14,4,0.10549367964267731,1,6,2.249104236460823
10319311,7,1,0.2889597713947296,1,1,1.2414677998850254
10319262,8,1,0.21053282916545868,1,1,1.5581136799892077
10319439,5,2,0.27098172903060913,4,3,1.3057038809265615
10319315,7,2,0.2165098935365677,4,2,1.5301190349552092
10319261,9,1,0.25790107250213623,6,6,1.3551792075066016
10319438,5,1,0.26812422275543213,1,1,1.3163048881182964
10319316,7,4,0.10281194001436234,3,1,2.2748537847060954
10315775,8,1,0.24805638194084167,5,5,1.3940992121208104
10319260,12,4,0.13288256525993347,5,3,2.0182895087766424
10319441,5,2,0.26379382610321045,2,3,1.3325874426755593
10319285,8,4,0.1370301991701126,6,8,1.9875539455469213
10319314,9,8,0.05592406913638115,5,6,2.883760416601312
10315776,13,4,0.14234398305416107,8,1,1.9495087348261038
10319440,4,2,0.1740843802690506,1,2,1.7482151532399814
10315779,6,4,0.19437892735004425,3,2,1.6379457912364523
10319317,11,1,0.18008115887641907,4,4,1.714347647062191
10319287,9,4,0.1625249832868576,7,6,1.8169235457258963
10315778,16,2,0.15076106786727905,14,6,1.892059027381444
10319291,8,4,0.1448056995868683,3,1,1.9323624380174116
10315780,11,1,0.18314801156520844,6,6,1.6974606466810687
10319289,10,3,0.15105323493480682,5,4,1.8901229550609613
10315777,10,2,0.1930825561285019,4,1,1.6446374295758914
10319290,7,1,0.23780320584774017,7,7,1.4363118135390347
10315774,12,6,0.06748583912849426,1,13,2.6958374938017715
10319288,9,2,0.18058344721794128,5,9,1.711562296585479
10319292,9,2,0.17265965044498444,4,6,1.756432960704874
10323048,11,10,0.04666326567530632,5,6,3.064798026082994
10323151,13,7,0.037011947482824326,15,9,3.296514513519295
10319505,4,3,0.24871304631233215,4,1,1.3914554715175622
10323376,6,3,0.19250088930130005,4,1,1.647654505517956
10323152,9,3,0.1399645209312439,7,1,1.9663663104092801
10319501,9,1,0.24795599281787872,6,6,1.394503996877975
10323375,7,1,0.23245719075202942,4,4,1.4590491967056847
10323044,8,1,0.2607840895652771,7,7,1.3440624570587065
10319502,8,1,0.4373002350330353,6,6,0.8271352830993424
10323372,7,1,0.25345855951309204,1,1,1.3725549426352548
10323041,8,1,0.23804190754890442,6,6,1.4353085386730486
10323155,14,8,0.07681282609701157,9,10,2.566383646301034
10319497,5,2,0.26114508509635925,2,1,1.3426791445091386
10319545,7,3,0.18167667090892792,5,1,1.7055267052798002
10323373,8,1,0.449634850025177,2,2,0.7993194700054698
10323045,12,1,0.28183814883232117,8,8,1.2664223131217287
10323156,8,4,0.18614190816879272,9,8,1.6812459490211116
10319503,6,1,0.2191566824913025,7,7,1.5179683598087599
10319546,11,2,0.19100624322891235,6,9,1.6554491644073492
10323370,5,3,0.1927235722541809,5,2,1.646498384866712
10323043,9,2,0.33565467596054077,9,2,1.0916723976336626
10323149,9,3,0.13336575031280518,4,2,2.0146599227468895
10319498,13,4,0.08149867504835129,1,9,2.507168515942912
10323374,7,1,0.24917109310626984,7,7,1.3896154975682045
10323042,7,5,0.1148495078086853,5,6,2.1641326353704895
10319469,10,8,0.03845638781785965,4,1,3.258230463724778
10323150,14,1,0.14556756615638733,5,5,1.9271149279491486
10319499,10,2,0.18235623836517334,6,4,1.701793151371179
10319537,5,3,0.23549500107765198,3,4,1.4460655925974457
10323117,9,2,0.34084352850914,7,2,1.0763317676844053
10323371,5,1,0.24502766132354736,5,5,1.406384171449097
10323046,9,1,0.28132060170173645,1,1,1.2682603286929914
10319465,7,1,0.2557622790336609,1,1,1.363506863441112
10323154,9,1,0.22429049015045166,4,4,1.4948132362573694
10319500,7,4,0.1285593956708908,2,4,2.0513642583192895
10323119,4,3,0.2358325868844986,3,7,1.4446331032919326
10319544,11,2,0.24310357868671417,2,9,1.4142676767206377
10323047,8,1,0.29815563559532166,10,10,1.2101396617123323
10319470,10,1,0.4413354694843292,9,9,0.8179499909437172
10319504,7,4,0.15650208294391632,4,1,1.8546859595447092
10323134,7,2,0.31327319145202637,2,3,1.1606796529838377
10319542,13,5,0.07519885152578354,9,11,2.587619320406482
10319466,10,3,0.15349724888801575,5,7,1.8740726346691394
10323115,6,3,0.1746566742658615,1,7,1.7449330933672238
10319541,13,2,0.2090226709842682,9,3,1.5653125592912238
10319467,9,2,0.240744948387146,2,1,1.4240172113396374
10323123,6,2,0.2660679221153259,7,12,1.3240036564975377
10319538,11,10,0.016183115541934967,2,11,4.12378683076238
10319468,10,1,0.3410506248474121,2,2,1.0757243527546245
10323118,8,7,0.08876989036798477,8,3,2.4217077589146716
10319539,9,2,0.21367043256759644,4,7,1.5433204857635412
10323116,7,3,0.14838965237140656,5,6,1.9079136786354454
10319540,11,10,0.03475732356309891,5,1,3.3593649791587663
10323124,7,4,0.12460207939147949,4,1,2.082629984232888
10322960,9,7,0.0663556158542633,8,5,2.712726881932418
10322966,14,2,0.12207455188035965,2,12,2.1031233398962836
10322922,13,2,0.15994693338871002,12,8,1.832913185082311
10322959,14,1,0.1833224594593048,5,5,1.6965086032229144
10322917,9,1,0.16591106355190277,5,5,1.7963033959327204
10322963,12,2,0.14940041303634644,2,4,1.9011252416530622
10327178,6,2,0.20307530462741852,3,4,1.5941784099727816
10322964,7,2,0.17534257471561432,2,3,1.7410136487980248
10327180,9,1,0.20908209681510925,2,2,1.5650282964182889
10322924,16,1,0.24725376069545746,11,11,1.3973400985021367
10323215,10,6,0.09823466092348099,3,4,2.3203961633374415
10323084,10,7,0.042342908680438995,2,9,3.1619543174668903
10322967,14,7,0.06417573243379593,1,9,2.7461301392196145
10323222,7,1,0.2967137396335602,3,3,1.2149874445891649
10327181,9,4,0.12403573840856552,1,4,2.087185541930178
10322919,13,1,0.1899757981300354,1,1,1.6608585931979225
10323025,7,3,0.17428231239318848,2,4,1.7470788095561234
10323206,12,7,0.045395176857709885,9,10,3.0923494161926635
10323086,16,3,0.10034279525279999,3,7,2.2991630025026106
10323264,5,1,0.24299228191375732,6,6,1.4147255978177817
10322962,14,2,0.12176049500703812,4,8,2.1056993194447147
10323214,6,5,0.10587954521179199,4,10,2.2454531969498777
10327176,6,2,0.19488538801670074,1,7,1.6353436469738514
10323126,7,1,0.2726641893386841,1,1,1.299514316643722
10322921,16,2,0.1191147193312645,4,5,2.1276682222533507
10323534,7,1,0.37666261196136475,8,8,0.9764054207061417
10323028,9,1,0.2887252867221832,3,3,1.2422796079182414
10323207,7,1,0.39747029542922974,11,11,0.9226350761599876
10323085,11,5,0.07705492526292801,3,10,2.563236796313792
10323063,6,1,0.33403900265693665,1,1,1.0964975184010728
10323252,8,1,0.23314715921878815,5,5,1.456085440152077
10323258,10,3,0.13343338668346405,5,10,2.014152901825688
10322958,11,8,0.0678253322839737,4,2,2.690819521312044
10322971,7,2,0.17742682993412018,5,8,1.7291969807783136
10323514,9,1,0.22948923707008362,1,1,1.4718991478793604
10323216,8,5,0.11229193955659866,2,6,2.1866531958013042
10327177,6,1,0.430337518453598,6,6,0.8431854515520611
10323130,6,3,0.21441251039505005,5,2,1.539853500764646
10322920,11,1,0.19099457561969757,2,2,1.6555102512356632
10323532,10,2,0.20346759259700775,10,5,1.592248536918691
10323023,5,5,0.19419288635253906,5,2,1.6389033543182825
10323193,8,1,0.33697929978370667,3,3,1.0877337754905305
10323203,8,2,0.1918869912624359,4,10,1.6508486674145988
10323088,12,10,0.05933588743209839,4,7,2.8245409716762406
10323064,8,1,0.40300846099853516,10,10,0.9087977222222607
10323251,5,4,0.19937939941883087,1,2,1.6125457396359173
10322961,14,5,0.08060523122549057,16,7,2.5181917280336314
10322972,5,4,0.10774454474449158,4,5,2.2279921801013858
10323515,9,5,0.05055620148777962,1,5,2.984669660767672
10323219,7,1,0.17707571387290955,6,6,1.731177875878548
10327179,5,3,0.2012411206960678,3,2,1.6032514844216943
10323122,8,7,0.06108289211988449,2,10,2.7955234500492536
10322925,16,4,0.08498719334602356,8,10,2.4652547003605303
10323528,9,2,0.17248138785362244,6,2,1.7574659448327083
10323031,12,3,0.12416362762451172,5,8,2.0861550056374507
10323194,7,3,0.13873766362667084,7,5,1.9751704411071613
10323200,7,1,0.26200103759765625,2,2,1.3394068149324843
10323087,16,2,0.12375938892364502,3,12,2.0894160103212664
10323065,7,3,0.10859450697898865,7,4,2.2201344530655005
10323719,9,6,0.10393340140581131,2,9,2.2640049560638795
10323253,8,2,0.27531155943870544,5,10,1.2898518791981581
10323262,7,2,0.21781696379184723,1,3,1.5241001845014037
10322957,14,3,0.08136041462421417,9,14,2.508866431086994
10322974,7,1,0.3637307584285736,2,2,1.0113413596864351
10323517,7,5,0.11184465885162354,5,2,2.190644344965604
10323220,12,1,0.18100249767303467,8,8,1.7092444485129867
10323344,5,5,0.11409438401460648,4,1,2.170729243179901
10323131,8,3,0.17379792034626007,6,3,1.749862032009202
10323535,7,3,0.1803557127714157,1,2,1.7128241961075619
10323027,15,4,0.09221456944942474,1,2,2.3836371408446064
10323204,8,2,0.2173951119184494,7,9,1.526038788823565
10323082,13,7,0.08500577509403229,12,4,2.4650360825170603
10323066,7,2,0.2879537045955658,3,2,1.2449555596995878
10323716,8,3,0.15990424156188965,9,3,1.8331801331532724
10323259,12,5,0.0744972750544548,2,3,2.596992730715829
10322969,5,4,0.1536945253610611,5,3,1.8727882480631026
10323519,7,1,0.3368459939956665,4,4,1.0881294441928187
10323217,14,3,0.11652830988168716,7,5,2.149621032220611
10323345,4,1,0.42036840319633484,5,5,0.8666238017089205
10323127,7,1,0.4292626678943634,12,12,0.8456862679466801
10323533,7,4,0.15905874967575073,4,8,1.838481650192262
10323024,12,10,0.048537448048591614,5,10,3.025419654260405
10323201,6,6,0.05307875946164131,8,4,2.9359784408982224
10323083,9,1,0.18646736443042755,6,6,1.6794990448599239
10323068,8,5,0.11279109865427017,4,6,2.1822178556713934
10323720,9,1,0.3145209848880768,8,8,1.1567044804632516
10323254,10,3,0.13361789286136627,3,1,2.0127710982441855
10323261,7,2,0.16644155979156494,3,1,1.7931110234166863
10322970,8,6,0.054220132529735565,11,2,2.914702990618486
10323516,7,2,0.17275013029575348,2,6,1.755909062090049
10323221,14,1,0.13934332132339478,17,17,1.9708144535554786
10323347,6,4,0.08929844945669174,4,5,2.415771154557351
10323132,8,2,0.19184933602809906,1,3,1.6510449231859696
10323529,10,1,0.26641491055488586,2,2,1.3227003713308225
10323030,12,10,0.03990525007247925,8,12,3.221247382978418
10323205,7,2,0.16140010952949524,2,5,1.823868844525111
10323089,16,2,0.09863045811653137,7,15,2.316375159227961
10323067,9,4,0.11782080680131912,2,5,2.138590395167014
10323257,6,6,0.03849520906805992,1,7,3.257221485222323
10323265,10,7,0.06624624133110046,2,6,2.714376550350174
10322973,9,5,0.10787235200405121,4,7,2.2268066767715866
10323521,7,1,0.23884978890419006,1,1,1.4319204229473101
10323213,15,6,0.07694106549024582,11,10,2.5647155334273113
10323346,7,1,0.3830677270889282,1,1,0.9595434723042652
10323133,10,1,0.26970070600509644,9,9,1.310442431097586
10323551,8,3,0.15533246099948883,4,2,1.8621875494234892
10323530,11,7,0.08807778358459473,9,13,2.4295349505469623
10323029,13,5,0.07536113262176514,12,7,2.5854636193449494
10323202,10,1,0.19360581040382385,6,6,1.6419310921735784
10323080,13,4,0.09380616992712021,1,3,2.366524647658572
10323062,9,5,0.10750627517700195,1,5,2.230206059378547
10323718,11,1,0.21812641620635986,8,8,1.5226804934099156
10323250,10,8,0.031545598059892654,5,11,3.4563212223949504
10323263,11,8,0.06672406941652298,1,14,2.707189530337728
10323518,5,1,0.5076369047164917,2,2,0.6779888414575261
10323218,11,8,0.06908482313156128,16,3,2.672420208633671
10323349,8,6,0.05369970202445984,2,7,2.9243478263754534
10323129,10,3,0.1636202484369278,9,3,1.81020709452023
10323550,7,2,0.16156163811683655,3,2,1.8228685489669703
10323531,15,2,0.12244042009115219,6,2,2.100130733914795
10323081,17,2,0.13109786808490753,1,9,2.03181115009217
10323026,15,1,0.1457185000181198,8,8,1.9260786004843786
10323723,8,3,0.16217520833015442,6,5,1.8190779952829217
10323260,10,6,0.08599970489740372,4,3,2.4534114141600547
10323520,5,1,0.3697938919067383,3,3,0.9948094774539553
10323552,7,3,0.1773894876241684,5,7,1.729407468899867
10323724,10,1,0.22762712836265564,1,1,1.4800463906753631
10323547,7,1,0.2998128831386566,1,1,1.2045967217931108
10323722,14,1,0.24855688214302063,2,2,1.3920835576555293
10323548,12,1,0.12676110863685608,6,6,2.065450998245816
10323721,9,3,0.12911823391914368,6,2,2.0470267523797556
10323549,9,2,0.14797694981098175,2,1,1.9106987618678528
10323725,8,5,0.08163534104824066,6,3,2.5054930096918975
10323333,9,8,0.040464773774147034,8,2,3.20732346670506
10323593,10,2,0.28836509585380554,8,13,1.2435279077548884
10322990,6,3,0.2236989140510559,1,2,1.49745426498574
10323360,9,1,0.3246110677719116,10,10,1.1251275278350137
10322984,6,1,0.38968625664711,3,3,0.9424133337538082
10323340,9,2,0.25675809383392334,9,13,1.3596209064875873
10323589,12,4,0.09926827996969223,1,14,2.309929195319252
10322987,7,1,0.4291798174381256,6,6,0.8458792930075564
10323361,6,1,0.39887115359306335,5,5,0.919116837568894
10322978,6,1,0.41537049412727356,3,3,0.8785844000886989
10323334,6,1,0.41247713565826416,2,2,0.8855745034508673
10323073,6,2,0.24358975887298584,8,11,1.4122697847814218
10323594,7,4,0.13399919867515564,2,5,2.009921459085258
10323363,7,3,0.1423657387495041,4,1,1.9493559076219777
10322979,4,1,0.3648613691329956,8,8,1.0082378081404906
10323074,6,1,0.4465349018573761,8,8,0.8062377140668173
10323336,10,1,0.1727031022310257,3,3,1.7561813308696712
10323595,9,4,0.09535341709852219,1,2,2.350165110152346
10322989,10,7,0.044751256704330444,4,5,3.1066357518772527
10323357,8,4,0.1257779598236084,1,10,2.0732371501954314
10323075,7,4,0.11234161257743835,1,6,2.186210937544001
10327394,9,1,0.3870847523212433,5,5,0.949111611682864
10322980,7,2,0.24309852719306946,7,3,1.414288456119097
10323335,7,2,0.20866432785987854,2,3,1.5670284049522023
10323590,9,3,0.1398245394229889,5,2,1.9673669322331457
10322991,14,6,0.08127471804618835,6,14,2.5099202819315187
10323077,8,2,0.17626383900642395,3,5,1.7357733211868447
10327400,14,5,0.12882943451404572,10,4,2.0492659625848617
10323358,9,2,0.18132716417312622,6,7,1.7074523424771184
10322983,8,1,0.2573869228363037,5,5,1.3571747899424849
10323337,11,6,0.07183071225881577,6,9,2.6334431470485042
10323591,11,1,0.20035338401794434,8,8,1.607672551511335
10323070,6,4,0.14845719933509827,1,3,1.9074585822484078
10322992,12,9,0.06004706397652626,7,10,2.812626624631857
10323362,11,2,0.1595102697610855,6,8,1.8356469716131687
10322981,7,2,0.20067600905895233,12,10,1.6060635666529708
10323338,11,1,0.19428014755249023,1,1,1.638454102021197
10323592,10,5,0.1002451628446579,9,5,2.3001364648856777
10323076,9,3,0.14765167236328125,1,5,1.912899344318719
10322986,11,3,0.14568623900413513,1,3,1.926300017707892
10327395,12,3,0.12332507967948914,2,9,2.092931485768977
10323359,9,2,0.17290113866329193,1,10,1.7550353006390893
10322982,7,1,0.3157872259616852,14,14,1.152686627751714
10323339,8,6,0.08004188537597656,10,1,2.525205214122033
10323596,11,8,0.0462774783372879,6,12,3.073099865235175
10323071,9,2,0.1637234091758728,1,10,1.8095768043651526
10327396,15,9,0.02755371294915676,2,10,3.5916179811697924
10323364,12,3,0.1282585710287094,6,5,2.053706966531114
10327397,10,1,0.1993972361087799,2,2,1.6124562825896822
10327402,11,1,0.23667486011981964,5,5,1.4410679779895617
10327401,14,6,0.08219338208436966,8,5,2.498680490083611
10327067,14,4,0.08857128024101257,20,10,2.4239476246979605
10327072,10,1,0.2901131212711334,5,5,1.2374843587117117
10327079,9,4,0.11036598682403564,11,10,2.203953282970724
10327074,9,4,0.11695197969675064,1,5,2.145991858376105
10327076,4,1,0.4681366980075836,4,4,0.7589949359546053
10327073,11,1,0.18897850811481476,6,6,1.666121984066614
10327077,9,3,0.14616475999355316,6,7,1.9230208004369789
10327070,13,3,0.09357371181249619,6,2,2.3690057916503218
10323161,8,1,0.3130744993686676,10,10,1.1613140996112796
10327081,8,2,0.18742842972278595,1,5,1.6743582145859108
10327295,11,4,0.10102299600839615,1,3,2.2924071048053283
10327066,8,3,0.1278630793094635,8,6,2.056795280487105
10323160,7,2,0.20651471614837646,5,7,1.5773836044792053
10327080,10,5,0.1218150407075882,7,8,2.1052514444042116
10327296,9,3,0.14975126087665558,13,6,1.8987796221445257
10327068,11,1,0.1951858401298523,4,4,1.6338031479527007
10323493,10,2,0.17554190754890442,6,3,1.7398774751294332
10323033,8,3,0.18824425339698792,6,4,1.6700149392116987
10327107,13,2,0.20086956024169922,4,2,1.605099535606264
10323162,8,6,0.10945865511894226,5,7,2.2122083798488585
10327082,8,2,0.15297025442123413,8,5,1.8775117920383433
10327292,10,2,0.17780177295207977,4,10,1.7270859843430515
10323489,9,6,0.08729065209627151,5,2,2.4385118998048663
10323037,11,3,0.20275862514972687,3,14,1.5957390460789864
10323164,11,1,0.22490251064300537,2,2,1.4920882567043199
10327293,14,2,0.17327067255973816,3,9,1.7529003258963132
10323486,13,8,0.06761466711759567,12,9,2.6939303502724283
10323034,11,1,0.1843140423297882,2,2,1.691114224426526
10327108,10,5,0.11310185492038727,8,5,2.1794664952837897
10323157,8,4,0.09905818104743958,1,7,2.312047914120254
10327294,15,4,0.10271293669939041,6,1,2.2758172040664437
10323491,7,3,0.1183149442076683,3,7,2.1344051913127853
10323035,11,1,0.26025938987731934,6,6,1.346076491917687
10327111,13,1,0.19585049152374268,3,3,1.630403709178564
10323158,12,2,0.1873195320367813,8,2,1.6749393928720235
10327387,8,1,0.23478634655475616,2,2,1.4490793419746526
10327297,13,3,0.10491566359996796,9,11,2.254598455375452
10323488,9,5,0.09834730625152588,8,2,2.319250123932172
10327109,13,12,0.03219160810112953,12,4,3.436049478375885
10327382,10,1,0.2324242889881134,3,3,1.459190745747343
10327383,9,1,0.22418619692325592,1,1,1.4952783361480964
10327384,10,2,0.13297709822654724,4,6,2.0175783593727945
10327385,11,6,0.08518639206886292,7,5,2.4629135754046745
10327090,10,1,0.39696869254112244,2,2,0.923897861502496
10327168,6,3,0.1609109342098236,7,3,1.8269042707369703
10327092,9,1,0.34504762291908264,2,2,1.0640728340304526
10327171,8,4,0.12537871301174164,3,9,2.0764164178903717
10327087,11,1,0.25189924240112305,8,8,1.3787261031663125
10327164,9,1,0.2923833131790161,8,8,1.2296896212061978
10327088,11,8,0.06601519137620926,5,9,2.7178703910745
10327167,9,3,0.14693483710289001,1,4,1.9177660754976014
10327091,11,1,0.1798306107521057,2,2,1.715739922535952
10327169,6,1,0.21156127750873566,3,3,1.5532405942852157
10327165,10,2,0.23972342908382416,5,1,1.4282693989565667
10327086,11,7,0.07461564242839813,11,12,2.59540510972626
10340972,8,5,0.054129458963871,8,3,2.9163767133484377
10340979,6,3,0.15732596814632416,10,9,1.8494353957897323
10340973,8,1,0.3321266770362854,9,9,1.1022388255019295
10340974,7,5,0.03702912852168083,6,7,3.296050418719705
10340927,10,2,0.18973252177238464,7,10,1.6621399788204474
10340975,14,2,0.12972204387187958,7,5,2.0423612416397043
10340983,9,1,0.34747546911239624,3,3,1.0570612089513698
10340928,7,1,0.2654482126235962,9,9,1.3263355133576982
10340977,8,6,0.09861528873443604,17,18,2.3165289712352406
10340987,7,5,0.10352519154548645,9,3,2.2679402993181057
10340924,8,3,0.15600158274173737,3,4,1.8578891260037003
10341059,10,1,0.27159547805786133,2,2,1.303441532707694
10340922,7,1,0.24362191557884216,3,3,1.4121377817626553
10341054,9,2,0.16842226684093475,3,2,1.781280960018697
10340990,7,1,0.374695748090744,2,2,0.9816409207495636
10340925,11,8,0.05181509628891945,7,6,2.960073738026358
10341055,10,1,0.2200043648481369,6,6,1.514107892607786
10340984,8,2,0.2622920572757721,7,3,1.3382966736361388
10340926,11,3,0.11132290959358215,14,16,2.1953202054617225
10341021,8,3,0.16169127821922302,2,5,1.8220664518919845
10341056,8,2,0.20236614346504211,12,11,1.597676630931257
10340989,9,7,0.06578698754310608,2,5,2.7213332179110536
10341019,12,1,0.2995581328868866,4,4,1.205446780472289
10341020,9,1,0.31739991903305054,2,2,1.1475927259842196
10341023,10,3,0.1190178170800209,8,9,2.128482073716511
10343995,8,1,0.44451773166656494,3,3,0.8107653335604499
10344004,8,3,0.18785853683948517,4,5,1.6720660630147925
10343961,8,1,0.30812156200408936,6,6,1.1772608920434902
10343996,10,3,0.19445428252220154,3,6,1.6375581948522575
10344002,7,4,0.13327562808990479,5,4,2.0153359035483094
10343959,6,2,0.2571418583393097,7,2,1.3581273683967559
10343994,11,6,0.07646184414625168,3,5,2.570963431906488
10344000,13,10,0.010003888048231602,8,18,4.60478145672994
10343955,9,5,0.09026814252138138,4,6,2.4049706768043375
10341126,8,7,0.06570621579885483,2,7,2.7225617491561276
10343989,11,7,0.06065111234784126,1,11,2.8026173033177018
10344003,7,1,0.24703767895698547,6,6,1.3982144076036198
10343960,8,6,0.08292485028505325,2,8,2.4898204995765987
10341119,8,2,0.19518904387950897,5,1,1.6337867342448114
10343990,12,3,0.12368662655353546,6,5,2.0900041173640607
10344005,10,1,0.20731006562709808,4,4,1.5735397048721278
10343956,10,4,0.11940605193376541,1,3,2.1252253930956972
10341120,10,1,0.22393065690994263,1,1,1.496418842419293
10343997,14,7,0.06069858744740486,4,13,2.8018348522351553
10343998,9,1,0.2394157201051712,10,10,1.4295538234143772
10343957,11,9,0.05528128147125244,1,11,2.8953209183288102
10341121,11,1,0.22304755449295044,3,3,1.5003702814090103
10341123,8,7,0.05654865875840187,2,10,2.872653794501423
10344037,10,3,0.19067993760108948,7,10,1.6571589758896947
10341122,14,10,0.03424616903066635,2,3,3.37418057364916
10344040,6,3,0.17762123048305511,3,7,1.7281019145603311
10344044,12,3,0.15168286859989166,7,12,1.8859633284714283
10344042,6,1,0.32591375708580017,1,1,1.1211224814312042
10344041,9,1,0.3099870979785919,5,5,1.1712246017929544
10344038,8,1,0.3926537334918976,1,1,0.9348271407589923
10343948,7,2,0.19480444490909576,1,7,1.6357590702255247
10343949,9,2,0.2566797733306885,6,9,1.3599259891815259
10343942,10,3,0.16575944423675537,4,1,1.7972176727354416
10350400,10,5,0.07210267335176468,4,9,2.6296641569907604
10343943,12,3,0.11989812552928925,9,2,2.1211128506881454
10350398,10,1,0.35697323083877563,9,9,1.0300944836587982
10350564,11,1,0.2306145280599594,10,10,1.4670076720043486
10343944,9,3,0.126674085855484,7,3,2.066137744101825
10350375,12,8,0.037391599267721176,5,10,3.2863092183022955
10350592,5,1,0.39427146315574646,2,2,0.9307156141496792
10350471,9,1,0.18395628035068512,3,3,1.6930571563958718
10350406,9,2,0.1988612562417984,4,11,1.6151479022330335
10350560,11,2,0.30305343866348267,10,11,1.1938461237972706
10343947,9,2,0.17203502357006073,6,8,1.7600571974901935
10350593,7,3,0.24098242819309235,5,1,1.4230312602115531
10350474,10,4,0.1298474818468094,1,6,2.0413947338468716
10350402,12,1,0.15552596747875214,1,1,1.8609425678722098
10350567,14,2,0.17366203665733337,6,11,1.750644186574729
10350380,11,7,0.06384505331516266,5,7,2.751296173033985
10350590,11,6,0.09092032164335251,11,3,2.3977717423516927
10350473,9,1,0.42163047194480896,11,11,0.8636260074578948
10350403,12,2,0.19995608925819397,3,15,1.6096574902485745
10350562,13,10,0.053273800760507584,1,14,2.9323106116120083
10350376,11,6,0.08865178376436234,7,2,2.4230391252389465
10350597,11,3,0.14188359677791595,4,3,1.9527482985528504
10350467,9,7,0.04523434862494469,3,9,3.095898555410372
10350404,7,6,0.09314457327127457,5,12,2.3736024415889316
10350563,14,6,0.0727899819612503,11,3,2.6201769436710656
10350377,12,5,0.10271934419870377,10,7,2.2757548234192795
10350465,5,1,0.36276721954345703,2,2,1.0139939188931841
10350594,11,5,0.09514183551073074,1,10,2.352386495429915
10350469,10,1,0.3272203803062439,4,4,1.1171213891937768
10350405,9,4,0.1400882750749588,6,12,1.9654825188275855
10350561,16,1,0.16417619585990906,1,1,1.8068150628755364
10350381,11,2,0.1487097144126892,8,5,1.9057590987145017
10350466,7,2,0.18770886957645416,5,6,1.672863082502624
10350591,10,3,0.14761917293071747,1,2,1.9131194773471774
10350468,10,2,0.15174300968647003,4,5,1.8855669147725995
10350566,14,12,0.03733332082629204,2,8,3.287869031365243
10350534,6,2,0.268273264169693,6,3,1.3157491755292954
10350461,10,2,0.23625224828720093,15,1,1.4428551960939864
10350383,7,3,0.14811138808727264,8,3,1.9097906660847919
10350536,6,2,0.24928289651870728,7,1,1.3891668968281583
10350457,7,2,0.22573991119861603,2,3,1.488371777833772
10350389,7,2,0.22378531098365784,3,2,1.4970681198264608
10350532,6,4,0.125925213098526,1,5,2.072067095086411
10350462,11,8,0.06622637808322906,9,11,2.7146764349317283
10350384,10,2,0.2114160805940628,1,5,1.553927141295804
10350537,6,1,0.41540151834487915,2,2,0.8785097124074716
10350458,10,8,0.021374357864260674,4,10,3.845563306048663
10350390,10,1,0.20598860085010529,8,8,1.5799344474027317
10350535,9,1,0.22783364355564117,4,4,1.4791395498676765
10350455,8,2,0.19783267378807068,6,3,1.6203336874490264
10350385,7,3,0.11811555922031403,1,5,2.1360918183065905
10350530,7,2,0.23052860796451569,8,9,1.467380311602451
10350459,8,3,0.13330107927322388,4,5,2.015144955256929
10350386,6,1,0.234256312251091,4,4,1.4513394115837952
10350332,8,2,0.2534343898296356,2,5,1.3726503066899574
10350345,11,1,0.1956949532032013,10,10,1.6311981933479875
10350327,13,2,0.1738017201423645,3,1,1.7498401689480132
10350342,12,1,0.19390295445919037,13,13,1.640397479824392
10350330,18,11,0.0515710674226284,4,1,2.9647944726144115
10350343,14,4,0.10563760995864868,11,2,2.2477408162066355
10350328,16,8,0.052901096642017365,7,6,2.9393312098598385
10350340,14,6,0.06122966483235359,7,4,2.793123487419495
10350645,5,2,0.2860754132270813,1,6,1.2514998203082621
10350333,12,3,0.11035382002592087,1,3,2.2040635295163398
10350551,12,2,0.11849094182252884,6,14,2.1329187616448735
10350483,15,6,0.07464875280857086,6,1,2.594961462322427
10350542,8,1,0.24326200783252716,7,7,1.4136161949718968
10350341,14,4,0.09192708134651184,4,5,2.3867596102614916
10350648,12,5,0.10880564153194427,3,10,2.2181920935889154
10353898,8,1,0.35429781675338745,9,9,1.0376174292708555
10350329,17,9,0.04624740406870842,18,12,3.073749944843094
10353866,7,1,0.3281764090061188,7,7,1.1142039828422385
10350478,12,1,0.15868131816387177,1,1,1.8408573763130889
10350543,8,1,0.2168712615966797,3,3,1.528451366024143
10350344,11,4,0.10359044373035431,12,11,2.267310195396305
10353889,10,1,0.255869060754776,2,2,1.3630894467804764
10350646,9,2,0.20760147273540497,3,13,1.5721350336143864
10353895,11,2,0.2055002748966217,8,7,1.5823079073502866
10350331,14,1,0.19026236236095428,4,4,1.6593513047931865
10350557,11,6,0.08961690962314606,6,5,2.4122112533346742
10353906,13,2,0.3046242594718933,7,11,1.1886761979896
10350481,9,1,0.16218051314353943,9,9,1.8190452854336157
10350544,11,3,0.14955630898475647,1,3,1.9000823083382539
10353886,11,9,0.04989248141646385,1,12,2.9978849605937397
10350500,7,6,0.053628724068403244,2,4,2.925670457648222
10350651,8,5,0.10470595210790634,8,5,2.256599313553339
10353893,8,2,0.1924251914024353,1,4,1.6480478168763455
10350555,12,3,0.1137259379029274,11,1,2.1739637784470633
10353862,8,3,0.133020281791687,1,4,2.017253667712176
10353907,9,3,0.12666478753089905,9,1,2.066211150322235
10350477,14,10,0.059814874082803726,14,3,2.816500918472181
10350790,6,2,0.24240842461585999,2,1,1.4171312703749952
10361624,7,3,0.17314645648002625,5,4,1.7536174733732866
10350541,13,3,0.11148824542760849,8,18,2.1938361158131863
10353884,12,2,0.1648285686969757,4,11,1.802849322787005
10350497,6,3,0.17966729402542114,3,4,1.7166485049546494
10350654,14,1,0.18420280516147614,1,1,1.6917179263872248
10354092,6,4,0.1514613777399063,8,5,1.8874246189433632
10353896,12,1,0.19563674926757812,4,4,1.6314956593375043
10350556,12,7,0.08014295995235443,6,5,2.523943239687625
10353863,6,1,0.2950136959552765,7,7,1.2207334967529766
10353901,12,2,0.1383732259273529,2,8,1.9778007087953933
10350484,11,3,0.13548658788204193,2,8,1.9988826259818193
10350792,9,1,0.33357489109039307,5,5,1.09788787784582
10361627,12,3,0.1206296756863594,10,2,2.1150299579075105
10350538,10,5,0.08691772073507309,12,2,2.44279334649786
10353891,10,4,0.0972285345196724,11,14,2.3306910455803163
10350498,9,1,0.35772064328193665,2,2,1.0280029232223769
10350647,13,2,0.1520320624113083,6,8,1.883663843463422
10354093,5,5,0.08023792505264282,2,7,2.5227589949269857
10353899,10,9,0.05148430913686752,4,15,2.966478194689928
10350674,10,1,0.25729143619537354,5,5,1.357545843593178
10350548,10,3,0.1393951028585434,2,8,1.9704429114123652
10353864,12,3,0.12054377049207687,7,10,2.1157423514091738
10353902,12,6,0.06918590515851974,7,3,2.670958119784998
10350480,7,2,0.22389771044254303,7,2,1.49656598123345
10350784,11,1,0.20279157161712646,5,5,1.5955765682020937
10361625,8,1,0.2450697124004364,4,4,1.4062125685014106
10350539,15,1,0.12599040567874908,1,1,2.071549520336621
10350501,9,3,0.14839757978916168,2,3,1.9078602570802166
10350650,7,1,0.2295159250497818,6,6,1.4717828616937978
10354091,7,2,0.1834469437599182,6,9,1.695829788118378
10353897,12,9,0.04906722903251648,4,1,3.0145639001606246
10350677,10,4,0.13333137333393097,9,3,2.0149177206458284
10350553,16,6,0.06572899222373962,2,6,2.7222151688835288
10353903,9,1,0.24280115962028503,6,6,1.4155124437773712
10350479,12,4,0.09752637147903442,3,5,2.3276324608425205
10350789,10,3,0.11516407132148743,4,10,2.1613974602551718
10350495,8,4,0.10106328874826431,1,4,2.2920083371160653
10350649,12,6,0.055729806423187256,14,10,2.8872401508826395
10350676,6,2,0.22419436275959015,2,8,1.4952419124621947
10350549,12,1,0.18233954906463623,8,8,1.7018846758752946
10350785,8,4,0.15707939863204956,4,1,1.8510038776979814
10350679,6,1,0.3383430540561676,5,5,1.0836949453865967
10350787,9,4,0.10889796167612076,9,5,2.2173439666093886
10353870,7,2,0.19810818135738373,6,4,1.6189420270017767
10350675,10,1,0.20523996651172638,2,2,1.5835754160747946
10350783,9,1,0.20438747107982635,2,2,1.5877377186182249
10350672,9,5,0.11221954971551895,6,3,2.1872980611827866
10350788,12,2,0.13368076086044312,7,5,2.0123007030561757
10353872,9,3,0.12402420490980148,4,1,2.0872785315408184
10353874,9,1,0.28918495774269104,3,3,1.2406888033881274
10353876,7,2,0.2075325846672058,7,5,1.572466917099266
10362563,7,1,0.21276965737342834,2,2,1.547545119212098
10362559,10,2,0.20914432406425476,2,1,1.56473071957236
10362560,7,1,0.21850459277629852,6,6,1.52094824509624
10362562,12,3,0.12610489130020142,9,1,2.0706412477056375
10362557,13,6,0.06773193925619125,1,3,2.692197434005299
10354123,6,3,0.19235201179981232,1,5,1.6484281907804972
10353928,6,1,0.32203736901283264,4,4,1.1330876873364542
10362558,11,6,0.06755285710096359,11,3,2.694844919379139
10354106,11,3,0.2126816064119339,3,1,1.5479590371869474
10354119,6,1,0.27283647656440735,1,1,1.2988826502050876
10353929,13,2,0.19280077517032623,12,4,1.646097876220796
10354136,6,2,0.23943784832954407,1,4,1.4294614017395801
10353943,7,3,0.1518159955739975,1,2,1.8850860468841886
10354107,6,2,0.25531667470932007,6,9,1.3652506426908433
10354124,8,6,0.031666677445173264,2,11,3.452490335675871
10354139,14,3,0.09420862793922424,5,3,2.3622435098825743
10353930,12,3,0.11323370039463043,6,13,2.1783014508525445
10353883,7,1,0.24199771881103516,6,6,1.4188269792705606
10353840,11,4,0.11316511034965515,2,1,2.178907373179153
10354111,6,1,0.2863366901874542,5,5,1.250586922146397
10353944,9,3,0.1646675169467926,6,11,1.8038268868311662
10354137,9,1,0.23798587918281555,1,1,1.435543938235466
10354120,9,9,0.036934398114681244,3,2,3.2986119639327454
10353885,10,7,0.09794289618730545,1,7,2.323370662108776
10353931,8,3,0.13045509159564972,6,3,2.03672623714806
10353838,12,9,0.04523467645049095,4,9,3.095891308166445
10354110,8,3,0.19054381549358368,1,2,1.6578731082709317
10353938,10,1,0.20786890387535095,1,1,1.5708476678143874
10354138,12,6,0.07903500646352768,9,3,2.537864404872207
10354121,10,5,0.10051889717578888,1,6,2.297409537558843
10353888,10,2,0.17342539131641388,1,7,1.7520077933119116
10353933,10,5,0.08446548879146576,4,8,2.4714122447128566
10353839,8,7,0.05585644394159317,1,11,2.8849703806849654
10354112,12,1,0.19438490271568298,5,5,1.637915050899121
10353952,8,1,0.3905893564224243,2,2,0.9400985102133766
10353939,14,2,0.15192028880119324,9,7,1.8843993114715325
10354133,10,2,0.21787269413471222,11,9,1.5238443586301442
10354122,9,1,0.21482877433300018,5,5,1.5379139665993553
10353879,9,4,0.15766514837741852,1,7,1.8472818089462115
10354114,6,6,0.08904886990785599,11,15,2.418569959862017
10353841,12,2,0.13879603147506714,4,14,1.9747498229963734
10353953,10,2,0.19069674611091614,6,7,1.6570708293901555
10353937,10,3,0.1359608769416809,3,2,1.99538810417737
10353880,11,1,0.19266405701637268,2,2,1.6468072439673218
10353949,10,1,0.19559189677238464,6,6,1.6317249497836104
10353950,10,1,0.2993440330028534,5,5,1.2061617549884878
10353954,11,2,0.18846666812896729,5,4,1.6688341146318217
10358136,13,4,0.16714516282081604,3,10,1.788892605686339
10353911,7,3,0.17695976793766022,9,7,1.7318328720320502
10358141,11,1,0.3588714003562927,14,14,1.0247911709463713
10353792,8,3,0.16610687971115112,3,7,1.7951238441288158
10354097,9,1,0.20268799364566803,3,3,1.5960874594162746
10358139,10,5,0.0884721428155899,3,2,2.42506754696418
10353795,11,4,0.09796261787414551,3,4,2.3231693233460446
10354098,12,3,0.13966414332389832,13,4,1.9685147147846467
10358140,9,1,0.19021473824977875,4,4,1.6596016437037164
10353915,8,1,0.3048502504825592,8,8,1.1879346049702628
10353794,11,1,0.3109237849712372,5,5,1.1682074612372566
10358138,13,6,0.07349834591150284,1,3,2.610492377621982
10354099,11,4,0.08711620420217514,7,2,2.4405123710704517
10353912,8,5,0.0429300032556057,1,7,3.1481843209104574
10358137,11,1,0.22068947553634644,8,8,1.5109986535971094
10353790,13,7,0.06366682052612305,11,8,2.754091722965861
10354102,12,1,0.2115614116191864,2,2,1.5532399603771119
10353909,7,1,0.2506260871887207,9,9,1.3837931430206045
10358134,12,7,0.06119339540600777,8,4,2.793716013489932
10354103,11,2,0.1692279875278473,1,5,1.7765084345678088
10357979,6,4,0.19022901356220245,1,5,1.6595265981162286
10358049,11,2,0.25959786772727966,5,2,1.348621507871298
10357978,8,1,0.27447792887687683,6,6,1.2928844260853134
10358117,8,3,0.11445436626672745,4,1,2.167579083318004
10358001,8,3,0.21691924333572388,6,5,1.528230145233488
10358044,7,7,0.047475989907979965,3,10,3.0475311713588846
10357980,8,4,0.12202624976634979,7,3,2.1035190953736476
10358116,9,4,0.11402750760316849,10,11,2.1713155649299054
10358002,7,3,0.18728815019130707,3,1,1.6751069379974253
10358045,11,7,0.08068433403968811,9,6,2.5172108484533595
10358118,8,1,0.30256208777427673,5,5,1.195468773731318
10357982,10,3,0.11209839582443237,3,6,2.188378259225573
10358003,10,1,0.20641006529331207,5,5,1.5778904806077807
10358119,9,2,0.24515452980995178,1,2,1.4058665333482763
10358046,8,2,0.22098980844020844,7,4,1.5096386941829092
10357981,10,1,0.1859511435031891,8,8,1.6822713091102615
10358004,9,6,0.06388764083385468,1,11,2.750629350486261
10358113,8,2,0.2534765899181366,1,3,1.3724838076781607
10358050,11,5,0.08924556523561478,5,2,2.4163635487937487
10357984,13,1,0.20043450593948364,7,7,1.6072677392668546
10368188,6,1,0.4447794556617737,6,6,0.8101767249232148
10368189,4,1,0.39028191566467285,13,13,0.9408859403177403
10368190,8,3,0.12922225892543793,7,4,2.0462214197679685
10368201,10,5,0.1186552345752716,9,10,2.13153317928784
10368193,8,1,0.4227045476436615,1,1,0.8610818129064389
10368205,7,3,0.14401355385780334,1,5,1.9378478598230002
10368220,10,3,0.16041725873947144,2,1,1.8299769912116055
10368191,6,1,0.3333424925804138,2,2,1.0985848113043744
10368312,9,8,0.08626659214496613,7,10,2.450312868876663
10368203,10,3,0.12466172128915787,1,4,2.082151439826089
10368232,10,9,0.015797624364495277,1,7,4.147895706931428
10368223,6,4,0.13887879252433777,6,5,1.974153722489102
10368313,8,2,0.2727741301059723,3,9,1.2991111884994102
10368202,6,4,0.1662205457687378,9,8,1.7944397834506762
10368227,9,2,0.15362878143787384,3,7,1.8732160966690214
10368314,9,1,0.17450684309005737,7,7,1.745791322692758
10368199,11,6,0.07092129439115524,5,10,2.6461845465163565
10368237,10,5,0.09063538908958435,5,1,2.4009105341478616
10368224,9,4,0.14345061779022217,2,4,1.9417644299051162
10368311,10,1,0.19950315356254578,8,8,1.611925235446097
10368197,10,4,0.13256262242794037,10,9,2.020700123108843
10368238,10,1,0.2633557915687561,1,1,1.3342493413873762
10368398,12,3,0.17233330011367798,8,2,1.7583248859057938
10368221,10,2,0.1566850244998932,2,4,1.8535177021520155
10368309,10,1,0.17317406833171844,3,3,1.7534580150116101
10368198,10,4,0.11015558987855911,11,1,2.205861459145254
10368233,10,10,0.026554064825177193,9,11,3.628572442252945
10368397,14,2,0.1802658885717392,11,10,1.713322359285805
10368222,12,4,0.1128731295466423,2,7,2.181490838397639
10368315,13,6,0.06984677165746689,14,11,2.661451412565344
10368236,10,6,0.043836843222379684,5,6,3.1272806457237747
10368400,8,3,0.1603107750415802,2,3,1.8306410036494858
10368399,9,2,0.22999072074890137,3,7,1.4697163154427997
10368402,13,3,0.1150684505701065,6,2,2.1622281053446946
10368403,11,4,0.11002152413129807,5,10,2.207079258410474
10372120,10,1,0.20313602685928345,1,1,1.5938794412950985
10372121,12,4,0.12248030304908752,10,9,2.0998050533617043
10372181,6,2,0.26634863018989563,8,1,1.322949188527433
10372162,8,6,0.08491130918264389,6,5,2.4661479886155333
10372122,9,1,0.2080402821302414,7,7,1.5700235539435887
10372134,9,6,0.06312121450901031,8,11,2.76269836135887
10372182,6,1,0.3651813268661499,1,1,1.0073612628222677
10372124,14,7,0.06080268695950508,3,12,2.8001212975736034
10372163,11,3,0.1316620409488678,1,6,2.0275169354001847
10372128,7,7,0.06498859822750092,1,2,2.7335434363575652
10372290,10,1,0.28408071398735046,9,9,1.2584968770184775
10372184,8,1,0.22504617273807526,1,1,1.4914496856616306
10372157,11,4,0.14600178599357605,5,2,1.9241364245159085
10372292,12,6,0.08094814419746399,6,1,2.5139465244151173
10372129,10,1,0.23854650557041168,1,1,1.4331909957527096
10372183,9,2,0.22114385664463043,4,3,1.5089418541871307
10372158,12,2,0.1523788422346115,7,4,1.8813854758489863
10372295,8,1,0.21249155700206757,4,4,1.5488530231619688
10372130,10,1,0.21694156527519226,9,9,1.5281272461513629
10372179,8,1,0.2234036773443222,5,5,1.4987749316753425
10372293,9,1,0.38167238235473633,3,3,0.9631926761721107
10372159,10,2,0.16116680204868317,6,2,1.8253154127447386
10372131,9,8,0.06696067005395889,2,5,2.703649846071431
10369127,10,1,0.2830409109592438,6,6,1.2621638300934932
10372294,10,2,0.1614048331975937,1,2,1.8238395781324783
10372180,9,2,0.21798986196517944,3,9,1.5233067220213106
10369128,7,4,0.14086468517780304,3,8,1.9599555289813049
10369129,9,9,0.03586806356906891,1,6,3.3279079735879815
10372281,4,1,0.5046146512031555,3,3,0.6839602079149761
10369130,10,4,0.10921429097652435,9,10,2.2144433544856392
10372280,8,5,0.0749332383275032,3,1,2.591157717502913
10369131,10,1,0.19601713120937347,3,3,1.6295532194416817
10372278,5,1,0.4439880847930908,8,8,0.8119575529616028
10372276,6,4,0.15821266174316406,2,6,1.8438151905481313
10372274,8,2,0.25412628054618835,2,3,1.3699239680057385
10372279,6,1,0.2222970575094223,2,2,1.5037406946743888
10372141,8,1,0.26304295659065247,12,12,1.335437927097456
10372217,6,1,0.3039996922016144,2,2,1.1907285900711175
10372212,5,5,0.06824063509702682,5,7,2.684715069027443
10372139,9,4,0.1084141954779625,10,5,2.2217962439566454
10372216,8,3,0.19784092903137207,9,1,1.6202919599077208
10372137,10,2,0.16710369288921356,16,4,1.789140743749383
10372210,9,3,0.10828796774148941,9,4,2.222961232334003
10376416,8,2,0.2011454552412033,8,9,1.6037269747207636
10372142,14,4,0.09084950387477875,9,14,2.398550945081904
10376410,9,2,0.15254487097263336,7,9,1.8802964903274395
10372211,10,1,0.3321453034877777,6,6,1.102182744703572
10376396,7,2,0.14692668616771698,3,7,1.9178215501652913
10376417,11,1,0.44149768352508545,5,5,0.8175825057806856
10372138,11,4,0.10267726331949234,9,8,2.276164575851987
10376461,10,1,0.324745237827301,3,3,1.1247142876581129
10376403,9,3,0.23284967243671417,2,7,1.4573622163113897
10372215,7,6,0.08958152681589127,7,11,2.4126061541878037
10376397,11,2,0.2204388827085495,2,4,1.5121347984405282
10376420,4,4,0.10350794345140457,6,2,2.2681069208989655
10376455,11,3,0.11970345675945282,6,9,2.1227377883100997
10376405,6,5,0.07749855518341064,3,6,2.557495985591316
10376398,8,3,0.13567949831485748,4,3,1.9974598045068668
10376459,11,7,0.051414843648672104,11,6,2.9678283612727934
10376418,10,2,0.1871194988489151,6,1,1.676007834943473
10376406,9,2,0.17313121259212494,7,1,1.7537055176757217
10376395,8,1,0.2632621228694916,3,3,1.3346050782420642
10376460,10,6,0.08503833413124084,6,4,2.4646531343778415
10376421,11,1,0.17960064113140106,8,8,1.7170195533464614
10376404,9,1,0.2599082589149475,2,2,1.3474265605600586
10376456,11,4,0.11619973182678223,6,3,2.1524447424260065
10376399,7,2,0.17932119965553284,1,5,1.7185766696908833
10376419,7,5,0.10135374963283539,10,2,2.2891384098978946
10376454,10,1,0.19793720543384552,4,4,1.6198054428619897
10376409,9,3,0.11879036575555801,3,1,2.1303949716757646
10376392,11,10,0.03505580872297287,8,9,3.3508139524717055
10372420,10,2,0.20774728059768677,4,2,1.571432935114746
10376442,9,6,0.1156800389289856,10,8,2.1569271840486963
10376448,10,2,0.26256194710731506,3,10,1.3372682358112302
10372421,7,1,0.24941590428352356,1,1,1.3886334775869003
10376444,6,2,0.20103967189788818,5,2,1.6042530177721661
10372415,6,1,0.4321991205215454,1,1,0.8388688697991002
10376447,6,1,0.3131331205368042,1,1,1.161126873629211
10372422,10,7,0.03110167570412159,3,5,3.4704935800870205
10376446,8,4,0.13798418641090393,3,1,1.9806161916163423
10372417,6,1,0.3067606985569,2,2,1.1816873188782004
10376443,9,6,0.09647422283887863,1,6,2.338479427160959
10372414,5,1,0.32100358605384827,3,3,1.1363029844072066
10372419,6,3,0.18149124085903168,2,1,1.7065478861716228
10376300,5,3,0.172840416431427,5,6,1.7553865585749346
10376363,10,3,0.11536628007888794,1,10,2.159643167963237
10376302,8,2,0.2243635654449463,2,6,1.494487482843444
10376364,12,1,0.1770474761724472,7,7,1.73133735541175
10376500,11,3,0.12933233380317688,1,2,2.045369956382789
10376483,9,4,0.14170990884304047,2,6,1.9539732064096926
10376303,7,1,0.27660807967185974,2,2,1.2851536495061584
10376586,10,1,0.20584070682525635,6,6,1.5806526771569054
10376367,17,4,0.08504544943571091,2,11,2.4645694661488666
10376431,11,2,0.17362448573112488,9,6,1.7508604398637804
10376307,5,2,0.22823376953601837,6,2,1.4773848703113053
10376577,10,3,0.15508417785167694,4,1,1.863787226565001
10380322,11,8,0.045876551419496536,8,11,3.0818011547705884
10376366,15,1,0.17051447927951813,14,14,1.7689350634037566
10376501,14,1,0.17967723309993744,1,1,1.7165931871536613
10376480,11,10,0.03535879775881767,6,4,3.3422080418241453
10376304,7,2,0.23945742845535278,7,2,1.4293796296830625
10380418,9,6,0.0881837010383606,6,5,2.4283331285296206
10376578,8,4,0.10254494100809097,4,6,2.277454127634865
10380381,6,1,0.3899257481098175,1,1,0.9417989474468257
10380325,7,3,0.1620924472808838,4,1,1.8195884442878445
10380411,10,1,0.4607793092727661,5,5,0.7748360723603791
10376503,13,5,0.08654195815324783,4,1,2.4471259172950073
10376821,11,1,0.24185112118721008,5,5,1.4194329438454119
10380407,9,2,0.18796281516551971,7,5,1.6715111273883079
10376477,12,6,0.07352506369352341,11,14,2.610128928258558
10376301,10,8,0.07300625741481781,2,7,2.617210123496122
10380419,9,3,0.12338588386774063,3,2,2.0924385673464765
10376540,9,1,0.3124872148036957,2,2,1.1631917232707991
10376583,9,1,0.24830864369869232,3,3,1.3930827755608648
10380382,8,3,0.21492218971252441,1,2,1.537479224672933
10380326,8,3,0.1390378624200821,3,6,1.9730089914318956
10376434,9,9,0.042418088763952255,8,10,3.1601803859301003
10380414,11,8,0.07018488645553589,5,10,2.6566222837853464
10376505,12,3,0.1512388437986374,11,2,1.8888949448005985
10376824,11,1,0.2399284839630127,4,4,1.427414383533494
10380402,9,2,0.2169773131608963,2,4,1.5279624785528028
10376478,9,1,0.2061036080121994,13,13,1.5793762851147455
10380420,11,6,0.07825175672769547,1,8,2.547823999619685
10376538,8,1,0.20517881214618683,6,6,1.583873425664863
10376585,12,12,0.02781428024172783,2,7,3.5822057124128093
10380548,6,1,0.34095829725265503,3,3,1.0759951046240777
10380379,13,8,0.025316860526800156,10,12,3.6762846812263215
10380323,10,8,0.053727541118860245,2,5,2.9238295389427873
10376430,11,4,0.11786189675331116,5,1,2.138241706427547
10380412,11,1,0.2675282657146454,1,1,1.3185300520053844
10376498,9,6,0.11655425280332565,1,4,2.149398425077058
10376825,10,5,0.10991987586021423,1,11,2.2080035798735986
10380406,12,2,0.19274373352527618,8,3,1.6463937779606974
10376481,16,3,0.12923841178417206,6,8,2.046096426988906
10380421,8,1,0.2638789117336273,4,4,1.3322649487316687
10376543,9,4,0.13604521751403809,1,4,1.9947679667850158
10376579,14,6,0.08856309205293655,7,15,2.4240400764110395
10380549,7,2,0.18270038068294525,1,8,1.6999077319498528
10380380,8,6,0.08000300824642181,6,8,2.525691041934961
10380324,10,2,0.20749758183956146,5,8,1.572635593164536
10376435,11,4,0.14145217835903168,9,5,1.9557935811478995
10380408,10,7,0.07040425390005112,7,2,2.6535015929270047
10376496,13,3,0.10561130940914154,8,14,2.247989816766939
10376828,10,1,0.21890495717525482,4,4,1.5191176288657184
10380403,10,1,0.19318555295467377,6,6,1.6441041376670287
10376479,12,6,0.07897496223449707,1,10,2.538624410489771
10380422,13,11,0.051771633327007294,5,7,2.9609128988845845
10376541,12,7,0.0789058580994606,4,9,2.5394998067450385
10376580,13,1,0.12465929239988327,17,17,2.08217092385785
10380550,7,6,0.09090275317430496,7,3,2.3979649903112255
10380376,11,6,0.08365096896886826,8,11,2.4811022680076875
10380319,10,1,0.2148742377758026,4,4,1.537702362576619
10376436,14,2,0.11217842251062393,1,2,2.1876646171275445
10380409,14,3,0.10338655859231949,3,10,2.2692803196293676
10376497,12,4,0.10192325711250305,6,18,2.2835351301286577
10376822,16,7,0.0503908209502697,1,5,2.9879462444939895
10376581,9,5,0.0845331996679306,10,3,2.470610926303758
10376542,7,1,0.30452898144721985,2,2,1.1889890191946768
10376432,14,2,0.10536063462495804,2,9,2.2503661981696745
10376823,13,2,0.10090210288763046,11,1,2.293604510535187
10376539,9,1,0.2899366319179535,8,8,1.2380928905062893
10376437,14,4,0.07399022579193115,8,4,2.603822278394635
10376819,10,2,0.18040858209133148,3,12,1.7125310999167962
10376820,13,6,0.07119425386190414,2,6,2.6423431680077045
10376356,11,1,0.25850391387939453,1,1,1.3528444444156056
10376351,8,5,0.08621338754892349,1,2,2.4509298053793755
10376355,12,4,0.09417975693941116,1,2,2.3625500149790293
10376352,10,2,0.12616252899169922,8,7,2.0701842906206993
10380544,7,3,0.17197518050670624,5,4,1.760405111960456
10376353,12,10,0.04343564808368683,5,6,3.1364747906106025
10380569,16,2,0.17330531775951385,4,5,1.7527003974485338
10380641,9,4,0.09805016219615936,5,8,2.3222760721222886
10380331,10,4,0.09002356231212616,8,1,2.4076838394483513
10380306,6,1,0.3293587863445282,4,4,1.1106075864175848
10380541,7,5,0.12437410652637482,4,2,2.084461267236722
10376354,11,3,0.11235067993402481,4,7,2.186130228441877
10380567,10,5,0.10331372916698456,6,5,2.2699850059086004
10380330,12,3,0.10151015967130661,1,5,2.287596390225685
10380542,4,1,0.3579646348953247,1,1,1.027321082669607
10380307,10,5,0.08416689187288284,6,7,2.474953643220992
10380643,8,2,0.1998458355665207,7,6,1.6102090318376578
10380566,12,4,0.07951802015304565,1,8,2.5317716144155256
10380400,11,1,0.16371513903141022,2,2,1.8096273185426044
10380332,14,9,0.06754790991544724,4,1,2.694918156350739
10380543,8,4,0.1270899623632431,3,4,2.0628600782307536
10380308,7,2,0.2738911211490631,8,2,1.2950246196347919
10380639,8,5,0.09515321254730225,2,5,2.3522669228325075
10380570,10,1,0.14097698032855988,3,3,1.9591586620134822
10380335,12,2,0.14987985789775848,8,6,1.897921253163862
10380538,12,2,0.1723845899105072,8,2,1.7580273104175932
10380310,9,1,0.3061641752719879,2,2,1.1836338004087263
10380640,8,1,0.25633105635643005,5,5,1.361285481058841
10380563,10,5,0.1022539809346199,5,9,2.280295551471193
10380395,9,3,0.11916372925043106,8,4,2.127256855466724
10380334,15,3,0.10530020296573639,8,6,2.250939932344194
10380311,10,5,0.09160793572664261,1,3,2.390237376484276
10380645,9,8,0.03781655430793762,3,9,3.2750083275719315
10380396,12,7,0.06717455387115479,2,13,2.700460765795456
10380564,11,1,0.18672025203704834,4,4,1.6781437606319898
10380336,15,3,0.10434526950120926,3,7,2.260049979488806
10380631,10,1,0.19086319208145142,6,6,1.6561983794055917
10380399,12,1,0.2129540592432022,2,2,1.5466788208401314
10380632,12,6,0.07794278860092163,1,6,2.551780200895587
10380636,14,2,0.16570763289928436,10,8,1.7975302910403461
10380633,14,4,0.08053288608789444,3,2,2.519089655149365
10380637,14,1,0.15642531216144562,5,5,1.855176621501519
10380375,9,1,0.28334710001945496,4,4,1.2610826310422993
10380368,9,2,0.15852688252925873,1,6,1.8418310941834188
10383791,10,2,0.2363426834344864,6,12,1.4424724787082546
10380371,12,1,0.31801334023475647,12,12,1.1456619466580922
10383782,10,1,0.29357340931892395,4,4,1.2256275540581163
10383783,9,4,0.15116415917873383,4,3,1.8893888858044026
10380369,7,3,0.1857176274061203,8,1,1.6835278910244442
10383785,8,2,0.18186154961585999,3,8,1.7045095977932565
10380373,9,3,0.14113323390483856,5,4,1.9580509134501654
10383789,12,4,0.11733479797840118,7,2,2.142723909359594
10380370,8,5,0.08614149689674377,4,2,2.4517640220200017
10383784,12,2,0.14606697857379913,3,6,1.9236900051159953
10383727,9,2,0.21119268238544464,4,3,1.5549843755464696
10383780,6,4,0.07204236835241318,2,8,2.6305008836954307
10383869,10,5,0.04812414199113846,4,1,3.0339713152886874
10383875,7,1,0.31037816405296326,4,4,1.169963840915109
10383745,12,1,0.445345014333725,4,4,0.8089059841063521
10383730,8,4,0.1639789491891861,3,4,1.808017217999133
10383790,8,4,0.07670462876558304,3,6,2.567793223465275
10383870,7,2,0.28826776146888733,1,2,1.2438655034524162
10383747,11,9,0.06946787238121033,8,2,2.6668909011863877
10383729,12,3,0.1357567310333252,2,7,1.9968907373581122
10383871,10,1,0.3205997943878174,6,6,1.1375616801424566
10383777,11,3,0.09948404133319855,1,3,2.3077580362922885
10383748,9,2,0.2011418491601944,7,4,1.6037449026094617
10383728,9,5,0.10773702710866928,3,6,2.228061955310103
10383876,12,2,0.1844581514596939,1,3,1.6903326625860822
10383778,9,1,0.19903165102005005,6,6,1.6142914165528006
10383746,12,11,0.03849975764751434,2,13,3.2571033325779686
10383874,12,7,0.08437643945217133,4,2,2.472467069761084
10394528,6,2,0.22331281006336212,2,5,1.4991817547265383
10394524,6,1,0.4076906740665436,5,5,0.8972465439180799
10394525,10,1,0.3086484372615814,9,9,1.1755523932958845
10394629,9,1,0.3791259527206421,1,1,0.9698868000305761
10394606,11,2,0.29645365476608276,6,5,1.2158643804646039
10394549,7,2,0.23088450729846954,3,11,1.4658376618911146
10394526,8,3,0.14516517519950867,8,1,1.929883045581477
10394624,11,1,0.18528369069099426,6,6,1.6858671652633295
10394602,13,2,0.19304122030735016,2,4,1.644851536159491
10394547,8,3,0.13889876008033752,6,3,1.9740099559691155
10394612,10,3,0.15245048701763153,10,5,1.8809154109473247
10394625,12,1,0.19261793792247772,2,2,1.64704664832424
10394609,12,1,0.26118001341819763,3,3,1.3425454028145896
10394545,9,1,0.2053362876176834,3,3,1.5831062164717715
10394615,7,1,0.3477941155433655,1,1,1.056144596286839
10394626,8,5,0.11689808964729309,1,7,2.1464527524058794
10394601,13,2,0.10468575358390808,3,1,2.256792239285465
10394546,10,1,0.1965186595916748,5,5,1.6269978924271429
10394616,10,1,0.2217981219291687,3,3,1.505987671508533
10394628,9,4,0.13921357691287994,5,4,1.9717460005443974
10394607,12,2,0.1443362832069397,8,9,1.9356094019332386
10394550,10,6,0.07340272516012192,8,1,2.6117942165287795
10394618,13,2,0.14160655438899994,12,11,1.9547028107358675
10394627,11,5,0.0838189348578453,12,15,2.4790963440600433
10394603,13,2,0.11382005363702774,2,5,2.173136554562957
10394767,9,2,0.1747564673423767,1,2,1.7443618894407247
10394544,6,1,0.2779572010040283,2,2,1.2802881303664335
10394613,11,3,0.1922718584537506,6,4,1.6488449789905955
10394604,13,10,0.04380589351058006,5,9,3.127986915615379
10394772,9,7,0.06926152855157852,2,4,2.6698656704913812
10394771,10,9,0.0410250648856163,2,12,3.1935720603956232
10394770,12,6,0.07838946580886841,7,3,2.5460657253363186
10394768,11,3,0.14094851911067963,2,6,1.959360567964051
10397833,10,3,0.15602703392505646,8,5,1.857725992354951
10397879,10,1,0.2443501204252243,11,11,1.4091531624270346
10397828,9,2,0.2574884593486786,7,4,1.3567803779460899
10397945,7,1,0.40007227659225464,2,2,0.9161100567162578
10397834,9,1,0.3367229402065277,6,6,1.0884948226545006
10397880,10,6,0.07884915173053741,6,8,2.540218723645702
10397947,5,1,0.3640351891517639,3,3,1.0105047425241205
10397824,11,2,0.22957369685173035,1,2,1.471531181849613
10397831,11,4,0.12989358603954315,1,4,2.0410397326636307
10397948,9,1,0.36718976497650146,6,6,1.001876493781941
10397881,12,9,0.04617048799991608,5,11,3.075414472886954
10397823,10,1,0.27492719888687134,6,6,1.2912489476835551
10395454,10,1,0.40105465054512024,1,1,0.9136575753129343
10397835,9,7,0.059738967567682266,5,6,2.817770748437882
10397949,11,4,0.11898887157440186,3,5,2.1287253064250153
10397882,11,7,0.06425939500331879,5,9,2.7448273401641603
10397825,12,1,0.19108526408672333,12,12,1.6550355417152736
10395455,8,4,0.13694489002227783,7,3,1.988176696694431
10397946,9,1,0.21935221552848816,8,8,1.5170765509947175
10397837,12,11,0.028377149254083633,3,15,3.5621710614117417
10395458,8,3,0.10468100756406784,2,9,2.25683757618436
10395456,9,2,0.16968753933906555,8,6,1.7737965370214788
10397937,7,2,0.27283427119255066,3,5,1.298890733364633
10395457,11,11,0.05839980021119118,1,7,2.8404428101950545
10397941,8,1,0.24370132386684418,2,2,1.4118118860028095
10395459,9,3,0.1261790692806244,3,4,2.070053196191068
10397934,12,1,0.2044564038515091,8,8,1.587400510326441
10397935,10,4,0.12648631632328033,6,10,2.067621148022973
10397936,10,4,0.0843224823474884,3,2,2.4731067550174832
10397940,11,1,0.17115263640880585,8,8,1.765199510041582
10397870,9,1,0.20544277131557465,10,10,1.5825877689123808
10397872,6,3,0.15342934429645538,5,4,1.8745151156673725
10397867,8,3,0.13012002408504486,6,1,2.039297992278288
10401834,10,1,0.22190764546394348,5,5,1.5054939950902946
10401980,10,5,0.0594455786049366,3,9,2.822694030268976
10401799,8,5,0.10867531597614288,5,2,2.2193905945785626
10401809,8,3,0.17166957259178162,1,6,1.7621837394106665
10397868,13,3,0.12815548479557037,4,13,2.0545110272785756
10401829,10,1,0.20474371314048767,3,3,1.5859962617729313
10401975,9,4,0.10729343444108963,11,7,2.232187820023843
10401805,7,1,0.3612867295742035,10,10,1.0180833711620925
10401810,9,3,0.1211681216955185,3,6,2.1105762622575623
10397869,7,5,0.09826130419969559,8,5,2.3201249793834995
10401831,11,1,0.23668214678764343,3,3,1.441037190792085
10401978,10,4,0.12063546478748322,4,3,2.114981968371073
10401801,9,1,0.27271756529808044,6,6,1.2993185786707773
10401812,7,2,0.2439185529947281,6,5,1.4109209086142234
10401861,12,1,0.27242806553840637,6,6,1.300380679403179
10401835,11,2,0.1960269957780838,5,6,1.629502895674364
10401977,8,1,0.2397499680519104,4,4,1.4281586984744465
10401800,9,3,0.16148711740970612,3,2,1.8233299078620435
10401806,8,1,0.3023035526275635,1,1,1.1963236252725156
10401940,9,5,0.11790984123945236,3,5,2.137835003849789
10401863,11,4,0.10604193806648254,3,4,2.243920620979155
10401830,11,1,0.2686988115310669,6,6,1.3141641864033466
10401976,10,1,0.24567320942878723,1,1,1.4037530431339231
10401803,9,4,0.1198379322886467,3,4,2.121615013295267
10401937,8,3,0.14344003796577454,5,3,1.9418381850047695
10401807,12,2,0.14654181897640228,1,7,1.9204444374953509
10401857,15,4,0.0996280387043953,1,6,2.306311640912623
10401833,14,6,0.0906582623720169,5,11,2.4006582000769274
10401981,9,4,0.1409226804971695,3,11,1.959543904279492
10401862,11,4,0.08934009075164795,1,10,2.4153049472578303
10401988,6,1,0.33625638484954834,6,6,1.0898813598462218
10401991,8,2,0.28142669796943665,4,7,1.2678832632889665
10401992,8,1,0.2812654674053192,2,2,1.268456331756776
10401989,6,1,0.2978457808494568,3,3,1.211179440361281
10401990,9,3,0.16286085546016693,1,2,1.8148590902235142
10401788,12,1,0.3031076192855835,3,3,1.1936673573736127
10401778,12,3,0.1116160973906517,3,10,2.1926899975850644
10401919,9,4,0.13713395595550537,12,3,1.9867970501730627
10401776,16,1,0.14501330256462097,2,2,1.9309297989446144
10401792,14,2,0.1416492760181427,7,9,1.9544011637801435
10401777,12,1,0.2804490625858307,3,3,1.2713631655691924
10405252,9,2,0.20530734956264496,9,6,1.5832471564619053
10401789,14,9,0.03793323040008545,7,14,3.2719277594919585
10401837,11,2,0.13836650550365448,13,6,1.9778492773450915
10401779,14,7,0.07099156826734543,5,11,2.64519416579092
10401925,12,2,0.19398094713687897,1,5,1.6399953353764336
10402029,10,2,0.22486990690231323,3,1,1.4922332355401817
10405255,7,6,0.07612874358892441,2,9,2.5753293772952164
10405399,8,5,0.0685703307390213,2,3,2.6798953343196152
10401794,8,2,0.20318013429641724,1,2,1.593662332346335
10405395,10,1,0.3575681149959564,9,9,1.0284294035396668
10401842,11,1,0.1514066755771637,2,2,1.8877858466313833
10401920,8,7,0.07294168323278427,6,3,2.618095016917169
10401774,16,5,0.07653799653053284,3,5,2.5699679747840123
10405333,8,4,0.14633701741695404,5,4,1.9218429789219116
10405248,11,5,0.0689406618475914,4,15,2.6745091175972986
10405400,8,1,0.4368044137954712,12,12,0.8282697497593836
10401793,16,16,0.02656162530183792,3,13,3.6282877626528602
10401908,17,4,0.08832003176212311,8,4,2.4267883368279284
10405393,12,2,0.16386139392852783,3,1,1.8087343674785323
10401843,9,3,0.13476848602294922,7,12,2.0041968910480286
10405388,8,1,0.24819761514663696,7,7,1.3935300148531315
10401924,12,6,0.0867835134267807,1,5,2.444338612835725
10402033,11,1,0.17168422043323517,7,7,1.7620984172633072
10405258,8,1,0.294053316116333,1,1,1.2239941807504295
10405402,10,3,0.15098099410533905,6,8,1.890601316941169
10405237,11,1,0.24260392785072327,5,5,1.4163250919572392
10401912,20,9,0.04182938486337662,2,15,3.174156199269039
10402001,8,6,0.09905310720205307,6,2,2.312099136293735
10405389,8,5,0.11606267094612122,1,6,2.153624966990416
10401841,11,3,0.14130118489265442,2,13,1.956861603674625
10405385,9,5,0.12155415117740631,4,6,2.107395426788311
10401921,15,6,0.06651191413402557,2,1,2.7103741874573894
10405329,7,1,0.3625599145889282,2,2,1.0145655367202808
10402025,17,1,0.22499491274356842,16,16,1.4916774870619123
10405247,9,6,0.08369886130094528,4,1,2.48052990610798
10405403,10,8,0.049105651676654816,4,7,3.0137811453749324
10405232,6,3,0.1711742877960205,7,8,1.7650730146612152
10401911,15,1,0.14054839313030243,2,2,1.962203414421365
10401997,7,2,0.20943807065486908,1,5,1.5633271887858713
10405390,13,9,0.05193673074245453,2,1,2.957729017692436
10401839,10,7,0.07723136246204376,4,10,2.560949654940057
10402260,11,3,0.1248897910118103,2,6,2.080323602486634
10401923,10,10,0.05106675252318382,10,16,2.974621629081778
10405330,11,3,0.13604725897312164,10,6,1.9947529611581793
10402026,14,2,0.13495707511901855,4,6,2.002798513185712
10405256,8,4,0.13184252381324768,9,5,2.026147070003232
10405233,9,3,0.18528933823108673,4,16,1.685836685224837
10402419,10,1,0.3150816559791565,3,3,1.1549234484189292
10397877,16,6,0.059647660702466965,12,4,2.819300348265612
10401998,12,12,0.026940463110804558,9,4,3.614125917694646
10405394,14,6,0.08464875817298889,2,6,2.469244840646585
10401838,13,10,0.047077327966690063,5,19,3.055963753368707
10402258,8,4,0.16033287346363068,1,4,1.8305031657588027
10405386,7,3,0.1771245300769806,3,2,1.7309022340334959
10405334,8,2,0.24621711671352386,1,5,1.401541544035425
10402031,15,12,0.030207034200429916,11,18,3.4996804611790546
10402420,7,1,0.31353074312210083,6,6,1.1598578595318099
10405234,8,4,0.12091721594333649,11,9,2.112649133291141
10397878,13,10,0.045567501336336136,5,12,3.088560506538667
10405383,8,3,0.1843760758638382,7,4,1.6907777167113787
10401999,8,3,0.15204134583473206,1,6,1.8836027830538309
10402261,9,1,0.1916685402393341,1,1,1.6519877517389296
10402423,12,5,0.05996022745966911,1,10,2.8140738122314346
10405235,9,1,0.23823955655097961,2,2,1.4344785714023527
10401909,13,10,0.04660654813051224,10,8,3.06601422990009
10402262,8,4,0.11232121288776398,5,7,2.1863925402607673
10402421,13,1,0.2356274574995041,1,1,1.4455032911281327
10405296,10,2,0.2173052877187729,1,2,1.526452058289293
10402259,9,5,0.09297299385070801,1,5,2.375446216701909
10402422,14,6,0.06949662417173386,5,8,2.666477100659678
10405297,11,5,0.0550672672688961,7,2,2.899199799802701
10402255,10,6,0.07388212531805038,7,10,2.605284356901216
10405298,8,2,0.15957269072532654,8,7,1.83525571935111
10405292,10,6,0.055054206401109695,2,7,2.8994370081765517
10405293,9,2,0.23576205968856812,3,5,1.4449322042124744
10401892,9,1,0.2956071197986603,7,7,1.2187240042757554
10401896,10,3,0.1126042976975441,7,4,2.1838753961759316
10401893,12,3,0.16594325006008148,1,6,1.7961094161834181
10401889,8,2,0.19521507620811462,2,7,1.6336533733128704
10401886,10,2,0.21843105554580688,10,3,1.5212848494976816
10405456,11,3,0.2148386538028717,5,3,1.5378679800096056
10401895,10,1,0.2585795223712921,6,6,1.3525520022790534
10405270,10,8,0.06110290810465813,6,4,2.795195818116314
10401884,7,2,0.2306758016347885,2,4,1.466742010353778
10405323,6,1,0.38946112990379333,11,11,0.9429912135066448
10405415,11,1,0.3534306585788727,9,9,1.0400679696650619
10401890,8,7,0.06028129160404205,2,10,2.8087334787108227
10405264,9,1,0.2903883755207062,3,3,1.236536026031356
10401888,8,5,0.07505148649215698,6,9,2.58958091440785
10405317,10,1,0.3233265280723572,3,3,1.1290925435732089
10405559,9,4,0.056686580181121826,2,5,2.870217777370787
10405420,11,1,0.31036415696144104,7,7,1.170008971047373
10405460,12,6,0.07296402007341385,7,8,2.6177888350435623
10405280,7,2,0.24960298836231232,2,3,1.3878836699531176
10405265,10,6,0.07821144908666611,8,9,2.548339234389563
10401885,11,5,0.07827557623386383,1,4,2.547519650137693
10405416,13,8,0.03885320574045181,3,4,3.24796468973098
10405318,7,1,0.42266538739204407,1,1,0.8611744593326305
10405565,8,1,0.35912397503852844,3,3,1.0240876157388872
10405283,7,2,0.21193428337574005,3,4,1.5514790364418174
10405459,9,5,0.10743153095245361,9,6,2.230901555707529
10405418,13,4,0.09139184653759003,1,10,2.392599010873258
10405266,11,11,0.020448384806513786,3,13,3.8898513821791765
10401887,10,4,0.12491393834352493,4,5,2.0801302720519588
10405281,12,8,0.042190246284008026,6,10,3.1655662153657005
10405321,12,12,0.024557216092944145,12,10,3.7067495333924247
10405561,10,3,0.1898512840270996,4,6,1.6615142289503229
10405454,10,8,0.05999724194407463,15,8,2.813456685415335
10405417,10,4,0.14829273521900177,1,8,1.9085670180981573
10405267,10,1,0.19682061672210693,4,4,1.6254625400841016
10406490,8,2,0.27686721086502075,7,2,1.2842172708944102
10405282,12,7,0.03696778044104576,5,7,3.2977085445941716
10401882,9,2,0.291768342256546,2,1,1.2317951400177565
10405320,10,8,0.07338079810142517,5,9,2.612092983834164
10405421,10,3,0.16403783857822418,7,1,1.807658154732453
10405564,10,1,0.23977439105510712,5,5,1.4280568350226572
10406492,8,1,0.37548118829727173,1,1,0.9795469067764987
10405285,12,4,0.11009201407432556,7,2,2.206438771269048
10405557,11,2,0.16123412549495697,2,7,1.8248977746953368
10406493,9,1,0.32432910799980164,9,9,1.1259965132989442
10405560,11,7,0.05551701784133911,5,10,2.89106567745856
10406494,10,7,0.06537814438343048,5,4,2.7275672601104084
10405563,12,2,0.12066557258367538,11,3,2.114732422851697
10406495,8,2,0.1827048510313034,3,5,1.6998832640551957
10405314,10,1,0.28979557752609253,1,1,1.23857950964646
10405309,10,2,0.22631271183490753,13,9,1.4858375554284025
10405356,15,4,0.07855143398046494,6,8,2.5440016588078653
10405310,6,2,0.20771260559558868,3,2,1.5715998585811548
10405348,11,1,0.32364895939826965,7,7,1.1280958092027398
10405313,7,1,0.31703123450279236,1,1,1.1487549784042212
10405381,8,1,0.24648647010326385,3,3,1.4004481750250082
10405355,13,2,0.14569641649723053,2,6,1.9262301611607888
10405308,13,6,0.081452876329422,3,11,2.5077306305070017
10405372,9,2,0.20368358492851257,3,11,1.5911875435398701
10405351,12,1,0.16711711883544922,5,5,1.7890604019766871
10405246,8,1,0.24260063469409943,2,2,1.4163386662592063
10405486,8,1,0.36077749729156494,7,7,1.0194938616645086
10405316,7,7,0.06708909571170807,2,5,2.7017337562325947
10405376,11,5,0.10410197824239731,9,6,2.2623843002526547
10409343,11,5,0.09445925801992416,10,1,2.359586669510884
10405350,14,7,0.061889681965112686,12,3,2.7824018019560963
10405250,6,1,0.2996472418308258,6,6,1.205149356756295
10405315,9,8,0.05776526406407356,2,12,2.851367651706897
10422710,12,4,0.07058539986610413,1,3,2.6509319566325646
10422715,11,1,0.2728698253631592,1,1,1.298760427688413
10422714,10,5,0.03211074694991112,3,13,3.4385645089304373
10427076,6,1,0.4876323640346527,2,2,0.7181935094295067
10422711,11,4,0.08748552203178406,1,18,2.4362819618028935
10427036,10,3,0.12444208562374115,5,10,2.0839148470180837
10427073,6,6,0.06971745193004608,6,3,2.6633046061862755
10427108,11,7,0.07257300615310669,2,6,2.6231622423650323
10422712,11,1,0.2081342488527298,5,5,1.569571980302774
10422866,11,2,0.14208361506462097,6,2,1.9513395561949836
10427040,8,2,0.24261218309402466,2,4,1.4162910648789293
10427074,6,4,0.1404513567686081,3,9,1.9628940653246945
10427109,12,1,0.22897326946258545,2,2,1.4741500094786697
10422716,11,3,0.12469259649515152,2,9,2.081903798586701
10422865,9,6,0.09594571590423584,6,5,2.343972706777598
10427226,6,6,0.13035938143730164,6,4,2.0374601700585413
10427037,10,5,0.061439041048288345,2,4,2.7897097982025407
10427077,8,2,0.1628400981426239,7,1,1.8149865526539524
10427105,10,7,0.0736905112862587,2,11,2.607881235887515
10422867,14,3,0.1252138465642929,10,14,2.077732230869932
10427221,6,2,0.29695677757263184,7,4,1.2141686808284426
10427042,7,1,0.20108045637607574,7,7,1.6040501705359311
10427078,7,4,0.1483725905418396,8,7,1.9080286651608083
10427107,11,6,0.07566829770803452,8,9,2.581395994788372
10422869,13,2,0.16070224344730377,12,6,1.828202045867518
10427223,10,2,0.17312128841876984,4,3,1.7537628410066946
10427038,10,5,0.11761978268623352,4,1,2.140298037543995
10427079,9,3,0.13081024587154388,3,5,2.0340075106756044
10427100,12,3,0.13250334560871124,1,3,2.021147383997567
10422872,14,7,0.05814021825790405,6,4,2.844897629852536
10427229,9,3,0.17372910678386688,2,3,1.7502580504936391
10427043,9,1,0.21142861247062683,6,6,1.553867867161479
10427101,11,4,0.10558293014764786,3,12,2.248258567105244
10422871,13,10,0.04748713970184326,8,18,3.0472963477181656
10427201,10,1,0.22475740313529968,2,2,1.4927336667499853
10427202,10,2,0.14191633462905884,2,3,1.9525175877762424
10427199,9,3,0.14171326160430908,5,3,1.9539495473611859
10427388,7,3,0.17333455383777618,6,3,1.7525317147277784
10427206,9,4,0.145686537027359,3,8,1.926297972058824
10427389,10,1,0.19399234652519226,2,2,1.639936571598087
10427204,8,4,0.12596912682056427,8,4,2.071718427287863
10427390,9,4,0.11181618273258209,2,9,2.190898981575156
10427200,9,5,0.10504954308271408,5,9,2.2533232012225852
10427391,9,5,0.11580879986286163,7,3,2.155814724823213
10427205,10,2,0.19536978006362915,7,4,1.6328612081220266
10427014,7,1,0.30137374997138977,1,1,1.1994040902409102
10427016,9,4,0.16308844089508057,6,4,1.8134626431414536
10427028,12,1,0.300375372171402,1,1,1.20272234590371
10427013,8,3,0.16216535866260529,5,1,1.8191387318577108
10427032,8,6,0.09168477356433868,2,5,2.389398959697331
10427217,11,4,0.0916997566819191,4,15,2.3892355531374245
10427254,11,1,0.19316302239894867,13,13,1.6442207709727423
10427020,13,9,0.06268779933452606,2,10,2.7695884382440483
10427033,8,4,0.14576487243175507,5,1,1.9257604182591852
10427212,11,5,0.08597129583358765,1,10,2.453741807818913
10427189,9,3,0.1464100480079651,10,1,1.9213440458759388
10431126,8,1,0.23694656789302826,1,1,1.439920615193263
10427018,11,1,0.18555746972560883,2,2,1.6843906350742495
10431161,10,5,0.09678482264280319,4,7,2.3352650878727133
10427122,12,1,0.20693090558052063,7,7,1.5753703309029552
10427029,15,1,0.13219591975212097,7,7,2.0234702162456943
10431153,7,1,0.24088236689567566,1,1,1.4234465688204192
10427215,13,1,0.22728784382343292,2,2,1.4815380303129904
10427186,12,6,0.08621938526630402,2,6,2.4508602395157055
10427251,9,7,0.0692373737692833,9,3,2.6702144787799003
10431124,10,1,0.3134048581123352,8,8,1.1602594478646773
10427017,15,2,0.11272721737623215,9,11,2.182784384198841
10431163,9,1,0.29969924688339233,1,1,1.2049758175642706
10427118,15,4,0.08374156802892685,2,3,2.4800197935971777
10427030,15,14,0.020084323361516,1,16,3.9078157004853953
10431156,8,2,0.23749619722366333,10,9,1.4376036673254682
10427210,10,3,0.12917529046535492,4,1,2.046584956192451
10427193,11,7,0.04848657548427582,6,12,3.0264683134919106
10427253,11,5,0.08842623233795166,10,12,2.4255866074544663
10431305,8,1,0.26326262950897217,2,2,1.3346031537761078
10431125,10,10,0.05330972373485565,2,9,2.9316365303995813
10427012,15,2,0.13251200318336487,2,4,2.021082047595761
10431157,10,1,0.22718970477581024,1,1,1.4819699066485785
10427120,14,4,0.08258816599845886,7,6,2.493888877502948
10427031,16,14,0.035101860761642456,13,6,3.3495011367632577
10431150,10,6,0.08560869842767715,7,2,2.4579683838513517
10427209,13,1,0.19597457349300385,11,11,1.6297703552434157
10427547,9,2,0.21712180972099304,6,1,1.5272967478115187
10427238,6,3,0.19952063262462616,1,2,1.6118376263225478
10427190,10,3,0.15661627054214478,2,3,1.8539566020859775
10427249,12,12,0.0337962880730629,15,1,3.38740430284744
10431127,10,1,0.2641228437423706,2,2,1.331340966856351
10431164,12,9,0.03307965770363808,2,3,3.4088367564122843
10427115,11,8,0.05375105142593384,2,8,2.9233920507529643
10431154,12,2,0.17593573033809662,4,2,1.737636519167792
10427213,14,11,0.04119350016117096,5,17,3.1894747981509344
10427546,7,1,0.2730090916156769,4,4,1.2982501817301704
10427239,10,6,0.07818039506673813,2,4,2.5487363653333692
10427187,14,1,0.20120050013065338,2,2,1.6034533550208085
10427250,11,1,0.17252157628536224,7,7,1.7572329704174194
10431308,10,3,0.13661953806877136,4,8,1.990555310823285
10431123,8,1,0.3222206234931946,1,1,1.132518801928944
10431158,7,1,0.2926095128059387,5,5,1.2289162796261022
10427124,14,4,0.07206958532333374,6,11,2.630123163866507
10431151,12,9,0.052552081644535065,11,8,2.94595056979797
10427211,14,2,0.13491366803646088,3,7,2.003120201134724
10427540,7,1,0.30445173382759094,8,8,1.1892427139935617
10427237,12,3,0.12827067077159882,9,8,2.0536126323116424
10427188,10,9,0.04626407474279404,4,13,3.0733895425561513
10427248,12,9,0.06018567085266113,6,2,2.810320980703279
10431310,9,4,0.09098994731903076,9,3,2.3970062475890788
10431128,10,4,0.10253341495990753,5,9,2.277566533921147
10431162,10,1,0.28603464365005493,8,8,1.251642343854581
10427125,16,16,0.018780210986733437,1,12,3.9749515706147855
10427214,11,7,0.06243887543678284,11,8,2.773567193798457
10427191,12,1,0.24755321443080902,14,14,1.396129712283008
10427246,12,1,0.15499740839004517,7,7,1.864346882266897
10427233,9,7,0.05886434018611908,2,4,2.8325198014484747
10427542,9,4,0.1160062849521637,1,3,2.1541109087213886
10427123,14,9,0.05239494889974594,1,10,2.9489450873444576
10427235,12,3,0.1369193196296692,1,2,1.988363434440962
10427543,11,8,0.06345774233341217,9,7,2.757381069674683
10427544,11,1,0.2410852611064911,2,2,1.4226046275321969
10431134,9,4,0.12012240290641785,9,2,2.1192440318511565
10427541,12,2,0.1779191642999649,12,8,1.726425964986004
10431136,9,3,0.15638042986392975,2,5,1.8554635874474334
10431130,10,1,0.2876236140727997,9,9,1.2461025491595559
10431131,7,1,0.2987339198589325,3,3,1.2082020019249948
10427054,10,2,0.25537076592445374,8,1,1.3650388058175151
10427052,10,1,0.2819651663303375,8,8,1.2659717393249834
10427047,8,4,0.09801541268825531,1,3,2.3226305403484258
10427138,8,1,0.44538116455078125,3,3,0.8088248138928047
10427051,7,1,0.2544267177581787,3,3,1.3687424303963105
10427143,10,5,0.11789137870073318,2,6,2.137991597940028
10431040,7,2,0.19952785968780518,3,5,1.6118014048441107
10431223,7,1,0.3263140320777893,9,9,1.1198950726979617
10427048,6,1,0.45714613795280457,4,4,0.7827521625036253
10431451,13,3,0.16323906183242798,1,12,1.8125395156282367
10427140,13,1,0.25019508600234985,11,11,1.385514321420577
10431337,12,1,0.2719167470932007,2,2,1.302259336400456
10431219,8,1,0.4203423261642456,2,2,0.8666858373917943
10431038,7,1,0.4202001988887787,5,5,0.867024017252028
10431456,14,8,0.07229773700237274,3,7,2.6269624504127713
10427141,13,5,0.06908024847507477,6,3,2.6724864287924275
10431217,9,1,0.26022985577583313,2,2,1.3461899778418038
10431042,9,7,0.04006999731063843,4,6,3.2171274214506713
10431449,12,8,0.05454394221305847,10,9,2.9087486230426647
10427142,10,7,0.06140429899096489,7,3,2.7902754301405626
10431220,8,5,0.08568190038204193,4,1,2.4571136730927954
10431339,13,4,0.11104187369346619,1,6,2.197847908325426
10431454,12,2,0.1316225528717041,8,11,2.02781690036879
10431044,7,6,0.05674169957637787,1,3,2.8692458962894114
10431439,10,1,0.44181233644485474,7,7,0.8168700652423362
10431224,10,6,0.06288058310747147,4,9,2.7665178575665323
10427139,7,1,0.23620888590812683,4,4,1.443038755655006
10431452,14,4,0.10787168890237808,4,1,2.226812823886198
10431333,12,1,0.1710623949766159,8,8,1.7657269061288685
10431039,8,4,0.12342162430286407,6,8,2.0921489454007083
10431440,9,2,0.25384682416915894,5,2,1.371024248326205
10431221,5,2,0.3188970685005188,6,4,1.1428868975435953
10431455,14,1,0.12742798030376434,8,8,2.060203934340005
10431334,14,4,0.1036725863814354,1,4,2.2665175537434497
10431442,11,2,0.3198997974395752,2,1,1.1397474652260675
10431443,9,5,0.07302398234605789,2,6,2.616967366497898
10431441,12,4,0.08746889978647232,3,9,2.4364719798108867
10431438,11,2,0.16261090338230133,2,7,1.8163950276448937
10431444,10,1,0.3857848346233368,2,2,0.9524754881910118
10431328,12,2,0.19458089768886566,8,1,1.6369072759761498
10434452,9,1,0.4091333746910095,8,8,0.8937140766091964
10445312,11,2,0.20504392683506012,2,5,1.5845310455536228
10445373,12,1,0.2506137490272522,4,4,1.3838423735908008
10445314,8,4,0.14128650724887848,4,1,1.956965483951065
10445377,6,2,0.2051316201686859,1,3,1.5841034562660485
10445318,14,3,0.16863112151622772,15,2,1.7800416625706463
10445374,11,2,0.2128189206123352,3,6,1.547313612815192
10445323,14,2,0.14493772387504578,5,9,1.9314511193359571
10445294,10,4,0.11691813170909882,13,10,2.146281318091027
10445317,11,6,0.07981962710618973,5,12,2.527985851056379
10445375,5,3,0.20635008811950684,5,6,1.578181095744593
10445357,7,5,0.13176573812961578,3,7,2.026729644200548
10445324,12,1,0.18628069758415222,2,2,1.6805006160598972
10445296,8,6,0.07830236107110977,1,7,2.5471775222751316
10445315,9,3,0.1800561100244522,6,2,1.7144867543091786
10445379,16,2,0.12124254554510117,3,14,2.109962231094922
10445354,9,1,0.16889840364456177,5,5,1.7784579066958086
10445326,9,3,0.20679152011871338,2,1,1.576044142417259
10445293,10,5,0.1297655701637268,9,13,2.042025762873851
10445378,11,1,0.1675737351179123,14,14,1.7863318149216842
10445355,9,5,0.09497459977865219,6,11,2.3541457938825574
10445426,12,5,0.08912015706300735,2,4,2.4177697404280627
10445432,16,4,0.06713514029979706,6,12,2.701047671643651
10445425,13,7,0.06214744970202446,8,1,2.7782454964285086
10448675,10,1,0.3335752785205841,10,10,1.0978867163975923
10448650,14,3,0.1180267482995987,3,4,2.1368439996995425
10445433,12,2,0.14428436756134033,11,1,1.9359691519789897
10448661,6,2,0.23085983097553253,1,9,1.4659445449470183
10448677,8,1,0.2908012568950653,1,1,1.2351152111345023
10445427,9,4,0.09642317146062851,2,7,2.3390087384005165
10448655,9,2,0.22080297768115997,2,1,1.5104844787953118
10448671,8,3,0.16858339309692383,6,8,1.7803247370977162
10448644,14,1,0.18010801076889038,8,8,1.7141985482286668
10445434,8,2,0.2362012416124344,8,7,1.4430711186178122
10448656,9,8,0.04346301034092903,2,9,3.135845039619217
10448672,11,3,0.19932927191257477,1,7,1.6127971889277164
10448645,13,1,0.15750765800476074,4,4,1.8482811996460236
10448621,12,7,0.020228629931807518,11,12,3.9006563546728845
10448623,6,5,0.15401698648929596,4,5,1.8706923807727676
10454391,9,4,0.10930053144693375,3,7,2.2136540215339378
10454395,6,2,0.2958836257457733,1,5,1.217789058228543
10454418,7,3,0.15318563580513,4,2,1.8761047871346095
10448622,9,1,0.2954367995262146,4,4,1.21930034140263
10454386,7,4,0.17040006816387177,5,4,1.76960626456428
10454220,12,4,0.10302376002073288,2,10,2.2727956375420577
10454221,8,8,0.020389920100569725,1,3,3.8927146129630525
10454208,9,6,0.10077787935733795,6,4,2.2948363982477833
10454218,8,3,0.18991969525814056,1,6,1.6611539527022026
10454209,12,1,0.2045091986656189,1,1,1.5871423232609365
10454207,13,5,0.08992398530244827,10,3,2.4087905732845374
10454291,7,2,0.2757890522480011,2,7,1.28811900894305
10454225,10,2,0.15780289471149445,10,5,1.8464085265593098
10454211,9,6,0.09756894409656525,1,9,2.327196031930007
10457750,10,2,0.16114689409732819,2,7,1.825438944270816
10454286,11,2,0.13454920053482056,12,4,2.0058253435970674
10454222,7,4,0.1213524118065834,3,11,2.109056472210296
10454206,12,9,0.04815409705042839,10,9,3.0333490550447384
10454396,9,3,0.1562305986881256,1,12,1.8564221664711558
10457754,10,1,0.2808176577091217,11,11,1.2700497252280771
10454309,11,9,0.04101903364062309,7,11,3.193719084864474
10454287,12,1,0.22094546258449554,2,2,1.5098393835542685
10454224,9,8,0.059806741774082184,4,11,2.816636885683054
10454409,13,1,0.17140473425388336,7,7,1.7637276521154124
10454402,11,3,0.13631571829319,9,13,1.9927816256286401
10457914,7,4,0.15121623873710632,1,7,1.889044421948634
10454210,12,12,0.028488339856266975,1,6,3.5582604032734473
10454306,13,1,0.22881580889225006,3,3,1.4748379270546454
10454284,9,2,0.2434939444065094,4,6,1.4126632057358377
10454226,7,5,0.13544730842113495,4,2,1.9991725820317499
10454412,13,4,0.10701815038919449,21,8,2.2347568291001836
10457915,8,7,0.04631587490439415,3,7,3.0722705061513347
10454212,14,1,0.13707496225833893,2,2,1.9872273330279087
10457758,10,1,0.276634156703949,1,1,1.285059379653302
10454304,10,3,0.139189213514328,1,4,1.9719210232054618
10454285,6,2,0.1983310431241989,6,3,1.6178177094442339
10454657,7,1,0.3154032230377197,2,2,1.1539033856160021
10454217,8,1,0.242670476436615,2,2,1.4160508199753628
10454411,8,4,0.1449483186006546,10,4,1.9313780235392568
10457729,7,5,0.05891713500022888,6,5,2.8316233138206512
10454205,14,2,0.10529831051826477,6,3,2.250957904431844
10457753,10,8,0.06187175586819649,6,5,2.782691489880791
10457897,13,1,0.34574341773986816,8,8,1.0620583462472128
10454288,16,7,0.05654320865869522,5,18,2.872750178084705
10454653,6,1,0.3551502823829651,5,5,1.0352142484296236
10454219,6,1,0.4369299113750458,1,1,0.8279824826191964
10454407,15,9,0.06373899430036545,4,6,2.75295874827297
10454398,9,6,0.09235284477472305,7,8,2.3821387685371227
10457917,7,4,0.1501477211713791,4,5,1.8961356616817622
10454213,11,6,0.06616213917732239,5,8,2.715646895395787
10457756,13,4,0.08955812454223633,1,6,2.4128674282676696
10454307,12,9,0.07484319061040878,6,4,2.5923601460637014
10457890,14,2,0.16306409239768982,1,15,1.813611950566358
10454282,11,2,0.14796599745750427,4,2,1.910772778522641
10454376,6,1,0.2994301915168762,1,1,1.2058739720109002
10454654,6,5,0.12142152339220047,2,3,2.1084871228900948
10454413,14,4,0.10659173876047134,1,3,2.2387492678100376
10457725,11,6,0.036948658525943756,3,5,3.298225937363515
10454403,12,9,0.05431254580616951,1,14,2.9130000325751646
10457919,6,1,0.23630067706108093,4,4,1.4426502295327748
10457757,13,12,0.03346159681677818,2,6,3.3973568614068177
10454308,12,2,0.11950217932462692,10,2,2.1244206707506974
10457891,14,3,0.10794320702552795,7,1,2.2261500510459795
10454289,11,5,0.09708500653505325,10,7,2.3321683282230246
10454377,7,6,0.07724905759096146,2,6,2.560720562748451
10454659,12,1,0.23928286135196686,1,1,1.4301089065575578
10454410,10,5,0.10155902802944183,7,8,2.2871150925986847
10457727,12,1,0.3526473939418793,11,11,1.042286605283287
10454399,10,1,0.2330397069454193,5,5,1.4565464238608452
10457918,12,2,0.18411874771118164,14,5,1.6921743615379687
10454506,10,6,0.04014375060796738,2,9,3.2152885018134136
10457748,10,4,0.1407485008239746,3,1,1.9607806633584977
10454310,12,3,0.13290297985076904,1,13,2.018135891762841
10457896,14,6,0.0810847282409668,4,5,2.5122606433491677
10454283,13,2,0.11787313967943192,11,1,2.138146320299974
10454651,10,1,0.24623410403728485,6,6,1.4014725531463708
10454379,5,2,0.2352108508348465,4,3,1.4472729295199303
10454408,10,5,0.0970604345202446,3,9,2.332421458194105
10457726,8,3,0.135723277926445,5,4,1.9971371872324708
10454401,12,2,0.16278506815433502,6,7,1.8153245485738536
10457920,10,4,0.12763628363609314,3,2,2.0585705939776937
10454507,7,6,0.10541322827339172,6,2,2.249867145309875
10457749,10,4,0.10248389095067978,2,4,2.2780496542116127
10454305,14,12,0.04896532744169235,16,4,3.016642834571607
10457728,12,2,0.156798854470253,1,6,1.8527914767669231
10457892,13,6,0.07615756243467331,5,8,2.574950894858477
10454290,12,1,0.1923963725566864,3,3,1.6481975945837395
10454378,5,4,0.1836964637041092,5,2,1.6944705373322535
10454658,10,2,0.15494932234287262,3,1,1.8646571681501818
10454400,14,1,0.1734512597322464,10,10,1.7518586427951368
10454414,14,2,0.16320455074310303,10,2,1.8127509523856065
10457895,14,1,0.17693008482456207,1,1,1.7320006254329237
10457767,13,1,0.22999687492847443,4,4,1.4696895574187518
10454303,15,7,0.05815112218260765,2,5,2.8447101021364696
10454509,8,1,0.23519384860992432,1,1,1.447345217169053
10454380,5,2,0.2956816852092743,6,4,1.2184717911089316
10454652,10,1,0.2144111543893814,7,7,1.5398598250689233
10454406,11,8,0.06579914689064026,1,3,2.721148405922752
10457768,12,6,0.06479605287313461,6,16,2.736510589930773
10454508,9,5,0.08097045123577118,1,2,2.5136709904236243
10454381,8,2,0.21602536737918854,3,2,1.5323594366233761
10454655,14,2,0.12270582467317581,9,8,2.097965457542948
10454511,9,7,0.05513009801506996,2,8,2.8980594684922294
10457769,9,8,0.07138260453939438,6,3,2.639701073222198
10454656,16,8,0.055809881538152695,3,11,2.885804336775829
10454510,9,2,0.1718118041753769,1,3,1.7613555629717377
10457770,12,5,0.09917405992746353,2,12,2.310878791553177
10457771,10,7,0.046186238527297974,7,10,3.0750733926402445
10457765,12,5,0.06791488826274872,4,11,2.6895000009604724
10457766,11,4,0.10891012102365494,7,8,2.2172323146688724
10454247,11,2,0.1414719671010971,2,1,1.9556536938854283
10454193,7,2,0.2616767883300781,4,2,1.3406451690997268
10454242,8,1,0.1858268827199936,3,3,1.6829397767391043
10454191,9,1,0.4290942847728729,5,5,0.8460786061764275
10454248,9,3,0.13248012959957123,1,7,2.021322610088033
10454188,10,2,0.2039249986410141,4,2,1.5900030064596387
10454243,11,2,0.20391003787517548,8,1,1.5900763732109267
10454362,7,2,0.2530972361564636,5,2,1.3739815314572421
10454189,7,7,0.0983090028166771,2,1,2.319639670908973
10457906,7,1,0.3121923804283142,7,7,1.1641356772578495
10454244,14,1,0.2826556861400604,1,1,1.2635257788154934
10454355,9,1,0.28486645221710205,3,3,1.2557347972474084
10457884,6,4,0.059175778180360794,3,11,2.827242973176612
10454192,10,1,0.17321665585041046,4,4,1.7532121220593253
10457738,9,1,0.2715306878089905,7,7,1.3036801153916078
10457902,7,3,0.1633630394935608,7,5,1.8117803186323551
10454245,8,5,0.12247400730848312,2,4,2.0998564567487
10454356,10,2,0.2307906150817871,1,2,1.466244407732185
10457885,9,1,0.27357667684555054,9,9,1.2961733423148905
10457812,7,1,0.3180464506149292,1,1,1.1455578357531773
10457737,10,2,0.23260024189949036,8,10,1.4584339989175017
10457908,10,2,0.17989759147167206,7,2,1.7153675262660664
10454246,13,2,0.1926921010017395,3,8,1.6466616955709472
10454357,12,4,0.11415546387434006,3,11,2.1701940414108174
10457886,8,1,0.5718656778335571,9,9,0.5588511441412899
10457811,8,1,0.34647947549819946,6,6,1.0599316958779983
10457935,4,2,0.22834084928035736,2,5,1.47691581337345
10457732,9,4,0.10445599257946014,1,6,2.2589894199162646
10457903,12,1,0.40010061860084534,10,10,0.9160392170045585
10458111,10,1,0.23216108977794647,3,3,1.4603237957758393
10454358,12,5,0.09089282900094986,1,8,2.3980741697890346
10454241,12,2,0.19946469366550446,3,7,1.6121180324217312
10457813,6,1,0.27261629700660706,2,2,1.2996899779167712
10457932,5,3,0.17899784445762634,2,5,1.7203815153500548
10457733,11,2,0.14928647875785828,1,5,1.9018881427856142
10457904,10,3,0.12194057554006577,12,6,2.1042214386508387
10458112,10,3,0.1367163211107254,2,7,1.9898471487380816
10457843,8,1,0.357320636510849,7,7,1.0291217588032562
10454360,14,12,0.029398534446954727,7,13,3.5268104546230274
10457889,14,5,0.07393050193786621,9,7,2.6046297900696644
10457933,5,1,0.37122058868408203,4,4,0.9909588144032668
10457736,11,5,0.0907820612192154,7,4,2.3992935765581898
10457905,9,4,0.08920400589704514,5,2,2.4168293312448608
10458113,8,5,0.15789349377155304,8,7,1.8458345633094853
10457844,10,2,0.23467129468917847,6,4,1.4495694899998341
10454359,11,2,0.20869112014770508,6,11,1.5669000142100125
10457888,14,5,0.08569781482219696,9,1,2.456927951694183
10457809,10,3,0.1412847340106964,1,2,1.9569780346846373
10457934,5,1,0.45840027928352356,1,1,0.7800125043245425
10457734,12,6,0.07712318003177643,6,7,2.562351394678107
10457907,11,6,0.05764330178499222,7,8,2.8534812266150773
10458106,13,5,0.07763157039880753,2,12,2.555781099491719
10457845,10,1,0.18475407361984253,3,3,1.6887296700337564
10454361,8,3,0.17278286814689636,6,4,1.7557195701955648
10457883,12,2,0.14803585410118103,8,6,1.910300777117205
10457810,8,8,0.0465126670897007,11,4,3.0680305929546403
10457735,12,1,0.25977206230163574,2,2,1.3479507159335433
10457901,10,2,0.18645232915878296,12,3,1.6795796802991951
10458110,11,1,0.2308558225631714,17,17,1.4659619080679371
10457846,9,1,0.2715948522090912,7,7,1.303443837051992
10457840,12,1,0.28660619258880615,5,5,1.249646156742618
10457842,11,7,0.04076985642313957,4,6,3.1998122837873066
10457841,12,3,0.15420041978359222,2,3,1.8695020955246275
10457704,10,3,0.16659969091415405,1,6,1.7921614045082943
10461615,12,2,0.1465003341436386,14,5,1.9207275696836665
10457742,7,1,0.350079208612442,1,1,1.0495958397817327
10457698,8,1,0.39064282178878784,4,4,0.9399616357529071
10461608,11,1,0.3406325578689575,12,12,1.0769509255716425
10457743,8,2,0.22241529822349548,6,3,1.5032089319952766
10461609,14,1,0.49402815103530884,5,5,0.7051627775164144
10457746,6,5,0.08358960598707199,6,3,2.481836096919315
10461610,10,1,0.20952057838439941,8,8,1.5629333182653022
10457701,10,7,0.05634982883930206,3,10,2.876176075957894
10457744,9,7,0.02692350372672081,12,5,3.6147556293790943
10461614,11,6,0.05607978627085686,2,13,2.8809798474104107
10457700,11,6,0.07456617057323456,6,10,2.596068352195053
10461611,12,2,0.19690310955047607,3,6,1.6250435009250588
10457745,10,3,0.14611871540546417,9,2,1.9233358684606296
10457703,12,1,0.16585062444210052,11,11,1.7966677484945626
10461612,12,4,0.11816120147705078,3,2,2.1357054725892226
10457740,8,2,0.21950069069862366,8,2,1.5163998997810935
10457702,14,2,0.1926211416721344,7,2,1.6470300157974458
10461613,11,2,0.19562256336212158,10,3,1.6315681734221783
10457741,12,8,0.04618820920586586,7,6,3.0750307254608122
10461581,7,2,0.2784198224544525,1,5,1.2786251517115517
10461627,11,3,0.13990378379821777,10,2,1.966800351227431
10461582,10,7,0.07059470564126968,7,4,2.65080012821176
10461629,9,1,0.43620696663856506,11,11,0.8296384541395674
10461601,8,1,0.39381343126296997,3,3,0.9318780065457092
10461622,10,2,0.2068464607000351,1,9,1.5757784966874542
10461599,9,1,0.3786779046058655,7,7,0.9710692911531881
10461584,9,2,0.187823086977005,4,7,1.6722547859138541
10461600,10,3,0.20528534054756165,5,4,1.5833543625356348
10461624,11,1,0.2215661257505417,11,11,1.5070341979301602
10461585,10,5,0.0823856070637703,2,7,2.49634452887975
10461625,11,1,0.2294519692659378,2,2,1.4720615556288204
10461595,10,3,0.13435180485248566,2,4,2.0072935100511717
10461586,9,3,0.16611336171627045,1,3,1.7950848217917523
10461626,10,2,0.20901082456111908,6,5,1.565369236200029
10461596,11,6,0.09759517759084702,1,3,2.326927196713647
10461580,7,2,0.21170304715633392,5,8,1.5525707071974624
10461628,9,3,0.10246405005455017,4,1,2.2782432730993585
10461597,9,1,0.22632813453674316,12,12,1.485769410001558
10472317,14,5,0.07845154404640198,5,4,2.545274118079612
10472310,10,2,0.22965919971466064,9,1,1.4711588092928665
10472311,9,3,0.15341198444366455,6,5,1.8746282676529975
10472313,12,2,0.20658503472805023,3,2,1.577043160892862
10472417,7,1,0.22400887310504913,4,4,1.4960696158355227
10472358,8,1,0.2552283704280853,1,1,1.3655965643013117
10472271,9,7,0.10005396604537964,9,8,2.3020455781045843
10472316,14,1,0.24541573226451874,5,5,1.4048016401028276
10472418,6,1,0.22533467411994934,1,1,1.4901685413885237
10472359,9,3,0.16545970737934113,6,5,1.7990275737497607
10472266,10,3,0.23135656118392944,6,14,1.463795203607982
10472299,10,2,0.1750933825969696,6,11,1.7424358325405676
10472312,14,6,0.05582936853170395,7,5,2.8854552302790193
10472419,8,2,0.18323661386966705,1,2,1.6969769893437519
10472354,11,1,0.40365126729011536,15,15,0.9072039735693895
10472267,12,3,0.13282257318496704,5,4,2.0187410775821006
10472300,7,5,0.05865020677447319,6,3,2.836164178322402
10472314,12,1,0.2561257779598236,10,10,1.3620866350052416
10472423,9,2,0.21804751455783844,1,3,1.5230422832548238
10472360,7,1,0.29525312781333923,6,6,1.219922230181476
10472268,10,3,0.12955042719841003,5,2,2.043685074423222
10472301,10,4,0.1495937556028366,1,9,1.8998319549356741
10472455,9,6,0.10238534212112427,8,2,2.279011719971112
10472315,12,1,0.23107923567295074,1,1,1.464994615704148
10472421,10,1,0.22866185009479523,10,10,1.4755110038715902
10472361,11,10,0.03193078562617302,4,7,3.4441846679175776
10472270,7,1,0.3152318596839905,10,10,1.1544468484287824
10472302,9,4,0.1084207147359848,2,3,2.2217361128825686
10472456,11,1,0.20861704647541046,6,6,1.5672550212719254
10472422,10,2,0.19696004688739777,3,1,1.6247543784905907
10472355,8,1,0.20175538957118988,4,4,1.6006992580813857
10472269,11,2,0.17620278894901276,5,14,1.7361197372908366
10472303,12,8,0.07317178696393967,1,7,2.614945356299683
10472457,16,2,0.18979011476039886,11,5,1.6618364765630724
10472420,8,5,0.13460515439510345,2,4,2.005409568336039
10472356,14,3,0.12308140844106674,4,2,2.0949092852961853
10472273,10,3,0.12112917006015778,14,1,2.110897781622587
10472297,12,7,0.07832265645265579,2,6,2.5469183634002532
10472424,9,1,0.24212391674518585,7,7,1.418305631213624
10472357,12,1,0.18336248397827148,10,10,1.6962902985456052
10472272,12,5,0.09077747911214828,9,2,2.3993440515380198
10472298,13,4,0.09045961499214172,1,3,2.40285177105313
10472458,15,1,0.2939325273036957,6,6,1.2244050369493948
10472462,9,3,0.13961443305015564,1,5,1.968870705386669
10472459,12,7,0.06608781218528748,12,5,2.7167709336142494
10472461,15,5,0.10243499279022217,5,3,2.2785268982849067
10476075,7,3,0.15460403263568878,1,5,1.8668880588501906
10476079,14,2,0.14457261562347412,11,2,1.933973367389441
10476073,14,5,0.08117592334747314,9,13,2.5111365862815336
10476083,6,2,0.2342415153980255,3,2,1.451402578805486
10476078,14,1,0.20077547430992126,2,2,1.6055680385150772
10476084,6,2,0.20117250084877014,2,3,1.6035925257994654
10476113,9,9,0.01720573380589485,4,9,4.062512589907258
10476076,12,9,0.051634516566991806,5,3,2.963564904408809
10476088,6,4,0.10723088681697845,3,2,2.232770948552271
10476074,14,5,0.08732934296131134,8,1,2.438068756215723
10476085,5,2,0.22250032424926758,1,4,1.502826720076825
10476110,8,2,0.2580130696296692,8,2,1.3547450378642285
10476137,7,5,0.05072244629263878,4,5,2.9813867386945168
10476080,12,3,0.09737725555896759,1,3,2.3291626114244
10473214,7,1,0.3351808190345764,2,2,1.0930851344620236
10476115,10,2,0.26051124930381775,1,13,1.3451092352131586
10476086,9,4,0.0951179638504982,1,2,2.3526374329420743
10476131,11,1,0.26259320974349976,5,5,1.3371491752409823
10476111,14,5,0.0850522592663765,3,9,2.464489396514523
10473211,9,2,0.2128312885761261,4,3,1.5472554995403605
10476087,8,2,0.18096844851970673,7,9,1.709432580482066
10476132,8,3,0.1716209501028061,2,3,1.7624670125340782
10476114,10,2,0.19680002331733704,2,7,1.6255671758815873
10473212,11,1,0.42893728613853455,9,9,0.84644455689762
10476090,10,6,0.05681777372956276,2,9,2.867906084429595
10476116,8,1,0.23336392641067505,6,6,1.4551561280128176
10476133,10,5,0.08579078316688538,5,7,2.455843700555782
10473216,11,1,0.2299751341342926,11,11,1.4697840883631124
10476089,8,1,0.39835044741630554,1,1,0.9204231399825368
10476112,11,6,0.09201034158468246,11,18,2.385854299721305
10476134,10,3,0.18060600757598877,4,7,1.711437374012146
10473215,9,4,0.15910959243774414,3,5,1.838162053578165
10473209,10,3,0.14111214876174927,2,3,1.9582003234630365
10473213,10,1,0.18607686460018158,8,8,1.6815954400948119
10473210,12,1,0.25450971722602844,3,3,1.3684162620857703
10480014,10,2,0.1841396689414978,2,8,1.6920607389871043
10480032,9,4,0.16623429954051971,3,1,1.7943570427598197
10480112,8,3,0.19889314472675323,4,3,1.6149875596450167
10480011,8,1,0.2341758757829666,8,8,1.4516828400285935
10480028,13,2,0.19930210709571838,10,1,1.6129334793369965
10480247,10,7,0.026930222287774086,6,5,3.6145061179121876
10480115,6,5,0.11813699454069138,4,1,2.135910357237959
10480015,8,1,0.2737313508987427,4,4,1.2956081247428135
10480244,7,3,0.1455976814031601,4,2,1.926908067775192
10480033,14,4,0.10846713185310364,3,12,2.2213080841243187
10480113,7,2,0.15345868468284607,2,1,1.8743239033442483
10480016,10,5,0.06171437352895737,1,7,2.785238416871432
10480030,14,4,0.13071183860301971,4,16,2.034760084006965
10480116,7,1,0.18883942067623138,3,3,1.6668582511109629
10476280,9,1,0.29133903980255127,9,9,1.2332676047635975
10480246,12,5,0.05669339746236801,3,12,2.8700975219007105
10480012,10,3,0.1622936874628067,1,7,1.8183476994705698
10480034,16,5,0.08018503338098526,6,10,2.5234183977218287
10480117,8,1,0.2983604967594147,3,3,1.209452802930028
10480249,11,4,0.13443712890148163,3,5,2.0066586323374933
10480017,10,4,0.15122947096824646,3,6,1.8889569204187795
10480035,16,3,0.08957728743553162,12,14,2.4126534795776053
10480250,9,7,0.059076398611068726,3,7,2.8289237810126306
10480118,6,3,0.18125703930854797,6,7,1.707839148437109
10476286,9,1,0.44905540347099304,5,5,0.8006090058210117
10480013,9,3,0.11079876124858856,9,5,2.2000396847983414
10480251,8,2,0.1919311136007309,1,9,1.65061875466202
10480029,15,5,0.08859971910715103,2,12,2.42362659172431
10480114,10,2,0.15477626025676727,7,1,1.8657746871013996
10476282,6,5,0.11522892862558365,2,5,2.1608344457033026
10480010,11,7,0.07080394774675369,3,2,2.6478405207020064
10480242,10,5,0.12081371247768402,4,1,2.113505486035524
10480145,10,3,0.17018704116344452,1,5,1.7708572046167537
10480111,10,2,0.12952879071235657,10,8,2.0438521004493015
10476285,9,9,0.03835244104266167,2,6,3.2609371014954243
10480031,16,2,0.1381032019853592,10,15,1.9797540328446663
10480146,6,3,0.27594268321990967,1,2,1.287562104324363
10476283,10,1,0.25352391600608826,6,6,1.3722971171816578
10480150,9,1,0.31576839089393616,7,7,1.1527462743362804
10476279,12,1,0.2413671761751175,10,10,1.4214359523264022
10480152,8,1,0.4235265851020813,5,5,0.8591389921210084
10476284,11,6,0.05988442152738571,7,11,2.815338882354033
10480147,12,3,0.10817446559667587,1,6,2.2240099330574066
10480151,10,6,0.10555145144462585,1,4,2.2485567535305706
10480148,12,4,0.10414212942123413,10,1,2.2619986837779815
10480149,12,2,0.1879226267337799,11,10,1.6717249607929212
10479993,8,3,0.14319618046283722,6,4,1.943539697556866
10480000,13,1,0.15236733853816986,11,11,1.8814609727521332
10479994,7,4,0.16057556867599487,4,2,1.8289906143468413
10480004,5,1,0.289671391248703,2,2,1.2390081321080764
10480187,16,3,0.1336730271577835,6,2,2.012358556754222
10480237,11,1,0.2506800889968872,2,2,1.383577698603836
10480199,11,5,0.07732909172773361,1,9,2.5596850458364346
10484043,11,2,0.21274766325950623,2,8,1.5476484950930562
10479995,10,2,0.1386752724647522,4,1,1.9756202482708043
10484447,7,4,0.1215854212641716,1,3,2.1071382075572025
10480075,9,6,0.07041816413402557,1,10,2.6533040358304305
10480006,11,3,0.11367171257734299,2,5,2.1744406991759955
10480245,15,1,0.18071170151233673,18,18,1.7108523269098082
10480194,17,4,0.08601939678192139,1,4,2.453182464184018
10484039,9,5,0.1245758906006813,10,3,2.082840185727791
10479996,6,3,0.17215082049369812,6,3,1.759384323053295
10484452,7,4,0.1577913910150528,9,1,1.8464814283637279
10480001,10,2,0.18331453204154968,1,2,1.6965518471832355
10484148,10,3,0.16027159988880157,3,5,1.8308854035668682
10480183,12,3,0.156039297580719,10,6,1.8576473958872726
10480243,10,4,0.1328834593296051,3,4,2.0182827805300727
10479997,12,4,0.10266520082950592,13,9,2.2762820624132813
10484445,12,2,0.27074068784713745,17,12,1.306593787608911
10480067,10,2,0.1647215187549591,11,6,1.803498996083162
10480005,9,2,0.2239166796207428,3,7,1.4964812623024284
10484149,8,2,0.16626541316509247,4,1,1.7941698929760777
10484242,7,1,0.3156582713127136,5,5,1.1530950704481016
10480186,13,6,0.06672955304384232,16,9,2.7071073500683385
10480241,12,3,0.14753712713718414,9,3,1.9136754254711215
10488246,7,6,0.07079481333494186,2,13,2.6479695389470073
10480197,11,1,0.2483086735010147,7,7,1.3930826555395874
10484161,5,1,0.3433406352996826,2,2,1.0690322187895698
10484040,11,3,0.23515282571315765,2,1,1.4475196540221666
10479999,13,5,0.09711731225252151,8,11,2.3318356265542914
10484446,7,1,0.3522898256778717,2,2,1.0433010737628101
10480069,10,1,0.32352882623672485,2,2,1.128467061633188
10480002,13,3,0.15458384156227112,1,2,1.867018665999638
10484150,11,1,0.5605851411819458,11,11,0.5787741458079524
10484244,7,2,0.21555760502815247,1,2,1.534527096443619
10480190,13,1,0.17288003861904144,4,4,1.755157343397128
10480156,7,2,0.22821669280529022,2,3,1.4774596943377658
10480504,8,2,0.19863319396972656,3,1,1.6162954015099449
10480234,13,10,0.044286128133535385,20,11,3.1170837856511233
10488241,11,5,0.05205545946955681,9,4,2.9554456004772045
10480198,15,11,0.051315050572156906,7,8,2.9697711863610845
10484162,4,1,0.39986103773117065,4,4,0.9166381979055588
10484041,8,3,0.14216181635856628,7,6,1.9507893183563187
10479998,14,3,0.10185745358467102,11,12,2.284180957006914
10484449,12,5,0.10322172194719315,10,8,2.270875964098891
10480070,13,1,0.3361351788043976,7,7,1.0902418820568365
10480007,16,2,0.12621711194515228,1,3,2.0697517442068802
10484151,7,6,0.08236434310674667,1,4,2.496602665008103
10484243,7,2,0.28020331263542175,1,3,1.272239822752891
10480184,15,8,0.06906545162200928,3,4,2.6727006497650914
10480153,6,2,0.22947494685649872,2,1,1.4719614194643336
10480507,8,1,0.24551260471343994,1,1,1.4044069900373013
10480239,12,10,0.03496184200048447,2,8,3.353498040781765
10480196,11,1,0.20413175225257874,4,4,1.5889896492302598
10484163,9,1,0.2408943772315979,4,4,1.4233967103078564
10484042,9,8,0.05097123980522156,2,3,2.976493730711349
10484451,11,7,0.06712130457162857,7,14,2.701253780605209
10480074,11,4,0.10192200541496277,3,11,2.2835474109884113
10484152,12,8,0.07501990348100662,1,3,2.590001820906048
10484245,7,2,0.2230839878320694,7,1,1.500206951378544
10480185,16,1,0.11237313598394394,9,9,2.185930373790049
10480154,6,3,0.18805137276649475,3,4,1.6710400940844878
10480506,8,6,0.06330937892198563,2,5,2.759721794583436
10480235,13,10,0.054387543350458145,4,2,2.911620133869085
10488243,7,5,0.09691537916660309,2,10,2.3339170609491404
10480201,14,1,0.11477547138929367,10,10,2.1647774817823717
10484159,12,1,0.15828892588615417,4,4,1.8433332710415826
10484045,9,1,0.25363555550575256,4,4,1.3718568631482086
10484450,12,1,0.16102804243564606,4,4,1.8261767525457406
10480073,11,8,0.07149588316679001,1,10,2.63811540902671
10484153,14,4,0.10588155686855316,5,4,2.2454341976460253
10484246,8,1,0.3389738202095032,2,2,1.0818324011044478
10480188,16,7,0.06001603975892067,9,1,2.8131434231708066
10480155,7,7,0.07200327515602112,6,7,2.631043672722571
10480508,10,5,0.11349019408226013,8,6,2.1760388415440195
10480240,15,14,0.031984809786081314,12,4,3.442494183070322
10488244,11,2,0.17720866203308105,2,8,1.730427359200684
10480193,14,4,0.08298920840024948,12,8,2.4890446989128803
10484160,9,9,0.0557720847427845,8,1,2.886481808200174
10484046,13,4,0.09522484987974167,2,6,2.35151434309819
10484448,12,11,0.03702813386917114,4,7,3.2960772804339413
10480068,14,6,0.08141303062438965,9,12,2.5082199374045913
10484147,11,2,0.14701923727989197,5,2,1.9171918349159838
10484241,5,1,0.3046775162220001,3,3,1.1885013855982136
10480189,13,7,0.05695744976401329,7,14,2.865450785282183
10480157,7,7,0.09018579870462418,2,7,2.405883306607966
10480509,12,1,0.21933093667030334,2,2,1.5171735634197212
10480238,16,10,0.04017248749732971,8,3,3.2145729082730155
10480195,10,7,0.03694244101643562,2,13,3.2983942258194
10484052,7,3,0.2124854177236557,2,7,1.5488819154492097
10480071,14,3,0.10583098232746124,10,6,2.2459119637929525
10480158,7,3,0.17468427121639252,4,1,1.7447750990012882
10480510,9,8,0.05121329426765442,5,10,2.971756126975728
10480330,9,4,0.1325037032365799,6,5,2.021144684991105
10484054,10,1,0.2604691684246063,2,2,1.345270780169057
10480502,10,4,0.1029277965426445,9,11,2.273727541011345
10480329,11,7,0.05100115388631821,1,11,2.975907021291832
10484048,10,3,0.13316941261291504,8,6,2.016133182284186
10480503,10,1,0.1892441213130951,1,1,1.664717450221841
10480331,11,1,0.15353228151798248,5,5,1.8738444310167257
10480505,16,2,0.14447711408138275,13,9,1.9346341640327311
10480326,10,3,0.162774458527565,7,8,1.8153897263733296
10484050,10,2,0.17504243552684784,1,3,1.7427268457294172
10484053,8,1,0.32254722714424133,3,3,1.1315057127103734
10484051,11,3,0.15590627491474152,1,13,1.8585002541149203
10480095,9,2,0.18626777827739716,3,2,1.680569972439522
10480099,14,1,0.1779651790857315,12,12,1.726167370940617
10480103,11,5,0.10457076877355576,2,8,2.2578912236385436
10480059,7,2,0.19954577088356018,4,5,1.6117116409790246
10484113,8,3,0.16511203348636627,7,4,1.801131044665074
10480102,8,7,0.030916200950741768,7,5,3.4764749298640267
10484278,6,1,0.35514503717422485,5,5,1.0352290175224106
10484567,8,1,0.475721150636673,7,7,0.7429234143993023
10484087,8,5,0.06582280248403549,6,7,2.720788958372214
10480060,8,1,0.39440345764160156,9,9,0.9303808894523247
10484347,9,5,0.09349820762872696,1,3,2.3698130126174735
10480097,12,8,0.030864860862493515,3,4,3.4781369310844426
10484082,8,1,0.2649349272251129,2,2,1.3282710407912122
10484279,8,2,0.35902139544487,8,6,1.0243732949302382
10484571,5,2,0.3003997802734375,1,2,1.2026410905390377
10480053,7,4,0.0937381461262703,4,6,2.367250063445778
10480101,10,2,0.15476782619953156,7,16,1.86582918051676
10484109,9,3,0.15139487385749817,1,3,1.8878637968247922
10484349,5,5,0.1540040671825409,2,1,1.8707762666410135
10484083,6,1,0.4476577639579773,3,3,0.803726258239178
10484284,8,1,0.5175569653511047,6,6,0.6586356819275991
10484568,9,2,0.2013055384159088,4,3,1.602931433471412
10484093,9,3,0.20679274201393127,9,3,1.5760382336081975
10480054,6,1,0.28751781582832336,1,1,1.2464704525661592
10480098,9,5,0.08539114147424698,1,3,2.460512913377676
10484084,10,2,0.18421505391597748,4,5,1.6916514325720957
10484280,10,2,0.216678187251091,3,10,1.5293420342460284
10484572,6,3,0.18110334873199463,1,4,1.7086874231980471
10480100,12,7,0.06752663105726242,3,9,2.695233224730133
10480057,9,2,0.22705338895320892,6,3,1.4825700955279484
10484110,9,7,0.06957380473613739,10,4,2.6653671512199093
10484354,5,1,0.29265832901000977,5,5,1.2287494629972138
10484085,8,7,0.02694961614906788,3,10,3.613786224805823
10484285,12,1,0.2621813416481018,1,1,1.338718870946973
10484573,8,2,0.19052881002426147,2,1,1.6579518621268907
10484086,9,4,0.11121375858783722,4,3,2.1963011765114824
10480055,9,1,0.27036815881729126,3,3,1.3079706976003056
10484358,12,3,0.18272310495376587,4,3,1.6997833596982428
10484111,8,7,0.06132371723651886,3,6,2.791588606520379
10484411,6,1,0.37432271242141724,4,4,0.9826369861867595
10484281,12,8,0.06133232265710831,10,1,2.791448288593744
10484079,9,2,0.19229437410831451,7,6,1.6487278826223593
10484090,11,1,0.18142841756343842,2,2,1.7068940966607093
10484569,7,1,0.3346198797225952,8,8,1.0947600787974419
10480058,12,2,0.16207854449748993,1,3,1.8196742186708397
10484353,10,1,0.23416507244110107,6,6,1.451728974546228
10484116,9,2,0.16104169189929962,5,2,1.826091991624694
10484283,12,6,0.08582933247089386,10,5,2.4553944606224145
10484412,7,2,0.32752180099487305,4,2,1.1162006581990997
10484091,12,5,0.0965919941663742,9,11,2.337259417322571
10484080,7,7,0.03632495179772377,1,8,3.3152503964991755
10484343,8,1,0.2683224380016327,3,3,1.3155658947766602
10484570,12,8,0.037794940173625946,1,3,3.2755800431569386
10480056,9,6,0.06953202188014984,3,8,2.6659678860454803
10484282,11,9,0.043357037007808685,6,2,3.138286258876427
10484112,14,1,0.11415743827819824,3,3,2.1701767458148207
10484092,11,3,0.12316413968801498,9,4,2.0942373442138824
10484413,8,1,0.35143324732780457,6,6,1.0457354937952361
10484344,12,1,0.17863239347934723,5,5,1.7224252525216677
10484566,10,2,0.14721982181072235,3,4,1.9158284227128426
10484409,9,1,0.32460707426071167,2,2,1.1251398303599784
10484410,10,1,0.255522757768631,1,1,1.3644438018035174
10484129,9,1,0.4025528132915497,7,7,0.9099289775845036
10487282,8,4,0.17006464302539825,1,3,1.7715766611191817
10484127,6,2,0.20221565663814545,7,4,1.5984205439485915
10484126,8,1,0.27732619643211365,3,3,1.2825608611789847
10487285,12,3,0.24187445640563965,6,7,1.4193364626191602
10484132,9,4,0.08766452968120575,2,6,2.4342379120295985
10487286,14,2,0.12027235329151154,10,4,2.117996497113601
10487287,14,1,0.37060463428497314,8,8,0.992619460392621
10484130,6,1,0.21561050415039062,10,10,1.5342817205849808
10487284,9,1,0.1861564964056015,2,2,1.6811675805046904
10484128,6,2,0.17911237478256226,1,4,1.7197418780390406
10487288,9,8,0.0851125419139862,2,6,2.4637808757192303
10484125,12,5,0.0691814199090004,2,8,2.6710229508355186
10487289,9,1,0.22475959360599518,8,8,1.492723920864017
10484133,7,4,0.13772176206111908,2,11,1.9825198460749363
10487283,11,1,0.2066950500011444,10,10,1.5765107603259925
10487306,6,2,0.30194833874702454,7,3,1.1974993399919143
10487300,10,1,0.31903600692749023,3,3,1.142451308186279
10487424,7,3,0.19608023762702942,1,8,1.6292313278748594
10487259,7,3,0.10965019464492798,7,2,2.2104600289722733
10487425,7,2,0.2204105257987976,1,3,1.5122634451359476
10487258,9,6,0.10577864944934845,1,9,2.246406580968365
10487302,11,2,0.19859172403812408,8,10,1.6165041997492955
10487254,9,2,0.20516493916511536,4,1,1.583941042052501
10487420,9,7,0.0711192935705185,8,1,2.643396620748788
10487303,13,3,0.11966690421104431,9,12,2.1230431941134285
10487256,9,3,0.1983461230993271,6,2,1.617741677968669
10487421,7,2,0.2515741288661957,2,4,1.3800175858888162
10487304,14,2,0.1579318642616272,9,3,1.8455915778158447
10487422,9,2,0.19770638644695282,6,3,1.6209722455996882
10487255,9,2,0.1734931766986847,10,6,1.7516170077536677
10487305,9,4,0.12112785130739212,4,8,2.1109086688427654
10487423,6,4,0.1407853215932846,1,10,1.9605190907403034
10487257,10,5,0.12710118293762207,1,9,2.0627717936890324
10497436,10,4,0.12465149909257889,3,1,2.082233442670295
10497432,11,3,0.11451548337936401,8,9,2.1670452391094104
10497433,11,1,0.3363824486732483,8,8,1.089506526224096
10497635,6,4,0.06026877462863922,2,1,2.8089411430587403
10497570,8,2,0.21028025448322296,5,7,1.559314092820366
10497437,8,2,0.16298022866249084,2,3,1.8141263820815319
10497582,9,4,0.09635113924741745,2,6,2.33975606013959
10497636,10,5,0.11794862896203995,1,10,2.137506097087152
10497574,9,2,0.2040150910615921,3,2,1.5895613120818766
10497434,10,3,0.14499768614768982,4,7,1.9310374942910258
10497581,14,1,0.2096579372882843,11,11,1.5622779463716312
10497639,6,4,0.18281565606594086,3,6,1.699276977754536
10497571,12,1,0.2808701992034912,7,7,1.2698626409111344
10497435,7,2,0.24964210391044617,1,3,1.3877269711740237
10497576,7,2,0.19926053285598755,5,7,1.6131421001946196
10497572,12,2,0.2037574052810669,4,6,1.5908251825838746
10497438,12,5,0.07465559244155884,4,12,2.5948698423098775
10497577,8,1,0.26495808362960815,11,11,1.3281836404895075
10497638,11,2,0.14604277908802032,3,11,1.9238556927399066
10497575,12,3,0.09690728783607483,1,2,2.3340005530469234
10497687,7,1,0.32411810755729675,4,4,1.1266473001167137
10497578,11,1,0.21347640454769135,8,8,1.5442289697619733
10497637,9,3,0.15202519297599792,8,3,1.8837090286066136
10497568,12,2,0.14687079191207886,7,2,1.918202045305534
10497688,11,1,0.4455564022064209,7,7,0.8084314358056347
10497579,7,1,0.2615048289299011,1,1,1.3413025293765266
10497633,10,5,0.09055914729833603,9,6,2.4017520804468586
10497573,11,8,0.0580870658159256,8,2,2.8458122592548722
10497689,12,2,0.259014368057251,8,1,1.3508717436967659
10497580,12,8,0.06412465125322342,9,10,2.746926414052216
10497634,12,8,0.06406983733177185,1,11,2.7477815822485576
10497569,12,8,0.07263308763504028,1,3,2.6223347084262714
10497690,8,2,0.19719019532203674,8,1,1.6235865575119437
10497684,12,2,0.19923663139343262,2,7,1.6132620582004868
10497686,11,1,0.21332599222660065,2,2,1.5449338033264257
10497685,14,9,0.04699520394206047,7,9,3.0577097262648474
10501122,9,3,0.16417069733142853,1,2,1.8068485550668443
10501124,6,6,0.04917851462960243,2,8,3.012298445382971
10498369,9,4,0.12411180138587952,10,13,2.0865724955162643
10501123,8,4,0.09314736723899841,5,9,2.3735724460054795
10501144,8,1,0.41344153881073,3,3,0.8832391558662038
10501164,7,5,0.12277262657880783,1,3,2.097421198713382
10501125,7,4,0.15054740011692047,5,1,1.8934772934368505
10501145,7,5,0.06723322719335556,3,1,2.699587701372206
10501165,7,2,0.17502886056900024,1,3,1.7428044011188808
10501186,12,2,0.23609738051891327,1,13,1.4435109297471633
10498365,10,4,0.1002623662352562,3,15,2.2999648664352907
10501126,13,11,0.013284101150929928,2,5,4.321187361003257
10501166,6,1,0.29261136054992676,1,1,1.228909964936821
10501187,8,3,0.20750214159488678,1,4,1.5726136184254311
10498370,8,1,0.37115761637687683,2,2,0.9911284646083157
10501183,8,2,0.33475157618522644,2,7,1.0943665858775746
10498367,8,6,0.07043655216693878,2,5,2.6530429436426703
10501140,7,4,0.1349421590566635,1,7,2.00290904378737
10498356,7,3,0.22445963323116302,3,2,1.4940593954006949
10501189,11,10,0.04474203661084175,7,4,3.106841802927108
10501146,9,2,0.13436393439769745,5,3,2.0072032321593456
10498368,7,7,0.05054678022861481,5,10,2.9848560303293237
10501161,8,6,0.06413373351097107,1,6,2.7467847896620516
10498357,10,1,0.48430392146110535,7,7,0.7250426324322783
10501188,12,2,0.17972654104232788,1,5,1.716318799702848
10501141,9,5,0.08363167941570282,1,2,2.4813328902920335
10498363,7,1,0.292702853679657,10,10,1.2285973358283826
10501162,7,4,0.16265305876731873,6,5,1.8161358204153264
10501185,12,5,0.10616271197795868,3,6,2.242782343146966
10498358,11,5,0.06673795729875565,8,3,2.7069814129784375
10501143,11,7,0.053034864366054535,10,8,2.936805763470143
10501167,9,2,0.18490560352802277,3,9,1.687909835326132
10498364,12,4,0.09582942724227905,8,10,2.345185467454522
10501182,11,1,0.31774136424064636,2,2,1.146517547124081
10501147,12,3,0.08766694366931915,2,3,2.4342103757514
10498359,16,6,0.06411586701869965,4,7,2.747063410294213
10501163,7,1,0.2649749517440796,8,8,1.3281199791838285
10501148,11,1,0.2218349725008011,5,5,1.5058215406577022
10498360,9,1,0.2619829475879669,7,7,1.339475862881307
10498361,10,3,0.15829592943191528,11,7,1.8432890266903788
10498355,9,1,0.22986499965190887,2,2,1.470263100421424
10501311,7,2,0.22116050124168396,4,5,1.5088665910939025
10501316,14,1,0.3586726188659668,6,6,1.0253452317150098
10506649,7,3,0.1666916459798813,3,2,1.7916096045790348
10507112,8,7,0.0553741529583931,6,8,2.8936423471962565
10506624,8,7,0.06411764025688171,1,5,2.7470357539005006
10506654,11,2,0.3129483461380005,12,10,1.1617171303737517
10507111,10,3,0.16504228115081787,10,1,1.8015535885089298
10506772,13,5,0.07331666350364685,7,4,2.6129673629974124
10506627,10,3,0.11280122399330139,1,8,2.1821280889726054
10506618,7,2,0.2479582279920578,8,2,1.3944949825199053
10506648,14,1,0.21423526108264923,4,4,1.5406805169504172
10507105,10,2,0.23682308197021484,13,9,1.4404419061862401
10506777,11,1,0.3809140920639038,8,8,0.9651814094271405
10506619,6,3,0.15753905475139618,7,4,1.8480818847795728
10506652,8,3,0.18426908552646637,3,6,1.691358168330341
10507106,7,1,0.25733447074890137,2,2,1.3573785976265547
10506621,10,2,0.2030850052833557,1,9,1.5941306423514638
10506647,14,1,0.11028222739696503,1,1,2.204712495379395
10507108,10,1,0.24108199775218964,3,3,1.4226181637242195
10506779,13,5,0.08046334981918335,11,4,2.519953479979098
10506630,9,3,0.17236144840717316,6,2,1.758161562886348
10506620,10,2,0.22065207362174988,3,2,1.5111681455235206
10506650,14,2,0.1324036717414856,2,1,2.021899903677312
10507109,11,4,0.11271901428699493,4,2,2.1828571562223993
10506773,14,1,0.14294907450675964,2,2,1.945266834479198
10506631,8,6,0.09656107425689697,7,16,2.3375795769761947
10506622,9,3,0.15978273749351501,3,4,1.833940277182812
10506655,10,3,0.12668195366859436,5,2,2.066075635354564
10507110,14,1,0.1491728127002716,13,13,1.9026498283242133
10506778,11,5,0.0876072570681572,1,9,2.4348914412272995
10506632,11,2,0.19748277962207794,5,10,1.6221038902293325
10506623,10,1,0.23719637095928192,3,3,1.4388669114727304
10506653,8,6,0.09482912719249725,2,7,2.355678668046423
10507107,9,2,0.12123820185661316,1,3,2.109998058174268
10506776,13,2,0.1999489665031433,8,10,1.6096931124791454
10506626,12,3,0.0881890207529068,1,14,2.4282728049773867
10506846,8,3,0.17985554039478302,3,5,1.7156013036726028
10506651,13,7,0.06552723050117493,5,9,2.7252894898915203
10506843,10,1,0.481817364692688,9,9,0.7301901481625688
10506839,9,6,0.04637196660041809,7,5,3.0710601704274527
10506754,10,1,0.42292118072509766,14,14,0.8605694512814133
10506844,12,4,0.12692102789878845,7,6,2.064190213507088
10506755,6,4,0.15922050178050995,3,7,1.8374652338349615
10506841,11,2,0.18357904255390167,8,7,1.6951099546209507
10506840,11,6,0.10101207345724106,5,8,2.2925152301045117
10506757,12,7,0.0671243891119957,7,3,2.7012078269469124
10506845,9,3,0.1983547955751419,6,4,1.6176979549753108
10506758,12,1,0.17762458324432373,2,2,1.728083038834627
10506842,9,5,0.12475989013910294,3,10,2.0813642678208084
10506752,12,9,0.0494190976023674,4,7,3.0074183383543214
10506759,13,1,0.212355375289917,9,9,1.5494941091930248
10506570,6,4,0.1233530268073082,1,6,2.09270489794295
10506600,6,2,0.1966564953327179,1,4,1.626296750735134
10506571,6,1,0.42490607500076294,1,1,0.8558871344800232
10506681,8,4,0.17838314175605774,1,2,1.7238215601844242
10506572,6,3,0.18906092643737793,6,1,1.6656859537674649
10506605,8,1,0.26812461018562317,6,6,1.316303443154066
10506800,15,2,0.13461154699325562,11,6,2.0053620779825776
10506894,13,1,0.13161984086036682,1,1,2.027837505038873
10506660,7,6,0.10366227477788925,1,4,2.266617021855054
10506598,10,3,0.18767444789409637,2,3,1.6730464773465197
10509974,9,5,0.044977303594350815,4,2,3.1015972810163923
10506678,18,4,0.08603830635547638,9,1,2.452962659161792
10506808,12,8,0.03575146198272705,3,12,3.331164116056547
10506574,15,3,0.10801680386066437,2,1,2.225468472658541
10509738,6,3,0.17206230759620667,1,4,1.7598986143003115
10506667,10,2,0.2405308485031128,13,3,1.4249069294577728
10506602,11,6,0.06611327081918716,6,3,2.7163857834530583
10509968,12,4,0.1262081414461136,3,11,2.0698228187045538
10506682,8,2,0.20220166444778442,1,5,1.5984897407393177
10506802,8,1,0.2988486886024475,1,1,1.2078178918679046
10509711,8,3,0.1670656055212021,7,9,1.7893686962773834
10510009,12,6,0.05447624251246452,7,12,2.909990589554949
10509720,11,4,0.11166837811470032,6,2,2.192221709542327
10506576,11,3,0.12223034352064133,2,3,2.1018479527523324
10509740,9,1,0.3513868451118469,9,9,1.0458675395819863
10506661,12,2,0.158199742436409,1,3,1.8438968517383476
10506599,9,4,0.11257266253232956,1,10,2.184156376658041
10509970,10,1,0.4085601568222046,3,3,0.8951161128015147
10506679,11,1,0.16340598464012146,4,4,1.8115174715224016
10506809,13,1,0.17088797688484192,1,1,1.7667470430917303
10509706,12,1,0.23277612030506134,1,1,1.4576781443953195
10506897,9,4,0.13420820236206055,2,4,2.008362935879691
10510008,7,1,0.4326835870742798,1,1,0.837748563891374
10509718,9,3,0.1757039725780487,7,6,1.7389546740387192
10506575,11,1,0.257834255695343,1,1,1.355438320286021
10509736,9,1,0.22025392949581146,3,3,1.5129741732543445
10506666,11,1,0.17479297518730164,9,9,1.7441530042839155
10506611,10,2,0.20394356548786163,4,6,1.5899119631751433
10509969,9,2,0.19089628756046295,2,13,1.6560249954774413
10506675,15,10,0.05679687485098839,11,1,2.8682739749977775
10507067,10,6,0.10557130724191666,2,8,2.2483686563545686
10506803,12,4,0.10222679376602173,3,8,2.280561465651127
10506892,13,13,0.028227170929312706,5,11,3.567470256782431
10510010,7,2,0.26009416580200195,6,2,1.3467115373750178
10509719,11,3,0.1364220529794693,8,1,1.9920018679062612
10506569,14,12,0.04464486986398697,9,5,3.109015874923982
10509737,9,4,0.12987492978572845,8,9,2.041183370192509
10506664,9,7,0.07008419185876846,6,4,2.658058018806559
10506601,14,3,0.12268571555614471,13,3,2.0981293516776627
10509975,12,1,0.1909845918416977,15,15,1.6555625251754622
10506672,12,4,0.09494422376155853,7,10,2.35446567810242
10506747,6,3,0.18318890035152435,6,2,1.6972374161784596
10507068,12,7,0.07123537361621857,7,2,2.6417657634861182
10506806,14,3,0.11782513558864594,6,2,2.138553655410043
10509708,8,1,0.256437748670578,2,2,1.36086933906798
10506893,13,7,0.06317012757062912,9,7,2.76192375459234
10509722,9,8,0.04788446053862572,3,1,3.038964241841551
10509741,8,1,0.23070542514324188,3,3,1.4666135980700752
10506663,10,3,0.12815232574939728,1,10,2.054535677687524
10509973,12,5,0.10419842600822449,6,1,2.2614582552642486
10506673,18,5,0.07393199950456619,18,4,2.6046095338629125
10507063,10,2,0.147690087556839,7,6,1.9126392037020667
10506748,4,1,0.4539385735988617,1,1,0.7897933905377557
10506804,14,10,0.038878537714481354,5,6,3.2473129103214258
10509710,12,4,0.10307839512825012,10,8,2.2722654625057266
10506898,13,8,0.06467408686876297,11,10,2.738394669776426
10510006,10,1,0.24094195663928986,1,1,1.4231992183193867
10509723,7,1,0.2844201326370239,10,10,1.257302793695582
10509742,13,1,0.27850329875946045,3,3,1.2783253749472072
10506668,13,9,0.04647185280919075,3,9,3.0689084655978607
10506937,10,1,0.3207017183303833,1,1,1.1372438142356942
10509971,11,3,0.1414739340543747,3,1,1.9556397904977518
10506676,9,3,0.1122288927435875,2,9,2.187214807960162
10507069,12,1,0.23356004059314728,3,3,1.4543161017650201
10506751,7,5,0.10828797519207001,1,5,2.222961163530603
10506805,7,1,0.1992475688457489,4,4,1.6132071629132336
10509709,12,2,0.2646826505661011,3,4,1.3292237156595361
10506890,16,7,0.054788246750831604,12,10,2.9042795833810824
10510007,10,6,0.07002872228622437,8,4,2.6588498027157086
10509721,9,6,0.09518053382635117,10,7,2.351979834706969
10509739,10,5,0.12199901044368744,1,7,2.103742345399092
10506938,7,7,0.0703015998005867,6,3,2.6549607236593467
10506662,16,11,0.03314832225441933,11,13,3.406763174357447
10509972,11,6,0.08077143877744675,9,8,2.5161318564211816
10506674,11,10,0.03571249544620514,12,17,3.3322546389378855
10506749,4,3,0.21259073913097382,4,1,1.5483863740843273
10506801,16,7,0.07153228670358658,14,8,2.637606368917819
10506896,11,1,0.20568209886550903,15,15,1.581423511557369
10507070,12,6,0.1047583520412445,6,8,2.2560989902677644
10509808,9,3,0.15534497797489166,3,6,1.8621069708307794
10509743,9,2,0.169480562210083,6,1,1.775017035964217
10506940,8,6,0.061948567628860474,3,5,2.7814507925809
10506665,15,7,0.06395081430673599,4,3,2.749641017547566
10506750,9,1,0.38180428743362427,2,2,0.9628471382259756
10507071,12,5,0.11446461826562881,6,13,2.167489514522046
10509811,9,2,0.21034356951713562,5,8,1.559013039809204
10506939,8,2,0.11590324342250824,1,7,2.1549995443644203
10507064,16,4,0.08783445507287979,5,3,2.4323014285221483
10506935,8,6,0.07792560011148453,3,1,2.5520007522164647
10507065,16,2,0.14247670769691467,2,15,1.9485767473921103
10509812,8,2,0.15848608314990997,9,10,1.8420884929903516
10506936,10,1,0.27506327629089355,7,7,1.2907541121802497
10507066,15,6,0.06026048585772514,14,12,2.809078682622058
10509806,8,3,0.13275925815105438,3,6,2.0192178800410163
10509809,7,4,0.13000816106796265,2,1,2.0401580530511096
10509810,10,1,0.3569004535675049,3,3,1.030298377633636
10509807,10,8,0.03174685686826706,11,3,3.449961554818944
10506609,6,2,0.17434975504875183,6,1,1.7466919108012295
10506593,8,2,0.19001504778862,5,2,1.6606520110702436
10506591,11,2,0.1724160760641098,1,5,1.7578446764682003
10509773,8,1,0.35824495553970337,1,1,1.0265382932112237
10510128,12,1,0.27259066700935364,7,7,1.2997839972487457
10506588,8,3,0.1443142145872116,6,1,1.9357623108659427
10506643,6,2,0.2226724773645401,1,2,1.502053298505561
10509770,10,4,0.15774782001972198,2,11,1.84675759686567
10510017,11,2,0.157571941614151,15,7,1.8478731528517534
10510131,12,5,0.10398747771978378,1,10,2.2634847936307545
10506589,7,3,0.17034773528575897,3,2,1.7699134294410275
10510073,9,1,0.3405454754829407,9,9,1.0772066072942688
10509733,7,1,0.35296526551246643,1,1,1.0413856248719209
10506640,8,3,0.1618112325668335,6,3,1.8213248542282348
10509767,12,1,0.16993950307369232,6,6,1.7723127695389898
10510011,9,6,0.04503583908081055,7,11,3.1002966821711255
10510126,8,1,0.3484765291213989,13,13,1.0541843993382252
10506592,13,3,0.16285192966461182,1,9,1.8149138979925978
10510058,10,2,0.21431121230125427,9,5,1.5403260572867987
10509731,4,4,0.15315744280815125,2,6,1.8762888487245495
10506637,8,6,0.09774979203939438,2,4,2.3253442075931514
10510012,6,2,0.401864230632782,1,2,0.9116409821526626
10510132,12,1,0.23583023250102997,4,4,1.4446430866248217
10510059,9,4,0.09826952964067459,5,8,2.320041273017195
10506590,11,3,0.1754884570837021,11,13,1.7401820098421004
10506641,9,3,0.18109983205795288,1,3,1.7087068414374684
10509769,14,1,0.29884687066078186,1,1,1.2078239750372957
10510014,8,3,0.20465871691703796,2,1,1.5864114826823867
10510130,7,2,0.21837764978408813,2,1,1.5215293765015312
10510067,11,5,0.08110151439905167,3,8,2.512053644803896
10506607,10,1,0.27041903138160706,5,5,1.3077825549616193
10509727,8,4,0.07044927775859833,2,4,2.6528622925196883
10506644,11,5,0.06832507997751236,3,5,2.683478376623321
10509765,12,1,0.34929051995277405,6,6,1.0518512676671268
10510013,12,1,0.1864084005355835,2,2,1.6798153104951599
10510133,7,3,0.17568454146385193,5,2,1.7390652702218048
10510232,7,1,0.532904326915741,4,4,0.6294133701482038
10510062,10,1,0.37526735663414,3,3,0.9801165560162015
10509728,12,1,0.3279508650302887,10,10,1.1148914835563188
10506642,8,5,0.09176523238420486,3,2,2.3885217852910485
10510016,14,2,0.13950201869010925,11,8,1.9696762069285787
10509768,12,1,0.23390823602676392,6,6,1.4528263942685968
10510068,11,3,0.1686556190252304,3,6,1.7798964003584026
10510127,10,6,0.06094905361533165,5,9,2.7977169504054027
10510233,9,8,0.012683674693107605,3,5,4.3674395696620785
10509730,7,2,0.2071429044008255,1,8,1.5743463644809401
10506638,10,1,0.1979648917913437,2,2,1.6196655781947533
10510018,10,3,0.14714959263801575,5,2,1.916305572651606
10506885,6,2,0.20473633706569672,1,5,1.58603228831336
10509771,10,1,0.29220613837242126,1,1,1.2302957724514845
10510070,14,1,0.26186856627464294,2,2,1.3399125565325225
10510134,12,2,0.2088024765253067,16,9,1.566366562290607
10509729,10,2,0.2143617570400238,2,8,1.5400902377104844
10510015,11,5,0.08472093194723129,10,7,2.468392577428062
10506639,10,1,0.23073746263980865,7,7,1.4664747401638578
10506886,5,2,0.2545933127403259,5,1,1.368087858952698
10509766,13,4,0.12954503297805786,9,4,2.0437267132875174
10510129,12,4,0.14466767013072968,10,12,1.933316097186366
10510235,10,4,0.14268919825553894,5,9,1.9470864528406449
10506887,8,3,0.16397006809711456,2,1,1.808071379418168
10510237,10,3,0.16879254579544067,1,2,1.7790848577749778
10506888,7,2,0.20169758796691895,5,3,1.6009857926114768
10510238,11,6,0.08079914003610611,2,8,2.5157889566292244
10506883,8,3,0.20728963613510132,5,7,1.5736382553145256
10510236,12,3,0.13186627626419067,1,5,2.0259669284910773
10506884,8,7,0.055388931185007095,4,7,2.8933755032957644
10510201,6,5,0.04732499271631241,1,7,3.0507167357945826
10510203,13,4,0.1303764432668686,13,11,2.0373292956026763
10513897,8,2,0.2755555212497711,8,4,1.2889661416561347
10513898,9,1,0.2682419717311859,6,6,1.3158658262279097
10510204,10,4,0.12277163565158844,3,1,2.0974292699850166
10513899,8,1,0.2575877904891968,1,1,1.356394683044487
10513901,13,1,0.16869501769542694,4,4,1.77966282338485
10510198,6,3,0.18779155611991882,1,2,1.6724226753065587
10513902,11,9,0.04284908249974251,7,2,3.1500710460755794
10510199,11,8,0.03865936025977135,9,12,3.2529663531978623
10513903,12,3,0.11531080305576324,2,4,2.1601241609031545
10510200,13,5,0.09340311586856842,2,12,2.3708305738266104
10513835,9,1,0.32686948776245117,1,1,1.1181943077469712
10513906,7,2,0.27448880672454834,3,1,1.2928447958237055
10513836,10,5,0.08165595680475235,4,5,2.505240506871572
10513909,8,1,0.297778844833374,8,8,1.2114041994242153
10513837,11,1,0.4118161201477051,12,12,0.8871783395798101
10513910,10,4,0.07631214708089828,4,9,2.5729231517784408
10513912,5,4,0.17288674414157867,4,6,1.7551185570077326
10513832,12,4,0.10423736274242401,6,5,2.2610846463472214
10513907,8,1,0.629000186920166,5,5,0.46362372511136546
10513830,10,1,0.29141050577163696,2,2,1.2330223331199326
10513908,6,4,0.11217811703681946,6,2,2.1876673402378675
10513831,14,7,0.06626074016094208,12,6,2.7141577116182636
10513911,8,5,0.10824823379516602,5,8,2.2233282282126354
10513833,11,1,0.3277033567428589,2,2,1.1156464799887906
10513913,10,1,0.21268732845783234,2,2,1.5479321332669396
10523594,14,1,0.29389485716819763,1,1,1.2245332042874424
10523596,8,2,0.2554077208042145,1,4,1.3648941055970265
10523595,12,1,0.22068080306053162,3,3,1.511037951557287
10523788,8,1,0.38899824023246765,1,1,0.9441804591979139
10523597,13,4,0.10484285652637482,3,10,2.2552926543664937
10523658,11,6,0.02797018177807331,9,11,3.5766162727520863
10523791,5,2,0.315090149641037,1,9,1.154896491764235
10523609,8,2,0.23959162831306458,7,4,1.4288193536139366
10523598,11,2,0.16898760199546814,3,8,1.7779299277236726
10523655,8,1,0.3379570543766022,2,2,1.084836449629067
10523786,5,4,0.19433937966823578,9,2,1.638149268568139
10523639,6,2,0.30215808749198914,7,1,1.1968049300525962
10523592,11,6,0.07614192366600037,3,7,2.575156263492716
10523787,7,1,0.28620097041130066,3,3,1.2510610211901307
10523640,11,1,0.24666114151477814,5,5,1.3997397809673116
10523591,13,3,0.09266124665737152,7,2,2.3788049449791164
10523672,8,4,0.12828905880451202,5,2,2.0534692892158644
10523784,9,7,0.06814857572317123,4,11,2.6860650202044094
10523607,10,4,0.1002030074596405,1,14,2.30055707621453
10523634,11,1,0.20395460724830627,3,3,1.5898578233864147
10523673,9,6,0.08845341950654984,4,3,2.425279198789549
10523653,10,7,0.06932585686445236,6,2,2.668937327449182
10523789,7,3,0.1562958061695099,2,4,1.8560048738436081
10523610,9,4,0.08495043963193893,2,6,2.465687255692903
10523635,12,3,0.1536926031112671,1,12,1.8728007550916408
10523775,6,3,0.12046203017234802,1,6,2.1164206780107553
10523674,9,3,0.14315947890281677,8,2,1.9437960330544966
10523654,11,2,0.15324731171131134,14,1,1.875702246170826
10523785,6,6,0.037252508103847504,2,15,3.2900360047763293
10523612,11,8,0.08485661447048187,3,2,2.4667923354730252
10523636,8,7,0.10413529723882675,7,5,2.2620642903347687
10523770,16,2,0.2410917431116104,3,13,1.4225777411188547
10523675,6,1,0.3102472424507141,3,3,1.1703857430893325
10523656,10,3,0.13064813613891602,8,2,2.0352475531799175
10523790,6,1,0.35104382038116455,3,3,1.0468442189179015
10523613,11,2,0.15675176680088043,13,1,1.853091828075657
10523637,10,3,0.1783963292837143,3,4,1.7237476348118452
10523771,10,2,0.15649886429309845,1,8,1.8547065259413695
10523677,9,8,0.05493580177426338,7,10,2.9015900159733263
10523657,5,1,0.36836057901382446,16,16,0.9986929862607729
10523638,11,8,0.060059938579797745,7,12,2.812412239074866
10523772,9,2,0.2393054962158203,2,6,1.43001431644264
10523773,10,4,0.1690385788679123,6,4,1.7776283127854429
10523774,14,13,0.019723713397979736,10,14,3.925933641349447
10523776,12,1,0.231431782245636,7,7,1.463470126006366
10527104,5,5,0.09612805396318436,4,1,2.3420740809126666
10527111,11,8,0.020631154999136925,14,12,3.880952967080459
10527105,9,3,0.14101645350456238,5,1,1.9588787038901758
10527109,10,2,0.2631605863571167,7,9,1.334990838627604
10527106,10,2,0.26631513237953186,8,2,1.323074963219694
10527110,9,2,0.19064824283123016,2,5,1.657325209446818
10527107,12,2,0.1399478316307068,7,12,1.9664855570263309
10527108,13,5,0.11054856330156326,2,3,2.2023003676784323
10527079,9,4,0.13581444323062897,11,4,1.9964657128809822
10531314,6,1,0.5115296244621277,3,3,0.6703497784305669
10527080,10,4,0.15113262832164764,4,6,1.8895974944202019
10531312,7,6,0.04243851080536842,4,7,3.1596990552636797
10531311,7,1,0.21012182533740997,1,1,1.5600677958152724
10531307,9,6,0.06858407706022263,3,7,2.6796948840173913
10527081,10,2,0.22944752871990204,1,8,1.4720809086508018
10531309,9,2,0.19855234026908875,6,3,1.6167025346745985
10527082,11,2,0.22420910000801086,2,20,1.4951761803720138
10531313,9,3,0.13372471928596497,1,8,2.011971925755922
10531388,10,3,0.21769137680530548,8,7,1.5246769219749075
10527076,12,9,0.04467400163412094,9,15,3.108363565491981
10531308,12,4,0.1075567826628685,11,13,2.2297363600512665
10527077,9,7,0.053115732967853546,1,8,2.935282105205846
10531522,8,1,0.41278862953186035,2,2,0.8848196099328578
10531385,11,6,0.042392268776893616,9,4,3.160789273537818
10531310,10,4,0.09238249063491821,6,5,2.381817813584093
10527078,9,1,0.20000647008419037,6,6,1.609405562536412
10531384,9,1,0.3483397662639618,3,3,1.0545769356784311
10531508,8,2,0.2154262661933899,4,8,1.5351365802206154
10531387,7,1,0.33716851472854614,3,3,1.087172429905082
10531509,8,5,0.11707361787557602,4,3,2.144952329443878
10531389,12,8,0.053558800369501114,11,12,2.926975156290862
10531382,10,1,0.20613376796245575,7,7,1.579229961893864
10531514,9,1,0.2652159035205841,4,4,1.3272110544421045
10531386,12,1,0.1872018277645111,8,8,1.6755679512869985
10531331,8,1,0.7209292650222778,1,1,0.32721425327518944
10531515,7,5,0.15702581405639648,5,2,1.8513450664080586
10531332,7,2,0.2991113066673279,3,4,1.2069395117627366
10531337,8,1,0.3974456191062927,9,9,0.9226971615264867
10531523,9,1,0.2799566984176636,1,1,1.2731203362805454
10531336,11,9,0.046050287783145905,7,8,3.078021266937788
10531510,9,5,0.1087794080376625,8,3,2.2184332268327736
10531335,11,1,0.1674017310142517,7,7,1.7873587803932978
10531334,7,1,0.31033775210380554,2,2,1.1700940516867773
10531333,7,6,0.09628504514694214,5,4,2.3404422666617615
10531330,8,2,0.21883288025856018,12,3,1.5194469443197745
10531215,14,1,0.17307329177856445,8,8,1.7540401223002697
10531260,9,4,0.11604640632867813,10,5,2.1537651133186912
10531219,9,1,0.24518842995166779,6,6,1.4057282622011327
10531368,9,3,0.20385508239269257,13,1,1.5903459180056339
10531262,8,3,0.1618068814277649,3,5,1.8213517448062382
10531213,7,1,0.25506654381752014,1,1,1.3662308117197062
10531371,15,3,0.11389750987291336,2,7,2.1724562711655864
10531351,13,3,0.11817450821399689,17,16,2.135592863817763
10531256,9,1,0.2245495766401291,2,2,1.4936587648203339
10535114,8,3,0.2189246416091919,3,4,1.5190277106235301
10531438,8,1,0.2847161591053009,2,2,1.2562625279481063
10535045,9,5,0.09692426770925522,8,1,2.3338253506844797
10531322,7,3,0.16531822085380554,1,2,1.79988305122929
10531222,9,3,0.13802073895931244,1,3,1.9803513228023297
10531365,7,4,0.12124034762382507,7,14,2.109980359559553
10531356,11,7,0.06734742224216461,4,8,2.6978906509166665
10535115,9,1,0.3260531723499298,4,4,1.1206948055477808
10531258,7,4,0.16291502118110657,7,3,1.8145265565687991
10535048,6,1,0.3154842257499695,6,6,1.1536465958737097
10531211,8,7,0.07210244983434677,2,7,2.6296672569835065
10535079,7,1,0.5211755037307739,9,9,0.6516684345850605
10531364,10,5,0.08451525866985321,14,7,2.4708231849462936
10531350,14,3,0.10053326934576035,9,3,2.297266567997812
10531433,8,2,0.226443350315094,2,8,1.485260474325649
10535118,8,3,0.16148246824741364,10,4,1.8233586979555958
10531261,11,8,0.06282012164592743,9,12,2.767479848453145
10535043,7,2,0.22338853776454926,4,7,1.4988427017898018
10531316,9,2,0.23237244784832,5,1,1.4594138159021002
10531212,14,14,0.015563124790787697,5,11,4.162850958363879
10535080,13,3,0.1956474334001541,5,1,1.6314410487345108
10531367,11,1,0.17403797805309296,15,15,1.7484817389109284
10531401,7,2,0.221756249666214,3,1,1.5061764748019306
10531437,7,2,0.21770071983337402,3,1,1.5246340042088657
10535190,6,3,0.16113623976707458,2,5,1.825505062097894
10535117,7,1,0.42014995217323303,1,1,0.8671436024405165
10531259,10,3,0.11927599459886551,1,7,2.1263151889111866
10535044,9,3,0.17498242855072021,8,10,1.7430697183814707
10531214,12,2,0.1759629249572754,3,6,1.7374819597864266
10535082,11,2,0.22139452397823334,3,7,1.507808992625797
10531362,9,1,0.19334717094898224,4,4,1.6432678927970232
10531403,6,1,0.24922721087932587,5,5,1.389390305095259
10531705,7,3,0.17885905504226685,6,3,1.7211571853036713
10531352,13,1,0.15006230771541595,6,6,1.8967046863648116
10535150,9,3,0.12849396467208862,4,6,2.051873343282256
10531435,7,6,0.0825156643986702,3,1,2.494767132165781
10535194,7,2,0.1948595643043518,3,4,1.6354761629293906
10535119,8,4,0.18511296808719635,6,3,1.6867890019583518
10531257,14,3,0.10393401235342026,10,7,2.2639990778206487
10535046,6,2,0.21517616510391235,10,6,1.536298213780592
10531317,12,10,0.05505141243338585,12,7,2.899487758860377
10531216,13,10,0.048345811665058136,4,12,3.0293756861699133
10531370,11,2,0.11694064736366272,12,7,2.146088760388274
10531404,10,2,0.12537918984889984,7,2,2.076412614722832
10531707,6,2,0.20469805598258972,1,7,1.586219283269663
10531349,18,11,0.03939869627356529,3,15,3.2340225527291375
10535152,10,2,0.2090863287448883,5,7,1.5650080561059145
10531434,9,2,0.18734467029571533,8,11,1.674805201994885
10535188,6,2,0.27035391330718994,1,5,1.3080233882923968
10535120,9,6,0.06957998871803284,2,3,2.6652782714021765
10535047,11,3,0.12345849722623825,9,2,2.0918502342414627
10531323,13,2,0.20498992502689362,1,2,1.5847944472617186
10535084,13,6,0.08972635865211487,8,6,2.4109906996600476
10531366,13,12,0.03256049007177353,2,11,3.424655686616672
10531405,10,2,0.1949353814125061,4,5,1.6350871527077677
10531711,9,1,0.3025902509689331,1,1,1.1953756956983217
10531353,18,3,0.08826068043708801,12,4,2.4274605657087722
10535151,8,4,0.15132108330726624,1,3,1.8883513201941224
10531439,10,4,0.1336485892534256,7,11,2.0125413919828437
10535191,8,5,0.10553200542926788,3,9,2.248741003075286
10535121,9,7,0.07105667889118195,1,7,2.644277426166195
10535049,11,2,0.1435198038816452,7,1,1.941282247160564
10531500,8,3,0.12196331471204758,5,1,2.1040349785494916
10531318,13,9,0.04813740774989128,7,14,3.033695696230559
10535085,13,8,0.044779498130083084,5,8,3.106004875331164
10531369,18,14,0.038346145302057266,4,16,3.2611012698567614
10531406,9,5,0.12971973419189453,5,6,2.0423790466362806
10531706,8,5,0.10783934593200684,4,7,2.227112697007093
10531354,16,5,0.07145936042070389,16,8,2.6386263765989963
10535148,10,4,0.1559908092021942,5,4,1.8579581888387284
10531441,11,4,0.0933191105723381,12,13,2.3717303628179827
10535189,7,1,0.3878098130226135,1,1,0.9472402321548656
10535116,9,3,0.12994754314422607,6,9,2.040624424235531
10531502,11,1,0.41992905735969543,12,12,0.867669493020145
10535050,9,8,0.05044643580913544,7,12,2.986843182663628
10531315,14,1,0.224523663520813,4,4,1.493774171916671
10535083,13,2,0.19699929654598236,3,4,1.6245551210831009
10531363,11,9,0.05190565437078476,9,15,2.958327547330668
10531408,7,1,0.2274114042520523,1,1,1.4809945482985216
10531708,9,2,0.12195388972759247,1,5,2.104112258743658
10531355,16,6,0.06367398798465729,10,23,2.7539791516915675
10535149,10,2,0.1678743213415146,3,2,1.7845396667886666
10531440,10,4,0.10122250765562057,5,16,2.290434139193455
10535070,9,2,0.18775750696659088,3,1,1.6726040052938653
10531503,11,1,0.26063263416290283,4,4,1.344643395105921
10531319,13,11,0.03654151037335396,5,8,3.30930639409305
10531709,13,2,0.16494598984718323,3,1,1.8021371929266046
10535071,8,5,0.1165660172700882,8,5,2.1492974946279917
10531499,10,4,0.12374705821275711,1,5,2.089515649834021
10531703,10,1,0.31126752495765686,3,3,1.1671025277034501
10535065,10,4,0.09102243185043335,5,10,2.3966492989914534
10531497,12,2,0.11811258643865585,4,11,2.1361169870404013
10531710,15,4,0.07558159530162811,2,7,2.5825424738261824
10531501,12,1,0.18190649151802063,1,1,1.7042625068050037
10531704,15,13,0.03614792600274086,7,10,3.320135704008237
10535068,9,1,0.2272024005651474,2,2,1.4819140263232329
10535067,4,3,0.16548703610897064,2,3,1.7988624189009559
10535069,9,1,0.2392137497663498,5,5,1.4303977762569111
10531248,5,2,0.3402760624885559,5,3,1.0779980423280373
10531244,12,2,0.20613329112529755,7,2,1.5792322751379018
10531225,10,7,0.03677740320563316,5,7,3.3028716657342505
10531249,14,4,0.08259732276201248,13,1,2.493778011062661
10531218,7,5,0.05305897071957588,4,8,2.936351328885575
10531246,13,2,0.15487293899059296,7,3,1.8651502466881698
10531226,8,1,0.5675768852233887,4,4,0.566379058233395
10531252,16,10,0.050411488860845566,1,15,2.9875361762940797
10531304,7,1,0.2593017518520355,2,2,1.349762830378445
10531253,11,2,0.12374991923570633,10,5,2.0894925301743075
10531300,10,7,0.026578526943922043,2,10,3.627651646949771
10531221,10,5,0.0922546535730362,4,3,2.383202552097654
10531247,14,13,0.020779704675078392,2,12,3.87377850539095
10538394,9,1,0.36566823720932007,7,7,1.006028812372426
10535210,8,1,0.21684964001178741,3,3,1.5285510687815154
10535192,9,7,0.044545531272888184,1,7,3.1112434382247267
10531301,9,1,0.34867990016937256,1,1,1.0536009691489652
10531223,7,3,0.07302288711071014,1,3,2.6169823649069954
10531251,16,10,0.05749347060918808,2,3,2.8560838922494627
10538390,9,1,0.19392819702625275,10,10,1.6402673068509146
10535211,4,4,0.21308395266532898,1,3,1.5460690469583613
10535193,9,2,0.19948561489582062,5,3,1.6120131510373263
10531217,11,3,0.10084407031536102,1,7,2.294179813381816
10531250,12,1,0.13941232860088348,10,10,1.9703193441008926
10538391,9,6,0.07650571316480637,4,15,2.570389859045307
10535196,8,6,0.040130145847797394,5,7,3.2156274603267265
10531224,10,1,0.2605893611907959,8,8,1.3448094394117718
10531299,10,1,0.21250806748867035,2,2,1.5487753266857385
10531243,13,13,0.02987384796142578,5,2,3.5107718314346372
10538393,8,5,0.09438575059175491,1,8,2.360365164345586
10531220,9,6,0.053430721163749695,6,9,2.929369395747197
10535205,8,2,0.15587863326072693,1,5,1.8586775664437867
10535200,7,4,0.14065662026405334,1,9,1.9614336760885505
10531298,12,3,0.15060192346572876,6,3,1.8931151916811142
10538395,9,3,0.1390865594148636,5,2,1.9726588100637306
10535206,11,2,0.17492260038852692,10,3,1.7434116863889482
10535197,10,6,0.05466339364647865,2,1,2.9065610139389797
10531302,9,3,0.16090862452983856,1,3,1.8269186246189664
10535207,8,1,0.2600780725479126,6,6,1.3467734140109011
10538392,14,9,0.04218895733356476,2,7,3.1655967667430094
10531487,10,3,0.1682889610528946,1,9,1.7820727708284452
10531303,10,4,0.14078262448310852,3,4,1.9605382485330405
10535199,9,2,0.16212016344070435,2,8,1.8194174690760758
10535208,12,7,0.060082413256168365,3,12,2.812038104953312
10538396,14,1,0.18054713308811188,5,5,1.7117634101545434
10531488,6,5,0.14129026234149933,3,4,1.9569389064470013
10535195,11,2,0.1670445203781128,6,3,1.7894949130034437
10535209,12,7,0.050209831446409225,8,2,2.9915444259136885
10531489,8,4,0.1241244524717331,4,3,2.0864705677303914
10531484,10,3,0.09650153666734695,1,4,2.3381963467500246
10531485,9,4,0.13514398038387299,1,6,2.001414547511539
10531486,10,2,0.20063544809818268,2,1,1.6062657087059045
10535129,10,3,0.13675303757190704,1,11,1.9895786253351004
10535130,9,6,0.048114337027072906,9,1,3.034175079192679
10535240,5,4,0.1658264696598053,5,3,1.7968134008942458
10535216,6,1,0.4887136220932007,5,5,0.7159786009524938
10535241,11,6,0.045156676322221756,12,9,3.0976171402341564
10538270,10,4,0.13724930584430695,5,1,1.9859562562059647
10535215,9,1,0.514477550983429,2,2,0.6646033573452353
10535091,11,1,0.28442561626434326,7,7,1.257283513856258
10538268,12,3,0.1342233419418335,2,12,2.0082501355765205
10535237,12,1,0.335202693939209,3,3,1.0930198735950214
10535217,7,6,0.06910905987024307,4,2,2.6720694443537503
10535086,13,2,0.1305677741765976,9,17,2.0358628446815463
10538271,12,2,0.17085963487625122,11,8,1.76691290823712
10535218,6,3,0.17421334981918335,3,2,1.7474745824875135
10535087,13,1,0.18536731600761414,7,7,1.6854159304546956
10535313,7,4,0.12498783320188522,3,7,2.079538880802053
10535239,12,3,0.09327474981546402,5,9,2.372205842103503
10535219,9,2,0.1579287052154541,9,8,1.8456115806049136
10538267,12,8,0.03812849521636963,7,15,3.2667933704502983
10535088,12,11,0.022026505321264267,4,13,3.815508763467488
10535320,8,2,0.22992649674415588,4,1,1.469995600508547
10535242,11,2,0.19939899444580078,2,3,1.6124474643668096
10538272,10,9,0.057821374386548996,1,3,2.850396772587389
10535213,8,5,0.10678983479738235,8,2,2.2368925367857178
10535089,10,2,0.21212002635002136,4,7,1.5506030024909765
10538269,11,9,0.05370461940765381,2,6,2.9242562586781427
10535244,11,1,0.18326783180236816,1,1,1.6968066343418127
10535214,8,3,0.1208360493183136,1,2,2.1133206164910456
10535093,11,2,0.13469518721103668,10,1,2.004740925892063
10538266,10,2,0.1510368138551712,9,4,1.89023167151632
10535243,12,8,0.06400296837091446,15,13,2.7488258159024825
10535315,10,1,0.24745699763298035,8,8,1.3965184590065929
10535319,8,2,0.2880747318267822,4,1,1.2445353469970726
10535317,13,7,0.07447467744350433,13,9,2.597296111462941
10535316,7,6,0.07997147738933563,3,8,2.5260852405144303
10538400,13,4,0.09240512549877167,13,12,2.3815728311070177
10538097,11,3,0.22120846807956696,11,1,1.5086497276093567
10538402,7,1,0.2712309658527374,8,8,1.3047845485611107
10538096,8,1,0.21217356622219086,2,2,1.5503506306739565
10538401,11,2,0.25637802481651306,3,7,1.3611022642525112
10538091,7,3,0.07164251804351807,6,4,2.636066553837835
10538403,9,1,0.38749590516090393,1,1,0.9480499975712695
10538092,13,9,0.04440978541970253,1,5,3.1142954414911386
10538399,10,2,0.1762489378452301,2,12,1.7358578637179598
10538093,6,1,0.35892030596733093,1,1,1.024654904085991
10538397,11,2,0.1894749402999878,3,1,1.6634985043653037
10538094,10,4,0.09139851480722427,3,12,2.392526050027969
10538398,8,1,0.19974523782730103,1,1,1.6107125352842715
10538095,14,2,0.13361185789108276,9,13,2.0128162651484507
10548629,11,5,0.12149450182914734,1,9,2.1078862696604577
10548631,11,5,0.09746582806110382,2,4,2.3282534438358806
10548632,11,2,0.2207607924938202,9,8,1.5106755505739198
10548316,6,1,0.45788320899009705,6,6,0.781141129591571
10548234,7,1,0.33329516649246216,10,10,1.0987267957464084
10548633,8,2,0.15649767220020294,7,9,1.854714143232659
10548276,8,1,0.5150400400161743,7,7,0.6635106337363673
10548299,10,1,0.28647735714912415,12,12,1.2500957785888964
10548235,7,1,0.26499515771865845,9,9,1.3280437259226432
10548634,7,1,0.4874171018600464,7,7,0.7186350504705163
10548231,10,4,0.12851455807685852,6,12,2.0517130886370505
10548277,7,2,0.2440914660692215,1,6,1.410212262992311
10548289,9,4,0.1330287903547287,1,9,2.0171897053538337
10548238,12,1,0.2052430510520935,9,9,1.5835603872417603
10548635,5,4,0.16943718492984772,1,3,1.7752730112315978
10548232,7,3,0.16276773810386658,8,1,1.8154310139469156
10548278,9,1,0.27658671140670776,7,7,1.285230903542195
10548293,5,3,0.17727310955524445,4,3,1.7300637437595587
10548313,7,6,0.08891017735004425,6,8,2.420128662136826
10548239,9,5,0.1073620542883873,4,1,2.2315484713629608
10548636,7,1,0.3179853856563568,4,4,1.1457498543134998
10548225,10,3,0.15390080213546753,6,16,1.871447026094567
10548273,12,2,0.14956146478652954,6,7,1.9000478349486685
10548290,6,4,0.14872194826602936,3,7,1.9056768354259408
10548312,8,1,0.21319638192653656,9,9,1.5455415571602586
10548236,9,3,0.17754951119422913,4,3,1.7285057726566488
10548637,8,2,0.2358614057302475,2,1,1.4445109103183695
10548354,6,1,0.28714123368263245,2,2,1.2477810808418905
10548227,8,1,0.2494385689496994,2,2,1.388542610741327
10548279,11,2,0.1473134458065033,3,2,1.9151926778973811
10548292,6,5,0.14121891558170319,3,5,1.9574439998520188
10548315,12,1,0.12690889835357666,6,6,2.064285785730585
10548237,11,8,0.049911219626665115,1,11,2.9975094592801494
10548348,10,1,0.45668140053749084,6,6,0.7837692853978363
10548228,10,2,0.16166147589683533,9,12,1.8222507850828586
10548274,9,1,0.34299033880233765,8,8,1.0700529989699208
10548294,10,9,0.025487195700407028,6,8,3.6695790823227417
10548314,12,3,0.1115216612815857,15,5,2.1935364353665157
10548241,10,3,0.16848812997341156,3,7,1.780889976932757
10548352,8,1,0.338151216506958,1,1,1.0842620974311872
10548230,10,3,0.12370117753744125,3,10,2.0898864803287505
10548280,9,4,0.10498503595590591,4,10,2.2539374536864574
10548296,9,2,0.18222156167030334,3,1,1.7025319604867253
10548240,10,1,0.1916063278913498,13,13,1.6523123874179353
10548349,8,1,0.2581472396850586,2,2,1.3542251603920943
10548229,11,4,0.11069639772176743,7,10,2.200963980702456
10548275,11,4,0.09807481616735458,4,2,2.3220246612971014
10548291,9,1,0.3004648685455322,12,12,1.2024244418396102
10548351,12,1,0.3075640797615051,5,5,1.1790718239773244
10548350,12,5,0.10108023136854172,2,9,2.291840707500164
10548355,13,13,0.020102789625525475,2,11,3.906896686207603
10548347,13,8,0.043172623962163925,2,7,3.1425486891872265
10551861,14,2,0.1997484415769577,10,11,1.6106964962337336
10551659,7,1,0.3401203751564026,2,2,1.0784556794532678
10551544,9,7,0.05399925261735916,7,10,2.918785072932917
10551865,11,1,0.17793364822864532,1,1,1.7263445609437795
10551559,9,1,0.33391034603118896,10,10,1.0968827470942106
10551660,7,5,0.13972635567188263,4,9,1.9680693714445108
10551425,7,2,0.17673645913600922,1,2,1.7330955874032024
10551560,10,2,0.30914798378944397,4,2,1.1739352047861658
10551863,10,4,0.124889075756073,4,7,2.080329329598351
10551663,9,2,0.25376081466674805,3,5,1.3713631301579727
10551545,10,5,0.08448011428117752,2,4,2.47123910626495
10548379,10,1,0.23878426849842072,6,6,1.4321947769434913
10551424,13,3,0.24170611798763275,10,3,1.4200326792735114
10551864,11,4,0.0991634801030159,1,10,2.310985476595817
10551665,7,3,0.1609201580286026,6,5,1.82684694986895
10551549,6,1,0.2617034614086151,8,8,1.34054324290525
10548375,11,1,0.5327596664428711,12,12,0.6296848637421696
10551558,10,1,0.44726017117500305,4,4,0.8046148152644086
10551426,10,1,0.266259104013443,6,6,1.3232853690653656
10551661,7,2,0.19513732194900513,6,1,1.6340517531384071
10551561,9,1,0.20481733977794647,1,1,1.5856367225163184
10551551,10,7,0.03025495447218418,2,4,3.498095323712019
10548381,11,5,0.06850999593734741,9,1,2.680775618267471
10551428,10,6,0.06000475212931633,7,8,2.8133315177410894
10551664,9,2,0.2696075439453125,2,1,1.3107879183424749
10551548,9,6,0.07399901747703552,3,7,2.6037034632034697
10548378,11,1,0.33353567123413086,9,9,1.0980054591240138
10551427,13,1,0.2591879069805145,12,12,1.3502019707601716
10551662,10,9,0.04964491352438927,4,7,3.0028593403776562
10551546,7,5,0.10142423212528229,8,5,2.288443240780673
10548377,13,3,0.1510317474603653,1,11,1.8902652161843538
10551422,12,7,0.07150616496801376,2,15,2.6379716096703287
10551658,11,2,0.1308295726776123,3,4,2.03385977470628
10551550,11,4,0.10853055119514465,2,4,2.220723567801787
10548380,8,2,0.1777602583169937,6,2,1.7273194999134656
10551423,14,11,0.040572065860033035,4,9,3.2046754821818952
10548376,12,2,0.2276441901922226,1,5,1.4799714383167166
10548373,14,2,0.15751704573631287,1,8,1.8482215996753328
10548374,14,1,0.23833899199962616,6,6,1.4340612825823174
10556650,11,2,0.19919514656066895,2,1,1.6134702987837386
10556615,7,2,0.15356844663619995,3,10,1.873608904916856
10556369,7,4,0.13066983222961426,7,1,2.035081501906187
10556656,7,4,0.15142805874347687,6,1,1.8876446265933537
10556616,8,7,0.05301104858517647,2,8,2.9372549232843346
10556375,7,7,0.0379721038043499,5,3,3.2709034992585924
10556520,14,1,0.3256720006465912,10,10,1.121864537092899
10556652,12,1,0.2558372914791107,2,2,1.3632136167289923
10556611,10,3,0.0991034135222435,9,11,2.3115913930099175
10556370,7,2,0.18079517781734467,1,4,1.7103905027439923
10556518,11,3,0.20949214696884155,7,2,1.5630690249581123
10556651,11,3,0.08865167945623398,5,6,2.423040301844597
10556617,10,1,0.29556795954704285,14,14,1.2188564870310097
10556373,8,2,0.17225465178489685,1,7,1.7587813634449154
10556519,13,1,0.1879846304655075,1,1,1.6713950723371789
10556653,10,9,0.03298134729266167,1,11,3.411813110876071
10556618,11,8,0.05160344019532204,1,10,2.964166938265018
10556368,10,4,0.1494671106338501,2,3,1.9006789061142129
10556515,9,6,0.07393575459718704,3,10,2.6045587439845583
10556657,7,2,0.2605450749397278,2,10,1.3449794003589068
10556612,11,1,0.16588832437992096,4,4,1.796440461719123
10556371,9,5,0.0836804062128067,4,1,2.480750424317762
10556517,9,1,0.27215275168418884,1,1,1.301391783242924
10556654,13,7,0.06874003261327744,8,7,2.6774235331166074
10556613,12,1,0.2812454104423523,5,5,1.268527644023846
10556372,9,1,0.21740874648094177,5,5,1.5259760729012772
10556516,11,2,0.17489174008369446,11,12,1.7435881245811096
10556658,14,4,0.07157588750123978,6,1,2.636997028476652
10556614,10,6,0.06580600142478943,3,6,2.7210442377463075
10556374,11,8,0.04874419420957565,10,11,3.021169181767341
10556521,13,7,0.06990284472703934,2,5,2.660648933474063
10556655,10,3,0.12877149879932404,5,8,2.0497157724124375
10556350,6,4,0.11204368621110916,4,3,2.1888664282825645
10556351,6,5,0.15400882065296173,9,6,1.8707454012414868
10556530,11,5,0.11953260749578476,2,7,2.1241660787582353
10556355,10,9,0.026786012575030327,1,8,3.6198754465545258
10556528,12,1,0.15488046407699585,6,6,1.8651016590934584
10556628,14,4,0.12489359080791473,11,17,2.080293177755596
10556352,11,1,0.37537941336631775,2,2,0.9798179955281305
10559698,12,5,0.07912254333496094,9,11,2.5367574468991805
10556701,6,5,0.08931747823953629,1,6,2.415558085284504
10556497,7,3,0.14072631299495697,1,7,1.9609383174573676
10559919,10,5,0.09397463500499725,9,2,2.364730373497967
10556627,11,3,0.11694101244211197,9,8,2.146085638480814
10559703,8,3,0.1982589215040207,1,8,1.618181418198392
10556353,12,1,0.3265078067779541,2,2,1.119301420052409
10556500,11,5,0.1104818657040596,12,11,2.2029038827675373
10556534,11,5,0.10738006979227066,5,3,2.2313806840319677
10556916,7,4,0.12865222990512848,4,2,2.0506424072905043
10556630,11,5,0.1004299446940422,2,6,2.298294862268645
10559708,14,1,0.5110283493995667,9,9,0.6713302120402569
10556704,12,9,0.059377022087574005,1,4,2.8238479609954585
10559700,8,2,0.22832836210727692,16,1,1.4769705014179781
10556354,12,8,0.05053258314728737,2,7,2.9851369399224716
10559746,12,1,0.1816100925207138,2,2,1.7058932388046166
10556499,7,2,0.20069333910942078,6,4,1.6059772120244558
10559921,7,1,0.37491974234580994,6,6,0.9810432963285362
10556535,10,1,0.1893114447593689,3,3,1.6643617642775974
10559681,8,3,0.17242904007434845,3,4,1.7577694890310696
10556907,14,1,0.2713506817817688,2,2,1.304343265920992
10559887,6,2,0.2956569194793701,2,4,1.218555552695685
10559699,12,1,0.3379216194152832,1,1,1.084941305612028
10556356,8,4,0.13739027082920074,6,1,1.9849297108043136
10559747,9,7,0.06345432251691818,3,5,2.757434962368003
10559715,8,3,0.16638228297233582,2,1,1.7934672287856506
10556501,8,5,0.08929489552974701,1,9,2.4158109536545176
10559923,12,7,0.07297636568546295,1,3,2.6176196479879796
10556531,13,1,0.2460525929927826,6,6,1.4022099732465791
10559682,9,2,0.1747613251209259,1,2,1.7443340924091901
10556917,7,2,0.23997437953948975,6,2,1.42722311325733
10556632,17,2,0.13576991856098175,10,1,1.9967936012008574
10559706,7,7,0.07066328078508377,2,7,2.6498292075447445
10556698,8,1,0.26330381631851196,2,2,1.3344467184014266
10559884,9,1,0.27427938580513,1,1,1.2936080358672628
10559701,8,5,0.1474243700504303,1,11,1.9144399801219596
10556357,14,3,0.1165541559457779,9,10,2.1493992560856716
10559748,8,4,0.14278794825077057,3,1,1.9463946286412033
10559716,11,4,0.10293566435575485,4,3,2.273651103812827
10556503,9,2,0.1888064295053482,2,9,1.6670329712671688
10559924,14,9,0.0371963195502758,5,2,3.291545459418149
10556533,14,4,0.09581935405731201,11,4,2.345290588759317
10559685,9,1,0.26131340861320496,5,5,1.3420347927579617
10556633,15,1,0.15161940455436707,5,5,1.8863818155852294
10556703,13,7,0.06388435512781143,9,8,2.7506807812558787
10559885,9,2,0.23198097944259644,5,2,1.4610998958380164
10559702,11,9,0.04599260538816452,2,9,3.079274647846305
10559749,10,6,0.08257473260164261,4,7,2.4940515459588757
10559717,12,2,0.2639276385307312,13,1,1.3320803098816283
10556495,11,2,0.13702695071697235,1,8,1.9875776519391226
10556536,9,6,0.0830429419875145,1,2,2.4883974316334347
10559920,14,2,0.12424906343221664,2,16,2.085467151802688
10556526,11,2,0.16270646452903748,3,16,1.815807532731245
10559687,12,4,0.09068075567483902,4,6,2.400410119954075
10556909,9,1,0.224147766828537,1,1,1.4954497712742307
10556635,11,6,0.07351160049438477,5,3,2.610312055361592
10559707,10,3,0.13380911946296692,4,11,2.0113409761893433
10556818,7,1,0.2740243375301361,7,7,1.2945383534359185
10556702,14,9,0.050172358751297,10,18,2.9922910264168068
10559696,11,2,0.1585155576467514,3,9,1.8419025349817288
10559751,10,10,0.032252322882413864,5,3,3.434165210972531
10559711,14,4,0.08840537071228027,11,7,2.425822556520225
10556502,10,2,0.16832585632801056,7,9,1.7818535572147916
10556537,7,3,0.2260768860578537,6,4,1.4868801337702282
10559916,14,1,0.20195049047470093,2,2,1.5997327082819237
10556527,12,1,0.19381095468997955,5,5,1.6408720553749025
10559683,11,9,0.06486338376998901,3,9,2.7354720090970166
10556914,12,2,0.23479555547237396,1,4,1.449040120200648
10556629,18,9,0.0561753585934639,4,3,2.879277077424863
10559705,9,3,0.1924249529838562,5,1,1.6480490558966892
10556819,11,11,0.03046000935137272,3,6,3.491340624510155
10556699,16,2,0.11559703946113586,16,13,2.1576449332695935
10559886,9,9,0.05130905285477638,11,6,2.969888073470196
10559697,11,1,0.17502175271511078,6,6,1.7428450115541763
10559750,9,4,0.0936117172241211,5,3,2.3685997193150685
10559712,11,11,0.025421641767024994,4,11,3.672154429664181
10556498,11,5,0.09697277843952179,13,4,2.33332497450813
10556538,7,4,0.13105492293834686,1,4,2.032138784574162
10559917,14,12,0.02737615257501602,4,10,3.5980829885348546
10556529,12,2,0.14761674404144287,16,7,1.913135931234628
10559684,13,1,0.19742044806480408,11,11,1.622419570393086
10556911,13,4,0.13092762231826782,10,8,2.033110609853387
10556634,11,6,0.06690288335084915,2,11,2.704513213361922
10556697,11,9,0.053803376853466034,13,12,2.922419046991102
10559744,12,1,0.15398961305618286,5,5,1.8708701265303298
10556539,8,5,0.06721789389848709,4,3,2.6998157886474985
10556496,13,1,0.1788862645626068,10,10,1.7210050685943739
10556910,9,2,0.1719081997871399,5,7,1.7607946668168504
10559686,14,2,0.14869052171707153,1,5,1.9058881685222064
10556821,10,2,0.21182756125926971,5,1,1.5519827255779575
10559790,10,1,0.19755326211452484,7,7,1.6217470494059738
10556540,10,5,0.096553735435009,1,6,2.3376555817311195
10556908,13,3,0.08980763703584671,11,3,2.4100852623474855
10556822,10,2,0.1934421956539154,1,8,1.6427765416118572
10556913,16,6,0.05161714926362038,15,6,2.9639013116405084
10556823,12,2,0.22219063341617584,1,3,1.5042195565076986
10559789,10,7,0.046784594655036926,6,17,3.0622013042858742
10556915,16,3,0.11791764199733734,2,16,2.137768847371496
10556493,12,8,0.04353799670934677,9,3,3.1341212345845713
10556489,12,4,0.10937479138374329,6,9,2.2129748416548103
10556494,9,6,0.08127112686634064,2,9,2.5099644686020572
10559926,7,3,0.23271603882312775,3,1,1.4579362861538392
10556454,15,1,0.2450542002916336,10,10,1.4062758672240654
10559800,12,2,0.17695148289203644,5,12,1.7318796919373562
10560001,12,2,0.28675350546836853,12,5,1.2491322982230777
10559934,14,1,0.27403882145881653,5,5,1.2944854984740541
10559836,9,1,0.38999736309051514,1,1,0.9416153011876741
10556448,9,4,0.14805905520915985,2,3,1.9101440631224906
10559795,7,2,0.2135855108499527,1,4,1.5437180072963383
10560004,12,3,0.17870290577411652,2,6,1.7220305963215565
10559766,7,2,0.37792637944221497,11,5,0.9730558657117833
10559928,14,8,0.04381231218576431,8,3,3.127840400969371
10559838,11,3,0.14597821235656738,4,1,1.9242978988442399
10559771,12,1,0.32628190517425537,6,6,1.1199935314891556
10556451,8,4,0.13253836333751678,1,8,2.020883140840152
10559797,10,1,0.3577507436275482,5,5,1.027918781924262
10560002,12,4,0.14640162885189056,8,4,1.921401551479316
10559767,11,3,0.09151240438222885,2,7,2.3912807488701446
10559931,6,4,0.14730212092399597,2,6,1.9152695569478575
10559839,12,2,0.2298351526260376,10,13,1.4703929547439223
10556450,14,2,0.14652007818222046,13,2,1.9205928074774776
10559799,10,2,0.26142993569374084,8,1,1.341588963714952
10560003,8,1,0.4639609158039093,2,2,0.7679549634849254
10559761,10,1,0.35763871669769287,4,4,1.0282319733730712
10559929,12,1,0.13608011603355408,5,5,1.9945114782085769
10559835,7,1,0.32752180099487305,1,1,1.1162006581990997
10559772,8,6,0.07940811663866043,2,6,2.533154691285365
10556449,13,10,0.02988487109541893,3,13,3.5104029100691143
10559798,10,6,0.08833364397287369,4,1,2.426634224996166
10559998,11,10,0.05133127421140671,2,14,2.9694550788059604
10559830,6,4,0.11681465059518814,4,3,2.147166783276113
10559762,14,5,0.1130002811551094,8,14,2.1803649721745786
10559927,12,4,0.10833472013473511,7,1,2.222529584158736
10559837,8,1,0.28641587495803833,13,13,1.250310416109035
10556452,11,2,0.20274008810520172,3,2,1.5958304744556107
10559796,10,8,0.03625905513763428,5,8,3.317066131975248
10559999,12,4,0.14694681763648987,1,12,1.9176845424490883
10559831,7,1,0.29966455698013306,1,1,1.205091573314199
10559763,13,3,0.1143680065870285,3,4,2.168333901850145
10559932,14,2,0.16435936093330383,7,11,1.8057000231875326
10559832,10,2,0.20468811690807343,4,1,1.5862678392550698
10559775,12,2,0.166487917304039,1,2,1.7928325409393877
10556749,9,4,0.06988490372896194,3,4,2.6609056226099
10556447,11,1,0.22991019487380981,3,3,1.4700665033775442
10559801,7,4,0.09456147998571396,10,9,2.358505074159668
10559997,10,4,0.11259035021066666,2,3,2.183999266676628
10559825,10,1,0.2817498445510864,5,5,1.2667356777888048
10559764,11,8,0.06000256910920143,6,10,2.8133678991900313
10559933,14,7,0.08012188225984573,4,3,2.5242062754519172
10559833,10,2,0.16108539700508118,2,5,1.8258206384379851
10556750,8,3,0.23628303408622742,4,1,1.4427248955631333
10559802,10,1,0.22882594168186188,14,14,1.4747936444270189
10560000,10,1,0.2508380711078644,3,3,1.3829476830679293
10559826,9,2,0.25555869936943054,1,2,1.3643031525964024
10559765,8,1,0.31372272968292236,9,9,1.1592457096589421
10559930,14,1,0.23775020241737366,12,12,1.4365347261695185
10559834,14,1,0.14762842655181885,1,1,1.9130567935446967
10559776,11,5,0.10823676735162735,7,2,2.2234341611270514
10556752,7,4,0.10855606943368912,3,6,2.220488470506633
10559828,9,6,0.05397668480873108,2,5,2.9192030884555358
10559777,12,1,0.13356949388980865,6,6,2.013133383101083
10556751,8,3,0.13371047377586365,2,1,2.0120784600527113
10559827,12,2,0.17011255025863647,2,5,1.7712950006522208
10556754,9,2,0.235539510846138,2,5,1.4458766053046177
10559829,10,2,0.2503056526184082,11,1,1.3850724974258246
10556753,9,3,0.16675208508968353,6,10,1.7912470899786237
10559695,7,1,0.29805615544319153,6,6,1.2104733691449883
10572816,6,1,0.3132646977901459,3,3,1.1607067659869836
10559810,9,1,0.3520316183567047,4,4,1.0440342825410507
10559688,9,1,0.26098546385765076,12,12,1.3432905672424034
10572815,7,1,0.4185156226158142,5,5,0.8710410597235148
10559814,8,1,0.3289681375026703,2,2,1.1117943794031329
10559689,10,2,0.15666010975837708,7,1,1.8536767264280911
10563667,12,3,0.1192343458533287,13,11,2.126664429500766
10559812,11,2,0.1510269194841385,10,3,1.89029718332687
10563674,11,7,0.09123634546995163,4,12,2.394301936401983
10572811,8,1,0.2686504125595093,6,6,1.3143443261319203
10559811,10,2,0.23916484415531158,6,4,1.4306022403020417
10559691,7,3,0.15233159065246582,5,3,1.881695616739646
10563676,9,1,0.2737712860107422,5,5,1.2954622437574879
10572812,7,5,0.09506715834140778,5,7,2.353171707229289
10559806,9,3,0.1434328258037567,7,9,1.9418884662473002
10559694,8,7,0.08426707983016968,3,1,2.4737640023416647
10563669,11,7,0.06977750360965729,8,7,2.6624436190188394
10572813,5,1,0.3361746668815613,6,6,1.0901244121805214
10559813,13,8,0.04760048910975456,1,4,3.0449122423825425
10559690,14,4,0.08870580792427063,2,12,2.422429913520803
10563670,11,6,0.07461654394865036,11,2,2.5953930276108115
10572814,6,1,0.31349724531173706,1,1,1.1599647058321778
10559809,13,8,0.04728483408689499,7,11,3.05156566731018
10559692,7,4,0.13866592943668365,1,10,1.975687623965494
10563668,11,7,0.0710320696234703,8,1,2.644623819082101
10559807,13,4,0.09259944409132004,2,14,2.3794721406815005
10563453,6,1,0.3358995020389557,2,2,1.0909432648331172
10563451,7,1,0.27695053815841675,5,5,1.2839163513439922
10563660,7,3,0.12674425542354584,6,8,2.0655839596401244
10563450,13,5,0.07917793095111847,7,9,2.536057668598862
10563661,8,3,0.19913935661315918,1,11,1.613750414854177
10563663,12,1,0.4197224974632263,10,10,0.8681615064022429
10563665,10,1,0.39602217078208923,5,5,0.9262850824714025
10563446,6,3,0.22399017214775085,3,2,1.496153102430002
10563662,10,4,0.09922650456428528,2,4,2.3103501172706453
10563448,11,1,0.16837121546268463,5,5,1.7815841213405368
10563666,5,1,0.248787060379982,5,5,1.3911579275886252
10563449,9,4,0.12548311054706573,2,4,2.075584106780855
10563664,8,5,0.11068850755691528,8,2,2.2010352607641708
10563452,13,3,0.12750284373760223,6,5,2.0596166108080514
10563659,11,1,0.2778281569480896,3,3,1.2807524968935875
10566856,11,5,0.10568700730800629,9,1,2.2472733141153394
10572853,9,5,0.11211265623569489,1,8,2.188251053977208
10566866,9,2,0.16715268790721893,8,3,1.7888475854363566
10572850,10,4,0.13607299327850342,1,6,1.9945638219431039
10566857,8,3,0.18338443338871002,5,6,1.6961706006862622
10572846,9,6,0.024988582357764244,4,2,3.689336264125174
10566858,8,1,0.21451003849506378,9,9,1.5393987421983415
10572847,11,3,0.12857887148857117,4,2,2.0512127770331103
10566862,8,2,0.17096053063869476,5,1,1.766322564099747
10572909,8,1,0.2180689424276352,3,3,1.5229440165213823
10572852,7,2,0.18159335851669312,4,3,1.705985385528359
10572898,10,7,0.07350229471921921,10,11,2.610438652581052
10566865,6,1,0.31373268365859985,2,2,1.1592139815856266
10572907,9,3,0.16158105432987213,10,12,1.8227483778257823
10572889,5,2,0.27253755927085876,6,3,1.2999788421901837
10572851,7,1,0.30891138315200806,4,4,1.174700829131168
10572900,10,1,0.43036890029907227,4,4,0.8431125304147153
10566863,10,3,0.1176336407661438,2,6,2.1401802234886422
10572910,7,5,0.11932007968425751,6,11,2.125945651516021
10572890,8,2,0.3588651716709137,2,4,1.0248085274128576
10572848,11,1,0.2030998319387436,1,1,1.5940576378764773
10566859,12,5,0.07160047441720963,4,3,2.6366535790988066
10572908,9,3,0.13613533973693848,6,3,1.9941057429501898
10572891,9,1,0.2846909761428833,6,6,1.256350981221257
10572849,12,1,0.1636749804019928,1,1,1.8098726443923174
10566861,10,2,0.11332450062036514,2,4,2.177499888779845
10572990,12,1,0.28496503829956055,4,4,1.2553887788715103
10572913,9,1,0.2838132083415985,8,8,1.2594389743187628
10572892,9,1,0.22844143211841583,9,9,1.4764754160823108
10572902,12,6,0.07417988777160645,3,9,2.6012622198416744
10572991,8,4,0.1294400840997696,1,5,2.0445371759520676
10572912,10,4,0.12512154877185822,3,9,2.0784696239700406
10572894,8,5,0.11505717784166336,8,3,2.1623260755580076
10572903,12,1,0.13778312504291534,3,3,1.98207438767704
10572906,10,1,0.22325383126735687,5,5,1.499445898040837
10572893,12,6,0.08043964207172394,8,3,2.5202481637180685
10572901,12,2,0.13316990435123444,1,2,2.016129489713934
10572911,10,1,0.2899229824542999,2,2,1.2381399690174248
10572888,9,1,0.26429829001426697,1,1,1.330676927259388
10572897,13,11,0.049108561128377914,3,11,3.013721898314026
10572992,10,5,0.11496151983737946,4,10,2.1631578167230847
10572986,10,7,0.06499894708395004,8,3,2.733384207926161
10572987,11,1,0.23760907351970673,1,1,1.4371285040085446
10575739,8,2,0.28250497579574585,2,4,1.2640591151144878
10575804,9,4,0.16072560846805573,10,4,1.8280566631904795
10575794,5,1,0.32775524258613586,2,2,1.1154881607801068
10575806,7,1,0.5066371560096741,3,3,0.6799602002239626
10575740,11,4,0.12338625639677048,7,8,2.0924355481318324
10575796,7,1,0.30809861421585083,8,8,1.1773353712284784
10575807,14,3,0.09868883341550827,11,2,2.3157834755641216
10575742,11,5,0.0721340924501419,2,10,2.6292284969328064
10575808,12,4,0.12646575272083282,2,5,2.0677837369479857
10575795,8,2,0.21227245032787323,7,12,1.5498846863436262
10575743,9,2,0.16422680020332336,5,1,1.8065068784532172
10575810,12,2,0.1811332404613495,4,3,1.7085223833853143
10575790,7,3,0.13686330616474152,1,7,1.9887726164739465
10575745,12,5,0.11016244441270828,11,3,2.205799235150079
10575809,13,5,0.07877794653177261,14,8,2.5411221876362617
10573660,9,1,0.3228629231452942,1,1,1.130527432384014
10575791,8,6,0.07147573679685593,7,3,2.6383972323714064
10575805,11,6,0.0829726904630661,1,2,2.489243755893441
10575744,13,11,0.024869050830602646,1,12,3.694131187130252
10575792,10,6,0.08863963186740875,2,1,2.4231762091121762
10575803,11,2,0.17171335220336914,8,4,1.7619287493767222
10575746,11,8,0.06428173929452896,5,12,2.744479680381052
10573656,14,1,0.3006618022918701,1,1,1.2017692263486424
10573655,15,1,0.19884589314460754,14,14,1.6152251605736099
10573657,8,2,0.23927292227745056,1,7,1.430150444346287
10573658,15,14,0.023315710946917534,6,13,3.7586278560742756
10575702,11,4,0.1213490441441536,12,9,2.1090842236913643
10575700,12,6,0.10783081501722336,9,2,2.227191807763541
10580491,10,2,0.19257238507270813,8,4,1.6472831695827583
10580514,6,4,0.11496738344430923,6,8,2.1631068130706743
10580567,10,5,0.07964217662811279,8,7,2.5302114693194313
10580496,8,2,0.2600250840187073,12,8,1.3469771756251874
10580614,7,1,0.34051012992858887,12,12,1.0773104036777144
10580509,9,1,0.2856655716896057,3,3,1.2529334821183695
10580490,9,5,0.08097023516893387,2,3,2.5136736588924586
10580464,7,5,0.11696100980043411,4,5,2.1459146492932972
10580613,10,1,0.5890737175941467,3,3,0.5292039459563779
10580510,8,4,0.12297865003347397,2,1,2.0957445156395704
10580569,10,4,0.14906197786331177,1,7,1.90339310070939
10580495,6,3,0.18143488466739655,8,12,1.7068584518108771
10580465,11,3,0.14995740354061127,1,5,1.897404001610738
10580615,14,3,0.15426601469516754,2,5,1.8690767986026149
10580511,8,1,0.3898053467273712,9,9,0.9421077754112366
10580568,10,1,0.2955733835697174,2,2,1.2188381360131428
10580489,9,1,0.1915407031774521,6,6,1.6526549437173088
10580466,12,4,0.12447160482406616,6,10,2.0836776627924167
10580512,7,3,0.17604437470436096,4,1,1.7370191867211098
10580570,11,1,0.2252831608057022,2,2,1.4903971755458025
10580492,9,2,0.18288297951221466,8,4,1.69890878689745
10580469,10,3,0.13598960638046265,3,6,1.9951768198395916
10580617,14,2,0.13426071405410767,3,5,2.0079717420430434
10580515,9,6,0.09949953109025955,1,5,2.3076023474894027
10580571,10,9,0.0500820055603981,1,13,2.994093505859609
10580493,8,2,0.20720940828323364,4,1,1.5740253628553023
10580467,10,1,0.2131485491991043,3,3,1.545765942272598
10580611,11,2,0.14576603472232819,13,3,1.925752444555234
10580513,8,6,0.06835930049419403,4,2,2.6829776534641927
10580572,11,1,0.20473605394363403,2,2,1.5860336711761311
10580494,9,1,0.30180624127388,1,1,1.1979700526969452
10580468,12,1,0.25210854411125183,6,6,1.377895553608304
10580612,14,8,0.05791599303483963,1,5,2.8487617143261152
10580516,8,1,0.22103558480739594,2,2,1.5094315731982308
10580565,11,10,0.02918100915849209,8,4,3.5342371525755656
10580504,6,2,0.2535298764705658,4,3,1.3722736069956922
10580441,8,3,0.13699978590011597,4,8,1.9877759159281094
10580443,13,3,0.13552232086658478,10,2,1.998618922586127
10580439,14,1,0.14805306494235992,7,7,1.910184522572767
10580556,6,5,0.05471612885594368,1,5,2.905596752762031
10580499,13,1,0.20710411667823792,3,3,1.5745336330464443
10580438,7,6,0.08248110860586166,4,6,2.4951859984585516
10580554,8,1,0.2258477509021759,1,1,1.4878941753009298
10580595,11,3,0.12816724181175232,2,4,2.054419291236705
10583474,12,2,0.24009305238723755,3,4,1.4267287125032992
10580503,13,8,0.05174866318702698,5,4,2.9613566793050583
10580663,7,6,0.0529174841940403,7,4,2.9390214806605908
10580437,11,5,0.09175316244363785,9,3,2.3886533245909183
10580524,7,1,0.2954477071762085,3,3,1.2192634216666363
10583504,10,3,0.16419149935245514,5,9,1.8067218533864162
10580559,14,8,0.04787735268473625,20,10,3.0391126904488455
10583470,11,2,0.3087279498577118,5,1,1.1752948110551997
10580659,12,5,0.0673193484544754,8,9,2.6983075880415512
10583387,12,2,0.2354467213153839,12,11,1.4462706275737136
10580500,7,1,0.28907063603401184,2,2,1.241084205391667
10580440,14,9,0.049330055713653564,9,4,3.009221734330001
10583505,12,1,0.22085052728652954,7,7,1.5102691534100563
10580558,9,2,0.20833320915699005,10,5,1.5686165139604706
10580598,10,1,0.24476167559623718,1,1,1.4074702945367523
10583475,11,4,0.10751806199550629,1,13,2.2300964269651082
10580662,9,2,0.16594454646110535,5,9,1.7961016038984383
10583383,4,1,0.5961455702781677,2,2,0.5172703963066798
10580501,14,3,0.09705808013677597,6,8,2.332445715369912
10583376,10,1,0.375217467546463,1,1,0.9802495076393205
10580526,11,1,0.27236098051071167,3,3,1.3006269583198358
10580434,13,2,0.14378517866134644,3,8,1.9394349081215967
10583500,11,9,0.056907035410404205,18,20,2.866336300319223
10580555,8,1,0.20534861087799072,6,6,1.5830462032579613
10580596,13,1,0.2467680722475052,2,2,1.3993063622259052
10583476,9,3,0.21477140486240387,1,6,1.5381810496859816
10580664,10,1,0.28587067127227783,2,2,1.2522157687834694
10583555,8,1,0.3295004069805145,3,3,1.1101776898946185
10583384,8,7,0.09720361232757568,3,2,2.3309474043423557
10580505,10,6,0.08061307668685913,2,6,2.5180944008568815
10583374,11,5,0.14041514694690704,7,2,1.9631519089722824
10580436,7,6,0.10317999124526978,1,4,2.2712803280147376
10580561,13,10,0.05823945626616478,16,8,2.8431922112264916
10580939,8,2,0.2202872484922409,2,4,1.5128229093173609
10580594,11,9,0.05961987376213074,17,5,2.8197663081089797
10583471,11,8,0.04836798459291458,5,13,3.028917159483901
10580657,7,2,0.1949695348739624,7,3,1.6349119640393666
10583389,11,5,0.11985453218221664,9,2,2.121476503362273
10580506,14,1,0.25150659680366516,1,1,1.3802860599506925
10583378,6,1,0.3235909342765808,2,2,1.1282751094047554
10580522,11,1,0.1989089846611023,3,3,1.6149079223922862
10580435,14,1,0.18498313426971436,4,4,1.6874906241693468
10583498,14,11,0.02593047544360161,1,11,3.6523363439420584
10580560,13,3,0.11883991211652756,7,16,2.129977967898879
10580942,10,1,0.2859620749950409,1,1,1.2518960818675375
10580602,15,9,0.061043139547109604,13,8,2.7961744590706106
10583477,10,1,0.2766748368740082,3,3,1.2849123364257216
10580549,9,5,0.10641367733478546,1,4,2.2404211639564084
10580656,12,4,0.10606978088617325,15,10,2.243658091214292
10583552,8,4,0.10350601375102997,2,8,2.2681255640899924
10583385,10,5,0.09322772920131683,3,1,2.372710077922687
10583377,10,8,0.033680811524391174,15,14,3.3908269947560385
10580529,13,8,0.07015784084796906,2,15,2.657007706078632
10583503,10,2,0.15617217123508453,7,2,1.85679621855614
10580557,9,4,0.1564648300409317,2,7,1.8549240224300492
10580601,12,1,0.16114769876003265,4,4,1.8254339509341464
10583472,12,2,0.2693590521812439,4,3,1.3117100229161598
10580550,6,4,0.18351498246192932,4,2,1.69545896652666
10580658,9,3,0.15455389022827148,6,9,1.8672124393958511
10583553,10,1,0.16594134271144867,10,10,1.7961209102308937
10583388,8,1,0.23947906494140625,2,2,1.4292892774699133
10583379,6,3,0.22233997285366058,3,7,1.5035476592704933
10580523,14,12,0.03623791038990021,7,4,3.3176494597926207
10580762,12,3,0.17187821865081787,8,4,1.7609690840409762
10583499,13,1,0.2391771376132965,6,6,1.4305508400133105
10580553,13,4,0.08682218939065933,3,19,2.443893051844458
10580943,10,2,0.224175825715065,1,10,1.495324598800458
10580599,18,1,0.14479504525661469,16,16,1.9324360174570236
10583473,11,3,0.10864879190921783,12,10,2.2196346914467364
10580551,7,5,0.0818059965968132,1,7,2.503404730030837
10580661,8,6,0.11392843723297119,3,1,2.1721847712715605
10583554,9,4,0.11106173694133759,2,8,2.1976690436246895
10583390,9,4,0.12201716750860214,6,3,2.1035935268650046
10583380,8,2,0.16173045337200165,11,5,1.8218241975896685
10580527,12,5,0.09368640929460526,3,8,2.3678021451392675
10580763,10,2,0.21768423914909363,2,5,1.5247097104727052
10583502,14,9,0.05171540006995201,3,8,2.961999668129852
10580562,11,8,0.052257418632507324,12,10,2.9515734148186357
10580597,9,6,0.08973158895969391,1,7,2.410932409596552
10580552,6,1,0.36761048436164856,3,3,1.0007313677929377
10580660,12,2,0.13208463788032532,4,14,2.0243123658110616
10580941,9,1,0.29398995637893677,1,1,1.2242096742033945
10583381,10,4,0.13669033348560333,6,8,1.9900372510985285
10580528,14,7,0.06617840379476547,3,7,2.715401095927843
10580765,10,1,0.3831893503665924,4,4,0.9592260245905307
10583433,10,1,0.21207384765148163,8,8,1.550820726987026
10580547,7,1,0.31832507252693176,5,5,1.144682177683406
10580940,12,1,0.21685932576656342,5,5,1.5285064040153156
10580548,8,7,0.08731899410486221,3,6,2.4381872670087263
10580937,14,7,0.06329363584518433,11,3,2.759970494456996
10580760,11,2,0.22193098068237305,6,2,1.5053888432757547
10580938,11,2,0.16809025406837463,1,6,1.783254217235956
10580761,12,4,0.104482002556324,5,10,2.2587404467509833
10583435,7,1,0.25330406427383423,7,7,1.3731646768058208
10583432,9,1,0.23002034425735474,2,2,1.4695875206778568
10583436,9,4,0.13960719108581543,2,9,1.9689225779045245
10583437,11,10,0.018506541848182678,4,14,3.989630995989067
10583438,9,2,0.20967420935630798,4,6,1.562200336924504
10580453,12,2,0.1726125329732895,11,8,1.756705890145763
10580461,10,1,0.4005320966243744,1,1,0.9149613743006666
10580421,10,2,0.26517415046691895,1,8,1.3273684972653155
10580452,12,1,0.24630926549434662,5,5,1.4011673558285522
10580457,8,1,0.18088898062705994,2,2,1.709871802603948
10580418,14,1,0.2564629316329956,6,6,1.3607711408654628
10580459,12,2,0.14104342460632324,2,3,1.9586874600874506
10580544,10,7,0.05161605402827263,2,10,2.9639225303049086
10580422,12,1,0.4007617235183716,1,1,0.9143882339755806
10580539,9,4,0.16014014184474945,7,1,1.8317059605833927
10580458,14,8,0.05473444610834122,3,5,2.905262039991915
10583446,10,2,0.19284598529338837,3,1,1.645863412312867
10586652,12,2,0.21207495033740997,1,5,1.5508155274630213
10583448,6,5,0.10271696001291275,2,3,2.2757780343682916
10580423,12,7,0.07077176868915558,1,14,2.6482951051316297
10583517,6,1,0.4867916703224182,1,1,0.719919029103045
10586644,8,4,0.0777612179517746,3,4,2.554112455992552
10583412,6,4,0.12622907757759094,5,3,2.0696569467177977
10583403,6,5,0.0722607672214508,3,2,2.627473935806542
10586641,10,4,0.1274445354938507,2,10,2.0600740247649547
10583411,7,4,0.06694634258747101,9,8,2.7038638373517974
10583404,10,1,0.3418715298175812,3,3,1.0733202562995832
10586637,12,1,0.2796345055103302,5,5,1.2742718659710575
10583631,10,1,0.2608499228954315,1,1,1.3438100451034607
10583406,6,2,0.2896038591861725,9,10,1.2392412926402612
10586640,12,1,0.21072092652320862,6,6,1.5572206440567766
10583405,12,7,0.0333993025124073,8,3,3.3992202620795893
10583632,12,2,0.12836948037147522,3,1,2.0528426077903927
10583407,9,4,0.14154978096485138,1,4,1.9551038148302198
10586643,11,7,0.03730276972055435,8,7,3.2886876998464074
10583399,10,3,0.1498979926109314,2,3,1.897800265484724
10583626,10,2,0.17289383709430695,1,2,1.7550775312641589
10586642,11,9,0.056986719369888306,1,10,2.8649370318055234
10583408,8,2,0.22393308579921722,5,4,1.4964079958646694
10583400,11,4,0.10210369527339935,15,9,2.2817663617789017
10583627,12,9,0.07077348977327347,11,6,2.6482707866325623
10586636,10,7,0.048525478690862656,4,3,3.02566628514599
10583409,7,1,0.6304858326911926,3,3,0.4612645937880735
10583401,14,8,0.056901589035987854,5,15,2.866432011421031
10586638,12,4,0.09871535748243332,12,1,2.3155147470537085
10583630,11,1,0.202026829123497,9,9,1.5993547729573334
10583410,7,3,0.14841486513614655,3,6,1.907743783884433
10586639,12,3,0.1134234219789505,3,10,2.1766273659913042
10583402,12,1,0.13902151584625244,7,7,1.9731265675694127
10583628,12,4,0.09572432190179825,8,2,2.3462828654589827
10586635,12,2,0.12704995274543762,1,3,2.0631749411527696
10586489,12,6,0.05172099173069,11,4,2.961891550268312
10586490,10,8,0.07845377177000046,8,2,2.54524572231001
10586492,12,3,0.14867618680000305,12,5,1.9059845809091283
10586550,9,2,0.2206266224384308,2,12,1.5112834974930336
10586563,10,1,0.49057242274284363,1,1,0.7121823600241606
10586493,11,7,0.06272637844085693,7,10,2.7689732110307927
10586551,9,1,0.42651593685150146,11,11,0.8521055461564854
10586557,9,1,0.3485269248485565,2,2,1.0540397925160971
10586594,6,4,0.08631428331136703,4,2,2.449760186924056
10586488,13,3,0.1314268857240677,5,4,2.029304584089147
10586672,10,4,0.14185044169425964,9,8,1.952982003919931
10586552,8,1,0.2822265326976776,5,5,1.2650452230841827
10586558,8,3,0.1976955235004425,2,1,1.6210271919529544
10586589,7,5,0.16048653423786163,1,2,1.8295452387612927
10586546,9,6,0.09071482717990875,1,11,2.400034460250193
10586562,10,6,0.045402463525533676,1,3,3.0921889127300473
10586678,10,3,0.18084007501602173,3,11,1.7101422017359684
10586590,6,4,0.13085386157035828,4,7,2.0336741390134017
10586547,10,2,0.1978428214788437,2,4,1.6202823944531415
10586561,13,3,0.11299827694892883,3,1,2.18038270862562
10586677,8,5,0.07462378591299057,3,7,2.595295976574371
10586591,7,1,0.29128730297088623,1,1,1.2334452034336292
10586548,10,2,0.2310018241405487,2,1,1.4653296717791904
10586671,12,7,0.05786753445863724,2,5,2.8495987691314206
10586564,11,7,0.05866187438368797,4,11,2.8359652625903125
10586592,9,5,0.0851818397641182,3,9,2.462967016174668
10586674,12,3,0.12876063585281372,7,11,2.0498001342846477
10586549,10,4,0.10900965332984924,1,4,2.2163188380152667
10586559,14,1,0.1310238391160965,5,5,2.032375994351501
10586593,7,1,0.40808871388435364,12,12,0.8962706922226915
10586675,9,4,0.1227966770529747,2,4,2.097225323464415
10586560,11,1,0.2057380974292755,2,2,1.581151290773768
10597004,11,2,0.1837567538022995,5,6,1.6941423861779896
10597006,12,1,0.23713621497154236,3,3,1.4391205562352718
10597002,10,6,0.044629454612731934,8,4,3.109361220609846
10597009,10,5,0.10359426587820053,5,6,2.2672732993545663
10597003,10,3,0.14845681190490723,3,6,1.907461191961499
10597008,9,5,0.07261338084936142,6,3,2.62260606491439
10597093,7,1,0.23269501328468323,3,3,1.4580266387071945
10597030,9,2,0.1868789941072464,1,2,1.677293961916444
10597042,7,6,0.03906980901956558,1,6,3.242405258087699
10597007,6,5,0.08381704986095428,4,8,2.479118833227799
10597095,6,3,0.21783961355686188,2,6,1.5239962045951534
10597033,10,8,0.054307833313941956,13,1,2.9130868025214434
10597043,8,2,0.22856907546520233,5,2,1.4759168147023098
10597005,12,3,0.1985233575105667,1,3,1.6168485156990509
10597031,11,2,0.21407271921634674,7,13,1.5414395122602502
10597044,10,2,0.22342410683631897,5,3,1.498683489322229
10597001,11,2,0.14653810858726501,2,4,1.9204697574766156
10597099,8,1,0.2657754421234131,8,8,1.3251035292836404
10597035,7,1,0.2224877029657364,5,5,1.5028834464728746
10597188,9,2,0.24919112026691437,1,7,1.3895351256615154
10597100,12,11,0.04520566016435623,6,4,3.096532975108794
10597034,10,1,0.1967039257287979,13,13,1.6260555958361136
10597183,7,5,0.07632353156805038,4,5,2.572773979746397
10597045,9,1,0.24795687198638916,4,4,1.3945004512207726
10597104,11,1,0.24447183310985565,8,8,1.4086551787081514
10597032,11,5,0.0782618522644043,7,13,2.547694994394033
10597184,14,3,0.10719089210033417,1,10,2.2331439957055035
10597040,9,5,0.12201211601495743,6,13,2.1036349275819393
10597103,11,3,0.11880803853273392,4,3,2.1302462099257737
10597036,11,5,0.07466835528612137,7,10,2.5946989006118066
10597185,10,3,0.13958123326301575,6,1,1.9691085299040392
10597041,11,9,0.0449700802564621,16,14,3.1017578935344003
10597088,12,4,0.08335565775632858,3,6,2.484638792589
10597029,14,1,0.2067704200744629,9,9,1.5761461829689547
10597190,10,3,0.17872732877731323,1,2,1.721893937466911
10597186,14,3,0.10126198828220367,1,8,2.2900441772173483
10597189,11,1,0.26735156774520874,3,3,1.319190753586603
10597187,15,4,0.13283737003803253,14,5,2.0186296806368085
10599869,10,4,0.1743449568748474,8,6,1.7467194315736454
10599843,9,3,0.17403873801231384,13,7,1.7484773722918134
10599868,10,1,0.39567023515701294,8,8,0.927174154150298
10599844,8,3,0.15943947434425354,1,3,1.8360908999705543
10599854,10,2,0.2034343034029007,9,11,1.5924121596223872
10599875,10,2,0.1884305775165558,7,1,1.669025628965974
10599846,5,1,0.3922114968299866,5,5,0.9359540519575694
10599857,10,1,0.2934850752353668,6,6,1.2259284919937663
10599873,10,2,0.16736330091953278,4,1,1.7875883748325125
10599847,9,4,0.13852143287658691,10,9,1.976730215315834
10599856,12,1,0.2484527975320816,8,8,1.392502401057246
10599874,9,7,0.06280185282230377,4,3,2.767770702403336
10599855,11,2,0.18228986859321594,11,1,1.70215717430423
10599841,8,3,0.18309463560581207,2,4,1.6977521253506695
10597927,7,1,0.3485029935836792,7,7,1.0541084589083247
10599872,10,10,0.036643777042627335,5,7,3.306511659264579
10599851,11,4,0.1205267533659935,5,1,2.1158835310593385
10600815,7,1,0.26340240240097046,2,2,1.3340723689819363
10597923,11,2,0.19156233966350555,3,1,1.6525419898450762
10599876,10,5,0.09519609808921814,5,8,2.351816324482578
10599852,9,3,0.169725701212883,3,8,1.773571667338044
10599845,8,1,0.2906026542186737,2,2,1.2357983943065447
10597925,11,2,0.18145237863063812,9,6,1.7067620363947165
10599853,10,3,0.1473851501941681,1,13,1.914706049253384
10599871,10,1,0.18464961647987366,9,9,1.6892952146969666
10599842,10,3,0.1428510844707489,7,8,1.9459525586593456
10597924,14,1,0.39090555906295776,4,4,0.9392892850948936
10599858,13,2,0.14350193738937378,3,5,1.9414067429023527
10599870,10,1,0.2649039924144745,2,2,1.3283878114153658
10597928,13,8,0.02277580089867115,3,8,3.7820566707608396
10597930,9,5,0.13497744500637054,8,7,2.0026475885290123
10597926,12,6,0.05798092111945152,1,5,2.8476412687667447
10597929,14,12,0.03311213105916977,1,6,3.40785556648695
10599828,11,6,0.055908869951963425,1,9,2.884032236060502
10599831,10,9,0.04107242450118065,13,6,3.1924183193696423
10599829,13,7,0.024462297558784485,6,11,3.710622221867635
10605190,7,2,0.22676412761211395,6,3,1.4838448871334258
10599830,14,1,0.28451022505760193,1,1,1.256986085613081
10605191,9,2,0.22340932488441467,3,5,1.4987496524642872
10606068,5,1,0.3921312689781189,1,1,0.936158625405926
10599832,13,7,0.06338287889957428,6,12,2.7585615029113413
10605150,9,4,0.0913563072681427,6,10,2.392987953460696
10605192,8,2,0.2142949104309082,2,1,1.5404021265237478
10606064,5,4,0.19617918133735657,5,3,1.6287268468725329
10599833,13,2,0.19011719524860382,3,7,1.660114579877213
10605152,8,2,0.2082471251487732,2,1,1.569029802838284
10605186,8,6,0.07528884708881378,1,10,2.5864232681764685
10605227,7,3,0.1995789110660553,4,8,1.6115455766684468
10606066,6,1,0.5009608864784241,10,10,0.6912272518463128
10605187,10,1,0.28839367628097534,4,4,1.2434288007154326
10605228,11,5,0.09209823608398438,17,3,2.3848994880868615
10606069,4,2,0.3187940716743469,3,2,1.143209927990715
10605230,7,2,0.2040172666311264,3,4,1.589550648371054
10605189,10,4,0.08144381642341614,1,10,2.5078418654972534
10606062,4,1,0.3288924992084503,2,2,1.1120243317375098
10599837,12,9,0.046116091310977936,2,13,3.076593337585245
10605231,9,3,0.18837323784828186,5,8,1.6693299765674494
10605147,14,3,0.0998009592294693,3,1,2.3045774841931808
10605185,8,2,0.19143296778202057,4,5,1.6532175693307278
10606065,7,3,0.2103716880083084,1,3,1.5588793698711083
10605233,12,2,0.16880303621292114,2,1,1.7790227099386735
10605148,12,4,0.09070637077093124,2,1,2.4001276842954438
10605193,9,5,0.09000304341316223,6,2,2.4079117935218073
10605229,14,14,0.045594651252031326,8,10,3.087964866446216
10606067,7,4,0.117424875497818,2,10,2.141956507339447
10600039,9,6,0.060687355697155,5,7,2.8020199107351917
10605149,14,14,0.022797469049692154,5,9,3.781105755775879
10605194,10,3,0.13242985308170319,12,11,2.0217021844473138
10605232,13,6,0.06543470919132233,6,7,2.726702439722021
10606063,7,6,0.10506485402584076,8,4,2.25317746210747
10600040,7,2,0.17542438209056854,2,1,1.7405472002067301
10605154,10,2,0.1860784888267517,12,8,1.6815867113391716
10605226,12,7,0.06180320307612419,11,5,2.7838000861508574
10605188,12,3,0.1348665952682495,5,9,2.00346917231677
10600041,13,5,0.07736225426197052,4,9,2.5592562883706207
10600034,10,1,0.3264458477497101,1,1,1.1194912008370033
10600035,11,1,0.2905729115009308,2,2,1.2359007479481057
10600037,12,3,0.13742588460445404,2,4,1.984670528258102
10605129,7,1,0.20879210531711578,4,4,1.5664162334723895
10605125,9,4,0.14637786149978638,6,7,1.9215639081534657
10605093,9,2,0.2291550189256668,4,1,1.4733565659074122
10605270,15,1,0.2254943698644638,4,4,1.489460087692717
10605126,14,4,0.09333375096321106,1,3,2.3715734898851752
10605091,12,1,0.1935039907693863,9,9,1.6424571425937797
10605276,14,9,0.06384953111410141,8,11,2.751226040084172
10605346,10,1,0.23825180530548096,11,11,1.434427159118796
10605128,11,5,0.0634860172867775,5,1,2.756935597539345
10608784,7,3,0.1665293127298355,8,11,1.7925839326256048
10605284,14,4,0.11197391152381897,2,1,2.189489367643151
10608730,10,5,0.08846502751111984,6,5,2.4251479744341204
10605175,10,8,0.06404827535152435,7,3,2.74811817759795
10605087,9,3,0.12940068542957306,7,1,2.0448415999465754
10605275,10,2,0.21447764337062836,4,5,1.5395497727564038
10608643,10,2,0.28481557965278625,3,4,1.2559133971034864
10605343,10,2,0.16057227551937103,9,4,1.8290111230108943
10608677,6,1,0.49606236815452576,1,1,0.7010536179150755
10605286,15,1,0.20369017124176025,1,1,1.5911552080585167
10608691,11,5,0.049180567264556885,10,3,3.0122567078043923
10605127,14,13,0.00892805028706789,4,13,4.71855724084696
10605094,8,6,0.10199027508497238,1,3,2.2828778125474245
10608617,12,3,0.09401024132966995,2,3,2.36435155233115
10608644,10,5,0.043006666004657745,1,7,3.146400151939321
10608671,10,1,0.20825877785682678,1,1,1.5689738482504976
10605285,13,2,0.1263384371995926,5,11,2.0687909633871033
10608794,8,2,0.1705826073884964,1,2,1.7685355987788915
10608692,11,1,0.28862419724464417,2,2,1.2426297926205039
10605130,13,2,0.15176533162593842,2,9,1.8854198220145415
10608726,8,1,0.3135177791118622,1,1,1.1598992088366271
10605088,11,5,0.08622399717569351,4,7,2.4508067505464535
10608611,14,6,0.03759201243519783,3,4,3.280963686387949
10605273,11,7,0.040582332760095596,5,11,3.2044224607735203
10608649,8,1,0.34111127257347107,3,3,1.0755465423948023
10605347,15,2,0.1111186221241951,2,3,2.197156980503181
10608672,5,2,0.23599551618099213,5,8,1.443942473370099
10605280,11,5,0.08072366565465927,4,7,2.516723491992414
10608787,8,3,0.1606130748987198,4,7,1.8287570679643916
10608693,10,4,0.12690968811511993,2,1,2.0642795626910964
10605131,15,2,0.1569807082414627,5,4,1.851632358626793
10608729,14,2,0.23727937042713165,1,5,1.4385170538869503
10605168,10,5,0.12737567722797394,7,6,2.0606144706488765
10605090,14,3,0.10938654839992523,8,1,2.2128673545073565
10608612,12,3,0.15846146643161774,9,11,1.8422438292179024
10605272,13,3,0.13178861141204834,8,9,2.026556068749945
10608650,9,2,0.22115783393383026,2,4,1.5088786516739945
10605340,11,2,0.2008991688489914,11,16,1.6049521443077286
10608673,13,1,0.19217081367969513,10,10,1.6493706478806878
10605287,14,8,0.05460154265165329,3,8,2.907693142937122
10608792,10,2,0.21257320046424866,5,1,1.5484688771618547
10608694,9,4,0.10890655964612961,12,11,2.217265015355658
10605132,14,2,0.11188551783561707,7,10,2.1902790926330598
10608728,9,6,0.06981411576271057,4,7,2.6619190581023973
10605169,13,11,0.040801312774419785,12,7,3.19904102224603
10605437,9,1,0.17288541793823242,5,5,1.755126227974292
10608613,11,7,0.08879648894071579,9,5,2.421408168721601
10605278,13,1,0.2783602476119995,2,2,1.2788391494671583
10608645,8,6,0.09574802219867706,6,7,2.346035307023208
10605675,13,4,0.12441576272249222,1,10,2.084126396716211
10605341,14,1,0.20670561492443085,5,5,1.5764596480555726
10608674,9,5,0.09730604290962219,2,3,2.32989418576161
10605281,13,4,0.11629074811935425,2,6,2.1516617744761546
10608783,8,1,0.27096644043922424,1,1,1.3057603017883717
10608695,9,4,0.17449530959129333,2,10,1.745857416833895
10608724,13,1,0.19159582257270813,1,1,1.652367216539492
10605171,14,6,0.07489077001810074,1,4,2.5917246267854614
10605438,7,3,0.23080837726593018,1,6,1.4661674483607552
10608614,13,6,0.07679720968008041,7,6,2.566586971779164
10605274,13,1,0.1590946614742279,7,7,1.8382558987316704
10608646,9,1,0.3956834673881531,2,2,0.9271407121354346
10605672,9,5,0.14125221967697144,4,8,1.9572081945518272
10605344,12,1,0.18908937275409698,12,12,1.6655355039762918
10605279,12,2,0.1322847604751587,2,6,2.0227984036482467
10608696,10,1,0.27864348888397217,5,5,1.2778221318860263
10605576,10,1,0.2904577851295471,1,1,1.2362970312204284
10608725,10,6,0.07813237607479095,8,2,2.5493507616249453
10605173,14,4,0.09786217659711838,1,11,2.324195151419618
10605439,11,3,0.18966354429721832,4,6,1.662503596064247
10608615,13,11,0.04635877534747124,3,8,3.071344677005503
10605277,15,2,0.13146860897541046,3,12,2.0289871708771723
10608647,12,11,0.03042571060359478,8,6,3.4924672844702056
10605668,10,6,0.10748811811208725,2,9,2.2303749667131068
10605345,16,7,0.05874834582209587,9,16,2.8344922825739074
10605282,11,5,0.07822015136480331,5,12,2.5482279745402603
10608698,8,3,0.17005972564220428,8,5,1.7716055763257785
10605571,8,4,0.16705743968486786,4,2,1.7894175754939057
10608731,11,6,0.0959600880742073,12,8,2.3438229231889793
10605170,13,8,0.0672268271446228,4,9,2.699682897655877
10605441,5,1,0.2952381372451782,4,4,1.219973003390332
10608616,14,3,0.09319110959768295,5,8,2.3731029524233636
10608648,12,2,0.1158808097243309,3,4,2.1551931184946747
10605269,14,3,0.1454070508480072,2,1,1.928218222293618
10605348,13,2,0.12701061367988586,11,10,2.0634846237329487
10605283,10,8,0.05187764763832092,3,10,2.9588672629227046
10605669,16,8,0.06516244262456894,9,13,2.7308720093859957
10608727,16,9,0.05548644810914993,1,19,2.8916164662596167
10605572,10,4,0.11028420180082321,1,6,2.2046945923479555
10605174,13,3,0.10538666695356369,5,3,2.250119150368416
10608623,10,3,0.11934979259967804,2,8,2.1256966639476302
10605440,6,3,0.17258276045322418,3,4,1.756878386820579
10605670,10,6,0.07187316566705704,8,10,2.6328523013442817
10605573,8,4,0.13619214296340942,1,7,1.9936885744240354
10608624,8,1,0.2194252461194992,1,1,1.5167436688479858
10605435,9,3,0.1596067249774933,6,8,1.8350424584036849
10605671,14,6,0.07502275705337524,13,6,2.589963784092267
10608618,6,2,0.22326785326004028,2,4,1.4993830926131324
10605575,10,5,0.11470247805118561,6,8,2.165413650449102
10605673,16,1,0.19814355671405792,12,12,1.6187634770883284
10605574,10,7,0.04533210024237633,2,5,3.0937398828199525
10608619,10,1,0.23638196289539337,1,1,1.442306295449978
10605674,13,2,0.19530493021011353,8,6,1.6331931971267197
10608620,9,1,0.2678443193435669,6,6,1.3173493652296409
10608622,11,4,0.14953269064426422,3,2,1.9002402435386165
10608625,7,4,0.14631931483745575,1,4,1.9219639575413285
10605104,7,2,0.20300783216953278,5,7,1.5945107185686953
10605116,7,5,0.13338880240917206,6,5,2.0144870889849984
10605107,7,3,0.17968350648880005,4,3,1.7165582729954234
10605117,5,1,0.26322850584983826,6,6,1.334732780494926
10605100,10,1,0.16830076277256012,3,3,1.7820026455760387
10605203,9,3,0.19926556944847107,6,7,1.6131168240962426
10605118,6,4,0.10810469835996628,7,4,2.2246550921920476
10612812,5,5,0.09629324823617935,4,7,2.340357074409841
10608679,6,5,0.09603298455476761,1,4,2.34306355741536
10605101,14,2,0.11635871976613998,11,2,2.1510774477692207
10612808,7,2,0.21518173813819885,2,7,1.5362723142479247
10605122,7,3,0.17318618297576904,3,4,1.7533880610026855
10608859,6,1,0.29648610949516296,9,9,1.2157549098874263
10605102,12,1,0.15464314818382263,9,9,1.8666350861424763
10605119,10,2,0.1828109472990036,5,1,1.6993027349991905
10612809,6,3,0.16662593185901642,4,1,1.792003907946666
10608686,9,3,0.1776881366968155,2,9,1.7277253063381375
10608860,4,1,0.4295392334461212,1,1,0.8450421949401188
10608657,10,1,0.4233440160751343,6,6,0.8595701536928507
10605196,12,7,0.048553965985774994,2,1,3.025079398893707
10605105,10,1,0.3437592387199402,6,6,1.067813754086327
10608599,12,1,0.39371392130851746,3,3,0.9321307214632474
10608702,11,1,0.5871519446372986,2,2,0.532471643182495
10605515,7,1,0.25301092863082886,2,2,1.3743225950182605
10605120,8,6,0.060930222272872925,1,5,2.7980259667245653
10608863,7,1,0.4497924745082855,1,1,0.7989689703476927
10608658,12,4,0.11672557145357132,1,2,2.1479296424115146
10605197,6,2,0.2472262680530548,1,5,1.3974512966934995
10605106,9,8,0.030113501474261284,1,5,3.5027816538353935
10608703,12,2,0.19976234436035156,10,7,1.6106268971946647
10605121,12,5,0.09059765189886093,3,8,2.401326983500176
10605516,5,1,0.32967251539230347,2,2,1.1096554948533526
10612811,8,1,0.3658291697502136,2,2,1.0055888038584957
10608683,11,3,0.1496514081954956,3,1,1.8994466348012364
10608862,10,1,0.2343018800020218,2,2,1.4511449095909679
10605103,9,4,0.10916605591773987,4,1,2.2148851072372477
10605204,12,5,0.08168090879917145,1,7,2.504934978851049
10608601,7,1,0.3598768413066864,7,7,1.0219934135455224
10605517,6,2,0.29572317004203796,3,5,1.218331498608918
10608705,12,1,0.294852614402771,1,1,1.2212796596840714
10605115,11,3,0.11039514094591141,5,4,2.2036891592788423
10612813,7,1,0.43431755900382996,9,9,0.8339793096718948
10608678,9,4,0.12799637019634247,2,1,2.0557533733056856
10608864,7,3,0.16786621510982513,1,9,1.7845879554569144
10605200,13,6,0.0732206255197525,2,6,2.614278128308886
10608602,11,3,0.10139761120080948,1,10,2.2887057462799736
10605518,6,5,0.11783259361982346,2,5,2.1384903599585843
10608704,11,3,0.1271423101425171,11,2,2.0624482675703852
10608740,8,1,0.2503751218318939,1,1,1.3847949983985939
10612810,7,2,0.23303447663784027,2,4,1.456568867959933
10608682,10,2,0.18606655299663544,1,4,1.6816508574584474
10608865,10,4,0.1421097069978714,3,4,1.9511559351785968
10608661,10,8,0.04601035267114639,1,5,3.07888884974641
10605198,13,9,0.053717195987701416,1,9,2.924022105493172
10608604,9,7,0.06844007223844528,3,8,2.681796774458332
10605519,6,2,0.22724078595638275,1,6,1.4817450925930544
10608699,12,10,0.03657540678977966,3,9,3.308379210065901
10608741,9,2,0.282297819852829,2,8,1.264792666555104
10612816,5,5,0.1289576292037964,7,12,2.048271384358405
10608681,10,5,0.12606927752494812,9,13,2.0709237015006154
10608866,9,3,0.1462254822254181,8,2,1.9226054498269376
10608655,9,5,0.096129409968853,5,6,2.342059974769364
10605201,12,8,0.07063869386911392,3,2,2.6501772128189547
10605520,6,6,0.09992679953575134,2,4,2.303317365682746
10608605,14,5,0.08278968930244446,3,7,2.4914517506776424
10608700,12,1,0.17539910972118378,7,7,1.7406912747628436
10608742,9,1,0.26388293504714966,1,1,1.3322497020307298
10612815,9,9,0.03650202602148056,11,15,3.3103875124963484
10608685,9,2,0.17378365993499756,2,8,1.749944087055151
10608858,10,1,0.30645328760147095,7,7,1.1826899410887832
10608662,11,1,0.2707023024559021,2,2,1.306735576835061
10608603,9,7,0.058632995933294296,3,11,2.836457670329869
10608701,12,11,0.0302598737180233,3,14,3.4979327438618544
10608736,9,2,0.230027437210083,1,5,1.4695566849559403
10608656,12,5,0.07329259067773819,11,12,2.613295757357774
10608737,10,3,0.1408747434616089,5,3,1.9598841276594616
10608738,10,4,0.08706434816122055,1,9,2.4411077996849904
10608739,14,2,0.14014965295791626,4,1,1.9650444775933407
10608849,9,5,0.09373272955417633,1,10,2.367307849190639
10608636,6,3,0.21694521605968475,4,3,1.528110417869656
10609019,9,6,0.10283265262842178,5,4,2.274652343823422
10608637,6,1,0.3879619240760803,2,2,0.9468480779988376
10609020,9,2,0.2528396248817444,1,2,1.374999884998249
10608638,8,4,0.13906382024288177,8,11,1.9728223127852473
10612454,10,1,0.24403144419193268,5,5,1.4104581923528454
10609021,10,2,0.21556855738162994,1,4,1.5344762883301952
10612456,10,2,0.28214558959007263,11,1,1.2653320661260816
10608639,10,1,0.5702634453773499,3,3,0.5616568400555274
10609022,7,5,0.11541339010000229,2,7,2.1592348995769255
10608852,4,2,0.35356733202934265,2,3,1.0396813392814168
10612455,11,8,0.04532385990023613,2,9,3.093921676540959
10608641,11,6,0.09500923752784729,8,5,2.353781154973585
10609024,9,6,0.09103917330503464,5,10,2.396465389213945
10608854,9,3,0.15093638002872467,12,11,1.890896855262321
10612457,12,1,0.24293483793735504,9,9,1.4149620282384072
10608640,12,1,0.2512187659740448,6,6,1.3814311418677083
10609023,8,1,0.3755781352519989,7,7,0.9792887461965661
10612458,11,1,0.22117339074611664,5,5,1.5088083115694537
10608847,12,5,0.07635798305273056,2,15,2.5723226941359494
10608635,9,1,0.23131965100765228,3,3,1.4639547543926685
10609018,9,1,0.18688912689685822,6,6,1.6772397422596843
10612459,11,3,0.1316646933555603,4,5,2.027496790034393
10608848,12,8,0.05364930257201195,2,16,2.925286809579637
10612447,8,1,0.3162377178668976,2,2,1.151261076479088
10612529,10,1,0.2392473667860031,8,8,1.4302572548287504
10612613,10,1,0.29168644547462463,3,3,1.2320758705359778
10612442,8,4,0.14587385952472687,3,7,1.9250130065740896
10612431,6,1,0.47339126467704773,1,1,0.7478330343812284
10612526,14,3,0.11653467267751694,4,13,2.149566430706793
10612607,12,2,0.22455008327960968,1,10,1.4936565085751135
10612445,6,4,0.1138860434293747,1,8,2.17255694958053
10612432,9,3,0.26197531819343567,3,1,1.3395049850272107
10612531,9,2,0.23017184436321259,8,14,1.4689290996308366
10612608,7,1,0.33396244049072266,10,10,1.0967267459494099
10612444,7,1,0.5042245388031006,9,9,0.6847335966242258
10612530,14,2,0.11464067548513412,5,14,2.1659526032505663
10612434,5,1,0.39543119072914124,2,2,0.9277784873680753
10612609,10,1,0.3660537302494049,7,7,1.004975152395295
10612533,10,1,0.28337597846984863,8,8,1.2609807172451917
10612446,10,10,0.03097209334373474,3,2,3.474668694651833
10612433,9,2,0.24385496973991394,7,6,1.4111816167183362
10612611,14,2,0.16850320994853973,3,4,1.7808004792314707
10612527,12,3,0.1400929093360901,1,11,1.9654494383683003
10612440,12,5,0.12572364509105682,2,5,2.073669073748479
10612435,6,1,0.22297750413417816,5,5,1.5006843909326495
10612528,11,4,0.12977127730846405,2,9,2.0419817834174174
10612610,14,3,0.12204193323850632,2,11,2.1033905782356492
10612443,12,2,0.1397174596786499,14,6,1.9681330407243234
10612429,5,2,0.41770341992378235,4,2,0.8729836200004771
10612532,11,1,0.1892184615135193,8,8,1.6648530504147239
10612612,14,10,0.04503335431218147,5,11,3.100351856832652
10612441,10,6,0.09053861349821091,7,10,2.401978850784855
10612534,12,4,0.11301711946725845,2,7,2.1802159720344667
10612430,7,7,0.042226459830999374,6,9,3.16470824421569
10621792,11,7,0.02641555480659008,12,7,3.6338022451190763
10621793,14,5,0.07146833837032318,8,9,2.638500747351383
10622299,8,2,0.2477000504732132,4,2,1.39553673871933
10621817,6,3,0.1998978555202484,3,1,1.6099487652959648
10621806,7,1,0.21268399059772491,1,1,1.547947827132313
10622300,6,2,0.22391295433044434,1,4,1.4964978993894638
10621818,10,1,0.3156033456325531,1,1,1.1532690892030037
10621800,7,2,0.236027792096138,10,7,1.4438057177708299
10622293,7,4,0.12247934192419052,3,9,2.0998129005717794
10621819,7,1,0.24741916358470917,1,1,1.3966713621015887
10621801,12,1,0.3092321455478668,15,15,1.173663004063828
10622294,6,4,0.13247905671596527,1,4,2.0213307085700736
10621967,11,2,0.2535445988178253,3,8,1.372215539204939
10621802,9,3,0.13900695741176605,10,11,1.9732312937820131
10622297,11,8,0.029934505000710487,1,5,3.5087434505454316
10621823,9,1,0.26202329993247986,7,7,1.3393218481351712
10621963,12,1,0.3012832999229431,5,5,1.1997042611229787
10621803,12,1,0.2091313749551773,6,6,1.5647926361939182
10622295,5,5,0.12389775365591049,4,3,2.0882986208107464
10621821,8,2,0.2283933460712433,6,4,1.4766859344125514
10621964,9,8,0.06830339133739471,5,4,2.6837958600891185
10621805,12,8,0.06328129023313522,13,4,2.7601655664585487
10622298,9,4,0.09120873361825943,8,2,2.394604623128761
10621816,9,1,0.1913420557975769,13,13,1.6536925845775583
10621804,13,7,0.07621417194604874,6,11,2.574207850038385
10622296,8,4,0.09851344674825668,1,4,2.3175622249107195
10621822,10,7,0.07885445654392242,8,1,2.540151447906801
10621965,12,9,0.04535960406064987,5,7,3.0931333484223886
10621962,12,1,0.2621191442012787,9,9,1.3389561297281245
10621966,11,3,0.11258654296398163,4,5,2.184033082283831
10621968,12,4,0.13080525398254395,2,7,2.034045672703491
10625621,7,3,0.18785977363586426,5,1,1.6720594793783576
10625622,6,1,0.2583234906196594,6,6,1.3535426398498795
10625620,5,3,0.1865958571434021,4,2,1.6788101926192045
10625616,13,4,0.13332298398017883,2,1,2.014980643703523
10625617,10,6,0.08039422333240509,5,6,2.520812954477926
10625619,9,7,0.07518606632947922,2,1,2.587789353366136
10625623,11,11,0.019446266815066338,5,9,3.9401001648687695
10625657,4,4,0.03505197539925575,4,5,3.3509233076244587
10625650,8,1,0.49510350823402405,4,4,0.7029884307298989
10625687,11,1,0.37184056639671326,4,4,0.9892901015328442
10625618,9,1,0.2548203766345978,1,1,1.3671963873882482
10625659,6,5,0.06661438196897507,1,5,2.7088347792685563
10625688,14,2,0.19227944314479828,7,8,1.6488055320246529
10625652,11,1,0.36812645196914673,4,4,0.9993287803554824
10625660,8,3,0.12541763484477997,1,4,2.0761060319243603
10622411,7,2,0.24419966340065002,4,1,1.4097690956821993
10625685,14,4,0.13034427165985107,1,10,2.0375760854075438
10625658,8,1,0.2643113434314728,4,4,1.330627539520752
10625689,12,12,0.036211349070072174,13,7,3.3183826990614844
10622414,10,1,0.33279308676719666,5,5,1.10023434318595
10625661,9,2,0.20605695247650146,1,6,1.5796026800703515
10625655,9,1,0.23024669289588928,1,1,1.4686039670513291
10625686,11,3,0.176335409283638,1,10,1.7353673629861734
10625656,11,6,0.07044786214828491,2,7,2.6528823867574336
10625691,13,12,0.031596589833498,9,14,3.454706080874148
10625651,10,7,0.0427275113761425,2,9,3.1529122716929217
10622407,8,2,0.22001680731773376,4,2,1.5140513386490801
10622409,11,4,0.1341613084077835,5,2,2.008712408922436
10622412,11,2,0.21250131726264954,2,1,1.548807091753822
10622408,12,2,0.12843427062034607,9,10,2.052338018196235
10629827,10,1,0.3246704339981079,7,7,1.1249446603847633
10629813,13,1,0.3020516633987427,13,13,1.197157205381454
10629871,11,2,0.26303747296333313,3,1,1.3354587742037594
10629858,10,7,0.06648294627666473,1,11,2.7108098111759227
10626809,10,3,0.15000127255916595,1,4,1.8971115011940949
10629873,12,2,0.22630171477794647,11,1,1.4858861489168844
10629859,9,1,0.2733919620513916,1,1,1.2968487550828087
10629829,9,3,0.182900071144104,11,9,1.6988153346072408
10626812,7,2,0.21584241092205048,1,5,1.533206716634878
10629818,14,1,0.2587595582008362,6,6,1.3518559951782065
10629872,11,1,0.2947833240032196,2,2,1.221514687420195
10629860,9,1,0.360402375459671,3,3,1.0205341620941182
10629825,7,2,0.2570556700229645,8,2,1.3584626026691837
10626807,9,3,0.10852894186973572,8,10,2.22073839622865
10629814,9,1,0.1969725340604782,6,6,1.6246909809769623
10629867,8,2,0.36134737730026245,2,11,1.0179155193388132
10629861,10,2,0.2083558589220047,4,10,1.5685078009330742
10629828,9,1,0.36796554923057556,1,1,0.9997659614167401
10629819,12,5,0.09208855777978897,8,9,2.3850045803576077
10629868,7,1,0.2655053436756134,4,4,1.326120311664217
10629862,10,4,0.17901988327503204,9,2,1.7202583995614982
10629823,9,2,0.17740212380886078,2,1,1.729336237313265
10626814,9,2,0.2325104922056198,4,1,1.4588199272068463
10629815,12,3,0.12415548413991928,11,2,2.086220594504433
10629869,10,1,0.22230269014835358,1,1,1.503715356653118
10629856,12,6,0.0842859074473381,6,15,2.473540599392232
10629822,8,3,0.14207646250724792,1,2,1.9513898979420417
10626808,8,1,0.2655758857727051,1,1,1.3258546570200873
10629816,14,5,0.08816517889499664,9,10,2.4285431910311694
10629874,9,2,0.189234659075737,2,1,1.6647674516372457
10629857,11,3,0.1699814647436142,1,7,1.7720658787960946
10629824,9,4,0.12017585337162018,3,1,2.1187991641528905
10626810,13,2,0.15835747122764587,2,9,1.8429003253760883
10629817,12,5,0.07440599799156189,2,9,2.5982187222264064
10629870,12,6,0.062185999006032944,4,15,2.7776254009410226
10625849,11,2,0.13825756311416626,6,2,1.9786369340060967
10629826,11,10,0.037916816771030426,2,7,3.272360551030616
10626813,11,4,0.10352164506912231,1,2,2.267974557038943
10625850,9,2,0.16230063140392303,3,1,1.8183049141184318
10625851,11,3,0.16662606596946716,6,2,1.7920031030875707
10625853,12,6,0.05321328714489937,6,4,2.933447155456196
10625848,12,11,0.018340177834033966,6,11,3.998661115688617
10629765,11,2,0.18676340579986572,1,4,1.6779126728073746
10629766,6,1,0.3291803300380707,5,5,1.1111495627600263
10629796,13,7,0.0789356380701065,1,2,2.539122466543356
10633854,6,2,0.24530288577079773,9,5,1.40526156353578
10633709,8,1,0.2719806432723999,8,8,1.3020243796581548
10629761,12,3,0.10231947153806686,3,5,2.27965528652095
10629793,16,1,0.15467406809329987,6,6,1.8664351625174522
10629916,9,2,0.16375218331813812,10,2,1.8094010713151245
10629900,12,9,0.02988002821803093,3,11,3.510564974339421
10633851,10,1,0.3104994595050812,1,1,1.1695731183344948
10633712,7,3,0.16863948106765747,5,1,1.7799920907943492
10629760,13,3,0.09342553466558456,2,10,2.3705905806878746
10633675,6,2,0.3077838718891144,5,2,1.1783574569712534
10629899,12,7,0.054100602865219116,5,9,2.916909949657241
10633850,7,3,0.16309161484241486,2,5,1.8134431818207593
10633714,12,2,0.19269733130931854,3,6,1.6466345525974204
10629833,10,3,0.1318558007478714,5,2,2.026046372096584
10629764,9,3,0.14125120639801025,3,7,1.9572153681211908
10633762,12,1,0.37243062257766724,1,1,0.9877045066225016
10629799,9,2,0.17323695123195648,5,6,1.7530949613130993
10633676,8,1,0.20194895565509796,3,3,1.5997403082903798
10629904,9,2,0.18668019771575928,5,2,1.6783582987851666
10633849,9,2,0.19406619668006897,5,8,1.6395559581207582
10633713,7,6,0.09224797785282135,4,6,2.383274916596373
10629762,14,3,0.09582194685935974,4,1,2.345263529852542
10629832,8,2,0.15489576756954193,1,4,1.8650028555637157
10629797,12,1,0.23240040242671967,1,1,1.459293522393489
10633677,11,7,0.03204159066081047,13,8,3.440720511921594
10633852,9,1,0.2165585309267044,5,5,1.5298944173770448
10633710,10,7,0.07332934439182281,8,13,2.61279441743429
10629836,10,2,0.16390083730220795,1,9,1.8084936846291242
10629763,11,3,0.10349927842617035,12,9,2.268190638028839
10633757,12,3,0.19837406277656555,1,6,1.6176008246504898
10629801,11,1,0.19429835677146912,9,9,1.638360379806563
10629893,8,1,0.2098560333251953,1,1,1.5613335389596688
10629921,9,6,0.0745021179318428,1,9,2.596927725385369
10633678,9,6,0.07181346416473389,3,8,2.633683297322525
10629898,9,2,0.1551489382982254,4,6,1.8633697311777075
10633933,6,2,0.2764189839363098,4,3,1.2858375066095906
10633848,8,2,0.1768079400062561,5,2,1.7326912202493494
10630306,13,2,0.14458638429641724,3,1,1.9338781348498533
10633717,10,10,0.03343158960342407,11,14,3.3982540294734838
10629838,14,6,0.07639405876398087,5,8,2.5718503507028667
10633758,12,2,0.12158683687448502,3,5,2.107126564696917
10629798,13,5,0.09322527050971985,9,10,2.3727364512350064
10630274,10,1,0.35544005036354065,6,6,1.0343986786609856
10629894,8,3,0.1569855660200119,2,7,1.8516014140384867
10629917,6,1,0.2949712872505188,1,1,1.2208772587334944
10633679,9,7,0.038266777992248535,6,8,3.2631731745639114
10629897,14,2,0.11691906303167343,13,9,2.146273352526989
10633855,9,1,0.3635503351688385,2,2,1.011837517953231
10633711,10,1,0.23396731913089752,3,3,1.452573835211829
10629830,11,6,0.10153763741254807,5,3,2.2873257372877673
10633934,6,1,0.36130043864250183,2,2,1.0180454267620174
10633759,12,4,0.12253618985414505,7,11,2.099348865246655
10629794,9,8,0.04366450384259224,4,8,3.131219775998077
10630278,8,2,0.1965305209159851,1,3,1.6269375370064876
10629913,10,1,0.2932221293449402,2,2,1.2268248365621603
10633680,12,4,0.09786181151866913,7,5,2.3241988819633574
10629902,15,15,0.024504540488123894,14,12,3.708896852556333
10633935,6,3,0.1819993108510971,1,2,1.7037523784449442
10633846,9,4,0.13486510515213013,4,5,2.003480221193243
10633715,11,4,0.09605881571769714,2,6,2.342794611390089
10629831,12,3,0.1189633160829544,2,5,2.1289401016054867
10633760,12,3,0.11699951440095901,2,10,2.1455854946121478
10629800,13,5,0.09903804957866669,16,8,2.312251163508479
10629889,11,2,0.14803744852542877,4,1,1.910290006647638
10630271,10,1,0.22091811895370483,2,2,1.5099631485893068
10629918,17,8,0.061062294989824295,3,1,2.795860706567383
10629903,14,1,0.17432516813278198,2,2,1.7468329413966408
10633936,4,2,0.20337340235710144,4,3,1.5927115691241833
10633853,10,5,0.09639274328947067,5,2,2.3393243572792786
10633700,7,3,0.16325466334819794,8,1,1.8124439455478427
10629835,14,1,0.2310159057378769,4,4,1.4652687148226846
10633761,11,6,0.07896963506937027,5,12,2.5386918666132443
10633716,10,1,0.24605149030685425,3,3,1.4022144547616315
10629795,15,7,0.06639346480369568,10,14,2.7121566489745645
10629891,5,1,0.3434176743030548,1,1,1.0688078632845308
10629915,13,3,0.1020297035574913,3,2,2.2824912967437063
10629901,12,1,0.183794766664505,4,4,1.6939355424555491
10633932,4,1,0.3329441547393799,2,2,1.0997805065508408
10630272,10,3,0.09332474321126938,1,6,2.3716700057387774
10633705,10,1,0.3111383020877838,3,3,1.1675177644063044
10629837,14,4,0.09238757193088531,9,10,2.381762812293323
10629890,10,1,0.32510653138160706,2,2,1.12360236149695
10630273,10,6,0.08103222399950027,6,9,2.5129083762676148
10633701,8,2,0.19338327646255493,4,6,1.6430811709398783
10629892,12,1,0.2252521514892578,1,1,1.4905348309776727
10630275,12,6,0.054471831768751144,5,2,2.9100715592048463
10633702,6,3,0.173648864030838,5,1,1.7507200415304796
10630276,11,6,0.06846582889556885,5,6,2.6814205064200065
10633706,9,5,0.07450591772794724,7,8,2.5968767241613286
10630277,12,1,0.21482689678668976,7,7,1.5379227063713945
10633703,10,2,0.22001118957996368,2,4,1.5140768721960816
10633704,7,6,0.07778139412403107,4,7,2.553853026475452
10633707,7,1,0.34463974833488464,3,3,1.0652556152404575
10629778,10,2,0.22735419869422913,2,1,1.481246130906152
10629849,6,1,0.3674919307231903,6,6,1.0010539177861175
10629780,9,3,0.1522100865840912,3,1,1.8824935638444507
10629842,10,1,0.3175744414329529,2,2,1.147043026924973
10633749,10,1,0.2857365608215332,3,3,1.2526850086589487
10633727,10,4,0.11320556700229645,10,5,2.178549935956759
10633802,8,1,0.25629931688308716,2,2,1.3614093109177035
10629843,8,4,0.0873609408736229,3,7,2.4377069969700167
10633691,7,2,0.22572210431098938,2,7,1.4884506632638819
10629775,14,2,0.16313521564006805,2,7,1.8131758782525744
10633765,6,2,0.31263720989227295,1,3,1.1627118345141607
10633803,13,1,0.24916473031044006,8,8,1.3896410337449396
10633825,8,1,0.2309233844280243,1,1,1.4656692926174704
10629844,8,2,0.21244631707668304,5,2,1.5490659480543594
10629776,12,1,0.15245352685451508,5,5,1.8808954713155368
10633689,7,3,0.24016062915325165,1,3,1.4264472913750184
10633742,13,2,0.23157787322998047,8,12,1.4628390765780663
10633733,8,5,0.08382376283407211,3,10,2.4790387456523035
10633804,12,6,0.0829322412610054,3,6,2.489731374946616
10629846,8,1,0.39650896191596985,1,1,0.9250566356003233
10629781,11,1,0.2324652224779129,6,6,1.4590146458832003
10633685,6,2,0.24632203578948975,1,2,1.4011155105839943
10633766,7,6,0.12397416681051254,7,5,2.0876820672545477
10633726,9,3,0.13079078495502472,5,6,2.03415629385504
10633806,8,2,0.19546915590763092,1,3,1.6323526822972065
10633821,5,1,0.307697057723999,3,3,1.1786395588578078
10629777,9,2,0.1358296424150467,4,1,1.99635380774307
10629845,8,1,0.22938884794712067,7,7,1.4723366894741428
10633943,11,2,0.2441769540309906,1,9,1.4098620950964431
10633686,8,1,0.3983711898326874,1,1,0.9203710705635157
10633747,14,7,0.07053948938846588,1,2,2.6515825928102132
10633768,11,5,0.08991742879152298,2,1,2.4088634876459065
10633732,11,10,0.04805925861001015,10,13,3.0353204751346627
10633805,9,6,0.09438052773475647,7,2,2.3604205011043127
10633824,6,1,0.2397034913301468,3,3,1.4283525722321584
10629847,9,7,0.07330029457807541,5,8,2.6131906512971237
10633940,13,1,0.5007352232933044,9,9,0.6916778140212796
10633688,7,3,0.24631267786026,1,9,1.4011535019352799
10633744,13,5,0.08662134408950806,10,11,2.4462090262356013
10633769,9,3,0.14552801847457886,1,5,1.9273866440736096
10633729,11,5,0.08408880978822708,1,3,2.475881779260248
10633808,12,12,0.027020370587706566,6,12,3.6111642312330146
10633953,12,1,0.3819541931152344,4,4,0.9624545908766425
10633822,9,1,0.260360449552536,4,4,1.3456882636219822
10629848,8,1,0.2910587191581726,2,2,1.2342302481176044
10633944,11,4,0.09899112582206726,10,4,2.312725071026224
10633687,7,4,0.14020812511444092,1,3,1.9646273523202378
10633748,10,8,0.031131647527217865,4,9,3.469530371829537
10633771,10,1,0.1637575626373291,2,2,1.809368221488468
10633734,9,6,0.08885422348976135,4,11,2.4207581904548294
10633952,12,4,0.12832164764404297,5,1,2.0532152948275777
10633807,14,1,0.22300158441066742,2,2,1.5005764025666872
10633823,12,7,0.07815122604370117,3,6,2.549109533898606
10633947,9,6,0.0818096324801445,6,9,2.5033602858252015
10633690,9,8,0.0415053516626358,1,13,3.1819329043333955
10633745,11,7,0.0836213082075119,6,16,2.4814569085036253
10633770,13,1,0.26668503880500793,12,12,1.321686946836727
10633731,9,3,0.1418164223432541,11,3,1.9532218581678644
10633809,10,3,0.12171350419521332,8,4,2.106085322160095
10633945,10,4,0.08993684500455856,1,3,2.4086475771456866
10633730,10,2,0.12800049781799316,12,6,2.055721125867011
10633946,11,11,0.02600599080324173,6,13,3.6494283519929342
10633957,12,8,0.02528037689626217,2,9,3.6777268009434865
10633939,10,5,0.0752561092376709,5,2,2.586858192765878
10633956,12,2,0.18753370642662048,8,12,1.6737966821192893
10633941,12,10,0.05655928701162338,4,10,2.872465863349806
10633955,11,3,0.153823584318161,7,1,1.8719488895953258
10637166,9,2,0.31523603200912476,1,4,1.154433612782085
10633621,7,1,0.41023722290992737,1,1,0.8910196941406283
10633694,6,1,0.4711911082267761,6,6,0.7524915173092783
10633870,7,1,0.37746554613113403,1,1,0.9742759829850803
10633615,11,1,0.5103442668914795,3,3,0.6726697478755956
10637161,12,6,0.07579269260168076,6,2,2.5797533946527014
10633696,6,2,0.2967950105667114,1,4,1.2147135785892726
10633867,7,4,0.16690059006214142,3,8,1.7903569128973413
10633617,9,1,0.27053794264793396,1,1,1.3073429219632449
10637162,12,1,0.30345508456230164,7,7,1.1925216709919058
10633871,8,1,0.17515504360198975,8,8,1.7420837338526372
10637160,7,3,0.17471981048583984,9,8,1.7445716710997208
10633619,11,5,0.10628712177276611,1,13,2.2416111508063365
10633699,10,2,0.16052569448947906,11,10,1.8293012589480193
10637158,12,4,0.09204668551683426,2,3,2.385459379373014
10633698,9,3,0.17280377447605133,8,6,1.755598579818033
10633864,7,1,0.2773580849170685,8,8,1.2824458823124034
10637165,9,8,0.04634843394160271,4,2,3.071567775208776
10633693,9,1,0.3197858929634094,5,5,1.1401035916146314
10637159,10,2,0.21020464599132538,6,7,1.5596737180655393
10633866,9,1,0.18771931529045105,4,4,1.6728074355670948
10637163,10,5,0.09189696609973907,5,1,2.387087263225949
10633695,9,1,0.25568240880966187,7,7,1.3638191952593781
10633869,12,1,0.2853511869907379,10,10,1.2540346222367806
10636993,7,4,0.11173011362552643,4,9,2.191669015458166
10636971,10,5,0.06882430613040924,6,10,2.676198309654715
10636968,8,3,0.20149311423301697,2,3,1.6020000707201527
10637192,12,3,0.13414064049720764,11,8,2.0088664734806776
10636972,10,4,0.11550597846508026,1,5,2.158432988757448
10636985,11,2,0.15807539224624634,6,11,1.844683193647236
10637191,11,4,0.08927709609270096,7,6,2.416010306721516
10637186,9,6,0.042966268956661224,11,12,3.147339913993222
10636990,9,8,0.07798391580581665,4,12,2.5512526811739944
10636973,8,3,0.15730701386928558,3,5,1.8495558807874592
10637187,12,7,0.05109690502285957,3,14,2.9740313506740645
10636987,14,11,0.03776571899652481,5,12,3.276353492697448
10636969,10,2,0.11924833804368973,4,6,2.126547086051351
10637190,11,4,0.11391566693782806,2,5,2.1722968680510926
10636992,9,3,0.1300152987241745,5,10,2.040103152956946
10636966,11,3,0.18777060508728027,11,2,1.6725342468908362
10637188,11,3,0.1476663500070572,2,4,1.912799942029145
10636986,9,3,0.15586011111736298,9,8,1.8587963976363784
10636967,8,2,0.2131696343421936,10,9,1.5456670248727753
10637189,10,2,0.14818593859672546,1,7,1.9092874518853231
10636970,12,1,0.19804614782333374,7,7,1.6192552056293348
10647805,8,4,0.11124971508979797,3,7,2.1959779189296467
10647806,9,2,0.2795506715774536,9,1,1.27457170916054
10647807,14,1,0.2578479051589966,1,1,1.3553853827803524
10647808,11,2,0.20776481926441193,13,2,1.5713485155912645
10647802,10,6,0.07016518712043762,2,1,2.656903000919662
10647887,6,6,0.043114811182022095,1,3,3.143888693990846
10647835,8,2,0.24688145518302917,7,4,1.3988469960917655
10647875,11,2,0.17134906351566315,3,8,1.7640524960066954
10647803,12,11,0.0400858037173748,3,12,3.216733029360803
10647824,7,2,0.23990295827388763,9,3,1.4275207779332864
10647833,9,4,0.13981159031391144,4,2,1.967459546224756
10647804,7,6,0.08139453083276749,6,7,2.50844719701755
10647825,10,2,0.19861575961112976,6,10,1.6163831769890284
10647831,7,6,0.0835053026676178,7,8,2.4828451441402737
10647809,12,5,0.08563277125358582,10,6,2.457687227352146
10647819,7,1,0.29367515444755554,3,3,1.2252810393591376
10647884,11,1,0.22126169502735138,7,7,1.5084091376103954
10647834,11,1,0.35107851028442383,11,11,1.0467454045040239
10647820,10,4,0.1015792042016983,6,2,2.286916447842341
10647890,12,3,0.0896417573094368,15,5,2.4119340261648525
10647832,9,2,0.243271604180336,1,4,1.413576747141066
10647941,11,1,0.24969352781772614,11,11,1.387521001865229
10647821,10,5,0.09999842941761017,2,7,2.3026007989412816
10647883,10,2,0.17563296854496002,13,19,1.7393588674254346
10647828,8,2,0.19062653183937073,7,6,1.6574390957740823
10647940,12,2,0.33280229568481445,1,4,1.1002066719674857
10647823,9,9,0.033354658633470535,2,16,3.4005578272165904
10647886,13,3,0.11877752840518951,3,4,2.1305030447840974
10647829,11,5,0.11207825690507889,2,1,2.188557929313091
10647822,9,2,0.2116953581571579,9,1,1.552607027594896
10647885,13,8,0.058620635420084,14,12,2.836668504111534
10647830,11,8,0.05578932911157608,1,12,2.8861726624421
10647936,9,6,0.09551528841257095,3,2,2.348468956218435
10647937,9,8,0.04950549080967903,7,5,3.0056716901112037
10647938,12,2,0.16306518018245697,7,3,1.8136052796854611
10647939,14,2,0.2008504718542099,8,2,1.6051945688930238
10634228,7,2,0.23660588264465332,3,1,1.44135946449819
10651037,7,5,0.11595571786165237,4,7,2.154546903329979
10634230,9,2,0.17095810174942017,4,3,1.7663367715107776
10634231,7,1,0.21811433136463165,1,1,1.5227358978708634
10651036,11,3,0.1550193578004837,2,1,1.864205280825498
10634227,5,2,0.23277434706687927,2,3,1.4576857622082373
10651032,8,5,0.11124065518379211,1,7,2.196059359811782
10634229,6,5,0.09947601705789566,5,3,2.30783869846511
10651029,9,3,0.15210840106010437,4,2,1.8831618474479768
10650709,8,5,0.128007709980011,5,9,2.0556647826576917
10634234,8,5,0.11131367832422256,5,7,2.1954031322569203
10651030,8,1,0.2718687653541565,7,7,1.3024358094328203
10650711,8,2,0.2661485970020294,6,2,1.3237004908331003
10634232,11,4,0.10740520805120468,4,5,2.2311466059861984
10650752,9,2,0.1684560477733612,3,2,1.7810804072904611
10650690,7,2,0.2894996106624603,2,1,1.2396013268319592
10651034,13,9,0.04344429448246956,2,1,3.136275748149112
10650704,9,1,0.3564316928386688,9,9,1.0316126624269786
10650756,10,7,0.0410187765955925,12,7,3.1937253513659773
10634233,11,9,0.0594601184129715,2,11,2.8224494699413882
10650686,7,1,0.2937992811203003,6,6,1.224858462078913
10651033,9,1,0.2272239476442337,8,8,1.4818191943259804
10650754,9,2,0.2237725704908371,1,7,1.4971250532125169
10650705,12,3,0.17675259709358215,8,5,1.7330042807146373
10634235,8,1,0.172371044754982,2,2,1.7581058887157859
10650687,6,3,0.22676615417003632,1,4,1.4838359503192646
10650751,10,3,0.2115488350391388,5,9,1.5532994086185603
10650706,9,3,0.167367622256279,6,2,1.787562555068354
10648678,8,1,0.4275704026222229,6,6,0.8496363196678973
10650691,8,6,0.07666020840406418,1,5,2.568372500483147
10650755,10,8,0.0394863560795784,5,7,3.231800082451683
10650707,12,1,0.3989579379558563,2,2,0.9188992863062124
10648672,10,1,0.334458589553833,7,7,1.0952422051228068
10650749,6,3,0.20012342929840088,6,7,1.6088209562986777
10650692,8,6,0.0935409888625145,3,7,2.3693555551931884
10648673,7,5,0.11530792713165283,2,4,2.160149101844493
10650710,10,2,0.17817938327789307,3,7,1.7249644649264462
10650750,7,5,0.11774492263793945,9,2,2.1392346668629454
10650689,8,2,0.1980782449245453,10,6,1.6190931499626329
10650753,12,5,0.10011766850948334,1,14,2.3014090996505225
10650708,11,5,0.09030044823884964,6,15,2.4046128546861394
10648674,7,5,0.1286401003599167,2,6,2.0507366933907414
10648675,15,2,0.17637959122657776,13,9,1.735116838097201
10648677,11,5,0.08688167482614517,6,11,2.443208145517481
10648676,11,1,0.22925296425819397,1,1,1.4729292376862178
10650696,8,2,0.18444781005382538,5,6,1.690388727854471
10650697,9,3,0.14722144603729248,1,3,1.9158173901114548
10655676,5,1,0.253663569688797,1,1,1.3717464187114587
10655777,8,2,0.2339211404323578,12,2,1.4527712271232807
10650701,11,3,0.16127489507198334,3,1,1.8246449471795552
10655710,6,5,0.06907382607460022,4,3,2.672579403255904
10655673,9,1,0.2221604287624359,3,3,1.5043555060141018
10655773,12,1,0.2737460434436798,6,6,1.295554451129647
10655639,9,1,0.393075168132782,5,5,0.9337544178887345
10650699,7,1,0.29179176688194275,1,1,1.2317148582265836
10655711,6,1,0.492923766374588,2,2,0.7074007489964499
10655576,7,3,0.1961117386817932,5,4,1.629070686878947
10655771,10,3,0.13159242272377014,1,8,2.028045839835455
10655633,8,3,0.12071501463651657,9,5,2.1143227622894947
10650700,9,1,0.23267950117588043,4,4,1.4580933037622266
10655571,11,2,0.2876425087451935,6,10,1.246036858962789
10655674,9,4,0.13218963146209717,7,2,2.0235177853355792
10655775,12,3,0.14416596293449402,14,2,1.936790122669459
10655634,7,3,0.25550535321235657,6,3,1.364511917650404
10655714,9,2,0.2310739904642105,6,7,1.4650173147071792
10655574,10,2,0.23291745781898499,11,6,1.4570711464683455
10655675,13,6,0.09399282932281494,3,13,2.3645367834217312
10655778,12,1,0.17769549787044525,5,5,1.7276838797055365
10655635,10,4,0.10807494819164276,3,5,2.224930327802669
10655568,7,1,0.20664428174495697,7,7,1.5767564096148143
10655669,13,1,0.17079298198223114,3,3,1.767303087568855
10655772,10,5,0.11480769515037537,13,6,2.1644967664165287
10655637,10,4,0.11730200797319412,7,13,2.1430034051981734
10655569,13,8,0.051095474511384964,2,11,2.9740593471153103
10655677,11,1,0.18208523094654083,2,2,1.703280399620386
10655774,11,2,0.18802548944950104,13,1,1.6711777431644237
10655636,11,1,0.3586059808731079,2,2,1.0255310395533443
10655573,12,1,0.19792252779006958,5,5,1.6198795986426908
10655670,12,2,0.13454881310462952,2,8,2.0058282230697606
10655779,12,1,0.19285060465335846,3,3,1.6458394589770546
10655638,12,6,0.07565920054912567,2,3,2.5815162261940925
10655572,8,2,0.16021612286567688,1,3,1.8312316073041097
10655671,10,2,0.23437002301216125,2,9,1.4508541176310428
10655776,12,3,0.11421747505664825,1,2,2.1696509719550185
10655611,11,10,0.018175823614001274,3,21,4.007662940825801
10655610,12,3,0.16080403327941895,1,14,1.8275688399683827
10655612,8,4,0.07961379736661911,7,6,2.5305678674008623
10655606,11,1,0.2033223658800125,3,3,1.5929625502326323
10655607,10,5,0.09894606471061707,2,9,2.3131803782083393
10655609,12,6,0.07809639722108841,4,5,2.549811353532308
10655590,9,4,0.0999361127614975,1,4,2.3032241695449946
10655588,12,1,0.2320423573255539,1,1,1.4608353493014439
10655593,13,4,0.1552649438381195,9,3,1.862622306194674
10655539,10,3,0.12742885947227478,2,1,2.060197035027346
10655586,13,1,0.23958665132522583,5,5,1.4288401266249449
10655682,11,7,0.08364231884479523,6,13,2.481205680693203
10655535,7,2,0.1863880753517151,1,5,1.6799243522120386
10655587,11,1,0.1733536422252655,8,8,1.7524215962540295
10655725,7,1,0.36505457758903503,4,4,1.007708408936597
10659061,7,3,0.08641454577445984,3,7,2.4485992634709866
10658863,10,2,0.3082590699195862,4,2,1.1768147134627358
10655624,13,1,0.21493670344352722,1,1,1.5374116967876692
10655592,9,1,0.25056329369544983,4,4,1.3840437209298517
10655684,8,3,0.18941938877105713,3,1,1.6637917340341926
10655839,11,9,0.05645785853266716,19,16,2.8742607858051406
10655721,8,1,0.22911866009235382,2,2,1.473515243287563
10659067,9,3,0.19198960065841675,8,5,1.6503140716586493
10655541,7,3,0.17747457325458527,2,7,1.7289279295977653
10658864,7,2,0.2845951020717621,6,7,1.2566878033417919
10655589,10,2,0.1318606734275818,1,2,2.026009418169256
10655683,8,1,0.30832603573799133,1,1,1.176597498294695
10655818,6,3,0.23732176423072815,4,3,1.4383384036452487
10655841,14,1,0.2082354724407196,6,6,1.5690857605571615
10658792,8,1,0.5437065958976746,9,9,0.6093455234017798
10655724,10,1,0.2387772649526596,4,4,1.4322241073868835
10659068,9,4,0.1332656592130661,4,5,2.0154107052943666
10655542,12,7,0.07022923976182938,5,6,2.65599053384731
10658857,9,3,0.19109772145748138,6,4,1.65497035110641
10655626,8,2,0.2744080424308777,1,2,1.2931390744094828
10655591,14,5,0.07806422561407089,2,8,2.5502233857961216
10655685,7,2,0.19340671598911285,9,4,1.6429599706656
10655816,9,7,0.06614863872528076,2,9,2.715850967237892
10655840,13,1,0.1604900062084198,4,4,1.8295236049649195
10658791,8,1,0.3646933138370514,8,8,1.0086985146586984
10655723,15,3,0.08860179781913757,14,5,2.4236031301645817
10659062,11,3,0.15924930572509766,1,2,1.8372843441933855
10655537,8,2,0.18173474073410034,1,9,1.7052071235396224
10658859,10,6,0.07426731288433075,4,1,2.600084358319928
10655622,10,1,0.22402432560920715,3,3,1.496000636553592
10655594,11,6,0.08075636625289917,3,5,2.5163184809418144
10655678,11,2,0.138098806142807,6,5,1.9797858634789356
10655824,12,7,0.06783120334148407,10,9,2.690732963631841
10658787,11,4,0.11005967110395432,5,4,2.206732595689041
10655720,9,3,0.1300877183675766,2,3,2.0395462993988196
10659063,9,3,0.1417236179113388,9,3,1.953876470723791
10655540,14,5,0.08747951686382294,1,10,2.4363506060074887
10658858,10,1,0.21350030601024628,4,4,1.5441170130112238
10655629,14,4,0.08064477890729904,6,13,2.517701214171724
10655681,17,8,0.043689195066690445,6,4,3.1306544599310056
10655815,6,3,0.16586919128894806,2,1,1.796555805547615
10655837,16,2,0.12074322253465652,14,2,2.114089116102073
10658788,12,1,0.14676229655742645,5,5,1.9189410312294661
10655722,10,8,0.06655463576316833,2,10,2.7097320782174097
10659065,12,2,0.1749955713748932,11,6,1.742994611808018
10655871,6,5,0.12706305086612701,2,6,2.0630718522079707
10658860,10,3,0.14698846638202667,12,4,1.9174011552677597
10655628,11,7,0.0656631663441658,4,1,2.7232171447365547
10655679,12,11,0.030098071321845055,5,4,3.5032941849664523
10655817,6,6,0.05837954580783844,5,6,2.8407896935138313
10656111,9,2,0.21597974002361298,6,3,1.5325706718840864
10655843,14,6,0.08074666559696198,4,5,2.5164386106488266
10658789,11,1,0.25580140948295593,9,9,1.3633538797550149
10655726,13,6,0.05646853148937225,3,4,2.874071760782118
10659064,11,4,0.12569774687290192,5,3,2.073875088185391
10658861,11,1,0.15800181031227112,4,4,1.845148788348207
10655872,5,3,0.20072288811206818,4,3,1.6058299882666853
10655623,11,1,0.2574159502983093,6,6,1.3570620187690854
10655680,12,1,0.17317016422748566,1,1,1.753480559658617
10656112,9,4,0.13153690099716187,4,7,2.0284678507816096
10655819,5,3,0.18876568973064423,4,2,1.6672487699068803
10655838,13,4,0.09201351553201675,4,5,2.38581980476631
10658790,12,7,0.0640871524810791,3,5,2.74751136445649
10655728,14,4,0.0882963314652443,13,2,2.4270567184952667
10659066,11,3,0.17630335688591003,1,2,1.7355491490000277
10658862,14,5,0.0843031108379364,4,7,2.473336512663061
10655873,8,1,0.3589717745780945,1,1,1.0245115159298974
10655621,10,1,0.22404244542121887,7,7,1.4959197565901887
10655686,10,7,0.05858747288584709,5,15,2.837234378530994
10655820,6,1,0.30628088116645813,5,5,1.1832526857449506
10656113,15,6,0.0694202184677124,1,12,2.667577121510631
10655727,12,1,0.21661557257175446,1,1,1.5296310514698075
10655845,17,12,0.04116168990731239,8,21,3.1902473118301353
10655874,8,5,0.08031029999256134,1,2,2.521857397356526
10655625,16,2,0.11264386028051376,9,6,2.1835241162033747
10655821,7,5,0.12627719342708588,4,7,2.069275840538645
10656114,16,3,0.1100795790553093,15,16,2.2065517287932477
10655844,16,5,0.08262597769498825,2,6,2.493431147960619
10655875,8,3,0.16853100061416626,6,4,1.7806355662059168
10655822,11,6,0.09007568657398224,5,6,2.4071050001291
10656116,12,1,0.19068260490894318,2,2,1.6571449875843085
10655870,6,6,0.11186155676841736,2,7,2.1904932725711324
10656118,13,2,0.20389346778392792,3,1,1.5901576382860265
10656117,15,1,0.14242129027843475,13,13,1.9489657807975584
10655577,11,1,0.1667085886001587,12,12,1.7915079692558724
10655579,11,2,0.2573683261871338,4,2,1.3572470442777764
10655660,8,3,0.17025001347064972,2,5,1.7704872548297594
10658913,8,1,0.3480689525604248,8,8,1.0553546792932584
10655578,10,4,0.10772351920604706,3,9,2.2281873416313664
10655664,10,1,0.23975828289985657,3,3,1.4281240177450514
10658911,7,7,0.025220775976777077,5,8,3.680087180608743
10655663,11,1,0.30537742376327515,3,3,1.186206812429508
10658908,8,4,0.14068251848220825,13,12,1.961249569331535
10659000,7,1,0.28232628107070923,1,1,1.2646918518082386
10658839,7,3,0.1970585286617279,2,5,1.6242544945638309
10658981,10,1,0.2004968822002411,1,1,1.6069565824799035
10655581,10,3,0.09039688855409622,5,8,2.40354543082572
10655659,8,7,0.06809252500534058,1,2,2.6868878368242584
10658848,11,1,0.15633581578731537,1,1,1.8557489200934822
10658909,6,2,0.2691865861415863,4,9,1.3123505110504263
10659006,11,1,0.5229986310005188,3,3,0.6481764325104703
10658843,11,3,0.14643320441246033,11,8,1.9211858970754996
10655582,10,5,0.0449536070227623,5,10,3.1021242760612404
10658979,4,3,0.2285381257534027,4,3,1.476052230253692
10655665,12,3,0.16171856224536896,4,8,1.8218977246437877
10658854,12,3,0.1275210976600647,5,6,2.059473456228967
10658910,12,8,0.05235541984438896,2,17,2.949699816090662
10659002,11,4,0.08701778948307037,3,1,2.4416427044131876
10658840,11,2,0.2454056739807129,2,6,1.4048426256168223
10655583,14,14,0.018619829788804054,3,14,3.9835281484851994
10659024,7,4,0.11892296373844147,6,1,2.1292793590433705
10658980,5,5,0.1134236603975296,2,5,2.176625263971066
10655666,12,1,0.16488462686538696,4,4,1.8025092807765188
10658849,11,6,0.09482299536466599,4,9,2.3557433319979855
10658912,14,8,0.06752709299325943,10,16,2.6952263839562076
10659001,13,8,0.03624805435538292,3,10,3.317369572076852
10658836,9,1,0.3057844340801239,1,1,1.1848748890714131
10659021,7,2,0.25373199582099915,1,4,1.3714767035729427
10658975,11,4,0.13927866518497467,8,3,1.9712785672486652
10655662,14,6,0.07957004010677338,8,5,2.5311176375489173
10658850,15,1,0.18927057087421417,1,1,1.6645776957462126
10658915,9,3,0.12733733654022217,8,5,2.060915520740304
10659007,9,5,0.11267643421888351,4,3,2.183234981674512
10658837,10,10,0.018951432779431343,3,11,3.96587574189861
10659022,7,2,0.31179097294807434,2,6,1.1654222741948983
10658976,9,3,0.13648906350135803,7,2,1.991510788436143
10655667,8,3,0.14712759852409363,1,7,1.9164550515417382
10658853,12,8,0.05298320949077606,1,13,2.937780217683218
10658914,12,1,0.23406879603862762,8,8,1.45214020666894
10659004,13,5,0.11401738226413727,3,8,2.1714043662097215
10658842,11,5,0.10928089916706085,8,6,2.213833655090828
10659023,8,4,0.15432459115982056,1,5,1.86869715992117
10658977,11,6,0.06391197443008423,1,12,2.75024854188252
10655661,9,5,0.09258238971233368,5,7,2.3796563313084564
10658847,11,3,0.1699649691581726,6,4,1.7721629269413874
10658907,11,1,0.21359296143054962,10,10,1.5436831245431983
10658999,11,3,0.12988342344760895,3,7,2.0411179735515326
10658841,12,2,0.1445782482624054,1,2,1.9339344075270612
10659018,11,5,0.08408795297145844,3,7,2.4758919687389205
10658978,8,3,0.14248041808605194,8,9,1.948550705655991
10658838,12,2,0.14144210517406464,5,3,1.9558647963371603
10659005,13,1,0.17620564997196198,4,4,1.7361035003189975
10659019,10,3,0.12967649102210999,1,3,2.0427124606645646
10659025,12,6,0.07056880742311478,4,3,2.6511670533170264
10659020,13,6,0.04350890591740608,3,10,3.1347896281091163
10658810,7,6,0.10274234414100647,7,6,2.275530937958349
10662594,12,2,0.1855541467666626,11,8,1.684408543211848
10659035,6,6,0.03879895806312561,2,5,3.24936188675664
10662600,12,1,0.30224019289016724,10,10,1.1965332370271586
10658806,8,3,0.11766622215509415,3,4,2.139903288442832
10662598,12,6,0.07453033328056335,8,3,2.5965490783346343
10659029,7,1,0.3623979687690735,1,1,1.0150123097708708
10658809,12,2,0.21328456699848175,3,4,1.545128009622324
10659030,9,1,0.27995505928993225,2,2,1.273126191230754
10662602,8,1,0.4714967906475067,7,7,0.7518429836178844
10658811,11,2,0.22196051478385925,2,13,1.5052557742630277
10662592,11,1,0.27411308884620667,8,8,1.294214524729556
10662603,12,10,0.04108118638396263,7,8,3.1922050144954977
10658807,7,5,0.07883540540933609,3,4,2.540393075801493
10662596,11,8,0.04759030044078827,7,11,3.0451263107614963
10659033,11,4,0.10731281340122223,5,2,2.2320072198746854
10662608,9,1,0.32417982816696167,1,1,1.1264568919526572
10658808,10,1,0.2608051300048828,6,6,1.343981778858975
10662593,12,8,0.07062708586454391,7,11,2.650341555586439
10659032,11,1,0.2132832109928131,9,9,1.5451343673724336
10662607,14,8,0.07536230236291885,11,3,2.585448097655786
10658804,10,1,0.2062978744506836,7,7,1.57843416215392
10662590,12,8,0.03296239301562309,1,10,3.4123879729470405
10659034,12,2,0.14513415098190308,1,2,1.9300967850904989
10662609,11,2,0.24761256575584412,1,3,1.3958899892339034
10658805,12,11,0.024879159405827522,3,13,3.6937247976213246
10662597,12,2,0.16054944694042206,3,9,1.829153303233475
10662595,11,4,0.09243553876876831,10,8,2.3812437555717003
10662305,5,1,0.36195510625839233,2,2,1.0162350907077633
10662351,8,1,0.3369918763637543,2,2,1.0876964546658598
10659674,11,2,0.17038783431053162,9,4,1.7696780620269046
10662306,8,1,0.3388305604457855,7,7,1.0822551182480353
10662636,9,4,0.0534101165831089,4,12,2.929755101837317
10662352,8,5,0.10107333958148956,1,7,2.2919088911787644
10659669,12,1,0.3393993675708771,8,8,1.0805777895577098
10662299,7,4,0.1816423088312149,3,6,1.7057158618046813
10662637,10,6,0.05887679010629654,1,12,2.832308321905295
10659673,9,4,0.12071924656629562,3,9,2.1142877057092195
10662300,10,8,0.017678797245025635,5,9,4.035389253214235
10662631,11,3,0.11364355683326721,3,12,2.174688423354778
10662354,9,2,0.185165673494339,2,8,1.6865043222518827
10659670,10,2,0.16336436569690704,4,7,1.8117722005294643
10662303,8,3,0.15282732248306274,2,1,1.8784466061727592
10662632,8,4,0.11225342005491257,6,3,2.1869962846287074
10662356,6,1,0.37787532806396484,3,3,0.9731909577017079
10659750,12,3,0.10491359233856201,2,4,2.25461819772641
10662301,10,5,0.09838387370109558,3,7,2.3188783735060357
10662633,9,2,0.21430256962776184,1,4,1.5403663857776593
10662355,12,6,0.07509130239486694,3,7,2.589050540569207
10659751,12,1,0.19878794252872467,6,6,1.6155166378629862
10662304,11,4,0.08225327730178833,1,3,2.4979520445160235
10662634,11,3,0.11880694329738617,2,4,2.1302554284972572
10659671,10,1,0.16626887023448944,2,2,1.7941491007175365
10662302,11,4,0.10597917437553406,1,7,2.2445126723278053
10662635,8,2,0.2172633558511734,4,5,1.5266450398508946
10659672,11,5,0.11443313956260681,1,11,2.167764560494703
10672071,11,2,0.1647336333990097,2,1,1.8034254525736624
10672077,7,2,0.206957146525383,4,2,1.575243528765208
10672074,8,1,0.3548249304294586,5,5,1.036130764866845
10672073,11,4,0.09723211824893951,6,5,2.3306541874373807
10672078,6,5,0.10408589988946915,6,3,2.262538760282743
10672079,13,1,0.22424133121967316,3,3,1.4950324355588822
10672161,10,4,0.11939926445484161,2,11,2.1252822383873204
10672131,9,1,0.3157903552055359,9,9,1.1526767184580846
10672114,10,1,0.16471290588378906,3,3,1.8035512849183768
10672076,11,1,0.26550889015197754,4,4,1.326106954295852
10672104,7,6,0.022265039384365082,5,3,3.804737571318723
10672164,8,8,0.06279028207063675,2,5,2.7679549615802284
10672137,7,7,0.05898508056998253,8,6,2.830470738749067
10672126,14,5,0.08472026139497757,10,12,2.4684004922950495
10672075,14,1,0.19419151544570923,4,4,1.6389104138542652
10672105,7,6,0.10208852589130402,4,2,2.2819149412109363
10672132,10,2,0.16739685833454132,11,2,1.7873878885189933
10672127,13,7,0.02120707742869854,8,13,3.8534203120403236
10672072,12,10,0.054687514901161194,6,7,2.906119842385965
10672106,6,1,0.25312483310699463,4,4,1.3738725004519423
10672157,12,1,0.14116507768630981,6,6,1.9578253096806861
10672133,8,2,0.29371145367622375,8,1,1.2251574436618151
10672128,13,1,0.250718355178833,5,5,1.3834250607866885
10672117,12,9,0.024600597098469734,4,13,3.70498456404287
10672301,13,1,0.252874493598938,12,12,1.3748619860708724
10672107,7,3,0.2074887752532959,1,5,1.5726780359394192
10672158,11,9,0.06493666768074036,5,4,2.7343428274407846
10672185,8,3,0.16118311882019043,4,1,1.8252141763524528
10672134,11,1,0.2373930960893631,11,11,1.4380378785716341
10672118,9,1,0.22681793570518494,3,3,1.4836076286627982
10672123,13,1,0.28660255670547485,3,3,1.2496588428132192
10672296,8,1,0.24057836830615997,5,5,1.4247093867729044
10672109,9,9,0.0374804325401783,12,7,3.2839362811187875
10672188,7,1,0.2515810430049896,5,5,1.3799901027616184
10672162,9,1,0.20036309957504272,5,5,1.6076240605832195
10672135,6,1,0.28891491889953613,6,6,1.2416230324848845
10672112,9,4,0.08670257031917572,2,1,2.4452717495084846
10672124,12,11,0.023949647322297096,3,9,3.7318016808162198
10672110,11,6,0.06561458110809326,4,7,2.723957334741848
10672159,13,1,0.23521094024181366,1,1,1.4472725494058758
10672130,10,3,0.15085454285144806,1,2,1.8914391988060004
10672113,7,2,0.21113277971744537,8,3,1.5552680556641811
10672125,16,6,0.08309713751077652,8,9,2.4877450240344015
10672300,9,1,0.2050555944442749,4,4,1.5844741441986467
10672108,9,2,0.23949488997459412,5,15,1.4292231985817767
10672163,10,1,0.15308518707752228,17,17,1.876760734248761
10672136,9,6,0.10031573474407196,6,9,2.2994327195078386
10672129,11,7,0.08476454019546509,2,12,2.4678779817090923
10672303,9,1,0.29442882537841797,3,3,1.2227179846296894
10672189,6,1,0.39455297589302063,1,1,0.9300018615444358
10672298,10,5,0.09940312802791595,7,8,2.3085716967210286
10672184,8,4,0.13869860768318176,5,2,1.97545199004496
10672302,12,3,0.14171642065048218,3,4,1.9539272557920877
10672299,12,1,0.2455914467573166,7,7,1.404085909222277
10675921,11,6,0.02146889455616474,5,4,3.841150156252821
10675922,9,1,0.19417759776115417,5,5,1.6389820863126958
10675923,10,1,0.2895723283290863,3,3,1.239350174385737
10675918,7,1,0.25150609016418457,2,2,1.3802880743709793
10675919,10,10,0.04905427619814873,4,9,3.014827916380362
10675961,9,2,0.22170251607894897,5,7,1.5064188133987908
10675948,8,4,0.17680710554122925,8,5,1.7326959398733437
10676023,5,3,0.2516821324825287,5,8,1.379588366716454
10675956,13,1,0.2853476405143738,13,13,1.2540470507759445
10675920,12,4,0.12231365591287613,1,5,2.1011665833819855
10675942,9,1,0.3125298321247101,1,1,1.1630553515628916
10675999,9,1,0.35823747515678406,6,6,1.0265591740663547
10676024,7,2,0.18554401397705078,5,3,1.684463152965742
10675957,9,2,0.17556196451187134,8,3,1.7397632242505066
10675924,7,7,0.03990272060036659,6,5,3.221310771937996
10676003,8,1,0.36460620164871216,5,5,1.0089374074233413
10676025,5,3,0.21195052564144135,2,1,1.5514024011608933
10675958,10,3,0.11709780991077423,4,1,2.144745711279459
10675926,11,1,0.2699262499809265,3,3,1.3096065055143222
10675944,7,1,0.3897644281387329,4,4,0.9422127527718145
10676005,10,1,0.2301938384771347,6,6,1.468833549007675
10673097,8,1,0.5189982652664185,8,8,0.6558547382757488
10676026,7,1,0.28188228607177734,5,5,1.266265720467592
10675962,9,2,0.20005667209625244,8,2,1.609154592091837
10676000,10,5,0.10235843062400818,3,6,2.279274599734538
10675945,12,2,0.20403358340263367,9,11,1.5894706741643363
10673098,10,1,0.28066393733024597,7,7,1.2705972779317614
10676027,6,1,0.3840923309326172,12,12,0.9568723101596853
10675963,8,1,0.21252501010894775,7,7,1.5486956029127927
10676001,12,6,0.07513829320669174,9,4,2.58842495393737
10673099,12,1,0.22659175097942352,11,11,1.4846053344955854
10675946,8,1,0.3798239529132843,4,4,0.9680474154170249
10676021,6,4,0.1501247137784958,3,7,1.896288905138373
10675998,11,1,0.20906738936901093,1,1,1.5650986418167185
10675959,14,3,0.1081932932138443,12,3,2.223835899575529
10675947,8,5,0.08230354636907578,5,10,2.497341081473231
10676002,10,2,0.15307635068893433,4,5,1.8768184579501435
10676022,6,5,0.0726892426609993,6,5,2.621561874290738
10675960,7,7,0.028820309787988663,7,11,3.5466749394057744
10673101,10,1,0.30081334710121155,4,4,1.2012653158788544
10673094,10,3,0.15754194557666779,3,1,1.848063535051924
10673095,12,1,0.2157137244939804,7,7,1.5338030999153993
10673102,13,8,0.0348358154296875,2,12,3.3571092424293294
10675933,13,6,0.08326754719018936,1,2,2.4856963952726154
10675934,10,1,0.2697795331478119,1,1,1.3101501974343095
10680340,12,2,0.19471192359924316,9,8,1.636234127599606
10675935,8,2,0.2552860677242279,1,7,1.3653705283968345
10680493,10,3,0.12472047656774521,4,11,2.081680233138688
10680332,7,2,0.1976778656244278,10,9,1.6211165144845772
10680343,10,1,0.24324439465999603,5,5,1.4136886017170025
10675936,8,6,0.07124529033899307,7,9,2.6416265625234723
10680457,9,2,0.1969209760427475,6,4,1.6249527675598976
10680494,9,1,0.238514244556427,1,1,1.4333262448337765
10680327,7,1,0.30967411398887634,3,3,1.1722347796459056
10680344,10,1,0.2635097801685333,1,1,1.3336647953003953
10680458,10,4,0.13893122971057892,8,9,1.9737762185643548
10675938,10,1,0.22368650138378143,2,2,1.497509754802124
10680490,10,1,0.3584190011024475,5,5,1.0260525828178024
10680450,10,3,0.17671985924243927,7,2,1.7331895163710493
10680341,9,5,0.11600501090288162,3,8,2.1541218913701203
10675939,12,6,0.07416384667158127,7,10,2.6014784891724676
10680491,9,1,0.34447237849235535,8,8,1.0657413702846792
10680331,11,1,0.26707082986831665,6,6,1.3202413753568323
10680337,7,2,0.1818489283323288,6,1,1.7045790007073955
10675937,14,1,0.14969274401664734,12,12,1.899170458893947
10680487,14,3,0.15773490071296692,4,1,1.846839498699991
10680456,11,1,0.12888479232788086,4,4,2.0488363563860506
10680328,10,1,0.23839104175567627,4,4,1.4338429210251613
10680339,9,4,0.08766602724790573,4,8,2.4342208292492065
10680453,10,8,0.044403210282325745,10,6,3.114443508501756
10680488,10,2,0.2000037133693695,7,8,1.6094193457596147
10680329,12,3,0.12106577306985855,10,2,2.1114213019812524
10680338,11,3,0.1196645200252533,8,7,2.1230631178304975
10680454,9,2,0.1829066127538681,1,8,1.6987795692150116
10680489,12,3,0.15068475902080536,2,9,1.8925653130307856
10680330,11,2,0.1780775934457779,9,3,1.7255359054400956
10680451,10,4,0.12765923142433167,2,5,2.0583908196616827
10680342,12,2,0.16443108022212982,6,2,1.805263761782174
10680492,13,1,0.18156827986240387,16,16,1.7061234984328004
10680455,10,1,0.18622173368930817,2,2,1.6808171986665392
10680326,9,3,0.1628880649805069,3,8,1.8146920319851234
10680345,12,7,0.0944099873304367,15,10,2.360108413434981
10676142,12,2,0.2170903980731964,7,1,1.5274414312049729
10676143,12,2,0.15715651214122772,1,2,1.8505130775820025
10676144,11,1,0.20742177963256836,1,1,1.5730009760069634
10676140,12,1,0.22249311208724976,9,9,1.5028591347662543
10676141,14,1,0.17170949280261993,5,5,1.7619512254630134
10680308,9,2,0.19375456869602203,9,7,1.641163030660128
10680284,7,2,0.24267695844173431,4,7,1.4160241091918955
10680309,10,4,0.0953405424952507,6,3,2.350300139109933
10680289,6,5,0.11548607051372528,1,6,2.158605357906016
10680303,7,5,0.10963428020477295,3,1,2.210605177781316
10680285,5,1,0.329622745513916,1,1,1.1098064738803022
10684300,9,3,0.13729366660118103,3,8,1.98563309545
10680304,10,3,0.12053166329860687,2,10,2.115842794604814
10680414,8,1,0.21017619967460632,2,2,1.559809053997496
10680286,7,7,0.08222915232181549,2,6,2.4982453886768683
10684304,6,1,0.30367597937583923,8,8,1.191794003322089
10680466,10,2,0.16031081974506378,6,2,1.8306407247943848
10684273,8,2,0.276201069355011,1,2,1.28662616634532
10680355,7,2,0.21411406993865967,5,1,1.5412463688775546
10680305,11,5,0.11461258679628372,3,10,2.166197648304333
10680501,10,1,0.22218003869056702,3,3,1.5042672406879376
10680411,9,2,0.19875046610832214,8,4,1.6157051802513407
10680464,12,1,0.19089189171791077,4,4,1.656048023128851
10684305,9,1,0.5662292838096619,4,4,0.5687561877377358
10680290,6,5,0.12203352898359299,1,4,2.103459444272736
10684275,10,4,0.11574121564626694,4,2,2.156398479640636
10680357,12,2,0.186277836561203,12,5,1.6805159748434817
10680302,7,1,0.25079458951950073,2,2,1.3831210433448227
10680499,5,2,0.28972193598747253,4,1,1.2388336574066197
10680408,10,4,0.12104589492082596,3,11,2.111585508433938
10684230,7,1,0.4542672336101532,5,5,0.7890696338230785
10680465,10,3,0.15262538194656372,1,5,1.8797688440380116
10684298,9,1,0.2791997194290161,1,1,1.2758279130048253
10680287,12,6,0.08086865395307541,1,2,2.5149289965897137
10684277,8,2,0.18168024718761444,1,7,1.7055070206198502
10680358,7,7,0.06208306550979614,3,6,2.7792820243360525
10680306,9,3,0.1381348818540573,3,2,1.9795246664343822
10684221,11,3,0.11975143849849701,1,4,2.1223370302497173
10680506,10,2,0.12421881407499313,1,5,2.0857106388697204
10684231,8,1,0.48915454745292664,5,5,0.7150767914789062
10680470,8,2,0.18597954511642456,1,2,1.6821185838086947
10680444,7,1,0.3046253025531769,1,1,1.1886727738384848
10684301,11,6,0.06518055498600006,7,9,2.7305940909418944
10680291,10,1,0.26505470275878906,3,3,1.3278190487938635
10684276,8,3,0.236083522439003,6,4,1.4435696279275745
10680351,8,4,0.09081068634986877,2,5,2.398978309222091
10680307,13,8,0.03945034742355347,1,11,3.2327124250483363
10684222,10,3,0.1314038634300232,3,5,2.0294797713088877
10680503,7,5,0.08891132473945618,4,7,2.420115757179906
10680412,9,2,0.18922702968120575,3,4,1.6648077695598198
10684232,12,1,0.29934775829315186,1,1,1.2061493102202359
10680468,12,7,0.07275371998548508,12,9,2.6206752404167237
10680445,11,3,0.17445862293243408,6,1,1.7460676833222484
10684303,7,7,0.047475654631853104,5,2,3.047538233398273
10680288,14,10,0.036413829773664474,6,13,3.312806637660989
10684270,7,7,0.055918559432029724,3,2,2.8838589426182057
10680359,11,4,0.08146483451128006,4,3,2.507583830238107
10684223,10,2,0.15177997946739197,8,1,1.8853233102851252
10680504,11,2,0.1677348017692566,9,4,1.7853711077161492
10684256,6,2,0.22752222418785095,3,4,1.4805073566245597
10680413,6,3,0.15295527875423431,5,11,1.8776096960403816
10684233,7,3,0.15908154845237732,1,6,1.8383383248933312
10680467,10,8,0.06058744713664055,1,10,2.803667550323661
10680441,10,1,0.2963531017303467,4,4,1.2162036243601855
10684306,12,1,0.32066333293914795,2,2,1.137363513278245
10684271,11,4,0.10960622876882553,2,4,2.2108610742507397
10680754,9,1,0.31047242879867554,10,10,1.1696601776907454
10680350,8,1,0.2540891170501709,1,1,1.3700702189704257
10684224,10,3,0.13710054755210876,2,10,1.9870406986063165
10680505,12,1,0.22866643965244293,3,3,1.4754909326984276
10680814,13,8,0.07081981748342514,8,9,2.6476164094914045
10680409,12,1,0.13375918567180634,5,5,2.0117142176441942
10684234,13,8,0.06730584055185318,5,14,2.6985082622655545
10680471,11,1,0.14484257996082306,8,8,1.932107781754915
10680442,10,1,0.2687799036502838,2,2,1.3138624363338398
10684302,10,2,0.18177421391010284,9,11,1.7049899449768755
10680749,8,3,0.11576715856790543,3,4,2.1561743588343356
10684272,12,1,0.1790342479944229,1,1,1.7201781618647698
10680352,11,11,0.032880377024412155,15,13,3.414879242180698
10684225,11,5,0.10015348345041275,7,1,2.3010514351445694
10680508,11,8,0.05508539825677872,2,10,2.8988706023573223
10684253,8,7,0.05522959306836128,8,5,2.896256363041843
10680809,12,4,0.11291547864675522,10,6,2.1811157167212323
10680410,13,4,0.09525182098150253,9,1,2.351231147242035
10684235,12,1,0.18269315361976624,7,7,1.6999472896458792
10680469,11,2,0.18812458217144012,6,3,1.670650864497064
10680443,11,1,0.231567844748497,2,2,1.462882382523024
10684299,9,3,0.13785691559314728,5,12,1.9815389752469414
10680748,5,5,0.06416413933038712,3,6,2.7463108017570006
10684274,10,5,0.08144388347864151,2,8,2.507841042166512
10680354,9,4,0.11369787901639938,9,5,2.1742105326089667
10684226,11,6,0.09384486079216003,2,1,2.3661122772554917
10680500,10,7,0.04681573063135147,3,6,3.0615360079342273
10684254,7,3,0.2008197009563446,6,2,1.6053477836448695
10680415,9,2,0.15390168130397797,9,5,1.8714413135447485
10680472,11,1,0.18571968376636505,9,9,1.6835168185759695
10680446,12,4,0.09361070394515991,11,12,2.3686105436485523
10680750,9,1,0.29937392473220825,8,8,1.2060619025321064
10680356,11,8,0.04756598547101021,4,6,3.0456373641317342
10684255,10,2,0.17198675870895386,4,12,1.7603377893823917
10680815,13,4,0.10765092819929123,2,3,2.2288614328281553
10680752,10,3,0.19829358160495758,2,4,1.6180066110757365
10684249,10,3,0.1503594070672989,2,1,1.8947268037144
10680811,12,3,0.12845085561275482,9,8,2.05220889439156
10680751,12,3,0.13595543801784515,6,2,1.9954281085723786
10684250,9,2,0.17276695370674133,1,6,1.7558116810239306
10680816,16,8,0.05331555753946304,13,10,2.9315271041069892
10680753,13,9,0.04544501006603241,3,9,3.0912522539122
10684251,9,4,0.1340033859014511,4,3,2.0098902114291772
10680812,15,3,0.1514274924993515,6,9,1.887648365961003
10680250,10,1,0.19086697697639465,4,4,1.6561785491943577
10680265,6,1,0.2462277114391327,1,1,1.4014985149486938
10680377,7,1,0.4381813108921051,5,5,0.8251225024516446
10680246,8,3,0.14040793478488922,6,3,1.9632032734254814
10680260,6,3,0.14758405089378357,2,6,1.913357428929444
10680378,9,2,0.25565069913864136,2,7,1.3639432227106354
10680247,8,3,0.1545664221048355,1,3,1.8671313584958205
10684193,12,2,0.057787735015153885,1,12,2.8509787227904235
10680261,7,5,0.16314882040023804,2,1,1.813092486123784
10694904,8,4,0.1075526773929596,4,6,2.229774529176031
10684334,11,2,0.16846582293510437,1,4,1.7810223810084311
10680523,7,1,0.23848210275173187,5,5,1.4334610123426899
10680382,10,5,0.11393041163682938,1,9,2.172167441210709
10680248,7,3,0.16040843725204468,5,6,1.8300319836111496
10684177,10,4,0.12044655531644821,7,10,2.1165491487822696
10684197,9,6,0.08602511882781982,3,6,2.4531159459822574
10680262,5,2,0.3187660276889801,5,1,1.1432979008278261
10680524,5,4,0.0920027419924736,4,5,2.3859368981112175
10680381,9,3,0.16519252955913544,8,2,1.8006436395040881
10680244,9,4,0.1205144077539444,6,4,2.1159859667761474
10684178,11,7,0.020387711003422737,3,11,3.8928229614418304
10684366,10,3,0.14013688266277313,6,10,1.9651356007371883
10694905,6,1,0.2992703914642334,1,1,1.2064077949634082
10684191,10,4,0.09867780655622482,8,2,2.315895215413333
10680263,5,4,0.18386077880859375,6,4,1.693576444677148
10694906,6,2,0.30531200766563416,3,9,1.186421049305159
10684337,13,1,0.245680570602417,4,4,1.4037230803090526
10680525,6,1,0.29359155893325806,3,3,1.225565732882395
10684212,10,2,0.23091626167297363,8,11,1.46570013776085
10680383,10,3,0.18038278818130493,1,5,1.7126740850999007
10684179,12,1,0.30595868825912476,4,4,1.1843051918329794
10680249,8,3,0.1285850703716278,1,6,2.0511645674512144
10684369,4,3,0.20572330057621002,2,1,1.5812232141821052
10680264,8,7,0.09368637949228287,3,2,2.3678024632465293
10684192,9,2,0.17087222635746002,2,1,1.7668392160670716
10680527,5,2,0.2842586040496826,3,1,1.2578708775055252
10694914,4,1,0.351877897977829,4,4,1.0444710443058862
10684335,13,3,0.12411023676395416,2,1,2.0865851021481094
10684213,10,6,0.07732486724853516,8,4,2.5597396772112466
10680251,12,1,0.2918984889984131,1,1,1.2313491775711867
10680379,12,3,0.11515737324953079,9,5,2.1614556230716735
10684370,10,1,0.2163408398628235,8,8,1.5309001526444972
10684194,12,1,0.5363337993621826,4,4,0.6229985517418036
10680526,6,6,0.08307120949029922,3,5,2.488057093344299
10694915,8,3,0.15095917880535126,10,8,1.8907458177528063
10684338,9,2,0.19148236513137817,10,1,1.6529595626886027
10684207,9,2,0.16835187375545502,5,1,1.7816990033184599
10680384,12,1,0.19776378571987152,2,2,1.6206819618950676
10684181,12,1,0.3205918073654175,2,2,1.1375865932023859
10684463,6,1,0.4443173110485077,4,4,0.8112163072773316
10680528,5,1,0.3435603380203247,1,1,1.0683925262089284
10684195,9,3,0.14574778079986572,3,2,1.9258776799404156
10694916,6,5,0.13384556770324707,12,9,2.0110686234733017
10684332,11,4,0.1296856552362442,2,3,2.0426417933426735
10684208,11,8,0.08219971507787704,8,3,2.4986034431318855
10680380,10,1,0.28850021958351135,1,1,1.243059431912916
10680817,10,1,0.29010581970214844,1,1,1.2375095270351488
10684175,11,2,0.19901010394096375,4,10,1.6143996819738968
10680521,6,4,0.17080190777778625,2,4,1.7672508280308776
10684364,7,5,0.12501955032348633,8,10,2.079285151321555
10684464,8,1,0.2547611594200134,8,8,1.3674288024608563
10684196,12,2,0.14355383813381195,4,5,1.9410451355115304
10694903,6,1,0.3083701729774475,7,7,1.1764543573481228
10684336,10,1,0.341628760099411,9,9,1.0740306282832108
10684209,9,8,0.07721228897571564,6,7,2.5611966509965156
10680818,8,2,0.21148626506328583,3,5,1.5535952232036578
10684176,10,9,0.054530609399080276,4,12,2.9089930946237534
10680522,5,4,0.1277654618024826,2,5,2.057559025500094
10684365,5,2,0.20572111010551453,4,1,1.5812338618936241
10684465,10,2,0.194344624876976,1,2,1.638122278989565
10684198,12,6,0.08101308345794678,2,9,2.5131446131811406
10694917,6,5,0.09101774543523788,4,10,2.3967007866934145
10684339,11,2,0.17535118758678436,7,10,1.7409645297540177
10680819,8,7,0.06142121180891991,1,2,2.7900000342891342
10684210,11,6,0.07578391581773758,1,2,2.579869201227931
10684466,9,2,0.2113131880760193,1,4,1.5544139423181185
10680820,9,1,0.15237845480442047,1,1,1.881388018398056
10684460,11,5,0.09614715725183487,1,4,2.341875373147972
10680821,10,4,0.140453040599823,2,6,1.9628820766820765
10684461,11,1,0.24312077462673187,1,1,1.4141969441877742
10680822,7,5,0.12137508392333984,4,1,2.108869660932454
10684462,10,4,0.1293644905090332,1,7,2.0451213510424844
10684378,7,5,0.11889389902353287,4,6,2.1295237884308897
10684374,8,2,0.255019873380661,2,6,1.3664138020343501
10687559,5,1,0.6251785159111023,2,2,0.46971804457115734
10684367,6,2,0.2032199651002884,1,3,1.5934663146580628
10684152,10,3,0.21249456703662872,5,6,1.548838857830957
10687554,9,1,0.254818320274353,12,12,1.3672044572630724
10684381,12,1,0.3795776069164276,2,2,0.9686962052497797
10684358,6,1,0.24409301578998566,2,2,1.410205914077826
10684153,7,2,0.2222684770822525,4,3,1.503869271565692
10687558,14,1,0.24981851875782013,3,3,1.3870205496997225
10684376,9,1,0.2796384394168854,9,9,1.2742577980402165
10684359,6,3,0.18249720335006714,2,4,1.7010204301862273
10684154,8,2,0.19397154450416565,2,6,1.6400438084906306
10684373,10,10,0.025312894955277443,2,6,3.6764413310656527
10684360,7,1,0.21749603748321533,8,8,1.5255746470873321
10687560,13,5,0.06532374769449234,3,6,2.728399638145861
10684155,8,2,0.20865003764629364,3,1,1.5670968915166328
10684380,12,1,0.17593902349472046,5,5,1.7376178013905828
10687556,12,1,0.16385695338249207,8,8,1.80876146724925
10684361,6,3,0.18016482889652252,1,9,1.7138831310123372
