member,Tree,Node,ID,Feature,Split,Yes,No,Missing,Gain,Cover,Category
1,0,0,0-0,recent_margin_quality_weighted_3_minus_race_mean,-0.0360839367,0-1,0-2,0-1,528.48645,10426.0605,
1,0,1,0-1,recent_finish_percentile_weighted_3_minus_race_mean,-0.152831584,0-3,0-4,0-4,75.8886719,3605.88062,
1,0,2,0-2,recent_finish_percentile_weighted_6_rank_in_race,4.0,0-5,0-6,0-6,124.271576,6820.18018,
1,0,3,0-3,jockey_history_top3_excess,0.00929614715,0-7,0-8,0-7,33.264801,1617.88782,
1,0,4,0-4,jockey_history_top3_excess,-0.0268671643,0-9,0-10,0-10,20.2981987,1987.9928,
1,0,5,0-5,recent_margin_quality_weighted_3_minus_race_mean,0.219716489,0-11,0-12,0-12,38.716095,4029.90552,
1,0,6,0-6,jockey_history_top3_excess,-0.0431180336,0-13,0-14,0-13,30.6133366,2790.27466,
1,0,7,0-7,recent_weighted_avg_margin,5.47080612,0-15,0-16,0-16,8.0135498,940.345276,
1,0,8,0-8,recent_weighted_avg_margin,8.09008503,0-17,0-18,0-18,7.26277542,677.54248,
1,0,9,0-9,recent_margin_quality_weighted_3_minus_race_mean,-0.101810873,0-19,0-20,0-19,9.13850403,645.235413,
1,0,10,0-10,recent_weighted_avg_margin,7.37324715,0-21,0-22,0-21,13.3039989,1342.75745,
1,0,11,0-11,jockey_history_top3_excess,-0.0307440832,0-23,0-24,0-24,25.4024048,2280.65234,
1,0,12,0-12,recent_last600_best_3,35.3400002,0-25,0-26,0-26,11.4553528,1749.25305,
1,0,13,0-13,recent_weighted_avg_margin,4.26149988,0-27,0-28,0-28,5.896101,573.852905,
1,0,14,0-14,jockey_trainer_history_smoothed_top3_rate_gap_to_best,0.145454556,0-29,0-30,0-30,13.8524866,2216.42188,
1,0,15,0-15,Leaf,,,,,-0.0110594044,342.564423,
1,0,16,0-16,Leaf,,,,,-0.0168094598,597.780884,
1,0,17,0-17,Leaf,,,,,-0.00585603295,540.104797,
1,0,18,0-18,Leaf,,,,,-0.0125221657,137.437698,
1,0,19,0-19,Leaf,,,,,-0.0108460477,348.202515,
1,0,20,0-20,Leaf,,,,,-0.00459690066,297.032867,
1,0,21,0-21,Leaf,,,,,-0.00170364999,1178.8916,
1,0,22,0-22,Leaf,,,,,-0.00915392209,163.865814,
1,0,23,0-23,Leaf,,,,,-0.000216868633,515.133179,
1,0,24,0-24,Leaf,,,,,0.00607316568,1765.51929,
1,0,25,0-25,Leaf,,,,,0.0114172567,1015.8609,
1,0,26,0-26,Leaf,,,,,0.00705459435,733.392212,
1,0,27,0-27,Leaf,,,,,-0.00318739563,386.608917,
1,0,28,0-28,Leaf,,,,,-0.00870137569,187.243988,
1,0,29,0-29,Leaf,,,,,0.00317337853,1170.78003,
1,0,30,0-30,Leaf,,,,,-0.000768100552,1045.64172,
1,1,0,1-0,recent_finish_percentile_weighted_3_minus_race_mean,-0.155434132,1-1,1-2,1-2,561.419983,46108.543,
1,1,1,1-1,recent_weighted_avg_margin,8.55326462,1-3,1-4,1-4,79.9577332,5509.42676,
1,1,2,1-2,recent_weighted_avg_margin,5.22812605,1-5,1-6,1-6,186.628586,40599.1172,
1,1,3,1-3,jockey_trainer_history_smoothed_top3_rate_gap_to_best,0.098484844,1-7,1-8,1-8,50.0935822,4386.8291,
1,1,4,1-4,recent_margin_quality_weighted_3_minus_race_mean,-0.125520617,1-9,1-10,1-10,16.1288452,1122.59778,
1,1,5,1-5,recent_similar_distance_speed_rank,7.0,1-11,1-12,1-12,102.464279,34578.8008,
1,1,6,1-6,recent_finish_percentile_weighted_3_minus_race_mean,-0.0105705261,1-13,1-14,1-14,53.0791245,6020.31787,
1,1,7,1-7,jockey_history_starts,93.0,1-15,1-16,1-16,26.8618202,1316.92908,
1,1,8,1-8,best_finish_percentile_at_equal_or_higher_weight,0.857142866,1-17,1-18,1-18,30.2651672,3069.90015,
1,1,9,1-9,jockey_trainer_history_smoothed_top3_rate_gap_to_best,0.0025062561,1-19,1-20,1-20,18.2566528,1019.47339,
1,1,10,1-10,best_finish_percentile_at_equal_or_higher_weight,0.444444448,1-21,1-22,1-21,5.05302715,103.124352,
1,1,11,1-11,jockey_recent_top3_excess,0.0289768949,1-23,1-24,1-23,61.8945312,23232.1191,
1,1,12,1-12,jockey_recent_top3_excess,0.0656628311,1-25,1-26,1-25,56.6194267,11346.6807,
1,1,13,1-13,good_wins,1.0,1-27,1-28,1-28,25.8184662,2394.51221,
1,1,14,1-14,jockey_history_starts,136.0,1-29,1-30,1-30,21.8238125,3625.80591,
1,1,15,1-15,Leaf,,,,,-0.00544861797,645.042908,
1,1,16,1-16,Leaf,,,,,0.0016424295,671.88623,
1,1,17,1-17,Leaf,,,,,-0.0101772388,1538.20813,
1,1,18,1-18,Leaf,,,,,-0.00513992598,1531.69189,
1,1,19,1-19,Leaf,,,,,-0.00281322631,84.7732925,
1,1,20,1-20,Leaf,,,,,-0.0153977247,934.700073,
1,1,21,1-21,Leaf,,,,,0.000671197311,67.0372543,
1,1,22,1-22,Leaf,,,,,-0.00991504453,36.0871048,
1,1,23,1-23,Leaf,,,,,0.00151452736,13005.668,
1,1,24,1-24,Leaf,,,,,0.00411632052,10226.4502,
1,1,25,1-25,Leaf,,,,,-0.00145830156,7672.49463,
1,1,26,1-26,Leaf,,,,,0.00231136545,3674.18604,
1,1,27,1-27,Leaf,,,,,-0.00797522161,1478.53235,
1,1,28,1-28,Leaf,,,,,-0.00258900784,915.979858,
1,1,29,1-29,Leaf,,,,,-0.00243000104,2511.24976,
1,1,30,1-30,Leaf,,,,,0.00175777508,1114.55627,
1,2,0,2-0,recent_weighted_avg_margin,5.0999999,2-1,2-2,2-1,339.754303,44727.9102,
1,2,1,2-1,good_starts,15.0,2-3,2-4,2-4,141.372421,36412.5898,
1,2,2,2-2,best_finish_percentile_at_stronger_class,0.727272749,2-5,2-6,2-5,108.455231,8315.31836,
1,2,3,2-3,best_finish_percentile_at_stronger_class,0.8125,2-7,2-8,2-7,148.347763,29914.8535,
1,2,4,2-4,current_weight_change_pct,-0.0833333358,2-9,2-10,2-10,29.9860954,6497.73779,
1,2,5,2-5,jockey_history_top3_excess,-0.017704878,2-11,2-12,2-11,92.6279297,5159.51807,
1,2,6,2-6,jockey_trainer_history_smoothed_top3_rate_gap_to_best,0.1015625,2-13,2-14,2-14,26.3314209,3155.80029,
1,2,7,2-7,jockey_trainer_history_smoothed_top3_rate_gap_to_best,0.0331890285,2-15,2-16,2-16,97.7625351,18210.6094,
1,2,8,2-8,good_starts,6.0,2-17,2-18,2-18,53.7821655,11704.2451,
1,2,9,2-9,recent_3_margin,0.600000024,2-19,2-20,2-20,19.8932266,169.394409,
1,2,10,2-10,jockey_recent_top3_excess,0.278186262,2-21,2-22,2-21,24.6118431,6328.34326,
1,2,11,2-11,recent_finish_percentile_weighted_3_minus_race_mean,-0.152831584,2-23,2-24,2-24,56.2041321,2209.0957,
1,2,12,2-12,recent_finish_percentile_weighted_3_minus_race_mean,-0.0267010331,2-25,2-26,2-26,32.5847931,2950.42236,
1,2,13,2-13,jockey_history_top3_excess,0.0430788621,2-27,2-28,2-28,25.99436,1136.57227,
1,2,14,2-14,best_finish_percentile_at_equal_or_higher_weight,2.00001001,2-29,2-30,2-30,16.9149628,2019.22803,
1,2,15,2-15,Leaf,,,,,0.00343443127,4524.72559,
1,2,16,2-16,Leaf,,,,,-0.000800509471,13685.8828,
1,2,17,2-17,Leaf,,,,,0.00540059945,6405.62646,
1,2,18,2-18,Leaf,,,,,0.00198898069,5298.61865,
1,2,19,2-19,Leaf,,,,,0.00345411454,34.753746,
1,2,20,2-20,Leaf,,,,,-0.0166141093,134.640656,
1,2,21,2-21,Leaf,,,,,-0.00228744373,6254.95947,
1,2,22,2-22,Leaf,,,,,0.0113929417,73.383606,
1,2,23,2-23,Leaf,,,,,-0.0153524205,949.526306,
1,2,24,2-24,Leaf,,,,,-0.00718970457,1259.56934,
1,2,25,2-25,Leaf,,,,,-0.00590880355,1901.70862,
1,2,26,2-26,Leaf,,,,,-0.000414111011,1048.71362,
1,2,27,2-27,Leaf,,,,,-0.00106565387,680.322937,
1,2,28,2-28,Leaf,,,,,0.00657867268,456.249298,
1,2,29,2-29,Leaf,,,,,-0.00397550128,1543.99829,
1,2,30,2-30,Leaf,,,,,0.00138144288,475.229736,
1,3,0,3-0,recent_margin_quality_weighted_3_minus_race_mean,0.0808374286,3-1,3-2,3-1,327.067108,44125.9766,
1,3,1,3-1,trainer_history_top3_excess,0.0103176236,3-3,3-4,3-3,171.596954,21266.8809,
1,3,2,3-2,prize_money_rank,5.0,3-5,3-6,3-6,78.5833588,22859.0977,
1,3,3,3-3,best_finish_percentile_at_stronger_class,0.764705896,3-7,3-8,3-7,105.031555,10611.0264,
1,3,4,3-4,current_weight_change_pct,0.0093457941,3-9,3-10,3-9,44.2019424,10655.8535,
1,3,5,3-5,good_starts,5.0,3-11,3-12,3-12,46.0648499,10668.9355,
1,3,6,3-6,trainer_history_top3_excess,0.023246754,3-13,3-14,3-13,71.416954,12190.1611,
1,3,7,3-7,recent_margin_quality_weighted_3_minus_race_mean,-0.206126422,3-15,3-16,3-16,76.3436584,6594.00391,
1,3,8,3-8,jockey_recent_top3_excess,0.262275875,3-17,3-18,3-17,28.6243019,4017.02295,
1,3,9,3-9,jockey_history_starts,124.0,3-19,3-20,3-19,41.6788864,6863.99805,
1,3,10,3-10,recent_weighted_avg_margin,8.09008503,3-21,3-22,3-22,23.947567,3791.85547,
1,3,11,3-11,recent_margin_std_6,3.51046062,3-23,3-24,3-24,37.9371185,4528.5376,
1,3,12,3-12,best_finish_percentile_at_equal_or_higher_weight,0.642857134,3-25,3-26,3-26,32.0015144,6140.39795,
1,3,13,3-13,recent_margin_std_6,3.26399541,3-27,3-28,3-28,33.1706314,5026.44287,
1,3,14,3-14,current_weight_change_pct,0.0695652142,3-29,3-30,3-30,35.1415405,7163.71875,
1,3,15,3-15,Leaf,,,,,-0.0125281913,1097.0531,
1,3,16,3-16,Leaf,,,,,-0.00529538654,5496.95068,
1,3,17,3-17,Leaf,,,,,-0.00167687645,3949.30737,
1,3,18,3-18,Leaf,,,,,0.0136444615,67.7155914,
1,3,19,3-19,Leaf,,,,,-0.00291895447,4020.63379,
1,3,20,3-20,Leaf,,,,,0.00102976849,2843.36401,
1,3,21,3-21,Leaf,,,,,0.00253214547,3607.28833,
1,3,22,3-22,Leaf,,,,,-0.00647651916,184.567184,
1,3,23,3-23,Leaf,,,,,0.00674921973,3429.46802,
1,3,24,3-24,Leaf,,,,,0.00139123958,1099.0697,
1,3,25,3-25,Leaf,,,,,-0.0032594793,611.197876,
1,3,26,3-26,Leaf,,,,,0.00272729504,5529.2002,
1,3,27,3-27,Leaf,,,,,-0.000295293023,3445.82031,
1,3,28,3-28,Leaf,,,,,-0.00466309255,1580.62219,
1,3,29,3-29,Leaf,,,,,0.00131134794,5694.7002,
1,3,30,3-30,Leaf,,,,,0.00564320199,1469.01831,
1,4,0,4-0,recent_finish_percentile_weighted_3_minus_race_mean,-0.0291158259,4-1,4-2,4-1,317.966644,43189.9727,
1,4,1,4-1,form_class_level_weighted_3,62.0,4-3,4-4,4-3,153.333344,11369.3555,
1,4,2,4-2,good_starts,9.0,4-5,4-6,4-6,95.06427,31820.6172,
1,4,3,4-3,recent_weighted_avg_margin,8.81110287,4-7,4-8,4-7,81.3965454,5789.63135,
1,4,4,4-4,good_starts,26.0,4-9,4-10,4-10,41.0328941,5579.72363,
1,4,5,4-5,recent_last600_best_3,35.0600014,4-11,4-12,4-12,78.7476196,21100.707,
1,4,6,4-6,prize_money_rank,2.0,4-13,4-14,4-14,21.211338,10719.9102,
1,4,7,4-7,recent_margin_std_6,3.13942671,4-15,4-16,4-15,28.2040253,5066.7373,
1,4,8,4-8,form_class_level_weighted_3,54.3333321,4-17,4-18,4-17,13.5761566,722.894226,
1,4,9,4-9,recent_finish_percentile_weighted_3_minus_race_mean,-0.407991618,4-19,4-20,4-20,29.23909,5087.375,
1,4,10,4-10,best_finish_percentile_at_equal_or_higher_weight,0.266666681,4-21,4-22,4-21,13.5387115,492.348419,
1,4,11,4-11,recent_finish_percentile_weighted_3_minus_race_mean,0.253948271,4-23,4-24,4-24,67.141922,11616.2012,
1,4,12,4-12,recent_weighted_avg_margin,4.59366512,4-25,4-26,4-26,40.3964081,9484.50586,
1,4,13,4-13,best_finish_percentile_at_equal_or_higher_weight,0.764705896,4-27,4-28,4-28,18.2536945,1800.75977,
1,4,14,4-14,good_starts,19.0,4-29,4-30,4-30,22.8766499,8919.15039,
1,4,15,4-15,Leaf,,,,,-0.00378919882,3021.6123,
1,4,16,4-16,Leaf,,,,,-0.00762058515,2045.125,
1,4,17,4-17,Leaf,,,,,-0.0165724233,511.803894,
1,4,18,4-18,Leaf,,,,,-0.00827931892,211.090332,
1,4,19,4-19,Leaf,,,,,-0.0109576508,138.055817,
1,4,20,4-20,Leaf,,,,,0.000316806574,4949.31934,
1,4,21,4-21,Leaf,,,,,-0.000970691734,146.03624,
1,4,22,4-22,Leaf,,,,,-0.0101306699,346.312195,
1,4,23,4-23,Leaf,,,,,0.00229238439,7995.22656,
1,4,24,4-24,Leaf,,,,,0.00639948342,3620.97461,
1,4,25,4-25,Leaf,,,,,0.00130772009,7644.87793,
1,4,26,4-26,Leaf,,,,,-0.00280882115,1839.62769,
1,4,27,4-27,Leaf,,,,,-0.00326464744,351.229767,
1,4,28,4-28,Leaf,,,,,0.00301477197,1449.53003,
1,4,29,4-29,Leaf,,,,,-0.000409002241,6466.13477,
1,4,30,4-30,Leaf,,,,,-0.00324257137,2453.01514,
1,5,0,5-0,recent_margin_quality_weighted_3_minus_race_mean,-0.0931971371,5-1,5-2,5-2,256.428223,42498.7891,
1,5,1,5-1,jockey_history_top3_excess,-0.00196511811,5-3,5-4,5-3,108.110596,6678.63867,
1,5,2,5-2,recent_margin_std_6,3.21039987,5-5,5-6,5-6,90.9555359,35820.1484,
1,5,3,5-3,prize_money_rank,4.0,5-7,5-8,5-8,37.9012146,3061.57788,
1,5,4,5-4,recent_weighted_avg_margin,7.69395399,5-9,5-10,5-10,30.1297665,3617.06079,
1,5,5,5-5,jockey_history_top3_excess,0.0942126065,5-11,5-12,5-12,63.7498627,24319.2832,
1,5,6,5-6,recent_finish_percentile_weighted_3_minus_race_mean,0.0552102327,5-13,5-14,5-14,44.3430099,11500.8662,
1,5,7,5-7,jockey_history_top3_excess,-0.0585024767,5-15,5-16,5-16,33.3202515,1118.18811,
1,5,8,5-8,hidden_sectional_run_best_3_gap_to_best,0.0241839886,5-17,5-18,5-18,23.2608643,1943.38989,
1,5,9,5-9,recent_margin_quality_weighted_3_minus_race_mean,-0.306790978,5-19,5-20,5-20,18.202549,2995.00806,
1,5,10,5-10,recent_margin_std_6,1.57310736,5-21,5-22,5-21,15.6459579,622.052734,
1,5,11,5-11,recent_last600_best_3,35.2599983,5-23,5-24,5-23,42.1078377,20563.3086,
1,5,12,5-12,hidden_sectional_run_best_3_gap_to_best,0.0756082833,5-25,5-26,5-25,20.1426392,3755.97583,
1,5,13,5-13,distance_minus_recent_avg,566.666687,5-27,5-28,5-28,13.2487144,3610.7063,
1,5,14,5-14,jockey_history_starts,33.0,5-29,5-30,5-30,33.7344589,7890.15967,
1,5,15,5-15,Leaf,,,,,-0.0106010912,343.468384,
1,5,16,5-16,Leaf,,,,,-0.0013059465,774.719727,
1,5,17,5-17,Leaf,,,,,-0.0147196976,511.950104,
1,5,18,5-18,Leaf,,,,,-0.00832410436,1431.4397,
1,5,19,5-19,Leaf,,,,,-0.00877992716,148.366669,
1,5,20,5-20,Leaf,,,,,-6.88901782e-05,2846.64136,
1,5,21,5-21,Leaf,,,,,0.00314096175,83.9146347,
1,5,22,5-22,Leaf,,,,,-0.00809353404,538.138062,
1,5,23,5-23,Leaf,,,,,0.00173069595,16072.0107,
1,5,24,5-24,Leaf,,,,,-0.00100475573,4491.29736,
1,5,25,5-25,Leaf,,,,,0.00132995751,877.981506,
1,5,26,5-26,Leaf,,,,,0.00568229007,2877.99438,
1,5,27,5-27,Leaf,,,,,-0.00366730872,3418.38306,
1,5,28,5-28,Leaf,,,,,0.00294305501,192.323227,
1,5,29,5-29,Leaf,,,,,-0.00300446828,1760.89673,
1,5,30,5-30,Leaf,,,,,0.000912142743,6129.2627,
1,6,0,6-0,recent_finish_percentile_rank,5.0,6-1,6-2,6-2,203.161423,41805.1328,
1,6,1,6-1,trainer_history_top3_excess,0.0349813923,6-3,6-4,6-3,59.9568329,25472.0117,
1,6,2,6-2,jockey_history_top3_excess,-0.0248553064,6-5,6-6,6-5,127.3685,16333.1201,
1,6,3,6-3,recent_finish_percentile_rank,2.0,6-7,6-8,6-8,36.5439529,13323.7129,
1,6,4,6-4,current_weight_change_pct,0.0,6-9,6-10,6-10,35.0911865,12148.2988,
1,6,5,6-5,recent_margin_quality_weighted_3_minus_race_mean,-0.16163224,6-11,6-12,6-11,72.5995483,4882.93945,
1,6,6,6-6,trainer_history_top3_excess,0.0387145244,6-13,6-14,6-13,67.4182816,11450.1807,
1,6,7,6-7,recent_similar_distance_speed_rank,5.0,6-15,6-16,6-16,37.3307114,4095.67627,
1,6,8,6-8,jockey_history_top3_excess,-0.0735021159,6-17,6-18,6-17,33.1986122,9228.03711,
1,6,9,6-9,recent_last600_best_3,37.0900002,6-19,6-20,6-19,26.4680595,3009.76465,
1,6,10,6-10,recent_margin_quality_weighted_3_minus_race_mean,0.230654955,6-21,6-22,6-22,25.9720612,9138.53418,
1,6,11,6-11,current_weight_change_pct,0.0263157897,6-23,6-24,6-23,16.1339417,1126.28247,
1,6,12,6-12,trainer_history_top3_excess,-0.082403101,6-25,6-26,6-25,21.3614273,3756.65698,
1,6,13,6-13,recent_weighted_avg_margin_rank,6.0,6-27,6-28,6-27,46.7955589,6577.14258,
1,6,14,6-14,recent_weighted_win_rate_rank,2.0,6-29,6-30,6-30,26.9275913,4873.03857,
1,6,15,6-15,Leaf,,,,,0.00434883963,2199.42188,
1,6,16,6-16,Leaf,,,,,-0.000427999912,1896.25452,
1,6,17,6-17,Leaf,,,,,-0.00500523066,986.307617,
1,6,18,6-18,Leaf,,,,,-0.000172454806,8241.72852,
1,6,19,6-19,Leaf,,,,,0.000648983114,2938.99585,
1,6,20,6-20,Leaf,,,,,-0.0138558419,70.7688599,
1,6,21,6-21,Leaf,,,,,0.00236795726,5848.56348,
1,6,22,6-22,Leaf,,,,,0.00515428884,3289.9707,
1,6,23,6-23,Leaf,,,,,-0.0129312156,838.378418,
1,6,24,6-24,Leaf,,,,,-0.00572275696,287.903992,
1,6,25,6-25,Leaf,,,,,-0.00867783651,504.637146,
1,6,26,6-26,Leaf,,,,,-0.00315606338,3252.01978,
1,6,27,6-27,Leaf,,,,,-0.000207164368,3106.22803,
1,6,28,6-28,Leaf,,,,,-0.00443118159,3470.91455,
1,6,29,6-29,Leaf,,,,,0.0056438162,785.970032,
1,6,30,6-30,Leaf,,,,,0.000612994481,4087.0686,
1,7,0,7-0,recent_finish_percentile_weighted_6_rank_in_race,6.0,7-1,7-2,7-2,214.804626,41180.9961,
1,7,1,7-1,recent_margin_quality_weighted_3_minus_race_mean,0.337773383,7-3,7-4,7-4,68.8372498,29807.0254,
1,7,2,7-2,form_class_level_weighted_3,59.0,7-5,7-6,7-5,90.3506317,11373.9717,
1,7,3,7-3,trainer_history_top3_excess,0.0349813923,7-7,7-8,7-7,62.8809624,26736.6426,
1,7,4,7-4,form_class_level_weighted_3,51.0,7-9,7-10,7-10,32.7796555,3070.3833,
1,7,5,7-5,recent_margin_quality_weighted_3_minus_race_mean,-0.219347864,7-11,7-12,7-12,73.6650391,4970.86768,
1,7,6,7-6,good_starts,14.0,7-13,7-14,7-14,51.3302536,6403.104,
1,7,7,7-7,distance_minus_recent_avg,-233.333328,7-15,7-16,7-16,37.5353813,14119.8887,
1,7,8,7-8,recent_margin_std_6,2.82394528,7-17,7-18,7-18,25.2356796,12616.7539,
1,7,9,7-9,best_finish_percentile_at_stronger_class,0.9375,7-19,7-20,7-20,19.9391098,1221.08655,
1,7,10,7-10,form_class_level_weighted_3,55.3333321,7-21,7-22,7-22,18.5772953,1849.29675,
1,7,11,7-11,recent_3_margin,7.9000001,7-23,7-24,7-24,11.1026001,569.71582,
1,7,12,7-12,trainer_history_top3_excess,-0.0102040814,7-25,7-26,7-25,37.3709412,4401.15186,
1,7,13,7-13,trainer_history_top3_excess,0.102162629,7-27,7-28,7-27,27.0042744,4289.25195,
1,7,14,7-14,jockey_history_starts,21.0,7-29,7-30,7-29,22.5009079,2113.85181,
1,7,15,7-15,Leaf,,,,,-0.00649093045,599.09613,
1,7,16,7-16,Leaf,,,,,-0.000145754064,13520.792,
1,7,17,7-17,Leaf,,,,,0.0027990134,8402.49219,
1,7,18,7-18,Leaf,,,,,0.000425861916,4214.26172,
1,7,19,7-19,Leaf,,,,,0.00978574529,888.354187,
1,7,20,7-20,Leaf,,,,,0.00249992101,332.732361,
1,7,21,7-21,Leaf,,,,,-0.00519490009,166.387344,
1,7,22,7-22,Leaf,,,,,0.0033426513,1682.90942,
1,7,23,7-23,Leaf,,,,,-0.00963975303,281.975647,
1,7,24,7-24,Leaf,,,,,-0.0174483415,287.740143,
1,7,25,7-25,Leaf,,,,,-0.0068590804,1974.91687,
1,7,26,7-26,Leaf,,,,,-0.00221439544,2426.23511,
1,7,27,7-27,Leaf,,,,,-0.000137216819,3728.8938,
1,7,28,7-28,Leaf,,,,,0.00570209278,560.358337,
1,7,29,7-29,Leaf,,,,,-0.0103327809,302.973175,
1,7,30,7-30,Leaf,,,,,-0.00301980763,1810.87854,
1,8,0,8-0,recent_weighted_avg_margin,5.22812605,8-1,8-2,8-1,174.43399,40716.2227,
1,8,1,8-1,jockey_history_top3_excess,0.0720480531,8-3,8-4,8-3,100.074875,34107.3516,
1,8,2,8-2,trainer_history_top3_excess,-0.0102040814,8-5,8-6,8-5,82.0682373,6608.87061,
1,8,3,8-3,best_finish_percentile_at_stronger_class,0.571428597,8-7,8-8,8-7,72.4512329,26461.7559,
1,8,4,8-4,distance_minus_recent_avg,-368.333344,8-9,8-10,8-10,41.0504456,7645.59668,
1,8,5,8-5,recent_margin_quality_weighted_3_minus_race_mean,-0.101810873,8-11,8-12,8-12,45.0675964,3213.90381,
1,8,6,8-6,recent_finish_percentile_weighted_3_minus_race_mean,-0.0105705261,8-13,8-14,8-14,30.5278587,3394.9668,
1,8,7,8-7,recent_last600_best_3,34.5,8-15,8-16,8-16,43.5132256,10269.749,
1,8,8,8-8,recent_weighted_win_rate_rank,2.0,8-17,8-18,8-18,39.3229294,16192.0068,
1,8,9,8-9,Leaf,,,,,-0.0179916304,46.3982239,
1,8,10,8-10,jockey_history_top3_excess,0.152532846,8-19,8-20,8-20,32.2065125,7599.19873,
1,8,11,8-11,recent_weighted_avg_margin,9.59683704,8-21,8-22,8-22,26.7111511,1597.07263,
1,8,12,8-12,jockey_recent_top3_excess,0.0105835358,8-23,8-24,8-24,12.2057648,1616.83118,
1,8,13,8-13,jockey_recent_top3_excess,-0.0911704227,8-25,8-26,8-25,20.7920208,1884.1814,
1,8,14,8-14,recent_similar_distance_speed_rank,4.0,8-27,8-28,8-28,17.5789337,1510.7854,
1,8,15,8-15,Leaf,,,,,0.000309799361,4322.97217,
1,8,16,8-16,Leaf,,,,,-0.00298325322,5946.77637,
1,8,17,8-17,Leaf,,,,,0.00309435325,4417.75098,
1,8,18,8-18,Leaf,,,,,0.00032956159,11774.2559,
1,8,19,8-19,Leaf,,,,,0.00265676179,6186.64893,
1,8,20,8-20,Leaf,,,,,0.00684459088,1412.5498,
1,8,21,8-21,Leaf,,,,,-0.00758087356,1222.0719,
1,8,22,8-22,Leaf,,,,,-0.015350516,375.000793,
1,8,23,8-23,Leaf,,,,,-0.00524421176,994.479858,
1,8,24,8-24,Leaf,,,,,-0.000761774369,622.351318,
1,8,25,8-25,Leaf,,,,,-0.00926311221,277.872559,
1,8,26,8-26,Leaf,,,,,-0.00193380937,1606.30884,
1,8,27,8-27,Leaf,,,,,0.00504921516,584.800964,
1,8,28,8-28,Leaf,,,,,-0.000448985171,925.984436,
1,9,0,9-0,recent_margin_quality_weighted_3_minus_race_mean,0.101066172,9-1,9-2,9-1,190.525665,40338.8594,
1,9,1,9-1,recent_weighted_avg_margin,9.59683704,9-3,9-4,9-3,71.3829422,20579.7148,
1,9,2,9-2,historical_market_overperformance_slope_3,0.211538464,9-5,9-6,9-5,34.329277,19759.1445,
1,9,3,9-3,best_finish_percentile_at_stronger_class,0.75,9-7,9-8,9-7,51.4542694,19801.248,
1,9,4,9-4,recent_margin_quality_weighted_3_minus_race_mean,-0.0598349571,9-9,9-10,9-10,26.4873657,778.466187,
1,9,5,9-5,good_starts,6.0,9-11,9-12,9-12,36.7179871,16484.7461,
1,9,6,9-6,current_weight_change_pct,-0.0178571437,9-13,9-14,9-14,15.3947201,3274.39844,
1,9,7,9-7,jockey_recent_top3_excess,0.111307181,9-15,9-16,9-15,41.8739777,11099.0068,
1,9,8,9-8,good_starts,14.0,9-17,9-18,9-18,27.680048,8702.24219,
1,9,9,9-9,recent_3_distance_m,1606.0,9-19,9-20,9-20,9.50379944,640.671875,
1,9,10,9-10,hidden_sectional_run_best_3,0.213215873,9-21,9-22,9-21,18.8236294,137.794312,
1,9,11,9-11,recent_margin_quality_weighted_3_minus_race_mean,0.179493427,9-23,9-24,9-24,37.6625214,9058.81543,
1,9,12,9-12,current_weight_change_pct,-0.0327868834,9-25,9-26,9-26,21.1934376,7425.93018,
1,9,13,9-13,current_weight_change_pct,-0.0267857146,9-27,9-28,9-28,12.5287571,465.270538,
1,9,14,9-14,recent_margin_quality_weighted_3_minus_race_mean,0.34690398,9-29,9-30,9-30,12.1857576,2809.12793,
1,9,15,9-15,Leaf,,,,,-0.00332884095,8783.52246,
1,9,16,9-16,Leaf,,,,,0.000445826736,2315.48413,
1,9,17,9-17,Leaf,,,,,0.000843899441,6512.40234,
1,9,18,9-18,Leaf,,,,,-0.00239900569,2189.83984,
1,9,19,9-19,Leaf,,,,,-0.0139599163,360.872345,
1,9,20,9-20,Leaf,,,,,-0.00725538144,279.7995,
1,9,21,9-21,Leaf,,,,,0.00714844698,91.9993134,
1,9,22,9-22,Leaf,,,,,-0.0109096831,45.795002,
1,9,23,9-23,Leaf,,,,,0.000867207476,2839.21997,
1,9,24,9-24,Leaf,,,,,0.00434790924,6219.59521,
1,9,25,9-25,Leaf,,,,,-0.00247395807,1003.57074,
1,9,26,9-26,Leaf,,,,,0.0014150166,6422.35938,
1,9,27,9-27,Leaf,,,,,-0.00276040309,389.290985,
1,9,28,9-28,Leaf,,,,,-0.0134681985,75.9795456,
1,9,29,9-29,Leaf,,,,,-0.000456231472,2531.15381,
1,9,30,9-30,Leaf,,,,,0.00496963412,277.974121,
1,10,0,10-0,recent_finish_percentile_weighted_6_rank_in_race,6.0,10-1,10-2,10-2,134.522873,39611.4961,
1,10,1,10-1,trainer_history_top3_excess,0.031478148,10-3,10-4,10-3,56.6563416,28695.1484,
1,10,2,10-2,recent_weighted_avg_margin,9.40214062,10-5,10-6,10-5,72.7258835,10916.3477,
1,10,3,10-3,recent_weighted_avg_margin_rank,4.0,10-7,10-8,10-8,42.4979401,14365.9248,
1,10,4,10-4,recent_3_distance_m,1100.0,10-9,10-10,10-10,29.1927109,14329.2236,
1,10,5,10-5,trainer_history_top3_excess,-0.0659999996,10-11,10-12,10-12,45.0835724,10325.3691,
1,10,6,10-6,current_weight_change_pct,0.109090909,10-13,10-14,10-13,10.8743362,590.979248,
1,10,7,10-7,distance_minus_recent_avg,325.0,10-15,10-16,10-16,24.8493099,9033.12793,
1,10,8,10-8,form_class_level_weighted_3,72.6666641,10-17,10-18,10-17,55.6883736,5332.79639,
1,10,9,10-9,hidden_sectional_run_best_3_gap_to_best,0.166585132,10-19,10-20,10-19,27.2981339,3910.46021,
1,10,10,10-10,jockey_recent_top3_excess,0.250980943,10-21,10-22,10-21,21.8802776,10418.7637,
1,10,11,10-11,form_class_level_weighted_3,52.0,10-23,10-24,10-23,28.0625992,979.272522,
1,10,12,10-12,current_weight_change_pct,-0.025641026,10-25,10-26,10-25,31.067831,9346.0957,
1,10,13,10-13,form_class_level_weighted_3,54.3333321,10-27,10-28,10-27,6.255867,557.53717,
1,10,14,10-14,recent_3_distance_m,1666.0,10-29,10-30,10-29,2.86667824,33.4420738,
1,10,15,10-15,Leaf,,,,,0.00124982768,8060.87109,
1,10,16,10-16,Leaf,,,,,-0.00296105468,972.256958,
1,10,17,10-17,Leaf,,,,,-0.00324194063,4338.66162,
1,10,18,10-18,Leaf,,,,,0.00329140201,994.134827,
1,10,19,10-19,Leaf,,,,,0.0014537446,1734.49634,
1,10,20,10-20,Leaf,,,,,0.00567076495,2175.96387,
1,10,21,10-21,Leaf,,,,,0.00105186366,10051.8369,
1,10,22,10-22,Leaf,,,,,0.00719421124,366.926392,
1,10,23,10-23,Leaf,,,,,-0.0140622202,251.322754,
1,10,24,10-24,Leaf,,,,,-0.00437539723,727.949768,
1,10,25,10-25,Leaf,,,,,-0.00353621063,2853.90747,
1,10,26,10-26,Leaf,,,,,-0.000408225314,6492.18896,
1,10,27,10-27,Leaf,,,,,-0.014322429,298.714294,
1,10,28,10-28,Leaf,,,,,-0.00819518324,258.822876,
1,10,29,10-29,Leaf,,,,,-0.00476121483,12.9777756,
1,10,30,10-30,Leaf,,,,,0.00699068187,20.4642963,
1,11,0,11-0,recent_finish_percentile_rank,6.0,11-1,11-2,11-2,174.021744,39464.0742,
1,11,1,11-1,distance_minus_recent_avg,-241.666672,11-3,11-4,11-4,58.2526436,28038.8867,
1,11,2,11-2,trainer_history_top3_excess,-0.0119047621,11-5,11-6,11-5,76.14991,11425.1895,
1,11,3,11-3,recent_3_distance_m,1666.0,11-7,11-8,11-7,15.4037971,891.1026,
1,11,4,11-4,prize_money_rank,2.0,11-9,11-10,11-10,44.9631042,27147.7832,
1,11,5,11-5,form_class_level_weighted_3,53.3333321,11-11,11-12,11-11,61.0079193,4211.08057,
1,11,6,11-6,recent_finish_percentile_weighted_3_minus_race_mean,-0.167178124,11-13,11-14,11-14,24.4231834,7214.10938,
1,11,7,11-7,jockey_recent_top3_excess,-0.0492921658,11-15,11-16,11-15,10.8777618,491.259552,
1,11,8,11-8,best_finish_percentile_at_equal_or_higher_weight,0.818181813,11-17,11-18,11-17,18.6081619,399.843018,
1,11,9,11-9,recent_finish_percentile_rank,2.0,11-19,11-20,11-20,21.5777664,3559.4375,
1,11,10,11-10,trainer_history_top3_excess,-0.033806596,11-21,11-22,11-21,33.9301834,23588.3457,
1,11,11,11-11,recent_margin_quality_weighted_3_minus_race_mean,-0.135045111,11-23,11-24,11-24,20.9773102,1344.29639,
1,11,12,11-12,jockey_history_starts,14.0,11-25,11-26,11-25,29.2704468,2866.78418,
1,11,13,11-13,current_weight_change_pct,0.0338983051,11-27,11-28,11-27,18.6993561,1611.76965,
1,11,14,11-14,form_class_level_weighted_3,59.3333321,11-29,11-30,11-30,18.3298664,5602.33936,
1,11,15,11-15,Leaf,,,,,-0.0072244443,160.275589,
1,11,16,11-16,Leaf,,,,,0.000522501243,330.983978,
1,11,17,11-17,Leaf,,,,,-0.00342216459,214.545334,
1,11,18,11-18,Leaf,,,,,-0.0143531188,185.297699,
1,11,19,11-19,Leaf,,,,,0.00658631464,1245.80481,
1,11,20,11-20,Leaf,,,,,0.00248840149,2313.63281,
1,11,21,11-21,Leaf,,,,,-0.00120522839,3886.57959,
1,11,22,11-22,Leaf,,,,,0.0013476531,19701.7656,
1,11,23,11-23,Leaf,,,,,-0.0151553629,325.475677,
1,11,24,11-24,Leaf,,,,,-0.00767838443,1018.82068,
1,11,25,11-25,Leaf,,,,,-0.00968187582,362.326385,
1,11,26,11-26,Leaf,,,,,-0.00214325264,2504.45776,
1,11,27,11-27,Leaf,,,,,-0.00535212317,1159.66003,
1,11,28,11-28,Leaf,,,,,0.000610367395,452.109589,
1,11,29,11-29,Leaf,,,,,-0.00267616007,1390.06042,
1,11,30,11-30,Leaf,,,,,0.000624433043,4212.2793,
1,12,0,12-0,jockey_history_top3_excess,0.00162350549,12-1,12-2,12-1,164.187943,38807.043,
1,12,1,12-1,recent_margin_quality_weighted_3_minus_race_mean,-0.101810873,12-3,12-4,12-4,102.258621,16164.0889,
1,12,2,12-2,recent_weighted_avg_margin,4.39091301,12-5,12-6,12-6,57.7324486,22642.9531,
1,12,3,12-3,form_class_level_weighted_3,56.0,12-7,12-8,12-7,38.3615112,2515.48828,
1,12,4,12-4,prize_money_rank,5.0,12-9,12-10,12-10,42.1632957,13648.6006,
1,12,5,12-5,jockey_history_top3_excess,0.152532846,12-11,12-12,12-12,35.9732208,17514.2891,
1,12,6,12-6,form_class_level_weighted_3,62.3333321,12-13,12-14,12-14,28.5996399,5128.66357,
1,12,7,12-7,best_finish_percentile_at_stronger_class,0.818181813,12-15,12-16,12-15,26.3412018,779.922241,
1,12,8,12-8,recent_finish_percentile_weighted_6_rank_in_race,7.0,12-17,12-18,12-18,14.1894569,1735.56616,
1,12,9,12-9,recent_margin_quality_weighted_3_minus_race_mean,0.0765467882,12-19,12-20,12-20,27.7330151,6528.34814,
1,12,10,12-10,form_class_level_weighted_3,58.3333321,12-21,12-22,12-21,28.8689117,7120.25244,
1,12,11,12-11,recent_similar_distance_speed_rank,7.0,12-23,12-24,12-24,29.2888565,16219.4561,
1,12,12,12-12,trainer_history_top3_excess,-0.0160466917,12-25,12-26,12-26,23.0785599,1294.83447,
1,12,13,12-13,recent_margin_quality_weighted_3_minus_race_mean,-0.2464239,12-27,12-28,12-28,17.3883133,2815.68848,
1,12,14,12-14,recent_finish_percentile_weighted_6_rank_in_race,7.0,12-29,12-30,12-30,23.5856018,2312.97485,
1,12,15,12-15,Leaf,,,,,-0.0134519711,638.687073,
1,12,16,12-16,Leaf,,,,,-0.00138162321,141.235199,
1,12,17,12-17,Leaf,,,,,-0.00166928058,659.179321,
1,12,18,12-18,Leaf,,,,,-0.00636645267,1076.38684,
1,12,19,12-19,Leaf,,,,,-0.0018869437,2459.7168,
1,12,20,12-20,Leaf,,,,,0.00146963575,4068.6311,
1,12,21,12-21,Leaf,,,,,-0.00411877735,3667.53809,
1,12,22,12-22,Leaf,,,,,-0.000929394213,3452.71411,
1,12,23,12-23,Leaf,,,,,0.00227313256,11114.3301,
1,12,24,12-24,Leaf,,,,,-1.28230631e-05,5105.12549,
1,12,25,12-25,Leaf,,,,,-0.00696379552,73.9831238,
1,12,26,12-26,Leaf,,,,,0.00670722593,1220.85132,
1,12,27,12-27,Leaf,,,,,-0.0104503855,166.558685,
1,12,28,12-28,Leaf,,,,,-0.00230589928,2649.12964,
1,12,29,12-29,Leaf,,,,,0.00354125793,1106.55139,
1,12,30,12-30,Leaf,,,,,-0.00149017782,1206.42358,
1,13,0,13-0,recent_margin_quality_weighted_3_minus_race_mean,-0.0538156629,13-1,13-2,13-2,145.051559,38792.0039,
1,13,1,13-1,form_class_level_weighted_3,60.3333321,13-3,13-4,13-3,84.9707413,7784.09521,
1,13,2,13-2,recent_margin_quality_weighted_3_minus_race_mean,0.219716489,13-5,13-6,13-5,68.4032516,31007.9082,
1,13,3,13-3,jockey_history_top3_excess,0.0134300599,13-7,13-8,13-8,36.0245514,3396.97241,
1,13,4,13-4,good_starts,8.0,13-9,13-10,13-10,45.9116249,4387.12305,
1,13,5,13-5,jockey_history_top3_excess,-0.057640478,13-11,13-12,13-11,48.5807037,21406.5547,
1,13,6,13-6,jockey_history_top3_excess,0.14005594,13-13,13-14,13-13,53.2522202,9601.35449,
1,13,7,13-7,best_finish_percentile_at_stronger_class,0.857142866,13-15,13-16,13-15,23.6564484,1951.44202,
1,13,8,13-8,recent_3_margin,6.80000019,13-17,13-18,13-17,16.0253906,1445.5304,
1,13,9,13-9,current_weight_change_pct,0.0250000004,13-19,13-20,13-19,22.0458508,1863.45044,
1,13,10,13-10,jockey_trainer_history_smoothed_top3_rate_gap_to_best,0.199999988,13-21,13-22,13-21,25.5651932,2523.67261,
1,13,11,13-11,recent_margin_quality_weighted_3_minus_race_mean,0.16372332,13-23,13-24,13-23,23.6813126,2545.89111,
1,13,12,13-12,good_starts,14.0,13-25,13-26,13-25,29.3022976,18860.6621,
1,13,13,13-13,recent_last600_best_3,35.3899994,13-27,13-28,13-28,40.9354935,9001.37305,
1,13,14,13-14,recent_last600_best_3,35.9500008,13-29,13-30,13-29,12.3475037,599.98175,
1,13,15,13-15,Leaf,,,,,-0.00960153155,1560.3717,
1,13,16,13-16,Leaf,,,,,-0.00262245396,391.070312,
1,13,17,13-17,Leaf,,,,,-0.00141075638,1077.80298,
1,13,18,13-18,Leaf,,,,,-0.00742502278,367.727478,
1,13,19,13-19,Leaf,,,,,0.000109273409,1169.26208,
1,13,20,13-20,Leaf,,,,,0.00571504189,694.188354,
1,13,21,13-21,Leaf,,,,,-0.00192874053,2187.71704,
1,13,22,13-22,Leaf,,,,,-0.0092681488,335.955414,
1,13,23,13-23,Leaf,,,,,-0.00440380257,2074.39355,
1,13,24,13-24,Leaf,,,,,0.00176112901,471.497498,
1,13,25,13-25,Leaf,,,,,0.000881818298,15413.5703,
1,13,26,13-26,Leaf,,,,,-0.0016644866,3447.09277,
1,13,27,13-27,Leaf,,,,,0.00344246486,5277.05273,
1,13,28,13-28,Leaf,,,,,1.89146249e-05,3724.32031,
1,13,29,13-29,Leaf,,,,,0.0106416894,558.463013,
1,13,30,13-30,Leaf,,,,,-0.00278712017,41.5187454,
1,14,0,14-0,recent_finish_percentile_weighted_3_minus_race_mean,-0.155434132,14-1,14-2,14-2,131.241455,38334.293,
1,14,1,14-1,jockey_history_top3_excess,0.0614669435,14-3,14-4,14-3,51.8512802,3685.96191,
1,14,2,14-2,jockey_history_top3_excess,0.00162350549,14-5,14-6,14-6,79.9531631,34648.332,
1,14,3,14-3,form_class_level_weighted_3,62.3333321,14-7,14-8,14-7,42.8229218,2853.01514,
1,14,4,14-4,recent_margin_std_6,0.685322285,14-9,14-10,14-9,15.8861065,832.946716,
1,14,5,14-5,current_weight_change_pct,0.0075757578,14-11,14-12,14-11,37.7883301,13691.7402,
1,14,6,14-6,recent_finish_percentile_weighted_3_minus_race_mean,0.253948271,14-13,14-14,14-13,50.3457603,20956.5918,
1,14,7,14-7,best_finish_percentile_at_stronger_class,0.800000012,14-15,14-16,14-15,31.0378723,1346.10339,
1,14,8,14-8,recent_finish_percentile_weighted_6_rank_in_race,7.0,14-17,14-18,14-18,13.1414642,1506.91162,
1,14,9,14-9,jockey_history_top3_excess,0.0869677514,14-19,14-20,14-20,3.37242126,70.6082077,
1,14,10,14-10,best_finish_percentile_at_stronger_class,0.235294119,14-21,14-22,14-22,9.20039749,762.338501,
1,14,11,14-11,jockey_history_top3_excess,-0.066267252,14-23,14-24,14-24,18.2281265,7660.92432,
1,14,12,14-12,recent_weighted_avg_margin,5.16203308,14-25,14-26,14-26,21.4505634,6030.81592,
1,14,13,14-13,form_class_level_weighted_3,62.6666679,14-27,14-28,14-27,30.0636654,15613.6934,
1,14,14,14-14,recent_margin_std_6,1.93993127,14-29,14-30,14-30,35.6254883,5342.89795,
1,14,15,14-15,Leaf,,,,,-0.0113963941,1051.82458,
1,14,16,14-16,Leaf,,,,,-0.00211064238,294.27887,
1,14,17,14-17,Leaf,,,,,0.000767176913,378.466278,
1,14,18,14-18,Leaf,,,,,-0.00457867002,1128.44543,
1,14,19,14-19,Leaf,,,,,0.0020750144,23.2494984,
1,14,20,14-20,Leaf,,,,,0.0147893131,47.3587112,
1,14,21,14-21,Leaf,,,,,-0.00933694746,53.4050407,
1,14,22,14-22,Leaf,,,,,0.000595422811,708.933472,
1,14,23,14-23,Leaf,,,,,-0.00455502374,1688.95044,
1,14,24,14-24,Leaf,,,,,-0.00161049364,5971.97412,
1,14,25,14-25,Leaf,,,,,0.00100209552,5136.82178,
1,14,26,14-26,Leaf,,,,,-0.00317294337,893.994324,
1,14,27,14-27,Leaf,,,,,-0.000360483478,8549.56348,
1,14,28,14-28,Leaf,,,,,0.00184185617,7064.13037,
1,14,29,14-29,Leaf,,,,,0.00579992821,2289.27051,
1,14,30,14-30,Leaf,,,,,0.00166776613,3053.6272,
1,15,0,15-0,recent_finish_percentile_weighted_3_minus_race_mean,-0.0224326849,15-1,15-2,15-1,143.266876,38239.4414,
1,15,1,15-1,jockey_history_top3_excess,-0.0152178463,15-3,15-4,15-3,61.8575287,9643.9502,
1,15,2,15-2,recent_last600_best_3,34.3800011,15-5,15-6,15-6,58.1036339,28595.4922,
1,15,3,15-3,recent_finish_percentile_weighted_3_minus_race_mean,-0.155434132,15-7,15-8,15-8,33.9432678,3365.27979,
1,15,4,15-4,jockey_history_top3_excess,0.067592591,15-9,15-10,15-10,23.2504768,6278.6709,
1,15,5,15-5,good_starts,16.0,15-11,15-12,15-12,39.30867,9572.4502,
1,15,6,15-6,jockey_history_top3_excess,0.133503571,15-13,15-14,15-13,37.7076187,19023.043,
1,15,7,15-7,best_finish_percentile_at_stronger_class,0.666666687,15-15,15-16,15-15,17.1561432,1287.00574,
1,15,8,15-8,jockey_history_top3_excess,-0.114671513,15-17,15-18,15-18,16.8494759,2078.27393,
1,15,9,15-9,best_finish_percentile_at_stronger_class,0.727272749,15-19,15-20,15-19,30.9171772,4261.62354,
1,15,10,15-10,hidden_sectional_run_best_3,0.179994434,15-21,15-22,15-22,17.5511742,2017.04736,
1,15,11,15-11,recent_finish_percentile_weighted_3_minus_race_mean,0.281823516,15-23,15-24,15-24,26.992569,8511.16895,
1,15,12,15-12,hidden_sectional_run_best_3_gap_to_best,0.164118946,15-25,15-26,15-26,24.7080498,1061.28101,
1,15,13,15-13,prize_money_rank,4.0,15-27,15-28,15-28,31.5890331,17965.9883,
1,15,14,15-14,trainer_history_top3_excess,0.0246690307,15-29,15-30,15-29,17.3959351,1057.05383,
1,15,15,15-15,Leaf,,,,,-0.0107559562,791.262451,
1,15,16,15-16,Leaf,,,,,-0.00465548318,495.743286,
1,15,17,15-17,Leaf,,,,,-0.0132593233,91.5379105,
1,15,18,15-18,Leaf,,,,,-0.00274677179,1986.73596,
1,15,19,15-19,Leaf,,,,,-0.00380862504,2616.75635,
1,15,20,15-20,Leaf,,,,,0.000556141371,1644.86694,
1,15,21,15-21,Leaf,,,,,-0.00886180531,94.3683624,
1,15,22,15-22,Leaf,,,,,0.00166269415,1922.67908,
1,15,23,15-23,Leaf,,,,,0.00235369429,6575.82031,
1,15,24,15-24,Leaf,,,,,0.00571891665,1935.34875,
1,15,25,15-25,Leaf,,,,,0.00131066877,610.620605,
1,15,26,15-26,Leaf,,,,,-0.00633504242,450.6604,
1,15,27,15-27,Leaf,,,,,0.00127590261,6596.30273,
1,15,28,15-28,Leaf,,,,,-0.000897391059,11369.6865,
1,15,29,15-29,Leaf,,,,,-0.00109882734,241.557007,
1,15,30,15-30,Leaf,,,,,0.0064669163,815.496826,
1,16,0,16-0,recent_weighted_avg_margin,5.0999999,16-1,16-2,16-1,143.674377,37673.9062,
1,16,1,16-1,good_starts,9.0,16-3,16-4,16-3,57.2546844,31382.7812,
1,16,2,16-2,best_finish_percentile_at_stronger_class,0.733333349,16-5,16-6,16-5,43.8758316,6291.12646,
1,16,3,16-3,best_finish_percentile_at_stronger_class,0.800000012,16-7,16-8,16-7,64.2843781,20532.4258,
1,16,4,16-4,jockey_history_top3_excess,0.0497120917,16-9,16-10,16-9,25.8887157,10850.3545,
1,16,5,16-5,jockey_history_top3_excess,-0.0106505677,16-11,16-12,16-11,40.2536926,3753.01978,
1,16,6,16-6,hidden_sectional_run_best_3_gap_to_best,0.220605642,16-13,16-14,16-13,14.0246792,2538.10645,
1,16,7,16-7,jockey_history_top3_excess,0.0645141155,16-15,16-16,16-15,35.7941246,11901.7119,
1,16,8,16-8,recent_finish_percentile_weighted_3_minus_race_mean,0.277472019,16-17,16-18,16-18,33.1287537,8630.71387,
1,16,9,16-9,recent_similar_distance_speed_rank,7.0,16-19,16-20,16-20,22.0636635,7577.32422,
1,16,10,16-10,horse_jockey_win_rate_rank,8.0,16-21,16-22,16-22,20.7279968,3273.03027,
1,16,11,16-11,recent_finish_percentile_weighted_3_minus_race_mean,-0.144520015,16-23,16-24,16-24,25.8451233,1612.63245,
1,16,12,16-12,recent_weighted_avg_margin,9.23797798,16-25,16-26,16-26,15.8958511,2140.38745,
1,16,13,16-13,jockey_history_top3_excess,-0.0724849552,16-27,16-28,16-28,13.336216,2420.37183,
1,16,14,16-14,best_finish_percentile_at_stronger_class,0.842105269,16-29,16-30,16-30,11.7075291,117.734673,
1,16,15,16-15,Leaf,,,,,-0.000491927785,8358.4873,
1,16,16,16-16,Leaf,,,,,0.00250273105,3543.22437,
1,16,17,16-17,Leaf,,,,,0.00228916551,6317.02051,
1,16,18,16-18,Leaf,,,,,0.00579179032,2313.69336,
1,16,19,16-19,Leaf,,,,,-0.000595339632,5408.52197,
1,16,20,16-20,Leaf,,,,,-0.00357850199,2168.80249,
1,16,21,16-21,Leaf,,,,,-0.000283543923,2100.01001,
1,16,22,16-22,Leaf,,,,,0.00385043817,1173.02039,
1,16,23,16-23,Leaf,,,,,-0.0120218936,618.573547,
1,16,24,16-24,Leaf,,,,,-0.00541183632,994.05896,
1,16,25,16-25,Leaf,,,,,-0.0018663049,1842.37671,
1,16,26,16-26,Leaf,,,,,-0.00803362112,298.010712,
1,16,27,16-27,Leaf,,,,,-0.00569046475,250.399918,
1,16,28,16-28,Leaf,,,,,0.000294440775,2169.97192,
1,16,29,16-29,Leaf,,,,,-0.00033904289,57.6945953,
1,16,30,16-30,Leaf,,,,,-0.0157219004,60.0400772,
1,17,0,17-0,recent_finish_percentile_weighted_3_minus_race_mean,0.0005017519,17-1,17-2,17-2,155.162247,37472.7969,
1,17,1,17-1,form_class_level_weighted_3,53.5999985,17-3,17-4,17-3,75.6774292,10239.4844,
1,17,2,17-2,jockey_history_top3_excess,-0.0202924963,17-5,17-6,17-6,56.6106949,27233.3125,
1,17,3,17-3,jockey_history_top3_excess,-0.0613810904,17-7,17-8,17-7,47.9484406,2546.36646,
1,17,4,17-4,best_finish_percentile_at_stronger_class,0.733333349,17-9,17-10,17-9,32.092968,7693.11816,
1,17,5,17-5,recent_finish_percentile_weighted_3_minus_race_mean,0.0979245007,17-11,17-12,17-11,21.626112,7058.78027,
1,17,6,17-6,recent_margin_quality_weighted_3_minus_race_mean,0.219716489,17-13,17-14,17-13,38.0255966,20174.5312,
1,17,7,17-7,jockey_trainer_history_smoothed_top3_rate_gap_to_best,0.0444444418,17-15,17-16,17-16,3.29516602,408.567383,
1,17,8,17-8,recent_margin_quality_weighted_3_minus_race_mean,-0.0340842605,17-17,17-18,17-18,26.5207748,2137.79907,
1,17,9,17-9,historical_market_overperformance_slope_3,0.286965102,17-19,17-20,17-19,15.3343735,4397.83154,
1,17,10,17-10,jockey_history_top3_excess,-0.103352167,17-21,17-22,17-22,20.5666733,3295.28662,
1,17,11,17-11,form_class_level_weighted_3,53.3333321,17-23,17-24,17-23,18.9725761,1960.69727,
1,17,12,17-12,recent_similar_distance_speed_rank,8.0,17-25,17-26,17-26,17.8667526,5098.08301,
1,17,13,17-13,prize_money_rank,3.0,17-27,17-28,17-28,25.9512978,13318.6465,
1,17,14,17-14,jockey_history_top3_excess,0.14005594,17-29,17-30,17-29,37.5753326,6855.88477,
1,17,15,17-15,Leaf,,,,,-0.00499938428,38.8129768,
1,17,16,17-16,Leaf,,,,,-0.0147954151,369.754395,
1,17,17,17-17,Leaf,,,,,-0.00711519876,1214.70618,
1,17,18,17-18,Leaf,,,,,-0.00147392927,923.092834,
1,17,19,17-19,Leaf,,,,,-0.00307840365,4092.60767,
1,17,20,17-20,Leaf,,,,,0.00265479181,305.22406,
1,17,21,17-21,Leaf,,,,,-0.0133513501,54.8694611,
1,17,22,17-22,Leaf,,,,,0.000863005698,3240.41699,
1,17,23,17-23,Leaf,,,,,-0.0063356976,699.383728,
1,17,24,17-24,Leaf,,,,,-0.00120429974,1261.31348,
1,17,25,17-25,Leaf,,,,,0.00081620022,3962.61108,
1,17,26,17-26,Leaf,,,,,-0.00272769481,1135.47205,
1,17,27,17-27,Leaf,,,,,0.00291041727,3277.90576,
1,17,28,17-28,Leaf,,,,,0.000350005634,10040.7412,
1,17,29,17-29,Leaf,,,,,0.00270411768,6281.15576,
1,17,30,17-30,Leaf,,,,,0.00935037341,574.729187,
1,18,0,18-0,trainer_history_top3_excess,0.0775297582,18-1,18-2,18-1,103.456429,37192.082,
1,18,1,18-1,recent_weighted_avg_margin_rank,5.0,18-3,18-4,18-4,92.9032974,29212.4395,
1,18,2,18-2,recent_3_distance_m,1200.0,18-5,18-6,18-6,27.7884293,7979.64258,
1,18,3,18-3,jockey_history_top3_excess,0.0304643884,18-7,18-8,18-7,27.731863,17800.6016,
1,18,4,18-4,form_class_level_weighted_3,53.5999985,18-9,18-10,18-9,54.1835861,11411.8379,
1,18,5,18-5,good_wins,3.0,18-11,18-12,18-12,13.899765,2755.67798,
1,18,6,18-6,jockey_recent_top3_excess,0.20565033,18-13,18-14,18-13,19.6021862,5223.96436,
1,18,7,18-7,best_finish_percentile_at_stronger_class,0.615384638,18-15,18-16,18-15,17.6375847,10614.4248,
1,18,8,18-8,jockey_history_starts,13.0,18-17,18-18,18-18,19.6339188,7186.17627,
1,18,9,18-9,jockey_history_top3_excess,-0.063271746,18-19,18-20,18-20,41.7950897,3461.37109,
1,18,10,18-10,best_finish_percentile_at_stronger_class,0.733333349,18-21,18-22,18-21,37.2947464,7950.46729,
1,18,11,18-11,historical_market_overperformance_slope_3,0.190247253,18-23,18-24,18-23,13.6936646,2371.14746,
1,18,12,18-12,jockey_recent_top3_excess,0.113599494,18-25,18-26,18-26,10.4148417,384.530457,
1,18,13,18-13,recent_similar_distance_speed_rank,12.0,18-27,18-28,18-27,19.5960274,4762.46875,
1,18,14,18-14,recent_last600_best_3,36.2000008,18-29,18-30,18-29,11.0262814,461.495819,
1,18,15,18-15,Leaf,,,,,-0.00167427573,3764.37061,
1,18,16,18-16,Leaf,,,,,0.000453246757,6850.0542,
1,18,17,18-17,Leaf,,,,,-0.00325223873,456.972961,
1,18,18,18-18,Leaf,,,,,0.00205030106,6729.20312,
1,18,19,18-19,Leaf,,,,,-0.0118957041,465.690155,
1,18,20,18-20,Leaf,,,,,-0.00387327489,2995.68091,
1,18,21,18-21,Leaf,,,,,-0.00279375748,4348.7832,
1,18,22,18-22,Leaf,,,,,0.000641559425,3601.68408,
1,18,23,18-23,Leaf,,,,,0.00613998203,2006.3053,
1,18,24,18-24,Leaf,,,,,0.000831222453,364.842316,
1,18,25,18-25,Leaf,,,,,-0.00268339552,256.758179,
1,18,26,18-26,Leaf,,,,,0.00577979116,127.772301,
1,18,27,18-27,Leaf,,,,,0.00125924207,4674.01221,
1,18,28,18-28,Leaf,,,,,-0.0100095728,88.4565659,
1,18,29,18-29,Leaf,,,,,0.00729390234,439.478333,
1,18,30,18-30,Leaf,,,,,-0.00823972933,22.0174961,
1,19,0,19-0,recent_finish_percentile_weighted_3_minus_race_mean,0.0774794817,19-1,19-2,19-1,114.472969,36834.2031,
1,19,1,19-1,trainer_history_top3_excess,0.0103176236,19-3,19-4,19-3,76.0081253,15652.6934,
1,19,2,19-2,recent_last600_best_3,35.5400009,19-5,19-6,19-6,52.3735046,21181.5098,
1,19,3,19-3,form_class_level_weighted_3,53.5999985,19-7,19-8,19-7,85.2026367,7404.41846,
1,19,4,19-4,good_wins,3.0,19-9,19-10,19-10,18.1874752,8248.27539,
1,19,5,19-5,recent_finish_percentile_weighted_3_minus_race_mean,0.261309385,19-11,19-12,19-12,35.5275497,13728.0547,
1,19,6,19-6,recent_similar_distance_speed_rank,6.0,19-13,19-14,19-14,19.0135365,7453.45508,
1,19,7,19-7,recent_weighted_avg_margin,4.85575819,19-15,19-16,19-15,35.2770538,2208.02832,
1,19,8,19-8,recent_margin_quality_weighted_3_minus_race_mean,-0.270329595,19-17,19-18,19-18,24.47188,5196.39014,
1,19,9,19-9,form_class_level_weighted_3,64.0,19-19,19-20,19-19,19.1226006,6927.66016,
1,19,10,19-10,jockey_trainer_history_smoothed_top3_rate_gap_to_best,0.150849134,19-21,19-22,19-21,12.3677921,1320.61487,
1,19,11,19-11,best_finish_percentile_at_equal_or_higher_weight,0.307692319,19-23,19-24,19-23,41.9337463,8961.89746,
1,19,12,19-12,horse_jockey_win_rate_rank,2.0,19-25,19-26,19-25,26.0930634,4766.15723,
1,19,13,19-13,prize_money_rank,9.0,19-27,19-28,19-28,12.923748,3994.16602,
1,19,14,19-14,trainer_history_top3_excess,0.206404045,19-29,19-30,19-29,17.2914219,3459.28906,
1,19,15,19-15,Leaf,,,,,-0.00441656774,1111.90881,
1,19,16,19-16,Leaf,,,,,-0.0108036352,1096.11963,
1,19,17,19-17,Leaf,,,,,-0.00823452603,332.06781,
1,19,18,19-18,Leaf,,,,,-0.00130509574,4864.32227,
1,19,19,19-19,Leaf,,,,,-0.000702559075,3817.68164,
1,19,20,19-20,Leaf,,,,,0.00193390495,3109.97827,
1,19,21,19-21,Leaf,,,,,-0.001564209,1093.58228,
1,19,22,19-22,Leaf,,,,,-0.00790147483,227.032639,
1,19,23,19-23,Leaf,,,,,0.00359275425,2890.4751,
1,19,24,19-24,Leaf,,,,,-6.03041517e-05,6071.42188,
1,19,25,19-25,Leaf,,,,,0.00480444031,3665.51538,
1,19,26,19-26,Leaf,,,,,0.000406222651,1100.64185,
1,19,27,19-27,Leaf,,,,,0.00111403887,3573.50635,
1,19,28,19-28,Leaf,,,,,-0.00346849486,420.659668,
1,19,29,19-29,Leaf,,,,,-0.00214484218,3404.52197,
1,19,30,19-30,Leaf,,,,,0.0109020891,54.7671089,
1,20,0,20-0,recent_margin_quality_weighted_3_minus_race_mean,-0.0477931798,20-1,20-2,20-2,102.719284,36587.8984,
1,20,1,20-1,trainer_history_top3_excess,0.0146103892,20-3,20-4,20-3,50.5561829,7633.16797,
1,20,2,20-2,jockey_history_top3_excess,0.14005594,20-5,20-6,20-5,61.7248878,28954.7285,
1,20,3,20-3,current_weight_change_pct,0.0423728824,20-7,20-8,20-7,32.3524628,3992.52246,
1,20,4,20-4,jockey_history_top3_excess,-0.0652798787,20-9,20-10,20-9,29.8843994,3640.64551,
1,20,5,20-5,recent_finish_percentile_weighted_3_minus_race_mean,0.261309385,20-11,20-12,20-11,42.8992691,27357.8477,
1,20,6,20-6,recent_margin_quality_weighted_3_minus_race_mean,0.223216027,20-13,20-14,20-14,24.5916214,1596.88086,
1,20,7,20-7,recent_margin_quality_weighted_3_minus_race_mean,-0.294749916,20-15,20-16,20-16,22.3415833,3120.83398,
1,20,8,20-8,jockey_recent_top3_excess,0.020420514,20-17,20-18,20-17,21.977005,871.68866,
1,20,9,20-9,recent_3_margin,1.10000002,20-19,20-20,20-20,7.96345711,206.83519,
1,20,10,20-10,recent_finish_percentile_weighted_3_minus_race_mean,-0.306332707,20-21,20-22,20-22,14.9454145,3433.8103,
1,20,11,20-11,distance_minus_recent_avg,-349.166656,20-23,20-24,20-24,26.8400669,20316.207,
1,20,12,20-12,recent_margin_std_6,2.20000005,20-25,20-26,20-26,43.5681801,7041.6416,
1,20,13,20-13,current_weight_change_pct,-0.0344827585,20-27,20-28,20-28,16.5408096,1046.45544,
1,20,14,20-14,distance_minus_recent_avg,-78.1666641,20-29,20-30,20-30,14.1940765,550.425354,
1,20,15,20-15,Leaf,,,,,-0.0131115532,239.859131,
1,20,16,20-16,Leaf,,,,,-0.00520471158,2880.97485,
1,20,17,20-17,Leaf,,,,,-0.00382489758,495.988647,
1,20,18,20-18,Leaf,,,,,0.00409614062,375.700012,
1,20,19,20-19,Leaf,,,,,0.00119046017,33.09272,
1,20,20,20-20,Leaf,,,,,-0.0116355214,173.742462,
1,20,21,20-21,Leaf,,,,,-0.00507583749,320.98761,
1,20,22,20-22,Leaf,,,,,0.000510882994,3112.82251,
1,20,23,20-23,Leaf,,,,,-0.00885405857,218.497665,
1,20,24,20-24,Leaf,,,,,-0.0002359317,20097.709,
1,20,25,20-25,Leaf,,,,,0.00391867338,3473.20386,
1,20,26,20-26,Leaf,,,,,-9.99869917e-06,3568.43774,
1,20,27,20-27,Leaf,,,,,-0.00842123013,64.5663376,
1,20,28,20-28,Leaf,,,,,0.00381818274,981.88916,
1,20,29,20-29,Leaf,,,,,-0.0044960971,36.0640755,
1,20,30,20-30,Leaf,,,,,0.0105980402,514.361267,
1,21,0,21-0,recent_finish_percentile_weighted_3_minus_race_mean,-0.0224326849,21-1,21-2,21-1,116.158218,36324.1719,
1,21,1,21-1,form_class_level_weighted_3,58.3333321,21-3,21-4,21-3,49.5604248,9134.7334,
1,21,2,21-2,trainer_history_top3_excess,0.0161253326,21-5,21-6,21-5,47.3038635,27189.4395,
1,21,3,21-3,trainer_history_top3_excess,0.0420240685,21-7,21-8,21-7,35.83638,3575.88525,
1,21,4,21-4,recent_finish_percentile_weighted_3_minus_race_mean,-0.396668434,21-9,21-10,21-10,24.4900551,5558.84863,
1,21,5,21-5,form_class_level_weighted_3,77.5,21-11,21-12,21-11,29.9535751,11163.2227,
1,21,6,21-6,recent_weighted_win_rate_rank,2.0,21-13,21-14,21-14,38.1351547,16026.2158,
1,21,7,21-7,recent_margin_quality_weighted_3_minus_race_mean,-0.175124943,21-15,21-16,21-16,32.3166809,2528.16772,
1,21,8,21-8,recent_finish_percentile_weighted_3_minus_race_mean,-0.118404806,21-17,21-18,21-18,10.7639866,1047.71753,
1,21,9,21-9,jockey_trainer_history_smoothed_top3_rate_gap_to_best,0.098484844,21-19,21-20,21-20,5.69535255,154.729034,
1,21,10,21-10,trainer_history_top3_excess,-0.0881416202,21-21,21-22,21-22,20.946146,5404.11963,
1,21,11,21-11,recent_weighted_avg_margin_rank,4.0,21-23,21-24,21-24,24.6882648,9785.86035,
1,21,12,21-12,recent_3_distance_m,1400.0,21-25,21-26,21-26,15.0585327,1377.36279,
1,21,13,21-13,jockey_history_starts,24.0,21-27,21-28,21-28,16.0850906,5100.74072,
1,21,14,21-14,good_starts,18.0,21-29,21-30,21-30,25.3983994,10925.4756,
1,21,15,21-15,Leaf,,,,,-0.0116230771,576.286316,
1,21,16,21-16,Leaf,,,,,-0.00485269865,1951.88147,
1,21,17,21-17,Leaf,,,,,-0.00429271488,370.841125,
1,21,18,21-18,Leaf,,,,,0.000946259592,676.876404,
1,21,19,21-19,Leaf,,,,,-0.00228813267,45.4979897,
1,21,20,21-20,Leaf,,,,,-0.0134695489,109.231041,
1,21,21,21-21,Leaf,,,,,-0.00823529903,214.991089,
1,21,22,21-22,Leaf,,,,,-0.000439441297,5189.12842,
1,21,23,21-23,Leaf,,,,,-2.69539796e-05,6038.46191,
1,21,24,21-24,Leaf,,,,,-0.00260913325,3747.39844,
1,21,25,21-25,Leaf,,,,,0.00502754794,824.307251,
1,21,26,21-26,Leaf,,,,,-0.000276979961,553.055542,
1,21,27,21-27,Leaf,,,,,-0.000620767416,556.685364,
1,21,28,21-28,Leaf,,,,,0.00386135257,4544.05518,
1,21,29,21-29,Leaf,,,,,0.00117094815,9754.44531,
1,21,30,21-30,Leaf,,,,,-0.00271015288,1171.03052,
1,22,0,22-0,recent_weighted_avg_margin,4.39091301,22-1,22-2,22-2,114.62487,36363.168,
1,22,1,22-1,good_starts,19.0,22-3,22-4,22-4,75.6495056,26920.5762,
1,22,2,22-2,form_class_level_weighted_3,61.5,22-5,22-6,22-5,60.0774612,9442.58984,
1,22,3,22-3,recent_finish_percentile_rank,8.0,22-7,22-8,22-8,39.6084595,24159.707,
1,22,4,22-4,jockey_recent_top3_excess,0.109285496,22-9,22-10,22-10,16.0448303,2760.87109,
1,22,5,22-5,recent_margin_quality_weighted_3_minus_race_mean,-0.172357947,22-11,22-12,22-12,52.2967072,5992.5752,
1,22,6,22-6,recent_finish_percentile_weighted_3_minus_race_mean,-0.290859818,22-13,22-14,22-14,35.8782845,3450.01465,
1,22,7,22-7,recent_margin_quality_weighted_3_minus_race_mean,0.337773383,22-15,22-16,22-16,28.7631302,21679.0586,
1,22,8,22-8,trainer_history_top3_excess,0.0344012827,22-17,22-18,22-17,31.9438534,2480.64795,
1,22,9,22-9,best_finish_percentile_at_equal_or_higher_weight,0.222222224,22-19,22-20,22-19,17.9617119,2274.58252,
1,22,10,22-10,hidden_sectional_run_best_3,0.0854666531,22-21,22-22,22-22,15.3585205,486.288452,
1,22,11,22-11,trainer_history_top3_excess,-0.0102040814,22-23,22-24,22-23,13.7892761,932.793213,
1,22,12,22-12,trainer_history_top3_excess,-0.0609951466,22-25,22-26,22-26,30.6598167,5059.78223,
1,22,13,22-13,recent_margin_quality_weighted_3_minus_race_mean,-0.135045111,22-27,22-28,22-28,9.27442551,407.416077,
1,22,14,22-14,distance_minus_recent_avg,-121.666664,22-29,22-30,22-30,26.9489288,3042.59863,
1,22,15,22-15,Leaf,,,,,0.00146674167,19479.3945,
1,22,16,22-16,Leaf,,,,,0.00448088162,2199.66309,
1,22,17,22-17,Leaf,,,,,-0.00458907103,1149.73877,
1,22,18,22-18,Leaf,,,,,0.00107764185,1330.90906,
1,22,19,22-19,Leaf,,,,,0.00153800054,630.367737,
1,22,20,22-20,Leaf,,,,,-0.00339665799,1644.21472,
1,22,21,22-21,Leaf,,,,,0.00296814623,75.5022125,
1,22,22,22-22,Leaf,,,,,-0.00889173709,410.786255,
1,22,23,22-23,Leaf,,,,,-0.012006457,497.46817,
1,22,24,22-24,Leaf,,,,,-0.00565831317,435.325012,
1,22,25,22-25,Leaf,,,,,-0.00767897815,665.333679,
1,22,26,22-26,Leaf,,,,,-0.00194238836,4394.44873,
1,22,27,22-27,Leaf,,,,,-0.00770592643,367.324707,
1,22,28,22-28,Leaf,,,,,0.00406352803,40.0913734,
1,22,29,22-29,Leaf,,,,,-0.00397466449,487.8461,
1,22,30,22-30,Leaf,,,,,0.00238161301,2554.75244,
1,23,0,23-0,recent_weighted_avg_margin,4.39091301,23-1,23-2,23-2,94.9087296,35751.7148,
1,23,1,23-1,jockey_history_top3_excess,0.0995124429,23-3,23-4,23-4,42.1533165,26559.3125,
1,23,2,23-2,trainer_history_top3_excess,-0.00958582107,23-5,23-6,23-5,50.1468201,9192.4043,
1,23,3,23-3,best_finish_percentile_at_stronger_class,0.571428597,23-7,23-8,23-7,31.5851574,22710.7363,
1,23,4,23-4,recent_finish_percentile_weighted_6_rank_in_race,2.0,23-9,23-10,23-10,26.0524216,3848.57568,
1,23,5,23-5,form_class_level_weighted_3,53.5999985,23-11,23-12,23-11,37.3793259,3972.73853,
1,23,6,23-6,current_weight_change_pct,-0.017699115,23-13,23-14,23-14,28.7773952,5219.66602,
1,23,7,23-7,form_class_level_weighted_3,64.0,23-15,23-16,23-15,30.9150772,8512.78906,
1,23,8,23-8,good_wins,3.0,23-17,23-18,23-18,41.250946,14197.9473,
1,23,9,23-9,historical_market_overperformance_slope_3,0.197222218,23-19,23-20,23-19,20.4518585,1063.80725,
1,23,10,23-10,horse_jockey_win_rate_rank,5.0,23-21,23-22,23-22,10.9500628,2784.76855,
1,23,11,23-11,recent_finish_percentile_weighted_6_rank_in_race,6.0,23-23,23-24,23-23,26.492218,1656.7207,
1,23,12,23-12,recent_weighted_avg_margin_rank,7.0,23-25,23-26,23-26,16.4167194,2316.01782,
1,23,13,23-13,form_class_level_weighted_3,70.0,23-27,23-28,23-27,17.5132828,666.47467,
1,23,14,23-14,trainer_history_top3_excess,0.119646482,23-29,23-30,23-30,18.3215065,4553.19092,
1,23,15,23-15,Leaf,,,,,-0.00238417042,4505.00879,
1,23,16,23-16,Leaf,,,,,0.000630344031,4007.77979,
1,23,17,23-17,Leaf,,,,,0.00151351769,12149.5781,
1,23,18,23-18,Leaf,,,,,-0.00231324066,2048.36963,
1,23,19,23-19,Leaf,,,,,0.00742216269,975.727356,
1,23,20,23-20,Leaf,,,,,-0.00469916686,88.0799408,
1,23,21,23-21,Leaf,,,,,5.04721356e-05,1263.71936,
1,23,22,23-22,Leaf,,,,,0.00320011238,1521.04907,
1,23,23,23-23,Leaf,,,,,-0.00473744562,1035.74048,
1,23,24,23-24,Leaf,,,,,-0.0113434484,620.980225,
1,23,25,23-25,Leaf,,,,,-9.26164103e-06,1045.73096,
1,23,26,23-26,Leaf,,,,,-0.00423743483,1270.28687,
1,23,27,23-27,Leaf,,,,,-0.00825407915,449.968201,
1,23,28,23-28,Leaf,,,,,0.000326983369,216.50647,
1,23,29,23-29,Leaf,,,,,-0.000448960724,4175.83545,
1,23,30,23-30,Leaf,,,,,0.00523403054,377.355469,
1,24,0,24-0,recent_margin_quality_weighted_3_minus_race_mean,0.0944823027,24-1,24-2,24-1,111.047325,35767.793,
1,24,1,24-1,recent_margin_quality_weighted_3_minus_race_mean,-0.265642911,24-3,24-4,24-4,53.8289986,17453.8652,
1,24,2,24-2,good_starts,6.0,24-5,24-6,24-6,32.4473305,18313.9277,
1,24,3,24-3,form_class_level_weighted_3,61.5,24-7,24-8,24-7,20.6831512,744.753235,
1,24,4,24-4,trainer_history_top3_excess,0.00954952464,24-9,24-10,24-9,44.950119,16709.1113,
1,24,5,24-5,hidden_sectional_run_best_3,0.149464637,24-11,24-12,24-12,39.4088364,9712.6377,
1,24,6,24-6,form_class_level_weighted_3,54.3333321,24-13,24-14,24-14,20.5874195,8601.29102,
1,24,7,24-7,recent_weighted_avg_margin,5.72905922,24-15,24-16,24-16,9.35861206,286.306213,
1,24,8,24-8,recent_finish_percentile_weighted_3_minus_race_mean,-0.290859818,24-17,24-18,24-18,13.1530342,458.447052,
1,24,9,24-9,form_class_level_weighted_3,52.6666679,24-19,24-20,24-19,30.3232346,7427.35254,
1,24,10,24-10,good_starts,18.0,24-21,24-22,24-22,20.9454327,9281.75879,
1,24,11,24-11,recent_similar_distance_speed_rank,6.0,24-23,24-24,24-23,33.5516434,3949.0542,
1,24,12,24-12,jockey_recent_top3_excess,-0.052254647,24-25,24-26,24-25,18.8015327,5763.58301,
1,24,13,24-13,recent_finish_percentile_weighted_6_rank_in_race,2.0,24-27,24-28,24-28,18.0951271,1181.55786,
1,24,14,24-14,recent_3_margin,1.20000005,24-29,24-30,24-30,18.5831299,7419.73291,
1,24,15,24-15,Leaf,,,,,-0.0017625019,42.8302536,
1,24,16,24-16,Leaf,,,,,-0.0150263701,243.475967,
1,24,17,24-17,Leaf,,,,,-0.00867588539,225.91423,
1,24,18,24-18,Leaf,,,,,-0.000257336505,232.532822,
1,24,19,24-19,Leaf,,,,,-0.00501422584,2266.29761,
1,24,20,24-20,Leaf,,,,,-0.00154228264,5161.05469,
1,24,21,24-21,Leaf,,,,,0.000403066602,8331.8916,
1,24,22,24-22,Leaf,,,,,-0.00349661568,949.867615,
1,24,23,24-23,Leaf,,,,,0.0060129012,2476.98779,
1,24,24,24-24,Leaf,,,,,0.00123472756,1472.06653,
1,24,25,24-25,Leaf,,,,,-0.00163243455,1303.78198,
1,24,26,24-26,Leaf,,,,,0.00176916167,4459.80127,
1,24,27,24-27,Leaf,,,,,0.000683286111,512.546814,
1,24,28,24-28,Leaf,,,,,-0.00551753258,669.010986,
1,24,29,24-29,Leaf,,,,,-0.00121464639,2211.2439,
1,24,30,24-30,Leaf,,,,,0.00151518383,5208.48877,
1,25,0,25-0,recent_weighted_avg_margin,4.36812305,25-1,25-2,25-2,94.5922394,35684.4492,
1,25,1,25-1,good_starts,9.0,25-3,25-4,25-4,44.7676544,26421.1172,
1,25,2,25-2,recent_finish_percentile_weighted_3_minus_race_mean,-0.285822719,25-5,25-6,25-6,47.4117661,9263.33203,
1,25,3,25-3,hidden_sectional_run_best_3_gap_to_best,0.203698099,25-7,25-8,25-7,51.2020187,17244.9668,
1,25,4,25-4,current_weight_change_pct,-0.0347826071,25-9,25-10,25-10,14.8708029,9176.14941,
1,25,5,25-5,jockey_history_top3_excess,-0.0522182696,25-11,25-12,25-11,12.3145981,743.330505,
1,25,6,25-6,trainer_history_top3_excess,-0.00595238106,25-13,25-14,25-13,36.5261574,8520.00098,
1,25,7,25-7,prize_money_rank,5.0,25-15,25-16,25-16,22.6674366,11645.7002,
1,25,8,25-8,best_finish_percentile_at_stronger_class,0.909090936,25-17,25-18,25-17,32.7400589,5599.2666,
1,25,9,25-9,jockey_recent_top3_excess,0.159483999,25-19,25-20,25-19,12.8136349,1101.04919,
1,25,10,25-10,hidden_sectional_run_best_3_gap_to_best,0.0172889531,25-21,25-22,25-21,12.575738,8075.1001,
1,25,11,25-11,current_weight_change_pct,0.0673076957,25-23,25-24,25-23,9.31392288,150.875107,
1,25,12,25-12,jockey_history_top3_excess,-0.0504801683,25-25,25-26,25-26,5.46175003,592.455383,
1,25,13,25-13,recent_3_margin,5.5999999,25-27,25-28,25-28,21.6214981,3741.60229,
1,25,14,25-14,current_weight_change_pct,-0.017699115,25-29,25-30,25-30,27.6939449,4778.39893,
1,25,15,25-15,Leaf,,,,,0.00195066107,4890.72998,
1,25,16,25-16,Leaf,,,,,-0.000281746732,6754.97021,
1,25,17,25-17,Leaf,,,,,0.00262963306,4541.59131,
1,25,18,25-18,Leaf,,,,,0.00751423463,1057.67554,
1,25,19,25-19,Leaf,,,,,-0.00233024918,997.628784,
1,25,20,25-20,Leaf,,,,,-0.0112741617,103.420357,
1,25,21,25-21,Leaf,,,,,-0.00244337576,1283.50989,
1,25,22,25-22,Leaf,,,,,0.00024551744,6791.58984,
1,25,23,25-23,Leaf,,,,,-0.0166669004,131.286392,
1,25,24,25-24,Leaf,,,,,0.000968764652,19.5887108,
1,25,25,25-25,Leaf,,,,,0.00648976723,12.3668413,
1,25,26,25-26,Leaf,,,,,-0.00665347371,580.088501,
1,25,27,25-27,Leaf,,,,,-0.00145972322,1853.52856,
1,25,28,25-28,Leaf,,,,,-0.00527263293,1888.07385,
1,25,29,25-29,Leaf,,,,,-0.00527588651,559.005798,
1,25,30,25-30,Leaf,,,,,0.000598589657,4219.39307,
1,26,0,26-0,recent_margin_quality_weighted_3_minus_race_mean,0.08304739,26-1,26-2,26-1,99.2997818,35344.8203,
1,26,1,26-1,form_class_level_weighted_3,62.0,26-3,26-4,26-3,68.4720993,16360.3672,
1,26,2,26-2,prize_money_rank,2.0,26-5,26-6,26-6,47.8821259,18984.4551,
1,26,3,26-3,recent_margin_quality_weighted_3_minus_race_mean,-0.185623765,26-7,26-8,26-8,47.1911469,8153.95996,
1,26,4,26-4,good_starts,10.0,26-9,26-10,26-10,41.4296494,8206.40723,
1,26,5,26-5,good_starts,26.0,26-11,26-12,26-12,20.7828751,2375.60913,
1,26,6,26-6,recent_margin_std_6,2.8705399,26-13,26-14,26-14,27.8293209,16608.8457,
1,26,7,26-7,trainer_history_top3_excess,0.043660935,26-15,26-16,26-15,17.3140793,833.966125,
1,26,8,26-8,trainer_history_top3_excess,0.0563551039,26-17,26-18,26-17,25.1078491,7319.99414,
1,26,9,26-9,recent_weighted_avg_margin,9.40214062,26-19,26-20,26-20,14.625885,4472.729,
1,26,10,26-10,recent_margin_std_6,3.07229567,26-21,26-22,26-22,15.2132969,3733.67822,
1,26,11,26-11,recent_5_weight_kg,57.5,26-23,26-24,26-24,14.0485153,2056.73389,
1,26,12,26-12,recent_margin_std_6,1.85328531,26-25,26-26,26-26,17.807682,318.875244,
1,26,13,26-13,good_starts,20.0,26-27,26-28,26-28,35.3293533,10876.6416,
1,26,14,26-14,recent_margin_quality_weighted_3_minus_race_mean,0.203055322,26-29,26-30,26-30,19.7726765,5732.2041,
1,26,15,26-15,Leaf,,,,,-0.0106751537,631.022583,
1,26,16,26-16,Leaf,,,,,-0.00213131472,202.943542,
1,26,17,26-17,Leaf,,,,,-0.00327077438,5392.53418,
1,26,18,26-18,Leaf,,,,,4.93694752e-05,1927.45984,
1,26,19,26-19,Leaf,,,,,0.0020352779,4368.42627,
1,26,20,26-20,Leaf,,,,,-0.0070284619,104.302666,
1,26,21,26-21,Leaf,,,,,-0.000528950943,2359.2605,
1,26,22,26-22,Leaf,,,,,-0.00383674214,1374.41772,
1,26,23,26-23,Leaf,,,,,0.00283915666,811.959717,
1,26,24,26-24,Leaf,,,,,0.00713032251,1244.77405,
1,26,25,26-25,Leaf,,,,,-0.011436455,72.3658905,
1,26,26,26-26,Leaf,,,,,0.00192518893,246.509338,
1,26,27,26-27,Leaf,,,,,0.00186676625,10193.5938,
1,26,28,26-28,Leaf,,,,,-0.00396677433,683.047791,
1,26,29,26-29,Leaf,,,,,-0.00214856002,2809.94287,
1,26,30,26-30,Leaf,,,,,0.000783007417,2922.26123,
1,27,0,27-0,recent_finish_percentile_rank,5.0,27-1,27-2,27-2,98.7223816,35412.4805,
1,27,1,27-1,good_starts,5.0,27-3,27-4,27-4,37.8853416,22061.1621,
1,27,2,27-2,jockey_history_top3_excess,-0.0208141319,27-5,27-6,27-5,66.7296295,13351.3203,
1,27,3,27-3,recent_finish_percentile_weighted_6_rank_in_race,2.0,27-7,27-8,27-8,36.3194809,10051.7637,
1,27,4,27-4,form_class_level_weighted_3,59.2000008,27-9,27-10,27-10,30.7646027,12009.3984,
1,27,5,27-5,recent_margin_quality_weighted_3_minus_race_mean,-0.16163224,27-11,27-12,27-12,41.5014343,3983.58008,
1,27,6,27-6,recent_weighted_avg_margin,7.69395399,27-13,27-14,27-13,27.853878,9367.74023,
1,27,7,27-7,jockey_history_top3_excess,0.0975448713,27-15,27-16,27-16,21.6022873,3413.87305,
1,27,8,27-8,jockey_history_top3_excess,0.0304643884,27-17,27-18,27-17,29.4590912,6637.89014,
1,27,9,27-9,recent_5_weight_kg,57.5,27-19,27-20,27-19,14.3572922,4465.83057,
1,27,10,27-10,recent_weighted_avg_margin,1.24401903,27-21,27-22,27-22,42.519722,7543.56787,
1,27,11,27-11,form_class_level_weighted_3,63.0,27-23,27-24,27-23,16.3353806,708.471375,
1,27,12,27-12,form_class_level_weighted_3,54.0,27-25,27-26,27-25,29.2869034,3275.10889,
1,27,13,27-13,best_finish_percentile_at_equal_or_higher_weight,0.923076928,27-27,27-28,27-27,18.1875229,8721.67188,
1,27,14,27-14,current_weight_change_pct,0.0438596494,27-29,27-30,27-30,20.3220119,646.067993,
1,27,15,27-15,Leaf,,,,,0.00345232221,2847.02954,
1,27,16,27-16,Leaf,,,,,0.00880402606,566.843506,
1,27,17,27-17,Leaf,,,,,-0.000379465782,3510.9707,
1,27,18,27-18,Leaf,,,,,0.002951934,3126.91919,
1,27,19,27-19,Leaf,,,,,-0.00277291168,2378.59082,
1,27,20,27-20,Leaf,,,,,6.2213614e-05,2087.23999,
1,27,21,27-21,Leaf,,,,,-0.00496522663,636.57605,
1,27,22,27-22,Leaf,,,,,0.00173858984,6906.9917,
1,27,23,27-23,Leaf,,,,,-0.0133019555,376.247711,
1,27,24,27-24,Leaf,,,,,-0.00542243756,332.223663,
1,27,25,27-25,Leaf,,,,,-0.00645021955,1072.35742,
1,27,26,27-26,Leaf,,,,,-0.00141369633,2202.75122,
1,27,27,27-27,Leaf,,,,,0.000482937699,7151.79736,
1,27,28,27-28,Leaf,,,,,-0.00248045917,1569.87427,
1,27,29,27-29,Leaf,,,,,-0.00857618731,420.931824,
1,27,30,27-30,Leaf,,,,,0.000639972801,225.136154,
1,28,0,28-0,recent_finish_percentile_weighted_6_rank_in_race,5.0,28-1,28-2,28-2,86.059433,35084.957,
1,28,1,28-1,recent_last600_best_3,34.7999992,28-3,28-4,28-4,39.0870209,22474.7344,
1,28,2,28-2,recent_weighted_avg_margin,7.69395399,28-5,28-6,28-5,57.8755264,12610.2236,
1,28,3,28-3,recent_finish_percentile_weighted_6_rank_in_race,3.0,28-7,28-8,28-8,28.6741943,10460.3877,
1,28,4,28-4,recent_similar_distance_speed_rank,6.0,28-9,28-10,28-9,32.4553108,12014.3477,
1,28,5,28-5,form_class_level_weighted_3,60.3333321,28-11,28-12,28-11,36.3546982,11489.6523,
1,28,6,28-6,trainer_history_top3_excess,-0.0659999996,28-13,28-14,28-13,24.2056198,1120.57166,
1,28,7,28-7,good_starts,5.0,28-15,28-16,28-16,30.4926605,6093.20654,
1,28,8,28-8,form_class_level_weighted_3,63.6666679,28-17,28-18,28-18,23.354948,4367.18164,
1,28,9,28-9,jockey_trainer_history_smoothed_top3_rate_gap_to_best,0.225158542,28-19,28-20,28-20,16.3757782,7722.43652,
1,28,10,28-10,jockey_history_starts,202.0,28-21,28-22,28-21,21.6560936,4291.91064,
1,28,11,28-11,best_finish_percentile_at_stronger_class,0.818181813,28-23,28-24,28-23,16.5684814,4985.92871,
1,28,12,28-12,good_starts,18.0,28-25,28-26,28-26,33.9677734,6503.72363,
1,28,13,28-13,best_finish_percentile_at_stronger_class,0.727272749,28-27,28-28,28-27,3.22792053,227.246338,
1,28,14,28-14,form_class_level_weighted_3,54.3333321,28-29,28-30,28-29,15.5102119,893.325256,
1,28,15,28-15,Leaf,,,,,0.00500276359,3158.10083,
1,28,16,28-16,Leaf,,,,,0.00145525381,2935.10547,
1,28,17,28-17,Leaf,,,,,-0.0011847181,2178.91772,
1,28,18,28-18,Leaf,,,,,0.00246290187,2188.26367,
1,28,19,28-19,Leaf,,,,,0.00178807438,5563.81396,
1,28,20,28-20,Leaf,,,,,-0.000772108266,2158.62256,
1,28,21,28-21,Leaf,,,,,-0.00243163132,3577.03589,
1,28,22,28-22,Leaf,,,,,0.00230715284,714.874817,
1,28,23,28-23,Leaf,,,,,-0.00342305261,3697.75122,
1,28,24,28-24,Leaf,,,,,-0.000125802559,1288.17737,
1,28,25,28-25,Leaf,,,,,0.00112704549,5291.32666,
1,28,26,28-26,Leaf,,,,,-0.0034956634,1212.39685,
1,28,27,28-27,Leaf,,,,,-0.0160160791,167.889786,
1,28,28,28-28,Leaf,,,,,-0.00696695317,59.3565598,
1,28,29,28-29,Leaf,,,,,-0.00863009226,389.030548,
1,28,30,28-30,Leaf,,,,,-0.00196031504,504.294739,
1,29,0,29-0,recent_margin_quality_weighted_3_minus_race_mean,0.103260309,29-1,29-2,29-1,88.2272034,34722.293,
1,29,1,29-1,form_class_level_weighted_3,62.0,29-3,29-4,29-3,54.7506905,17565.0312,
1,29,2,29-2,recent_margin_std_6,1.93993127,29-5,29-6,29-6,34.0780449,17157.2637,
1,29,3,29-3,recent_margin_quality_weighted_3_minus_race_mean,-0.0701009631,29-7,29-8,29-8,46.5438766,8765.27637,
1,29,4,29-4,jockey_recent_top3_excess,0.113599494,29-9,29-10,29-10,19.3925076,8799.75488,
1,29,5,29-5,jockey_recent_top3_excess,0.104898833,29-11,29-12,29-11,22.4657288,6673.7417,
1,29,6,29-6,distance_minus_recent_avg,-251.333328,29-13,29-14,29-14,18.1737232,10483.5215,
1,29,7,29-7,recent_weighted_avg_margin,9.79478741,29-15,29-16,29-16,22.8434906,2620.82349,
1,29,8,29-8,best_finish_percentile_at_stronger_class,0.818181813,29-17,29-18,29-17,17.9582405,6144.45312,
1,29,9,29-9,good_wins,3.0,29-19,29-20,29-20,13.6170645,6756.56494,
1,29,10,29-10,distance_minus_recent_avg,-349.166656,29-21,29-22,29-22,15.0039101,2043.18994,
1,29,11,29-11,historical_market_overperformance_slope_3,-0.0751748234,29-23,29-24,29-23,20.5147781,4890.77881,
1,29,12,29-12,recent_weighted_avg_margin_rank,5.0,29-25,29-26,29-26,13.5982971,1782.96326,
1,29,13,29-13,recent_last600_best_3,34.5800018,29-27,29-28,29-28,9.18153954,245.180664,
1,29,14,29-14,best_finish_percentile_at_stronger_class,0.9375,29-29,29-30,29-30,17.2431831,10238.3408,
1,29,15,29-15,Leaf,,,,,-0.00466032512,2324.75562,
1,29,16,29-16,Leaf,,,,,-0.0120186834,296.067871,
1,29,17,29-17,Leaf,,,,,-0.00254384964,3999.92798,
1,29,18,29-18,Leaf,,,,,0.000286675029,2144.5249,
1,29,19,29-19,Leaf,,,,,5.28089404e-05,5021.68018,
1,29,20,29-20,Leaf,,,,,-0.00250959187,1734.8844,
1,29,21,29-21,Leaf,,,,,-0.0127716986,31.3077698,
1,29,22,29-22,Leaf,,,,,0.00246444205,2011.8822,
1,29,23,29-23,Leaf,,,,,0.00362545857,1989.34375,
1,29,24,29-24,Leaf,,,,,0.000330280891,2901.43481,
1,29,25,29-25,Leaf,,,,,0.00423488161,1631.73315,
1,29,26,29-26,Leaf,,,,,0.0119792307,151.230133,
1,29,27,29-27,Leaf,,,,,0.00397190964,38.6659355,
1,29,28,29-28,Leaf,,,,,-0.00836337917,206.514725,
1,29,29,29-29,Leaf,,,,,0.00131392828,5926.38428,
1,29,30,29-30,Leaf,,,,,-0.000761531468,4311.95703,
1,30,0,30-0,recent_margin_quality_weighted_3_minus_race_mean,0.15602529,30-1,30-2,30-1,96.4039917,34537.4492,
1,30,1,30-1,jockey_history_top3_excess,-0.0294351485,30-3,30-4,30-3,76.3948441,21394.8105,
1,30,2,30-2,recent_last600_best_3,34.7799988,30-5,30-6,30-6,45.5452347,13142.6367,
1,30,3,30-3,form_class_level_weighted_3,53.0,30-7,30-8,30-7,33.9687653,5238.82959,
1,30,4,30-4,jockey_history_top3_excess,0.0759033784,30-9,30-10,30-10,25.8580112,16155.9814,
1,30,5,30-5,jockey_history_top3_excess,0.152532846,30-11,30-12,30-11,18.9542923,5937.88281,
1,30,6,30-6,recent_similar_distance_speed_rank,9.0,30-13,30-14,30-13,30.6062851,7204.75391,
1,30,7,30-7,recent_finish_percentile_weighted_6_rank_in_race,5.0,30-15,30-16,30-15,18.5932236,1609.17505,
1,30,8,30-8,recent_finish_percentile_weighted_3_minus_race_mean,-0.221498668,30-17,30-18,30-18,17.6327553,3629.65454,
1,30,9,30-9,recent_finish_percentile_weighted_3_minus_race_mean,-0.161171913,30-19,30-20,30-20,23.4946289,11997.9053,
1,30,10,30-10,current_weight_change_pct,-0.0178571437,30-21,30-22,30-21,23.9600868,4158.07617,
1,30,11,30-11,hidden_sectional_run_best_3,0.288179666,30-23,30-24,30-24,18.4522171,5629.55273,
1,30,12,30-12,good_starts,8.0,30-25,30-26,30-26,10.0853577,308.329926,
1,30,13,30-13,jockey_history_starts,34.0,30-27,30-28,30-28,26.5565262,6214.91504,
1,30,14,30-14,jockey_trainer_history_smoothed_top3_rate_gap_to_best,0.301997244,30-29,30-30,30-30,22.1741943,989.83905,
1,30,15,30-15,Leaf,,,,,-0.00426010601,905.957397,
1,30,16,30-16,Leaf,,,,,-0.00976520497,703.217712,
1,30,17,30-17,Leaf,,,,,-0.00743161142,372.77829,
1,30,18,30-18,Leaf,,,,,-0.00173869531,3256.87622,
1,30,19,30-19,Leaf,,,,,-0.00356725533,1659.52771,
1,30,20,30-20,Leaf,,,,,-0.00036943442,10338.377,
1,30,21,30-21,Leaf,,,,,-0.00165950414,1110.40088,
1,30,22,30-22,Leaf,,,,,0.00261451746,3047.67529,
1,30,23,30-23,Leaf,,,,,0.00335427793,5150.48096,
1,30,24,30-24,Leaf,,,,,-0.00173729844,479.071808,
1,30,25,30-25,Leaf,,,,,0.0119353058,222.768661,
1,30,26,30-26,Leaf,,,,,0.00159738306,85.5612717,
1,30,27,30-27,Leaf,,,,,-0.00217757723,1319.75171,
1,30,28,30-28,Leaf,,,,,0.00180525612,4895.16309,
1,30,29,30-29,Leaf,,,,,-0.00183853216,796.32428,
1,30,30,30-30,Leaf,,,,,-0.0111353304,193.514801,
1,31,0,31-0,recent_finish_percentile_rank,4.0,31-1,31-2,31-2,97.5871429,34273.5938,
1,31,1,31-1,jockey_history_top3_excess,0.0995124429,31-3,31-4,31-3,37.5321312,17598.6113,
1,31,2,31-2,form_class_level_weighted_3,53.3333321,31-5,31-6,31-6,67.7830658,16674.9824,
1,31,3,31-3,recent_margin_std_6,1.76776695,31-7,31-8,31-8,26.7597256,15251.0654,
1,31,4,31-4,recent_weighted_avg_margin,3.29061508,31-9,31-10,31-10,17.696106,2347.54517,
1,31,5,31-5,jockey_history_top3_excess,-0.0208141319,31-11,31-12,31-11,28.427063,3226.06934,
1,31,6,31-6,jockey_history_top3_excess,-0.0355419293,31-13,31-14,31-13,36.0216675,13448.9131,
1,31,7,31-7,recent_last600_best_3,35.4300003,31-15,31-16,31-16,20.2212105,4900.39893,
1,31,8,31-8,jockey_history_starts,159.0,31-17,31-18,31-18,23.0638962,10350.666,
1,31,9,31-9,form_class_level_weighted_3,52.0,31-19,31-20,31-19,15.2763214,1827.26733,
1,31,10,31-10,recent_weighted_avg_margin_rank,8.0,31-21,31-22,31-22,12.3658352,520.27771,
1,31,11,31-11,recent_margin_std_6,3.00627112,31-23,31-24,31-23,12.1556091,1055.09778,
1,31,12,31-12,recent_weighted_avg_margin,7.69395399,31-25,31-26,31-26,18.8606606,2170.97168,
1,31,13,31-13,recent_weighted_avg_margin,4.82540321,31-27,31-28,31-28,18.541584,2828.69482,
1,31,14,31-14,prize_money_rank,4.0,31-29,31-30,31-29,23.4621983,10620.2178,
1,31,15,31-15,Leaf,,,,,0.00332313892,3526.24097,
1,31,16,31-16,Leaf,,,,,-0.000244713272,1374.15796,
1,31,17,31-17,Leaf,,,,,-0.000546592288,8066.48145,
1,31,18,31-18,Leaf,,,,,0.00229374575,2284.18481,
1,31,19,31-19,Leaf,,,,,0.00858979858,605.440369,
1,31,20,31-20,Leaf,,,,,0.00367865711,1221.82703,
1,31,21,31-21,Leaf,,,,,0.00133085158,479.998688,
1,31,22,31-22,Leaf,,,,,-0.0116868047,40.2790298,
1,31,23,31-23,Leaf,,,,,-0.00481832214,466.956848,
1,31,24,31-24,Leaf,,,,,-0.0104221813,588.140869,
1,31,25,31-25,Leaf,,,,,-0.00212962087,1924.40369,
1,31,26,31-26,Leaf,,,,,-0.0093820123,246.567902,
1,31,27,31-27,Leaf,,,,,-0.00168595859,1893.00098,
1,31,28,31-28,Leaf,,,,,-0.00599405449,935.69397,
1,31,29,31-29,Leaf,,,,,0.0016871501,3576.85303,
1,31,30,31-30,Leaf,,,,,-0.000796196633,7043.36475,
1,32,0,32-0,recent_finish_percentile_rank,4.0,32-1,32-2,32-2,84.9718399,34288.8672,
1,32,1,32-1,recent_margin_std_6,2.15947533,32-3,32-4,32-4,44.897049,17656.8828,
1,32,2,32-2,form_class_level_weighted_3,55.3333321,32-5,32-6,32-6,82.8826752,16631.9844,
1,32,3,32-3,good_starts,9.0,32-7,32-8,32-8,42.1455536,8211.34863,
1,32,4,32-4,jockey_history_top3_excess,0.0697963685,32-9,32-10,32-10,22.0829964,9445.53418,
1,32,5,32-5,recent_margin_quality_weighted_3_minus_race_mean,-0.206126422,32-11,32-12,32-12,39.5338135,3521.28784,
1,32,6,32-6,recent_finish_percentile_weighted_3_minus_race_mean,-0.161171913,32-13,32-14,32-14,28.8726101,13110.6963,
1,32,7,32-7,recent_finish_percentile_weighted_3_minus_race_mean,0.281823516,32-15,32-16,32-16,24.6586609,5617.08691,
1,32,8,32-8,best_finish_percentile_at_stronger_class,0.857142866,32-17,32-18,32-18,20.5497818,2594.26172,
1,32,9,32-9,recent_margin_std_6,2.43063784,32-19,32-20,32-19,15.1636353,7164.02734,
1,32,10,32-10,best_finish_percentile_at_equal_or_higher_weight,0.545454562,32-21,32-22,32-22,21.6229153,2281.50708,
1,32,11,32-11,jockey_history_top3_excess,0.06030453,32-23,32-24,32-23,19.6051865,230.097992,
1,32,12,32-12,trainer_history_top3_excess,0.0508571416,32-25,32-26,32-25,32.2319183,3291.1897,
1,32,13,32-13,jockey_history_top3_excess,-0.0140938014,32-27,32-28,32-27,14.284771,2333.36108,
1,32,14,32-14,trainer_history_top3_excess,0.0204545446,32-29,32-30,32-29,21.0358219,10777.335,
1,32,15,32-15,Leaf,,,,,0.00262221135,3775.93408,
1,32,16,32-16,Leaf,,,,,0.00616478408,1841.15295,
1,32,17,32-17,Leaf,,,,,0.00381718623,634.462097,
1,32,18,32-18,Leaf,,,,,-0.0013255825,1959.79956,
1,32,19,32-19,Leaf,,,,,-0.00315432181,1223.04163,
1,32,20,32-20,Leaf,,,,,-0.000106330517,5940.98584,
1,32,21,32-21,Leaf,,,,,-0.00732349465,130.671295,
1,32,22,32-22,Leaf,,,,,0.0027996935,2150.83569,
1,32,23,32-23,Leaf,,,,,-0.0179198664,185.26152,
1,32,24,32-24,Leaf,,,,,0.000225535172,44.8364792,
1,32,25,32-25,Leaf,,,,,-0.00545839546,2377.97705,
1,32,26,32-26,Leaf,,,,,5.65166665e-05,913.212646,
1,32,27,32-27,Leaf,,,,,-0.00555375498,799.480652,
1,32,28,32-28,Leaf,,,,,-0.00142669701,1533.88037,
1,32,29,32-29,Leaf,,,,,-0.000971668051,5061.87891,
1,32,30,32-30,Leaf,,,,,0.00123915426,5715.45605,
1,33,0,33-0,recent_finish_percentile_weighted_3_minus_race_mean,-0.115798593,33-1,33-2,33-2,105.144188,34216.125,
1,33,1,33-1,form_class_level_weighted_3,55.3333321,33-3,33-4,33-3,26.6822891,4293.74854,
1,33,2,33-2,recent_margin_quality_weighted_3_minus_race_mean,0.15602529,33-5,33-6,33-5,38.6919861,29922.377,
1,33,3,33-3,recent_margin_quality_weighted_3_minus_race_mean,-0.175124943,33-7,33-8,33-8,19.6613998,1034.91565,
1,33,4,33-4,current_weight_change_pct,-0.0333333351,33-9,33-10,33-9,15.5156631,3258.83301,
1,33,5,33-5,form_class_level_weighted_3,62.0,33-11,33-12,33-11,48.9669189,16996.377,
1,33,6,33-6,prize_money_rank,2.0,33-13,33-14,33-14,23.1720772,12926.0,
1,33,7,33-7,jockey_history_starts,59.0,33-15,33-16,33-15,7.08358002,353.517242,
1,33,8,33-8,hidden_sectional_run_best_3_gap_to_best,0.0190546811,33-17,33-18,33-18,11.8560238,681.398376,
1,33,9,33-9,recent_margin_quality_weighted_3_minus_race_mean,-0.101810873,33-19,33-20,33-20,12.5296021,706.651733,
1,33,10,33-10,jockey_trainer_history_smoothed_top3_rate_gap_to_best,0.193979934,33-21,33-22,33-21,16.9543991,2552.1814,
1,33,11,33-11,trainer_history_top3_excess,0.0579533167,33-23,33-24,33-23,28.6820641,9031.91895,
1,33,12,33-12,distance_minus_recent_avg,-116.666664,33-25,33-26,33-26,21.0001392,7964.45703,
1,33,13,33-13,good_starts,5.0,33-27,33-28,33-28,27.662899,1566.74243,
1,33,14,33-14,recent_similar_distance_speed_rank,5.0,33-29,33-30,33-30,19.715929,11359.2568,
1,33,15,33-15,Leaf,,,,,-0.0162414778,141.633484,
1,33,16,33-16,Leaf,,,,,-0.00813738257,211.883743,
1,33,17,33-17,Leaf,,,,,-0.0,245.790161,
1,33,18,33-18,Leaf,,,,,-0.00684259413,435.608215,
1,33,19,33-19,Leaf,,,,,-0.00817401614,444.760254,
1,33,20,33-20,Leaf,,,,,-0.00122499873,261.89151,
1,33,21,33-21,Leaf,,,,,-0.000652779767,2202.87036,
1,33,22,33-22,Leaf,,,,,-0.00651877979,349.310883,
1,33,23,33-23,Leaf,,,,,-0.00227654609,6485.61035,
1,33,24,33-24,Leaf,,,,,0.000849700533,2546.30884,
1,33,25,33-25,Leaf,,,,,-0.00221375073,931.953674,
1,33,26,33-26,Leaf,,,,,0.00176095148,7032.50342,
1,33,27,33-27,Leaf,,,,,0.00862453599,613.307007,
1,33,28,33-28,Leaf,,,,,0.00181506597,953.435486,
1,33,29,33-29,Leaf,,,,,0.00241313246,5209.76025,
1,33,30,33-30,Leaf,,,,,0.000322012202,6149.49658,
1,34,0,34-0,recent_finish_percentile_weighted_3_minus_race_mean,0.0380062461,34-1,34-2,34-2,99.0972672,33923.7578,
1,34,1,34-1,trainer_history_top3_excess,-0.0841832981,34-3,34-4,34-3,40.2565346,11234.3115,
1,34,2,34-2,good_starts,11.0,34-5,34-6,34-6,48.4058266,22689.4453,
1,34,3,34-3,jockey_history_top3_excess,0.00242674001,34-7,34-8,34-8,21.1474838,896.897888,
1,34,4,34-4,best_finish_percentile_at_stronger_class,0.727272749,34-9,34-10,34-9,29.4571419,10337.4141,
1,34,5,34-5,recent_similar_distance_speed_rank,7.0,34-11,34-12,34-12,30.2286911,16915.1211,
1,34,6,34-6,distance_minus_recent_avg,-349.166656,34-13,34-14,34-14,19.0655174,5774.3252,
1,34,7,34-7,recent_3_margin,2.0999999,34-15,34-16,34-16,6.49275208,490.520325,
1,34,8,34-8,recent_5_weight_kg,56.0,34-17,34-18,34-17,10.9258766,406.377563,
1,34,9,34-9,jockey_history_top3_excess,0.0614669435,34-19,34-20,34-19,29.7938881,5992.95898,
1,34,10,34-10,jockey_history_top3_excess,-0.0333546139,34-21,34-22,34-22,13.7523422,4344.45459,
1,34,11,34-11,jockey_history_top3_excess,0.00162350549,34-23,34-24,34-24,28.4456024,11163.1436,
1,34,12,34-12,trainer_history_top3_excess,0.0320391431,34-25,34-26,34-25,21.7585869,5751.97705,
1,34,13,34-13,best_finish_percentile_at_stronger_class,0.8125,34-27,34-28,34-28,8.23563194,85.1120529,
1,34,14,34-14,hidden_sectional_run_best_3,0.0335539617,34-29,34-30,34-30,12.8882866,5689.21338,
1,34,15,34-15,Leaf,,,,,-0.00429031253,108.234749,
1,34,16,34-16,Leaf,,,,,-0.0118790073,382.285583,
1,34,17,34-17,Leaf,,,,,-0.0071425261,172.586334,
1,34,18,34-18,Leaf,,,,,0.000964268984,233.791214,
1,34,19,34-19,Leaf,,,,,-0.00357986917,4395.07178,
1,34,20,34-20,Leaf,,,,,0.000399508834,1597.88708,
1,34,21,34-21,Leaf,,,,,-0.00255107577,899.830261,
1,34,22,34-22,Leaf,,,,,0.000903251115,3444.62451,
1,34,23,34-23,Leaf,,,,,0.000814281113,4106.79541,
1,34,24,34-24,Leaf,,,,,0.00343531813,7056.34814,
1,34,25,34-25,Leaf,,,,,-0.00148350431,2540.23145,
1,34,26,34-26,Leaf,,,,,0.00160709978,3211.74561,
1,34,27,34-27,Leaf,,,,,-0.000908638001,30.886116,
1,34,28,34-28,Leaf,,,,,-0.0171564389,54.2259369,
1,34,29,34-29,Leaf,,,,,-0.00631250301,238.858688,
1,34,30,34-30,Leaf,,,,,-0.000489608792,5450.35449,
1,35,0,35-0,recent_margin_quality_weighted_3_minus_race_mean,-0.0931971371,35-1,35-2,35-2,73.2044601,33623.6797,
1,35,1,35-1,form_class_level_weighted_3,60.5,35-3,35-4,35-3,41.7170372,4803.94629,
1,35,2,35-2,jockey_history_top3_excess,0.152532846,35-5,35-6,35-5,61.8132248,28819.7324,
1,35,3,35-3,jockey_history_top3_excess,0.0247140918,35-7,35-8,35-7,19.0863266,1897.52563,
1,35,4,35-4,current_weight_change_pct,0.0818181783,35-9,35-10,35-9,15.8122673,2906.42041,
1,35,5,35-5,best_finish_percentile_at_stronger_class,0.70588237,35-11,35-12,35-11,44.2416039,27701.6328,
1,35,6,35-6,recent_last600_best_3,35.5099983,35-13,35-14,35-13,12.9292297,1118.09912,
1,35,7,35-7,trainer_history_top3_excess,0.0571564995,35-15,35-16,35-15,15.1098557,1238.4906,
1,35,8,35-8,historical_market_overperformance_slope_3,-0.224038467,35-17,35-18,35-17,17.2330952,659.034973,
1,35,9,35-9,trainer_history_top3_excess,0.0775297582,35-19,35-20,35-20,16.8265629,2564.39453,
1,35,10,35-10,recent_last600_best_3,34.9399986,35-21,35-22,35-21,10.7869167,342.025818,
1,35,11,35-11,trainer_history_top3_excess,0.0161253326,35-23,35-24,35-24,28.7571449,12760.3555,
1,35,12,35-12,jockey_history_top3_excess,-0.0281683262,35-25,35-26,35-26,27.9581032,14941.2773,
1,35,13,35-13,recent_margin_quality_weighted_3_minus_race_mean,0.230654955,35-27,35-28,35-28,12.0793152,986.435181,
1,35,14,35-14,trainer_history_top3_excess,0.110112041,35-29,35-30,35-30,13.1133995,131.663971,
1,35,15,35-15,Leaf,,,,,-0.00873768609,1048.3302,
1,35,16,35-16,Leaf,,,,,-0.000989206135,190.160446,
1,35,17,35-17,Leaf,,,,,0.00234794617,283.130402,
1,35,18,35-18,Leaf,,,,,-0.00570107158,375.904572,
1,35,19,35-19,Leaf,,,,,-0.00275431643,1983.79504,
1,35,20,35-20,Leaf,,,,,0.00205153087,580.599609,
1,35,21,35-21,Leaf,,,,,0.00644982699,259.172119,
1,35,22,35-22,Leaf,,,,,-0.00350959576,82.8537064,
1,35,23,35-23,Leaf,,,,,-0.00236235978,4885.15039,
1,35,24,35-24,Leaf,,,,,7.6878343e-05,7875.20508,
1,35,25,35-25,Leaf,,,,,-0.000773342093,3592.32837,
1,35,26,35-26,Leaf,,,,,0.00175422488,11348.9492,
1,35,27,35-27,Leaf,,,,,0.00515983393,679.119019,
1,35,28,35-28,Leaf,,,,,0.0112832915,307.316132,
1,35,29,35-29,Leaf,,,,,-0.00745722884,75.8958206,
1,35,30,35-30,Leaf,,,,,0.00737433881,55.7681465,
1,36,0,36-0,recent_finish_percentile_weighted_6_rank_in_race,6.0,36-1,36-2,36-1,69.8681641,33659.1133,
1,36,1,36-1,jockey_history_top3_excess,0.133503571,36-3,36-4,36-3,45.1977005,25284.7402,
1,36,2,36-2,jockey_history_top3_excess,0.00929614715,36-5,36-6,36-5,49.2994347,8374.37305,
1,36,3,36-3,recent_last600_best_3,34.7999992,36-7,36-8,36-8,41.6121826,23831.6074,
1,36,4,36-4,recent_weighted_avg_margin,2.67250896,36-9,36-10,36-9,15.5224609,1453.13208,
1,36,5,36-5,trainer_history_top3_excess,-0.0365767851,36-11,36-12,36-12,30.0906906,3892.34375,
1,36,6,36-6,current_weight_change_pct,-0.0333333351,36-13,36-14,36-13,16.7403927,4482.02979,
1,36,7,36-7,current_weight_change_pct,0.0789473653,36-15,36-16,36-15,25.6227036,10803.3037,
1,36,8,36-8,jockey_history_top3_excess,-0.0833313987,36-17,36-18,36-18,16.2398319,13028.3037,
1,36,9,36-9,recent_last600_best_3,32.8800011,36-19,36-20,36-20,10.4064865,941.560364,
1,36,10,36-10,recent_5_weight_kg,59.0,36-21,36-22,36-22,9.15291214,511.571716,
1,36,11,36-11,horse_jockey_win_rate_rank,2.0,36-23,36-24,36-23,15.9016113,988.066711,
1,36,12,36-12,recent_weighted_avg_margin,5.57626677,36-25,36-26,36-26,13.0038261,2904.2771,
1,36,13,36-13,form_class_level_weighted_3,73.3333359,36-27,36-28,36-28,12.7923975,1025.23181,
1,36,14,36-14,recent_weighted_avg_margin_rank,4.0,36-29,36-30,36-30,14.8839273,3456.79785,
1,36,15,36-15,Leaf,,,,,0.00123111624,10066.9854,
1,36,16,36-16,Leaf,,,,,0.00603840919,736.318909,
1,36,17,36-17,Leaf,,,,,-0.00429259893,670.868164,
1,36,18,36-18,Leaf,,,,,-0.00032489383,12357.4355,
1,36,19,36-19,Leaf,,,,,-0.00997701939,13.9196367,
1,36,20,36-20,Leaf,,,,,0.00720019592,927.640747,
1,36,21,36-21,Leaf,,,,,0.00439181225,277.910767,
1,36,22,36-22,Leaf,,,,,-0.00219305605,233.660965,
1,36,23,36-23,Leaf,,,,,-0.0103276279,595.538574,
1,36,24,36-24,Leaf,,,,,-0.00369680719,392.528137,
1,36,25,36-25,Leaf,,,,,-0.00161134696,2054.60547,
1,36,26,36-26,Leaf,,,,,-0.00529459259,849.671814,
1,36,27,36-27,Leaf,,,,,-0.0056402944,525.018982,
1,36,28,36-28,Leaf,,,,,-6.49177091e-05,500.212769,
1,36,29,36-29,Leaf,,,,,0.00460260548,502.463379,
1,36,30,36-30,Leaf,,,,,-1.05995477e-05,2954.33447,
1,37,0,37-0,recent_margin_quality_weighted_3_minus_race_mean,0.203055322,37-1,37-2,37-1,79.5226898,33563.1289,
1,37,1,37-1,trainer_history_top3_excess,0.0395812988,37-3,37-4,37-3,43.9977264,24121.3008,
1,37,2,37-2,jockey_history_top3_excess,0.0995124429,37-5,37-6,37-5,37.7154198,9441.82715,
1,37,3,37-3,recent_margin_quality_weighted_3_minus_race_mean,-0.175124943,37-7,37-8,37-8,45.3632507,14180.1387,
1,37,4,37-4,trainer_history_top3_excess,0.158633247,37-9,37-10,37-10,24.7955666,9941.16113,
1,37,5,37-5,recent_last600_best_3,35.3199997,37-11,37-12,37-11,25.4459572,8195.44727,
1,37,6,37-6,historical_market_overperformance_slope_3,0.193589747,37-13,37-14,37-13,33.4179993,1246.37939,
1,37,7,37-7,form_class_level_weighted_3,56.0,37-15,37-16,37-15,25.5631485,1408.26135,
1,37,8,37-8,form_class_level_weighted_3,52.6666679,37-17,37-18,37-17,33.0046005,12771.8779,
1,37,9,37-9,recent_finish_percentile_weighted_6_rank_in_race,6.0,37-19,37-20,37-19,11.472084,9355.98438,
1,37,10,37-10,recent_3_distance_m,1208.0,37-21,37-22,37-22,9.00476646,585.177063,
1,37,11,37-11,recent_margin_std_6,2.29753494,37-23,37-24,37-24,18.3984642,6281.1875,
1,37,12,37-12,recent_similar_distance_speed_rank,2.0,37-25,37-26,37-25,19.3672867,1914.26001,
1,37,13,37-13,recent_3_distance_m,2050.0,37-27,37-28,37-27,8.66143036,1094.10889,
1,37,14,37-14,recent_3_margin,4.4000001,37-29,37-30,37-30,20.5711517,152.270462,
1,37,15,37-15,Leaf,,,,,-0.011689797,356.729004,
1,37,16,37-16,Leaf,,,,,-0.0039317566,1051.53235,
1,37,17,37-17,Leaf,,,,,-0.00316784391,3897.46851,
1,37,18,37-18,Leaf,,,,,-0.00040877852,8874.40918,
1,37,19,37-19,Leaf,,,,,0.000703907514,6524.07764,
1,37,20,37-20,Leaf,,,,,-0.00119861297,2831.90698,
1,37,21,37-21,Leaf,,,,,0.00822100602,313.827026,
1,37,22,37-22,Leaf,,,,,0.00191855547,271.350037,
1,37,23,37-23,Leaf,,,,,0.00326567772,3395.59424,
1,37,24,37-24,Leaf,,,,,0.000547241885,2885.59326,
1,37,25,37-25,Leaf,,,,,-0.00681809103,316.026215,
1,37,26,37-26,Leaf,,,,,-0.000126993342,1598.23389,
1,37,27,37-27,Leaf,,,,,0.00784641039,1058.68628,
1,37,28,37-28,Leaf,,,,,-0.00375964306,35.4226036,
1,37,29,37-29,Leaf,,,,,-0.0143002272,66.3147507,
1,37,30,37-30,Leaf,,,,,0.00319900434,85.9557114,
1,38,0,38-0,recent_finish_percentile_rank,3.0,38-1,38-2,38-2,86.1547775,33357.4336,
1,38,1,38-1,good_starts,5.0,38-3,38-4,38-4,40.5654716,12541.1299,
1,38,2,38-2,recent_weighted_avg_margin,5.22812605,38-5,38-6,38-5,52.4347725,20816.3027,
1,38,3,38-3,jockey_history_top3_excess,0.0759033784,38-7,38-8,38-7,31.6274948,6185.01221,
1,38,4,38-4,jockey_recent_top3_excess,0.250980943,38-9,38-10,38-9,21.2294369,6356.11768,
1,38,5,38-5,current_weight_change_pct,0.0789473653,38-11,38-12,38-11,22.7980156,16484.3848,
1,38,6,38-6,jockey_history_top3_excess,0.00773265213,38-13,38-14,38-13,29.158577,4331.91797,
1,38,7,38-7,current_weight_change_pct,-0.00862068962,38-15,38-16,38-16,19.7478752,4730.23975,
1,38,8,38-8,hidden_sectional_run_best_3,0.173310056,38-17,38-18,38-18,18.6558685,1454.77209,
1,38,9,38-9,recent_weighted_avg_margin,5.22812605,38-19,38-20,38-20,15.2533283,6174.95654,
1,38,10,38-10,recent_weighted_avg_margin,2.65452504,38-21,38-22,38-22,7.91978455,181.161179,
1,38,11,38-11,good_starts,18.0,38-23,38-24,38-24,26.848011,15364.4355,
1,38,12,38-12,recent_margin_std_6,1.55745518,38-25,38-26,38-26,12.7579346,1119.94885,
1,38,13,38-13,recent_margin_quality_weighted_3_minus_race_mean,-0.182996124,38-27,38-28,38-28,15.7523041,2266.12622,
1,38,14,38-14,hidden_sectional_run_best_3,0.311676085,38-29,38-30,38-30,13.1501141,2065.7915,
1,38,15,38-15,Leaf,,,,,-0.00135956274,856.012695,
1,38,16,38-16,Leaf,,,,,0.0028181239,3874.22729,
1,38,17,38-17,Leaf,,,,,0.00866843201,845.85791,
1,38,18,38-18,Leaf,,,,,0.00285730581,608.914185,
1,38,19,38-19,Leaf,,,,,-0.000330216979,5857.68115,
1,38,20,38-20,Leaf,,,,,0.00521529187,317.27536,
1,38,21,38-21,Leaf,,,,,0.0109557332,143.464355,
1,38,22,38-22,Leaf,,,,,-0.00136502238,37.6968346,
1,38,23,38-23,Leaf,,,,,-0.000205228134,13385.998,
1,38,24,38-24,Leaf,,,,,-0.00331937778,1978.43823,
1,38,25,38-25,Leaf,,,,,-0.00434722425,120.035332,
1,38,26,38-26,Leaf,,,,,0.00400116388,999.913513,
1,38,27,38-27,Leaf,,,,,-0.0087187225,641.516785,
1,38,28,38-28,Leaf,,,,,-0.00403883774,1624.6095,
1,38,29,38-29,Leaf,,,,,-0.00368019077,837.449402,
1,38,30,38-30,Leaf,,,,,0.000361600425,1228.34216,
1,39,0,39-0,recent_finish_percentile_weighted_6_rank_in_race,6.0,39-1,39-2,39-2,71.5228882,33030.6914,
1,39,1,39-1,jockey_history_top3_excess,0.0995124429,39-3,39-4,39-4,38.3843155,24449.8848,
1,39,2,39-2,jockey_history_top3_excess,0.00929614715,39-5,39-6,39-5,49.1632309,8580.80566,
1,39,3,39-3,prize_money_rank,4.0,39-7,39-8,39-8,33.9242859,21132.1602,
1,39,4,39-4,recent_margin_quality_weighted_3_minus_race_mean,0.34690398,39-9,39-10,39-10,29.493351,3317.72485,
1,39,5,39-5,trainer_history_top3_excess,-0.0659999996,39-11,39-12,39-12,18.408493,3958.97437,
1,39,6,39-6,form_class_level_weighted_3,59.0,39-13,39-14,39-13,18.125639,4621.83203,
1,39,7,39-7,recent_margin_quality_weighted_3_minus_race_mean,0.356328011,39-15,39-16,39-16,15.2535267,8046.40137,
1,39,8,39-8,jockey_history_top3_excess,0.00162350549,39-17,39-18,39-18,23.9060192,13085.7588,
1,39,9,39-9,trainer_history_top3_excess,0.0746469349,39-19,39-20,39-19,10.005434,2986.72095,
1,39,10,39-10,jockey_recent_top3_excess,0.0434355289,39-21,39-22,39-21,5.73878479,331.003876,
1,39,11,39-11,horse_jockey_win_rate_rank,4.0,39-23,39-24,39-23,11.4929085,479.1409,
1,39,12,39-12,best_finish_percentile_at_equal_or_higher_weight,0.588235319,39-25,39-26,39-26,17.4735909,3479.83325,
1,39,13,39-13,recent_margin_quality_weighted_3_minus_race_mean,-0.0279607773,39-27,39-28,39-28,11.9927197,1642.05737,
1,39,14,39-14,recent_finish_percentile_rank,8.0,39-29,39-30,39-30,13.7047901,2979.77441,
1,39,15,39-15,Leaf,,,,,0.00123931735,7445.66406,
1,39,16,39-16,Leaf,,,,,0.00535823824,600.737244,
1,39,17,39-17,Leaf,,,,,-0.00170966331,5770.41309,
1,39,18,39-18,Leaf,,,,,0.000440524804,7315.34619,
1,39,19,39-19,Leaf,,,,,0.00126812828,1923.74158,
1,39,20,39-20,Leaf,,,,,0.0042987871,1062.97949,
1,39,21,39-21,Leaf,,,,,4.59772818e-05,33.069294,
1,39,22,39-22,Leaf,,,,,0.0112112975,297.93457,
1,39,23,39-23,Leaf,,,,,-0.0105390539,379.143646,
1,39,24,39-24,Leaf,,,,,-0.000873305951,99.9972687,
1,39,25,39-25,Leaf,,,,,-0.00660107797,798.846802,
1,39,26,39-26,Leaf,,,,,-0.00238093571,2680.98657,
1,39,27,39-27,Leaf,,,,,-0.00475158589,710.564331,
1,39,28,39-28,Leaf,,,,,-0.000442723423,931.493042,
1,39,29,39-29,Leaf,,,,,0.00247531314,1626.17761,
1,39,30,39-30,Leaf,,,,,-0.000917714264,1353.5968,
1,40,0,40-0,recent_finish_percentile_weighted_3_minus_race_mean,0.0178551674,40-1,40-2,40-1,79.5343933,32970.7422,
1,40,1,40-1,recent_weighted_avg_margin,6.81590605,40-3,40-4,40-3,40.2069855,10193.0195,
1,40,2,40-2,trainer_history_top3_excess,0.079690367,40-5,40-6,40-5,54.2275696,22777.7207,
1,40,3,40-3,trainer_history_top3_excess,-0.0102040814,40-7,40-8,40-7,21.1871719,8634.01758,
1,40,4,40-4,jockey_trainer_history_smoothed_top3_rate_gap_to_best,0.161458313,40-9,40-10,40-10,17.2998428,1559.00195,
1,40,5,40-5,prize_money_rank,3.0,40-11,40-12,40-12,34.8107948,17625.25,
1,40,6,40-6,recent_3_distance_m,1170.0,40-13,40-14,40-13,19.689209,5152.47168,
1,40,7,40-7,form_class_level_weighted_3,53.5999985,40-15,40-16,40-15,21.2536049,2982.69556,
1,40,8,40-8,good_starts,14.0,40-17,40-18,40-18,15.1442146,5651.32178,
1,40,9,40-9,current_weight_change_pct,0.0438596494,40-19,40-20,40-19,13.4462519,740.021301,
1,40,10,40-10,form_class_level_weighted_3,72.0,40-21,40-22,40-21,11.1582336,818.980652,
1,40,11,40-11,good_starts,4.0,40-23,40-24,40-24,22.3002434,4524.91211,
1,40,12,40-12,recent_last600_best_3,35.1800003,40-25,40-26,40-26,21.5716896,13100.3379,
1,40,13,40-13,recent_finish_percentile_weighted_3_minus_race_mean,0.268918693,40-27,40-28,40-28,12.1485825,2180.60449,
1,40,14,40-14,prize_money_rank,2.0,40-29,40-30,40-30,16.3529129,2971.86719,
1,40,15,40-15,Leaf,,,,,-0.00655471534,746.632751,
1,40,16,40-16,Leaf,,,,,-0.00168795313,2236.06274,
1,40,17,40-17,Leaf,,,,,0.000311380107,4559.30078,
1,40,18,40-18,Leaf,,,,,-0.00295312284,1092.02124,
1,40,19,40-19,Leaf,,,,,-0.00456944341,570.262268,
1,40,20,40-20,Leaf,,,,,0.00327451644,169.759033,
1,40,21,40-21,Leaf,,,,,-0.00940453447,675.515564,
1,40,22,40-22,Leaf,,,,,-0.00155936403,143.465057,
1,40,23,40-23,Leaf,,,,,0.00467984239,1341.18298,
1,40,24,40-24,Leaf,,,,,0.000839685497,3183.729,
1,40,25,40-25,Leaf,,,,,0.000358092337,7239.71533,
1,40,26,40-26,Leaf,,,,,-0.00168031012,5860.62256,
1,40,27,40-27,Leaf,,,,,0.00350757479,1498.30054,
1,40,28,40-28,Leaf,,,,,0.00758361397,682.303894,
1,40,29,40-29,Leaf,,,,,0.00650776317,372.544647,
1,40,30,40-30,Leaf,,,,,0.000959714991,2599.32251,
1,41,0,41-0,recent_finish_percentile_weighted_3_minus_race_mean,-0.0174372196,41-1,41-2,41-1,64.8444824,32866.4141,
1,41,1,41-1,jockey_history_top3_excess,0.067592591,41-3,41-4,41-3,33.0684738,8304.48926,
1,41,2,41-2,distance_minus_recent_avg,-349.166656,41-5,41-6,41-6,42.559082,24561.9238,
1,41,3,41-3,best_finish_percentile_at_stronger_class,0.714285731,41-7,41-8,41-7,27.9187241,6481.9873,
1,41,4,41-4,historical_market_overperformance_slope_3,0.262980759,41-9,41-10,41-9,11.1315193,1822.50159,
1,41,5,41-5,recent_5_weight_kg,54.0,41-11,41-12,41-11,10.9998817,259.10202,
1,41,6,41-6,jockey_history_starts,31.0,41-13,41-14,41-13,35.6974716,24302.8223,
1,41,7,41-7,recent_weighted_avg_margin,6.47348022,41-15,41-16,41-15,24.7838898,3844.51709,
1,41,8,41-8,best_finish_percentile_at_equal_or_higher_weight,0.714285731,41-17,41-18,41-17,15.6655788,2637.47046,
1,41,9,41-9,historical_market_overperformance_slope_3,-0.310937196,41-19,41-20,41-19,15.469471,1643.98779,
1,41,10,41-10,recent_5_weight_kg,59.0,41-21,41-22,41-22,5.91630745,178.51384,
1,41,11,41-11,best_finish_percentile_at_stronger_class,0.882352948,41-23,41-24,41-24,4.16574574,34.1805458,
1,41,12,41-12,recent_3_distance_m,1625.0,41-25,41-26,41-26,8.29913712,224.921478,
1,41,13,41-13,recent_margin_std_6,1.7037214,41-27,41-28,41-27,26.8612461,5124.82617,
1,41,14,41-14,jockey_history_top3_excess,0.133503571,41-29,41-30,41-30,31.9194794,19177.9961,
1,41,15,41-15,Leaf,,,,,-0.00290412712,2916.8208,
1,41,16,41-16,Leaf,,,,,-0.00760667399,927.696228,
1,41,17,41-17,Leaf,,,,,0.00105194689,1430.1427,
1,41,18,41-18,Leaf,,,,,-0.00279978453,1207.32776,
1,41,19,41-19,Leaf,,,,,0.00340661569,650.997131,
1,41,20,41-20,Leaf,,,,,-0.00151859433,992.990601,
1,41,21,41-21,Leaf,,,,,0.010337498,106.925598,
1,41,22,41-22,Leaf,,,,,0.000960029953,71.5882492,
1,41,23,41-23,Leaf,,,,,0.00872826111,20.933939,
1,41,24,41-24,Leaf,,,,,-0.00540379714,13.2466059,
1,41,25,41-25,Leaf,,,,,-0.00421227282,85.377243,
1,41,26,41-26,Leaf,,,,,-0.0147876609,139.544235,
1,41,27,41-27,Leaf,,,,,0.00179838447,1464.35217,
1,41,28,41-28,Leaf,,,,,-0.00219645933,3660.47363,
1,41,29,41-29,Leaf,,,,,0.00101009523,17815.5312,
1,41,30,41-30,Leaf,,,,,0.00496997405,1362.46545,
1,42,0,42-0,jockey_history_top3_excess,0.0134300599,42-1,42-2,42-1,66.119957,32975.3984,
1,42,1,42-1,recent_margin_quality_weighted_3_minus_race_mean,-0.0931971371,42-3,42-4,42-3,60.4921799,15366.5381,
1,42,2,42-2,recent_margin_quality_weighted_3_minus_race_mean,0.219716489,42-5,42-6,42-5,31.6847305,17608.8613,
1,42,3,42-3,form_class_level_weighted_3,55.3333321,42-7,42-8,42-8,33.6303558,2502.95679,
1,42,4,42-4,prize_money_rank,4.0,42-9,42-10,42-10,26.2559967,12863.5811,
1,42,5,42-5,trainer_history_top3_excess,0.158633247,42-11,42-12,42-11,28.9961395,13216.9023,
1,42,6,42-6,good_starts,6.0,42-13,42-14,42-14,49.422554,4391.95898,
1,42,7,42-7,jockey_trainer_history_smoothed_top3_rate_gap_to_best,0.027433455,42-15,42-16,42-16,7.64823914,536.400513,
1,42,8,42-8,hidden_sectional_run_best_3,0.320724666,42-17,42-18,42-17,10.0118961,1966.55615,
1,42,9,42-9,recent_weighted_avg_margin,3.01454902,42-19,42-20,42-20,19.9450493,4812.90479,
1,42,10,42-10,form_class_level_weighted_3,115.0,42-21,42-22,42-22,26.5574417,8050.67627,
1,42,11,42-11,recent_last600_best_3,34.6100006,42-23,42-24,42-24,22.1597404,12746.1064,
1,42,12,42-12,jockey_recent_top3_excess,0.0447217636,42-25,42-26,42-26,8.64670181,470.796356,
1,42,13,42-13,recent_last600_best_3,35.2999992,42-27,42-28,42-28,24.0503922,2554.25464,
1,42,14,42-14,trainer_history_top3_excess,0.0246690307,42-29,42-30,42-29,13.4165888,1837.70447,
1,42,15,42-15,Leaf,,,,,-0.00104006671,55.8874855,
1,42,16,42-16,Leaf,,,,,-0.0111283204,480.513,
1,42,17,42-17,Leaf,,,,,-0.00209183618,1531.07959,
1,42,18,42-18,Leaf,,,,,-0.00639181584,435.476593,
1,42,19,42-19,Leaf,,,,,0.00268229283,2407.15796,
1,42,20,42-20,Leaf,,,,,-0.000529525976,2405.74683,
1,42,21,42-21,Leaf,,,,,-0.00092873117,7671.875,
1,42,22,42-22,Leaf,,,,,-0.00763221458,378.801178,
1,42,23,42-23,Leaf,,,,,0.00151321583,5551.37646,
1,42,24,42-24,Leaf,,,,,-0.000587194634,7194.72998,
1,42,25,42-25,Leaf,,,,,0.000416644674,112.398468,
1,42,26,42-26,Leaf,,,,,0.00843660533,358.397888,
1,42,27,42-27,Leaf,,,,,0.00723804114,1524.05273,
1,42,28,42-28,Leaf,,,,,0.00225836202,1030.20178,
1,42,29,42-29,Leaf,,,,,-0.00295703835,657.955627,
1,42,30,42-30,Leaf,,,,,0.00146999385,1179.74878,
1,43,0,43-0,recent_margin_quality_weighted_3_minus_race_mean,0.15602529,43-1,43-2,43-1,77.1050339,32652.1289,
1,43,1,43-1,recent_finish_percentile_weighted_3_minus_race_mean,-0.161171913,43-3,43-4,43-4,37.1626358,20248.2812,
1,43,2,43-2,good_starts,5.0,43-5,43-6,43-6,31.3459015,12403.8477,
1,43,3,43-3,jockey_trainer_history_smoothed_top3_rate_gap_to_best,0.100907028,43-7,43-8,43-8,20.0543861,2760.55981,
1,43,4,43-4,form_class_level_weighted_3,62.6666679,43-9,43-10,43-9,30.8747005,17487.7227,
1,43,5,43-5,recent_margin_std_6,2.33719921,43-11,43-12,43-12,24.7766876,5904.81055,
1,43,6,43-6,recent_5_weight_kg,56.5,43-13,43-14,43-14,13.0625124,6499.0376,
1,43,7,43-7,jockey_history_starts,93.0,43-15,43-16,43-16,10.4400263,900.42688,
1,43,8,43-8,form_class_level_weighted_3,60.6666679,43-17,43-18,43-17,16.7585068,1860.13281,
1,43,9,43-9,jockey_history_starts,131.0,43-19,43-20,43-19,14.1858673,9612.9541,
1,43,10,43-10,good_starts,15.0,43-21,43-22,43-22,26.2420712,7874.76807,
1,43,11,43-11,recent_finish_percentile_weighted_3_minus_race_mean,0.224479169,43-23,43-24,43-24,16.6796341,3049.94336,
1,43,12,43-12,historical_market_overperformance_slope_3,-0.293373287,43-25,43-26,43-26,10.4204865,2854.86694,
1,43,13,43-13,hidden_sectional_run_best_3_gap_to_best,0.0989429057,43-27,43-28,43-28,13.9354935,1894.65015,
1,43,14,43-14,hidden_sectional_run_best_3,0.0409563743,43-29,43-30,43-29,9.82037926,4604.38721,
1,43,15,43-15,Leaf,,,,,-0.00327226939,441.045044,
1,43,16,43-16,Leaf,,,,,0.00205229269,459.381866,
1,43,17,43-17,Leaf,,,,,-0.00807096343,725.633667,
1,43,18,43-18,Leaf,,,,,-0.00316053932,1134.49915,
1,43,19,43-19,Leaf,,,,,-0.00211752253,6594.22314,
1,43,20,43-20,Leaf,,,,,-4.65184639e-05,3018.73071,
1,43,21,43-21,Leaf,,,,,0.00146011391,5958.39648,
1,43,22,43-22,Leaf,,,,,-0.00189539324,1916.37183,
1,43,23,43-23,Leaf,,,,,0.00190588518,1078.55884,
1,43,24,43-24,Leaf,,,,,0.00580411544,1971.38452,
1,43,25,43-25,Leaf,,,,,-0.00623685308,103.43631,
1,43,26,43-26,Leaf,,,,,0.00149397308,2751.43066,
1,43,27,43-27,Leaf,,,,,-0.00724020833,214.353729,
1,43,28,43-28,Leaf,,,,,-0.000595133868,1680.29639,
1,43,29,43-29,Leaf,,,,,-0.0012394985,907.971191,
1,43,30,43-30,Leaf,,,,,0.00164834224,3696.41602,
1,44,0,44-0,recent_margin_quality_weighted_3_minus_race_mean,0.08304739,44-1,44-2,44-1,76.3244705,32536.0879,
1,44,1,44-1,jockey_history_top3_excess,-0.0652798787,44-3,44-4,44-4,43.5858269,14993.2656,
1,44,2,44-2,recent_last600_best_3,35.1800003,44-5,44-6,44-6,34.0426407,17542.8223,
1,44,3,44-3,form_class_level_weighted_3,53.5999985,44-7,44-8,44-8,16.2684021,1496.94849,
1,44,4,44-4,best_finish_percentile_at_equal_or_higher_weight,0.769230783,44-9,44-10,44-10,28.0931435,13496.3174,
1,44,5,44-5,good_starts,6.0,44-11,44-12,44-12,40.2351303,9990.5,
1,44,6,44-6,jockey_history_starts,268.0,44-13,44-14,44-13,18.1033382,7552.32178,
1,44,7,44-7,historical_market_overperformance_slope_3,0.177562654,44-15,44-16,44-15,4.66070557,403.154938,
1,44,8,44-8,recent_finish_percentile_rank,3.0,44-17,44-18,44-18,11.5039082,1093.79346,
1,44,9,44-9,trainer_history_top3_excess,0.0161253326,44-19,44-20,44-20,13.8650398,4176.79639,
1,44,10,44-10,hidden_sectional_run_best_3_gap_to_best,0.0628953576,44-21,44-22,44-21,17.4130135,9319.52051,
1,44,11,44-11,recent_margin_quality_weighted_3_minus_race_mean,0.219716489,44-23,44-24,44-24,18.5722351,5334.59521,
1,44,12,44-12,form_class_level_weighted_3,53.3333321,44-25,44-26,44-26,18.2529469,4655.90479,
1,44,13,44-13,jockey_history_top3_excess,0.176586315,44-27,44-28,44-27,15.4317989,7091.97461,
1,44,14,44-14,jockey_recent_top3_excess,0.0836633816,44-29,44-30,44-30,15.4685116,460.347107,
1,44,15,44-15,Leaf,,,,,-0.0108409859,326.917511,
1,44,16,44-16,Leaf,,,,,-0.00328684296,76.2374344,
1,44,17,44-17,Leaf,,,,,0.00284012151,141.465866,
1,44,18,44-18,Leaf,,,,,-0.00461601745,952.327637,
1,44,19,44-19,Leaf,,,,,-0.00396084785,2046.16089,
1,44,20,44-20,Leaf,,,,,-0.00107095635,2130.63525,
1,44,21,44-21,Leaf,,,,,-0.00116972195,4401.67432,
1,44,22,44-22,Leaf,,,,,0.000992508722,4917.84668,
1,44,23,44-23,Leaf,,,,,0.00226506754,2923.14282,
1,44,24,44-24,Leaf,,,,,0.00524563668,2411.45239,
1,44,25,44-25,Leaf,,,,,-0.0046101152,398.216583,
1,44,26,44-26,Leaf,,,,,0.000922492647,4257.68799,
1,44,27,44-27,Leaf,,,,,-0.000555566221,6973.76758,
1,44,28,44-28,Leaf,,,,,0.00819559675,118.207321,
1,44,29,44-29,Leaf,,,,,0.000731488632,271.36554,
1,44,30,44-30,Leaf,,,,,0.00996544212,188.981583,
1,45,0,45-0,recent_weighted_avg_margin,4.39091301,45-1,45-2,45-2,64.9655228,32473.1309,
1,45,1,45-1,recent_finish_percentile_weighted_3_minus_race_mean,0.352190316,45-3,45-4,45-3,29.2215252,24242.0957,
1,45,2,45-2,form_class_level_weighted_3,52.6666679,45-5,45-6,45-5,46.7257423,8231.03418,
1,45,3,45-3,trainer_history_top3_excess,0.0765040964,45-7,45-8,45-7,24.1372414,21972.5293,
1,45,4,45-4,jockey_recent_top3_excess,-0.00897876546,45-9,45-10,45-10,19.4193192,2269.56665,
1,45,5,45-5,trainer_history_top3_excess,0.0379600413,45-11,45-12,45-11,41.1925201,3219.01416,
1,45,6,45-6,distance_minus_recent_avg,-121.666664,45-13,45-14,45-14,21.9041672,5012.01953,
1,45,7,45-7,recent_similar_distance_speed_rank,7.0,45-15,45-16,45-15,19.6179543,16661.3789,
1,45,8,45-8,jockey_recent_top3_excess,0.130492613,45-17,45-18,45-18,21.813158,5311.15137,
1,45,9,45-9,jockey_recent_top3_excess,-0.0715620816,45-19,45-20,45-20,13.8970346,855.160034,
1,45,10,45-10,trainer_history_top3_excess,-0.0186623242,45-21,45-22,45-22,20.2039566,1414.40649,
1,45,11,45-11,best_finish_percentile_at_equal_or_higher_weight,0.846153855,45-23,45-24,45-23,17.4725342,2096.57666,
1,45,12,45-12,recent_last600_best_3,36.2200012,45-25,45-26,45-25,13.9204912,1122.43762,
1,45,13,45-13,best_finish_percentile_at_equal_or_higher_weight,0.909090936,45-27,45-28,45-27,13.5882626,806.228882,
1,45,14,45-14,recent_finish_percentile_weighted_3_minus_race_mean,-0.239644676,45-29,45-30,45-30,19.3865337,4205.79053,
1,45,15,45-15,Leaf,,,,,0.000472709915,12444.3789,
1,45,16,45-16,Leaf,,,,,-0.00149835064,4216.99854,
1,45,17,45-17,Leaf,,,,,0.000972168986,3977.44238,
1,45,18,45-18,Leaf,,,,,0.00466334773,1333.70923,
1,45,19,45-19,Leaf,,,,,0.00360267283,424.030396,
1,45,20,45-20,Leaf,,,,,-0.00269693951,431.129639,
1,45,21,45-21,Leaf,,,,,-0.00299304514,159.677658,
1,45,22,45-22,Leaf,,,,,0.00626820186,1254.72888,
1,45,23,45-23,Leaf,,,,,-0.00717927236,1798.63013,
1,45,24,45-24,Leaf,,,,,-0.00060090184,297.946472,
1,45,25,45-25,Leaf,,,,,0.000504194293,1039.06738,
1,45,26,45-26,Leaf,,,,,-0.00956752803,83.3702316,
1,45,27,45-27,Leaf,,,,,-0.0024499041,658.545898,
1,45,28,45-28,Leaf,,,,,-0.010711154,147.682983,
1,45,29,45-29,Leaf,,,,,-0.0037333162,599.457703,
1,45,30,45-30,Leaf,,,,,0.00108591712,3606.33301,
1,46,0,46-0,recent_finish_percentile_rank,4.0,46-1,46-2,46-2,70.4642487,32318.748,
1,46,1,46-1,good_starts,6.0,46-3,46-4,46-4,32.941494,16713.3066,
1,46,2,46-2,form_class_level_weighted_3,53.3333321,46-5,46-6,46-6,53.3794937,15605.4414,
1,46,3,46-3,recent_margin_quality_weighted_3_minus_race_mean,0.219716489,46-7,46-8,46-8,31.1515045,8919.48828,
1,46,4,46-4,distance_minus_recent_avg,-133.333328,46-9,46-10,46-10,15.8245964,7793.81836,
1,46,5,46-5,trainer_history_top3_excess,-0.024125874,46-11,46-12,46-11,29.0795517,2925.53369,
1,46,6,46-6,jockey_history_starts,19.0,46-13,46-14,46-13,27.2281075,12679.9072,
1,46,7,46-7,hidden_sectional_run_best_3,0.0600960329,46-15,46-16,46-15,15.1432323,5351.98682,
1,46,8,46-8,historical_market_overperformance_slope_3,0.226123869,46-17,46-18,46-17,30.012291,3567.50195,
1,46,9,46-9,recent_margin_quality_weighted_3_minus_race_mean,0.112443417,46-19,46-20,46-20,14.5754776,825.392456,
1,46,10,46-10,recent_5_weight_kg,57.0,46-21,46-22,46-22,18.3072586,6968.42578,
1,46,11,46-11,hidden_sectional_run_best_3,0.262901008,46-23,46-24,46-24,10.1022415,944.297424,
1,46,12,46-12,hidden_sectional_run_best_3_gap_to_best,0.229888618,46-25,46-26,46-25,24.3312073,1981.23633,
1,46,13,46-13,good_starts,8.0,46-27,46-28,46-27,15.7356491,1646.37329,
1,46,14,46-14,recent_weighted_avg_margin_rank,5.0,46-29,46-30,46-30,18.8610592,11033.5342,
1,46,15,46-15,Leaf,,,,,-0.00137898244,1325.14465,
1,46,16,46-16,Leaf,,,,,0.00169190101,4026.84204,
1,46,17,46-17,Leaf,,,,,0.00475195702,3175.86157,
1,46,18,46-18,Leaf,,,,,-0.0025204611,391.640472,
1,46,19,46-19,Leaf,,,,,-0.0075390297,309.124756,
1,46,20,46-20,Leaf,,,,,-0.000711410888,516.2677,
1,46,21,46-21,Leaf,,,,,-0.00146230205,2391.95581,
1,46,22,46-22,Leaf,,,,,0.00123149459,4576.46973,
1,46,23,46-23,Leaf,,,,,-0.00438300101,363.555115,
1,46,24,46-24,Leaf,,,,,-0.00992287043,580.74231,
1,46,25,46-25,Leaf,,,,,-0.00192032289,1904.98938,
1,46,26,46-26,Leaf,,,,,-0.015536773,76.2469559,
1,46,27,46-27,Leaf,,,,,-0.000773884531,737.025757,
1,46,28,46-28,Leaf,,,,,-0.00570004154,909.347534,
1,46,29,46-29,Leaf,,,,,0.00117768755,4446.24316,
1,46,30,46-30,Leaf,,,,,-0.000927493384,6587.29102,
1,47,0,47-0,recent_finish_percentile_weighted_3_minus_race_mean,-0.0105705261,47-1,47-2,47-1,76.8907776,32300.8574,
1,47,1,47-1,form_class_level_weighted_3,54.0,47-3,47-4,47-3,34.062397,8399.20508,
1,47,2,47-2,good_starts,11.0,47-5,47-6,47-6,41.7337189,23901.6523,
1,47,3,47-3,jockey_history_starts,141.0,47-7,47-8,47-7,19.5222092,2262.0625,
1,47,4,47-4,good_starts,14.0,47-9,47-10,47-10,21.8080978,6137.14307,
1,47,5,47-5,prize_money_rank,3.0,47-11,47-12,47-12,48.881321,17517.9219,
1,47,6,47-6,form_class_level_weighted_3,67.6666641,47-13,47-14,47-14,20.4252052,6383.73145,
1,47,7,47-7,recent_margin_std_6,3.13942671,47-15,47-16,47-15,13.6962814,1584.38159,
1,47,8,47-8,recent_margin_quality_weighted_3_minus_race_mean,-0.228876978,47-17,47-18,47-18,8.34957886,677.680847,
1,47,9,47-9,recent_finish_percentile_weighted_3_minus_race_mean,-0.167178124,47-19,47-20,47-20,20.9733562,4230.06055,
1,47,10,47-10,current_weight_change_pct,0.0593220331,47-21,47-22,47-21,10.7180099,1907.0824,
1,47,11,47-11,recent_finish_percentile_weighted_3_minus_race_mean,0.25761807,47-23,47-24,47-24,23.5416794,3603.14673,
1,47,12,47-12,recent_last600_best_3,35.0600014,47-25,47-26,47-26,33.0379486,13914.7744,
1,47,13,47-13,recent_finish_percentile_weighted_3_minus_race_mean,0.319301963,47-27,47-28,47-28,11.8940392,3847.69556,
1,47,14,47-14,distance_minus_recent_avg,-349.166656,47-29,47-30,47-30,16.5445347,2536.03589,
1,47,15,47-15,Leaf,,,,,-0.00416233158,939.276123,
1,47,16,47-16,Leaf,,,,,-0.00898514502,645.105469,
1,47,17,47-17,Leaf,,,,,-0.0103619127,45.6862335,
1,47,18,47-18,Leaf,,,,,-0.000246444659,631.994629,
1,47,19,47-19,Leaf,,,,,-0.00274630892,1269.71155,
1,47,20,47-20,Leaf,,,,,0.00108192151,2960.34912,
1,47,21,47-21,Leaf,,,,,-0.0042239558,1521.53345,
1,47,22,47-22,Leaf,,,,,0.000415097311,385.54895,
1,47,23,47-23,Leaf,,,,,0.00256934552,2473.89038,
1,47,24,47-24,Leaf,,,,,0.00693988428,1129.25623,
1,47,25,47-25,Leaf,,,,,0.00180354528,7581.70459,
1,47,26,47-26,Leaf,,,,,-0.000640653248,6333.07031,
1,47,27,47-27,Leaf,,,,,-0.00275798189,3212.7561,
1,47,28,47-28,Leaf,,,,,0.000966041523,634.939453,
1,47,29,47-29,Leaf,,,,,-0.014395982,34.3168755,
1,47,30,47-30,Leaf,,,,,0.00101043214,2501.71899,
1,48,0,48-0,recent_margin_quality_weighted_3_minus_race_mean,0.08304739,48-1,48-2,48-1,66.2593079,32062.377,
1,48,1,48-1,form_class_level_weighted_3,57.6666679,48-3,48-4,48-3,42.1403122,14756.1025,
1,48,2,48-2,prize_money_rank,2.0,48-5,48-6,48-6,38.6614876,17306.2754,
1,48,3,48-3,recent_margin_quality_weighted_3_minus_race_mean,-0.0519235134,48-7,48-8,48-8,35.8945007,5575.97217,
1,48,4,48-4,recent_finish_percentile_rank,7.0,48-9,48-10,48-10,11.7204866,9180.13086,
1,48,5,48-5,trainer_history_top3_excess,0.0868326128,48-11,48-12,48-11,20.0079117,2180.1687,
1,48,6,48-6,recent_margin_std_6,3.70171142,48-13,48-14,48-14,26.7932072,15126.1055,
1,48,7,48-7,jockey_trainer_history_smoothed_top3_rate_gap_to_best,0.027433455,48-15,48-16,48-16,18.9593658,1995.80786,
1,48,8,48-8,trainer_history_top3_excess,0.0306082815,48-17,48-18,48-18,14.8552809,3580.16406,
1,48,9,48-9,jockey_recent_top3_excess,0.0873404965,48-19,48-20,48-20,14.5417242,5845.62207,
1,48,10,48-10,trainer_history_top3_excess,-0.00511363614,48-21,48-22,48-22,10.6767464,3334.50854,
1,48,11,48-11,recent_margin_quality_weighted_3_minus_race_mean,0.219716489,48-23,48-24,48-24,23.0188236,1778.7356,
1,48,12,48-12,distance_minus_recent_avg,-158.333328,48-25,48-26,48-26,7.76470947,401.432983,
1,48,13,48-13,jockey_recent_top3_excess,0.104898833,48-27,48-28,48-28,23.2278442,12064.2852,
1,48,14,48-14,recent_3_margin,21.3999996,48-29,48-30,48-29,13.8328781,3061.82104,
1,48,15,48-15,Leaf,,,,,-0.000279212778,349.726959,
1,48,16,48-16,Leaf,,,,,-0.00671234867,1646.08093,
1,48,17,48-17,Leaf,,,,,-0.0029069006,1912.34705,
1,48,18,48-18,Leaf,,,,,0.000312724005,1667.81714,
1,48,19,48-19,Leaf,,,,,-0.000302567176,4092.54785,
1,48,20,48-20,Leaf,,,,,0.00241169962,1753.07422,
1,48,21,48-21,Leaf,,,,,-0.00326312031,1163.92773,
1,48,22,48-22,Leaf,,,,,-0.000298342638,2170.58081,
1,48,23,48-23,Leaf,,,,,0.000394916948,971.977234,
1,48,24,48-24,Leaf,,,,,0.00610022293,806.758423,
1,48,25,48-25,Leaf,,,,,-0.00457378477,18.2813625,
1,48,26,48-26,Leaf,,,,,0.00994658563,383.151611,
1,48,27,48-27,Leaf,,,,,0.000510674668,8978.88379,
1,48,28,48-28,Leaf,,,,,0.00302405842,3085.40137,
1,48,29,48-29,Leaf,,,,,-0.00170586281,3004.7793,
1,48,30,48-30,Leaf,,,,,0.00977766793,57.0417633,
1,49,0,49-0,recent_weighted_avg_margin,4.97735977,49-1,49-2,49-2,73.977417,31906.5273,
1,49,1,49-1,recent_margin_quality_weighted_3_minus_race_mean,0.219716489,49-3,49-4,49-4,39.2897339,26009.8906,
1,49,2,49-2,jockey_history_top3_excess,-0.0300647207,49-5,49-6,49-5,35.2589455,5896.63525,
1,49,3,49-3,jockey_history_top3_excess,-0.0604137369,49-7,49-8,49-8,23.1418629,18360.8496,
1,49,4,49-4,jockey_history_top3_excess,0.0942126065,49-9,49-10,49-9,40.0088425,7649.04199,
1,49,5,49-5,form_class_level_weighted_3,61.6666679,49-11,49-12,49-11,14.9561844,1689.43799,
1,49,6,49-6,historical_market_overperformance_slope_3,0.397985339,49-13,49-14,49-13,14.7795353,4207.19727,
1,49,7,49-7,recent_5_weight_kg,58.5,49-15,49-16,49-15,14.066391,1754.85291,
1,49,8,49-8,trainer_history_top3_excess,-0.0881416202,49-17,49-18,49-18,16.5810986,16605.9961,
1,49,9,49-9,recent_similar_distance_speed_rank,9.0,49-19,49-20,49-20,23.9771252,6524.58691,
1,49,10,49-10,historical_market_overperformance_slope_3,0.193589747,49-21,49-22,49-21,16.5051498,1124.45508,
1,49,11,49-11,recent_margin_quality_weighted_3_minus_race_mean,-0.127837598,49-23,49-24,49-24,13.867981,1171.08228,
1,49,12,49-12,jockey_recent_top3_excess,-0.0968887806,49-25,49-26,49-25,8.04613113,518.355713,
1,49,13,49-13,recent_margin_quality_weighted_3_minus_race_mean,-0.294749916,49-27,49-28,49-28,12.6205082,4016.33081,
1,49,14,49-14,hidden_sectional_run_best_3,0.291814357,49-29,49-30,49-30,7.11715794,190.866608,
1,49,15,49-15,Leaf,,,,,-0.00416032551,1282.4519,
1,49,16,49-16,Leaf,,,,,0.000854712445,472.40094,
1,49,17,49-17,Leaf,,,,,-0.00535553508,318.877594,
1,49,18,49-18,Leaf,,,,,0.000313689845,16287.1191,
1,49,19,49-19,Leaf,,,,,0.00202511135,5273.58691,
1,49,20,49-20,Leaf,,,,,-0.00181164744,1251.0,
1,49,21,49-21,Leaf,,,,,0.00742312614,1004.01306,
1,49,22,49-22,Leaf,,,,,-0.0021718021,120.441956,
1,49,23,49-23,Leaf,,,,,-0.011414215,340.471375,
1,49,24,49-24,Leaf,,,,,-0.00529408781,830.610901,
1,49,25,49-25,Leaf,,,,,-0.00525067933,240.716141,
1,49,26,49-26,Leaf,,,,,0.000885270827,277.639587,
1,49,27,49-27,Leaf,,,,,-0.00720709562,231.534546,
1,49,28,49-28,Leaf,,,,,-0.00129551184,3784.79614,
1,49,29,49-29,Leaf,,,,,-0.00465058582,29.8969345,
1,49,30,49-30,Leaf,,,,,0.00734145148,160.969681,
1,50,0,50-0,recent_finish_percentile_weighted_3_minus_race_mean,0.0380062461,50-1,50-2,50-1,70.5480804,31691.3965,
1,50,1,50-1,best_finish_percentile_at_stronger_class,0.727272749,50-3,50-4,50-3,37.964592,10853.3447,
1,50,2,50-2,current_weight_change_pct,-0.00892857183,50-5,50-6,50-6,33.4021149,20838.0527,
1,50,3,50-3,trainer_history_top3_excess,0.0420240685,50-7,50-8,50-7,31.6418839,6388.50391,
1,50,4,50-4,recent_finish_percentile_weighted_3_minus_race_mean,-0.290859818,50-9,50-10,50-10,12.1526527,4464.84082,
1,50,5,50-5,jockey_history_starts,136.0,50-11,50-12,50-12,25.2038059,4020.06641,
1,50,6,50-6,trainer_history_top3_excess,0.0371838696,50-13,50-14,50-13,27.1118431,16817.9863,
1,50,7,50-7,recent_margin_quality_weighted_3_minus_race_mean,-0.203512669,50-15,50-16,50-16,20.0165329,4003.83008,
1,50,8,50-8,good_starts,25.0,50-17,50-18,50-18,11.3851604,2384.67358,
1,50,9,50-9,recent_3_margin,5.5,50-19,50-20,50-19,5.70360756,216.400085,
1,50,10,50-10,current_weight_change_pct,-0.0409836061,50-21,50-22,50-22,10.5703287,4248.44043,
1,50,11,50-11,historical_market_overperformance_slope_3,-0.00452091778,50-23,50-24,50-24,15.2721863,2689.51416,
1,50,12,50-12,distance_minus_recent_avg,-216.666672,50-25,50-26,50-26,14.5526838,1330.55225,
1,50,13,50-13,recent_similar_distance_speed_rank,6.0,50-27,50-28,50-28,25.59618,8971.48242,
1,50,14,50-14,recent_finish_percentile_weighted_6_rank_in_race,3.0,50-29,50-30,50-30,15.6376114,7846.50391,
1,50,15,50-15,Leaf,,,,,-0.00834931061,626.277588,
1,50,16,50-16,Leaf,,,,,-0.00347170979,3377.55249,
1,50,17,50-17,Leaf,,,,,-0.000277459767,2309.28711,
1,50,18,50-18,Leaf,,,,,-0.00958022662,75.3864594,
1,50,19,50-19,Leaf,,,,,-0.00945922825,105.176987,
1,50,20,50-20,Leaf,,,,,-0.00130733964,111.223106,
1,50,21,50-21,Leaf,,,,,-0.00560110016,165.556076,
1,50,22,50-22,Leaf,,,,,0.000661919767,4082.88452,
1,50,23,50-23,Leaf,,,,,-0.000272148609,1062.81702,
1,50,24,50-24,Leaf,,,,,-0.00413019257,1626.69702,
1,50,25,50-25,Leaf,,,,,-0.0144134033,24.6995106,
1,50,26,50-26,Leaf,,,,,0.00199341215,1305.85278,
1,50,27,50-27,Leaf,,,,,0.00143097399,5493.02539,
1,50,28,50-28,Leaf,,,,,-0.00130606932,3478.45728,
1,50,29,50-29,Leaf,,,,,0.00332039339,4593.31006,
1,50,30,50-30,Leaf,,,,,0.00104806875,3253.19385,
1,51,0,51-0,recent_finish_percentile_rank,5.0,51-1,51-2,51-2,57.9315109,31693.9922,
1,51,1,51-1,recent_margin_std_6,1.93993127,51-3,51-4,51-4,24.2260265,19908.1309,
1,51,2,51-2,jockey_trainer_history_smoothed_top3_rate_gap_to_best,0.176136345,51-5,51-6,51-6,41.0458527,11785.8613,
1,51,3,51-3,prize_money_rank,3.0,51-7,51-8,51-8,19.4470978,7247.25,
1,51,4,51-4,recent_5_weight_kg,58.0,51-9,51-10,51-10,20.9413586,12660.8799,
1,51,5,51-5,form_class_level_weighted_3,59.2000008,51-11,51-12,51-11,18.4961662,6616.896,
1,51,6,51-6,recent_weighted_avg_margin,6.76053715,51-13,51-14,51-13,21.4424896,5168.96533,
1,51,7,51-7,hidden_sectional_run_best_3,0.269953817,51-15,51-16,51-15,11.3997536,1835.28015,
1,51,8,51-8,historical_market_overperformance_slope_3,-0.380999655,51-17,51-18,51-17,17.6824894,5411.96973,
1,51,9,51-9,form_class_level_weighted_3,65.0,51-19,51-20,51-19,17.863184,5551.56982,
1,51,10,51-10,hidden_sectional_run_best_3_gap_to_best,0.0549928844,51-21,51-22,51-22,18.1636696,7109.31055,
1,51,11,51-11,recent_weighted_avg_margin,11.4745121,51-23,51-24,51-23,13.5093565,2829.85815,
1,51,12,51-12,recent_weighted_avg_margin_rank,4.0,51-25,51-26,51-26,11.3168449,3787.03809,
1,51,13,51-13,recent_last600_best_3,34.7200012,51-27,51-28,51-28,20.1038513,4414.87744,
1,51,14,51-14,form_class_level_weighted_3,72.0,51-29,51-30,51-29,15.8653183,754.087769,
1,51,15,51-15,Leaf,,,,,0.00467672152,1732.52515,
1,51,16,51-16,Leaf,,,,,-0.00359591073,102.754936,
1,51,17,51-17,Leaf,,,,,0.00444052462,878.547241,
1,51,18,51-18,Leaf,,,,,0.000579127867,4533.42236,
1,51,19,51-19,Leaf,,,,,-0.00198829523,3702.41455,
1,51,20,51-20,Leaf,,,,,0.00101343542,1849.1554,
1,51,21,51-21,Leaf,,,,,-0.00224679825,896.388855,
1,51,22,51-22,Leaf,,,,,0.00154087541,6212.92139,
1,51,23,51-23,Leaf,,,,,-0.00133868062,2775.29395,
1,51,24,51-24,Leaf,,,,,-0.0129374936,54.5640945,
1,51,25,51-25,Leaf,,,,,0.00357956416,850.833557,
1,51,26,51-26,Leaf,,,,,0.000315554847,2936.20459,
1,51,27,51-27,Leaf,,,,,-0.000517319888,2002.54712,
1,51,28,51-28,Leaf,,,,,-0.00390976015,2412.33057,
1,51,29,51-29,Leaf,,,,,-0.00858614221,621.562744,
1,51,30,51-30,Leaf,,,,,0.000827600888,132.524994,
1,52,0,52-0,recent_finish_percentile_weighted_3_minus_race_mean,-0.155434132,52-1,52-2,52-2,67.6384354,31537.793,
1,52,1,52-1,jockey_history_top3_excess,0.0413679108,52-3,52-4,52-3,26.2342377,2751.49438,
1,52,2,52-2,jockey_history_top3_excess,0.0747099146,52-5,52-6,52-5,43.9523811,28786.2969,
1,52,3,52-3,best_finish_percentile_at_stronger_class,0.692307711,52-7,52-8,52-7,19.9886169,1826.59631,
1,52,4,52-4,prize_money_rank,7.0,52-9,52-10,52-10,10.6047611,924.89801,
1,52,5,52-5,recent_margin_std_6,2.14631462,52-11,52-12,52-12,26.6907787,22663.3223,
1,52,6,52-6,trainer_history_top3_excess,0.134977192,52-13,52-14,52-13,19.8954964,6122.97607,
1,52,7,52-7,form_class_level_weighted_3,69.3333359,52-15,52-16,52-15,14.7098618,1132.58752,
1,52,8,52-8,best_finish_percentile_at_equal_or_higher_weight,2.00001001,52-17,52-18,52-18,10.7899456,694.00885,
1,52,9,52-9,recent_finish_percentile_weighted_3_minus_race_mean,-0.311829627,52-19,52-20,52-20,10.0316982,646.281982,
1,52,10,52-10,recent_finish_percentile_weighted_6_rank_in_race,7.0,52-21,52-22,52-22,7.06121922,278.616028,
1,52,11,52-11,recent_finish_percentile_weighted_3_minus_race_mean,0.281823516,52-23,52-24,52-24,20.0602894,8512.27344,
1,52,12,52-12,best_finish_percentile_at_stronger_class,0.70588237,52-25,52-26,52-25,21.7722206,14151.0479,
1,52,13,52-13,recent_weighted_win_rate_rank,3.0,52-27,52-28,52-28,15.1778946,5466.95117,
1,52,14,52-14,recent_similar_distance_speed_rank,11.0,52-29,52-30,52-29,9.22814178,656.02533,
1,52,15,52-15,Leaf,,,,,-0.00947521068,750.616516,
1,52,16,52-16,Leaf,,,,,-0.00330878678,381.971008,
1,52,17,52-17,Leaf,,,,,-0.00413856935,470.996063,
1,52,18,52-18,Leaf,,,,,0.00242332648,223.012787,
1,52,19,52-19,Leaf,,,,,-0.00508398097,108.862,
1,52,20,52-20,Leaf,,,,,0.00293112174,537.419983,
1,52,21,52-21,Leaf,,,,,0.00482014893,37.7400436,
1,52,22,52-22,Leaf,,,,,-0.00581362518,240.875977,
1,52,23,52-23,Leaf,,,,,0.00034344921,6541.35449,
1,52,24,52-24,Leaf,,,,,0.00321712648,1970.91895,
1,52,25,52-25,Leaf,,,,,-0.00182456244,6475.79639,
1,52,26,52-26,Leaf,,,,,0.000142065037,7675.25146,
1,52,27,52-27,Leaf,,,,,0.00318525522,2570.48926,
1,52,28,52-28,Leaf,,,,,0.000543346105,2896.46167,
1,52,29,52-29,Leaf,,,,,0.00699250354,631.485352,
1,52,30,52-30,Leaf,,,,,-0.00663888035,24.5399799,
1,53,0,53-0,trainer_history_top3_excess,0.0161253326,53-1,53-2,53-1,62.0736008,31613.1973,
1,53,1,53-1,recent_weighted_avg_margin,4.91573286,53-3,53-4,53-4,50.0341415,13701.2568,
1,53,2,53-2,jockey_history_top3_excess,0.145747766,53-5,53-6,53-5,36.7266922,17911.9395,
1,53,3,53-3,current_weight_change_pct,-0.0347826071,53-7,53-8,53-7,21.417284,10295.3438,
1,53,4,53-4,jockey_history_top3_excess,0.0645141155,53-9,53-10,53-9,21.0042038,3405.91235,
1,53,5,53-5,recent_margin_std_6,2.43063784,53-11,53-12,53-12,23.2688942,16833.0059,
1,53,6,53-6,recent_margin_quality_weighted_3_minus_race_mean,0.223216027,53-13,53-14,53-13,16.126667,1078.93396,
1,53,7,53-7,recent_margin_std_6,1.7037214,53-15,53-16,53-16,13.8303242,2040.55652,
1,53,8,53-8,recent_margin_quality_weighted_3_minus_race_mean,0.249928296,53-17,53-18,53-18,21.5655613,8254.78809,
1,53,9,53-9,jockey_trainer_history_smoothed_top3_rate_gap_to_best,0.0444444418,53-19,53-20,53-20,21.272377,2898.22778,
1,53,10,53-10,recent_last600_best_3,35.6300011,53-21,53-22,53-22,6.83562708,507.684601,
1,53,11,53-11,good_starts,9.0,53-23,53-24,53-24,26.7667313,8355.0127,
1,53,12,53-12,recent_5_weight_kg,57.0,53-25,53-26,53-26,17.7412033,8477.99316,
1,53,13,53-13,recent_3_distance_m,1606.0,53-27,53-28,53-27,10.8024654,783.544067,
1,53,14,53-14,good_starts,5.0,53-29,53-30,53-30,4.82788467,295.389954,
1,53,15,53-15,Leaf,,,,,0.000768470054,562.766663,
1,53,16,53-16,Leaf,,,,,-0.00381203811,1477.78992,
1,53,17,53-17,Leaf,,,,,-0.000357485551,6502.48584,
1,53,18,53-18,Leaf,,,,,0.00275952835,1752.30164,
1,53,19,53-19,Leaf,,,,,0.00106206525,361.297241,
1,53,20,53-20,Leaf,,,,,-0.00537959905,2536.93066,
1,53,21,53-21,Leaf,,,,,-0.00219810498,230.838501,
1,53,22,53-22,Leaf,,,,,0.00351235806,276.8461,
1,53,23,53-23,Leaf,,,,,0.00273241848,5631.10352,
1,53,24,53-24,Leaf,,,,,-0.000282458117,2723.90942,
1,53,25,53-25,Leaf,,,,,-0.00198038761,2296.04932,
1,53,26,53-26,Leaf,,,,,0.000588337833,6181.94336,
1,53,27,53-27,Leaf,,,,,0.00431396998,741.651184,
1,53,28,53-28,Leaf,,,,,-0.00755149079,41.8928337,
1,53,29,53-29,Leaf,,,,,0.0128455078,192.431381,
1,53,30,53-30,Leaf,,,,,0.00522948382,102.958557,
1,54,0,54-0,jockey_history_top3_excess,-0.0214648228,54-1,54-2,54-2,57.4234238,31415.3496,
1,54,1,54-1,form_class_level_weighted_3,53.5999985,54-3,54-4,54-3,36.2780952,8297.15918,
1,54,2,54-2,jockey_history_top3_excess,0.14005594,54-5,54-6,54-5,32.6453056,23118.1914,
1,54,3,54-3,recent_finish_percentile_weighted_3_minus_race_mean,0.071088016,54-7,54-8,54-8,26.0068054,2719.83276,
1,54,4,54-4,recent_finish_percentile_weighted_3_minus_race_mean,-0.228775859,54-9,54-10,54-10,22.9832954,5577.32666,
1,54,5,54-5,best_finish_percentile_at_stronger_class,0.6875,54-11,54-12,54-11,37.1008987,21594.9785,
1,54,6,54-6,recent_finish_percentile_weighted_3_minus_race_mean,0.224479169,54-13,54-14,54-14,15.3755913,1523.2113,
1,54,7,54-7,trainer_history_top3_excess,-0.0485087819,54-15,54-16,54-15,10.5206757,885.109192,
1,54,8,54-8,prize_money_rank,7.0,54-17,54-18,54-18,11.6776543,1834.72351,
1,54,9,54-9,form_class_level_weighted_3,88.0,54-19,54-20,54-20,6.92586136,335.273621,
1,54,10,54-10,recent_margin_std_6,2.526196,54-21,54-22,54-21,14.1115799,5242.05322,
1,54,11,54-11,recent_last600_best_3,34.6899986,54-23,54-24,54-24,34.3505707,9934.89941,
1,54,12,54-12,recent_finish_percentile_weighted_3_minus_race_mean,0.359402239,54-25,54-26,54-26,25.1988926,11660.0801,
1,54,13,54-13,current_weight_change_pct,0.0442477874,54-27,54-28,54-27,13.1374693,1070.28003,
1,54,14,54-14,recent_last600_best_3,35.9500008,54-29,54-30,54-29,8.88110733,452.931213,
1,54,15,54-15,Leaf,,,,,-0.0122390753,237.234421,
1,54,16,54-16,Leaf,,,,,-0.00588345481,647.874756,
1,54,17,54-17,Leaf,,,,,-0.00129250891,1368.87988,
1,54,18,54-18,Leaf,,,,,-0.00586323487,465.843628,
1,54,19,54-19,Leaf,,,,,-0.00859828852,273.026031,
1,54,20,54-20,Leaf,,,,,0.000449684187,62.2475853,
1,54,21,54-21,Leaf,,,,,-0.00164719322,2467.40991,
1,54,22,54-22,Leaf,,,,,0.000946124957,2774.64307,
1,54,23,54-23,Leaf,,,,,0.000768346654,4655.78223,
1,54,24,54-24,Leaf,,,,,-0.00217427942,5279.11719,
1,54,25,54-25,Leaf,,,,,0.000957637676,10830.6553,
1,54,26,54-26,Leaf,,,,,0.00545835821,829.424805,
1,54,27,54-27,Leaf,,,,,0.00347518432,936.454773,
1,54,28,54-28,Leaf,,,,,-0.00464820256,133.825272,
1,54,29,54-29,Leaf,,,,,0.00890405569,420.033936,
1,54,30,54-30,Leaf,,,,,-0.0035692316,32.8972816,
1,55,0,55-0,recent_weighted_avg_margin,4.94443798,55-1,55-2,55-2,54.9250603,31189.0117,
1,55,1,55-1,recent_margin_quality_weighted_3_minus_race_mean,0.337773383,55-3,55-4,55-4,33.8684464,25333.7383,
1,55,2,55-2,jockey_history_top3_excess,-0.0208141319,55-5,55-6,55-5,30.1909866,5855.27295,
1,55,3,55-3,recent_last600_best_3,34.8400002,55-7,55-8,55-8,26.6048088,23038.7988,
1,55,4,55-4,jockey_recent_top3_excess,-0.0412161686,55-9,55-10,55-10,35.4015503,2294.93994,
1,55,5,55-5,recent_margin_quality_weighted_3_minus_race_mean,-0.101810873,55-11,55-12,55-12,16.1958237,1979.36963,
1,55,6,55-6,recent_last600_best_3,35.3400002,55-13,55-14,55-13,14.3083897,3875.90308,
1,55,7,55-7,jockey_history_top3_excess,0.0120553356,55-15,55-16,55-15,20.5804386,12086.0791,
1,55,8,55-8,jockey_history_top3_excess,0.133503571,55-17,55-18,55-17,19.0974617,10952.7197,
1,55,9,55-9,recent_weighted_avg_margin_rank,4.0,55-19,55-20,55-20,14.2579784,607.120483,
1,55,10,55-10,recent_5_weight_kg,59.5,55-21,55-22,55-22,12.4423218,1687.81946,
1,55,11,55-11,jockey_trainer_history_smoothed_top3_rate_gap_to_best,0.146464661,55-23,55-24,55-24,9.0560379,786.11084,
1,55,12,55-12,recent_3_margin,15.3000002,55-25,55-26,55-25,10.3494129,1193.25879,
1,55,13,55-13,best_finish_percentile_at_stronger_class,0.818181813,55-27,55-28,55-27,10.0866461,2850.16333,
1,55,14,55-14,hidden_sectional_run_best_3,0.146410197,55-29,55-30,55-29,10.0762978,1025.73987,
1,55,15,55-15,Leaf,,,,,-0.000267826195,5123.71143,
1,55,16,55-16,Leaf,,,,,0.00181768893,6962.36768,
1,55,17,55-17,Leaf,,,,,-0.0010106999,10392.9971,
1,55,18,55-18,Leaf,,,,,0.00368939503,559.722595,
1,55,19,55-19,Leaf,,,,,-0.00311211357,551.624878,
1,55,20,55-20,Leaf,,,,,0.00922108907,55.4956284,
1,55,21,55-21,Leaf,,,,,0.0030148467,871.067627,
1,55,22,55-22,Leaf,,,,,0.00737406779,816.751892,
1,55,23,55-23,Leaf,,,,,-0.00354930013,263.850006,
1,55,24,55-24,Leaf,,,,,-0.00945978239,522.260803,
1,55,25,55-25,Leaf,,,,,-0.00361050223,1091.86182,
1,55,26,55-26,Leaf,,,,,0.00441457238,101.397018,
1,55,27,55-27,Leaf,,,,,-0.000995074282,2049.54785,
1,55,28,55-28,Leaf,,,,,0.00229682866,800.615479,
1,55,29,55-29,Leaf,,,,,-0.0106031597,102.895981,
1,55,30,55-30,Leaf,,,,,-0.00259277015,922.843933,
1,56,0,56-0,recent_finish_percentile_weighted_6_rank_in_race,4.0,56-1,56-2,56-2,63.1837578,30915.7441,
1,56,1,56-1,good_starts,15.0,56-3,56-4,56-4,29.5319729,16250.1094,
1,56,2,56-2,form_class_level_weighted_3,53.5999985,56-5,56-6,56-5,36.7207222,14665.6338,
1,56,3,56-3,jockey_history_top3_excess,-0.00878469273,56-7,56-8,56-7,28.7418785,13718.2305,
1,56,4,56-4,jockey_history_starts,257.0,56-9,56-10,56-10,18.2152786,2531.87915,
1,56,5,56-5,jockey_history_top3_excess,-0.0431180336,56-11,56-12,56-12,25.6859665,3947.90845,
1,56,6,56-6,good_starts,14.0,56-13,56-14,56-14,31.3096313,10717.7256,
1,56,7,56-7,prize_money_rank,3.0,56-15,56-16,56-16,17.343195,4436.2207,
1,56,8,56-8,recent_margin_quality_weighted_3_minus_race_mean,0.281624734,56-17,56-18,56-18,28.9976196,9282.00977,
1,56,9,56-9,recent_margin_quality_weighted_3_minus_race_mean,0.107906133,56-19,56-20,56-20,14.591774,2388.66675,
1,56,10,56-10,jockey_recent_top3_excess,0.135699213,56-21,56-22,56-21,5.05193901,143.212433,
1,56,11,56-11,current_weight_change_pct,-0.00877192989,56-23,56-24,56-24,6.08377838,740.260376,
1,56,12,56-12,recent_margin_std_6,5.25613928,56-25,56-26,56-25,12.8936806,3207.64819,
1,56,13,56-13,recent_margin_quality_weighted_3_minus_race_mean,-0.294749916,56-27,56-28,56-28,16.1798248,7526.64746,
1,56,14,56-14,jockey_trainer_history_smoothed_top3_rate_gap_to_best,0.231411874,56-29,56-30,56-29,18.4487495,3191.07812,
1,56,15,56-15,Leaf,,,,,0.00248412765,1076.45483,
1,56,16,56-16,Leaf,,,,,-0.00114774308,3359.76587,
1,56,17,56-17,Leaf,,,,,0.00135561998,6894.97852,
1,56,18,56-18,Leaf,,,,,0.00455367891,2387.03101,
1,56,19,56-19,Leaf,,,,,-0.00522970175,652.920776,
1,56,20,56-20,Leaf,,,,,-0.0008566365,1735.74597,
1,56,21,56-21,Leaf,,,,,0.00864723977,123.135201,
1,56,22,56-22,Leaf,,,,,-0.00332048512,20.0772381,
1,56,23,56-23,Leaf,,,,,-0.0131872995,105.159134,
1,56,24,56-24,Leaf,,,,,-0.00643138075,635.101257,
1,56,25,56-25,Leaf,,,,,-0.00176831486,2787.5332,
1,56,26,56-26,Leaf,,,,,-0.00644278992,420.11499,
1,56,27,56-27,Leaf,,,,,-0.00690273056,179.298767,
1,56,28,56-28,Leaf,,,,,0.000498542504,7347.34863,
1,56,29,56-29,Leaf,,,,,-0.00207745307,2952.93823,
1,56,30,56-30,Leaf,,,,,-0.00920527335,238.139862,
1,57,0,57-0,recent_finish_percentile_weighted_6_rank_in_race,6.0,57-1,57-2,57-2,58.9095764,30897.8359,
1,57,1,57-1,recent_last600_best_3,35.5400009,57-3,57-4,57-4,25.6159286,22895.752,
1,57,2,57-2,form_class_level_weighted_3,59.0,57-5,57-6,57-5,30.705925,8002.08398,
1,57,3,57-3,recent_margin_quality_weighted_3_minus_race_mean,0.34690398,57-7,57-8,57-8,27.8119164,14884.3193,
1,57,4,57-4,form_class_level_weighted_3,57.3333321,57-9,57-10,57-9,18.268364,8011.43359,
1,57,5,57-5,recent_margin_quality_weighted_3_minus_race_mean,-0.0659921765,57-11,57-12,57-12,21.4082718,3143.552,
1,57,6,57-6,current_weight_change_pct,-0.017699115,57-13,57-14,57-13,23.7339497,4858.53223,
1,57,7,57-7,current_weight_change_pct,0.0648148134,57-15,57-16,57-16,24.3789043,13760.875,
1,57,8,57-8,jockey_recent_top3_excess,-0.0492921658,57-17,57-18,57-17,13.4398155,1123.44421,
1,57,9,57-9,recent_weighted_avg_margin_rank,3.0,57-19,57-20,57-20,36.0262146,3851.59424,
1,57,10,57-10,recent_3_margin,0.600000024,57-21,57-22,57-21,31.3330994,4159.83936,
1,57,11,57-11,recent_3_margin,6.9000001,57-23,57-24,57-23,10.6524353,1175.6731,
1,57,12,57-12,jockey_trainer_history_smoothed_top3_rate_gap_to_best,0.0025062561,57-25,57-26,57-25,10.621911,1967.87891,
1,57,13,57-13,recent_3_margin,4.69999981,57-27,57-28,57-27,7.83584976,1236.39807,
1,57,14,57-14,best_finish_percentile_at_equal_or_higher_weight,0.625,57-29,57-30,57-30,18.6056194,3622.13403,
1,57,15,57-15,Leaf,,,,,0.000336340716,10590.501,
1,57,16,57-16,Leaf,,,,,0.00283360528,3170.37378,
1,57,17,57-17,Leaf,,,,,0.000159888456,275.645599,
1,57,18,57-18,Leaf,,,,,0.00653483812,847.798584,
1,57,19,57-19,Leaf,,,,,0.000476079615,2069.60181,
1,57,20,57-20,Leaf,,,,,-0.00436144928,1781.99231,
1,57,21,57-21,Leaf,,,,,-0.00420150813,690.967712,
1,57,22,57-22,Leaf,,,,,0.00159157836,3468.87158,
1,57,23,57-23,Leaf,,,,,-0.00467451429,787.630981,
1,57,24,57-24,Leaf,,,,,-0.00986430515,388.042114,
1,57,25,57-25,Leaf,,,,,-0.00441830372,785.563293,
1,57,26,57-26,Leaf,,,,,-0.000667472603,1182.31567,
1,57,27,57-27,Leaf,,,,,-0.00208855071,803.276306,
1,57,28,57-28,Leaf,,,,,-0.0062932088,433.121796,
1,57,29,57-29,Leaf,,,,,-0.00301973335,773.402344,
1,57,30,57-30,Leaf,,,,,0.00132835179,2848.73169,
1,58,0,58-0,recent_finish_percentile_weighted_3_minus_race_mean,-0.155434132,58-1,58-2,58-2,46.9689789,30966.7812,
1,58,1,58-1,jockey_history_top3_excess,-0.0140938014,58-3,58-4,58-3,33.635006,2742.78442,
1,58,2,58-2,good_starts,14.0,58-5,58-6,58-5,38.945179,28223.9961,
1,58,3,58-3,form_class_level_weighted_3,64.3333359,58-7,58-8,58-7,11.416954,919.380005,
1,58,4,58-4,jockey_history_top3_excess,0.0614669435,58-9,58-10,58-10,12.0395546,1823.40442,
1,58,5,58-5,prize_money_rank,3.0,58-11,58-12,58-11,40.1076508,22709.459,
1,58,6,58-6,prize_money_rank,4.0,58-13,58-14,58-14,15.6020527,5514.53711,
1,58,7,58-7,best_finish_percentile_at_stronger_class,0.625,58-15,58-16,58-15,6.5567627,512.002258,
1,58,8,58-8,good_starts,9.0,58-17,58-18,58-18,12.5331116,407.377747,
1,58,9,58-9,best_finish_percentile_at_stronger_class,0.769230783,58-19,58-20,58-19,12.7171221,1106.43677,
1,58,10,58-10,recent_margin_std_6,0.875595033,58-21,58-22,58-21,8.71865749,716.967651,
1,58,11,58-11,recent_margin_quality_weighted_3_minus_race_mean,0.219716489,58-23,58-24,58-23,35.053791,4635.20312,
1,58,12,58-12,jockey_history_top3_excess,0.00242674001,58-25,58-26,58-25,30.2583504,18074.2559,
1,58,13,58-13,hidden_sectional_run_best_3,0.260664225,58-27,58-28,58-27,12.0974455,3061.08472,
1,58,14,58-14,form_class_level_weighted_3,63.3333321,58-29,58-30,58-30,10.2904243,2453.45239,
1,58,15,58-15,Leaf,,,,,-0.0117878253,314.251282,
1,58,16,58-16,Leaf,,,,,-0.00544144167,197.750977,
1,58,17,58-17,Leaf,,,,,0.00108883425,182.762848,
1,58,18,58-18,Leaf,,,,,-0.00756444177,224.614899,
1,58,19,58-19,Leaf,,,,,-0.00469888421,728.953918,
1,58,20,58-20,Leaf,,,,,0.000907871232,377.482819,
1,58,21,58-21,Leaf,,,,,0.0104550114,50.3035507,
1,58,22,58-22,Leaf,,,,,0.000503349176,666.664124,
1,58,23,58-23,Leaf,,,,,0.00145144947,3356.02905,
1,58,24,58-24,Leaf,,,,,0.0063119838,1279.17383,
1,58,25,58-25,Leaf,,,,,-0.00110239466,6887.9585,
1,58,26,58-26,Leaf,,,,,0.0010024081,11186.2979,
1,58,27,58-27,Leaf,,,,,0.00043421943,2374.19995,
1,58,28,58-28,Leaf,,,,,-0.00330936513,686.884827,
1,58,29,58-29,Leaf,,,,,-0.0049393638,1060.27014,
1,58,30,58-30,Leaf,,,,,-0.00165111315,1393.18213,
1,59,0,59-0,recent_finish_percentile_rank,3.0,59-1,59-2,59-2,61.0610733,30753.8496,
1,59,1,59-1,jockey_history_starts,141.0,59-3,59-4,59-3,28.4937592,11478.6143,
1,59,2,59-2,form_class_level_weighted_3,55.3333321,59-5,59-6,59-5,41.4366074,19275.2363,
1,59,3,59-3,recent_similar_distance_speed_rank,7.0,59-7,59-8,59-8,29.7502174,8212.81445,
1,59,4,59-4,jockey_recent_top3_excess,0.262275875,59-9,59-10,59-10,15.4458466,3265.80029,
1,59,5,59-5,recent_margin_quality_weighted_3_minus_race_mean,-0.0340842605,59-11,59-12,59-12,38.8687439,5923.06299,
1,59,6,59-6,jockey_history_starts,75.0,59-13,59-14,59-13,14.9074316,13352.1729,
1,59,7,59-7,prize_money_rank,7.0,59-15,59-16,59-16,16.6212597,5991.3457,
1,59,8,59-8,hidden_sectional_run_best_3,0.132012025,59-17,59-18,59-18,20.6423569,2221.46826,
1,59,9,59-9,recent_5_weight_kg,55.5,59-19,59-20,59-20,13.6099205,3167.9519,
1,59,10,59-10,recent_weighted_win_rate_rank,5.0,59-21,59-22,59-22,3.10239601,97.8482513,
1,59,11,59-11,recent_3_margin,6.80000019,59-23,59-24,59-23,19.7360687,1455.84387,
1,59,12,59-12,jockey_history_top3_excess,-0.0431180336,59-25,59-26,59-26,21.8163681,4467.21924,
1,59,13,59-13,best_finish_percentile_at_stronger_class,0.315789461,59-27,59-28,59-28,11.5602808,6012.86572,
1,59,14,59-14,trainer_history_top3_excess,-0.134174734,59-29,59-30,59-29,17.6746902,7339.30664,
1,59,15,59-15,Leaf,,,,,0.0022197885,4715.38428,
1,59,16,59-16,Leaf,,,,,-0.000986603438,1275.96143,
1,59,17,59-17,Leaf,,,,,0.000753964705,1023.97052,
1,59,18,59-18,Leaf,,,,,-0.00406076992,1197.4978,
1,59,19,59-19,Leaf,,,,,-0.00150633464,356.406158,
1,59,20,59-20,Leaf,,,,,0.00363161089,2811.5459,
1,59,21,59-21,Leaf,,,,,0.014281705,85.4047241,
1,59,22,59-22,Leaf,,,,,0.000261826557,12.4435272,
1,59,23,59-23,Leaf,,,,,-0.00421277713,1028.55981,
1,59,24,59-24,Leaf,,,,,-0.010659677,427.283997,
1,59,25,59-25,Leaf,,,,,-0.00542248366,720.682922,
1,59,26,59-26,Leaf,,,,,-0.000694290909,3746.53638,
1,59,27,59-27,Leaf,,,,,-0.00590905221,281.213776,
1,59,28,59-28,Leaf,,,,,-0.000794832595,5731.65234,
1,59,29,59-29,Leaf,,,,,-0.0129094301,49.7226791,
1,59,30,59-30,Leaf,,,,,0.000743908575,7289.58398,
1,60,0,60-0,recent_finish_percentile_weighted_6_rank_in_race,4.0,60-1,60-2,60-2,57.9293633,30810.5371,
1,60,1,60-1,good_starts,6.0,60-3,60-4,60-4,44.6040878,16283.4824,
1,60,2,60-2,form_class_level_weighted_3,58.6666679,60-5,60-6,60-5,40.6872025,14527.0537,
1,60,3,60-3,recent_3_distance_m,1950.0,60-7,60-8,60-8,25.0629425,8738.53711,
1,60,4,60-4,distance_minus_recent_avg,-439.166656,60-9,60-10,60-10,15.2871733,7544.9458,
1,60,5,60-5,recent_weighted_avg_margin,7.22153616,60-11,60-12,60-11,30.2645264,5781.13184,
1,60,6,60-6,good_starts,18.0,60-13,60-14,60-14,39.6128006,8745.92188,
1,60,7,60-7,recent_finish_percentile_weighted_3_minus_race_mean,0.261309385,60-15,60-16,60-16,22.3796692,7334.74707,
1,60,8,60-8,recent_margin_std_6,2.55316806,60-17,60-18,60-17,16.8254566,1403.78943,
1,60,9,60-9,form_class_level_weighted_3,60.3333321,60-19,60-20,60-20,5.23142433,63.7811356,
1,60,10,60-10,recent_weighted_avg_margin,6.41794109,60-21,60-22,60-22,11.7621698,7481.16455,
1,60,11,60-11,best_finish_percentile_at_stronger_class,0.714285731,60-23,60-24,60-23,16.8197365,5043.62158,
1,60,12,60-12,recent_margin_quality_weighted_3_minus_race_mean,-0.0721538961,60-25,60-26,60-26,12.7730789,737.510437,
1,60,13,60-13,trainer_history_top3_excess,0.0908954591,60-27,60-28,60-27,24.4267082,7116.81494,
1,60,14,60-14,best_finish_percentile_at_equal_or_higher_weight,0.631578922,60-29,60-30,60-30,7.39795685,1629.10693,
1,60,15,60-15,Leaf,,,,,0.00170005567,4631.66162,
1,60,16,60-16,Leaf,,,,,0.00456947833,2703.08545,
1,60,17,60-17,Leaf,,,,,0.000646003988,1075.02234,
1,60,18,60-18,Leaf,,,,,-0.00573528511,328.76709,
1,60,19,60-19,Leaf,,,,,-0.00219895574,28.2918663,
1,60,20,60-20,Leaf,,,,,-0.0171042699,35.4892693,
1,60,21,60-21,Leaf,,,,,-0.000511037651,7252.88916,
1,60,22,60-22,Leaf,,,,,0.00513266027,228.275467,
1,60,23,60-23,Leaf,,,,,-0.00340324151,2832.75464,
1,60,24,60-24,Leaf,,,,,-0.000489647209,2210.86694,
1,60,25,60-25,Leaf,,,,,-0.00960959587,524.572876,
1,60,26,60-26,Leaf,,,,,-0.00220039859,212.937531,
1,60,27,60-27,Leaf,,,,,-7.03634441e-06,5853.28125,
1,60,28,60-28,Leaf,,,,,0.0038123522,1263.53394,
1,60,29,60-29,Leaf,,,,,-0.00684783747,348.329285,
1,60,30,60-30,Leaf,,,,,-0.00271080411,1280.77771,
1,61,0,61-0,recent_finish_percentile_weighted_3_minus_race_mean,0.187244773,61-1,61-2,61-1,62.8902512,30614.8008,
1,61,1,61-1,jockey_history_top3_excess,-0.062292207,61-3,61-4,61-3,37.5323715,19832.9219,
1,61,2,61-2,jockey_history_top3_excess,0.133503571,61-5,61-6,61-6,33.710598,10781.8789,
1,61,3,61-3,recent_weighted_avg_margin,9.59683704,61-7,61-8,61-7,12.5973358,2195.42017,
1,61,4,61-4,recent_finish_percentile_weighted_3_minus_race_mean,-0.161171913,61-9,61-10,61-10,24.9300117,17637.502,
1,61,5,61-5,prize_money_rank,2.0,61-11,61-12,61-12,23.0191193,10053.832,
1,61,6,61-6,trainer_history_top3_excess,0.0493586138,61-13,61-14,61-13,13.4142723,728.046448,
1,61,7,61-7,trainer_history_top3_excess,-0.0995472297,61-15,61-16,61-16,9.96203613,2102.13818,
1,61,8,61-8,best_finish_percentile_at_stronger_class,0.600000024,61-17,61-18,61-17,3.03386688,93.2818756,
1,61,9,61-9,jockey_history_top3_excess,0.0709024668,61-19,61-20,61-20,15.6775589,2196.84399,
1,61,10,61-10,distance_minus_recent_avg,-116.666664,61-21,61-22,61-22,20.5084877,15440.6582,
1,61,11,61-11,jockey_trainer_history_smoothed_top3_rate_gap_to_best,0.0514705777,61-23,61-24,61-23,14.0289154,1273.49243,
1,61,12,61-12,recent_last600_best_3,34.5800018,61-25,61-26,61-26,15.2368059,8780.33984,
1,61,13,61-13,recent_last600_best_3,35.7799988,61-27,61-28,61-27,9.73467255,305.603455,
1,61,14,61-14,recent_5_weight_kg,59.5,61-29,61-30,61-29,8.91846848,422.442993,
1,61,15,61-15,Leaf,,,,,-0.0103091244,121.878014,
1,61,16,61-16,Leaf,,,,,-0.00311646983,1980.26025,
1,61,17,61-17,Leaf,,,,,-0.0162585955,55.0414658,
1,61,18,61-18,Leaf,,,,,-0.00502116093,38.240406,
1,61,19,61-19,Leaf,,,,,-0.00425863406,1652.18823,
1,61,20,61-20,Leaf,,,,,0.000608845963,544.655884,
1,61,21,61-21,Leaf,,,,,-0.00296426727,1513.45398,
1,61,22,61-22,Leaf,,,,,9.05219931e-05,13927.2041,
1,61,23,61-23,Leaf,,,,,0.00639111549,735.593079,
1,61,24,61-24,Leaf,,,,,0.0010551681,537.899353,
1,61,25,61-25,Leaf,,,,,0.00190081378,3361.08179,
1,61,26,61-26,Leaf,,,,,-0.000238592154,5419.2583,
1,61,27,61-27,Leaf,,,,,0.00400193734,276.093689,
1,61,28,61-28,Leaf,,,,,-0.00926731993,29.5097389,
1,61,29,61-29,Leaf,,,,,0.0102420989,402.87439,
1,61,30,61-30,Leaf,,,,,-0.00490146503,19.568615,
1,62,0,62-0,recent_margin_std_6,3.19400477,62-1,62-2,62-2,51.4690323,30612.7324,
1,62,1,62-1,good_starts,15.0,62-3,62-4,62-4,46.7619247,19974.0234,
1,62,2,62-2,best_finish_percentile_at_stronger_class,0.818181813,62-5,62-6,62-5,28.3060608,10638.71,
1,62,3,62-3,recent_finish_percentile_weighted_3_minus_race_mean,0.281823516,62-7,62-8,62-8,32.7728996,16450.8848,
1,62,4,62-4,recent_similar_distance_speed_rank,12.0,62-9,62-10,62-10,24.2962685,3523.1377,
1,62,5,62-5,recent_weighted_avg_margin,9.59683704,62-11,62-12,62-11,17.5971146,6585.66943,
1,62,6,62-6,hidden_sectional_run_best_3,0.0854666531,62-13,62-14,62-14,11.9988422,4053.04053,
1,62,7,62-7,recent_last600_best_3,34.1599998,62-15,62-16,62-16,18.5889626,13272.6045,
1,62,8,62-8,recent_5_weight_kg,58.5,62-17,62-18,62-18,24.3843231,3178.28101,
1,62,9,62-9,recent_last600_best_3,36.25,62-19,62-20,62-19,14.1118097,3358.13281,
1,62,10,62-10,recent_5_weight_kg,71.5,62-21,62-22,62-22,14.4455299,165.004791,
1,62,11,62-11,recent_5_weight_kg,55.0,62-23,62-24,62-24,10.5800171,6176.80176,
1,62,12,62-12,recent_3_margin,31.2999992,62-25,62-26,62-26,12.7002106,408.867859,
1,62,13,62-13,jockey_recent_top3_excess,-0.000995674753,62-27,62-28,62-27,13.8120689,427.512756,
1,62,14,62-14,recent_similar_distance_speed_rank,13.0,62-29,62-30,62-29,15.0460091,3625.52783,
1,62,15,62-15,Leaf,,,,,0.00206572632,4378.72217,
1,62,16,62-16,Leaf,,,,,7.64926735e-05,8893.88281,
1,62,17,62-17,Leaf,,,,,0.00105825393,1390.07837,
1,62,18,62-18,Leaf,,,,,0.00548287062,1788.20264,
1,62,19,62-19,Leaf,,,,,-0.00196257536,3008.90576,
1,62,20,62-20,Leaf,,,,,0.00327963545,349.227264,
1,62,21,62-21,Leaf,,,,,-0.0138202226,142.51416,
1,62,22,62-22,Leaf,,,,,0.00553950248,22.4906349,
1,62,23,62-23,Leaf,,,,,-0.00552885933,508.977112,
1,62,24,62-24,Leaf,,,,,-0.00178005162,5667.82471,
1,62,25,62-25,Leaf,,,,,-0.00971547794,317.552155,
1,62,26,62-26,Leaf,,,,,0.00069350726,91.315712,
1,62,27,62-27,Leaf,,,,,-0.00149468658,164.089783,
1,62,28,62-28,Leaf,,,,,0.0075743706,263.422974,
1,62,29,62-29,Leaf,,,,,-0.000100241356,3602.19653,
1,62,30,62-30,Leaf,,,,,-0.016977746,23.3312607,
1,63,0,63-0,recent_margin_quality_weighted_3_minus_race_mean,0.219716489,63-1,63-2,63-1,45.3196869,30402.9941,
1,63,1,63-1,form_class_level_weighted_3,62.0,63-3,63-4,63-3,34.8549347,22992.9473,
1,63,2,63-2,jockey_history_top3_excess,0.115262069,63-5,63-6,63-5,38.416317,7410.04736,
1,63,3,63-3,recent_margin_quality_weighted_3_minus_race_mean,-0.0701009631,63-7,63-8,63-8,33.436142,11877.7314,
1,63,4,63-4,good_starts,17.0,63-9,63-10,63-10,35.3903122,11115.2158,
1,63,5,63-5,recent_margin_std_6,2.29753494,63-11,63-12,63-12,27.3052635,6759.42188,
1,63,6,63-6,trainer_history_top3_excess,0.0277264398,63-13,63-14,63-14,8.59640503,650.625366,
1,63,7,63-7,recent_weighted_avg_margin,10.2662601,63-15,63-16,63-16,18.0889435,2185.68384,
1,63,8,63-8,best_finish_percentile_at_stronger_class,0.642857134,63-17,63-18,63-17,18.1852951,9692.04785,
1,63,9,63-9,recent_weighted_win_rate_rank,4.0,63-19,63-20,63-20,21.7965717,8941.27051,
1,63,10,63-10,hidden_sectional_run_best_3_gap_to_best,0.161576793,63-21,63-22,63-21,10.2937298,2173.94531,
1,63,11,63-11,good_starts,5.0,63-23,63-24,63-24,29.2995071,3543.6709,
1,63,12,63-12,recent_margin_std_6,2.51270103,63-25,63-26,63-26,16.540987,3215.75122,
1,63,13,63-13,recent_similar_distance_speed_rank,7.0,63-27,63-28,63-28,9.44953156,160.869553,
1,63,14,63-14,best_finish_percentile_at_stronger_class,0.866666675,63-29,63-30,63-30,6.01811218,489.755798,
1,63,15,63-15,Leaf,,,,,-0.00358501822,1984.5835,
1,63,16,63-16,Leaf,,,,,-0.0113628665,201.100342,
1,63,17,63-17,Leaf,,,,,-0.002270645,3825.55933,
1,63,18,63-18,Leaf,,,,,-5.56637533e-05,5866.48828,
1,63,19,63-19,Leaf,,,,,0.00261788443,3489.65771,
1,63,20,63-20,Leaf,,,,,8.83252287e-05,5451.6123,
1,63,21,63-21,Leaf,,,,,-0.00146410451,1637.73291,
1,63,22,63-22,Leaf,,,,,-0.00545235304,536.212341,
1,63,23,63-23,Leaf,,,,,0.00492865825,1698.19885,
1,63,24,63-24,Leaf,,,,,0.0003789943,1845.47205,
1,63,25,63-25,Leaf,,,,,-0.00583416037,328.754242,
1,63,26,63-26,Leaf,,,,,3.11063422e-06,2886.99707,
1,63,27,63-27,Leaf,,,,,0.00616013026,109.543221,
1,63,28,63-28,Leaf,,,,,-0.00592913618,51.3263283,
1,63,29,63-29,Leaf,,,,,0.00313362596,102.474144,
1,63,30,63-30,Leaf,,,,,0.0104306554,387.281647,
1,64,0,64-0,recent_finish_percentile_weighted_3_minus_race_mean,0.0178551674,64-1,64-2,64-1,54.39785,30413.9473,
1,64,1,64-1,recent_weighted_avg_margin,9.40214062,64-3,64-4,64-3,30.0015373,9379.2002,
1,64,2,64-2,recent_last600_best_3,34.9000015,64-5,64-6,64-6,34.8539352,21034.748,
1,64,3,64-3,jockey_history_top3_excess,-0.114671513,64-7,64-8,64-8,18.0092373,8931.81055,
1,64,4,64-4,prize_money_rank,4.0,64-9,64-10,64-10,6.46216583,447.389221,
1,64,5,64-5,prize_money_rank,2.0,64-11,64-12,64-12,27.7580185,10450.7266,
1,64,6,64-6,trainer_history_top3_excess,0.0349813923,64-13,64-14,64-13,19.9626465,10584.0215,
1,64,7,64-7,recent_weighted_avg_margin,6.58176184,64-15,64-16,64-15,2.77439308,120.716759,
1,64,8,64-8,recent_finish_percentile_weighted_3_minus_race_mean,-0.407991618,64-17,64-18,64-18,14.8540039,8811.09375,
1,64,9,64-9,form_class_level_weighted_3,67.3333359,64-19,64-20,64-19,6.05954838,142.04068,
1,64,10,64-10,trainer_history_top3_excess,0.102162629,64-21,64-22,64-21,5.96683502,305.348572,
1,64,11,64-11,recent_margin_quality_weighted_3_minus_race_mean,0.199903965,64-23,64-24,64-24,16.1580658,1348.95544,
1,64,12,64-12,recent_margin_quality_weighted_3_minus_race_mean,0.39258346,64-25,64-26,64-26,19.2492161,9101.77148,
1,64,13,64-13,recent_similar_distance_speed_rank,7.0,64-27,64-28,64-28,14.3207455,5836.82959,
1,64,14,64-14,jockey_history_top3_excess,0.133503571,64-29,64-30,64-30,19.8752098,4747.19189,
1,64,15,64-15,Leaf,,,,,-0.0127456998,86.9048691,
1,64,16,64-16,Leaf,,,,,-0.00297778216,33.8118973,
1,64,17,64-17,Leaf,,,,,-0.0100723682,104.955551,
1,64,18,64-18,Leaf,,,,,-0.00101353764,8706.1377,
1,64,19,64-19,Leaf,,,,,-0.00674817711,90.2652435,
1,64,20,64-20,Leaf,,,,,0.00327448593,51.7754288,
1,64,21,64-21,Leaf,,,,,-0.0106764687,290.035675,
1,64,22,64-22,Leaf,,,,,0.00329164974,15.3128929,
1,64,23,64-23,Leaf,,,,,0.0028828911,847.936584,
1,64,24,64-24,Leaf,,,,,0.00858554523,501.018829,
1,64,25,64-25,Leaf,,,,,0.000993939117,8785.77637,
1,64,26,64-26,Leaf,,,,,0.0071881297,315.994598,
1,64,27,64-27,Leaf,,,,,-0.000407526357,3868.28662,
1,64,28,64-28,Leaf,,,,,-0.00302606146,1968.54333,
1,64,29,64-29,Leaf,,,,,0.000420578668,4397.39111,
1,64,30,64-30,Leaf,,,,,0.00653611729,349.800812,
1,65,0,65-0,recent_finish_percentile_rank,6.0,65-1,65-2,65-2,65.013237,30318.0059,
1,65,1,65-1,distance_minus_recent_avg,-241.666672,65-3,65-4,65-4,33.0447083,21799.2539,
1,65,2,65-2,jockey_recent_top3_excess,0.0190493986,65-5,65-6,65-5,25.2178802,8518.75293,
1,65,3,65-3,jockey_history_starts,150.0,65-7,65-8,65-8,13.4251766,639.228394,
1,65,4,65-4,trainer_history_top3_excess,0.0329457596,65-9,65-10,65-9,30.0274086,21160.0254,
1,65,5,65-5,form_class_level_weighted_3,63.6666679,65-11,65-12,65-12,18.6228714,4473.71338,
1,65,6,65-6,hidden_sectional_run_best_3,0.0743791983,65-13,65-14,65-14,11.5575981,4045.03955,
1,65,7,65-7,jockey_history_starts,86.0,65-15,65-16,65-16,9.8325634,522.686096,
1,65,8,65-8,trainer_history_top3_excess,-0.0685951412,65-17,65-18,65-18,7.61194229,116.54229,
1,65,9,65-9,recent_weighted_avg_margin,5.19742203,65-19,65-20,65-20,21.8806343,10814.5332,
1,65,10,65-10,hidden_sectional_run_best_3_gap_to_best,0.136697844,65-21,65-22,65-21,22.7904205,10345.4922,
1,65,11,65-11,best_finish_percentile_at_equal_or_higher_weight,0.923076928,65-23,65-24,65-23,9.8299408,1908.15308,
1,65,12,65-12,jockey_recent_top3_excess,-0.0156140011,65-25,65-26,65-26,15.7769794,2565.56006,
1,65,13,65-13,recent_margin_std_6,1.04817307,65-27,65-28,65-28,6.37092972,157.347626,
1,65,14,65-14,recent_weighted_avg_margin,6.76053715,65-29,65-30,65-29,10.7559938,3887.69189,
1,65,15,65-15,Leaf,,,,,-0.00522150239,354.600098,
1,65,16,65-16,Leaf,,,,,0.00197264692,168.086044,
1,65,17,65-17,Leaf,,,,,0.00279334746,14.740797,
1,65,18,65-18,Leaf,,,,,-0.014382625,101.801491,
1,65,19,65-19,Leaf,,,,,0.000460734358,9558.63477,
1,65,20,65-20,Leaf,,,,,-0.00303662964,1255.89807,
1,65,21,65-21,Leaf,,,,,0.000573091384,4418.64453,
1,65,22,65-22,Leaf,,,,,0.00294793444,5926.84814,
1,65,23,65-23,Leaf,,,,,-0.00422297325,1685.14697,
1,65,24,65-24,Leaf,,,,,-0.00983285997,223.006073,
1,65,25,65-25,Leaf,,,,,-0.000578114763,1980.28064,
1,65,26,65-26,Leaf,,,,,-0.00522825401,585.27948,
1,65,27,65-27,Leaf,,,,,-0.00407257071,25.1480865,
1,65,28,65-28,Leaf,,,,,0.00822235178,132.199539,
1,65,29,65-29,Leaf,,,,,-0.00014840746,3466.19458,
1,65,30,65-30,Leaf,,,,,-0.00433684979,421.497345,
1,66,0,66-0,recent_finish_percentile_rank,3.0,66-1,66-2,66-2,49.5722656,30256.4609,
1,66,1,66-1,prize_money_rank,2.0,66-3,66-4,66-4,34.858017,11297.0,
1,66,2,66-2,recent_weighted_avg_margin,4.97735977,66-5,66-6,66-6,29.4266815,18959.4609,
1,66,3,66-3,jockey_history_starts,81.0,66-7,66-8,66-7,18.3525391,1616.54321,
1,66,4,66-4,historical_market_overperformance_slope_3,-0.072839506,66-9,66-10,66-9,16.7286644,9680.45703,
1,66,5,66-5,current_weight_change_pct,-0.0333333351,66-11,66-12,66-12,20.4935703,14109.252,
1,66,6,66-6,prize_money_rank,4.0,66-13,66-14,66-13,13.6958771,4850.20898,
1,66,7,66-7,jockey_history_starts,67.0,66-15,66-16,66-16,11.9880905,774.158936,
1,66,8,66-8,recent_finish_percentile_rank,2.0,66-17,66-18,66-18,12.2153549,842.384216,
1,66,9,66-9,hidden_sectional_run_best_3_gap_to_best,0.190642461,66-19,66-20,66-19,19.4819641,3889.39746,
1,66,10,66-10,hidden_sectional_run_best_3_gap_to_best,0.319595873,66-21,66-22,66-21,19.9161949,5791.05957,
1,66,11,66-11,jockey_history_starts,330.0,66-23,66-24,66-24,13.0034447,1464.44946,
1,66,12,66-12,good_wins,3.0,66-25,66-26,66-26,14.5926867,12644.8027,
1,66,13,66-13,distance_minus_recent_avg,-19.5,66-27,66-28,66-28,11.0972767,1664.95557,
1,66,14,66-14,recent_margin_quality_weighted_3_minus_race_mean,-0.2464239,66-29,66-30,66-30,12.7869225,3185.25342,
1,66,15,66-15,Leaf,,,,,0.00313828583,663.353577,
1,66,16,66-16,Leaf,,,,,-0.0054206783,110.805389,
1,66,17,66-17,Leaf,,,,,0.0096801687,502.041595,
1,66,18,66-18,Leaf,,,,,0.0033870507,340.342651,
1,66,19,66-19,Leaf,,,,,0.000175430076,1907.84839,
1,66,20,66-20,Leaf,,,,,0.00371497986,1981.54907,
1,66,21,66-21,Leaf,,,,,0.000227609518,5469.00732,
1,66,22,66-22,Leaf,,,,,-0.00607747491,322.052277,
1,66,23,66-23,Leaf,,,,,-0.00355086825,1395.93701,
1,66,24,66-24,Leaf,,,,,0.00693738973,68.5123825,
1,66,25,66-25,Leaf,,,,,0.00047540004,10602.5342,
1,66,26,66-26,Leaf,,,,,-0.00182737934,2042.26819,
1,66,27,66-27,Leaf,,,,,-0.00348626263,555.337402,
1,66,28,66-28,Leaf,,,,,0.000809410878,1109.61816,
1,66,29,66-29,Leaf,,,,,-0.00756036444,405.032104,
1,66,30,66-30,Leaf,,,,,-0.00281012221,2780.22144,
1,67,0,67-0,recent_margin_quality_weighted_3_minus_race_mean,0.18225646,67-1,67-2,67-1,58.3524208,30173.4199,
1,67,1,67-1,jockey_history_top3_excess,-0.0287878793,67-3,67-4,67-3,45.7370529,20517.2891,
1,67,2,67-2,jockey_history_top3_excess,0.14005594,67-5,67-6,67-5,30.4217873,9656.12891,
1,67,3,67-3,recent_margin_quality_weighted_3_minus_race_mean,-0.16163224,67-7,67-8,67-8,22.2290802,4903.59766,
1,67,4,67-4,good_starts,15.0,67-9,67-10,67-9,20.789959,15613.6924,
1,67,5,67-5,recent_weighted_avg_margin_rank,2.0,67-11,67-12,67-12,23.655962,9124.57617,
1,67,6,67-6,recent_weighted_win_rate_rank,4.0,67-13,67-14,67-14,9.53817749,531.552979,
1,67,7,67-7,current_weight_change_pct,0.0263157897,67-15,67-16,67-15,13.0007629,572.963745,
1,67,8,67-8,trainer_history_top3_excess,-0.00817320682,67-17,67-18,67-17,12.3354454,4330.63379,
1,67,9,67-9,recent_3_margin,7.9000001,67-19,67-20,67-20,20.6969795,12983.1406,
1,67,10,67-10,jockey_trainer_history_smoothed_top3_rate_gap_to_best,0.0730652511,67-21,67-22,67-21,10.9007969,2630.552,
1,67,11,67-11,good_starts,6.0,67-23,67-24,67-24,38.792984,3989.01099,
1,67,12,67-12,recent_similar_distance_speed_rank,6.0,67-25,67-26,67-26,16.769352,5135.56543,
1,67,13,67-13,current_weight_change_pct,0.00840336177,67-27,67-28,67-27,7.82377625,434.667419,
1,67,14,67-14,current_weight_change_pct,0.0438596494,67-29,67-30,67-29,7.55713701,96.8855515,
1,67,15,67-15,Leaf,,,,,-0.00998481549,388.776001,
1,67,16,67-16,Leaf,,,,,-0.00179430901,184.187775,
1,67,17,67-17,Leaf,,,,,-0.00363080087,2036.07092,
1,67,18,67-18,Leaf,,,,,-0.000950467016,2294.56299,
1,67,19,67-19,Leaf,,,,,0.000799222209,10670.6064,
1,67,20,67-20,Leaf,,,,,-0.00180445577,2312.53394,
1,67,21,67-21,Leaf,,,,,-0.000797922374,1604.35132,
1,67,22,67-22,Leaf,,,,,-0.00410037814,1026.20068,
1,67,23,67-23,Leaf,,,,,0.0019517442,2286.69019,
1,67,24,67-24,Leaf,,,,,-0.00301961252,1702.3208,
1,67,25,67-25,Leaf,,,,,0.00360205397,2986.9751,
1,67,26,67-26,Leaf,,,,,0.000700006494,2148.59009,
1,67,27,67-27,Leaf,,,,,0.0111461515,300.539978,
1,67,28,67-28,Leaf,,,,,0.00348456879,134.127441,
1,67,29,67-29,Leaf,,,,,-0.0036470152,75.2723846,
1,67,30,67-30,Leaf,,,,,0.0106604481,21.6131687,
1,68,0,68-0,recent_finish_percentile_weighted_3_minus_race_mean,-0.155434132,68-1,68-2,68-2,48.8604279,30002.7949,
1,68,1,68-1,trainer_history_top3_excess,-0.0714217871,68-3,68-4,68-3,18.1767616,2615.77319,
1,68,2,68-2,trainer_history_top3_excess,0.0775297582,68-5,68-6,68-5,42.7315254,27387.0215,
1,68,3,68-3,jockey_trainer_history_smoothed_top3_rate_gap_to_best,0.139194146,68-7,68-8,68-7,8.37557602,333.902771,
1,68,4,68-4,recent_finish_percentile_weighted_3_minus_race_mean,-0.387607455,68-9,68-10,68-10,13.8795242,2281.87036,
1,68,5,68-5,recent_margin_std_6,3.53067517,68-11,68-12,68-12,27.9480095,21306.3848,
1,68,6,68-6,jockey_recent_top3_excess,0.104898833,68-13,68-14,68-13,22.6484032,6080.6377,
1,68,7,68-7,good_wins,1.0,68-15,68-16,68-16,8.96568203,236.684036,
1,68,8,68-8,recent_similar_distance_speed_rank,9.0,68-17,68-18,68-17,1.81729126,97.2187347,
1,68,9,68-9,recent_margin_std_6,1.7512852,68-19,68-20,68-19,6.06684494,162.400055,
1,68,10,68-10,jockey_trainer_history_smoothed_top3_rate_gap_to_best,0.077922076,68-21,68-22,68-22,9.46790218,2119.47046,
1,68,11,68-11,recent_finish_percentile_weighted_3_minus_race_mean,0.261309385,68-23,68-24,68-24,25.0520325,15351.4492,
1,68,12,68-12,best_finish_percentile_at_stronger_class,0.818181813,68-25,68-26,68-25,11.4473782,5954.93457,
1,68,13,68-13,jockey_recent_top3_excess,0.0734222755,68-27,68-28,68-28,16.8082771,4220.14258,
1,68,14,68-14,hidden_sectional_run_best_3,0.0600960329,68-29,68-30,68-30,14.6539459,1860.49536,
1,68,15,68-15,Leaf,,,,,-0.0107585043,105.925674,
1,68,16,68-16,Leaf,,,,,-0.00105776044,130.758362,
1,68,17,68-17,Leaf,,,,,-0.0163233709,79.6633301,
1,68,18,68-18,Leaf,,,,,-0.0038495434,17.5554008,
1,68,19,68-19,Leaf,,,,,-0.0,33.8800163,
1,68,20,68-20,Leaf,,,,,-0.0116390884,128.520035,
1,68,21,68-21,Leaf,,,,,0.000578630134,655.302246,
1,68,22,68-22,Leaf,,,,,-0.00301796943,1464.16821,
1,68,23,68-23,Leaf,,,,,-0.000244000301,11824.1094,
1,68,24,68-24,Leaf,,,,,0.00215357635,3527.33984,
1,68,25,68-25,Leaf,,,,,-0.00261917757,3518.21997,
1,68,26,68-26,Leaf,,,,,-0.000386036118,2436.7146,
1,68,27,68-27,Leaf,,,,,0.00171161012,3669.14478,
1,68,28,68-28,Leaf,,,,,-0.00293357833,550.99762,
1,68,29,68-29,Leaf,,,,,0.00964034162,278.212769,
1,68,30,68-30,Leaf,,,,,0.00343172811,1582.28259,
1,69,0,69-0,recent_margin_quality_weighted_3_minus_race_mean,0.08304739,69-1,69-2,69-1,58.5688515,29883.7754,
1,69,1,69-1,form_class_level_weighted_3,54.0,69-3,69-4,69-3,34.3034592,13813.6865,
1,69,2,69-2,recent_last600_best_3,35.1800003,69-5,69-6,69-6,25.6833935,16070.0889,
1,69,3,69-3,best_finish_percentile_at_stronger_class,0.636363626,69-7,69-8,69-8,27.4616127,3856.4248,
1,69,4,69-4,good_starts,8.0,69-9,69-10,69-10,34.4149399,9957.26172,
1,69,5,69-5,good_starts,9.0,69-11,69-12,69-12,31.1936035,9132.22363,
1,69,6,69-6,recent_similar_distance_speed_rank,6.0,69-13,69-14,69-14,22.9085693,6937.86523,
1,69,7,69-7,trainer_history_top3_excess,0.0349813923,69-15,69-16,69-15,16.5268402,962.703308,
1,69,8,69-8,recent_margin_quality_weighted_3_minus_race_mean,-0.0557534099,69-17,69-18,69-18,16.4558353,2893.72144,
1,69,9,69-9,current_weight_change_pct,0.0250000004,69-19,69-20,69-19,13.4160051,4492.72314,
1,69,10,69-10,recent_margin_std_6,1.2998718,69-21,69-22,69-22,14.2781277,5464.53857,
1,69,11,69-11,recent_margin_quality_weighted_3_minus_race_mean,0.34690398,69-23,69-24,69-24,28.5401001,6242.93359,
1,69,12,69-12,hidden_sectional_run_best_3,0.0854666531,69-25,69-26,69-26,14.2185249,2889.29004,
1,69,13,69-13,form_class_level_weighted_3,65.6666641,69-27,69-28,69-28,10.0106745,3748.67822,
1,69,14,69-14,recent_3_distance_m,925.0,69-29,69-30,69-30,10.2721624,3189.18701,
1,69,15,69-15,Leaf,,,,,-0.00916089397,631.685913,
1,69,16,69-16,Leaf,,,,,-0.00217322749,331.017365,
1,69,17,69-17,Leaf,,,,,-0.00511900056,743.984924,
1,69,18,69-18,Leaf,,,,,-0.000816324085,2149.73657,
1,69,19,69-19,Leaf,,,,,0.000227657656,2944.40503,
1,69,20,69-20,Leaf,,,,,0.00309968297,1548.31836,
1,69,21,69-21,Leaf,,,,,-0.0075404332,242.933304,
1,69,22,69-22,Leaf,,,,,-0.00144127291,5221.60547,
1,69,23,69-23,Leaf,,,,,0.00231780717,5582.04443,
1,69,24,69-24,Leaf,,,,,0.00779316062,660.88916,
1,69,25,69-25,Leaf,,,,,-0.00377869862,557.704346,
1,69,26,69-26,Leaf,,,,,0.00063078251,2331.58569,
1,69,27,69-27,Leaf,,,,,0.000400731253,2680.01831,
1,69,28,69-28,Leaf,,,,,0.0032582623,1068.65979,
1,69,29,69-29,Leaf,,,,,-0.0108223138,65.0427475,
1,69,30,69-30,Leaf,,,,,-0.00142791879,3124.14429,
1,70,0,70-0,jockey_history_top3_excess,-0.0248553064,70-1,70-2,70-2,56.6810417,29840.1699,
1,70,1,70-1,form_class_level_weighted_3,53.5999985,70-3,70-4,70-3,35.1047783,7325.03125,
1,70,2,70-2,recent_margin_quality_weighted_3_minus_race_mean,0.110275209,70-5,70-6,70-5,39.0809212,22515.1387,
1,70,3,70-3,recent_weighted_avg_margin,2.1534369,70-7,70-8,70-8,29.5886917,2387.85107,
1,70,4,70-4,current_weight_change_pct,0.00877192989,70-9,70-10,70-9,18.7245922,4937.17969,
1,70,5,70-5,recent_weighted_avg_margin,7.78488922,70-11,70-12,70-11,17.1565285,11531.7324,
1,70,6,70-6,jockey_history_top3_excess,0.107633606,70-13,70-14,70-13,27.4609642,10983.4072,
1,70,7,70-7,recent_finish_percentile_rank,3.0,70-15,70-16,70-16,21.5472069,489.607697,
1,70,8,70-8,recent_margin_quality_weighted_3_minus_race_mean,-0.19119069,70-17,70-18,70-18,11.5552521,1898.24353,
1,70,9,70-9,current_weight_change_pct,-0.107438013,70-19,70-20,70-20,11.3084393,2528.06445,
1,70,10,70-10,recent_margin_quality_weighted_3_minus_race_mean,0.0966868401,70-21,70-22,70-22,13.0054531,2409.11523,
1,70,11,70-11,current_weight_change_pct,0.0642201826,70-23,70-24,70-23,15.4953632,10860.209,
1,70,12,70-12,prize_money_rank,3.0,70-25,70-26,70-26,11.3583851,671.523193,
1,70,13,70-13,recent_3_distance_m,1650.0,70-27,70-28,70-28,31.7956581,9434.35938,
1,70,14,70-14,jockey_history_starts,20.0,70-29,70-30,70-30,21.2021828,1549.04822,
1,70,15,70-15,Leaf,,,,,0.00443390338,341.664062,
1,70,16,70-16,Leaf,,,,,-0.00668078428,147.943634,
1,70,17,70-17,Leaf,,,,,-0.0139294369,99.7601776,
1,70,18,70-18,Leaf,,,,,-0.00533863716,1798.48328,
1,70,19,70-19,Leaf,,,,,-0.0136500988,43.864151,
1,70,20,70-20,Leaf,,,,,-0.00200741203,2484.20044,
1,70,21,70-21,Leaf,,,,,-0.00102493621,1202.0304,
1,70,22,70-22,Leaf,,,,,0.00263281539,1207.08496,
1,70,23,70-23,Leaf,,,,,-0.000551510777,9659.31348,
1,70,24,70-24,Leaf,,,,,0.00244805194,1200.896,
1,70,25,70-25,Leaf,,,,,0.00110526721,174.495758,
1,70,26,70-26,Leaf,,,,,-0.00620488124,497.027435,
1,70,27,70-27,Leaf,,,,,0.00173600239,7968.17969,
1,70,28,70-28,Leaf,,,,,-0.00225794013,1466.1792,
1,70,29,70-29,Leaf,,,,,-0.0113643026,40.4703293,
1,70,30,70-30,Leaf,,,,,0.00520615466,1508.57788,
1,71,0,71-0,recent_finish_percentile_weighted_6_rank_in_race,4.0,71-1,71-2,71-2,59.6028404,29783.0254,
1,71,1,71-1,trainer_history_top3_excess,0.0349813923,71-3,71-4,71-3,25.9144821,15737.2275,
1,71,2,71-2,trainer_history_top3_excess,0.00954952464,71-5,71-6,71-5,36.7014198,14045.7979,
1,71,3,71-3,recent_weighted_avg_margin,5.4000001,71-7,71-8,71-8,14.0417118,8093.3916,
1,71,4,71-4,hidden_sectional_run_best_3_gap_to_best,0.136697844,71-9,71-10,71-9,22.6587181,7643.83594,
1,71,5,71-5,form_class_level_weighted_3,53.5999985,71-11,71-12,71-11,26.2037849,6193.08057,
1,71,6,71-6,form_class_level_weighted_3,59.0,71-13,71-14,71-13,13.4150333,7852.71729,
1,71,7,71-7,recent_similar_distance_speed_rank,7.0,71-15,71-16,71-16,11.1767149,7554.42432,
1,71,8,71-8,good_starts,11.0,71-17,71-18,71-18,11.3406839,538.96698,
1,71,9,71-9,best_finish_percentile_at_stronger_class,0.777777791,71-19,71-20,71-19,10.7756157,2658.31372,
1,71,10,71-10,good_starts,16.0,71-21,71-22,71-22,28.6942749,4985.52197,
1,71,11,71-11,best_finish_percentile_at_stronger_class,0.588235319,71-23,71-24,71-24,24.4862595,1772.29395,
1,71,12,71-12,jockey_trainer_history_smoothed_top3_rate_gap_to_best,0.225158542,71-25,71-26,71-26,16.4676094,4420.78662,
1,71,13,71-13,jockey_trainer_history_smoothed_top3_rate_gap_to_best,0.107226104,71-27,71-28,71-28,14.9082832,2836.24902,
1,71,14,71-14,recent_weighted_avg_margin_rank,5.0,71-29,71-30,71-30,12.4695444,5016.46826,
1,71,15,71-15,Leaf,,,,,0.0010432218,5497.49463,
1,71,16,71-16,Leaf,,,,,-0.00111213687,2056.92993,
1,71,17,71-17,Leaf,,,,,-0.00159735943,416.327789,
1,71,18,71-18,Leaf,,,,,-0.0100725247,122.639175,
1,71,19,71-19,Leaf,,,,,-0.00134314212,1251.63025,
1,71,20,71-20,Leaf,,,,,0.00183292909,1406.68347,
1,71,21,71-21,Leaf,,,,,0.00382839213,4488.3501,
1,71,22,71-22,Leaf,,,,,-0.00245521264,497.171997,
1,71,23,71-23,Leaf,,,,,-0.0101184528,443.537781,
1,71,24,71-24,Leaf,,,,,-0.00332743418,1328.7561,
1,71,25,71-25,Leaf,,,,,-0.000115508847,2468.05249,
1,71,26,71-26,Leaf,,,,,-0.003186977,1952.73401,
1,71,27,71-27,Leaf,,,,,0.000311062089,1570.41431,
1,71,28,71-28,Leaf,,,,,-0.00332213077,1265.83484,
1,71,29,71-29,Leaf,,,,,0.00235974486,1999.32825,
1,71,30,71-30,Leaf,,,,,-0.000179998882,3017.13989,
1,72,0,72-0,recent_finish_percentile_weighted_3_minus_race_mean,-0.133974612,72-1,72-2,72-2,42.2522545,29708.6855,
1,72,1,72-1,jockey_history_top3_excess,-0.0152178463,72-3,72-4,72-3,31.1471405,3135.97534,
1,72,2,72-2,jockey_history_top3_excess,0.0697963685,72-5,72-6,72-5,29.6296577,26572.7109,
1,72,3,72-3,form_class_level_weighted_3,64.0,72-7,72-8,72-7,14.4459305,1042.03113,
1,72,4,72-4,recent_finish_percentile_weighted_3_minus_race_mean,-0.407991618,72-9,72-10,72-10,7.33518219,2093.94409,
1,72,5,72-5,jockey_trainer_history_smoothed_top3_rate_gap_to_best,0.25252527,72-11,72-12,72-12,24.3316822,20521.9082,
1,72,6,72-6,jockey_recent_top3_excess,-0.0360962562,72-13,72-14,72-14,19.2555656,6050.80371,
1,72,7,72-7,best_finish_percentile_at_stronger_class,0.727272749,72-15,72-16,72-15,8.02828217,541.373901,
1,72,8,72-8,good_starts,9.0,72-17,72-18,72-18,13.4702034,500.657257,
1,72,9,72-9,recent_finish_percentile_rank,5.0,72-19,72-20,72-19,6.13884544,83.1596069,
1,72,10,72-10,current_weight_change_pct,-0.0344827585,72-21,72-22,72-22,6.5880785,2010.78455,
1,72,11,72-11,good_starts,17.0,72-23,72-24,72-24,17.3707962,14518.5625,
1,72,12,72-12,recent_3_margin,5.9000001,72-25,72-26,72-26,27.2334061,6003.34424,
1,72,13,72-13,good_starts,6.0,72-27,72-28,72-28,5.77097511,118.974464,
1,72,14,72-14,prize_money_rank,2.0,72-29,72-30,72-30,15.0105438,5931.8291,
1,72,15,72-15,Leaf,,,,,-0.0110053299,375.734589,
1,72,16,72-16,Leaf,,,,,-0.00400105678,165.639297,
1,72,17,72-17,Leaf,,,,,0.0014644725,226.382919,
1,72,18,72-18,Leaf,,,,,-0.00663680723,274.274323,
1,72,19,72-19,Leaf,,,,,0.00332890986,18.681881,
1,72,20,72-20,Leaf,,,,,-0.0110682426,64.4777298,
1,72,21,72-21,Leaf,,,,,-0.00521618966,164.145172,
1,72,22,72-22,Leaf,,,,,-0.000124397455,1846.63928,
1,72,23,72-23,Leaf,,,,,0.000842687848,12569.1924,
1,72,24,72-24,Leaf,,,,,-0.0016874891,1949.37012,
1,72,25,72-25,Leaf,,,,,-0.000477473019,4654.06152,
1,72,26,72-26,Leaf,,,,,-0.00450315233,1349.2832,
1,72,27,72-27,Leaf,,,,,-0.00231057964,70.2487793,
1,72,28,72-28,Leaf,,,,,-0.0134857139,48.7256851,
1,72,29,72-29,Leaf,,,,,0.00560250646,685.689636,
1,72,30,72-30,Leaf,,,,,0.00167971046,5246.13965,
1,73,0,73-0,recent_weighted_avg_margin,4.39091301,73-1,73-2,73-2,56.544899,29635.0859,
1,73,1,73-1,good_starts,6.0,73-3,73-4,73-4,33.9122925,22233.543,
1,73,2,73-2,trainer_history_top3_excess,-0.00595238106,73-5,73-6,73-5,30.2964783,7401.54395,
1,73,3,73-3,recent_finish_percentile_weighted_3_minus_race_mean,0.281823516,73-7,73-8,73-7,37.5132027,10873.9023,
1,73,4,73-4,prize_money_rank,4.0,73-9,73-10,73-10,16.954792,11359.6406,
1,73,5,73-5,recent_margin_std_6,4.81954336,73-11,73-12,73-12,17.1306458,3238.49878,
1,73,6,73-6,current_weight_change_pct,-0.0175438598,73-13,73-14,73-14,11.7904062,4163.04541,
1,73,7,73-7,current_weight_change_pct,0.0093457941,73-15,73-16,73-15,11.3271389,8291.38477,
1,73,8,73-8,recent_similar_distance_speed_rank,5.0,73-17,73-18,73-18,24.8534851,2582.51831,
1,73,9,73-9,best_finish_percentile_at_equal_or_higher_weight,0.583333313,73-19,73-20,73-20,13.708971,4638.45312,
1,73,10,73-10,good_starts,20.0,73-21,73-22,73-22,18.4549332,6721.18701,
1,73,11,73-11,current_weight_change_pct,0.0175438598,73-23,73-24,73-24,19.6162682,2030.01807,
1,73,12,73-12,jockey_history_starts,132.0,73-25,73-26,73-26,12.8650894,1208.48071,
1,73,13,73-13,recent_margin_quality_weighted_3_minus_race_mean,0.212417901,73-27,73-28,73-28,10.4345274,524.538574,
1,73,14,73-14,recent_similar_distance_speed_rank,4.0,73-29,73-30,73-30,8.53577709,3638.50659,
1,73,15,73-15,Leaf,,,,,0.000256278407,5616.81689,
1,73,16,73-16,Leaf,,,,,0.00223259628,2674.56714,
1,73,17,73-17,Leaf,,,,,0.0071040797,1134.91187,
1,73,18,73-18,Leaf,,,,,0.00214405637,1447.60645,
1,73,19,73-19,Leaf,,,,,-0.00340947951,404.854553,
1,73,20,73-20,Leaf,,,,,0.001351238,4233.59863,
1,73,21,73-21,Leaf,,,,,-0.000590863347,6042.56592,
1,73,22,73-22,Leaf,,,,,-0.00491449377,678.620911,
1,73,23,73-23,Leaf,,,,,-0.00446666544,1082.86938,
1,73,24,73-24,Leaf,,,,,0.000439158932,947.148621,
1,73,25,73-25,Leaf,,,,,-0.00754359132,874.667542,
1,73,26,73-26,Leaf,,,,,-0.00169574039,333.81311,
1,73,27,73-27,Leaf,,,,,-0.00500267139,476.017853,
1,73,28,73-28,Leaf,,,,,0.00625526998,48.5207634,
1,73,29,73-29,Leaf,,,,,0.00174627209,1294.18054,
1,73,30,73-30,Leaf,,,,,-0.000774622662,2344.32593,
1,74,0,74-0,recent_weighted_avg_margin,4.97735977,74-1,74-2,74-2,47.1318359,29616.7148,
1,74,1,74-1,good_starts,9.0,74-3,74-4,74-4,29.9838486,24258.9863,
1,74,2,74-2,trainer_history_top3_excess,0.0420240685,74-5,74-6,74-5,34.4795113,5357.72852,
1,74,3,74-3,recent_margin_std_6,2.24269176,74-7,74-8,74-8,34.266674,15636.4854,
1,74,4,74-4,hidden_sectional_run_best_3,0.326962173,74-9,74-10,74-10,11.3814926,8622.50098,
1,74,5,74-5,form_class_level_weighted_3,52.6666679,74-11,74-12,74-11,21.1617508,3721.67114,
1,74,6,74-6,distance_minus_recent_avg,-185.5,74-13,74-14,74-14,18.0422363,1636.05737,
1,74,7,74-7,recent_finish_percentile_weighted_3_minus_race_mean,0.281823516,74-15,74-16,74-16,42.0254135,7314.625,
1,74,8,74-8,best_finish_percentile_at_stronger_class,0.625,74-17,74-18,74-17,25.0776348,8321.86035,
1,74,9,74-9,recent_weighted_avg_margin,1.13314795,74-19,74-20,74-20,10.1572046,7204.27344,
1,74,10,74-10,prize_money_rank,5.0,74-21,74-22,74-22,10.305418,1418.22729,
1,74,11,74-11,best_finish_percentile_at_stronger_class,0.842105269,74-23,74-24,74-24,14.2755432,1517.0553,
1,74,12,74-12,jockey_trainer_history_smoothed_top3_rate_gap_to_best,0.0844155848,74-25,74-26,74-26,17.739933,2204.61572,
1,74,13,74-13,current_weight_change_pct,0.0857142881,74-27,74-28,74-27,10.7993717,90.0660629,
1,74,14,74-14,recent_finish_percentile_weighted_3_minus_race_mean,-0.306332707,74-29,74-30,74-30,9.1372261,1545.99133,
1,74,15,74-15,Leaf,,,,,0.00136222679,5558.3418,
1,74,16,74-16,Leaf,,,,,0.00579556543,1756.28308,
1,74,17,74-17,Leaf,,,,,-0.00152055314,3496.43628,
1,74,18,74-18,Leaf,,,,,0.00125628279,4825.42432,
1,74,19,74-19,Leaf,,,,,-0.00533455843,226.852615,
1,74,20,74-20,Leaf,,,,,-6.89298104e-05,6977.4209,
1,74,21,74-21,Leaf,,,,,-0.00107169582,913.464905,
1,74,22,74-22,Leaf,,,,,-0.00552196568,504.762482,
1,74,23,74-23,Leaf,,,,,-0.00768935168,885.985596,
1,74,24,74-24,Leaf,,,,,-0.00269820308,631.069641,
1,74,25,74-25,Leaf,,,,,0.00192663376,578.988892,
1,74,26,74-26,Leaf,,,,,-0.00313558243,1625.62683,
1,74,27,74-27,Leaf,,,,,-0.0128009813,76.7171402,
1,74,28,74-28,Leaf,,,,,0.00730183441,13.3489227,
1,74,29,74-29,Leaf,,,,,-0.0055008363,95.2602692,
1,74,30,74-30,Leaf,,,,,0.00212965091,1450.73108,
1,75,0,75-0,trainer_history_top3_excess,0.0320391431,75-1,75-2,75-1,50.8235359,29468.6738,
1,75,1,75-1,recent_weighted_avg_margin_rank,4.0,75-3,75-4,75-4,41.7024841,15462.0332,
1,75,2,75-2,recent_last600_best_3,36.2200012,75-5,75-6,75-5,25.3507462,14006.6416,
1,75,3,75-3,prize_money_rank,2.0,75-7,75-8,75-8,16.4100876,7646.33887,
1,75,4,75-4,form_class_level_weighted_3,52.6666679,75-9,75-10,75-10,40.1763458,7815.69434,
1,75,5,75-5,recent_margin_quality_weighted_3_minus_race_mean,0.15602529,75-11,75-12,75-11,23.2666702,13104.1729,
1,75,6,75-6,form_class_level_weighted_3,59.6666679,75-13,75-14,75-14,10.7713871,902.468201,
1,75,7,75-7,trainer_history_top3_excess,-0.0922597796,75-15,75-16,75-16,10.0942707,1075.04041,
1,75,8,75-8,hidden_sectional_run_best_3,0.358717591,75-17,75-18,75-17,9.41458321,6571.29883,
1,75,9,75-9,historical_market_overperformance_slope_3,-0.104166664,75-19,75-20,75-19,12.5209732,1797.91333,
1,75,10,75-10,current_weight_change_pct,-0.017699115,75-21,75-22,75-21,17.5535355,6017.78125,
1,75,11,75-11,good_wins,3.0,75-23,75-24,75-24,13.8822956,7677.85352,
1,75,12,75-12,historical_market_overperformance_slope_3,-0.0335470103,75-25,75-26,75-25,19.2085648,5426.31934,
1,75,13,75-13,recent_3_distance_m,2000.0,75-27,75-28,75-27,11.0081596,512.654114,
1,75,14,75-14,recent_finish_percentile_rank,3.0,75-29,75-30,75-30,14.0084639,389.814117,
1,75,15,75-15,Leaf,,,,,-0.00797863025,39.2733498,
1,75,16,75-16,Leaf,,,,,0.00365477731,1035.76697,
1,75,17,75-17,Leaf,,,,,-5.90523014e-05,6503.71338,
1,75,18,75-18,Leaf,,,,,-0.00882111862,67.5854187,
1,75,19,75-19,Leaf,,,,,-0.00285570649,694.673767,
1,75,20,75-20,Leaf,,,,,-0.007215444,1103.23962,
1,75,21,75-21,Leaf,,,,,-0.00344666908,1701.61731,
1,75,22,75-22,Leaf,,,,,-0.000451213768,4316.16357,
1,75,23,75-23,Leaf,,,,,0.000914714881,6514.47314,
1,75,24,75-24,Leaf,,,,,-0.00203834311,1163.38074,
1,75,25,75-25,Leaf,,,,,0.0042096395,2501.38306,
1,75,26,75-26,Leaf,,,,,0.00121884001,2924.93628,
1,75,27,75-27,Leaf,,,,,-0.00678132335,439.819305,
1,75,28,75-28,Leaf,,,,,0.00328682736,72.8348007,
1,75,29,75-29,Leaf,,,,,-0.00619138312,131.307068,
1,75,30,75-30,Leaf,,,,,0.00353211514,258.50705,
1,76,0,76-0,jockey_history_top3_excess,-0.0234851576,76-1,76-2,76-1,55.0532646,29364.5898,
1,76,1,76-1,recent_margin_quality_weighted_3_minus_race_mean,-0.101810873,76-3,76-4,76-4,36.1538811,7682.75049,
1,76,2,76-2,recent_margin_quality_weighted_3_minus_race_mean,0.219716489,76-5,76-6,76-5,39.2419968,21681.8398,
1,76,3,76-3,form_class_level_weighted_3,62.6666679,76-7,76-8,76-7,14.6769676,1056.32422,
1,76,4,76-4,recent_margin_quality_weighted_3_minus_race_mean,0.161139071,76-9,76-10,76-10,16.2044868,6626.42627,
1,76,5,76-5,recent_weighted_avg_margin,7.44878292,76-11,76-12,76-11,18.3070621,16325.5801,
1,76,6,76-6,jockey_history_top3_excess,0.14005594,76-13,76-14,76-14,26.2542725,5356.25977,
1,76,7,76-7,jockey_trainer_history_smoothed_top3_rate_gap_to_best,0.164772719,76-15,76-16,76-16,6.50248718,559.761536,
1,76,8,76-8,good_starts,9.0,76-17,76-18,76-18,8.61537457,496.562683,
1,76,9,76-9,form_class_level_weighted_3,53.3333321,76-19,76-20,76-19,10.9623661,3765.45142,
1,76,10,76-10,historical_market_overperformance_slope_3,-0.0181818176,76-21,76-22,76-22,10.4423313,2860.97485,
1,76,11,76-11,current_weight_change_pct,0.0789473653,76-23,76-24,76-23,15.2695427,15503.1748,
1,76,12,76-12,hidden_sectional_run_best_3,0.199512631,76-25,76-26,76-25,12.3633232,822.405334,
1,76,13,76-13,hidden_sectional_run_best_3,0.214270428,76-27,76-28,76-27,21.4965515,4986.99512,
1,76,14,76-14,distance_minus_recent_avg,-78.1666641,76-29,76-30,76-30,7.7022438,369.264557,
1,76,15,76-15,Leaf,,,,,-0.00517925946,227.146729,
1,76,16,76-16,Leaf,,,,,-0.0111181065,332.614807,
1,76,17,76-17,Leaf,,,,,0.000770601968,221.975067,
1,76,18,76-18,Leaf,,,,,-0.00574758649,274.587616,
1,76,19,76-19,Leaf,,,,,-0.00429224921,1105.18542,
1,76,20,76-20,Leaf,,,,,-0.00132470427,2660.26611,
1,76,21,76-21,Leaf,,,,,0.00258504762,854.390808,
1,76,22,76-22,Leaf,,,,,-0.000698577147,2006.58398,
1,76,23,76-23,Leaf,,,,,5.41733016e-06,14396.8115,
1,76,24,76-24,Leaf,,,,,0.0030409277,1106.36328,
1,76,25,76-25,Leaf,,,,,8.38718188e-05,337.889252,
1,76,26,76-26,Leaf,,,,,-0.00610002689,484.516052,
1,76,27,76-27,Leaf,,,,,0.00266723451,4291.73242,
1,76,28,76-28,Leaf,,,,,-0.00204427866,695.262329,
1,76,29,76-29,Leaf,,,,,-0.0040652263,21.1795731,
1,76,30,76-30,Leaf,,,,,0.00974316057,348.084991,
1,77,0,77-0,recent_margin_quality_weighted_3_minus_race_mean,0.219716489,77-1,77-2,77-1,51.7315559,29315.1035,
1,77,1,77-1,recent_weighted_avg_margin,7.78488922,77-3,77-4,77-3,31.2841339,21986.6855,
1,77,2,77-2,prize_money_rank,2.0,77-5,77-6,77-6,26.51511,7328.4165,
1,77,3,77-3,form_class_level_weighted_3,62.0,77-7,77-8,77-7,21.5104008,20875.7734,
1,77,4,77-4,recent_finish_percentile_weighted_3_minus_race_mean,0.0310245454,77-9,77-10,77-10,17.6087761,1110.91284,
1,77,5,77-5,recent_3_distance_m,2100.0,77-11,77-12,77-12,13.7474251,887.28949,
1,77,6,77-6,recent_last600_best_3,35.2700005,77-13,77-14,77-13,19.8799553,6441.12695,
1,77,7,77-7,trainer_history_top3_excess,-0.0108795678,77-15,77-16,77-15,22.8776665,10551.3848,
1,77,8,77-8,good_starts,17.0,77-17,77-18,77-18,33.675808,10324.3887,
1,77,9,77-9,trainer_history_top3_excess,-0.0659999996,77-19,77-20,77-19,13.7971573,867.951477,
1,77,10,77-10,recent_last600_best_3,35.0499992,77-21,77-22,77-21,10.1227055,242.96138,
1,77,11,77-11,recent_5_weight_kg,57.5,77-23,77-24,77-24,13.9431534,819.871216,
1,77,12,77-12,historical_market_overperformance_slope_3,0.020833334,77-25,77-26,77-26,6.30439091,67.4183197,
1,77,13,77-13,distance_minus_recent_avg,-349.166656,77-27,77-28,77-28,13.2138958,4834.49463,
1,77,14,77-14,recent_similar_distance_speed_rank,3.0,77-29,77-30,77-29,13.7795248,1606.6322,
1,77,15,77-15,Leaf,,,,,-0.00281470874,3664.65356,
1,77,16,77-16,Leaf,,,,,-0.000369930494,6886.73096,
1,77,17,77-17,Leaf,,,,,0.00108020368,8338.68066,
1,77,18,77-18,Leaf,,,,,-0.00253439206,1985.7085,
1,77,19,77-19,Leaf,,,,,-0.0126358466,170.103531,
1,77,20,77-20,Leaf,,,,,-0.00467335526,697.847961,
1,77,21,77-21,Leaf,,,,,0.00497992476,153.451004,
1,77,22,77-22,Leaf,,,,,-0.00513288239,89.5103683,
1,77,23,77-23,Leaf,,,,,0.00223221327,295.743927,
1,77,24,77-24,Leaf,,,,,0.00912621152,524.127258,
1,77,25,77-25,Leaf,,,,,0.00368095748,28.3383884,
1,77,26,77-26,Leaf,,,,,-0.0100661907,39.0799294,
1,77,27,77-27,Leaf,,,,,-0.013540267,23.9775105,
1,77,28,77-28,Leaf,,,,,0.00211956957,4810.51709,
1,77,29,77-29,Leaf,,,,,-0.00519442465,393.022095,
1,77,30,77-30,Leaf,,,,,0.000135205089,1213.61011,
1,78,0,78-0,recent_finish_percentile_rank,7.0,78-1,78-2,78-2,47.8957825,29276.6738,
1,78,1,78-1,jockey_history_top3_excess,-0.0369943082,78-3,78-4,78-4,28.0028038,23147.8203,
1,78,2,78-2,jockey_history_top3_excess,0.067592591,78-5,78-6,78-5,19.3221359,6128.85254,
1,78,3,78-3,form_class_level_weighted_3,53.5999985,78-7,78-8,78-7,14.623786,4196.90234,
1,78,4,78-4,good_starts,9.0,78-9,78-10,78-10,27.8608551,18950.918,
1,78,5,78-5,recent_finish_percentile_weighted_3_minus_race_mean,-0.232147262,78-11,78-12,78-12,16.804081,4738.84131,
1,78,6,78-6,recent_3_margin,4.19999981,78-13,78-14,78-14,9.94049072,1390.01123,
1,78,7,78-7,good_starts,5.0,78-15,78-16,78-16,13.9213924,1367.64868,
1,78,8,78-8,recent_margin_quality_weighted_3_minus_race_mean,0.161139071,78-17,78-18,78-18,10.9436731,2829.25366,
1,78,9,78-9,recent_margin_quality_weighted_3_minus_race_mean,0.219716489,78-19,78-20,78-20,27.916317,12601.5176,
1,78,10,78-10,recent_last600_best_3,39.2999992,78-21,78-22,78-21,10.3432741,6349.40088,
1,78,11,78-11,recent_3_margin,6.9000001,78-23,78-24,78-24,11.6827888,787.162354,
1,78,12,78-12,jockey_history_top3_excess,-0.062292207,78-25,78-26,78-26,9.01269341,3951.67871,
1,78,13,78-13,recent_last600_best_3,34.6100006,78-27,78-28,78-27,9.6508255,614.737976,
1,78,14,78-14,recent_margin_quality_weighted_3_minus_race_mean,0.0874943733,78-29,78-30,78-29,7.15052319,775.273254,
1,78,15,78-15,Leaf,,,,,-0.00157465867,912.577759,
1,78,16,78-16,Leaf,,,,,-0.00692691235,455.070984,
1,78,17,78-17,Leaf,,,,,-0.00155712059,1658.69531,
1,78,18,78-18,Leaf,,,,,0.00158754631,1170.55835,
1,78,19,78-19,Leaf,,,,,0.000881237152,8852.96973,
1,78,20,78-20,Leaf,,,,,0.00345589337,3748.54761,
1,78,21,78-21,Leaf,,,,,-0.000304747344,6325.91357,
1,78,22,78-22,Leaf,,,,,-0.0142420894,23.4874287,
1,78,23,78-23,Leaf,,,,,-0.00351368613,492.762207,
1,78,24,78-24,Leaf,,,,,-0.00989952683,294.400146,
1,78,25,78-25,Leaf,,,,,-0.00505207805,519.871155,
1,78,26,78-26,Leaf,,,,,-0.00152940198,3431.80762,
1,78,27,78-27,Leaf,,,,,0.000623769651,398.083923,
1,78,28,78-28,Leaf,,,,,-0.00581385242,216.654083,
1,78,29,78-29,Leaf,,,,,0.0037484304,615.405212,
1,78,30,78-30,Leaf,,,,,-0.00205628457,159.868057,
1,79,0,79-0,trainer_history_top3_excess,0.0204545446,79-1,79-2,79-1,46.7155876,29000.8164,
1,79,1,79-1,recent_weighted_avg_margin,4.91573286,79-3,79-4,79-4,37.8653259,13305.8945,
1,79,2,79-2,jockey_history_top3_excess,0.14005594,79-5,79-6,79-5,32.1959534,15694.9209,
1,79,3,79-3,prize_money_rank,5.0,79-7,79-8,79-8,15.5459728,10091.0596,
1,79,4,79-4,form_class_level_weighted_3,52.6666679,79-9,79-10,79-9,16.8067818,3214.83447,
1,79,5,79-5,recent_weighted_win_rate_rank,3.0,79-11,79-12,79-12,23.7914982,14602.623,
1,79,6,79-6,recent_weighted_win_rate_rank,2.0,79-13,79-14,79-13,19.1717567,1092.29846,
1,79,7,79-7,distance_minus_recent_avg,-98.3333359,79-15,79-16,79-16,9.74512672,5048.26123,
1,79,8,79-8,form_class_level_weighted_3,55.0,79-17,79-18,79-17,14.8309412,5042.79883,
1,79,9,79-9,recent_finish_percentile_weighted_6_rank_in_race,6.0,79-19,79-20,79-19,11.2575455,1307.58057,
1,79,10,79-10,recent_weighted_win_rate_rank,2.0,79-21,79-22,79-22,12.3576097,1907.25403,
1,79,11,79-11,jockey_history_top3_excess,-0.00267014396,79-23,79-24,79-23,17.406395,6497.52832,
1,79,12,79-12,form_class_level_weighted_3,59.3333321,79-25,79-26,79-25,18.67276,8105.09424,
1,79,13,79-13,recent_weighted_avg_margin,1.13314795,79-27,79-28,79-28,2.74344635,323.679626,
1,79,14,79-14,jockey_history_starts,49.0,79-29,79-30,79-30,15.2282639,768.618835,
1,79,15,79-15,Leaf,,,,,-0.00198445912,761.450195,
1,79,16,79-16,Leaf,,,,,0.00106622383,4286.81104,
1,79,17,79-17,Leaf,,,,,-0.00347693241,1457.00635,
1,79,18,79-18,Leaf,,,,,-0.000488571823,3585.79224,
1,79,19,79-19,Leaf,,,,,-0.00378128327,816.942749,
1,79,20,79-20,Leaf,,,,,-0.00866089109,490.637756,
1,79,21,79-21,Leaf,,,,,0.00333911157,230.641235,
1,79,22,79-22,Leaf,,,,,-0.00272241118,1676.61279,
1,79,23,79-23,Leaf,,,,,-0.000202908486,2057.63843,
1,79,24,79-24,Leaf,,,,,0.00257407967,4439.88965,
1,79,25,79-25,Leaf,,,,,-0.00204834854,2657.8562,
1,79,26,79-26,Leaf,,,,,0.000503376417,5447.23828,
1,79,27,79-27,Leaf,,,,,0.00217485521,33.2074394,
1,79,28,79-28,Leaf,,,,,0.0108039929,290.472198,
1,79,29,79-29,Leaf,,,,,-0.00963704661,47.760788,
1,79,30,79-30,Leaf,,,,,0.00372631149,720.858093,
1,80,0,80-0,recent_margin_quality_weighted_3_minus_race_mean,0.08304739,80-1,80-2,80-2,52.64748,29184.1289,
1,80,1,80-1,jockey_history_top3_excess,-0.0642039925,80-3,80-4,80-3,36.2124443,13079.4404,
1,80,2,80-2,distance_minus_recent_avg,-251.333328,80-5,80-6,80-6,24.9182873,16104.6885,
1,80,3,80-3,form_class_level_weighted_3,61.6666679,80-7,80-8,80-8,19.0023193,1409.22314,
1,80,4,80-4,jockey_history_top3_excess,0.0488811247,80-9,80-10,80-10,19.4850025,11670.2178,
1,80,5,80-5,recent_3_distance_m,1666.0,80-11,80-12,80-11,12.0247231,318.283447,
1,80,6,80-6,jockey_history_top3_excess,-0.0202924963,80-13,80-14,80-14,24.6352921,15786.4053,
1,80,7,80-7,recent_5_weight_kg,54.0,80-15,80-16,80-16,5.58631134,747.243042,
1,80,8,80-8,hidden_sectional_run_best_3,0.305091441,80-17,80-18,80-17,10.00243,661.980042,
1,80,9,80-9,trainer_history_top3_excess,0.0103176236,80-19,80-20,80-19,17.1819115,7580.79688,
1,80,10,80-10,form_class_level_weighted_3,59.0,80-21,80-22,80-22,16.476923,4089.4209,
1,80,11,80-11,recent_finish_percentile_weighted_6_rank_in_race,4.0,80-23,80-24,80-24,10.2414446,185.881805,
1,80,12,80-12,historical_market_overperformance_slope_3,0.308712125,80-25,80-26,80-25,3.44598961,132.401657,
1,80,13,80-13,recent_3_distance_m,1014.0,80-27,80-28,80-28,17.2128181,4036.83008,
1,80,14,80-14,recent_margin_quality_weighted_3_minus_race_mean,0.34690398,80-29,80-30,80-29,17.6853333,11749.5752,
1,80,15,80-15,Leaf,,,,,0.000581238826,46.1931419,
1,80,16,80-16,Leaf,,,,,-0.00814717915,701.049927,
1,80,17,80-17,Leaf,,,,,-8.35190149e-05,519.295105,
1,80,18,80-18,Leaf,,,,,-0.00737676769,142.684952,
1,80,19,80-19,Leaf,,,,,-0.00268577645,3509.92065,
1,80,20,80-20,Leaf,,,,,-0.000297881372,4070.87622,
1,80,21,80-21,Leaf,,,,,-0.00157538953,1304.92126,
1,80,22,80-22,Leaf,,,,,0.00181763119,2784.49951,
1,80,23,80-23,Leaf,,,,,0.00136160792,154.311783,
1,80,24,80-24,Leaf,,,,,-0.0125318887,31.5700264,
1,80,25,80-25,Leaf,,,,,-0.012500762,119.727257,
1,80,26,80-26,Leaf,,,,,0.000397174153,12.6744013,
1,80,27,80-27,Leaf,,,,,-0.00368396728,840.808655,
1,80,28,80-28,Leaf,,,,,0.000315328187,3196.02148,
1,80,29,80-29,Leaf,,,,,0.00137922738,10359.3496,
1,80,30,80-30,Leaf,,,,,0.00437955977,1390.22522,
1,81,0,81-0,recent_margin_quality_weighted_3_minus_race_mean,-0.0557534099,81-1,81-2,81-2,44.9730949,28953.0117,
1,81,1,81-1,recent_finish_percentile_weighted_3_minus_race_mean,-0.396668434,81-3,81-4,81-4,19.0558395,5474.41748,
1,81,2,81-2,prize_money_rank,5.0,81-5,81-6,81-5,34.5072823,23478.5957,
1,81,3,81-3,jockey_recent_top3_excess,0.138288528,81-7,81-8,81-7,3.26488113,149.531235,
1,81,4,81-4,best_finish_percentile_at_stronger_class,0.727272749,81-9,81-10,81-9,14.9500923,5324.88623,
1,81,5,81-5,good_starts,17.0,81-11,81-12,81-11,28.4798698,10851.666,
1,81,6,81-6,recent_last600_best_3,34.4599991,81-13,81-14,81-14,21.6047115,12626.9287,
1,81,7,81-7,recent_margin_quality_weighted_3_minus_race_mean,-0.366491914,81-15,81-16,81-16,2.54870605,128.31041,
1,81,8,81-8,Leaf,,,,,-0.00075357582,21.220829,
1,81,9,81-9,trainer_history_top3_excess,0.0210887957,81-17,81-18,81-17,17.525116,3066.06787,
1,81,10,81-10,jockey_recent_top3_excess,0.159483999,81-19,81-20,81-19,9.21314049,2258.81836,
1,81,11,81-11,trainer_history_top3_excess,0.0775297582,81-21,81-22,81-21,28.6670761,8621.96777,
1,81,12,81-12,trainer_history_top3_excess,-0.0108795678,81-23,81-24,81-23,17.7418919,2229.69873,
1,81,13,81-13,best_finish_percentile_at_equal_or_higher_weight,0.307692319,81-25,81-26,81-25,22.651947,4504.62402,
1,81,14,81-14,best_finish_percentile_at_stronger_class,0.699999988,81-27,81-28,81-27,13.6263161,8122.3042,
1,81,15,81-15,Leaf,,,,,-0.00548025174,48.2029266,
1,81,16,81-16,Leaf,,,,,-0.0148048745,80.1074829,
1,81,17,81-17,Leaf,,,,,-0.00465170946,1668.31921,
1,81,18,81-18,Leaf,,,,,-0.000848260883,1397.74878,
1,81,19,81-19,Leaf,,,,,0.000285537157,2038.73975,
1,81,20,81-20,Leaf,,,,,-0.004989482,220.078491,
1,81,21,81-21,Leaf,,,,,0.00135207502,6641.4541,
1,81,22,81-22,Leaf,,,,,0.00477877911,1980.51343,
1,81,23,81-23,Leaf,,,,,0.00154209789,955.624084,
1,81,24,81-24,Leaf,,,,,-0.00294284383,1274.07471,
1,81,25,81-25,Leaf,,,,,0.00348714995,1475.9646,
1,81,26,81-26,Leaf,,,,,-0.000278985099,3028.65967,
1,81,27,81-27,Leaf,,,,,-0.00215320801,4335.35889,
1,81,28,81-28,Leaf,,,,,-9.95974042e-05,3786.94507,
1,82,0,82-0,recent_finish_percentile_weighted_3_minus_race_mean,-0.152831584,82-1,82-2,82-2,64.1173019,28965.0762,
1,82,1,82-1,form_class_level_weighted_3,62.0,82-3,82-4,82-3,23.350174,2545.69653,
1,82,2,82-2,trainer_history_top3_excess,0.0775297582,82-5,82-6,82-5,30.5429878,26419.3789,
1,82,3,82-3,jockey_history_top3_excess,0.0975448713,82-7,82-8,82-7,21.6212158,1031.03394,
1,82,4,82-4,jockey_history_starts,19.0,82-9,82-10,82-9,6.85297108,1514.6626,
1,82,5,82-5,jockey_history_top3_excess,0.00162350549,82-11,82-12,82-12,24.9832153,20526.7148,
1,82,6,82-6,prize_money_rank,5.0,82-13,82-14,82-14,26.3386269,5892.66504,
1,82,7,82-7,recent_margin_quality_weighted_3_minus_race_mean,-0.242848396,82-15,82-16,82-16,8.83757782,914.915955,
1,82,8,82-8,recent_margin_quality_weighted_3_minus_race_mean,-0.185623765,82-17,82-18,82-18,4.84965992,116.117966,
1,82,9,82-9,recent_finish_percentile_weighted_3_minus_race_mean,-0.276663601,82-19,82-20,82-20,9.19727421,196.360184,
1,82,10,82-10,jockey_trainer_history_smoothed_top3_rate_gap_to_best,0.166666672,82-21,82-22,82-21,6.83684111,1318.30237,
1,82,11,82-11,form_class_level_weighted_3,61.6666679,82-23,82-24,82-23,20.846241,8777.46875,
1,82,12,82-12,recent_margin_quality_weighted_3_minus_race_mean,0.337773383,82-25,82-26,82-25,15.8032808,11749.2461,
1,82,13,82-13,recent_margin_quality_weighted_3_minus_race_mean,0.0808374286,82-27,82-28,82-28,12.9788818,2579.39722,
1,82,14,82-14,jockey_history_top3_excess,0.133503571,82-29,82-30,82-30,14.5135813,3313.26758,
1,82,15,82-15,Leaf,,,,,-0.0124746356,202.903824,
1,82,16,82-16,Leaf,,,,,-0.00632204209,712.012146,
1,82,17,82-17,Leaf,,,,,-0.00430835504,29.4430008,
1,82,18,82-18,Leaf,,,,,0.00620509312,86.6749649,
1,82,19,82-19,Leaf,,,,,-0.0136576416,55.7418556,
1,82,20,82-20,Leaf,,,,,-0.00206622924,140.618317,
1,82,21,82-21,Leaf,,,,,-5.36110883e-06,1035.31775,
1,82,22,82-22,Leaf,,,,,-0.00433720928,282.984619,
1,82,23,82-23,Leaf,,,,,-0.00194143527,5315.13037,
1,82,24,82-24,Leaf,,,,,0.000548053358,3462.33838,
1,82,25,82-25,Leaf,,,,,0.000534840219,10840.9307,
1,82,26,82-26,Leaf,,,,,0.00395321799,908.315796,
1,82,27,82-27,Leaf,,,,,0.00153312611,904.276001,
1,82,28,82-28,Leaf,,,,,0.00527957827,1675.12122,
1,82,29,82-29,Leaf,,,,,-2.83550216e-05,2889.74854,
1,82,30,82-30,Leaf,,,,,0.00487490231,423.519012,
1,83,0,83-0,recent_margin_quality_weighted_3_minus_race_mean,0.187780619,83-1,83-2,83-1,50.370018,28989.2559,
1,83,1,83-1,form_class_level_weighted_3,62.0,83-3,83-4,83-3,35.2754784,19992.541,
1,83,2,83-2,prize_money_rank,4.0,83-5,83-6,83-6,22.6349983,8996.71582,
1,83,3,83-3,recent_margin_quality_weighted_3_minus_race_mean,-0.0701009631,83-7,83-8,83-8,33.9922829,10092.8281,
1,83,4,83-4,current_weight_change_pct,-0.0344827585,83-9,83-10,83-9,18.6957645,9899.71191,
1,83,5,83-5,best_finish_percentile_at_equal_or_higher_weight,0.375,83-11,83-12,83-12,13.9994011,3106.60889,
1,83,6,83-6,recent_last600_best_3,35.1300011,83-13,83-14,83-13,22.42486,5890.10693,
1,83,7,83-7,trainer_history_top3_excess,-0.00595238106,83-15,83-16,83-15,15.4266586,2024.65405,
1,83,8,83-8,trainer_history_top3_excess,0.0579533167,83-17,83-18,83-17,16.2612915,8068.17432,
1,83,9,83-9,recent_3_distance_m,1030.0,83-19,83-20,83-19,12.3335419,1951.62561,
1,83,10,83-10,trainer_history_top3_excess,0.158633247,83-21,83-22,83-21,14.3161011,7948.08643,
1,83,11,83-11,hidden_sectional_run_best_3,0.298934191,83-23,83-24,83-24,16.5048256,71.9662247,
1,83,12,83-12,best_finish_percentile_at_stronger_class,1.0,83-25,83-26,83-25,13.3860855,3034.64258,
1,83,13,83-13,hidden_sectional_run_best_3,0.118859418,83-27,83-28,83-28,14.8620129,4266.78027,
1,83,14,83-14,jockey_trainer_history_smoothed_top3_rate_gap_to_best,0.277777761,83-29,83-30,83-30,17.52911,1623.32642,
1,83,15,83-15,Leaf,,,,,-0.0066594216,991.109436,
1,83,16,83-16,Leaf,,,,,-0.00225919415,1033.54456,
1,83,17,83-17,Leaf,,,,,-0.00153259281,5745.20605,
1,83,18,83-18,Leaf,,,,,0.000941309321,2322.96802,
1,83,19,83-19,Leaf,,,,,-0.0057320944,362.763062,
1,83,20,83-20,Leaf,,,,,-0.000666937267,1588.86255,
1,83,21,83-21,Leaf,,,,,0.000900720654,7721.76416,
1,83,22,83-22,Leaf,,,,,0.00715609873,226.322388,
1,83,23,83-23,Leaf,,,,,-0.0163665172,38.2076645,
1,83,24,83-24,Leaf,,,,,0.00518077379,33.758564,
1,83,25,83-25,Leaf,,,,,0.0044617462,2540.29736,
1,83,26,83-26,Leaf,,,,,-2.02384072e-05,494.345276,
1,83,27,83-27,Leaf,,,,,0.00371938315,1554.74548,
1,83,28,83-28,Leaf,,,,,0.000652993214,2712.03467,
1,83,29,83-29,Leaf,,,,,-0.000304529123,1283.06555,
1,83,30,83-30,Leaf,,,,,-0.00662325555,340.260834,
1,84,0,84-0,jockey_history_top3_excess,0.000928932161,84-1,84-2,84-1,53.3550911,28711.627,
1,84,1,84-1,recent_finish_percentile_rank,7.0,84-3,84-4,84-4,31.421814,11456.8096,
1,84,2,84-2,recent_finish_percentile_weighted_6_rank_in_race,3.0,84-5,84-6,84-6,28.4421825,17254.8164,
1,84,3,84-3,prize_money_rank,4.0,84-7,84-8,84-8,18.92239,8955.99414,
1,84,4,84-4,recent_margin_quality_weighted_3_minus_race_mean,-0.156582803,84-9,84-10,84-10,14.9331894,2500.81592,
1,84,5,84-5,trainer_history_top3_excess,0.0371838696,84-11,84-12,84-12,26.9772491,6690.00439,
1,84,6,84-6,historical_market_overperformance_slope_3,-0.183333337,84-13,84-14,84-14,15.157218,10564.8125,
1,84,7,84-7,recent_margin_quality_weighted_3_minus_race_mean,0.199903965,84-15,84-16,84-16,12.8360157,3599.51147,
1,84,8,84-8,trainer_history_top3_excess,0.0974178016,84-17,84-18,84-17,10.2783222,5356.48291,
1,84,9,84-9,prize_money_rank,3.0,84-19,84-20,84-20,10.0431137,568.803772,
1,84,10,84-10,trainer_history_top3_excess,0.0204545446,84-21,84-22,84-21,9.3920517,1932.01221,
1,84,11,84-11,recent_margin_std_6,1.83847761,84-23,84-24,84-24,25.6953773,2827.44897,
1,84,12,84-12,recent_3_distance_m,1100.0,84-25,84-26,84-26,17.264679,3862.55566,
1,84,13,84-13,recent_weighted_avg_margin,1.41144097,84-27,84-28,84-28,11.9741735,2000.97534,
1,84,14,84-14,recent_weighted_avg_margin,6.87645912,84-29,84-30,84-29,13.3307629,8563.83789,
1,84,15,84-15,Leaf,,,,,-0.000358431833,2442.83911,
1,84,16,84-16,Leaf,,,,,0.00282624876,1156.67224,
1,84,17,84-17,Leaf,,,,,-0.00204412802,4804.5,
1,84,18,84-18,Leaf,,,,,0.00153066672,551.982849,
1,84,19,84-19,Leaf,,,,,-0.00151790667,142.807693,
1,84,20,84-20,Leaf,,,,,-0.00933419447,425.996094,
1,84,21,84-21,Leaf,,,,,-0.0042465576,1150.96948,
1,84,22,84-22,Leaf,,,,,-0.000680148543,781.042664,
1,84,23,84-23,Leaf,,,,,0.00325854565,1056.60071,
1,84,24,84-24,Leaf,,,,,-0.00164775271,1770.84814,
1,84,25,84-25,Leaf,,,,,0.0061530401,1039.10303,
1,84,26,84-26,Leaf,,,,,0.00237151305,2823.45264,
1,84,27,84-27,Leaf,,,,,-0.00993205421,42.0560341,
1,84,28,84-28,Leaf,,,,,0.00222599111,1958.91931,
1,84,29,84-29,Leaf,,,,,-0.000218041198,7962.53418,
1,84,30,84-30,Leaf,,,,,-0.00405074097,601.303162,
1,85,0,85-0,recent_finish_percentile_weighted_6_rank_in_race,4.0,85-1,85-2,85-2,47.4137611,28876.6738,
1,85,1,85-1,recent_last600_best_3,34.9000015,85-3,85-4,85-4,21.768158,15232.1592,
1,85,2,85-2,jockey_trainer_history_smoothed_top3_rate_gap_to_best,0.145454556,85-5,85-6,85-6,27.8386173,13644.5137,
1,85,3,85-3,historical_market_overperformance_slope_3,0.29836452,85-7,85-8,85-7,15.8087845,7493.71143,
1,85,4,85-4,jockey_history_starts,221.0,85-9,85-10,85-9,22.5740528,7738.44775,
1,85,5,85-5,form_class_level_weighted_3,62.0,85-11,85-12,85-11,11.5442753,6858.53369,
1,85,6,85-6,form_class_level_weighted_3,52.6666679,85-13,85-14,85-14,22.9674911,6785.97998,
1,85,7,85-7,hidden_sectional_run_best_3_gap_to_best,0.310568452,85-15,85-16,85-16,14.193985,7012.86475,
1,85,8,85-8,best_finish_percentile_at_equal_or_higher_weight,0.636363626,85-17,85-18,85-17,13.386322,480.846466,
1,85,9,85-9,distance_minus_recent_avg,-241.666672,85-19,85-20,85-20,16.0121555,6806.45557,
1,85,10,85-10,best_finish_percentile_at_equal_or_higher_weight,0.866666675,85-21,85-22,85-22,11.862051,931.992004,
1,85,11,85-11,jockey_trainer_history_smoothed_top3_rate_gap_to_best,0.0319767296,85-23,85-24,85-24,13.1241617,3336.98682,
1,85,12,85-12,best_finish_percentile_at_equal_or_higher_weight,0.15384616,85-25,85-26,85-25,16.6885433,3521.54688,
1,85,13,85-13,recent_margin_std_6,4.62500429,85-27,85-28,85-27,13.2369347,1322.59631,
1,85,14,85-14,recent_weighted_avg_margin_rank,5.0,85-29,85-30,85-30,11.7730103,5463.38379,
1,85,15,85-15,Leaf,,,,,0.00195810781,6347.06885,
1,85,16,85-16,Leaf,,,,,0.0057868096,665.796021,
1,85,17,85-17,Leaf,,,,,0.00228932337,212.939163,
1,85,18,85-18,Leaf,,,,,-0.00594643038,267.907318,
1,85,19,85-19,Leaf,,,,,-0.00630394137,262.248688,
1,85,20,85-20,Leaf,,,,,-0.000114574927,6544.20703,
1,85,21,85-21,Leaf,,,,,-0.00114794949,226.772934,
1,85,22,85-22,Leaf,,,,,0.00534853339,705.219116,
1,85,23,85-23,Leaf,,,,,0.000965983141,1385.34668,
1,85,24,85-24,Leaf,,,,,-0.0022051516,1951.64014,
1,85,25,85-25,Leaf,,,,,0.00368233654,1110.27344,
1,85,26,85-26,Leaf,,,,,-7.78014874e-06,2411.27344,
1,85,27,85-27,Leaf,,,,,-0.00360537018,1020.39221,
1,85,28,85-28,Leaf,,,,,-0.0095921047,302.204102,
1,85,29,85-29,Leaf,,,,,0.000221118564,1890.5116,
1,85,30,85-30,Leaf,,,,,-0.00221335934,3572.87207,
1,86,0,86-0,recent_finish_percentile_weighted_3_minus_race_mean,0.0178551674,86-1,86-2,86-1,44.220993,28450.5703,
1,86,1,86-1,trainer_history_top3_excess,-0.0102040814,86-3,86-4,86-3,20.831007,8773.17969,
1,86,2,86-2,recent_similar_distance_speed_rank,7.0,86-5,86-6,86-6,33.1766357,19677.3887,
1,86,3,86-3,form_class_level_weighted_3,62.0,86-7,86-8,86-7,21.5780334,3215.84985,
1,86,4,86-4,jockey_history_top3_excess,-0.0613810904,86-9,86-10,86-9,14.4134121,5557.33008,
1,86,5,86-5,good_starts,5.0,86-11,86-12,86-12,22.436058,13501.583,
1,86,6,86-6,jockey_history_top3_excess,0.107633606,86-13,86-14,86-14,21.3141842,6175.80664,
1,86,7,86-7,jockey_history_top3_excess,0.0154818688,86-15,86-16,86-16,12.1609268,1703.96521,
1,86,8,86-8,trainer_history_top3_excess,-0.0236666668,86-17,86-18,86-18,17.2029209,1511.88464,
1,86,9,86-9,good_starts,10.0,86-19,86-20,86-20,7.38627052,403.436768,
1,86,10,86-10,good_starts,27.0,86-21,86-22,86-22,9.60301018,5153.89355,
1,86,11,86-11,recent_finish_percentile_weighted_3_minus_race_mean,0.344846189,86-23,86-24,86-24,18.2005501,5780.59619,
1,86,12,86-12,form_class_level_weighted_3,82.0,86-25,86-26,86-26,16.6972408,7720.9873,
1,86,13,86-13,horse_jockey_win_rate_rank,4.0,86-27,86-28,86-27,20.1485348,5366.396,
1,86,14,86-14,trainer_history_top3_excess,0.0262527876,86-29,86-30,86-29,19.98102,809.410278,
1,86,15,86-15,Leaf,,,,,-0.00666506356,1050.35632,
1,86,16,86-16,Leaf,,,,,-0.00226241699,653.608887,
1,86,17,86-17,Leaf,,,,,0.000721379125,1107.78613,
1,86,18,86-18,Leaf,,,,,-0.00524290698,404.09848,
1,86,19,86-19,Leaf,,,,,-0.0025121111,273.338379,
1,86,20,86-20,Leaf,,,,,-0.00976127014,130.098389,
1,86,21,86-21,Leaf,,,,,3.73290641e-05,4940.38135,
1,86,22,86-22,Leaf,,,,,-0.00525941839,213.512268,
1,86,23,86-23,Leaf,,,,,0.0020180759,5144.44189,
1,86,24,86-24,Leaf,,,,,0.00648762984,636.154236,
1,86,25,86-25,Leaf,,,,,-7.20152821e-05,6383.09082,
1,86,26,86-26,Leaf,,,,,0.0029892514,1337.89612,
1,86,27,86-27,Leaf,,,,,-0.000878129154,4749.62988,
1,86,28,86-28,Leaf,,,,,-0.00565381069,616.766479,
1,86,29,86-29,Leaf,,,,,-0.00334675214,223.544067,
1,86,30,86-30,Leaf,,,,,0.00529668992,585.86615,
1,87,0,87-0,jockey_history_top3_excess,0.0732918084,87-1,87-2,87-1,48.9440804,28611.6113,
1,87,1,87-1,recent_finish_percentile_weighted_3_minus_race_mean,-0.161171913,87-3,87-4,87-3,45.358387,22413.8262,
1,87,2,87-2,good_starts,6.0,87-5,87-6,87-5,21.3416824,6197.78662,
1,87,3,87-3,current_weight_change_pct,0.00840336177,87-7,87-8,87-8,13.8631287,2166.9834,
1,87,4,87-4,good_starts,24.0,87-9,87-10,87-10,23.1580772,20246.8418,
1,87,5,87-5,jockey_recent_top3_excess,0.111307181,87-11,87-12,87-12,20.8233376,3321.09644,
1,87,6,87-6,recent_margin_std_6,4.62500429,87-13,87-14,87-14,14.7843027,2876.68994,
1,87,7,87-7,form_class_level_weighted_3,83.0,87-15,87-16,87-15,12.985527,767.328003,
1,87,8,87-8,best_finish_percentile_at_stronger_class,0.714285731,87-17,87-18,87-17,7.83492088,1399.6554,
1,87,9,87-9,recent_margin_std_6,1.92431808,87-19,87-20,87-20,19.7815342,18826.8516,
1,87,10,87-10,jockey_recent_top3_excess,0.0434355289,87-21,87-22,87-22,14.5011311,1419.99109,
1,87,11,87-11,recent_finish_percentile_weighted_3_minus_race_mean,0.253948271,87-23,87-24,87-24,11.3441372,1270.79407,
1,87,12,87-12,recent_margin_quality_weighted_3_minus_race_mean,0.29755199,87-25,87-26,87-25,13.4497452,2050.30225,
1,87,13,87-13,horse_jockey_win_rate_rank,5.0,87-27,87-28,87-28,9.44098854,2599.95923,
1,87,14,87-14,recent_margin_std_6,17.2629566,87-29,87-30,87-30,7.86858177,276.730896,
1,87,15,87-15,Leaf,,,,,-0.00812619831,621.328613,
1,87,16,87-16,Leaf,,,,,9.82293277e-05,145.99939,
1,87,17,87-17,Leaf,,,,,-0.0036856588,929.365112,
1,87,18,87-18,Leaf,,,,,0.000250191602,470.290253,
1,87,19,87-19,Leaf,,,,,0.00134243444,5933.01758,
1,87,20,87-20,Leaf,,,,,-0.000400566816,12893.834,
1,87,21,87-21,Leaf,,,,,-0.0018414025,1134.84473,
1,87,22,87-22,Leaf,,,,,-0.00810325798,285.146271,
1,87,23,87-23,Leaf,,,,,-0.000578611332,918.327332,
1,87,24,87-24,Leaf,,,,,0.00463538617,352.466797,
1,87,25,87-25,Leaf,,,,,0.00411428278,1768.9231,
1,87,26,87-26,Leaf,,,,,0.0100137843,281.37915,
1,87,27,87-27,Leaf,,,,,-0.000372995244,1356.08447,
1,87,28,87-28,Leaf,,,,,0.00263071316,1243.87476,
1,87,29,87-29,Leaf,,,,,-0.00611318974,258.445831,
1,87,30,87-30,Leaf,,,,,0.00799279381,18.2850437,
1,88,0,88-0,recent_margin_quality_weighted_3_minus_race_mean,0.103260309,88-1,88-2,88-1,41.3444328,28553.3105,
1,88,1,88-1,jockey_history_top3_excess,-0.0369943082,88-3,88-4,88-4,24.8463459,14391.5234,
1,88,2,88-2,jockey_history_top3_excess,0.14005594,88-5,88-6,88-5,27.1020031,14161.7881,
1,88,3,88-3,recent_weighted_avg_margin,4.31497478,88-7,88-8,88-8,17.8044281,2787.55859,
1,88,4,88-4,jockey_history_top3_excess,0.152532846,88-9,88-10,88-9,11.7719593,11603.9648,
1,88,5,88-5,prize_money_rank,2.0,88-11,88-12,88-12,24.4308395,13430.1904,
1,88,6,88-6,hidden_sectional_run_best_3_gap_to_best,0.104640186,88-13,88-14,88-14,12.2013474,731.597717,
1,88,7,88-7,recent_weighted_avg_margin,3.77194595,88-15,88-16,88-16,9.81148148,1397.58594,
1,88,8,88-8,hidden_sectional_run_best_3_gap_to_best,0.0344368517,88-17,88-18,88-18,5.90834427,1389.97253,
1,88,9,88-9,recent_finish_percentile_weighted_6_rank_in_race,5.0,88-19,88-20,88-19,11.5414925,11130.793,
1,88,10,88-10,best_finish_percentile_at_equal_or_higher_weight,0.866666675,88-21,88-22,88-22,13.0671625,473.171417,
1,88,11,88-11,jockey_history_starts,79.0,88-23,88-24,88-23,19.4655418,1684.56506,
1,88,12,88-12,recent_last600_best_3,34.4000015,88-25,88-26,88-26,16.2930222,11745.625,
1,88,13,88-13,horse_jockey_win_rate_rank,2.0,88-27,88-28,88-27,14.3103361,122.635338,
1,88,14,88-14,recent_last600_best_3,35.6300011,88-29,88-30,88-29,8.49885178,608.962402,
1,88,15,88-15,Leaf,,,,,-0.00232706196,1009.94159,
1,88,16,88-16,Leaf,,,,,0.00230171951,387.64444,
1,88,17,88-17,Leaf,,,,,-0.00800928473,326.160309,
1,88,18,88-18,Leaf,,,,,-0.00405306369,1063.81226,
1,88,19,88-19,Leaf,,,,,0.000309916853,4993.94727,
1,88,20,88-20,Leaf,,,,,-0.0013067642,6136.84619,
1,88,21,88-21,Leaf,,,,,-0.00262034335,147.46785,
1,88,22,88-22,Leaf,,,,,0.00614673598,325.703583,
1,88,23,88-23,Leaf,,,,,0.000696464325,807.031189,
1,88,24,88-24,Leaf,,,,,0.00608081371,877.533936,
1,88,25,88-25,Leaf,,,,,0.00163111184,3898.50293,
1,88,26,88-26,Leaf,,,,,-0.000343805616,7847.12207,
1,88,27,88-27,Leaf,,,,,0.003123509,97.8966446,
1,88,28,88-28,Leaf,,,,,-0.0153274061,24.7386951,
1,88,29,88-29,Leaf,,,,,0.00806087349,544.840759,
1,88,30,88-30,Leaf,,,,,-0.00128855824,64.1216431,
1,89,0,89-0,recent_finish_percentile_weighted_6_rank_in_race,6.0,89-1,89-2,89-2,32.3980331,28463.0645,
1,89,1,89-1,good_starts,9.0,89-3,89-4,89-4,25.2286701,21025.7207,
1,89,2,89-2,jockey_history_top3_excess,-0.0234851576,89-5,89-6,89-5,34.3962631,7437.34521,
1,89,3,89-3,hidden_sectional_run_best_3_gap_to_best,0.206845254,89-7,89-8,89-7,25.3318748,13922.2314,
1,89,4,89-4,current_weight_change_pct,0.0370370373,89-9,89-10,89-9,11.5215702,7103.48926,
1,89,5,89-5,recent_weighted_avg_margin,9.40214062,89-11,89-12,89-11,11.9529839,1993.20764,
1,89,6,89-6,current_weight_change_pct,-0.0173913036,89-13,89-14,89-13,13.6095457,5444.13721,
1,89,7,89-7,jockey_history_starts,159.0,89-15,89-16,89-15,19.431694,9556.41016,
1,89,8,89-8,best_finish_percentile_at_stronger_class,0.909090936,89-17,89-18,89-17,22.52145,4365.8208,
1,89,9,89-9,recent_weighted_avg_margin,1.24401903,89-19,89-20,89-20,9.85096931,5005.2959,
1,89,10,89-10,hidden_sectional_run_best_3_gap_to_best,0.319595873,89-21,89-22,89-21,18.852459,2098.19312,
1,89,11,89-11,current_weight_change_pct,0.0642201826,89-23,89-24,89-23,9.21080017,1857.51501,
1,89,12,89-12,good_starts,29.0,89-25,89-26,89-26,3.15894127,135.692627,
1,89,13,89-13,best_finish_percentile_at_stronger_class,0.699999988,89-27,89-28,89-28,11.8889198,1694.375,
1,89,14,89-14,jockey_history_starts,11.0,89-29,89-30,89-30,16.4692707,3749.76245,
1,89,15,89-15,Leaf,,,,,-0.000258958054,7092.86768,
1,89,16,89-16,Leaf,,,,,0.00231356313,2463.54272,
1,89,17,89-17,Leaf,,,,,0.00183918921,3564.40649,
1,89,18,89-18,Leaf,,,,,0.00647023553,801.414368,
1,89,19,89-19,Leaf,,,,,-0.00583079737,280.501404,
1,89,20,89-20,Leaf,,,,,-0.00107446709,4724.79443,
1,89,21,89-21,Leaf,,,,,0.00124950253,2048.40918,
1,89,22,89-22,Leaf,,,,,-0.0129896924,49.7840538,
1,89,23,89-23,Leaf,,,,,-0.0042475271,1659.21191,
1,89,24,89-24,Leaf,,,,,0.0013696308,198.303177,
1,89,25,89-25,Leaf,,,,,-0.0123097664,123.373772,
1,89,26,89-26,Leaf,,,,,0.000246942975,12.3188639,
1,89,27,89-27,Leaf,,,,,-0.00579929119,425.513672,
1,89,28,89-28,Leaf,,,,,-0.000992074376,1268.86133,
1,89,29,89-29,Leaf,,,,,-0.00614696322,211.651184,
1,89,30,89-30,Leaf,,,,,0.000876052887,3538.11133,
1,90,0,90-0,recent_margin_quality_weighted_3_minus_race_mean,0.0723026395,90-1,90-2,90-1,43.5769043,28366.5527,
1,90,1,90-1,form_class_level_weighted_3,62.0,90-3,90-4,90-3,27.4942608,12512.2539,
1,90,2,90-2,prize_money_rank,2.0,90-5,90-6,90-6,22.6998463,15854.2998,
1,90,3,90-3,jockey_history_top3_excess,-0.0642039925,90-7,90-8,90-7,19.8440742,6048.46338,
1,90,4,90-4,current_weight_change_pct,0.0545454547,90-9,90-10,90-9,21.7687912,6463.79004,
1,90,5,90-5,trainer_history_top3_excess,0.0868326128,90-11,90-12,90-11,14.5866737,1970.36804,
1,90,6,90-6,jockey_history_top3_excess,0.133503571,90-13,90-14,90-13,26.2785759,13883.9316,
1,90,7,90-7,recent_margin_quality_weighted_3_minus_race_mean,-0.0996751487,90-15,90-16,90-16,8.05623627,787.389526,
1,90,8,90-8,jockey_history_top3_excess,0.176586315,90-17,90-18,90-18,16.8420486,5261.07373,
1,90,9,90-9,good_starts,15.0,90-19,90-20,90-20,18.6667233,5089.98193,
1,90,10,90-10,jockey_trainer_history_smoothed_top3_rate_gap_to_best,0.248868778,90-21,90-22,90-21,11.5953045,1373.80823,
1,90,11,90-11,recent_weighted_win_rate_rank,3.0,90-23,90-24,90-24,10.5506153,1633.56177,
1,90,12,90-12,jockey_history_top3_excess,0.0957900435,90-25,90-26,90-26,4.85736084,336.806335,
1,90,13,90-13,distance_minus_recent_avg,-241.666672,90-27,90-28,90-28,24.2483349,13046.3887,
1,90,14,90-14,trainer_history_top3_excess,0.0246690307,90-29,90-30,90-29,15.5769653,837.54248,
1,90,15,90-15,Leaf,,,,,-0.00979921129,235.141098,
1,90,16,90-16,Leaf,,,,,-0.00414517289,552.248474,
1,90,17,90-17,Leaf,,,,,-0.00187770033,5185.11865,
1,90,18,90-18,Leaf,,,,,0.00928376708,75.9551926,
1,90,19,90-19,Leaf,,,,,0.000185200828,3857.36548,
1,90,20,90-20,Leaf,,,,,-0.00333636068,1232.61646,
1,90,21,90-21,Leaf,,,,,0.00331758079,1327.4574,
1,90,22,90-22,Leaf,,,,,-0.00829591136,46.3507614,
1,90,23,90-23,Leaf,,,,,0.00401883526,991.519531,
1,90,24,90-24,Leaf,,,,,-7.60301264e-05,642.042175,
1,90,25,90-25,Leaf,,,,,0.00610873103,266.473846,
1,90,26,90-26,Leaf,,,,,0.0138941696,70.3324966,
1,90,27,90-27,Leaf,,,,,-0.0072991983,248.129822,
1,90,28,90-28,Leaf,,,,,0.000439271709,12798.2588,
1,90,29,90-29,Leaf,,,,,-0.00165229745,177.117126,
1,90,30,90-30,Leaf,,,,,0.00657686312,660.425354,
1,91,0,91-0,recent_margin_quality_weighted_3_minus_race_mean,0.0944823027,91-1,91-2,91-1,42.2903099,28201.4062,
1,91,1,91-1,jockey_history_top3_excess,-0.0820144638,91-3,91-4,91-4,22.1319046,13619.5703,
1,91,2,91-2,jockey_history_top3_excess,-0.0208141319,91-5,91-6,91-5,27.3934555,14581.835,
1,91,3,91-3,form_class_level_weighted_3,56.6666679,91-7,91-8,91-8,8.64065933,741.564575,
1,91,4,91-4,recent_finish_percentile_rank,9.0,91-9,91-10,91-9,19.3176632,12878.0059,
1,91,5,91-5,jockey_recent_top3_excess,-0.0911704227,91-11,91-12,91-11,10.7242012,3791.11035,
1,91,6,91-6,best_finish_percentile_at_stronger_class,0.9375,91-13,91-14,91-14,16.8204193,10790.7246,
1,91,7,91-7,recent_5_weight_kg,58.5,91-15,91-16,91-16,5.40167236,278.923187,
1,91,8,91-8,jockey_history_starts,128.0,91-17,91-18,91-18,9.54821205,462.641418,
1,91,9,91-9,form_class_level_weighted_3,62.0,91-19,91-20,91-19,17.2020645,11151.6807,
1,91,10,91-10,historical_market_overperformance_slope_3,0.218562141,91-21,91-22,91-21,16.8299999,1726.32434,
1,91,11,91-11,jockey_recent_top3_excess,-0.100470483,91-23,91-24,91-23,8.02998924,1735.98474,
1,91,12,91-12,current_weight_change_pct,-0.0483870953,91-25,91-26,91-26,11.908,2055.12573,
1,91,13,91-13,hidden_sectional_run_best_3,0.139124528,91-27,91-28,91-28,12.4686241,5886.1665,
1,91,14,91-14,jockey_history_top3_excess,0.115262069,91-29,91-30,91-30,14.3798742,4904.55859,
1,91,15,91-15,Leaf,,,,,-0.00515988981,163.811005,
1,91,16,91-16,Leaf,,,,,-0.0127617707,115.112198,
1,91,17,91-17,Leaf,,,,,-0.00447883038,396.300873,
1,91,18,91-18,Leaf,,,,,0.00519875623,66.340538,
1,91,19,91-19,Leaf,,,,,-0.00139137299,5625.82324,
1,91,20,91-20,Leaf,,,,,0.000570396835,5525.85791,
1,91,21,91-21,Leaf,,,,,-0.00429909537,1463.84802,
1,91,22,91-22,Leaf,,,,,0.00248496095,262.476318,
1,91,23,91-23,Leaf,,,,,-0.000229466124,1465.00476,
1,91,24,91-24,Leaf,,,,,0.00438010367,270.97995,
1,91,25,91-25,Leaf,,,,,-0.00966483261,114.755836,
1,91,26,91-26,Leaf,,,,,-0.00165893219,1940.36975,
1,91,27,91-27,Leaf,,,,,0.00400614087,2049.06689,
1,91,28,91-28,Leaf,,,,,0.00158189295,3837.09937,
1,91,29,91-29,Leaf,,,,,-8.44745882e-05,4251.79395,
1,91,30,91-30,Leaf,,,,,0.00387318549,652.764587,
1,92,0,92-0,recent_weighted_avg_margin,5.22812605,92-1,92-2,92-2,43.7528152,28422.4688,
1,92,1,92-1,good_starts,9.0,92-3,92-4,92-4,29.4985008,23916.0664,
1,92,2,92-2,jockey_history_top3_excess,0.00929614715,92-5,92-6,92-5,21.0970879,4506.40234,
1,92,3,92-3,prize_money_rank,3.0,92-7,92-8,92-8,20.9975891,15346.8428,
1,92,4,92-4,recent_similar_distance_speed_rank,11.0,92-9,92-10,92-10,13.9832525,8569.22266,
1,92,5,92-5,recent_margin_quality_weighted_3_minus_race_mean,-0.103927612,92-11,92-12,92-11,15.6562805,2269.15283,
1,92,6,92-6,historical_market_overperformance_slope_3,0.267424256,92-13,92-14,92-13,10.8638,2237.24976,
1,92,7,92-7,recent_3_margin,9.30000019,92-15,92-16,92-16,15.2584305,2953.27808,
1,92,8,92-8,recent_last600_best_3,34.1599998,92-17,92-18,92-18,15.4271212,12393.5645,
1,92,9,92-9,jockey_history_starts,16.0,92-19,92-20,92-19,11.3697672,7923.36279,
1,92,10,92-10,recent_weighted_win_rate_rank,3.0,92-21,92-22,92-22,13.1010094,645.860413,
1,92,11,92-11,jockey_trainer_history_smoothed_top3_rate_gap_to_best,0.0304487348,92-23,92-24,92-24,8.78598785,1073.17834,
1,92,12,92-12,jockey_history_top3_excess,0.00318324356,92-25,92-26,92-25,9.31113052,1195.97449,
1,92,13,92-13,jockey_history_top3_excess,0.145747766,92-27,92-28,92-28,8.3441267,1941.38757,
1,92,14,92-14,hidden_sectional_run_best_3,0.282344282,92-29,92-30,92-30,18.33601,295.862274,
1,92,15,92-15,Leaf,,,,,0.00365070673,2720.2373,
1,92,16,92-16,Leaf,,,,,-0.00290615787,233.040695,
1,92,17,92-17,Leaf,,,,,0.00211856072,3736.14966,
1,92,18,92-18,Leaf,,,,,0.000197026791,8657.41504,
1,92,19,92-19,Leaf,,,,,-0.00272863242,1041.20605,
1,92,20,92-20,Leaf,,,,,6.20344872e-05,6882.15674,
1,92,21,92-21,Leaf,,,,,-0.0101166805,159.481781,
1,92,22,92-22,Leaf,,,,,-0.00196047546,486.378632,
1,92,23,92-23,Leaf,,,,,0.000524937932,112.781784,
1,92,24,92-24,Leaf,,,,,-0.00675224094,960.396545,
1,92,25,92-25,Leaf,,,,,-0.0013129923,1152.85657,
1,92,26,92-26,Leaf,,,,,-0.0120663941,43.1178703,
1,92,27,92-27,Leaf,,,,,-0.00141887774,1862.21448,
1,92,28,92-28,Leaf,,,,,0.00640703738,79.1730728,
1,92,29,92-29,Leaf,,,,,-0.010394644,38.0367584,
1,92,30,92-30,Leaf,,,,,0.00645676348,257.8255,
1,93,0,93-0,recent_margin_quality_weighted_3_minus_race_mean,0.08304739,93-1,93-2,93-1,36.2989922,28234.1387,
1,93,1,93-1,best_finish_percentile_at_equal_or_higher_weight,0.583333313,93-3,93-4,93-4,20.4617615,12988.9043,
1,93,2,93-2,prize_money_rank,2.0,93-5,93-6,93-6,21.783186,15245.2354,
1,93,3,93-3,trainer_history_top3_excess,0.062434379,93-7,93-8,93-8,6.38695145,2255.31348,
1,93,4,93-4,distance_minus_recent_avg,-116.666664,93-9,93-10,93-10,15.9970036,10733.5908,
1,93,5,93-5,good_starts,24.0,93-11,93-12,93-12,12.1515694,1881.90845,
1,93,6,93-6,recent_last600_best_3,34.3600006,93-13,93-14,93-14,19.546093,13363.3262,
1,93,7,93-7,form_class_level_weighted_3,51.6666679,93-15,93-16,93-16,12.6894722,1693.09802,
1,93,8,93-8,form_class_level_weighted_3,70.0,93-17,93-18,93-18,15.6781702,562.215576,
1,93,9,93-9,best_finish_percentile_at_equal_or_higher_weight,0.899999976,93-19,93-20,93-19,8.23444176,1309.61694,
1,93,10,93-10,trainer_history_top3_excess,-0.105769962,93-21,93-22,93-22,13.7361441,9423.97363,
1,93,11,93-11,recent_3_distance_m,3100.0,93-23,93-24,93-24,12.2540741,1574.30933,
1,93,12,93-12,horse_jockey_win_rate_rank,6.0,93-25,93-26,93-26,10.0774059,307.599152,
1,93,13,93-13,recent_margin_std_6,2.91318846,93-27,93-28,93-28,18.7065125,4443.74414,
1,93,14,93-14,distance_minus_recent_avg,-368.333344,93-29,93-30,93-30,15.9912577,8919.58203,
1,93,15,93-15,Leaf,,,,,-0.00686409464,562.698486,
1,93,16,93-16,Leaf,,,,,-0.00224812562,1130.39954,
1,93,17,93-17,Leaf,,,,,0.00171388616,421.225616,
1,93,18,93-18,Leaf,,,,,-0.00764487777,140.989914,
1,93,19,93-19,Leaf,,,,,-0.00169557054,925.890564,
1,93,20,93-20,Leaf,,,,,-0.00605799211,383.72641,
1,93,21,93-21,Leaf,,,,,-0.00721352035,155.524841,
1,93,22,93-22,Leaf,,,,,5.18572888e-05,9268.44922,
1,93,23,93-23,Leaf,,,,,0.00465695374,1538.63489,
1,93,24,93-24,Leaf,,,,,-0.0085931709,35.6743546,
1,93,25,93-25,Leaf,,,,,0.0013418555,241.517578,
1,93,26,93-26,Leaf,,,,,-0.00904053636,66.0815735,
1,93,27,93-27,Leaf,,,,,0.00281192083,3374.92407,
1,93,28,93-28,Leaf,,,,,-0.000970466528,1068.82007,
1,93,29,93-29,Leaf,,,,,-0.0119037842,61.4837151,
1,93,30,93-30,Leaf,,,,,-3.08283416e-05,8858.09863,
1,94,0,94-0,recent_weighted_avg_margin,4.39091301,94-1,94-2,94-2,48.383194,28179.1953,
1,94,1,94-1,jockey_history_top3_excess,0.00162350549,94-3,94-4,94-3,30.3851852,21204.1348,
1,94,2,94-2,trainer_history_top3_excess,-0.00511363614,94-5,94-6,94-5,27.2569008,6975.06006,
1,94,3,94-3,prize_money_rank,4.0,94-7,94-8,94-8,19.8473778,8017.84326,
1,94,4,94-4,good_starts,9.0,94-9,94-10,94-10,29.0269623,13186.292,
1,94,5,94-5,form_class_level_weighted_3,51.0,94-11,94-12,94-11,20.7955284,3036.26318,
1,94,6,94-6,prize_money_rank,4.0,94-13,94-14,94-14,11.9621763,3938.79688,
1,94,7,94-7,recent_margin_quality_weighted_3_minus_race_mean,0.203055322,94-15,94-16,94-16,24.559803,3049.45898,
1,94,8,94-8,good_starts,20.0,94-17,94-18,94-18,15.2069397,4968.38428,
1,94,9,94-9,best_finish_percentile_at_stronger_class,0.636363626,94-19,94-20,94-19,18.3818817,8815.15039,
1,94,10,94-10,good_starts,19.0,94-21,94-22,94-22,9.11115456,4371.1416,
1,94,11,94-11,jockey_history_top3_excess,0.0665925369,94-23,94-24,94-24,16.6939011,1118.70312,
1,94,12,94-12,recent_margin_std_6,5.00256586,94-25,94-26,94-25,10.4146748,1917.56006,
1,94,13,94-13,hidden_sectional_run_best_3_gap_to_best,0.20096688,94-27,94-28,94-27,11.8725567,1332.67883,
1,94,14,94-14,form_class_level_weighted_3,64.0,94-29,94-30,94-29,8.0797863,2606.11816,
1,94,15,94-15,Leaf,,,,,-0.000682247512,1935.02234,
1,94,16,94-16,Leaf,,,,,0.00395884505,1114.43677,
1,94,17,94-17,Leaf,,,,,-0.0011947843,4694.52295,
1,94,18,94-18,Leaf,,,,,-0.00716659566,273.86145,
1,94,19,94-19,Leaf,,,,,0.000919435755,3887.19824,
1,94,20,94-20,Leaf,,,,,0.00322369603,4927.95166,
1,94,21,94-21,Leaf,,,,,0.000405558356,3213.33765,
1,94,22,94-22,Leaf,,,,,-0.00217120256,1157.80408,
1,94,23,94-23,Leaf,,,,,-0.00756961806,934.490295,
1,94,24,94-24,Leaf,,,,,0.000595920894,184.21286,
1,94,25,94-25,Leaf,,,,,-0.000712638663,1350.0979,
1,94,26,94-26,Leaf,,,,,-0.00473853946,567.462158,
1,94,27,94-27,Leaf,,,,,0.00216878345,1250.51111,
1,94,28,94-28,Leaf,,,,,-0.00712894276,82.1676636,
1,94,29,94-29,Leaf,,,,,-0.00228125881,1808.8446,
1,94,30,94-30,Leaf,,,,,0.000724488113,797.273499,
1,95,0,95-0,recent_margin_quality_weighted_3_minus_race_mean,0.0944823027,95-1,95-2,95-1,44.8017159,28117.8184,
1,95,1,95-1,jockey_history_top3_excess,-0.063271746,95-3,95-4,95-4,25.9467297,13548.3359,
1,95,2,95-2,best_finish_percentile_at_stronger_class,0.166666672,95-5,95-6,95-5,17.8267002,14569.4834,
1,95,3,95-3,recent_margin_quality_weighted_3_minus_race_mean,-0.139365047,95-7,95-8,95-8,8.45394135,1330.13354,
1,95,4,95-4,recent_finish_percentile_weighted_6_rank_in_race,6.0,95-9,95-10,95-9,16.6667099,12218.2031,
1,95,5,95-5,jockey_history_top3_excess,0.0995124429,95-11,95-12,95-11,19.8446846,4563.01367,
1,95,6,95-6,good_starts,6.0,95-13,95-14,95-14,22.1429138,10006.4688,
1,95,7,95-7,recent_weighted_avg_margin,5.53689003,95-15,95-16,95-16,7.48276329,277.778595,
1,95,8,95-8,recent_similar_distance_speed_rank,9.0,95-17,95-18,95-17,8.66981316,1052.35498,
1,95,9,95-9,distance_minus_recent_avg,-110.666664,95-19,95-20,95-20,8.48895168,7009.70752,
1,95,10,95-10,form_class_level_weighted_3,53.5999985,95-21,95-22,95-21,23.8174229,5208.49512,
1,95,11,95-11,historical_market_overperformance_slope_3,-0.227964461,95-23,95-24,95-24,15.6004868,3855.17163,
1,95,12,95-12,hidden_sectional_run_best_3_gap_to_best,0.0592928827,95-25,95-26,95-26,12.1267986,707.84198,
1,95,13,95-13,hidden_sectional_run_best_3,0.124371536,95-27,95-28,95-28,30.7013054,4930.9541,
1,95,14,95-14,hidden_sectional_run_best_3_gap_to_best,0.28410691,95-29,95-30,95-30,11.6746149,5075.51465,
1,95,15,95-15,Leaf,,,,,-0.0024701287,102.406067,
1,95,16,95-16,Leaf,,,,,-0.0112830764,175.372528,
1,95,17,95-17,Leaf,,,,,-0.00247991714,945.798279,
1,95,18,95-18,Leaf,,,,,-0.00980106741,106.556664,
1,95,19,95-19,Leaf,,,,,-0.0022777745,842.659485,
1,95,20,95-20,Leaf,,,,,0.000383123144,6167.04785,
1,95,21,95-21,Leaf,,,,,-0.00514827622,1052.47949,
1,95,22,95-22,Leaf,,,,,-0.00094723748,4156.01562,
1,95,23,95-23,Leaf,,,,,-0.00798609573,185.816559,
1,95,24,95-24,Leaf,,,,,-0.000734701229,3669.35522,
1,95,25,95-25,Leaf,,,,,-0.00763380108,48.0369148,
1,95,26,95-26,Leaf,,,,,0.00433610706,659.805054,
1,95,27,95-27,Leaf,,,,,0.00574537506,1436.1322,
1,95,28,95-28,Leaf,,,,,0.0014041604,3494.82202,
1,95,29,95-29,Leaf,,,,,0.000999901444,3858.37036,
1,95,30,95-30,Leaf,,,,,-0.00179813802,1217.14441,
1,96,0,96-0,recent_finish_percentile_rank,5.0,96-1,96-2,96-2,42.1067963,27829.998,
1,96,1,96-1,recent_margin_std_6,1.95593119,96-3,96-4,96-4,23.2905388,17452.7734,
1,96,2,96-2,form_class_level_weighted_3,53.3333321,96-5,96-6,96-6,25.659132,10377.2236,
1,96,3,96-3,recent_similar_distance_speed_rank,10.0,96-7,96-8,96-7,15.3260345,6376.44189,
1,96,4,96-4,recent_last600_best_3,37.75,96-9,96-10,96-9,13.1993408,11076.3311,
1,96,5,96-5,trainer_history_top3_excess,0.0428493544,96-11,96-12,96-11,26.8721504,1666.00854,
1,96,6,96-6,jockey_history_top3_excess,0.0656281412,96-13,96-14,96-14,14.7105684,8711.21582,
1,96,7,96-7,recent_last600_best_3,34.5699997,96-15,96-16,96-16,12.1298599,5986.81641,
1,96,8,96-8,recent_finish_percentile_weighted_6_rank_in_race,3.0,96-17,96-18,96-18,13.5760498,389.625427,
1,96,9,96-9,recent_similar_distance_speed_rank,7.0,96-19,96-20,96-19,13.4515295,10894.6201,
1,96,10,96-10,recent_3_distance_m,1810.0,96-21,96-22,96-21,8.22955036,181.711685,
1,96,11,96-11,jockey_history_top3_excess,0.0326234363,96-23,96-24,96-23,11.0722198,1131.21777,
1,96,12,96-12,recent_weighted_win_rate_rank,2.0,96-25,96-26,96-26,9.40769672,534.79071,
1,96,13,96-13,historical_market_overperformance_slope_3,-0.403846145,96-27,96-28,96-27,18.6474247,6446.02002,
1,96,14,96-14,good_wins,2.0,96-29,96-30,96-30,7.5318861,2265.19531,
1,96,15,96-15,Leaf,,,,,0.0033356559,2921.61646,
1,96,16,96-16,Leaf,,,,,0.00107708445,3065.2002,
1,96,17,96-17,Leaf,,,,,-0.00682703778,221.316101,
1,96,18,96-18,Leaf,,,,,0.00237727724,168.309341,
1,96,19,96-19,Leaf,,,,,0.000557857216,8481.81836,
1,96,20,96-20,Leaf,,,,,-0.00155390135,2412.80127,
1,96,21,96-21,Leaf,,,,,-0.00212568068,117.057091,
1,96,22,96-22,Leaf,,,,,-0.0130635966,64.6546021,
1,96,23,96-23,Leaf,,,,,-0.00804119837,767.507263,
1,96,24,96-24,Leaf,,,,,-0.00262732804,363.710541,
1,96,25,96-25,Leaf,,,,,0.00365981576,269.711304,
1,96,26,96-26,Leaf,,,,,-0.00284944824,265.079437,
1,96,27,96-27,Leaf,,,,,-0.0039651501,1385.0166,
1,96,28,96-28,Leaf,,,,,-0.000696083822,5061.00342,
1,96,29,96-29,Leaf,,,,,0.00200709235,1452.97412,
1,96,30,96-30,Leaf,,,,,-0.000982446363,812.221313,
1,97,0,97-0,recent_finish_percentile_weighted_3_minus_race_mean,-0.155434132,97-1,97-2,97-2,43.7788086,28042.5156,
1,97,1,97-1,jockey_history_top3_excess,0.0413679108,97-3,97-4,97-3,20.8986931,2432.46362,
1,97,2,97-2,recent_last600_best_3,35.1800003,97-5,97-6,97-6,28.8624096,25610.0508,
1,97,3,97-3,current_weight_change_pct,0.00840336177,97-7,97-8,97-8,5.83740616,1562.14233,
1,97,4,97-4,recent_3_distance_m,925.0,97-9,97-10,97-9,7.85890532,870.321289,
1,97,5,97-5,recent_finish_percentile_weighted_3_minus_race_mean,0.261309385,97-11,97-12,97-12,36.2148743,14378.2598,
1,97,6,97-6,jockey_trainer_history_smoothed_top3_rate_gap_to_best,0.277777761,97-13,97-14,97-13,20.1713562,11231.792,
1,97,7,97-7,recent_margin_std_6,3.63574839,97-15,97-16,97-15,4.03648758,647.780762,
1,97,8,97-8,prize_money_rank,2.0,97-17,97-18,97-18,6.37298965,914.361511,
1,97,9,97-9,recent_margin_std_6,2.72470188,97-19,97-20,97-20,5.62914181,148.375076,
1,97,10,97-10,current_weight_change_pct,-0.0178571437,97-21,97-22,97-21,8.85599136,721.946228,
1,97,11,97-11,good_starts,15.0,97-23,97-24,97-24,28.3005352,11301.4639,
1,97,12,97-12,good_starts,6.0,97-25,97-26,97-26,28.1644096,3076.79565,
1,97,13,97-13,jockey_history_top3_excess,0.103238627,97-27,97-28,97-27,14.7597647,10964.9863,
1,97,14,97-14,recent_3_distance_m,1625.0,97-29,97-30,97-29,11.1327648,266.805023,
1,97,15,97-15,Leaf,,,,,-0.00482151425,381.198364,
1,97,16,97-16,Leaf,,,,,-0.00916133914,266.582428,
1,97,17,97-17,Leaf,,,,,0.0011076848,149.199326,
1,97,18,97-18,Leaf,,,,,-0.00443832669,765.16217,
1,97,19,97-19,Leaf,,,,,0.00985733792,66.6677246,
1,97,20,97-20,Leaf,,,,,0.000304591231,81.7073517,
1,97,21,97-21,Leaf,,,,,-0.00580599811,179.731125,
1,97,22,97-22,Leaf,,,,,0.000454032299,542.215088,
1,97,23,97-23,Leaf,,,,,0.000961908605,9504.17383,
1,97,24,97-24,Leaf,,,,,-0.0024503856,1797.29065,
1,97,25,97-25,Leaf,,,,,0.00562001951,1698.24915,
1,97,26,97-26,Leaf,,,,,0.000803880219,1378.54663,
1,97,27,97-27,Leaf,,,,,-0.000748208084,9909.21094,
1,97,28,97-28,Leaf,,,,,0.00234723999,1055.77515,
1,97,29,97-29,Leaf,,,,,-0.00990753528,207.802383,
1,97,30,97-30,Leaf,,,,,0.00196155976,59.0026512,
1,98,0,98-0,recent_finish_percentile_weighted_3_minus_race_mean,0.0178551674,98-1,98-2,98-1,44.6832657,27822.0195,
1,98,1,98-1,jockey_history_top3_excess,-0.114671513,98-3,98-4,98-4,18.8786888,8489.55762,
1,98,2,98-2,prize_money_rank,5.0,98-5,98-6,98-6,26.5173302,19332.4629,
1,98,3,98-3,trainer_history_top3_excess,0.0477572158,98-7,98-8,98-7,1.63610268,113.594658,
1,98,4,98-4,jockey_recent_top3_excess,0.113599494,98-9,98-10,98-9,15.9332314,8375.96289,
1,98,5,98-5,good_starts,17.0,98-11,98-12,98-12,20.6175156,9248.65039,
1,98,6,98-6,jockey_recent_top3_excess,0.0556740984,98-13,98-14,98-14,20.1815434,10083.8115,
1,98,7,98-7,jockey_trainer_history_smoothed_top3_rate_gap_to_best,0.130247921,98-15,98-16,98-16,2.69382095,101.405144,
1,98,8,98-8,Leaf,,,,,-0.0010449558,12.189518,
1,98,9,98-9,recent_weighted_win_rate_rank,5.0,98-17,98-18,98-18,16.0763321,6664.58301,
1,98,10,98-10,recent_last600_best_3,33.7999992,98-19,98-20,98-20,12.9815006,1711.38,
1,98,11,98-11,recent_last600_best_3,36.2000008,98-21,98-22,98-21,18.5469704,7393.39453,
1,98,12,98-12,trainer_history_top3_excess,-0.0132743698,98-23,98-24,98-23,19.8988018,1855.2561,
1,98,13,98-13,current_weight_change_pct,0.0170940179,98-25,98-26,98-25,12.3263159,6121.30469,
1,98,14,98-14,jockey_trainer_history_smoothed_top3_rate_gap_to_best,0.193979934,98-27,98-28,98-28,26.1132545,3962.50659,
1,98,15,98-15,Leaf,,,,,-0.00202191272,18.9053917,
1,98,16,98-16,Leaf,,,,,-0.0140912412,82.4997482,
1,98,17,98-17,Leaf,,,,,-0.00327697885,3192.99854,
1,98,18,98-18,Leaf,,,,,-0.000814909406,3471.58447,
1,98,19,98-19,Leaf,,,,,0.00489782449,353.42807,
1,98,20,98-20,Leaf,,,,,-0.000416534778,1357.9519,
1,98,21,98-21,Leaf,,,,,0.00247638789,6897.07812,
1,98,22,98-22,Leaf,,,,,-0.00248476374,496.31662,
1,98,23,98-23,Leaf,,,,,0.0022802481,761.116882,
1,98,24,98-24,Leaf,,,,,-0.00295273075,1094.13916,
1,98,25,98-25,Leaf,,,,,-0.00203258777,3953.25366,
1,98,26,98-26,Leaf,,,,,0.000308464194,2168.05127,
1,98,27,98-27,Leaf,,,,,0.00230686902,2906.14673,
1,98,28,98-28,Leaf,,,,,-0.0022647304,1056.35999,
1,99,0,99-0,recent_margin_quality_weighted_3_minus_race_mean,0.219716489,99-1,99-2,99-1,41.109375,27858.6191,
1,99,1,99-1,jockey_history_top3_excess,-0.062292207,99-3,99-4,99-3,32.5588188,21096.2949,
1,99,2,99-2,recent_last600_best_3,34.8899994,99-5,99-6,99-6,26.528347,6762.32568,
1,99,3,99-3,recent_margin_quality_weighted_3_minus_race_mean,-0.0974918604,99-7,99-8,99-8,12.648777,2227.66772,
1,99,4,99-4,trainer_history_top3_excess,0.158633247,99-9,99-10,99-9,21.5805664,18868.627,
1,99,5,99-5,good_starts,6.0,99-11,99-12,99-12,22.2357788,3197.57788,
1,99,6,99-6,historical_market_overperformance_slope_3,-0.0401799679,99-13,99-14,99-14,12.1589594,3564.74756,
1,99,7,99-7,best_finish_percentile_at_stronger_class,0.533333361,99-15,99-16,99-15,4.98567963,446.987366,
1,99,8,99-8,recent_last600_best_3,35.6800003,99-17,99-18,99-17,8.9817276,1780.68042,
1,99,9,99-9,form_class_level_weighted_3,62.0,99-19,99-20,99-19,21.0745373,18361.0918,
1,99,10,99-10,recent_last600_best_3,33.8400002,99-21,99-22,99-22,7.62550545,507.534393,
1,99,11,99-11,historical_market_overperformance_slope_3,0.4375,99-23,99-24,99-23,18.5428238,1813.40881,
1,99,12,99-12,recent_finish_percentile_weighted_3_minus_race_mean,0.359402239,99-25,99-26,99-26,9.74571228,1384.16919,
1,99,13,99-13,best_finish_percentile_at_stronger_class,0.222222224,99-27,99-28,99-27,14.8542252,930.802429,
1,99,14,99-14,jockey_history_top3_excess,0.118049055,99-29,99-30,99-29,13.6096897,2633.94531,
1,99,15,99-15,Leaf,,,,,-0.0101659922,198.691238,
1,99,16,99-16,Leaf,,,,,-0.00449599279,248.296112,
1,99,17,99-17,Leaf,,,,,-0.00165602181,1477.68201,
1,99,18,99-18,Leaf,,,,,-0.00635349331,302.998413,
1,99,19,99-19,Leaf,,,,,-0.00126543746,9158.91016,
1,99,20,99-20,Leaf,,,,,0.000427369028,9202.18164,
1,99,21,99-21,Leaf,,,,,-0.00292768399,63.3238258,
1,99,22,99-22,Leaf,,,,,0.00590889854,444.210571,
1,99,23,99-23,Leaf,,,,,0.00544133177,1783.87512,
1,99,24,99-24,Leaf,,,,,-0.0120123886,29.5337601,
1,99,25,99-25,Leaf,,,,,-0.000335772638,1040.96667,
1,99,26,99-26,Leaf,,,,,0.0044630277,343.202515,
1,99,27,99-27,Leaf,,,,,-0.00315867667,209.234024,
1,99,28,99-28,Leaf,,,,,0.00427358225,721.568359,
1,99,29,99-29,Leaf,,,,,-0.00124196464,2441.91431,
1,99,30,99-30,Leaf,,,,,0.00550722284,192.03093,
1,100,0,100-0,recent_margin_quality_weighted_3_minus_race_mean,0.199903965,100-1,100-2,100-1,48.032589,27790.9316,
1,100,1,100-1,trainer_history_top3_excess,0.0563551039,100-3,100-4,100-3,24.9797249,19904.0332,
1,100,2,100-2,historical_market_overperformance_slope_3,-0.0822867602,100-5,100-6,100-6,19.1189041,7886.89941,
1,100,3,100-3,recent_margin_quality_weighted_3_minus_race_mean,-0.101810873,100-7,100-8,100-8,19.5108604,13529.623,
1,100,4,100-4,prize_money_rank,2.0,100-9,100-10,100-10,14.1411753,6374.40918,
1,100,5,100-5,trainer_history_top3_excess,0.0364955366,100-11,100-12,100-11,13.7886505,1598.84033,
1,100,6,100-6,prize_money_rank,2.0,100-13,100-14,100-14,15.7207384,6288.05908,
1,100,7,100-7,hidden_sectional_run_best_3_gap_to_best,0.0693683028,100-15,100-16,100-16,9.68738556,2597.95508,
1,100,8,100-8,recent_similar_distance_speed_rank,8.0,100-17,100-18,100-17,13.4569635,10931.668,
1,100,9,100-9,jockey_trainer_history_smoothed_top3_rate_gap_to_best,0.0678571463,100-19,100-20,100-20,9.69698906,756.527283,
1,100,10,100-10,hidden_sectional_run_best_3,0.367268741,100-21,100-22,100-22,11.2727776,5617.88184,
1,100,11,100-11,jockey_trainer_history_smoothed_top3_rate_gap_to_best,0.0563187003,100-23,100-24,100-24,12.6937313,759.889465,
1,100,12,100-12,jockey_trainer_history_smoothed_top3_rate_gap_to_best,0.35584417,100-25,100-26,100-26,8.07694626,838.950928,
1,100,13,100-13,trainer_history_top3_excess,0.0856779218,100-27,100-28,100-27,10.9059696,752.504639,
1,100,14,100-14,recent_weighted_avg_margin_rank,2.0,100-29,100-30,100-30,12.2984829,5535.55469,
1,100,15,100-15,Leaf,,,,,-0.00483805174,1220.9303,
1,100,16,100-16,Leaf,,,,,-0.00175524747,1377.0249,
1,100,17,100-17,Leaf,,,,,-0.000419951248,9144.31152,
1,100,18,100-18,Leaf,,,,,-0.002788343,1787.35693,
1,100,19,100-19,Leaf,,,,,0.000201779461,292.822571,
1,100,20,100-20,Leaf,,,,,0.00601869309,463.704712,
1,100,21,100-21,Leaf,,,,,0.000684074534,4694.6748,
1,100,22,100-22,Leaf,,,,,-0.00232337741,923.207031,
1,100,23,100-23,Leaf,,,,,0.00690978253,195.557114,
1,100,24,100-24,Leaf,,,,,-0.000332033233,564.332336,
1,100,25,100-25,Leaf,,,,,0.00716438284,737.674316,
1,100,26,100-26,Leaf,,,,,-0.000273636833,101.276573,
1,100,27,100-27,Leaf,,,,,0.00282484456,611.709778,
1,100,28,100-28,Leaf,,,,,0.0104517443,140.794891,
1,100,29,100-29,Leaf,,,,,-0.000750989013,2497.41943,
1,100,30,100-30,Leaf,,,,,0.0016121557,3038.13525,
1,101,0,101-0,recent_finish_percentile_weighted_3_minus_race_mean,-0.152831584,101-1,101-2,101-2,41.6301537,27720.5801,
1,101,1,101-1,jockey_history_top3_excess,0.0614669435,101-3,101-4,101-3,20.362812,2459.94287,
1,101,2,101-2,trainer_history_top3_excess,0.0371838696,101-5,101-6,101-5,30.5260944,25260.6367,
1,101,3,101-3,form_class_level_weighted_3,53.5999985,101-7,101-8,101-7,11.8804817,1799.25647,
1,101,4,101-4,recent_margin_std_6,0.875595033,101-9,101-10,101-9,9.90295029,660.686401,
1,101,5,101-5,form_class_level_weighted_3,71.3333359,101-11,101-12,101-11,21.4211369,13827.6055,
1,101,6,101-6,jockey_history_top3_excess,0.133503571,101-13,101-14,101-14,21.5724754,11433.0312,
1,101,7,101-7,recent_margin_std_6,2.43063784,101-15,101-16,101-16,5.47020721,397.533173,
1,101,8,101-8,recent_weighted_avg_margin_rank,5.0,101-17,101-18,101-18,7.10831261,1401.72339,
1,101,9,101-9,jockey_history_top3_excess,0.0912165269,101-19,101-20,101-20,3.02568531,49.9118195,
1,101,10,101-10,best_finish_percentile_at_equal_or_higher_weight,0.400000006,101-21,101-22,101-21,6.57368422,610.774597,
1,101,11,101-11,jockey_trainer_history_smoothed_top3_rate_gap_to_best,0.220588237,101-23,101-24,101-24,20.0778751,11127.126,
1,101,12,101-12,recent_3_distance_m,1340.0,101-25,101-26,101-26,15.8150043,2700.47974,
1,101,13,101-13,recent_finish_percentile_weighted_3_minus_race_mean,0.253948271,101-27,101-28,101-27,16.0987968,10439.4268,
1,101,14,101-14,recent_finish_percentile_weighted_3_minus_race_mean,0.181405365,101-29,101-30,101-30,16.8194389,993.604919,
1,101,15,101-15,Leaf,,,,,-0.0023745948,91.5385895,
1,101,16,101-16,Leaf,,,,,-0.00973929744,305.994568,
1,101,17,101-17,Leaf,,,,,0.000750125037,228.451721,
1,101,18,101-18,Leaf,,,,,-0.00401505595,1173.27161,
1,101,19,101-19,Leaf,,,,,0.000986016355,18.2267799,
1,101,20,101-20,Leaf,,,,,0.0141978264,31.6850376,
1,101,21,101-21,Leaf,,,,,-0.00337391044,237.570114,
1,101,22,101-22,Leaf,,,,,0.00185134937,373.204468,
1,101,23,101-23,Leaf,,,,,-3.65245614e-05,6916.00537,
1,101,24,101-24,Leaf,,,,,-0.00222550565,4211.12012,
1,101,25,101-25,Leaf,,,,,0.00331869395,1496.82141,
1,101,26,101-26,Leaf,,,,,-0.000517012086,1203.6582,
1,101,27,101-27,Leaf,,,,,0.000439921481,7719.03271,
1,101,28,101-28,Leaf,,,,,0.00267564249,2720.3938,
1,101,29,101-29,Leaf,,,,,0.00209599035,588.871277,
1,101,30,101-30,Leaf,,,,,0.00873700343,404.733643,
1,102,0,102-0,recent_margin_quality_weighted_3_minus_race_mean,0.15602529,102-1,102-2,102-1,40.9317513,27523.5156,
1,102,1,102-1,jockey_history_top3_excess,-0.0287878793,102-3,102-4,102-3,27.6185665,17099.0215,
1,102,2,102-2,jockey_history_top3_excess,0.14005594,102-5,102-6,102-5,23.4631615,10424.4941,
1,102,3,102-3,trainer_history_top3_excess,0.0775297582,102-7,102-8,102-7,16.4392509,4003.06055,
1,102,4,102-4,best_finish_percentile_at_equal_or_higher_weight,0.15384616,102-9,102-10,102-9,16.6903896,13095.96,
1,102,5,102-5,prize_money_rank,2.0,102-11,102-12,102-12,25.984211,9856.7041,
1,102,6,102-6,historical_market_overperformance_slope_3,0.148214281,102-13,102-14,102-13,15.5093498,567.790039,
1,102,7,102-7,form_class_level_weighted_3,52.6666679,102-15,102-16,102-16,15.0993919,3534.73047,
1,102,8,102-8,jockey_recent_top3_excess,-0.023939712,102-17,102-18,102-18,12.7843533,468.329926,
1,102,9,102-9,recent_margin_std_6,1.97019458,102-19,102-20,102-20,15.338665,4080.52515,
1,102,10,102-10,recent_margin_std_6,5.05070972,102-21,102-22,102-22,12.1694393,9015.43457,
1,102,11,102-11,recent_5_weight_kg,57.5,102-23,102-24,102-24,11.432827,1235.11743,
1,102,12,102-12,jockey_trainer_history_smoothed_top3_rate_gap_to_best,0.24256295,102-25,102-26,102-26,11.2967415,8621.58691,
1,102,13,102-13,trainer_history_top3_excess,0.0225353949,102-27,102-28,102-28,5.68507385,471.913666,
1,102,14,102-14,recent_weighted_win_rate_rank,2.0,102-29,102-30,102-30,12.2144785,95.8763428,
1,102,15,102-15,Leaf,,,,,-0.00604722695,864.675232,
1,102,16,102-16,Leaf,,,,,-0.00223618071,2670.05542,
1,102,17,102-17,Leaf,,,,,0.00386476028,372.661804,
1,102,18,102-18,Leaf,,,,,-0.00596389035,95.6681213,
1,102,19,102-19,Leaf,,,,,0.00382020627,971.011353,
1,102,20,102-20,Leaf,,,,,0.000231386279,3109.51392,
1,102,21,102-21,Leaf,,,,,-0.000495543645,7972.81006,
1,102,22,102-22,Leaf,,,,,-0.0033585832,1042.625,
1,102,23,102-23,Leaf,,,,,0.00140217913,517.854248,
1,102,24,102-24,Leaf,,,,,0.00631463015,717.263123,
1,102,25,102-25,Leaf,,,,,0.000941055012,6490.65381,
1,102,26,102-26,Leaf,,,,,-0.00115221739,2130.93311,
1,102,27,102-27,Leaf,,,,,0.00219171285,97.423111,
1,102,28,102-28,Leaf,,,,,0.0093210116,374.49057,
1,102,29,102-29,Leaf,,,,,0.00591633888,45.303215,
1,102,30,102-30,Leaf,,,,,-0.0103751179,50.5731277,
1,103,0,103-0,recent_finish_percentile_weighted_3_minus_race_mean,0.25761807,103-1,103-2,103-1,30.1109467,27582.793,
1,103,1,103-1,jockey_history_top3_excess,-0.0613810904,103-3,103-4,103-4,26.8371811,21824.707,
1,103,2,103-2,recent_margin_std_6,2.18853068,103-5,103-6,103-6,20.0262432,5758.08594,
1,103,3,103-3,jockey_trainer_history_smoothed_top3_rate_gap_to_best,0.25,103-7,103-8,103-8,14.5541382,2182.06494,
1,103,4,103-4,recent_margin_quality_weighted_3_minus_race_mean,-0.294749916,103-9,103-10,103-10,18.8930473,19642.6426,
1,103,5,103-5,recent_similar_distance_speed_rank,5.0,103-11,103-12,103-12,17.1377029,2768.82739,
1,103,6,103-6,jockey_history_starts,33.0,103-13,103-14,103-14,20.2957001,2989.25854,
1,103,7,103-7,recent_5_weight_kg,54.5,103-15,103-16,103-15,12.6409473,1430.64587,
1,103,8,103-8,hidden_sectional_run_best_3_gap_to_best,0.143232584,103-17,103-18,103-18,6.61989975,751.419189,
1,103,9,103-9,recent_finish_percentile_weighted_3_minus_race_mean,-0.296129674,103-19,103-20,103-20,4.23243332,281.314545,
1,103,10,103-10,prize_money_rank,5.0,103-21,103-22,103-22,16.8410606,19361.3281,
1,103,11,103-11,recent_5_weight_kg,51.0,103-23,103-24,103-23,9.48257065,1364.89612,
1,103,12,103-12,jockey_recent_top3_excess,-0.0492921658,103-25,103-26,103-26,10.1992445,1403.93127,
1,103,13,103-13,hidden_sectional_run_best_3_gap_to_best,0.280929029,103-27,103-28,103-27,6.65537071,639.34906,
1,103,14,103-14,best_finish_percentile_at_equal_or_higher_weight,0.933333337,103-29,103-30,103-29,10.728282,2349.90942,
1,103,15,103-15,Leaf,,,,,-0.00504971808,428.593262,
1,103,16,103-16,Leaf,,,,,3.2863285e-05,1002.05261,
1,103,17,103-17,Leaf,,,,,-0.00365956617,436.497192,
1,103,18,103-18,Leaf,,,,,-0.00857430976,314.921967,
1,103,19,103-19,Leaf,,,,,-0.00899111386,161.070999,
1,103,20,103-20,Leaf,,,,,-0.00249468908,120.243538,
1,103,21,103-21,Leaf,,,,,0.000771360006,9209.02051,
1,103,22,103-22,Leaf,,,,,-0.000704269565,10152.3076,
1,103,23,103-23,Leaf,,,,,0.00856301188,370.968262,
1,103,24,103-24,Leaf,,,,,0.00380413095,993.927917,
1,103,25,103-25,Leaf,,,,,-0.00266035274,318.198456,
1,103,26,103-26,Leaf,,,,,0.00236342568,1085.73279,
1,103,27,103-27,Leaf,,,,,-0.00240840344,527.514771,
1,103,28,103-28,Leaf,,,,,-0.00901836064,111.834282,
1,103,29,103-29,Leaf,,,,,0.00225760322,1772.88452,
1,103,30,103-30,Leaf,,,,,-0.00163911923,577.024963,
1,104,0,104-0,jockey_history_top3_excess,0.0697963685,104-1,104-2,104-1,38.448452,27587.1426,
1,104,1,104-1,recent_margin_quality_weighted_3_minus_race_mean,-0.0680925846,104-3,104-4,104-3,29.0446663,21187.3223,
1,104,2,104-2,recent_margin_quality_weighted_3_minus_race_mean,0.238319516,104-5,104-6,104-6,25.2685337,6399.8208,
1,104,3,104-3,recent_weighted_avg_margin,9.23797798,104-7,104-8,104-7,16.9550476,3940.51782,
1,104,4,104-4,recent_similar_distance_speed_rank,8.0,104-9,104-10,104-10,20.0984478,17246.8047,
1,104,5,104-5,current_weight_change_pct,0.0454545468,104-11,104-12,104-11,13.4698391,4926.94824,
1,104,6,104-6,jockey_recent_top3_excess,0.250980943,104-13,104-14,104-14,13.9412041,1472.87268,
1,104,7,104-7,form_class_level_weighted_3,62.5,104-15,104-16,104-15,10.8657818,3600.05933,
1,104,8,104-8,jockey_trainer_history_smoothed_top3_rate_gap_to_best,0.027433455,104-17,104-18,104-18,8.29957581,340.458588,
1,104,9,104-9,recent_margin_quality_weighted_3_minus_race_mean,0.378818691,104-19,104-20,104-20,13.1816568,13263.6816,
1,104,10,104-10,jockey_trainer_history_smoothed_top3_rate_gap_to_best,0.0580807924,104-21,104-22,104-22,15.6311531,3983.12207,
1,104,11,104-11,best_finish_percentile_at_equal_or_higher_weight,0.400000006,104-23,104-24,104-24,11.2129478,4091.24609,
1,104,12,104-12,jockey_recent_top3_excess,0.138288528,104-25,104-26,104-26,7.85866928,835.702026,
1,104,13,104-13,historical_market_overperformance_slope_3,0.351709008,104-27,104-28,104-27,11.7364388,1312.39172,
1,104,14,104-14,recent_weighted_avg_margin,2.53119612,104-29,104-30,104-29,4.60749054,160.480957,
1,104,15,104-15,Leaf,,,,,-0.00333558884,1705.3147,
1,104,16,104-16,Leaf,,,,,-0.000580557273,1894.74451,
1,104,17,104-17,Leaf,,,,,0.0016377623,47.3158417,
1,104,18,104-18,Leaf,,,,,-0.00920485426,293.142731,
1,104,19,104-19,Leaf,,,,,0.000259967142,12674.7217,
1,104,20,104-20,Leaf,,,,,0.00405692635,588.960327,
1,104,21,104-21,Leaf,,,,,0.000904499844,1119.15479,
1,104,22,104-22,Leaf,,,,,-0.00256796042,2863.96729,
1,104,23,104-23,Leaf,,,,,-0.00486250781,239.685303,
1,104,24,104-24,Leaf,,,,,0.000602950691,3851.56079,
1,104,25,104-25,Leaf,,,,,0.00566594349,506.453339,
1,104,26,104-26,Leaf,,,,,0.00067708845,329.248688,
1,104,27,104-27,Leaf,,,,,0.00411232701,1274.23218,
1,104,28,104-28,Leaf,,,,,-0.00853412878,38.1594963,
1,104,29,104-29,Leaf,,,,,0.0131602157,134.069992,
1,104,30,104-30,Leaf,,,,,0.00108324236,26.4109612,
1,105,0,105-0,recent_margin_quality_weighted_3_minus_race_mean,0.0808374286,105-1,105-2,105-1,44.6232185,27304.9062,
1,105,1,105-1,jockey_history_top3_excess,0.0430788621,105-3,105-4,105-3,22.4892426,12389.9648,
1,105,2,105-2,recent_margin_std_6,2.95956087,105-5,105-6,105-6,23.5720673,14914.9424,
1,105,3,105-3,trainer_history_top3_excess,0.0420240685,105-7,105-8,105-7,17.4052162,8002.92139,
1,105,4,105-4,recent_last600_best_3,33.3199997,105-9,105-10,105-10,17.1509266,4387.04346,
1,105,5,105-5,good_starts,11.0,105-11,105-12,105-12,28.4446335,10078.5264,
1,105,6,105-6,prize_money_rank,6.0,105-13,105-14,105-14,12.9257212,4836.4165,
1,105,7,105-7,form_class_level_weighted_3,53.5999985,105-15,105-16,105-15,18.6689911,5416.92432,
1,105,8,105-8,recent_finish_percentile_weighted_3_minus_race_mean,0.147908926,105-17,105-18,105-17,12.0052872,2585.99658,
1,105,9,105-9,jockey_history_top3_excess,0.158991203,105-19,105-20,105-20,5.41278458,377.02179,
1,105,10,105-10,form_class_level_weighted_3,56.3333321,105-21,105-22,105-22,13.889473,4010.02173,
1,105,11,105-11,recent_similar_distance_speed_rank,7.0,105-23,105-24,105-23,17.750145,7391.82227,
1,105,12,105-12,trainer_history_top3_excess,0.134977192,105-25,105-26,105-25,14.5499325,2686.70337,
1,105,13,105-13,historical_market_overperformance_slope_3,-0.0616883114,105-27,105-28,105-27,12.3005543,2768.02417,
1,105,14,105-14,hidden_sectional_run_best_3_gap_to_best,0.270299047,105-29,105-30,105-29,16.4716377,2068.39233,
1,105,15,105-15,Leaf,,,,,-0.00506962463,1575.11096,
1,105,16,105-16,Leaf,,,,,-0.00183080067,3841.81348,
1,105,17,105-17,Leaf,,,,,-0.000927871966,2270.03003,
1,105,18,105-18,Leaf,,,,,0.00420046551,315.966675,
1,105,19,105-19,Leaf,,,,,0.00607403135,353.283661,
1,105,20,105-20,Leaf,,,,,-0.00470951153,23.7381363,
1,105,21,105-21,Leaf,,,,,-0.00278268289,994.479248,
1,105,22,105-22,Leaf,,,,,0.000609698822,3015.54224,
1,105,23,105-23,Leaf,,,,,0.00307257264,5395.67676,
1,105,24,105-24,Leaf,,,,,0.00030868905,1996.14551,
1,105,25,105-25,Leaf,,,,,-0.00112076185,2542.78101,
1,105,26,105-26,Leaf,,,,,0.00679222355,143.922363,
1,105,27,105-27,Leaf,,,,,0.00259864493,1077.65015,
1,105,28,105-28,Leaf,,,,,-0.000804859854,1690.37402,
1,105,29,105-29,Leaf,,,,,-0.00305961911,1736.56836,
1,105,30,105-30,Leaf,,,,,0.00294636632,331.823883,
1,106,0,106-0,recent_weighted_avg_margin,5.47080612,106-1,106-2,106-1,32.0760231,27455.6367,
1,106,1,106-1,jockey_history_top3_excess,0.14005594,106-3,106-4,106-3,20.7600689,23902.5801,
1,106,2,106-2,jockey_history_top3_excess,-0.0423076935,106-5,106-6,106-5,18.4428692,3553.05664,
1,106,3,106-3,prize_money_rank,5.0,106-7,106-8,106-7,22.2545834,22654.5469,
1,106,4,106-4,good_starts,6.0,106-9,106-10,106-10,21.4963646,1248.03223,
1,106,5,106-5,recent_margin_std_6,6.69947767,106-11,106-12,106-11,6.09407043,800.894836,
1,106,6,106-6,distance_minus_recent_avg,-33.3333321,106-13,106-14,106-14,19.7175674,2752.16187,
1,106,7,106-7,good_starts,9.0,106-15,106-16,106-15,15.378087,10766.0576,
1,106,8,106-8,recent_5_weight_kg,57.0,106-17,106-18,106-18,17.0440979,11888.4902,
1,106,9,106-9,best_finish_percentile_at_equal_or_higher_weight,0.727272749,106-19,106-20,106-20,9.96530533,736.355225,
1,106,10,106-10,hidden_sectional_run_best_3,0.15240775,106-21,106-22,106-21,10.3704557,511.677032,
1,106,11,106-11,form_class_level_weighted_3,52.6666679,106-23,106-24,106-23,4.80937576,584.401367,
1,106,12,106-12,recent_weighted_avg_margin,10.8000002,106-25,106-26,106-26,9.66643429,216.4935,
1,106,13,106-13,current_weight_change_pct,0.00900900923,106-27,106-28,106-27,9.18839836,703.964661,
1,106,14,106-14,best_finish_percentile_at_equal_or_higher_weight,0.6875,106-29,106-30,106-30,10.9243183,2048.19727,
1,106,15,106-15,Leaf,,,,,0.00178393151,5972.6792,
1,106,16,106-16,Leaf,,,,,-0.000115113347,4793.37793,
1,106,17,106-17,Leaf,,,,,-0.00216603209,3262.39111,
1,106,18,106-18,Leaf,,,,,-4.61834279e-05,8626.09961,
1,106,19,106-19,Leaf,,,,,-0.00114349497,98.0584183,
1,106,20,106-20,Leaf,,,,,0.00724834157,638.296814,
1,106,21,106-21,Leaf,,,,,0.0036831107,207.450272,
1,106,22,106-22,Leaf,,,,,-0.00341650285,304.226776,
1,106,23,106-23,Leaf,,,,,-0.0096571967,239.660721,
1,106,24,106-24,Leaf,,,,,-0.00473007839,344.740631,
1,106,25,106-25,Leaf,,,,,0.00148187939,156.820206,
1,106,26,106-26,Leaf,,,,,-0.00961476192,59.6733017,
1,106,27,106-27,Leaf,,,,,-0.00752116134,369.521149,
1,106,28,106-28,Leaf,,,,,-0.00174037553,334.443481,
1,106,29,106-29,Leaf,,,,,-0.00246310467,727.086365,
1,106,30,106-30,Leaf,,,,,0.00133056077,1321.11072,
1,107,0,107-0,recent_finish_percentile_weighted_3_minus_race_mean,-0.152831584,107-1,107-2,107-1,41.6256027,27498.377,
1,107,1,107-1,jockey_history_top3_excess,0.0192631874,107-3,107-4,107-4,12.5949135,2739.52856,
1,107,2,107-2,jockey_history_top3_excess,0.14005594,107-5,107-6,107-5,26.6987095,24758.8477,
1,107,3,107-3,recent_weighted_avg_margin,1.92366695,107-7,107-8,107-8,6.82629776,1370.53528,
1,107,4,107-4,jockey_history_starts,94.0,107-9,107-10,107-10,9.30986214,1368.99316,
1,107,5,107-5,recent_margin_std_6,3.53067517,107-11,107-12,107-12,19.1570683,23553.3027,
1,107,6,107-6,recent_margin_quality_weighted_3_minus_race_mean,0.230654955,107-13,107-14,107-14,15.1205425,1205.54529,
1,107,7,107-7,Leaf,,,,,0.00727403304,21.1102486,
1,107,8,107-8,best_finish_percentile_at_equal_or_higher_weight,0.631578922,107-15,107-16,107-16,4.98361969,1349.42505,
1,107,9,107-9,hidden_sectional_run_best_3_gap_to_best,0.000933468342,107-17,107-18,107-17,13.018033,593.514221,
1,107,10,107-10,jockey_trainer_history_smoothed_top3_rate_gap_to_best,0.106249988,107-19,107-20,107-19,6.85038757,775.478943,
1,107,11,107-11,good_starts,9.0,107-21,107-22,107-22,22.9777889,17341.459,
1,107,12,107-12,jockey_history_starts,14.0,107-23,107-24,107-23,22.855732,6211.84424,
1,107,13,107-13,hidden_sectional_run_best_3,0.0489378572,107-25,107-26,107-26,12.0763779,903.636475,
1,107,14,107-14,historical_market_overperformance_slope_3,0.0951263756,107-27,107-28,107-27,4.51864243,301.908813,
1,107,15,107-15,Leaf,,,,,-0.0070385919,426.138123,
1,107,16,107-16,Leaf,,,,,-0.00365641597,923.286926,
1,107,17,107-17,Leaf,,,,,3.95408315e-05,314.443268,
1,107,18,107-18,Leaf,,,,,-0.00728954701,279.070953,
1,107,19,107-19,Leaf,,,,,0.00218372303,547.374817,
1,107,20,107-20,Leaf,,,,,-0.00287985522,228.104141,
1,107,21,107-21,Leaf,,,,,0.00133725384,10906.7969,
1,107,22,107-22,Leaf,,,,,-0.000545010145,6434.66162,
1,107,23,107-23,Leaf,,,,,-0.00530852703,669.01416,
1,107,24,107-24,Leaf,,,,,-0.000445801619,5542.83008,
1,107,25,107-25,Leaf,,,,,-0.0121571934,24.7934361,
1,107,26,107-26,Leaf,,,,,0.00288166874,878.843079,
1,107,27,107-27,Leaf,,,,,0.0104017705,233.683334,
1,107,28,107-28,Leaf,,,,,0.00252163666,68.2254944,
1,108,0,108-0,recent_finish_percentile_rank,3.0,108-1,108-2,108-2,34.8430634,27382.6465,
1,108,1,108-1,jockey_history_top3_excess,0.0995124429,108-3,108-4,108-3,25.4255009,10196.4014,
1,108,2,108-2,form_class_level_weighted_3,56.0,108-5,108-6,108-5,31.8676758,17186.2461,
1,108,3,108-3,good_starts,6.0,108-7,108-8,108-8,19.5297413,8872.03418,
1,108,4,108-4,historical_market_overperformance_slope_3,0.351709008,108-9,108-10,108-9,13.7269478,1324.36633,
1,108,5,108-5,jockey_history_top3_excess,-0.0275349654,108-11,108-12,108-11,21.2499733,5337.68994,
1,108,6,108-6,good_starts,11.0,108-13,108-14,108-14,28.0122814,11848.5566,
1,108,7,108-7,recent_last600_best_3,35.3300018,108-15,108-16,108-16,18.5792122,4848.60254,
1,108,8,108-8,recent_similar_distance_speed_rank,5.0,108-17,108-18,108-17,11.6425171,4023.43213,
1,108,9,108-9,prize_money_rank,7.0,108-19,108-20,108-20,9.81996918,1276.57263,
1,108,10,108-10,recent_similar_distance_speed_rank,3.0,108-21,108-22,108-22,4.25307655,47.7936783,
1,108,11,108-11,form_class_level_weighted_3,54.0,108-23,108-24,108-24,10.1060333,1391.20886,
1,108,12,108-12,recent_weighted_avg_margin,6.81590605,108-25,108-26,108-25,15.2749815,3946.48096,
1,108,13,108-13,recent_margin_std_6,1.275931,108-27,108-28,108-28,12.9161434,6975.83936,
1,108,14,108-14,best_finish_percentile_at_equal_or_higher_weight,0.15384616,108-29,108-30,108-29,8.89893436,4872.71729,
1,108,15,108-15,Leaf,,,,,0.00299550849,2938.31494,
1,108,16,108-16,Leaf,,,,,-0.00016567159,1910.28748,
1,108,17,108-17,Leaf,,,,,0.000525183685,2359.3999,
1,108,18,108-18,Leaf,,,,,-0.0021976491,1664.03223,
1,108,19,108-19,Leaf,,,,,0.00637261337,876.463135,
1,108,20,108-20,Leaf,,,,,0.00158144743,400.109467,
1,108,21,108-21,Leaf,,,,,0.0025192243,13.8715115,
1,108,22,108-22,Leaf,,,,,-0.0115822386,33.9221687,
1,108,23,108-23,Leaf,,,,,-0.00643864134,921.866089,
1,108,24,108-24,Leaf,,,,,-0.00186602061,469.342804,
1,108,25,108-25,Leaf,,,,,-0.000765335804,3499.10596,
1,108,26,108-26,Leaf,,,,,-0.0056313877,447.374969,
1,108,27,108-27,Leaf,,,,,-0.00314320624,418.22699,
1,108,28,108-28,Leaf,,,,,0.00133735256,6557.6123,
1,108,29,108-29,Leaf,,,,,0.000405073864,1252.92554,
1,108,30,108-30,Leaf,,,,,-0.00203183061,3619.79175,
1,109,0,109-0,recent_finish_percentile_weighted_3_minus_race_mean,-0.155434132,109-1,109-2,109-2,41.9105263,27489.7773,
1,109,1,109-1,jockey_history_top3_excess,0.0614669435,109-3,109-4,109-3,11.6502991,2338.64331,
1,109,2,109-2,jockey_history_top3_excess,0.0773505792,109-5,109-6,109-5,29.0720654,25151.1348,
1,109,3,109-3,current_weight_change_pct,0.00840336177,109-7,109-8,109-8,7.81467819,1703.01086,
1,109,4,109-4,recent_last600_best_3,33.9000015,109-9,109-10,109-9,6.03244638,635.632568,
1,109,5,109-5,prize_money_rank,4.0,109-11,109-12,109-11,20.6028042,20054.1855,
1,109,6,109-6,jockey_recent_top3_excess,-0.0360962562,109-13,109-14,109-14,17.633976,5096.94971,
1,109,7,109-7,jockey_trainer_history_smoothed_top3_rate_gap_to_best,0.0769231021,109-15,109-16,109-15,6.32155991,685.509705,
1,109,8,109-8,jockey_trainer_history_smoothed_top3_rate_gap_to_best,0.2033097,109-17,109-18,109-18,6.76774311,1017.5011,
1,109,9,109-9,jockey_recent_top3_excess,0.163066134,109-19,109-20,109-20,9.67456722,239.378159,
1,109,10,109-10,recent_last600_best_3,34.25,109-21,109-22,109-22,10.4537201,396.254395,
1,109,11,109-11,good_starts,56.0,109-23,109-24,109-23,18.6811371,7358.26416,
1,109,12,109-12,jockey_trainer_history_smoothed_top3_rate_gap_to_best,0.144607842,109-25,109-26,109-26,15.0454912,12695.9209,
1,109,13,109-13,horse_jockey_win_rate_rank,9.0,109-27,109-28,109-28,4.71090221,69.7626572,
1,109,14,109-14,recent_finish_percentile_rank,2.0,109-29,109-30,109-30,15.5765343,5027.18701,
1,109,15,109-15,Leaf,,,,,-0.00391904404,375.304626,
1,109,16,109-16,Leaf,,,,,-0.0089462921,310.205078,
1,109,17,109-17,Leaf,,,,,-0.000958599732,575.961975,
1,109,18,109-18,Leaf,,,,,-0.00508450065,441.539124,
1,109,19,109-19,Leaf,,,,,0.00524688838,193.74826,
1,109,20,109-20,Leaf,,,,,-0.00655654073,45.6298904,
1,109,21,109-21,Leaf,,,,,-0.0105665578,65.0325699,
1,109,22,109-22,Leaf,,,,,-0.000204482843,331.221832,
1,109,23,109-23,Leaf,,,,,0.00106459518,7312.06885,
1,109,24,109-24,Leaf,,,,,-0.0134030925,46.1953659,
1,109,25,109-25,Leaf,,,,,0.000104429077,6718.17773,
1,109,26,109-26,Leaf,,,,,-0.00161802699,5977.74268,
1,109,27,109-27,Leaf,,,,,-0.0151519123,34.4386368,
1,109,28,109-28,Leaf,,,,,-0.00200217869,35.3240204,
1,109,29,109-29,Leaf,,,,,0.00468192901,1195.07593,
1,109,30,109-30,Leaf,,,,,0.00141162309,3832.11108,
1,110,0,110-0,recent_finish_percentile_weighted_3_minus_race_mean,-0.155434132,110-1,110-2,110-1,32.3359032,27267.3652,
1,110,1,110-1,jockey_trainer_history_smoothed_top3_rate_gap_to_best,0.192810446,110-3,110-4,110-3,9.70752907,2683.33252,
1,110,2,110-2,trainer_history_top3_excess,0.0349813923,110-5,110-6,110-5,21.4392567,24584.0332,
1,110,3,110-3,best_finish_percentile_at_stronger_class,0.727272749,110-7,110-8,110-7,10.9149656,2348.72241,
1,110,4,110-4,recent_weighted_avg_margin,3.25116301,110-9,110-10,110-9,9.93203545,334.610016,
1,110,5,110-5,form_class_level_weighted_3,62.5,110-11,110-12,110-11,23.008213,13139.8389,
1,110,6,110-6,good_starts,18.0,110-13,110-14,110-14,19.3610249,11444.1943,
1,110,7,110-7,historical_market_overperformance_slope_3,0.455128193,110-15,110-16,110-15,8.22560883,1595.02136,
1,110,8,110-8,recent_finish_percentile_weighted_3_minus_race_mean,-0.290859818,110-17,110-18,110-18,8.35845947,753.70105,
1,110,9,110-9,best_finish_percentile_at_equal_or_higher_weight,0.9375,110-19,110-20,110-20,3.17814422,83.6864319,
1,110,10,110-10,recent_similar_distance_speed_rank,8.0,110-21,110-22,110-21,6.29389191,250.923599,
1,110,11,110-11,best_finish_percentile_at_stronger_class,0.699999988,110-23,110-24,110-23,25.6917553,7929.90234,
1,110,12,110-12,good_starts,11.0,110-25,110-26,110-26,11.5317898,5209.93652,
1,110,13,110-13,recent_last600_best_3,36.2200012,110-27,110-28,110-27,22.4836578,10508.9668,
1,110,14,110-14,trainer_history_top3_excess,0.134977192,110-29,110-30,110-30,12.4873915,935.227905,
1,110,15,110-15,Leaf,,,,,-0.00335914688,1572.3457,
1,110,16,110-16,Leaf,,,,,0.00938404258,22.6756325,
1,110,17,110-17,Leaf,,,,,-0.00443026749,157.08432,
1,110,18,110-18,Leaf,,,,,0.0018823141,596.61676,
1,110,19,110-19,Leaf,,,,,-0.00698292721,14.7339153,
1,110,20,110-20,Leaf,,,,,0.00327788969,68.9525146,
1,110,21,110-21,Leaf,,,,,-0.01131141,178.77507,
1,110,22,110-22,Leaf,,,,,-0.00215317053,72.1485214,
1,110,23,110-23,Leaf,,,,,-0.00295501668,3116.20825,
1,110,24,110-24,Leaf,,,,,-4.28859166e-05,4813.69385,
1,110,25,110-25,Leaf,,,,,0.00197736197,2940.23438,
1,110,26,110-26,Leaf,,,,,-0.000389552617,2269.7019,
1,110,27,110-27,Leaf,,,,,0.00174630282,9841.83301,
1,110,28,110-28,Leaf,,,,,-0.00296362187,667.133362,
1,110,29,110-29,Leaf,,,,,-0.00334618683,827.608704,
1,110,30,110-30,Leaf,,,,,0.00536593748,107.619186,
1,111,0,111-0,recent_weighted_avg_margin,4.4429822,111-1,111-2,111-2,41.4433174,27063.5781,
1,111,1,111-1,jockey_history_top3_excess,0.103238627,111-3,111-4,111-3,27.3390312,20533.8633,
1,111,2,111-2,trainer_history_top3_excess,-0.00511363614,111-5,111-6,111-5,19.46875,6529.71582,
1,111,3,111-3,recent_finish_percentile_weighted_3_minus_race_mean,-0.0341269672,111-7,111-8,111-7,13.9433432,18029.0664,
1,111,4,111-4,recent_finish_percentile_weighted_3_minus_race_mean,0.253948271,111-9,111-10,111-9,18.8618469,2504.7959,
1,111,5,111-5,form_class_level_weighted_3,53.0,111-11,111-12,111-12,19.7354813,2861.0415,
1,111,6,111-6,distance_minus_recent_avg,-223.666672,111-13,111-14,111-14,9.61057568,3668.67456,
1,111,7,111-7,recent_5_weight_kg,59.5,111-15,111-16,111-15,8.83459187,2542.7605,
1,111,8,111-8,recent_last600_best_3,34.1199989,111-17,111-18,111-18,11.894269,15486.3066,
1,111,9,111-9,trainer_history_top3_excess,0.0775297582,111-19,111-20,111-19,14.1589975,1880.21045,
1,111,10,111-10,trainer_history_top3_excess,0.0277264398,111-21,111-22,111-21,8.25662613,624.585571,
1,111,11,111-11,recent_last600_best_3,34.4300003,111-23,111-24,111-24,9.65434647,911.304871,
1,111,12,111-12,hidden_sectional_run_best_3,0.221764907,111-25,111-26,111-25,7.97043324,1949.73657,
1,111,13,111-13,jockey_recent_top3_excess,0.0556740984,111-27,111-28,111-28,8.02565861,181.64093,
1,111,14,111-14,recent_finish_percentile_weighted_3_minus_race_mean,-0.290859818,111-29,111-30,111-30,9.43237305,3487.03345,
1,111,15,111-15,Leaf,,,,,-0.00223732158,2203.07861,
1,111,16,111-16,Leaf,,,,,0.00204142043,339.682037,
1,111,17,111-17,Leaf,,,,,0.00146107061,4251.74609,
1,111,18,111-18,Leaf,,,,,-8.95596022e-05,11234.5605,
1,111,19,111-19,Leaf,,,,,-7.93698564e-05,1194.99951,
1,111,20,111-20,Leaf,,,,,0.00440214947,685.210876,
1,111,21,111-21,Leaf,,,,,0.00190493115,181.867935,
1,111,22,111-22,Leaf,,,,,0.00838938449,442.717682,
1,111,23,111-23,Leaf,,,,,-0.00199151272,238.470291,
1,111,24,111-24,Leaf,,,,,-0.00797668472,672.834595,
1,111,25,111-25,Leaf,,,,,-0.000276484498,915.002686,
1,111,26,111-26,Leaf,,,,,-0.00348341768,1034.73389,
1,111,27,111-27,Leaf,,,,,-0.00257876492,135.740891,
1,111,28,111-28,Leaf,,,,,-0.0141888736,45.9000397,
1,111,29,111-29,Leaf,,,,,-0.00542881014,206.656555,
1,111,30,111-30,Leaf,,,,,-4.07055886e-05,3280.37695,
1,112,0,112-0,recent_finish_percentile_weighted_6_rank_in_race,4.0,112-1,112-2,112-2,37.3263321,27236.6758,
1,112,1,112-1,recent_weighted_win_rate_rank,2.0,112-3,112-4,112-4,22.7846184,14285.7217,
1,112,2,112-2,form_class_level_weighted_3,60.7999992,112-5,112-6,112-5,33.1812973,12950.9541,
1,112,3,112-3,trainer_history_top3_excess,0.0571564995,112-7,112-8,112-7,18.3006477,5409.68994,
1,112,4,112-4,recent_margin_std_6,1.76776695,112-9,112-10,112-10,11.0575771,8876.03223,
1,112,5,112-5,recent_weighted_avg_margin,7.44878292,112-11,112-12,112-11,20.4535599,5856.42041,
1,112,6,112-6,jockey_trainer_history_smoothed_top3_rate_gap_to_best,0.197549045,112-13,112-14,112-14,14.4310627,7094.53369,
1,112,7,112-7,current_weight_change_pct,-0.00917431153,112-15,112-16,112-15,9.1888895,3480.84473,
1,112,8,112-8,recent_last600_best_3,33.9799995,112-17,112-18,112-18,14.7805557,1928.84497,
1,112,9,112-9,recent_weighted_avg_margin,3.17193198,112-19,112-20,112-20,12.7851915,3091.28369,
1,112,10,112-10,current_weight_change_pct,0.075630255,112-21,112-22,112-21,20.9339638,5784.74854,
1,112,11,112-11,jockey_trainer_history_smoothed_top3_rate_gap_to_best,0.0497280657,112-23,112-24,112-24,12.8450623,5239.35791,
1,112,12,112-12,trainer_history_top3_excess,0.143907726,112-25,112-26,112-25,7.63747787,617.062561,
1,112,13,112-13,recent_margin_quality_weighted_3_minus_race_mean,-0.294749916,112-27,112-28,112-28,13.6945477,4514.69238,
1,112,14,112-14,trainer_history_top3_excess,0.0765040964,112-29,112-30,112-29,10.0450792,2579.84106,
1,112,15,112-15,Leaf,,,,,-0.00105366099,933.280457,
1,112,16,112-16,Leaf,,,,,0.00183267333,2547.56421,
1,112,17,112-17,Leaf,,,,,0.00816166308,428.016388,
1,112,18,112-18,Leaf,,,,,0.00288474979,1500.82861,
1,112,19,112-19,Leaf,,,,,0.00163334107,2965.9165,
1,112,20,112-20,Leaf,,,,,-0.00622283528,125.367287,
1,112,21,112-21,Leaf,,,,,-0.000997237279,5332.92334,
1,112,22,112-22,Leaf,,,,,0.00454985211,451.825134,
1,112,23,112-23,Leaf,,,,,0.000232506616,1355.17896,
1,112,24,112-24,Leaf,,,,,-0.00258766999,3884.17896,
1,112,25,112-25,Leaf,,,,,-0.00711702649,603.134094,
1,112,26,112-26,Leaf,,,,,0.00780356536,13.928484,
1,112,27,112-27,Leaf,,,,,-0.00785976462,96.0452652,
1,112,28,112-28,Leaf,,,,,0.00122987409,4418.64697,
1,112,29,112-29,Leaf,,,,,-0.00200287742,2168.06226,
1,112,30,112-30,Leaf,,,,,0.00221257936,411.778931,
1,113,0,113-0,best_finish_percentile_at_stronger_class,0.769230783,113-1,113-2,113-1,32.1299171,27160.6953,
1,113,1,113-1,jockey_history_top3_excess,0.0593745857,113-3,113-4,113-3,29.850378,14626.2881,
1,113,2,113-2,recent_finish_percentile_weighted_6_rank_in_race,2.0,113-5,113-6,113-6,18.6157742,12534.4072,
1,113,3,113-3,recent_margin_quality_weighted_3_minus_race_mean,0.0134398043,113-7,113-8,113-7,26.2140503,10397.2803,
1,113,4,113-4,recent_margin_std_6,2.80903316,113-9,113-10,113-9,14.2961006,4229.0083,
1,113,5,113-5,form_class_level_weighted_3,51.6666679,113-11,113-12,113-11,20.4841156,3055.33911,
1,113,6,113-6,hidden_sectional_run_best_3_gap_to_best,0.295833439,113-13,113-14,113-13,14.046463,9479.06836,
1,113,7,113-7,form_class_level_weighted_3,66.0,113-15,113-16,113-16,16.1152534,3826.49927,
1,113,8,113-8,form_class_level_weighted_3,60.7999992,113-17,113-18,113-17,15.1584997,6570.78076,
1,113,9,113-9,recent_margin_std_6,2.68060946,113-19,113-20,113-19,19.0188446,2761.71143,
1,113,10,113-10,distance_minus_recent_avg,126.666664,113-21,113-22,113-22,10.1976805,1467.29712,
1,113,11,113-11,recent_similar_distance_speed_rank,10.0,113-23,113-24,113-23,14.007019,1239.61719,
1,113,12,113-12,recent_3_margin,1.20000005,113-25,113-26,113-25,9.60846901,1815.72192,
1,113,13,113-13,hidden_sectional_run_best_3,0.0827417001,113-27,113-28,113-28,16.8511543,9194.74414,
1,113,14,113-14,jockey_recent_top3_excess,0.0420409441,113-29,113-30,113-29,14.0439396,284.324463,
1,113,15,113-15,Leaf,,,,,-0.00472216681,1968.99768,
1,113,16,113-16,Leaf,,,,,-0.00146232068,1857.50171,
1,113,17,113-17,Leaf,,,,,-0.00164534512,3570.12329,
1,113,18,113-18,Leaf,,,,,0.000761060335,3000.65723,
1,113,19,113-19,Leaf,,,,,0.0014376652,2561.85864,
1,113,20,113-20,Leaf,,,,,0.00928685255,199.852737,
1,113,21,113-21,Leaf,,,,,-0.00305874064,738.533081,
1,113,22,113-22,Leaf,,,,,0.00108075107,728.764038,
1,113,23,113-23,Leaf,,,,,0.00556814065,1205.68481,
1,113,24,113-24,Leaf,,,,,-0.00895968918,33.9323502,
1,113,25,113-25,Leaf,,,,,-0.00157409278,620.942566,
1,113,26,113-26,Leaf,,,,,0.00223317347,1194.77942,
1,113,27,113-27,Leaf,,,,,0.00523194298,448.830963,
1,113,28,113-28,Leaf,,,,,0.000314624311,8745.91309,
1,113,29,113-29,Leaf,,,,,-0.0104164314,138.064346,
1,113,30,113-30,Leaf,,,,,0.000438145042,146.260101,
1,114,0,114-0,recent_finish_percentile_weighted_6_rank_in_race,4.0,114-1,114-2,114-2,38.3223457,26951.1602,
1,114,1,114-1,recent_last600_best_3,34.7999992,114-3,114-4,114-4,18.6956635,14180.4814,
1,114,2,114-2,form_class_level_weighted_3,53.5999985,114-5,114-6,114-5,29.0134144,12770.6787,
1,114,3,114-3,recent_finish_percentile_weighted_3_minus_race_mean,0.261309385,114-7,114-8,114-8,12.5548935,6553.89746,
1,114,4,114-4,jockey_history_starts,262.0,114-9,114-10,114-9,22.7189484,7626.5835,
1,114,5,114-5,jockey_recent_top3_excess,0.0515623875,114-11,114-12,114-11,13.1778603,3306.75732,
1,114,6,114-6,recent_finish_percentile_weighted_3_minus_race_mean,-0.407991618,114-13,114-14,114-14,10.7051897,9463.9209,
1,114,7,114-7,recent_similar_distance_speed_rank,12.0,114-15,114-16,114-15,8.53596878,4261.89404,
1,114,8,114-8,recent_margin_std_6,2.18853068,114-17,114-18,114-18,19.0772705,2292.00342,
1,114,9,114-9,best_finish_percentile_at_stronger_class,0.692307711,114-19,114-20,114-20,8.39044571,7138.26807,
1,114,10,114-10,jockey_recent_top3_excess,0.0751504302,114-21,114-22,114-22,7.35640717,488.315613,
1,114,11,114-11,prize_money_rank,2.0,114-23,114-24,114-23,10.4146004,2133.63013,
1,114,12,114-12,recent_3_margin,8.10000038,114-25,114-26,114-25,8.39510727,1173.1272,
1,114,13,114-13,jockey_recent_top3_excess,0.166433886,114-27,114-28,114-27,4.48884201,92.2211456,
1,114,14,114-14,jockey_trainer_history_smoothed_top3_rate_gap_to_best,0.197549045,114-29,114-30,114-30,9.90159893,9371.7002,
1,114,15,114-15,Leaf,,,,,0.00109859346,4236.06543,
1,114,16,114-16,Leaf,,,,,-0.0111524835,25.828434,
1,114,17,114-17,Leaf,,,,,0.00520705758,1340.13879,
1,114,18,114-18,Leaf,,,,,0.000571040844,951.864685,
1,114,19,114-19,Leaf,,,,,-0.00288122077,737.317444,
1,114,20,114-20,Leaf,,,,,-8.04748415e-05,6400.95068,
1,114,21,114-21,Leaf,,,,,0.00234748167,281.278015,
1,114,22,114-22,Leaf,,,,,0.00863741897,207.037613,
1,114,23,114-23,Leaf,,,,,0.000926967419,214.162735,
1,114,24,114-24,Leaf,,,,,-0.00482099783,1919.46741,
1,114,25,114-25,Leaf,,,,,-0.000112118898,1031.65442,
1,114,26,114-26,Leaf,,,,,-0.00642302586,141.472809,
1,114,27,114-27,Leaf,,,,,-0.0105601614,78.2246017,
1,114,28,114-28,Leaf,,,,,0.00277078827,13.9965382,
1,114,29,114-29,Leaf,,,,,0.000357912795,5898.07373,
1,114,30,114-30,Leaf,,,,,-0.00132218446,3473.62622,
1,115,0,115-0,recent_margin_std_6,1.88299406,115-1,115-2,115-2,31.8309345,26802.4551,
1,115,1,115-1,recent_weighted_win_rate_rank,4.0,115-3,115-4,115-4,18.4959984,7676.13135,
1,115,2,115-2,trainer_history_top3_excess,0.0387145244,115-5,115-6,115-5,21.6467075,19126.3242,
1,115,3,115-3,historical_market_overperformance_slope_3,0.249754906,115-7,115-8,115-7,10.7876205,4372.24072,
1,115,4,115-4,historical_market_overperformance_slope_3,0.249754906,115-9,115-10,115-9,12.2738533,3303.89062,
1,115,5,115-5,recent_margin_quality_weighted_3_minus_race_mean,-0.118925631,115-11,115-12,115-11,18.492672,11305.835,
1,115,6,115-6,recent_finish_percentile_rank,2.0,115-13,115-14,115-14,10.7008076,7820.48975,
1,115,7,115-7,recent_margin_quality_weighted_3_minus_race_mean,0.219716489,115-15,115-16,115-16,10.229332,4043.29858,
1,115,8,115-8,distance_minus_recent_avg,141.666672,115-17,115-18,115-18,10.5340481,328.942261,
1,115,9,115-9,recent_last600_best_3,33.5900002,115-19,115-20,115-20,12.2163563,3029.00757,
1,115,10,115-10,trainer_history_top3_excess,-0.0494811125,115-21,115-22,115-22,13.9769907,274.883087,
1,115,11,115-11,form_class_level_weighted_3,51.6666679,115-23,115-24,115-24,16.5720673,1845.7793,
1,115,12,115-12,jockey_history_starts,14.0,115-25,115-26,115-25,13.8088713,9460.05566,
1,115,13,115-13,jockey_trainer_history_smoothed_top3_rate_gap_to_best,0.0114889741,115-27,115-28,115-28,9.25370502,1397.47229,
1,115,14,115-14,form_class_level_weighted_3,60.7999992,115-29,115-30,115-30,8.00675201,6423.01758,
1,115,15,115-15,Leaf,,,,,0.00142158638,2077.31812,
1,115,16,115-16,Leaf,,,,,0.00395154022,1965.98047,
1,115,17,115-17,Leaf,,,,,0.00137097412,210.295578,
1,115,18,115-18,Leaf,,,,,-0.00764226308,118.646667,
1,115,19,115-19,Leaf,,,,,0.002828378,515.965637,
1,115,20,115-20,Leaf,,,,,-0.0013589611,2513.04199,
1,115,21,115-21,Leaf,,,,,-0.0137979435,14.0231228,
1,115,22,115-22,Leaf,,,,,0.00628442829,260.859955,
1,115,23,115-23,Leaf,,,,,-0.00903953146,291.294739,
1,115,24,115-24,Leaf,,,,,-0.00258194376,1554.4845,
1,115,25,115-25,Leaf,,,,,-0.00330916164,1289.64624,
1,115,26,115-26,Leaf,,,,,-0.000531872734,8170.40918,
1,115,27,115-27,Leaf,,,,,0.00510599511,478.177216,
1,115,28,115-28,Leaf,,,,,0.000824901566,919.295044,
1,115,29,115-29,Leaf,,,,,-0.00121758599,2424.2041,
1,115,30,115-30,Leaf,,,,,0.000599949213,3998.81323,
1,116,0,116-0,recent_finish_percentile_rank,4.0,116-1,116-2,116-2,27.4440155,27075.7969,
1,116,1,116-1,distance_minus_recent_avg,-233.333328,116-3,116-4,116-4,15.2892351,13858.9697,
1,116,2,116-2,form_class_level_weighted_3,53.3333321,116-5,116-6,116-6,23.4094658,13216.8281,
1,116,3,116-3,recent_3_distance_m,1666.0,116-7,116-8,116-7,11.9270792,409.442047,
1,116,4,116-4,recent_similar_distance_speed_rank,6.0,116-9,116-10,116-9,13.2150326,13449.5273,
1,116,5,116-5,good_starts,5.0,116-11,116-12,116-12,15.2598839,2378.24438,
1,116,6,116-6,best_finish_percentile_at_stronger_class,0.70588237,116-13,116-14,116-13,21.1225414,10838.584,
1,116,7,116-7,recent_3_margin,3.5,116-15,116-16,116-16,11.4322186,249.74971,
1,116,8,116-8,jockey_trainer_history_smoothed_top3_rate_gap_to_best,0.233333319,116-17,116-18,116-17,7.8693676,159.692337,
1,116,9,116-9,form_class_level_weighted_3,114.166664,116-19,116-20,116-19,14.6585083,9158.91992,
1,116,10,116-10,best_finish_percentile_at_equal_or_higher_weight,0.6875,116-21,116-22,116-22,19.4910812,4290.60791,
1,116,11,116-11,jockey_trainer_history_smoothed_top3_rate_gap_to_best,0.0525568128,116-23,116-24,116-24,9.73756409,1792.38586,
1,116,12,116-12,hidden_sectional_run_best_3_gap_to_best,0.189247847,116-25,116-26,116-25,7.50130844,585.858521,
1,116,13,116-13,jockey_history_starts,19.0,116-27,116-28,116-27,14.0311451,6004.5752,
1,116,14,116-14,current_weight_change_pct,-0.0327868834,116-29,116-30,116-30,13.9513702,4834.00879,
1,116,15,116-15,Leaf,,,,,-0.00518182758,134.375824,
1,116,16,116-16,Leaf,,,,,0.0051347143,115.373894,
1,116,17,116-17,Leaf,,,,,-0.0108863851,142.710419,
1,116,18,116-18,Leaf,,,,,0.00471112272,16.9819164,
1,116,19,116-19,Leaf,,,,,0.00135599379,9018.52637,
1,116,20,116-20,Leaf,,,,,0.00924313813,140.393402,
1,116,21,116-21,Leaf,,,,,-0.00575316744,350.966339,
1,116,22,116-22,Leaf,,,,,0.000315296027,3939.6416,
1,116,23,116-23,Leaf,,,,,0.00111620303,491.068146,
1,116,24,116-24,Leaf,,,,,-0.00298477709,1301.31775,
1,116,25,116-25,Leaf,,,,,-0.00535111828,528.445312,
1,116,26,116-26,Leaf,,,,,-0.0146532869,57.4131927,
1,116,27,116-27,Leaf,,,,,-0.00439721206,776.723145,
1,116,28,116-28,Leaf,,,,,-0.000809953723,5227.85205,
1,116,29,116-29,Leaf,,,,,-0.00439656898,278.352722,
1,116,30,116-30,Leaf,,,,,0.00127250189,4555.65576,
1,117,0,117-0,recent_weighted_avg_margin,5.22812605,117-1,117-2,117-1,30.3788643,26898.9531,
1,117,1,117-1,good_starts,17.0,117-3,117-4,117-3,30.6293335,22976.1973,
1,117,2,117-2,jockey_history_top3_excess,0.00929614715,117-5,117-6,117-5,12.7061176,3922.75391,
1,117,3,117-3,prize_money_rank,3.0,117-7,117-8,117-8,24.5439262,19865.6465,
1,117,4,117-4,trainer_history_top3_excess,0.127768487,117-9,117-10,117-10,14.3852978,3110.55127,
1,117,5,117-5,recent_margin_quality_weighted_3_minus_race_mean,-0.108380497,117-11,117-12,117-12,11.234787,1989.60681,
1,117,6,117-6,recent_similar_distance_speed_rank,4.0,117-13,117-14,117-13,11.3021889,1933.14722,
1,117,7,117-7,recent_3_margin,0.200000003,117-15,117-16,117-15,16.1083488,4050.38232,
1,117,8,117-8,trainer_history_top3_excess,-0.0995472297,117-17,117-18,117-18,23.61763,15815.2646,
1,117,9,117-9,trainer_history_top3_excess,0.0955198556,117-19,117-20,117-20,15.6239834,2850.95264,
1,117,10,117-10,historical_market_overperformance_slope_3,-0.0295454543,117-21,117-22,117-21,7.93013144,259.598602,
1,117,11,117-11,trainer_history_top3_excess,-0.0351423696,117-23,117-24,117-23,6.69655991,841.234497,
1,117,12,117-12,good_starts,25.0,117-25,117-26,117-26,6.74126434,1148.37231,
1,117,13,117-13,recent_finish_percentile_weighted_3_minus_race_mean,-0.285822719,117-27,117-28,117-28,8.90349388,955.004517,
1,117,14,117-14,jockey_history_top3_excess,0.0170935784,117-29,117-30,117-30,9.04319859,978.142761,
1,117,15,117-15,Leaf,,,,,-0.00302001718,301.06955,
1,117,16,117-16,Leaf,,,,,0.00290840748,3749.31274,
1,117,17,117-17,Leaf,,,,,-0.00929979142,149.19014,
1,117,18,117-18,Leaf,,,,,0.000377506571,15666.0742,
1,117,19,117-19,Leaf,,,,,-0.00204491569,2733.75293,
1,117,20,117-20,Leaf,,,,,-0.0110489838,117.199745,
1,117,21,117-21,Leaf,,,,,-0.00194029161,96.1682587,
1,117,22,117-22,Leaf,,,,,0.00680559129,163.430344,
1,117,23,117-23,Leaf,,,,,-0.00851625763,310.263153,
1,117,24,117-24,Leaf,,,,,-0.00375310588,530.971375,
1,117,25,117-25,Leaf,,,,,-0.00114331313,1051.14062,
1,117,26,117-26,Leaf,,,,,-0.00776195526,97.2317123,
1,117,27,117-27,Leaf,,,,,-0.0062391744,77.8277817,
1,117,28,117-28,Leaf,,,,,0.00210647262,877.176697,
1,117,29,117-29,Leaf,,,,,0.003492716,129.649445,
1,117,30,117-30,Leaf,,,,,-0.0033844579,848.493286,
1,118,0,118-0,recent_margin_quality_weighted_3_minus_race_mean,0.187780619,118-1,118-2,118-1,30.0410805,26673.0801,
1,118,1,118-1,jockey_history_top3_excess,-0.0320581719,118-3,118-4,118-4,20.3350887,18495.1816,
1,118,2,118-2,recent_last600_best_3,35.3899994,118-5,118-6,118-5,27.495739,8177.89844,
1,118,3,118-3,recent_finish_percentile_weighted_3_minus_race_mean,-0.155434132,118-7,118-8,118-7,11.1699867,3846.16382,
1,118,4,118-4,recent_margin_std_6,3.02500677,118-9,118-10,118-10,18.2977562,14649.0176,
1,118,5,118-5,jockey_history_top3_excess,0.14005594,118-11,118-12,118-11,14.7891846,6469.42529,
1,118,6,118-6,recent_similar_distance_speed_rank,16.0,118-13,118-14,118-14,19.3060646,1708.47314,
1,118,7,118-7,trainer_history_top3_excess,0.0579533167,118-15,118-16,118-15,7.04818916,580.5755,
1,118,8,118-8,trainer_history_top3_excess,0.0974178016,118-17,118-18,118-17,9.01569748,3265.58838,
1,118,9,118-9,hidden_sectional_run_best_3_gap_to_best,0.161576793,118-19,118-20,118-20,12.3135271,8718.42676,
1,118,10,118-10,jockey_history_top3_excess,0.152532846,118-21,118-22,118-21,15.3121357,5930.59131,
1,118,11,118-11,recent_margin_std_6,1.92431808,118-23,118-24,118-24,12.9650459,6131.9375,
1,118,12,118-12,horse_jockey_win_rate_rank,2.0,118-25,118-26,118-25,8.30834198,337.48819,
1,118,13,118-13,jockey_recent_top3_excess,0.135699213,118-27,118-28,118-27,16.5612831,1596.11609,
1,118,14,118-14,trainer_history_top3_excess,0.100523062,118-29,118-30,118-29,10.1325321,112.357109,
1,118,15,118-15,Leaf,,,,,-0.0068163448,487.941528,
1,118,16,118-16,Leaf,,,,,0.000574462058,92.6339417,
1,118,17,118-17,Leaf,,,,,-0.00225316081,3021.21362,
1,118,18,118-18,Leaf,,,,,0.00265198993,244.374786,
1,118,19,118-19,Leaf,,,,,0.00117334083,4726.02002,
1,118,20,118-20,Leaf,,,,,-0.000709866639,3992.40649,
1,118,21,118-21,Leaf,,,,,-0.00173791277,5715.7124,
1,118,22,118-22,Leaf,,,,,0.00491372868,214.878967,
1,118,23,118-23,Leaf,,,,,0.00278211269,2569.604,
1,118,24,118-24,Leaf,,,,,0.000450775871,3562.33325,
1,118,25,118-25,Leaf,,,,,0.0085491268,275.872925,
1,118,26,118-26,Leaf,,,,,-0.00129808381,61.6152802,
1,118,27,118-27,Leaf,,,,,-0.002283582,1311.47461,
1,118,28,118-28,Leaf,,,,,0.00427047769,284.641418,
1,118,29,118-29,Leaf,,,,,-0.0148522155,90.0548172,
1,118,30,118-30,Leaf,,,,,0.00256267702,22.3022957,
1,119,0,119-0,recent_margin_quality_weighted_3_minus_race_mean,0.15602529,119-1,119-2,119-1,30.5329437,26810.416,
1,119,1,119-1,form_class_level_weighted_3,62.0,119-3,119-4,119-3,21.4971695,16675.0273,
1,119,2,119-2,prize_money_rank,2.0,119-5,119-6,119-6,14.1694336,10135.3887,
1,119,3,119-3,recent_weighted_avg_margin,7.44878292,119-7,119-8,119-7,20.6747627,8249.26074,
1,119,4,119-4,good_wins,3.0,119-9,119-10,119-10,12.693821,8425.7666,
1,119,5,119-5,hidden_sectional_run_best_3_gap_to_best,0.189247847,119-11,119-12,119-11,9.50437355,1221.06128,
1,119,6,119-6,recent_similar_distance_speed_rank,6.0,119-13,119-14,119-14,9.88052082,8914.32715,
1,119,7,119-7,jockey_recent_top3_excess,-0.099223718,119-15,119-16,119-16,13.97295,7539.59424,
1,119,8,119-8,recent_finish_percentile_weighted_6_rank_in_race,4.0,119-17,119-18,119-18,9.10443115,709.66687,
1,119,9,119-9,hidden_sectional_run_best_3,0.35755071,119-19,119-20,119-19,10.9750309,6297.14062,
1,119,10,119-10,recent_5_weight_kg,58.5,119-21,119-22,119-22,12.7168903,2128.62549,
1,119,11,119-11,recent_5_weight_kg,57.5,119-23,119-24,119-24,8.54235935,644.501038,
1,119,12,119-12,recent_margin_quality_weighted_3_minus_race_mean,0.209049881,119-25,119-26,119-26,15.8515587,576.560303,
1,119,13,119-13,recent_margin_quality_weighted_3_minus_race_mean,0.337773383,119-27,119-28,119-28,11.0869274,4927.49365,
1,119,14,119-14,jockey_recent_top3_excess,-0.0492921658,119-29,119-30,119-29,11.6121588,3986.83398,
1,119,15,119-15,Leaf,,,,,-0.00396615453,972.502502,
1,119,16,119-16,Leaf,,,,,-0.000764584693,6567.0918,
1,119,17,119-17,Leaf,,,,,0.000781065261,112.834801,
1,119,18,119-18,Leaf,,,,,-0.00683978666,596.832031,
1,119,19,119-19,Leaf,,,,,0.000989061198,6076.33887,
1,119,20,119-20,Leaf,,,,,-0.00456345733,220.801865,
1,119,21,119-21,Leaf,,,,,0.000229715835,1216.50952,
1,119,22,119-22,Leaf,,,,,-0.00365677266,912.116028,
1,119,23,119-23,Leaf,,,,,-0.00178936741,279.045929,
1,119,24,119-24,Leaf,,,,,0.00392977707,365.455109,
1,119,25,119-25,Leaf,,,,,-0.00207444606,118.422874,
1,119,26,119-26,Leaf,,,,,0.00797464512,458.137421,
1,119,27,119-27,Leaf,,,,,0.000908649468,4039.07617,
1,119,28,119-28,Leaf,,,,,0.00398737052,888.417358,
1,119,29,119-29,Leaf,,,,,-0.00255682413,975.484253,
1,119,30,119-30,Leaf,,,,,0.000567880459,3011.34985,
2,0,0,0-0,recent_finish_percentile_weighted_3_minus_race_mean,0.0178551674,0-1,0-2,0-1,550.325439,10449.2344,
2,0,1,0-1,recent_margin_quality_weighted_3_minus_race_mean,-0.101810873,0-3,0-4,0-4,104.432892,4441.91064,
2,0,2,0-2,recent_margin_quality_weighted_3_minus_race_mean,0.107906133,0-5,0-6,0-6,88.982605,6007.32422,
2,0,3,0-3,jockey_history_top3_excess,0.00929614715,0-7,0-8,0-7,41.819458,2156.76196,
2,0,4,0-4,trainer_history_top3_excess,-0.0102040814,0-9,0-10,0-9,29.5752316,2285.14844,
2,0,5,0-5,jockey_history_top3_excess,-0.0407395437,0-11,0-12,0-12,26.1625862,2162.14062,
2,0,6,0-6,recent_finish_percentile_weighted_3_minus_race_mean,0.25761807,0-13,0-14,0-14,31.0190735,3845.18384,
2,0,7,0-7,form_class_level_weighted_3,56.0,0-15,0-16,0-15,17.6795654,1241.28918,
2,0,8,0-8,jockey_trainer_history_smoothed_top3_rate_gap_to_best,0.0148809552,0-17,0-18,0-18,9.80053711,915.472839,
2,0,9,0-9,jockey_history_top3_excess,0.0141469231,0-19,0-20,0-20,11.176857,899.306519,
2,0,10,0-10,good_starts,18.0,0-21,0-22,0-22,13.031209,1385.84204,
2,0,11,0-11,recent_similar_distance_speed_rank,7.0,0-23,0-24,0-24,9.12413788,437.60733,
2,0,12,0-12,trainer_history_top3_excess,0.0563551039,0-25,0-26,0-25,15.7981501,1724.5332,
2,0,13,0-13,jockey_history_top3_excess,0.0134300599,0-27,0-28,0-27,19.9560318,2189.31787,
2,0,14,0-14,good_starts,9.0,0-29,0-30,0-30,9.79882812,1655.86597,
2,0,15,0-15,Leaf,,,,,-0.0180811342,403.826385,
2,0,16,0-16,Leaf,,,,,-0.0112301353,837.46283,
2,0,17,0-17,Leaf,,,,,-0.000789888494,164.553726,
2,0,18,0-18,Leaf,,,,,-0.00761396578,750.919067,
2,0,19,0-19,Leaf,,,,,-0.00856092852,561.408203,
2,0,20,0-20,Leaf,,,,,-0.00268283137,337.898285,
2,0,21,0-21,Leaf,,,,,0.000278236665,1230.4895,
2,0,22,0-22,Leaf,,,,,-0.00719131902,155.352448,
2,0,23,0-23,Leaf,,,,,-0.00195909548,303.461517,
2,0,24,0-24,Leaf,,,,,-0.009726624,134.145798,
2,0,25,0-25,Leaf,,,,,0.000555816805,1153.47583,
2,0,26,0-26,Leaf,,,,,0.00562364748,571.057373,
2,0,27,0-27,Leaf,,,,,0.00263532833,1029.77148,
2,0,28,0-28,Leaf,,,,,0.007459193,1159.54639,
2,0,29,0-29,Leaf,,,,,0.0111375405,1145.3678,
2,0,30,0-30,Leaf,,,,,0.00665742904,510.498077,
2,1,0,1-0,recent_weighted_avg_margin,5.22812605,1-1,1-2,1-2,617.078552,46092.0586,
2,1,1,1-1,best_finish_percentile_at_stronger_class,0.733333349,1-3,1-4,1-3,183.531219,36613.457,
2,1,2,1-2,recent_margin_quality_weighted_3_minus_race_mean,-0.101810873,1-5,1-6,1-6,164.515961,9478.59863,
2,1,3,1-3,jockey_history_top3_excess,0.0747099146,1-7,1-8,1-7,118.826904,18548.4531,
2,1,4,1-4,distance_minus_recent_avg,-368.333344,1-9,1-10,1-10,71.058197,18065.0039,
2,1,5,1-5,jockey_history_top3_excess,-0.0248553064,1-11,1-12,1-11,96.2266235,4545.72656,
2,1,6,1-6,jockey_trainer_history_smoothed_top3_rate_gap_to_best,0.0690235496,1-13,1-14,1-14,28.7773857,4932.87207,
2,1,7,1-7,recent_finish_percentile_rank,7.0,1-15,1-16,1-16,85.7166595,14515.6504,
2,1,8,1-8,jockey_history_top3_excess,0.145747766,1-17,1-18,1-18,27.6683807,4032.80347,
2,1,9,1-9,hidden_sectional_run_best_3_gap_to_best,0.141070575,1-19,1-20,1-19,16.5302124,232.140213,
2,1,10,1-10,recent_weighted_avg_margin_rank,3.0,1-21,1-22,1-22,46.6938171,17832.8652,
2,1,11,1-11,best_finish_percentile_at_stronger_class,0.636363626,1-23,1-24,1-23,23.4080811,1804.83655,
2,1,12,1-12,recent_weighted_avg_margin,7.69395399,1-25,1-26,1-26,57.5788116,2740.88989,
2,1,13,1-13,best_finish_percentile_at_equal_or_higher_weight,0.8125,1-27,1-28,1-28,26.5806255,1394.81885,
2,1,14,1-14,jockey_history_starts,136.0,1-29,1-30,1-29,30.2951126,3538.05347,
2,1,15,1-15,Leaf,,,,,-0.000262823305,10929.6152,
2,1,16,1-16,Leaf,,,,,-0.00471345335,3586.03442,
2,1,17,1-17,Leaf,,,,,0.00233493466,3109.12231,
2,1,18,1-18,Leaf,,,,,0.0072637978,923.681213,
2,1,19,1-19,Leaf,,,,,-0.00507961493,159.120575,
2,1,20,1-20,Leaf,,,,,-0.0194253102,73.0196457,
2,1,21,1-21,Leaf,,,,,0.0047434927,8554.19336,
2,1,22,1-22,Leaf,,,,,0.00217734068,9278.6709,
2,1,23,1-23,Leaf,,,,,-0.0158088859,1159.59851,
2,1,24,1-24,Leaf,,,,,-0.00951310247,645.238098,
2,1,25,1-25,Leaf,,,,,-0.00312687713,1631.36816,
2,1,26,1-26,Leaf,,,,,-0.0105262874,1109.52173,
2,1,27,1-27,Leaf,,,,,-0.00416183332,487.558228,
2,1,28,1-28,Leaf,,,,,0.00301373075,907.260681,
2,1,29,1-29,Leaf,,,,,-0.00516457111,2562.64209,
2,1,30,1-30,Leaf,,,,,3.13528176e-06,975.411255,
2,2,0,2-0,recent_margin_quality_weighted_3_minus_race_mean,-0.0659921765,2-1,2-2,2-2,408.22818,44689.3555,
2,2,1,2-1,trainer_history_top3_excess,-0.00595238106,2-3,2-4,2-3,130.959076,9128.02832,
2,2,2,2-2,recent_margin_std_6,3.53067517,2-5,2-6,2-6,121.378006,35561.3242,
2,2,3,2-3,recent_weighted_avg_margin,7.78488922,2-7,2-8,2-8,95.8726196,4273.70459,
2,2,4,2-4,current_weight_change_pct,0.0423728824,2-9,2-10,2-9,45.1739197,4854.32422,
2,2,5,2-5,good_starts,15.0,2-11,2-12,2-12,115.6707,25992.0391,
2,2,6,2-6,trainer_history_top3_excess,-0.00958582107,2-13,2-14,2-13,42.8154716,9569.28613,
2,2,7,2-7,current_weight_change_pct,0.0480769239,2-15,2-16,2-15,50.7288361,3157.41309,
2,2,8,2-8,trainer_history_top3_excess,-0.0756476447,2-17,2-18,2-17,24.5021057,1116.29163,
2,2,9,2-9,recent_margin_quality_weighted_3_minus_race_mean,-0.284146667,2-19,2-20,2-20,32.0589676,3880.93481,
2,2,10,2-10,jockey_recent_top3_excess,0.00358071388,2-21,2-22,2-21,22.5151634,973.38916,
2,2,11,2-11,recent_last600_best_3,35.3199997,2-23,2-24,2-24,68.2967224,21418.8398,
2,2,12,2-12,best_finish_percentile_at_equal_or_higher_weight,0.13333334,2-25,2-26,2-25,23.9901581,4573.19873,
2,2,13,2-13,good_starts,10.0,2-27,2-28,2-28,20.6522598,3448.66943,
2,2,14,2-14,current_weight_change_pct,-0.0338983051,2-29,2-30,2-30,50.1592102,6120.6167,
2,2,15,2-15,Leaf,,,,,-0.00714302296,2592.78223,
2,2,16,2-16,Leaf,,,,,0.00109635422,564.630615,
2,2,17,2-17,Leaf,,,,,-0.0198916178,345.909851,
2,2,18,2-18,Leaf,,,,,-0.0114321876,770.381714,
2,2,19,2-19,Leaf,,,,,-0.00986049883,388.952942,
2,2,20,2-20,Leaf,,,,,-0.00235533481,3491.98193,
2,2,21,2-21,Leaf,,,,,-0.00138900813,429.44928,
2,2,22,2-22,Leaf,,,,,0.00620126445,543.93988,
2,2,23,2-23,Leaf,,,,,0.00384286349,14211.418,
2,2,24,2-24,Leaf,,,,,0.000852891186,7207.42236,
2,2,25,2-25,Leaf,,,,,0.00149837602,1192.2478,
2,2,26,2-26,Leaf,,,,,-0.00261236797,3380.95093,
2,2,27,2-27,Leaf,,,,,-0.00486098602,2244.17676,
2,2,28,2-28,Leaf,,,,,-0.000791739789,1204.4928,
2,2,29,2-29,Leaf,,,,,-0.00803368818,436.843323,
2,2,30,2-30,Leaf,,,,,0.000664744002,5683.77344,
2,3,0,3-0,recent_finish_percentile_weighted_6_rank_in_race,6.0,3-1,3-2,3-2,300.581848,43999.1641,
2,3,1,3-1,trainer_history_top3_excess,0.0196263734,3-3,3-4,3-3,86.6158066,31314.8613,
2,3,2,3-2,recent_weighted_avg_margin,7.44878292,3-5,3-6,3-5,153.283066,12684.3008,
2,3,3,3-3,recent_finish_percentile_rank,4.0,3-7,3-8,3-8,52.9242744,13920.6416,
2,3,4,3-4,good_starts,6.0,3-9,3-10,3-10,51.8431702,17394.2207,
2,3,5,3-5,jockey_recent_top3_excess,0.0153246345,3-11,3-12,3-11,80.7264252,10928.3115,
2,3,6,3-6,form_class_level_weighted_3,55.3333321,3-13,3-14,3-13,49.2627563,1755.98901,
2,3,7,3-7,distance_minus_recent_avg,-233.333328,3-15,3-16,3-16,40.7842636,8896.32129,
2,3,8,3-8,form_class_level_weighted_3,55.8333321,3-17,3-18,3-17,41.2261963,5024.31982,
2,3,9,3-9,recent_margin_quality_weighted_3_minus_race_mean,0.337773383,3-19,3-20,3-20,27.9393005,9840.0,
2,3,10,3-10,prize_money_rank,2.0,3-21,3-22,3-22,24.5609531,7554.21973,
2,3,11,3-11,trainer_history_top3_excess,0.0132575762,3-23,3-24,3-23,40.7766113,5853.55225,
2,3,12,3-12,form_class_level_weighted_3,59.0,3-25,3-26,3-25,41.2971191,5074.75977,
2,3,13,3-13,recent_margin_std_6,2.77920842,3-27,3-28,3-27,18.4599915,832.787964,
2,3,14,3-14,recent_margin_quality_weighted_3_minus_race_mean,-0.216178834,3-29,3-30,3-30,22.2137032,923.20105,
2,3,15,3-15,Leaf,,,,,-0.00702491635,353.978638,
2,3,16,3-16,Leaf,,,,,0.00151966559,8542.34277,
2,3,17,3-17,Leaf,,,,,-0.00482837111,1984.65747,
2,3,18,3-18,Leaf,,,,,-0.000199985298,3039.66235,
2,3,19,3-19,Leaf,,,,,0.0033335418,8572.50586,
2,3,20,3-20,Leaf,,,,,0.00731855864,1267.49414,
2,3,21,3-21,Leaf,,,,,0.00451548724,1110.3595,
2,3,22,3-22,Leaf,,,,,0.000502138108,6443.86035,
2,3,23,3-23,Leaf,,,,,-0.00578926457,3318.1311,
2,3,24,3-24,Leaf,,,,,-0.00156870612,2535.4209,
2,3,25,3-25,Leaf,,,,,-0.00256362208,1904.23926,
2,3,26,3-26,Leaf,,,,,0.00208354904,3170.52051,
2,3,27,3-27,Leaf,,,,,-0.00712023303,200.224503,
2,3,28,3-28,Leaf,,,,,-0.016433347,632.563477,
2,3,29,3-29,Leaf,,,,,-0.0096558528,461.008881,
2,3,30,3-30,Leaf,,,,,-0.00187069958,462.192169,
2,4,0,4-0,recent_finish_percentile_weighted_3_minus_race_mean,-0.161171913,4-1,4-2,4-2,309.939423,43043.0625,
2,4,1,4-1,jockey_history_top3_excess,0.067592591,4-3,4-4,4-3,66.9854431,4457.26074,
2,4,2,4-2,jockey_history_top3_excess,-0.0254788697,4-5,4-6,4-6,144.817398,38585.8047,
2,4,3,4-3,jockey_history_top3_excess,-0.0713815242,4-7,4-8,4-7,41.5292969,3609.18408,
2,4,4,4-4,recent_margin_std_6,1.78035581,4-9,4-10,4-9,17.5860863,848.076416,
2,4,5,4-5,recent_finish_percentile_weighted_3_minus_race_mean,0.0796478391,4-11,4-12,4-11,67.2689209,9763.73145,
2,4,6,4-6,recent_margin_quality_weighted_3_minus_race_mean,0.230654955,4-13,4-14,4-13,59.5959167,28822.0723,
2,4,7,4-7,recent_margin_quality_weighted_3_minus_race_mean,-0.139365047,4-15,4-16,4-16,11.5254822,575.376404,
2,4,8,4-8,prize_money_rank,5.0,4-17,4-18,4-18,33.0527344,3033.80786,
2,4,9,4-9,historical_market_overperformance_slope_3,-0.0640931353,4-19,4-20,4-20,7.86152458,163.354996,
2,4,10,4-10,historical_market_overperformance_slope_3,-0.310937196,4-21,4-22,4-22,11.8850708,684.721375,
2,4,11,4-11,trainer_history_top3_excess,0.079690367,4-23,4-24,4-23,18.6165771,3951.75073,
2,4,12,4-12,prize_money_rank,4.0,4-25,4-26,4-26,34.5922508,5811.98096,
2,4,13,4-13,prize_money_rank,5.0,4-27,4-28,4-27,42.0018158,21380.2637,
2,4,14,4-14,recent_similar_distance_speed_rank,11.0,4-29,4-30,4-29,49.4371948,7441.80908,
2,4,15,4-15,Leaf,,,,,-0.0166007951,373.080414,
2,4,16,4-16,Leaf,,,,,-0.00836030301,202.295975,
2,4,17,4-17,Leaf,,,,,-0.00371883297,1424.87305,
2,4,18,4-18,Leaf,,,,,-0.00899373554,1608.93481,
2,4,19,4-19,Leaf,,,,,-0.00259732711,35.1682625,
2,4,20,4-20,Leaf,,,,,0.00989861321,128.186737,
2,4,21,4-21,Leaf,,,,,0.00529987318,114.658211,
2,4,22,4-22,Leaf,,,,,-0.0032131651,570.063171,
2,4,23,4-23,Leaf,,,,,-0.00502667995,3554.92627,
2,4,24,4-24,Leaf,,,,,0.000652597169,396.824585,
2,4,25,4-25,Leaf,,,,,0.00224894634,2185.18408,
2,4,26,4-26,Leaf,,,,,-0.00172497262,3626.79688,
2,4,27,4-27,Leaf,,,,,0.00208514417,10027.6055,
2,4,28,4-28,Leaf,,,,,-0.000134088303,11352.6572,
2,4,29,4-29,Leaf,,,,,0.00392627809,7139.95898,
2,4,30,4-30,Leaf,,,,,-0.00625537103,301.850037,
2,5,0,5-0,recent_weighted_avg_margin,5.22812605,5-1,5-2,5-1,251.063736,42384.2969,
2,5,1,5-1,good_starts,17.0,5-3,5-4,5-4,74.6514282,35313.4492,
2,5,2,5-2,trainer_history_top3_excess,0.0132575762,5-5,5-6,5-5,91.4253998,7070.84766,
2,5,3,5-3,prize_money_rank,5.0,5-7,5-8,5-8,78.8031235,30457.9062,
2,5,4,5-4,recent_weighted_avg_margin_rank,5.0,5-9,5-10,5-9,25.7191086,4855.54199,
2,5,5,5-5,form_class_level_weighted_3,51.0,5-11,5-12,5-11,59.5174561,4204.56055,
2,5,6,5-6,recent_finish_percentile_weighted_6_rank_in_race,6.0,5-13,5-14,5-14,32.5877419,2866.28735,
2,5,7,5-7,trainer_history_top3_excess,-0.0902358368,5-15,5-16,5-16,34.546402,13259.2275,
2,5,8,5-8,trainer_history_top3_excess,0.0124474792,5-17,5-18,5-17,47.9386787,17198.6797,
2,5,9,5-9,trainer_history_top3_excess,-0.0308838375,5-19,5-20,5-19,18.2852859,3205.59229,
2,5,10,5-10,recent_margin_std_6,1.55745518,5-21,5-22,5-22,18.1802826,1649.94971,
2,5,11,5-11,recent_finish_percentile_weighted_6_rank_in_race,6.0,5-23,5-24,5-24,25.3591309,1682.5365,
2,5,12,5-12,hidden_sectional_run_best_3_gap_to_best,0.109305114,5-25,5-26,5-26,24.7340088,2522.02393,
2,5,13,5-13,trainer_history_top3_excess,0.0364955366,5-27,5-28,5-28,13.2973833,1380.43262,
2,5,14,5-14,jockey_history_top3_excess,-0.0208141319,5-29,5-30,5-29,20.2090588,1485.85474,
2,5,15,5-15,Leaf,,,,,-0.00642082933,236.755386,
2,5,16,5-16,Leaf,,,,,0.00303157256,13022.4717,
2,5,17,5-17,Leaf,,,,,-0.00146403164,6196.94678,
2,5,18,5-18,Leaf,,,,,0.00128320337,11001.7324,
2,5,19,5-19,Leaf,,,,,0.00232896581,926.949158,
2,5,20,5-20,Leaf,,,,,-0.00181651011,2278.64331,
2,5,21,5-21,Leaf,,,,,-0.0145330727,96.3540955,
2,5,22,5-22,Leaf,,,,,-0.00373315439,1553.5957,
2,5,23,5-23,Leaf,,,,,-0.00686002849,814.017822,
2,5,24,5-24,Leaf,,,,,-0.0131845428,868.518677,
2,5,25,5-25,Leaf,,,,,-0.00623435527,1435.58789,
2,5,26,5-26,Leaf,,,,,-0.00122019963,1086.43604,
2,5,27,5-27,Leaf,,,,,-0.00209730701,357.717926,
2,5,28,5-28,Leaf,,,,,0.00344376429,1022.71472,
2,5,29,5-29,Leaf,,,,,-0.00813562237,389.947571,
2,5,30,5-30,Leaf,,,,,-0.00153909391,1095.9071,
2,6,0,6-0,recent_weighted_avg_margin,4.39091301,6-1,6-2,6-2,202.671463,42061.6172,
2,6,1,6-1,jockey_history_top3_excess,0.0720480531,6-3,6-4,6-3,67.0435028,30704.3008,
2,6,2,6-2,recent_margin_quality_weighted_3_minus_race_mean,-0.175124943,6-5,6-6,6-6,99.7313232,11357.3154,
2,6,3,6-3,recent_similar_distance_speed_rank,6.0,6-7,6-8,6-8,50.5220871,23502.6797,
2,6,4,6-4,recent_margin_quality_weighted_3_minus_race_mean,0.34690398,6-9,6-10,6-10,36.1776047,7201.62012,
2,6,5,6-5,jockey_history_top3_excess,-0.017039774,6-11,6-12,6-11,40.2557526,2538.45288,
2,6,6,6-6,trainer_history_top3_excess,-0.00595238106,6-13,6-14,6-13,59.8912926,8818.8623,
2,6,7,6-7,recent_margin_quality_weighted_3_minus_race_mean,0.0723026395,6-15,6-16,6-16,48.1165695,13764.0078,
2,6,8,6-8,best_finish_percentile_at_stronger_class,0.6875,6-17,6-18,6-17,26.2922573,9738.67285,
2,6,9,6-9,best_finish_percentile_at_stronger_class,0.800000012,6-19,6-20,6-19,24.8161926,6564.18896,
2,6,10,6-10,jockey_history_top3_excess,0.0995124429,6-21,6-22,6-22,12.9265213,637.431396,
2,6,11,6-11,best_finish_percentile_at_stronger_class,0.833333313,6-23,6-24,6-23,11.9410858,986.816162,
2,6,12,6-12,trainer_history_top3_excess,0.0349813923,6-25,6-26,6-25,19.4079895,1551.63684,
2,6,13,6-13,jockey_history_top3_excess,0.0304643884,6-27,6-28,6-28,22.5808945,3831.79932,
2,6,14,6-14,recent_similar_distance_speed_rank,4.0,6-29,6-30,6-30,36.5023727,4987.06299,
2,6,15,6-15,Leaf,,,,,-0.000699197466,4486.62891,
2,6,16,6-16,Leaf,,,,,0.00245147222,9277.37891,
2,6,17,6-17,Leaf,,,,,-0.00229875185,4599.03174,
2,6,18,6-18,Leaf,,,,,0.00030030901,5139.64111,
2,6,19,6-19,Leaf,,,,,0.00132794306,3808.46021,
2,6,20,6-20,Leaf,,,,,0.0044478653,2755.72876,
2,6,21,6-21,Leaf,,,,,0.0038266785,228.938278,
2,6,22,6-22,Leaf,,,,,0.0115021514,408.493103,
2,6,23,6-23,Leaf,,,,,-0.0123869115,814.000916,
2,6,24,6-24,Leaf,,,,,-0.0047079795,172.815262,
2,6,25,6-25,Leaf,,,,,-0.00680549396,951.787964,
2,6,26,6-26,Leaf,,,,,-0.00104189001,599.848877,
2,6,27,6-27,Leaf,,,,,-0.00509715034,2747.74292,
2,6,28,6-28,Leaf,,,,,-0.000822516799,1084.05652,
2,6,29,6-29,Leaf,,,,,0.00320423022,1713.16943,
2,6,30,6-30,Leaf,,,,,-0.00128848862,3273.89355,
2,7,0,7-0,recent_finish_percentile_weighted_3_minus_race_mean,-0.155434132,7-1,7-2,7-2,214.0858,41339.0977,
2,7,1,7-1,jockey_history_top3_excess,-0.0123550696,7-3,7-4,7-3,51.3754425,4140.35449,
2,7,2,7-2,recent_finish_percentile_weighted_6_rank_in_race,3.0,7-5,7-6,7-6,85.6307831,37198.7422,
2,7,3,7-3,best_finish_percentile_at_stronger_class,0.600000024,7-7,7-8,7-7,30.4480896,1606.45569,
2,7,4,7-4,jockey_trainer_history_smoothed_top3_rate_gap_to_best,0.100907028,7-9,7-10,7-10,26.050312,2533.89868,
2,7,5,7-5,recent_last600_best_3,35.4300003,7-11,7-12,7-12,83.9294968,15499.0371,
2,7,6,7-6,jockey_history_top3_excess,-0.063271746,7-13,7-14,7-14,68.8486252,21699.707,
2,7,7,7-7,recent_weighted_avg_margin_rank,2.0,7-15,7-16,7-16,9.92785645,928.246033,
2,7,8,7-8,current_weight_change_pct,0.0360360369,7-17,7-18,7-18,9.23964691,678.209656,
2,7,9,7-9,recent_finish_percentile_weighted_3_minus_race_mean,-0.311829627,7-19,7-20,7-20,23.2248592,999.91156,
2,7,10,7-10,best_finish_percentile_at_stronger_class,0.777777791,7-21,7-22,7-21,15.3628159,1533.98718,
2,7,11,7-11,good_starts,6.0,7-23,7-24,7-24,80.1860504,9641.125,
2,7,12,7-12,recent_5_weight_kg,58.5,7-25,7-26,7-26,23.9379578,5857.9126,
2,7,13,7-13,jockey_trainer_history_smoothed_top3_rate_gap_to_best,0.25,7-27,7-28,7-28,25.9377975,2324.75952,
2,7,14,7-14,jockey_history_top3_excess,0.14005594,7-29,7-30,7-29,25.2787762,19374.9473,
2,7,15,7-15,Leaf,,,,,0.00505093113,15.9330978,
2,7,16,7-16,Leaf,,,,,-0.0121084889,912.312927,
2,7,17,7-17,Leaf,,,,,-0.00709757069,395.702423,
2,7,18,7-18,Leaf,,,,,-0.00113249733,282.507233,
2,7,19,7-19,Leaf,,,,,-0.00758959958,189.720276,
2,7,20,7-20,Leaf,,,,,0.0019168806,810.191284,
2,7,21,7-21,Leaf,,,,,-0.00670427922,1092.2345,
2,7,22,7-22,Leaf,,,,,-0.0011384883,441.752716,
2,7,23,7-23,Leaf,,,,,0.00549384858,5480.03711,
2,7,24,7-24,Leaf,,,,,0.000887967006,4161.0874,
2,7,25,7-25,Leaf,,,,,-0.0018461569,2988.71777,
2,7,26,7-26,Leaf,,,,,0.00134502922,2869.19458,
2,7,27,7-27,Leaf,,,,,-0.0024428179,1512.59985,
2,7,28,7-28,Leaf,,,,,-0.00799533818,812.159668,
2,7,29,7-29,Leaf,,,,,-8.03094954e-05,18357.834,
2,7,30,7-30,Leaf,,,,,0.00394967711,1017.1142,
2,8,0,8-0,recent_finish_percentile_weighted_3_minus_race_mean,-0.105323076,8-1,8-2,8-1,185.877243,40660.9062,
2,8,1,8-1,form_class_level_weighted_3,53.5999985,8-3,8-4,8-4,60.741333,6422.83154,
2,8,2,8-2,trainer_history_top3_excess,0.0335261971,8-5,8-6,8-5,66.1697693,34238.0742,
2,8,3,8-3,trainer_history_top3_excess,0.0493586138,8-7,8-8,8-7,30.7140045,1228.63257,
2,8,4,8-4,recent_finish_percentile_weighted_3_minus_race_mean,-0.387607455,8-9,8-10,8-10,39.6039581,5194.19922,
2,8,5,8-5,form_class_level_weighted_3,57.6666679,8-11,8-12,8-11,36.6389961,17967.0781,
2,8,6,8-6,recent_margin_quality_weighted_3_minus_race_mean,0.223216027,8-13,8-14,8-14,34.4328613,16270.9961,
2,8,7,8-7,recent_margin_quality_weighted_3_minus_race_mean,-0.16163224,8-15,8-16,8-16,15.7885284,978.686218,
2,8,8,8-8,jockey_history_top3_excess,0.0975448713,8-17,8-18,8-17,9.21956635,249.946365,
2,8,9,8-9,jockey_history_top3_excess,0.0241276901,8-19,8-20,8-19,8.25064087,281.464874,
2,8,10,8-10,trainer_history_top3_excess,-0.0714217871,8-21,8-22,8-22,26.4563637,4912.73438,
2,8,11,8-11,recent_finish_percentile_weighted_3_minus_race_mean,0.073359549,8-23,8-24,8-24,54.5293083,8842.54102,
2,8,12,8-12,recent_finish_percentile_rank,8.0,8-25,8-26,8-26,18.4637794,9124.53711,
2,8,13,8-13,trainer_history_top3_excess,0.158633247,8-27,8-28,8-28,28.8141899,11202.8711,
2,8,14,8-14,jockey_history_top3_excess,0.0114269881,8-29,8-30,8-30,44.4627304,5068.12451,
2,8,15,8-15,Leaf,,,,,-0.0147222951,410.32605,
2,8,16,8-16,Leaf,,,,,-0.00794466492,568.360168,
2,8,17,8-17,Leaf,,,,,-0.00341623579,202.559921,
2,8,18,8-18,Leaf,,,,,0.00787395518,47.3864479,
2,8,19,8-19,Leaf,,,,,-0.0153448647,163.327515,
2,8,20,8-20,Leaf,,,,,-0.00586060574,118.137367,
2,8,21,8-21,Leaf,,,,,-0.00813487452,422.06424,
2,8,22,8-22,Leaf,,,,,-0.00164342427,4490.66992,
2,8,23,8-23,Leaf,,,,,-0.00456759427,2572.75464,
2,8,24,8-24,Leaf,,,,,-0.000249567849,6269.78564,
2,8,25,8-25,Leaf,,,,,0.00109216,8342.41309,
2,8,26,8-26,Leaf,,,,,-0.00290091778,782.12439,
2,8,27,8-27,Leaf,,,,,0.000749154075,10582.4531,
2,8,28,8-28,Leaf,,,,,0.00625440711,620.418213,
2,8,29,8-29,Leaf,,,,,0.00017347635,1653.84814,
2,8,30,8-30,Leaf,,,,,0.00517033366,3414.27612,
2,9,0,9-0,recent_finish_percentile_weighted_3_minus_race_mean,-0.0224326849,9-1,9-2,9-1,161.368759,40240.4883,
2,9,1,9-1,form_class_level_weighted_3,58.3333321,9-3,9-4,9-3,99.6053162,10308.0049,
2,9,2,9-2,good_starts,9.0,9-5,9-6,9-6,70.9144135,29932.4844,
2,9,3,9-3,jockey_history_top3_excess,-0.0340909101,9-7,9-8,9-8,48.82901,4284.75879,
2,9,4,9-4,good_starts,14.0,9-9,9-10,9-10,35.3793373,6023.24561,
2,9,5,9-5,recent_margin_std_6,2.24269176,9-11,9-12,9-12,55.5580368,19792.5566,
2,9,6,9-6,jockey_history_top3_excess,0.0456380509,9-13,9-14,9-13,20.2800941,10139.9277,
2,9,7,9-7,recent_finish_percentile_weighted_3_minus_race_mean,-0.155434132,9-15,9-16,9-16,18.2334747,1169.36877,
2,9,8,9-8,recent_weighted_avg_margin_rank,4.0,9-17,9-18,9-17,26.2535706,3115.39014,
2,9,9,9-9,recent_finish_percentile_weighted_3_minus_race_mean,-0.396668434,9-19,9-20,9-20,20.4278069,4050.26904,
2,9,10,9-10,jockey_trainer_history_smoothed_top3_rate_gap_to_best,0.166666657,9-21,9-22,9-21,20.61343,1972.97668,
2,9,11,9-11,recent_finish_percentile_weighted_3_minus_race_mean,0.281823516,9-23,9-24,9-24,35.2624512,8807.92773,
2,9,12,9-12,best_finish_percentile_at_stronger_class,0.8125,9-25,9-26,9-25,39.3985214,10984.6299,
2,9,13,9-13,form_class_level_weighted_3,54.3333321,9-27,9-28,9-27,17.275753,6902.18945,
2,9,14,9-14,best_finish_percentile_at_stronger_class,0.615384638,9-29,9-30,9-30,18.0138283,3237.73828,
2,9,15,9-15,Leaf,,,,,-0.014030369,433.168457,
2,9,16,9-16,Leaf,,,,,-0.00732713891,736.200317,
2,9,17,9-17,Leaf,,,,,-0.000468156359,965.853577,
2,9,18,9-18,Leaf,,,,,-0.00543920975,2149.53662,
2,9,19,9-19,Leaf,,,,,-0.00991220307,99.1575699,
2,9,20,9-20,Leaf,,,,,0.00104913069,3951.11157,
2,9,21,9-21,Leaf,,,,,-0.00197692495,1563.01892,
2,9,22,9-22,Leaf,,,,,-0.00824773032,409.957764,
2,9,23,9-23,Leaf,,,,,0.00231337524,6308.96973,
2,9,24,9-24,Leaf,,,,,0.00582850678,2498.95776,
2,9,25,9-25,Leaf,,,,,-0.000576448627,6566.90918,
2,9,26,9-26,Leaf,,,,,0.00247377926,4417.72119,
2,9,27,9-27,Leaf,,,,,-0.00491334824,807.350098,
2,9,28,9-28,Leaf,,,,,-0.0010357484,6094.83936,
2,9,29,9-29,Leaf,,,,,-0.00549209723,244.197678,
2,9,30,9-30,Leaf,,,,,0.0014379716,2993.54053,
2,10,0,10-0,recent_margin_quality_weighted_3_minus_race_mean,-0.0360839367,10-1,10-2,10-1,149.836884,39759.2617,
2,10,1,10-1,form_class_level_weighted_3,60.3333321,10-3,10-4,10-3,89.6774979,9678.72656,
2,10,2,10-2,jockey_history_top3_excess,0.133503571,10-5,10-6,10-5,60.8492279,30080.5332,
2,10,3,10-3,recent_margin_quality_weighted_3_minus_race_mean,-0.172357947,10-7,10-8,10-8,55.0774536,4634.60596,
2,10,4,10-4,good_starts,8.0,10-9,10-10,10-10,32.1731796,5044.12109,
2,10,5,10-5,recent_last600_best_3,34.4000015,10-11,10-12,10-12,61.5257111,28182.6777,
2,10,6,10-6,good_starts,8.0,10-13,10-14,10-14,28.7947083,1897.8551,
2,10,7,10-7,trainer_history_top3_excess,0.0500963517,10-15,10-16,10-15,31.9825287,1156.34155,
2,10,8,10-8,trainer_history_top3_excess,-0.0248917751,10-17,10-18,10-18,23.315361,3478.26416,
2,10,9,10-9,current_weight_change_pct,-0.017699115,10-19,10-20,10-19,29.3561382,2107.52783,
2,10,10,10-10,jockey_history_top3_excess,-0.0362505838,10-21,10-22,10-21,18.7027931,2936.59351,
2,10,11,10-11,recent_finish_percentile_weighted_3_minus_race_mean,0.352190316,10-23,10-24,10-24,27.4316483,9498.33496,
2,10,12,10-12,jockey_history_top3_excess,-0.0846889094,10-25,10-26,10-25,25.3720665,18684.3438,
2,10,13,10-13,jockey_history_starts,178.0,10-27,10-28,10-28,14.8778,1332.84668,
2,10,14,10-14,form_class_level_weighted_3,106.666664,10-29,10-30,10-29,20.5518284,565.008423,
2,10,15,10-15,Leaf,,,,,-0.0120733501,914.471741,
2,10,16,10-16,Leaf,,,,,-0.00175007747,241.869873,
2,10,17,10-17,Leaf,,,,,-0.00680980971,1021.47211,
2,10,18,10-18,Leaf,,,,,-0.00230652723,2456.79199,
2,10,19,10-19,Leaf,,,,,-0.00328035769,504.478394,
2,10,20,10-20,Leaf,,,,,0.00358041865,1603.04932,
2,10,21,10-21,Leaf,,,,,-0.0060190903,598.848145,
2,10,22,10-22,Leaf,,,,,-0.00108713133,2337.74536,
2,10,23,10-23,Leaf,,,,,0.00176992733,8687.23828,
2,10,24,10-24,Leaf,,,,,0.00656071398,811.09729,
2,10,25,10-25,Leaf,,,,,-0.00388422352,1138.18213,
2,10,26,10-26,Leaf,,,,,-4.77826725e-05,17546.1621,
2,10,27,10-27,Leaf,,,,,0.00440928107,670.297852,
2,10,28,10-28,Leaf,,,,,0.00981851015,662.548828,
2,10,29,10-29,Leaf,,,,,-0.00166380277,478.945831,
2,10,30,10-30,Leaf,,,,,0.0109829931,86.0625916,
2,11,0,11-0,recent_finish_percentile_rank,5.0,11-1,11-2,11-2,132.107544,39586.8438,
2,11,1,11-1,recent_margin_std_6,1.95593119,11-3,11-4,11-4,47.5315895,24409.7793,
2,11,2,11-2,recent_weighted_avg_margin,9.59683704,11-5,11-6,11-5,98.9860382,15177.0654,
2,11,3,11-3,recent_margin_quality_weighted_3_minus_race_mean,0.16372332,11-7,11-8,11-8,29.7165222,9036.97363,
2,11,4,11-4,good_starts,14.0,11-9,11-10,11-10,33.2341919,15372.8047,
2,11,5,11-5,jockey_history_top3_excess,-0.0248553064,11-11,11-12,11-11,63.0547943,14527.3047,
2,11,6,11-6,recent_3_distance_m,1600.0,11-13,11-14,11-14,14.9305267,649.759888,
2,11,7,11-7,distance_minus_recent_avg,-110.666664,11-15,11-16,11-16,34.251873,3705.84497,
2,11,8,11-8,recent_weighted_avg_margin,1.99525106,11-17,11-18,11-18,28.8934479,5331.12891,
2,11,9,11-9,jockey_history_top3_excess,-0.00734116696,11-19,11-20,11-19,30.6354198,12508.3955,
2,11,10,11-10,current_weight_change_pct,0.0818181783,11-21,11-22,11-22,23.4396896,2864.40942,
2,11,11,11-11,form_class_level_weighted_3,54.0,11-23,11-24,11-24,36.7458649,3968.78491,
2,11,12,11-12,best_finish_percentile_at_stronger_class,0.70588237,11-25,11-26,11-25,27.7166443,10558.5205,
2,11,13,11-13,best_finish_percentile_at_stronger_class,0.833333313,11-27,11-28,11-27,7.24336243,289.654266,
2,11,14,11-14,recent_margin_quality_weighted_3_minus_race_mean,-0.135045111,11-29,11-30,11-30,12.0973892,360.105652,
2,11,15,11-15,Leaf,,,,,-0.00653824909,335.597839,
2,11,16,11-16,Leaf,,,,,0.00172415585,3370.24707,
2,11,17,11-17,Leaf,,,,,0.00263091153,3680.80713,
2,11,18,11-18,Leaf,,,,,0.00662373006,1650.3219,
2,11,19,11-19,Leaf,,,,,-0.000714835653,4422.78223,
2,11,20,11-20,Leaf,,,,,0.00187042716,8085.61377,
2,11,21,11-21,Leaf,,,,,-0.00299884891,2416.87598,
2,11,22,11-22,Leaf,,,,,0.00317335874,447.533295,
2,11,23,11-23,Leaf,,,,,-0.00866727158,819.275269,
2,11,24,11-24,Leaf,,,,,-0.00272770831,3149.50952,
2,11,25,11-25,Leaf,,,,,-0.00132610917,6332.90332,
2,11,26,11-26,Leaf,,,,,0.00128536869,4225.6167,
2,11,27,11-27,Leaf,,,,,-0.01726266,240.335999,
2,11,28,11-28,Leaf,,,,,-0.00515680248,49.3182564,
2,11,29,11-29,Leaf,,,,,-0.0108041298,227.672729,
2,11,30,11-30,Leaf,,,,,-0.00121595047,132.432922,
2,12,0,12-0,recent_finish_percentile_weighted_6_rank_in_race,5.0,12-1,12-2,12-2,144.34433,39123.625,
2,12,1,12-1,distance_minus_recent_avg,-241.666672,12-3,12-4,12-4,42.3117905,24927.4688,
2,12,2,12-2,recent_weighted_avg_margin,9.59683704,12-5,12-6,12-5,79.4023895,14196.1582,
2,12,3,12-3,jockey_history_top3_excess,-0.0398963541,12-7,12-8,12-7,21.1534557,692.508301,
2,12,4,12-4,jockey_history_top3_excess,0.105548568,12-9,12-10,12-9,37.9149704,24234.959,
2,12,5,12-5,jockey_history_top3_excess,0.00929614715,12-11,12-12,12-11,60.9289856,13591.8428,
2,12,6,12-6,form_class_level_weighted_3,72.0,12-13,12-14,12-13,15.5671921,604.315796,
2,12,7,12-7,form_class_level_weighted_3,100.0,12-15,12-16,12-15,19.3522949,125.822678,
2,12,8,12-8,recent_3_margin,3.70000005,12-17,12-18,12-17,10.2401352,566.685608,
2,12,9,12-9,best_finish_percentile_at_stronger_class,0.615384638,12-19,12-20,12-19,25.7245178,21361.5508,
2,12,10,12-10,recent_finish_percentile_weighted_3_minus_race_mean,0.237441987,12-21,12-22,12-22,26.1588364,2873.40869,
2,12,11,12-11,form_class_level_weighted_3,53.5999985,12-23,12-24,12-23,40.0877991,6262.65869,
2,12,12,12-12,best_finish_percentile_at_stronger_class,0.769230783,12-25,12-26,12-25,22.0418625,7329.18408,
2,12,13,12-13,best_finish_percentile_at_stronger_class,0.727272749,12-27,12-28,12-27,19.2406006,512.91095,
2,12,14,12-14,trainer_history_top3_excess,-0.0476943962,12-29,12-30,12-29,4.03214359,91.4048615,
2,12,15,12-15,Leaf,,,,,-0.0175652932,108.532387,
2,12,16,12-16,Leaf,,,,,0.00729715778,17.2902889,
2,12,17,12-17,Leaf,,,,,-0.00542564085,338.973267,
2,12,18,12-18,Leaf,,,,,0.0013229124,227.712372,
2,12,19,12-19,Leaf,,,,,-0.000180931995,7991.34717,
2,12,20,12-20,Leaf,,,,,0.00161083264,13370.2041,
2,12,21,12-21,Leaf,,,,,0.00193671358,1662.4552,
2,12,22,12-22,Leaf,,,,,0.00678050006,1210.95349,
2,12,23,12-23,Leaf,,,,,-0.00657390803,1804.95972,
2,12,24,12-24,Leaf,,,,,-0.00215380872,4457.69922,
2,12,25,12-25,Leaf,,,,,-0.00112600147,4631.51025,
2,12,26,12-26,Leaf,,,,,0.00171218649,2697.67383,
2,12,27,12-27,Leaf,,,,,-0.0153446989,377.900757,
2,12,28,12-28,Leaf,,,,,-0.00394815812,135.010178,
2,12,29,12-29,Leaf,,,,,-0.00999845564,14.5626001,
2,12,30,12-30,Leaf,,,,,0.00146983715,76.8422623,
2,13,0,13-0,recent_finish_percentile_weighted_3_minus_race_mean,-0.0291158259,13-1,13-2,13-1,135.834396,38707.0664,
2,13,1,13-1,form_class_level_weighted_3,62.0,13-3,13-4,13-3,77.9112778,9380.93164,
2,13,2,13-2,trainer_history_top3_excess,0.0775297582,13-5,13-6,13-5,63.5944595,29326.1348,
2,13,3,13-3,jockey_history_top3_excess,-0.0340909101,13-7,13-8,13-7,58.2277985,4532.48877,
2,13,4,13-4,good_starts,10.0,13-9,13-10,13-10,34.7143936,4848.44238,
2,13,5,13-5,recent_last600_best_3,34.7999992,13-11,13-12,13-12,37.8231163,22574.8672,
2,13,6,13-6,jockey_history_top3_excess,0.133503571,13-13,13-14,13-14,43.2165298,6751.26758,
2,13,7,13-7,recent_3_margin,5.19999981,13-15,13-16,13-16,18.9968262,1239.54053,
2,13,8,13-8,trainer_history_top3_excess,-0.0714217871,13-17,13-18,13-17,25.4606743,3292.94824,
2,13,9,13-9,recent_finish_percentile_weighted_3_minus_race_mean,-0.0482041836,13-19,13-20,13-20,15.452877,2537.57349,
2,13,10,13-10,recent_finish_percentile_weighted_3_minus_race_mean,-0.200889319,13-21,13-22,13-22,19.190136,2310.86914,
2,13,11,13-11,recent_margin_quality_weighted_3_minus_race_mean,0.209049881,13-23,13-24,13-24,33.5047226,10157.6436,
2,13,12,13-12,jockey_trainer_history_smoothed_top3_rate_gap_to_best,0.307189584,13-25,13-26,13-26,26.3400764,12417.2246,
2,13,13,13-13,prize_money_rank,3.0,13-27,13-28,13-28,27.4908676,5867.75049,
2,13,14,13-14,recent_margin_std_6,2.63773894,13-29,13-30,13-29,15.2628098,883.517151,
2,13,15,13-15,Leaf,,,,,-0.00603838312,562.02124,
2,13,16,13-16,Leaf,,,,,-0.0124691296,677.519348,
2,13,17,13-17,Leaf,,,,,-0.00919393636,390.326141,
2,13,18,13-18,Leaf,,,,,-0.00243884209,2902.62207,
2,13,19,13-19,Leaf,,,,,0.00215138448,2320.27466,
2,13,20,13-20,Leaf,,,,,-0.00467922818,217.29866,
2,13,21,13-21,Leaf,,,,,-0.00598815922,735.028809,
2,13,22,13-22,Leaf,,,,,-0.00110264821,1575.84021,
2,13,23,13-23,Leaf,,,,,0.000269314507,6824.56641,
2,13,24,13-24,Leaf,,,,,0.0033257925,3333.0769,
2,13,25,13-25,Leaf,,,,,-8.79180734e-05,9127.20508,
2,13,26,13-26,Leaf,,,,,-0.00269499677,3290.01929,
2,13,27,13-27,Leaf,,,,,0.00522918394,1358.34192,
2,13,28,13-28,Leaf,,,,,0.00117622572,4509.40869,
2,13,29,13-29,Leaf,,,,,0.01001509,645.645447,
2,13,30,13-30,Leaf,,,,,0.00245613768,237.871674,
2,14,0,14-0,recent_finish_percentile_weighted_3_minus_race_mean,-0.161171913,14-1,14-2,14-2,130.68396,38214.4688,
2,14,1,14-1,jockey_history_top3_excess,0.067592591,14-3,14-4,14-3,37.1069336,3440.17969,
2,14,2,14-2,recent_margin_quality_weighted_3_minus_race_mean,0.15602529,14-5,14-6,14-5,62.64814,34774.2891,
2,14,3,14-3,form_class_level_weighted_3,62.3333321,14-7,14-8,14-7,29.8311157,2702.53027,
2,14,4,14-4,recent_margin_std_6,0.875595033,14-9,14-10,14-9,8.19478512,737.649414,
2,14,5,14-5,form_class_level_weighted_3,62.0,14-11,14-12,14-11,76.318222,20305.5059,
2,14,6,14-6,recent_similar_distance_speed_rank,5.0,14-13,14-14,14-14,37.0995102,14468.7832,
2,14,7,14-7,recent_margin_quality_weighted_3_minus_race_mean,-0.2464239,14-15,14-16,14-16,30.1257629,1271.37317,
2,14,8,14-8,good_wins,2.0,14-17,14-18,14-18,16.6978359,1431.15698,
2,14,9,14-9,recent_margin_quality_weighted_3_minus_race_mean,-0.216178834,14-19,14-20,14-20,2.91672897,59.2556686,
2,14,10,14-10,recent_weighted_avg_margin,7.69395399,14-21,14-22,14-22,11.1992693,678.393738,
2,14,11,14-11,jockey_history_top3_excess,-0.0652798787,14-23,14-24,14-23,49.0871201,10902.5889,
2,14,12,14-12,distance_minus_recent_avg,-116.666664,14-25,14-26,14-26,30.622366,9402.91699,
2,14,13,14-13,recent_margin_quality_weighted_3_minus_race_mean,0.337773383,14-27,14-28,14-28,28.9846725,6867.56348,
2,14,14,14-14,trainer_history_top3_excess,0.0371838696,14-29,14-30,14-29,36.0050049,7601.21924,
2,14,15,14-15,Leaf,,,,,-0.0154035706,318.449158,
2,14,16,14-16,Leaf,,,,,-0.00643398985,952.924072,
2,14,17,14-17,Leaf,,,,,-0.000993578695,782.829041,
2,14,18,14-18,Leaf,,,,,-0.00642231433,648.328003,
2,14,19,14-19,Leaf,,,,,-0.000885286194,13.546114,
2,14,20,14-20,Leaf,,,,,0.0110602891,45.7095528,
2,14,21,14-21,Leaf,,,,,0.000641311926,606.125122,
2,14,22,14-22,Leaf,,,,,-0.00917652901,72.2686386,
2,14,23,14-23,Leaf,,,,,-0.00639854232,1306.88342,
2,14,24,14-24,Leaf,,,,,-0.00124672486,9595.70508,
2,14,25,14-25,Leaf,,,,,-0.00263398699,1133.22607,
2,14,26,14-26,Leaf,,,,,0.00173089339,8269.69043,
2,14,27,14-27,Leaf,,,,,0.0022490893,5588.64648,
2,14,28,14-28,Leaf,,,,,0.00642214715,1278.91675,
2,14,29,14-29,Leaf,,,,,-0.00124007498,3753.70972,
2,14,30,14-30,Leaf,,,,,0.00219657994,3847.50952,
2,15,0,15-0,recent_weighted_avg_margin,4.39091301,15-1,15-2,15-2,137.221283,38374.1094,
2,15,1,15-1,recent_margin_quality_weighted_3_minus_race_mean,0.34690398,15-3,15-4,15-4,44.5666695,28271.5566,
2,15,2,15-2,trainer_history_top3_excess,-0.00958582107,15-5,15-6,15-5,59.3352966,10102.5527,
2,15,3,15-3,trainer_history_top3_excess,0.0856779218,15-7,15-8,15-7,33.6294785,25858.1699,
2,15,4,15-4,best_finish_percentile_at_stronger_class,0.9375,15-9,15-10,15-10,32.0317612,2413.38696,
2,15,5,15-5,recent_weighted_avg_margin,9.23797798,15-11,15-12,15-11,36.5328979,4308.18652,
2,15,6,15-6,best_finish_percentile_at_stronger_class,0.699999988,15-13,15-14,15-13,26.9292908,5794.36572,
2,15,7,15-7,recent_similar_distance_speed_rank,7.0,15-15,15-16,15-16,25.7766857,20754.5371,
2,15,8,15-8,current_weight_change_pct,-0.0344827585,15-17,15-18,15-18,34.6407204,5103.63428,
2,15,9,15-9,horse_jockey_win_rate_rank,2.0,15-19,15-20,15-19,33.3171463,1128.76306,
2,15,10,15-10,jockey_history_top3_excess,0.0593745857,15-21,15-22,15-21,18.7665977,1284.6239,
2,15,11,15-11,current_weight_change_pct,0.0188679248,15-23,15-24,15-23,18.164856,3845.64722,
2,15,12,15-12,recent_margin_quality_weighted_3_minus_race_mean,-0.0701009631,15-25,15-26,15-26,8.4196167,462.539307,
2,15,13,15-13,trainer_history_top3_excess,0.0420240685,15-27,15-28,15-28,16.8248825,3152.44434,
2,15,14,15-14,recent_similar_distance_speed_rank,11.0,15-29,15-30,15-29,18.682579,2641.92163,
2,15,15,15-15,Leaf,,,,,0.000935483433,14332.4199,
2,15,16,15-16,Leaf,,,,,-0.000969051325,6422.11621,
2,15,17,15-17,Leaf,,,,,-0.00412100414,428.233978,
2,15,18,15-18,Leaf,,,,,0.00323515432,4675.40039,
2,15,19,15-19,Leaf,,,,,0.00896410272,995.252747,
2,15,20,15-20,Leaf,,,,,-0.00405136915,133.51033,
2,15,21,15-21,Leaf,,,,,-0.000439261319,880.35675,
2,15,22,15-22,Leaf,,,,,0.00600332953,404.26709,
2,15,23,15-23,Leaf,,,,,-0.00491839228,2546.13379,
2,15,24,15-24,Leaf,,,,,-0.00126854132,1299.51343,
2,15,25,15-25,Leaf,,,,,-0.0128288521,365.771606,
2,15,26,15-26,Leaf,,,,,-0.0039162077,96.7676926,
2,15,27,15-27,Leaf,,,,,-0.00426885206,1371.36096,
2,15,28,15-28,Leaf,,,,,-0.000583704386,1781.08325,
2,15,29,15-29,Leaf,,,,,0.00157448708,2576.20239,
2,15,30,15-30,Leaf,,,,,-0.01102388,65.7192383,
2,16,0,16-0,recent_weighted_avg_margin,5.22812605,16-1,16-2,16-1,136.102203,38073.9766,
2,16,1,16-1,jockey_history_top3_excess,0.0720480531,16-3,16-4,16-3,63.0906219,32089.9727,
2,16,2,16-2,jockey_history_top3_excess,-0.0248553064,16-5,16-6,16-5,50.3187256,5984.00244,
2,16,3,16-3,jockey_trainer_history_smoothed_top3_rate_gap_to_best,0.145454556,16-7,16-8,16-8,45.5714951,24578.5566,
2,16,4,16-4,recent_margin_quality_weighted_3_minus_race_mean,0.337773383,16-9,16-10,16-9,36.6878815,7511.41504,
2,16,5,16-5,recent_weighted_avg_margin_rank,6.0,16-11,16-12,16-12,21.1699677,1977.23901,
2,16,6,16-6,form_class_level_weighted_3,61.5,16-13,16-14,16-13,25.6958866,4006.76343,
2,16,7,16-7,current_weight_change_pct,-0.0170940179,16-15,16-16,16-16,32.309433,13052.8672,
2,16,8,16-8,recent_3_margin,5.9000001,16-17,16-18,16-18,20.2377777,11525.6904,
2,16,9,16-9,good_starts,25.0,16-19,16-20,16-19,18.6588402,6847.46387,
2,16,10,16-10,good_starts,6.0,16-21,16-22,16-22,11.1652222,663.950867,
2,16,11,16-11,form_class_level_weighted_3,57.6666679,16-23,16-24,16-23,12.7331791,598.885803,
2,16,12,16-12,historical_market_overperformance_slope_3,0.343137264,16-25,16-26,16-25,14.9471436,1378.35327,
2,16,13,16-13,trainer_history_top3_excess,0.0508571416,16-27,16-28,16-27,18.5535088,2443.79004,
2,16,14,16-14,historical_market_overperformance_slope_3,0.397985339,16-29,16-30,16-29,12.6807375,1562.97351,
2,16,15,16-15,Leaf,,,,,-0.00177962554,2043.98389,
2,16,16,16-16,Leaf,,,,,0.00163548649,11008.8838,
2,16,17,16-17,Leaf,,,,,-0.000535016472,9250.30176,
2,16,18,16-18,Leaf,,,,,-0.00316441595,2275.38892,
2,16,19,16-19,Leaf,,,,,0.00241075014,6593.38477,
2,16,20,16-20,Leaf,,,,,-0.0043717646,254.079208,
2,16,21,16-21,Leaf,,,,,0.0107677598,416.200684,
2,16,22,16-22,Leaf,,,,,0.00381889124,247.750168,
2,16,23,16-23,Leaf,,,,,-0.00526772905,391.790222,
2,16,24,16-24,Leaf,,,,,0.00226391619,207.095551,
2,16,25,16-25,Leaf,,,,,-0.00905911531,1284.43494,
2,16,26,16-26,Leaf,,,,,0.00110197149,93.918251,
2,16,27,16-27,Leaf,,,,,-0.00468885293,1790.00146,
2,16,28,16-28,Leaf,,,,,0.000216162458,653.788452,
2,16,29,16-29,Leaf,,,,,0.00013604002,1476.2135,
2,16,30,16-30,Leaf,,,,,0.00948455743,86.7600098,
2,17,0,17-0,recent_margin_quality_weighted_3_minus_race_mean,0.08304739,17-1,17-2,17-1,133.246872,37546.6797,
2,17,1,17-1,form_class_level_weighted_3,60.7999992,17-3,17-4,17-3,76.8069153,17453.3281,
2,17,2,17-2,recent_last600_best_3,34.8199997,17-5,17-6,17-6,43.912178,20093.3516,
2,17,3,17-3,recent_margin_quality_weighted_3_minus_race_mean,-0.172357947,17-7,17-8,17-8,61.0012207,8424.07422,
2,17,4,17-4,good_starts,8.0,17-9,17-10,17-10,66.473671,9029.25391,
2,17,5,17-5,jockey_recent_top3_excess,0.106979623,17-11,17-12,17-11,30.9660034,9465.68164,
2,17,6,17-6,recent_similar_distance_speed_rank,7.0,17-13,17-14,17-14,23.8688736,10627.6689,
2,17,7,17-7,trainer_history_top3_excess,0.043660935,17-15,17-16,17-15,20.3125916,1023.09845,
2,17,8,17-8,trainer_history_top3_excess,-0.0351423696,17-17,17-18,17-18,26.7506714,7400.9751,
2,17,9,17-9,jockey_recent_top3_excess,0.113599494,17-19,17-20,17-20,19.18293,4115.06201,
2,17,10,17-10,trainer_history_top3_excess,0.00954952464,17-21,17-22,17-21,20.4065533,4914.19238,
2,17,11,17-11,best_finish_percentile_at_equal_or_higher_weight,0.222222224,17-23,17-24,17-23,19.2702408,7025.48535,
2,17,12,17-12,recent_margin_std_6,2.4717741,17-25,17-26,17-25,36.3193893,2440.19678,
2,17,13,17-13,jockey_history_starts,34.0,17-27,17-28,17-28,25.1621571,6781.48389,
2,17,14,17-14,trainer_history_top3_excess,0.119646482,17-29,17-30,17-29,15.8448505,3846.18506,
2,17,15,17-15,Leaf,,,,,-0.0109625226,779.947998,
2,17,16,17-16,Leaf,,,,,-0.00253660302,243.150497,
2,17,17,17-17,Leaf,,,,,-0.00533132674,1632.85815,
2,17,18,17-18,Leaf,,,,,-0.00170583057,5768.11719,
2,17,19,17-19,Leaf,,,,,0.00132224883,3043.09644,
2,17,20,17-20,Leaf,,,,,0.00520984363,1071.96545,
2,17,21,17-21,Leaf,,,,,-0.0037778602,2148.59082,
2,17,22,17-22,Leaf,,,,,-0.000528996577,2765.60156,
2,17,23,17-23,Leaf,,,,,0.00363001786,2333.50488,
2,17,24,17-24,Leaf,,,,,0.000848818512,4691.98047,
2,17,25,17-25,Leaf,,,,,0.00707984203,1685.76062,
2,17,26,17-26,Leaf,,,,,0.000470617699,754.436218,
2,17,27,17-27,Leaf,,,,,-0.00170545746,1471.83252,
2,17,28,17-28,Leaf,,,,,0.00197805907,5309.65137,
2,17,29,17-29,Leaf,,,,,-0.00183674914,3444.82056,
2,17,30,17-30,Leaf,,,,,0.0033537515,401.36438,
2,18,0,18-0,recent_weighted_avg_margin_rank,5.0,18-1,18-2,18-2,111.890091,37388.2109,
2,18,1,18-1,jockey_history_top3_excess,0.133503571,18-3,18-4,18-3,48.5473518,23283.5566,
2,18,2,18-2,recent_finish_percentile_weighted_3_minus_race_mean,-0.161171913,18-5,18-6,18-6,54.8384476,14104.6543,
2,18,3,18-3,recent_margin_std_6,3.61090946,18-7,18-8,18-8,22.381773,21937.5508,
2,18,4,18-4,good_starts,9.0,18-9,18-10,18-10,18.8315659,1346.00647,
2,18,5,18-5,form_class_level_weighted_3,58.0,18-11,18-12,18-11,32.7821045,2816.08691,
2,18,6,18-6,form_class_level_weighted_3,60.7999992,18-13,18-14,18-13,34.1765137,11288.5674,
2,18,7,18-7,good_starts,5.0,18-15,18-16,18-16,24.1163177,18086.791,
2,18,8,18-8,form_class_level_weighted_3,58.6666679,18-17,18-18,18-17,17.3397961,3850.75928,
2,18,9,18-9,historical_market_overperformance_slope_3,0.0702380985,18-19,18-20,18-19,15.8562164,1002.64258,
2,18,10,18-10,historical_market_overperformance_slope_3,0.397985339,18-21,18-22,18-22,16.3830814,343.363861,
2,18,11,18-11,jockey_history_top3_excess,0.0975448713,18-23,18-24,18-23,21.9066849,875.681702,
2,18,12,18-12,jockey_history_top3_excess,0.0192631874,18-25,18-26,18-25,15.6509743,1940.40515,
2,18,13,18-13,recent_finish_percentile_weighted_3_minus_race_mean,0.0774794817,18-27,18-28,18-28,25.9384193,5773.58936,
2,18,14,18-14,good_starts,8.0,18-29,18-30,18-30,25.7369308,5514.97803,
2,18,15,18-15,Leaf,,,,,0.00236216537,7568.5957,
2,18,16,18-16,Leaf,,,,,0.000510705344,10518.1953,
2,18,17,18-17,Leaf,,,,,-0.00206423528,2467.0542,
2,18,18,18-18,Leaf,,,,,0.00142102665,1383.70496,
2,18,19,18-19,Leaf,,,,,0.00938033964,737.758911,
2,18,20,18-20,Leaf,,,,,0.00213139271,264.883698,
2,18,21,18-21,Leaf,,,,,-0.00189663318,283.532288,
2,18,22,18-22,Leaf,,,,,0.0115735307,59.8315887,
2,18,23,18-23,Leaf,,,,,-0.00999909732,792.99054,
2,18,24,18-24,Leaf,,,,,0.00313612865,82.6911316,
2,18,25,18-25,Leaf,,,,,-0.0050682961,993.013733,
2,18,26,18-26,Leaf,,,,,-0.000572438992,947.391418,
2,18,27,18-27,Leaf,,,,,-0.00386437261,2864.74927,
2,18,28,18-28,Leaf,,,,,-0.000511030725,2908.84009,
2,18,29,18-29,Leaf,,,,,0.00235316902,2632.04834,
2,18,30,18-30,Leaf,,,,,-0.00105942553,2882.92993,
2,19,0,19-0,recent_weighted_avg_margin,4.39091301,19-1,19-2,19-2,107.020958,36977.4688,
2,19,1,19-1,good_starts,19.0,19-3,19-4,19-4,59.5802841,27427.9902,
2,19,2,19-2,form_class_level_weighted_3,64.3333359,19-5,19-6,19-5,56.4341431,9549.47656,
2,19,3,19-3,prize_money_rank,3.0,19-7,19-8,19-8,45.7473793,24610.2148,
2,19,4,19-4,prize_money_rank,4.0,19-9,19-10,19-10,20.6512203,2817.77563,
2,19,5,19-5,recent_margin_quality_weighted_3_minus_race_mean,-0.2464239,19-11,19-12,19-12,42.9349518,6723.06543,
2,19,6,19-6,good_starts,12.0,19-13,19-14,19-14,18.5309906,2826.41138,
2,19,7,19-7,recent_margin_quality_weighted_3_minus_race_mean,0.199903965,19-15,19-16,19-16,36.6005783,5281.08545,
2,19,8,19-8,jockey_history_top3_excess,0.0456380509,19-17,19-18,19-18,37.6739655,19329.1289,
2,19,9,19-9,best_finish_percentile_at_equal_or_higher_weight,0.0909090936,19-19,19-20,19-19,16.4215031,1817.23059,
2,19,10,19-10,jockey_history_top3_excess,0.000183150187,19-21,19-22,19-21,11.3318329,1000.5451,
2,19,11,19-11,jockey_history_top3_excess,-0.012987013,19-23,19-24,19-24,15.5283279,476.873444,
2,19,12,19-12,current_weight_change_pct,-0.0173913036,19-25,19-26,19-26,29.0035248,6246.19189,
2,19,13,19-13,recent_margin_quality_weighted_3_minus_race_mean,0.110275209,19-27,19-28,19-28,14.5133543,1728.73328,
2,19,14,19-14,best_finish_percentile_at_stronger_class,0.636363626,19-29,19-30,19-30,20.5402164,1097.6781,
2,19,15,19-15,Leaf,,,,,0.00170165673,3415.13232,
2,19,16,19-16,Leaf,,,,,0.00605977327,1865.953,
2,19,17,19-17,Leaf,,,,,-0.000251969439,11829.9375,
2,19,18,19-18,Leaf,,,,,0.00201154943,7499.19189,
2,19,19,19-19,Leaf,,,,,0.00227057748,611.613892,
2,19,20,19-20,Leaf,,,,,-0.00272427406,1205.6167,
2,19,21,19-21,Leaf,,,,,-0.00857102685,426.870056,
2,19,22,19-22,Leaf,,,,,-0.0031101841,573.675049,
2,19,23,19-23,Leaf,,,,,-0.016025573,196.583267,
2,19,24,19-24,Leaf,,,,,-0.00649829349,280.290192,
2,19,25,19-25,Leaf,,,,,-0.00757614663,740.616699,
2,19,26,19-26,Leaf,,,,,-0.00232028123,5505.5752,
2,19,27,19-27,Leaf,,,,,0.00140904391,1518.11646,
2,19,28,19-28,Leaf,,,,,0.00829898473,210.616806,
2,19,29,19-29,Leaf,,,,,-0.00857287645,215.64183,
2,19,30,19-30,Leaf,,,,,-0.000111294517,882.036316,
2,20,0,20-0,recent_finish_percentile_weighted_3_minus_race_mean,0.184273303,20-1,20-2,20-1,100.057419,37116.3555,
2,20,1,20-1,recent_finish_percentile_weighted_3_minus_race_mean,-0.161171913,20-3,20-4,20-4,62.0071106,23891.5039,
2,20,2,20-2,jockey_history_top3_excess,0.133503571,20-5,20-6,20-6,34.9037857,13224.8506,
2,20,3,20-3,jockey_history_top3_excess,0.067592591,20-7,20-8,20-7,26.3239899,3272.66992,
2,20,4,20-4,trainer_history_top3_excess,0.0204545446,20-9,20-10,20-10,31.9323769,20618.834,
2,20,5,20-5,prize_money_rank,2.0,20-11,20-12,20-12,33.8727646,12256.2881,
2,20,6,20-6,trainer_history_top3_excess,0.0225353949,20-13,20-14,20-13,15.8187866,968.562439,
2,20,7,20-7,best_finish_percentile_at_stronger_class,0.727272749,20-15,20-16,20-15,38.0224457,2530.50269,
2,20,8,20-8,recent_3_margin,3.20000005,20-17,20-18,20-18,9.98952866,742.167236,
2,20,9,20-9,best_finish_percentile_at_stronger_class,0.70588237,20-19,20-20,20-19,37.1714706,9261.89258,
2,20,10,20-10,distance_minus_recent_avg,-121.666664,20-21,20-22,20-22,22.0672169,11356.9404,
2,20,11,20-11,jockey_history_starts,241.0,20-23,20-24,20-24,10.9845886,1584.78894,
2,20,12,20-12,jockey_history_top3_excess,-0.0202924963,20-25,20-26,20-26,20.1268234,10671.499,
2,20,13,20-13,recent_similar_distance_speed_rank,7.0,20-27,20-28,20-28,11.5254545,278.371063,
2,20,14,20-14,recent_3_margin,2.0999999,20-29,20-30,20-29,14.722084,690.191406,
2,20,15,20-15,Leaf,,,,,-0.00734165078,1684.58655,
2,20,16,20-16,Leaf,,,,,-0.000832327351,845.916199,
2,20,17,20-17,Leaf,,,,,-0.0037650459,253.832977,
2,20,18,20-18,Leaf,,,,,0.00225015986,488.334259,
2,20,19,20-19,Leaf,,,,,-0.00300136115,4454.71045,
2,20,20,20-20,Leaf,,,,,0.000165170175,4807.18262,
2,20,21,20-21,Leaf,,,,,-0.00305664144,926.993286,
2,20,22,20-22,Leaf,,,,,0.000947852561,10429.9473,
2,20,23,20-23,Leaf,,,,,0.00423066178,1435.82922,
2,20,24,20-24,Leaf,,,,,0.0113073783,148.959763,
2,20,25,20-25,Leaf,,,,,-0.00074847677,2827.4458,
2,20,26,20-26,Leaf,,,,,0.00170793349,7844.05371,
2,20,27,20-27,Leaf,,,,,0.00455789408,198.549698,
2,20,28,20-28,Leaf,,,,,-0.00615461869,79.821373,
2,20,29,20-29,Leaf,,,,,0.0113360761,426.107269,
2,20,30,20-30,Leaf,,,,,0.0036217689,264.084106,
2,21,0,21-0,recent_finish_percentile_weighted_6_rank_in_race,6.0,21-1,21-2,21-2,111.737457,36722.8125,
2,21,1,21-1,recent_margin_quality_weighted_3_minus_race_mean,0.219716489,21-3,21-4,21-4,47.7271805,26936.957,
2,21,2,21-2,recent_weighted_avg_margin,7.22153616,21-5,21-6,21-5,46.120369,9785.85352,
2,21,3,21-3,form_class_level_weighted_3,62.0,21-7,21-8,21-7,29.0607452,18159.7676,
2,21,4,21-4,good_starts,5.0,21-9,21-10,21-10,51.3850861,8777.18945,
2,21,5,21-5,jockey_history_starts,56.0,21-11,21-12,21-11,27.013176,8488.79199,
2,21,6,21-6,form_class_level_weighted_3,61.5,21-13,21-14,21-13,30.167778,1297.06201,
2,21,7,21-7,trainer_history_top3_excess,0.0539723933,21-15,21-16,21-15,23.0438118,9926.27148,
2,21,8,21-8,recent_weighted_avg_margin,1.29148197,21-17,21-18,21-18,20.5907307,8233.49707,
2,21,9,21-9,prize_money_rank,5.0,21-19,21-20,21-20,24.7012024,4304.28906,
2,21,10,21-10,recent_finish_percentile_weighted_3_minus_race_mean,0.352190316,21-21,21-22,21-22,14.8664713,4472.8999,
2,21,11,21-11,recent_weighted_avg_margin,2.11050391,21-23,21-24,21-24,18.9369659,2825.37842,
2,21,12,21-12,recent_finish_percentile_weighted_3_minus_race_mean,-0.396668434,21-25,21-26,21-26,26.4810944,5663.41357,
2,21,13,21-13,recent_3_margin,7.0,21-27,21-28,21-27,17.2387161,790.166626,
2,21,14,21-14,good_starts,13.0,21-29,21-30,21-30,14.8559084,506.895325,
2,21,15,21-15,Leaf,,,,,-0.00153905305,6818.1416,
2,21,16,21-16,Leaf,,,,,0.00105447904,3108.12988,
2,21,17,21-17,Leaf,,,,,-0.00366050261,485.445801,
2,21,18,21-18,Leaf,,,,,0.00159636757,7748.05127,
2,21,19,21-19,Leaf,,,,,0.00656449795,1842.17261,
2,21,20,21-20,Leaf,,,,,0.00271584629,2462.1167,
2,21,21,21-21,Leaf,,,,,-0.000377447112,3165.39966,
2,21,22,21-22,Leaf,,,,,0.00278077624,1307.50024,
2,21,23,21-23,Leaf,,,,,0.00350731309,213.143341,
2,21,24,21-24,Leaf,,,,,-0.0041045472,2612.23511,
2,21,25,21-25,Leaf,,,,,-0.0154226301,63.6347618,
2,21,26,21-26,Leaf,,,,,-0.000328070601,5599.77881,
2,21,27,21-27,Leaf,,,,,-0.00577211566,407.131775,
2,21,28,21-28,Leaf,,,,,-0.0134094572,383.034851,
2,21,29,21-29,Leaf,,,,,0.00118543417,345.614197,
2,21,30,21-30,Leaf,,,,,-0.00778073072,161.281128,
2,22,0,22-0,recent_finish_percentile_rank,3.0,22-1,22-2,22-2,111.613052,36396.125,
2,22,1,22-1,good_starts,6.0,22-3,22-4,22-4,44.4475174,13489.665,
2,22,2,22-2,recent_finish_percentile_weighted_3_minus_race_mean,-0.155434132,22-5,22-6,22-6,64.5256882,22906.4609,
2,22,3,22-3,recent_3_distance_m,2050.0,22-7,22-8,22-7,29.5102463,7552.61572,
2,22,4,22-4,distance_minus_recent_avg,435.0,22-9,22-10,22-10,16.4422359,5937.04883,
2,22,5,22-5,jockey_recent_top3_excess,-0.0889031738,22-11,22-12,22-11,29.4852219,3237.44067,
2,22,6,22-6,trainer_history_top3_excess,0.0387145244,22-13,22-14,22-13,36.8245544,19669.0215,
2,22,7,22-7,jockey_recent_top3_excess,-0.0451328456,22-15,22-16,22-15,28.5816803,7382.3208,
2,22,8,22-8,jockey_history_starts,87.0,22-17,22-18,22-17,20.8479881,170.294922,
2,22,9,22-9,recent_similar_distance_speed_rank,7.0,22-19,22-20,22-20,16.7413769,5561.0127,
2,22,10,22-10,recent_finish_percentile_weighted_3_minus_race_mean,0.158296227,22-21,22-22,22-22,9.35160446,376.036285,
2,22,11,22-11,trainer_history_top3_excess,0.0420240685,22-23,22-24,22-24,10.3778687,597.59436,
2,22,12,22-12,jockey_trainer_history_smoothed_top3_rate_gap_to_best,0.099999994,22-25,22-26,22-26,20.5602684,2639.84644,
2,22,13,22-13,recent_weighted_avg_margin,4.97735977,22-27,22-28,22-28,28.6707115,11480.3525,
2,22,14,22-14,good_starts,18.0,22-29,22-30,22-30,33.91222,8188.66797,
2,22,15,22-15,Leaf,,,,,0.000583446003,1868.47388,
2,22,16,22-16,Leaf,,,,,0.00416791812,5513.84717,
2,22,17,22-17,Leaf,,,,,-0.0152281066,83.1313095,
2,22,18,22-18,Leaf,,,,,0.00156471133,87.1636124,
2,22,19,22-19,Leaf,,,,,0.000577136583,4172.86621,
2,22,20,22-20,Leaf,,,,,-0.00258246856,1388.14624,
2,22,21,22-21,Leaf,,,,,0.0111162551,105.704636,
2,22,22,22-22,Leaf,,,,,0.00244181603,270.331635,
2,22,23,22-23,Leaf,,,,,-0.0111785177,456.751923,
2,22,24,22-24,Leaf,,,,,-0.00308700372,140.842438,
2,22,25,22-25,Leaf,,,,,-0.000239974237,940.940674,
2,22,26,22-26,Leaf,,,,,-0.00485158758,1698.90576,
2,22,27,22-27,Leaf,,,,,-0.000757104543,8573.13672,
2,22,28,22-28,Leaf,,,,,-0.00362920645,2907.21655,
2,22,29,22-29,Leaf,,,,,0.00119323737,7505.94531,
2,22,30,22-30,Leaf,,,,,-0.00458697276,682.722473,
2,23,0,23-0,recent_weighted_avg_margin,4.97735977,23-1,23-2,23-1,97.1856842,36177.3359,
2,23,1,23-1,jockey_history_top3_excess,0.0787435696,23-3,23-4,23-3,45.9656487,29756.125,
2,23,2,23-2,jockey_history_top3_excess,-0.0398963541,23-5,23-6,23-5,44.3625336,6421.20996,
2,23,3,23-3,recent_last600_best_3,34.7900009,23-7,23-8,23-8,26.8450394,23485.9297,
2,23,4,23-4,recent_margin_quality_weighted_3_minus_race_mean,0.223216027,23-9,23-10,23-10,37.987381,6270.19482,
2,23,5,23-5,recent_finish_percentile_weighted_3_minus_race_mean,-0.232147262,23-11,23-12,23-12,18.34272,1568.21191,
2,23,6,23-6,recent_finish_percentile_weighted_3_minus_race_mean,-0.0174372196,23-13,23-14,23-14,19.4851933,4852.99805,
2,23,7,23-7,recent_finish_percentile_weighted_3_minus_race_mean,0.147908926,23-15,23-16,23-16,27.8935757,11293.1211,
2,23,8,23-8,recent_similar_distance_speed_rank,7.0,23-17,23-18,23-18,22.3732376,12192.8096,
2,23,9,23-9,recent_last600_best_3,33.3600006,23-19,23-20,23-20,22.0180168,4365.65283,
2,23,10,23-10,jockey_history_top3_excess,0.14005594,23-21,23-22,23-22,18.6055984,1904.54187,
2,23,11,23-11,jockey_trainer_history_smoothed_top3_rate_gap_to_best,0.311904728,23-23,23-24,23-23,5.06539154,278.747101,
2,23,12,23-12,form_class_level_weighted_3,62.5,23-25,23-26,23-25,22.0448647,1289.46484,
2,23,13,23-13,form_class_level_weighted_3,51.6666679,23-27,23-28,23-27,27.4285698,2661.92358,
2,23,14,23-14,recent_last600_best_3,34.9599991,23-29,23-30,23-30,16.2451229,2191.07446,
2,23,15,23-15,Leaf,,,,,-0.000240103618,5910.29297,
2,23,16,23-16,Leaf,,,,,0.00224513165,5382.82764,
2,23,17,23-17,Leaf,,,,,8.26228206e-05,7624.07666,
2,23,18,23-18,Leaf,,,,,-0.00212743133,4568.73291,
2,23,19,23-19,Leaf,,,,,0.00594846625,522.461487,
2,23,20,23-20,Leaf,,,,,0.000519162742,3843.19141,
2,23,21,23-21,Leaf,,,,,0.00386676495,1396.47644,
2,23,22,23-22,Leaf,,,,,0.00949360989,508.06546,
2,23,23,23-23,Leaf,,,,,-0.0131564662,257.989349,
2,23,24,23-24,Leaf,,,,,-2.13828353e-05,20.7577515,
2,23,25,23-25,Leaf,,,,,-0.00712158903,933.117126,
2,23,26,23-26,Leaf,,,,,0.000155998845,356.347748,
2,23,27,23-27,Leaf,,,,,-0.00689159287,802.962952,
2,23,28,23-28,Leaf,,,,,-0.00136974163,1858.96069,
2,23,29,23-29,Leaf,,,,,0.00323230773,701.756714,
2,23,30,23-30,Leaf,,,,,-0.00135398027,1489.31775,
2,24,0,24-0,recent_weighted_avg_margin,4.97735977,24-1,24-2,24-1,87.1759338,35903.2656,
2,24,1,24-1,good_starts,14.0,24-3,24-4,24-3,54.1906242,29567.4785,
2,24,2,24-2,jockey_history_top3_excess,-0.0294351485,24-5,24-6,24-5,44.5822449,6335.78613,
2,24,3,24-3,jockey_history_top3_excess,0.00162350549,24-7,24-8,24-7,44.1930084,23859.6445,
2,24,4,24-4,prize_money_rank,4.0,24-9,24-10,24-10,22.0882359,5707.8335,
2,24,5,24-5,jockey_trainer_history_smoothed_top3_rate_gap_to_best,0.146464661,24-11,24-12,24-12,32.5637054,1910.08801,
2,24,6,24-6,prize_money_rank,4.0,24-13,24-14,24-14,22.1369801,4425.69824,
2,24,7,24-7,prize_money_rank,5.0,24-15,24-16,24-16,30.6216145,8837.72363,
2,24,8,24-8,recent_weighted_win_rate_rank,2.0,24-17,24-18,24-18,32.6813812,15021.9219,
2,24,9,24-9,recent_finish_percentile_weighted_6_rank_in_race,5.0,24-19,24-20,24-20,13.5970688,3169.75049,
2,24,10,24-10,current_weight_change_pct,0.0740740746,24-21,24-22,24-21,23.0594597,2538.08325,
2,24,11,24-11,jockey_history_starts,131.0,24-23,24-24,24-24,13.0030422,755.534241,
2,24,12,24-12,best_finish_percentile_at_stronger_class,0.75,24-25,24-26,24-25,20.1180267,1154.55371,
2,24,13,24-13,recent_3_margin,21.3999996,24-27,24-28,24-28,14.8365564,1649.1322,
2,24,14,24-14,current_weight_change_pct,-0.0327868834,24-29,24-30,24-29,14.9232292,2776.56592,
2,24,15,24-15,Leaf,,,,,0.00137884787,3832.98877,
2,24,16,24-16,Leaf,,,,,-0.00158683199,5004.73438,
2,24,17,24-17,Leaf,,,,,0.00371986814,4461.05957,
2,24,18,24-18,Leaf,,,,,0.00116639747,10560.8623,
2,24,19,24-19,Leaf,,,,,0.000945355219,2111.58789,
2,24,20,24-20,Leaf,,,,,-0.00251272903,1058.16248,
2,24,21,24-21,Leaf,,,,,-0.00416321075,2268.61499,
2,24,22,24-22,Leaf,,,,,0.0034639982,269.468201,
2,24,23,24-23,Leaf,,,,,-0.00338837015,606.052795,
2,24,24,24-24,Leaf,,,,,0.00462529482,149.481445,
2,24,25,24-25,Leaf,,,,,-0.0109844208,726.847168,
2,24,26,24-26,Leaf,,,,,-0.0040018349,427.706512,
2,24,27,24-27,Leaf,,,,,0.000316766673,1525.68945,
2,24,28,24-28,Leaf,,,,,0.00901822746,123.442795,
2,24,29,24-29,Leaf,,,,,-0.00634968793,534.055847,
2,24,30,24-30,Leaf,,,,,-0.00171120651,2242.51001,
2,25,0,25-0,recent_margin_quality_weighted_3_minus_race_mean,0.199903965,25-1,25-2,25-1,89.0568314,35710.5586,
2,25,1,25-1,jockey_history_top3_excess,-0.0613810904,25-3,25-4,25-4,54.4201698,25667.7422,
2,25,2,25-2,good_starts,6.0,25-5,25-6,25-6,34.1955185,10042.8154,
2,25,3,25-3,recent_margin_quality_weighted_3_minus_race_mean,-0.132539928,25-7,25-8,25-8,25.1079712,2742.32715,
2,25,4,25-4,current_weight_change_pct,-0.0344827585,25-9,25-10,25-10,40.1798973,22925.4141,
2,25,5,25-5,best_finish_percentile_at_stronger_class,0.555555582,25-11,25-12,25-11,31.9113617,5468.52734,
2,25,6,25-6,recent_margin_std_6,1.92431808,25-13,25-14,25-14,15.8318253,4574.28857,
2,25,7,25-7,recent_weighted_avg_margin,5.53689003,25-15,25-16,25-16,9.18534088,459.792664,
2,25,8,25-8,form_class_level_weighted_3,53.5999985,25-17,25-18,25-17,20.59198,2282.53467,
2,25,9,25-9,form_class_level_weighted_3,66.6666641,25-19,25-20,25-19,18.650074,2013.19482,
2,25,10,25-10,recent_margin_std_6,2.92808247,25-21,25-22,25-22,32.8374252,20912.2188,
2,25,11,25-11,jockey_history_top3_excess,0.115262069,25-23,25-24,25-23,30.6778336,2328.33105,
2,25,12,25-12,recent_finish_percentile_rank,3.0,25-25,25-26,25-26,28.7781448,3140.19629,
2,25,13,25-13,good_starts,20.0,25-27,25-28,25-28,19.8494034,1912.55566,
2,25,14,25-14,form_class_level_weighted_3,54.3333321,25-29,25-30,25-29,24.803257,2661.73291,
2,25,15,25-15,Leaf,,,,,-0.00437612599,165.963806,
2,25,16,25-16,Leaf,,,,,-0.0121554425,293.828888,
2,25,17,25-17,Leaf,,,,,-0.0063777403,785.59375,
2,25,18,25-18,Leaf,,,,,-0.0013799225,1496.9408,
2,25,19,25-19,Leaf,,,,,-0.00595798576,1142.99158,
2,25,20,25-20,Leaf,,,,,-0.00108485518,870.203308,
2,25,21,25-21,Leaf,,,,,0.000693102775,11760.1074,
2,25,22,25-22,Leaf,,,,,-0.00130272831,9152.1123,
2,25,23,25-23,Leaf,,,,,-0.000184791381,2006.76672,
2,25,24,25-24,Leaf,,,,,0.00802042149,321.564392,
2,25,25,25-25,Leaf,,,,,0.00618946878,2382.09058,
2,25,26,25-26,Leaf,,,,,0.000582183478,758.105713,
2,25,27,25-27,Leaf,,,,,0.00301545183,1653.47034,
2,25,28,25-28,Leaf,,,,,-0.00430755271,259.085358,
2,25,29,25-29,Leaf,,,,,-0.00616505696,463.045166,
2,25,30,25-30,Leaf,,,,,0.000142274934,2198.68774,
2,26,0,26-0,recent_finish_percentile_weighted_6_rank_in_race,4.0,26-1,26-2,26-2,113.411629,35588.7617,
2,26,1,26-1,hidden_sectional_run_best_3_gap_to_best,0.206845254,26-3,26-4,26-3,28.2205276,18553.543,
2,26,2,26-2,recent_weighted_avg_margin,7.78488922,26-5,26-6,26-5,63.6077385,17035.2168,
2,26,3,26-3,recent_similar_distance_speed_rank,8.0,26-7,26-8,26-7,17.97229,11339.1631,
2,26,4,26-4,jockey_history_top3_excess,0.133503571,26-9,26-10,26-10,23.6982574,7214.37988,
2,26,5,26-5,form_class_level_weighted_3,55.3333321,26-11,26-12,26-11,34.1909714,15752.8799,
2,26,6,26-6,form_class_level_weighted_3,55.3333321,26-13,26-14,26-13,21.4773865,1282.33728,
2,26,7,26-7,prize_money_rank,4.0,26-15,26-16,26-16,15.8110399,9852.20898,
2,26,8,26-8,jockey_history_top3_excess,-0.0208141319,26-17,26-18,26-17,26.4355736,1486.9541,
2,26,9,26-9,horse_jockey_win_rate_rank,2.0,26-19,26-20,26-19,22.3323746,6634.73828,
2,26,10,26-10,best_finish_percentile_at_equal_or_higher_weight,0.733333349,26-21,26-22,26-22,18.8857155,579.641785,
2,26,11,26-11,jockey_history_top3_excess,-0.0431180336,26-23,26-24,26-24,26.4000816,4569.97021,
2,26,12,26-12,best_finish_percentile_at_equal_or_higher_weight,2.00001001,26-25,26-26,26-26,26.5056667,11182.9102,
2,26,13,26-13,recent_margin_quality_weighted_3_minus_race_mean,-0.101810873,26-27,26-28,26-28,8.96996307,604.593994,
2,26,14,26-14,jockey_history_starts,19.0,26-29,26-30,26-29,9.94833946,677.743347,
2,26,15,26-15,Leaf,,,,,0.00211380911,4389.01562,
2,26,16,26-16,Leaf,,,,,9.85948864e-05,5463.19287,
2,26,17,26-17,Leaf,,,,,-0.00763058988,370.632385,
2,26,18,26-18,Leaf,,,,,-0.0,1116.32166,
2,26,19,26-19,Leaf,,,,,0.00308895111,4758.12012,
2,26,20,26-20,Leaf,,,,,-0.000126721236,1876.61829,
2,26,21,26-21,Leaf,,,,,-0.00917171128,31.9391918,
2,26,22,26-22,Leaf,,,,,0.00855321903,547.702637,
2,26,23,26-23,Leaf,,,,,-0.0067854519,844.500244,
2,26,24,26-24,Leaf,,,,,-0.00189761876,3725.47021,
2,26,25,26-25,Leaf,,,,,-0.000929365109,8527.02441,
2,26,26,26-26,Leaf,,,,,0.00192604202,2655.88574,
2,26,27,26-27,Leaf,,,,,-0.0122488914,415.653687,
2,26,28,26-28,Leaf,,,,,-0.00519289356,188.940292,
2,26,29,26-29,Leaf,,,,,-0.0101794032,110.483734,
2,26,30,26-30,Leaf,,,,,-0.00217213598,567.259644,
2,27,0,27-0,recent_margin_quality_weighted_3_minus_race_mean,-0.0557534099,27-1,27-2,27-2,100.69931,35376.0703,
2,27,1,27-1,form_class_level_weighted_3,57.6666679,27-3,27-4,27-3,72.7434616,6852.72363,
2,27,2,27-2,jockey_history_top3_excess,0.14005594,27-5,27-6,27-5,54.2722511,28523.3457,
2,27,3,27-3,recent_weighted_avg_margin,9.79478741,27-7,27-8,27-8,25.678299,2248.92236,
2,27,4,27-4,jockey_trainer_history_smoothed_top3_rate_gap_to_best,0.143356651,27-9,27-10,27-9,25.0504894,4603.80127,
2,27,5,27-5,best_finish_percentile_at_stronger_class,0.800000012,27-11,27-12,27-11,41.3848495,26969.3262,
2,27,6,27-6,recent_margin_quality_weighted_3_minus_race_mean,0.223216027,27-13,27-14,27-14,28.8825607,1554.021,
2,27,7,27-7,jockey_history_top3_excess,0.025369307,27-15,27-16,27-15,12.7441864,1982.33472,
2,27,8,27-8,jockey_history_top3_excess,0.067592591,27-17,27-18,27-18,10.7542877,266.587616,
2,27,9,27-9,recent_margin_quality_weighted_3_minus_race_mean,-0.294749916,27-19,27-20,27-20,20.2687912,3455.69141,
2,27,10,27-10,recent_3_margin,1.29999995,27-21,27-22,27-22,12.1434555,1148.11011,
2,27,11,27-11,recent_last600_best_3,34.7599983,27-23,27-24,27-24,46.6919022,14562.6016,
2,27,12,27-12,good_starts,15.0,27-25,27-26,27-26,55.7098122,12406.7236,
2,27,13,27-13,recent_3_margin,0.800000012,27-27,27-28,27-28,15.3245211,1051.19348,
2,27,14,27-14,recent_last600_best_3,36.25,27-29,27-30,27-29,13.6304016,502.827576,
2,27,15,27-15,Leaf,,,,,-0.00692641735,1250.22241,
2,27,16,27-16,Leaf,,,,,-0.00270547415,732.112244,
2,27,17,27-17,Leaf,,,,,-0.0158653613,220.383255,
2,27,18,27-18,Leaf,,,,,-0.00200273795,46.2043762,
2,27,19,27-19,Leaf,,,,,-0.00681415154,234.961594,
2,27,20,27-20,Leaf,,,,,0.000644362939,3220.72974,
2,27,21,27-21,Leaf,,,,,0.0013385982,203.095047,
2,27,22,27-22,Leaf,,,,,-0.0053127096,945.015076,
2,27,23,27-23,Leaf,,,,,0.000955376134,6840.43066,
2,27,24,27-24,Leaf,,,,,-0.0018788859,7722.17139,
2,27,25,27-25,Leaf,,,,,0.00223352294,10023.7969,
2,27,26,27-26,Leaf,,,,,-0.00201171008,2382.92627,
2,27,27,27-27,Leaf,,,,,-0.00432303874,154.365631,
2,27,28,27-28,Leaf,,,,,0.00399094028,896.82782,
2,27,29,27-29,Leaf,,,,,0.0108824642,483.296478,
2,27,30,27-30,Leaf,,,,,-0.00746736396,19.5310745,
2,28,0,28-0,recent_margin_quality_weighted_3_minus_race_mean,0.203055322,28-1,28-2,28-1,101.170677,35341.6992,
2,28,1,28-1,trainer_history_top3_excess,-0.00595238106,28-3,28-4,28-3,73.8674927,25552.6367,
2,28,2,28-2,recent_last600_best_3,35.2000008,28-5,28-6,28-6,40.7507935,9789.06152,
2,28,3,28-3,jockey_history_top3_excess,0.0154818688,28-7,28-8,28-7,54.3048782,8924.23438,
2,28,4,28-4,good_starts,17.0,28-9,28-10,28-10,45.7943649,16628.4004,
2,28,5,28-5,good_starts,6.0,28-11,28-12,28-12,37.8967514,5368.86328,
2,28,6,28-6,distance_minus_recent_avg,-326.666656,28-13,28-14,28-14,18.3966789,4420.19824,
2,28,7,28-7,form_class_level_weighted_3,62.0,28-15,28-16,28-15,37.8169708,5322.55762,
2,28,8,28-8,recent_weighted_avg_margin,7.44878292,28-17,28-18,28-17,23.9007244,3601.67725,
2,28,9,28-9,jockey_history_top3_excess,0.145747766,28-19,28-20,28-19,18.5587311,14749.9746,
2,28,10,28-10,hidden_sectional_run_best_3,0.15737462,28-21,28-22,28-21,15.4024506,1878.42603,
2,28,11,28-11,recent_margin_quality_weighted_3_minus_race_mean,0.356328011,28-23,28-24,28-24,23.4141998,3012.58594,
2,28,12,28-12,form_class_level_weighted_3,61.6666679,28-25,28-26,28-26,13.8892136,2356.27734,
2,28,13,28-13,recent_3_margin,7.4000001,28-27,28-28,28-28,6.92364311,61.6869659,
2,28,14,28-14,hidden_sectional_run_best_3,0.178775549,28-29,28-30,28-29,17.9096642,4358.51123,
2,28,15,28-15,Leaf,,,,,-0.00594927045,3182.19629,
2,28,16,28-16,Leaf,,,,,-0.00163937011,2140.36133,
2,28,17,28-17,Leaf,,,,,0.000325999892,3343.23584,
2,28,18,28-18,Leaf,,,,,-0.00742588798,258.441406,
2,28,19,28-19,Leaf,,,,,0.00043810971,13854.3389,
2,28,20,28-20,Leaf,,,,,0.00413397327,895.636108,
2,28,21,28-21,Leaf,,,,,-0.00682708016,580.460205,
2,28,22,28-22,Leaf,,,,,-0.00192161591,1297.96582,
2,28,23,28-23,Leaf,,,,,0.00437792065,2411.9043,
2,28,24,28-24,Leaf,,,,,0.00992480759,600.681519,
2,28,25,28-25,Leaf,,,,,-0.00116354052,895.670776,
2,28,26,28-26,Leaf,,,,,0.00277197338,1460.60657,
2,28,27,28-27,Leaf,,,,,-0.0157346632,49.5097847,
2,28,28,28-28,Leaf,,,,,0.00269449875,12.1771803,
2,28,29,28-29,Leaf,,,,,0.00129201298,3719.2478,
2,28,30,28-30,Leaf,,,,,-0.00320630334,639.263672,
2,29,0,29-0,recent_finish_percentile_rank,4.0,29-1,29-2,29-2,114.603447,34854.9336,
2,29,1,29-1,prize_money_rank,3.0,29-3,29-4,29-4,35.5554962,17790.2812,
2,29,2,29-2,form_class_level_weighted_3,53.3333321,29-5,29-6,29-6,60.4237366,17064.6523,
2,29,3,29-3,good_starts,5.0,29-7,29-8,29-8,24.2326965,4758.60303,
2,29,4,29-4,jockey_recent_top3_excess,0.0627801046,29-9,29-10,29-10,28.9477215,13031.6787,
2,29,5,29-5,recent_margin_quality_weighted_3_minus_race_mean,-0.0360839367,29-11,29-12,29-12,40.5735168,3308.05884,
2,29,6,29-6,jockey_recent_top3_excess,-0.0980392173,29-13,29-14,29-13,28.778059,13756.5938,
2,29,7,29-7,recent_3_margin,8.89999962,29-15,29-16,29-16,27.5362701,2052.7771,
2,29,8,29-8,hidden_sectional_run_best_3,0.0449404158,29-17,29-18,29-18,15.9358683,2705.82593,
2,29,9,29-9,hidden_sectional_run_best_3,0.358717591,29-19,29-20,29-19,12.9241447,8272.90039,
2,29,10,29-10,recent_margin_quality_weighted_3_minus_race_mean,0.29755199,29-21,29-22,29-22,20.5174026,4758.77881,
2,29,11,29-11,recent_3_distance_m,793.0,29-23,29-24,29-24,11.454422,1182.04663,
2,29,12,29-12,hidden_sectional_run_best_3_gap_to_best,0.206845254,29-25,29-26,29-25,17.7976036,2126.01221,
2,29,13,29-13,recent_margin_quality_weighted_3_minus_race_mean,-0.103927612,29-27,29-28,29-28,18.9450569,1804.12097,
2,29,14,29-14,current_weight_change_pct,-0.017699115,29-29,29-30,29-29,28.527565,11952.4727,
2,29,15,29-15,Leaf,,,,,0.00627541915,1809.05383,
2,29,16,29-16,Leaf,,,,,-0.00256853807,243.723373,
2,29,17,29-17,Leaf,,,,,-0.00724137947,111.775352,
2,29,18,29-18,Leaf,,,,,0.00201402884,2594.05054,
2,29,19,29-19,Leaf,,,,,-0.000150890046,8206.49316,
2,29,20,29-20,Leaf,,,,,-0.0104828691,66.4070053,
2,29,21,29-21,Leaf,,,,,0.00132001855,3718.99341,
2,29,22,29-22,Leaf,,,,,0.00528818695,1039.78528,
2,29,23,29-23,Leaf,,,,,0.00669638952,23.8412876,
2,29,24,29-24,Leaf,,,,,-0.00863935798,1158.20532,
2,29,25,29-25,Leaf,,,,,-0.00176167639,1948.27429,
2,29,26,29-26,Leaf,,,,,-0.00985298213,177.737854,
2,29,27,29-27,Leaf,,,,,-0.00815905631,447.709625,
2,29,28,29-28,Leaf,,,,,-0.00223640422,1356.41138,
2,29,29,29-29,Leaf,,,,,-0.00205781753,4087.08105,
2,29,30,29-30,Leaf,,,,,0.000514067302,7865.3916,
2,30,0,30-0,recent_weighted_avg_margin_rank,4.0,30-1,30-2,30-2,105.539635,34734.8945,
2,30,1,30-1,jockey_history_top3_excess,0.0995124429,30-3,30-4,30-3,34.7929115,17723.5996,
2,30,2,30-2,recent_finish_percentile_weighted_3_minus_race_mean,-0.0341269672,30-5,30-6,30-5,54.5354462,17011.293,
2,30,3,30-3,best_finish_percentile_at_stronger_class,0.699999988,30-7,30-8,30-7,48.1690483,15455.1885,
2,30,4,30-4,recent_margin_quality_weighted_3_minus_race_mean,0.34690398,30-9,30-10,30-10,29.3141785,2268.41187,
2,30,5,30-5,jockey_history_top3_excess,0.00861413404,30-11,30-12,30-11,56.1268768,6783.17285,
2,30,6,30-6,distance_minus_recent_avg,-349.166656,30-13,30-14,30-14,31.7519379,10228.1211,
2,30,7,30-7,recent_margin_std_6,1.85328531,30-15,30-16,30-16,18.1011543,6202.78516,
2,30,8,30-8,recent_finish_percentile_weighted_3_minus_race_mean,0.344846189,30-17,30-18,30-18,17.8995743,9252.40332,
2,30,9,30-9,prize_money_rank,2.0,30-19,30-20,30-20,20.2671623,1989.81116,
2,30,10,30-10,best_finish_percentile_at_stronger_class,1.0,30-21,30-22,30-21,6.19709015,278.600769,
2,30,11,30-11,best_finish_percentile_at_stronger_class,0.75,30-23,30-24,30-23,23.3624878,3205.88696,
2,30,12,30-12,recent_weighted_avg_margin,7.69395399,30-25,30-26,30-25,20.3036385,3577.28589,
2,30,13,30-13,recent_3_margin,8.60000038,30-27,30-28,30-27,10.5845413,146.538589,
2,30,14,30-14,trainer_history_top3_excess,0.0320391431,30-29,30-30,30-29,19.160717,10081.582,
2,30,15,30-15,Leaf,,,,,0.000925548025,2547.7478,
2,30,16,30-16,Leaf,,,,,-0.00181440602,3655.03735,
2,30,17,30-17,Leaf,,,,,0.00171373866,7986.46777,
2,30,18,30-18,Leaf,,,,,0.00491273869,1265.93579,
2,30,19,30-19,Leaf,,,,,0.0103694452,211.965912,
2,30,20,30-20,Leaf,,,,,0.0023147047,1777.84534,
2,30,21,30-21,Leaf,,,,,0.0129246861,253.839981,
2,30,22,30-22,Leaf,,,,,-0.0,24.7608013,
2,30,23,30-23,Leaf,,,,,-0.00692720665,2164.44238,
2,30,24,30-24,Leaf,,,,,-0.00233204453,1041.4447,
2,30,25,30-25,Leaf,,,,,-0.000220387854,3185.04688,
2,30,26,30-26,Leaf,,,,,-0.00618468272,392.239014,
2,30,27,30-27,Leaf,,,,,-0.0152869178,104.315346,
2,30,28,30-28,Leaf,,,,,-0.000389537017,42.2232361,
2,30,29,30-29,Leaf,,,,,-0.00102746184,5269.87598,
2,30,30,30-30,Leaf,,,,,0.0011523827,4811.70605,
2,31,0,31-0,recent_finish_percentile_weighted_6_rank_in_race,6.0,31-1,31-2,31-2,91.1187439,34382.4531,
2,31,1,31-1,trainer_history_top3_excess,0.0364955366,31-3,31-4,31-3,53.0883255,25307.4805,
2,31,2,31-2,recent_weighted_avg_margin,7.78488922,31-5,31-6,31-5,50.629509,9074.97363,
2,31,3,31-3,prize_money_rank,2.0,31-7,31-8,31-8,30.1971474,13525.6016,
2,31,4,31-4,jockey_history_top3_excess,0.152532846,31-9,31-10,31-10,33.6893539,11781.8779,
2,31,5,31-5,jockey_history_top3_excess,0.00929614715,31-11,31-12,31-12,32.3668671,8182.85498,
2,31,6,31-6,trainer_history_top3_excess,-0.0659999996,31-13,31-14,31-13,13.1780853,892.118469,
2,31,7,31-7,recent_5_weight_kg,58.0,31-15,31-16,31-16,15.6541138,1937.01868,
2,31,8,31-8,recent_last600_best_3,34.5200005,31-17,31-18,31-18,17.3155975,11588.583,
2,31,9,31-9,current_weight_change_pct,0.00847457629,31-19,31-20,31-20,27.3679733,11088.6504,
2,31,10,31-10,best_finish_percentile_at_stronger_class,0.866666675,31-21,31-22,31-22,19.0411415,693.227478,
2,31,11,31-11,best_finish_percentile_at_stronger_class,0.714285731,31-23,31-24,31-23,16.9094925,3557.30078,
2,31,12,31-12,jockey_history_starts,11.0,31-25,31-26,31-26,15.4289083,4625.5542,
2,31,13,31-13,recent_5_weight_kg,54.0,31-27,31-28,31-28,7.48052216,194.540359,
2,31,14,31-14,jockey_history_starts,22.0,31-29,31-30,31-29,12.2470894,697.578064,
2,31,15,31-15,Leaf,,,,,0.000241707821,947.811462,
2,31,16,31-16,Leaf,,,,,0.00473657437,989.207214,
2,31,17,31-17,Leaf,,,,,0.000475335459,4171.48291,
2,31,18,31-18,Leaf,,,,,-0.00153561856,7417.10059,
2,31,19,31-19,Leaf,,,,,0.00020947773,4821.16748,
2,31,20,31-20,Leaf,,,,,0.00271597109,6267.4834,
2,31,21,31-21,Leaf,,,,,0.000266847492,181.996201,
2,31,22,31-22,Leaf,,,,,0.00971026812,511.231262,
2,31,23,31-23,Leaf,,,,,-0.00477744779,2099.58789,
2,31,24,31-24,Leaf,,,,,-0.00125788094,1457.71289,
2,31,25,31-25,Leaf,,,,,-0.00684774294,196.848663,
2,31,26,31-26,Leaf,,,,,0.000136666815,4428.70557,
2,31,27,31-27,Leaf,,,,,0.00134302001,16.8775291,
2,31,28,31-28,Leaf,,,,,-0.0149740297,177.662827,
2,31,29,31-29,Leaf,,,,,-0.0135030849,107.971031,
2,31,30,31-30,Leaf,,,,,-0.00444566226,589.607056,
2,32,0,32-0,recent_finish_percentile_rank,7.0,32-1,32-2,32-2,66.8279572,34232.5703,
2,32,1,32-1,jockey_history_top3_excess,0.152532846,32-3,32-4,32-3,37.6644669,26835.9297,
2,32,2,32-2,form_class_level_weighted_3,53.3333321,32-5,32-6,32-6,40.8154488,7396.64111,
2,32,3,32-3,good_starts,9.0,32-7,32-8,32-8,31.7841282,25834.7188,
2,32,4,32-4,good_starts,6.0,32-9,32-10,32-10,21.167675,1001.21045,
2,32,5,32-5,recent_3_margin,8.30000019,32-11,32-12,32-11,15.661972,978.380615,
2,32,6,32-6,jockey_history_top3_excess,0.00929614715,32-13,32-14,32-13,17.5747585,6418.26074,
2,32,7,32-7,prize_money_rank,3.0,32-15,32-16,32-16,43.1475677,16808.7656,
2,32,8,32-8,jockey_trainer_history_smoothed_top3_rate_gap_to_best,0.0833333433,32-17,32-18,32-18,18.4171753,9025.9541,
2,32,9,32-9,recent_last600_best_3,36.25,32-19,32-20,32-19,11.2052536,624.203247,
2,32,10,32-10,historical_market_overperformance_slope_3,0.0724549815,32-21,32-22,32-21,13.5209236,377.007172,
2,32,11,32-11,jockey_history_top3_excess,-0.0214648228,32-23,32-24,32-23,17.1753788,766.36438,
2,32,12,32-12,prize_money_rank,11.0,32-25,32-26,32-26,6.79211426,212.016235,
2,32,13,32-13,hidden_sectional_run_best_3,0.338034779,32-27,32-28,32-28,15.1944618,2890.05884,
2,32,14,32-14,current_weight_change_pct,-0.0347826071,32-29,32-30,32-30,18.4117184,3528.2019,
2,32,15,32-15,Leaf,,,,,0.00340934773,3676.53809,
2,32,16,32-16,Leaf,,,,,0.0003474798,13132.2266,
2,32,17,32-17,Leaf,,,,,0.000664400519,3304.31763,
2,32,18,32-18,Leaf,,,,,-0.00167646108,5721.63672,
2,32,19,32-19,Leaf,,,,,0.00876937155,600.899902,
2,32,20,32-20,Leaf,,,,,-0.00668962253,23.3033371,
2,32,21,32-21,Leaf,,,,,0.00345385633,275.570831,
2,32,22,32-22,Leaf,,,,,-0.00681146095,101.436333,
2,32,23,32-23,Leaf,,,,,-0.0102929901,251.649323,
2,32,24,32-24,Leaf,,,,,-0.0023376178,514.715027,
2,32,25,32-25,Leaf,,,,,-0.0146468179,178.678207,
2,32,26,32-26,Leaf,,,,,-0.00163753366,33.3380356,
2,32,27,32-27,Leaf,,,,,-0.00139441655,1793.27246,
2,32,28,32-28,Leaf,,,,,-0.0051379879,1096.78625,
2,32,29,32-29,Leaf,,,,,-0.00650782511,257.49823,
2,32,30,32-30,Leaf,,,,,0.000312539545,3270.70361,
2,33,0,33-0,recent_margin_quality_weighted_3_minus_race_mean,-0.0360839367,33-1,33-2,33-1,95.4656219,34217.832,
2,33,1,33-1,form_class_level_weighted_3,57.6666679,33-3,33-4,33-4,48.9856262,8067.64697,
2,33,2,33-2,jockey_history_top3_excess,0.152532846,33-5,33-6,33-5,40.9465866,26150.1855,
2,33,3,33-3,recent_margin_quality_weighted_3_minus_race_mean,-0.19119069,33-7,33-8,33-8,19.1835327,2251.64941,
2,33,4,33-4,jockey_history_top3_excess,0.0656281412,33-9,33-10,33-10,22.3916893,5815.99756,
2,33,5,33-5,good_starts,10.0,33-11,33-12,33-12,29.7807293,25090.873,
2,33,6,33-6,trainer_history_top3_excess,-0.0221590903,33-13,33-14,33-14,18.8483467,1059.31287,
2,33,7,33-7,form_class_level_weighted_3,55.3333321,33-15,33-16,33-16,9.61306,466.462158,
2,33,8,33-8,jockey_trainer_history_smoothed_top3_rate_gap_to_best,0.0261904597,33-17,33-18,33-18,13.9847374,1785.18726,
2,33,9,33-9,jockey_trainer_history_smoothed_top3_rate_gap_to_best,0.208966553,33-19,33-20,33-20,19.8585892,4293.10938,
2,33,10,33-10,form_class_level_weighted_3,66.0,33-21,33-22,33-22,16.8446236,1522.88818,
2,33,11,33-11,jockey_history_top3_excess,-0.0522182696,33-23,33-24,33-23,38.7724686,17471.4844,
2,33,12,33-12,recent_last600_best_3,36.9399986,33-25,33-26,33-25,18.9940662,7619.38916,
2,33,13,33-13,recent_3_margin,2.5999999,33-27,33-28,33-27,5.32728958,44.6744156,
2,33,14,33-14,recent_margin_quality_weighted_3_minus_race_mean,0.209049881,33-29,33-30,33-30,17.9836235,1014.63849,
2,33,15,33-15,Leaf,,,,,-0.0124135343,330.689911,
2,33,16,33-16,Leaf,,,,,-0.00405240105,135.772263,
2,33,17,33-17,Leaf,,,,,0.000271983939,324.817535,
2,33,18,33-18,Leaf,,,,,-0.0054336125,1460.36963,
2,33,19,33-19,Leaf,,,,,-0.000788557518,2543.35938,
2,33,20,33-20,Leaf,,,,,-0.00425078999,1749.75,
2,33,21,33-21,Leaf,,,,,0.0050310432,498.758789,
2,33,22,33-22,Leaf,,,,,-0.000525572861,1024.12939,
2,33,23,33-23,Leaf,,,,,-0.00219862047,2109.97583,
2,33,24,33-24,Leaf,,,,,0.00140772283,15361.5088,
2,33,25,33-25,Leaf,,,,,-0.000617289741,7258.78809,
2,33,26,33-26,Leaf,,,,,-0.00642423658,360.6008,
2,33,27,33-27,Leaf,,,,,-0.0164912976,18.800148,
2,33,28,33-28,Leaf,,,,,-0.000427739782,25.8742676,
2,33,29,33-29,Leaf,,,,,0.00359544228,662.988525,
2,33,30,33-30,Leaf,,,,,0.01064396,351.649994,
2,34,0,34-0,recent_finish_percentile_weighted_3_minus_race_mean,-0.019777745,34-1,34-2,34-1,84.5650711,34116.1641,
2,34,1,34-1,form_class_level_weighted_3,58.3333321,34-3,34-4,34-3,41.7736359,8683.02148,
2,34,2,34-2,recent_margin_std_6,1.93993127,34-5,34-6,34-6,31.7149944,25433.1426,
2,34,3,34-3,recent_margin_quality_weighted_3_minus_race_mean,-0.2464239,34-7,34-8,34-8,21.7158356,3295.25757,
2,34,4,34-4,current_weight_change_pct,-0.0347826071,34-9,34-10,34-9,16.8118496,5387.76416,
2,34,5,34-5,recent_margin_quality_weighted_3_minus_race_mean,0.219716489,34-11,34-12,34-12,30.850872,8759.73242,
2,34,6,34-6,jockey_history_starts,14.0,34-13,34-14,34-14,34.5475235,16673.4102,
2,34,7,34-7,recent_finish_percentile_weighted_3_minus_race_mean,-0.276663601,34-15,34-16,34-16,6.47343445,270.843353,
2,34,8,34-8,best_finish_percentile_at_stronger_class,0.857142866,34-17,34-18,34-17,16.514595,3024.41431,
2,34,9,34-9,recent_margin_quality_weighted_3_minus_race_mean,-0.101810873,34-19,34-20,34-20,12.8445797,1061.57825,
2,34,10,34-10,recent_margin_quality_weighted_3_minus_race_mean,-0.300296515,34-21,34-22,34-22,14.1511621,4326.18604,
2,34,11,34-11,form_class_level_weighted_3,68.0,34-23,34-24,34-24,18.8254738,5285.36816,
2,34,12,34-12,recent_similar_distance_speed_rank,11.0,34-25,34-26,34-25,20.7047424,3474.36426,
2,34,13,34-13,recent_margin_quality_weighted_3_minus_race_mean,-0.106279194,34-27,34-28,34-28,10.5439606,1526.16479,
2,34,14,34-14,recent_similar_distance_speed_rank,4.0,34-29,34-30,34-30,23.4963055,15147.2441,
2,34,15,34-15,Leaf,,,,,-0.0147554101,140.655151,
2,34,16,34-16,Leaf,,,,,-0.00617122184,130.188202,
2,34,17,34-17,Leaf,,,,,-0.00448534405,2546.6853,
2,34,18,34-18,Leaf,,,,,0.00055632618,477.728851,
2,34,19,34-19,Leaf,,,,,-0.00655987812,476.440796,
2,34,20,34-20,Leaf,,,,,-0.00102597952,585.13739,
2,34,21,34-21,Leaf,,,,,-0.00620171381,212.13623,
2,34,22,34-22,Leaf,,,,,0.000275712839,4114.0498,
2,34,23,34-23,Leaf,,,,,-0.000485641387,3120.24365,
2,34,24,34-24,Leaf,,,,,0.00254176441,2165.12427,
2,34,25,34-25,Leaf,,,,,0.004192675,3332.32495,
2,34,26,34-26,Leaf,,,,,-0.00527538685,142.039322,
2,34,27,34-27,Leaf,,,,,-0.0149767268,39.1252441,
2,34,28,34-28,Leaf,,,,,-0.00306187314,1487.03955,
2,34,29,34-29,Leaf,,,,,0.00173753093,5679.05713,
2,34,30,34-30,Leaf,,,,,-0.000294621306,9468.1875,
2,35,0,35-0,recent_finish_percentile_weighted_3_minus_race_mean,0.184273303,35-1,35-2,35-1,76.523941,33804.8203,
2,35,1,35-1,jockey_history_top3_excess,0.0697963685,35-3,35-4,35-3,55.2779312,21765.7266,
2,35,2,35-2,jockey_history_top3_excess,0.133503571,35-5,35-6,35-6,40.006031,12039.0918,
2,35,3,35-3,recent_finish_percentile_weighted_3_minus_race_mean,-0.155434132,35-7,35-8,35-7,43.0965424,16794.6289,
2,35,4,35-4,current_weight_change_pct,-0.0333333351,35-9,35-10,35-10,13.5560522,4971.09863,
2,35,5,35-5,good_starts,6.0,35-11,35-12,35-12,21.9521809,11195.9014,
2,35,6,35-6,trainer_history_top3_excess,0.0225353949,35-13,35-14,35-13,17.5839195,843.190979,
2,35,7,35-7,recent_finish_percentile_weighted_3_minus_race_mean,-0.396668434,35-15,35-16,35-16,22.5430069,2736.61963,
2,35,8,35-8,good_starts,27.0,35-17,35-18,35-18,23.553196,14058.0088,
2,35,9,35-9,distance_minus_recent_avg,10.0,35-19,35-20,35-20,14.8784418,437.473389,
2,35,10,35-10,historical_market_overperformance_slope_3,0.262980759,35-21,35-22,35-21,11.0322895,4533.62549,
2,35,11,35-11,trainer_history_top3_excess,-0.019480519,35-23,35-24,35-23,27.4813652,5918.73096,
2,35,12,35-12,recent_weighted_avg_margin_rank,2.0,35-25,35-26,35-26,16.4462051,5277.17041,
2,35,13,35-13,recent_margin_std_6,1.32577026,35-27,35-28,35-28,10.3138494,254.064713,
2,35,14,35-14,recent_weighted_avg_margin,3.19255209,35-29,35-30,35-30,9.11356354,589.126282,
2,35,15,35-15,Leaf,,,,,-0.0135259097,155.411118,
2,35,16,35-16,Leaf,,,,,-0.00391951157,2581.2085,
2,35,17,35-17,Leaf,,,,,-0.000844231748,13319.916,
2,35,18,35-18,Leaf,,,,,-0.00540689705,738.092712,
2,35,19,35-19,Leaf,,,,,-0.00979654584,123.480125,
2,35,20,35-20,Leaf,,,,,0.000144139354,313.993286,
2,35,21,35-21,Leaf,,,,,0.0012914649,3988.42041,
2,35,22,35-22,Leaf,,,,,0.0050666146,545.205017,
2,35,23,35-23,Leaf,,,,,-0.00148286193,1053.00293,
2,35,24,35-24,Leaf,,,,,0.0029559664,4865.72803,
2,35,25,35-25,Leaf,,,,,-0.00194189593,1855.45605,
2,35,26,35-26,Leaf,,,,,0.00097441359,3421.71411,
2,35,27,35-27,Leaf,,,,,0.00832084194,75.7219009,
2,35,28,35-28,Leaf,,,,,-0.00213875854,178.342804,
2,35,29,35-29,Leaf,,,,,0.0102380104,515.330688,
2,35,30,35-30,Leaf,,,,,0.000668026216,73.7956085,
2,36,0,36-0,recent_finish_percentile_rank,4.0,36-1,36-2,36-2,72.867012,33607.2461,
2,36,1,36-1,jockey_history_top3_excess,0.0942126065,36-3,36-4,36-3,37.1477661,17154.6094,
2,36,2,36-2,form_class_level_weighted_3,53.3333321,36-5,36-6,36-6,66.1628799,16452.6348,
2,36,3,36-3,recent_similar_distance_speed_rank,6.0,36-7,36-8,36-8,24.9165287,14587.7471,
2,36,4,36-4,recent_finish_percentile_rank,2.0,36-9,36-10,36-10,17.5245285,2566.86279,
2,36,5,36-5,trainer_history_top3_excess,-0.0228862055,36-11,36-12,36-11,41.2888947,3087.17651,
2,36,6,36-6,trainer_history_top3_excess,0.00954952464,36-13,36-14,36-13,25.6567955,13365.458,
2,36,7,36-7,hidden_sectional_run_best_3_gap_to_best,0.13244836,36-15,36-16,36-15,18.0325813,9113.70117,
2,36,8,36-8,best_finish_percentile_at_equal_or_higher_weight,0.647058845,36-17,36-18,36-18,17.4608021,5474.04639,
2,36,9,36-9,historical_market_overperformance_slope_3,0.0250000004,36-19,36-20,36-19,12.9074936,1119.07227,
2,36,10,36-10,best_finish_percentile_at_equal_or_higher_weight,0.5625,36-21,36-22,36-22,11.5958796,1447.79065,
2,36,11,36-11,jockey_history_top3_excess,0.0297619049,36-23,36-24,36-23,14.9987564,1012.68781,
2,36,12,36-12,hidden_sectional_run_best_3_gap_to_best,0.250888765,36-25,36-26,36-25,17.8814259,2074.48877,
2,36,13,36-13,current_weight_change_pct,0.0333333351,36-27,36-28,36-27,17.9788055,5738.43652,
2,36,14,36-14,recent_weighted_avg_margin_rank,5.0,36-29,36-30,36-30,14.8658352,7627.021,
2,36,15,36-15,Leaf,,,,,0.000250967161,3925.67749,
2,36,16,36-16,Leaf,,,,,0.00249837781,5188.02344,
2,36,17,36-17,Leaf,,,,,-0.00564469583,387.770233,
2,36,18,36-18,Leaf,,,,,-0.000203483156,5086.27637,
2,36,19,36-19,Leaf,,,,,0.00826283265,735.054443,
2,36,20,36-20,Leaf,,,,,0.00250537461,384.017822,
2,36,21,36-21,Leaf,,,,,-0.00580695039,96.8508987,
2,36,22,36-22,Leaf,,,,,0.00275720027,1350.9397,
2,36,23,36-23,Leaf,,,,,-0.0104847644,712.980408,
2,36,24,36-24,Leaf,,,,,-0.0036267105,299.707397,
2,36,25,36-25,Leaf,,,,,-0.00197175867,2032.95667,
2,36,26,36-26,Leaf,,,,,-0.0169391502,41.5320435,
2,36,27,36-27,Leaf,,,,,-0.00250130496,4062.58667,
2,36,28,36-28,Leaf,,,,,0.000569395779,1675.85022,
2,36,29,36-29,Leaf,,,,,0.00187332311,3285.46729,
2,36,30,36-30,Leaf,,,,,-0.000352080941,4341.55371,
2,37,0,37-0,recent_margin_quality_weighted_3_minus_race_mean,0.18225646,37-1,37-2,37-1,82.5918427,33577.1172,
2,37,1,37-1,form_class_level_weighted_3,62.3333321,37-3,37-4,37-3,43.8366547,22903.6797,
2,37,2,37-2,good_starts,6.0,37-5,37-6,37-6,43.890831,10673.4385,
2,37,3,37-3,recent_margin_quality_weighted_3_minus_race_mean,-0.172357947,37-7,37-8,37-8,53.2052612,12097.9395,
2,37,4,37-4,good_starts,16.0,37-9,37-10,37-10,37.3036537,10805.7412,
2,37,5,37-5,recent_last600_best_3,35.1800003,37-11,37-12,37-12,30.77285,5831.47803,
2,37,6,37-6,jockey_history_starts,4.0,37-13,37-14,37-14,12.9779654,4841.96045,
2,37,7,37-7,hidden_sectional_run_best_3_gap_to_best,0.190642461,37-15,37-16,37-15,13.2551041,945.964111,
2,37,8,37-8,jockey_trainer_history_smoothed_top3_rate_gap_to_best,0.00798872113,37-17,37-18,37-18,25.1918716,11151.9756,
2,37,9,37-9,current_weight_change_pct,0.0695652142,37-19,37-20,37-19,22.389946,8417.79297,
2,37,10,37-10,hidden_sectional_run_best_3_gap_to_best,0.162829444,37-21,37-22,37-21,14.7068596,2387.948,
2,37,11,37-11,best_finish_percentile_at_stronger_class,0.909090936,37-23,37-24,37-23,24.6185532,3254.08594,
2,37,12,37-12,jockey_trainer_history_smoothed_top3_rate_gap_to_best,0.277777761,37-25,37-26,37-26,24.0981388,2577.39209,
2,37,13,37-13,current_weight_change_pct,0.0075757578,37-27,37-28,37-28,13.2237768,100.997429,
2,37,14,37-14,current_weight_change_pct,0.15384616,37-29,37-30,37-29,11.1361609,4740.96289,
2,37,15,37-15,Leaf,,,,,-0.00826214813,899.598328,
2,37,16,37-16,Leaf,,,,,0.00458470313,46.3657799,
2,37,17,37-17,Leaf,,,,,0.00109095115,2014.19995,
2,37,18,37-18,Leaf,,,,,-0.00199143472,9137.77539,
2,37,19,37-19,Leaf,,,,,0.000553564227,7338.07227,
2,37,20,37-20,Leaf,,,,,0.00439692941,1079.72034,
2,37,21,37-21,Leaf,,,,,-0.00140860176,1854.25903,
2,37,22,37-22,Leaf,,,,,-0.00610497873,533.689087,
2,37,23,37-23,Leaf,,,,,0.00392757496,2788.70508,
2,37,24,37-24,Leaf,,,,,0.0101396134,465.380859,
2,37,25,37-25,Leaf,,,,,0.00239589228,2059.6582,
2,37,26,37-26,Leaf,,,,,-0.00358866388,517.73407,
2,37,27,37-27,Leaf,,,,,0.000560606015,51.835228,
2,37,28,37-28,Leaf,,,,,-0.0165198781,49.1621971,
2,37,29,37-29,Leaf,,,,,0.000302842673,4724.19531,
2,37,30,37-30,Leaf,,,,,-0.0158652458,16.7676182,
2,38,0,38-0,recent_margin_quality_weighted_3_minus_race_mean,0.0898227096,38-1,38-2,38-1,81.8652344,33390.9961,
2,38,1,38-1,jockey_history_top3_excess,-0.0642039925,38-3,38-4,38-4,36.6971893,15970.8799,
2,38,2,38-2,prize_money_rank,7.0,38-5,38-6,38-6,44.054863,17420.1172,
2,38,3,38-3,form_class_level_weighted_3,53.5999985,38-7,38-8,38-8,22.008316,1657.26892,
2,38,4,38-4,recent_margin_quality_weighted_3_minus_race_mean,-0.294749916,38-9,38-10,38-10,31.1513424,14313.6104,
2,38,5,38-5,good_starts,6.0,38-11,38-12,38-12,26.8592682,11635.3281,
2,38,6,38-6,jockey_history_top3_excess,0.14005594,38-13,38-14,38-13,19.4878597,5784.7876,
2,38,7,38-7,jockey_trainer_history_smoothed_top3_rate_gap_to_best,0.22344324,38-15,38-16,38-15,6.68951416,444.187714,
2,38,8,38-8,jockey_trainer_history_smoothed_top3_rate_gap_to_best,0.159442753,38-17,38-18,38-18,15.747242,1213.0813,
2,38,9,38-9,historical_market_overperformance_slope_3,0.368253976,38-19,38-20,38-19,7.88171005,362.0112,
2,38,10,38-10,form_class_level_weighted_3,60.6666679,38-21,38-22,38-21,21.3845234,13951.5996,
2,38,11,38-11,hidden_sectional_run_best_3,0.141050398,38-23,38-24,38-24,29.0544052,5669.06299,
2,38,12,38-12,best_finish_percentile_at_equal_or_higher_weight,0.526315808,38-25,38-26,38-26,16.6189842,5966.26562,
2,38,13,38-13,historical_market_overperformance_slope_3,0.29836452,38-27,38-28,38-27,15.3316689,5394.10742,
2,38,14,38-14,historical_market_overperformance_slope_3,0.193589747,38-29,38-30,38-29,13.7539768,390.680359,
2,38,15,38-15,Leaf,,,,,-0.0110941613,362.617371,
2,38,16,38-16,Leaf,,,,,-0.00267443876,81.570343,
2,38,17,38-17,Leaf,,,,,0.000299875479,492.114777,
2,38,18,38-18,Leaf,,,,,-0.00546754291,720.966492,
2,38,19,38-19,Leaf,,,,,-0.00892741792,348.613708,
2,38,20,38-20,Leaf,,,,,0.00686035026,13.3974876,
2,38,21,38-21,Leaf,,,,,-0.0018853225,6399.25342,
2,38,22,38-22,Leaf,,,,,7.7241275e-05,7552.3457,
2,38,23,38-23,Leaf,,,,,0.00542660616,2183.95801,
2,38,24,38-24,Leaf,,,,,0.001742027,3485.10498,
2,38,25,38-25,Leaf,,,,,-0.00425909739,375.050354,
2,38,26,38-26,Leaf,,,,,0.00110927608,5591.21484,
2,38,27,38-27,Leaf,,,,,-0.000706529536,4928.44775,
2,38,28,38-28,Leaf,,,,,-0.00541258091,465.659882,
2,38,29,38-29,Leaf,,,,,0.0064703743,337.00296,
2,38,30,38-30,Leaf,,,,,-0.00627904898,53.6773872,
2,39,0,39-0,recent_margin_quality_weighted_3_minus_race_mean,-0.0519235134,39-1,39-2,39-1,86.8646698,33335.7734,
2,39,1,39-1,recent_weighted_avg_margin,7.44878292,39-3,39-4,39-3,41.9339752,7003.26709,
2,39,2,39-2,distance_minus_recent_avg,-349.166656,39-5,39-6,39-6,39.6685448,26332.5059,
2,39,3,39-3,form_class_level_weighted_3,60.3333321,39-7,39-8,39-7,21.5180569,5860.68018,
2,39,4,39-4,form_class_level_weighted_3,64.0,39-9,39-10,39-9,12.833519,1142.58679,
2,39,5,39-5,form_class_level_weighted_3,69.3333359,39-11,39-12,39-12,13.4734535,267.277954,
2,39,6,39-6,prize_money_rank,4.0,39-13,39-14,39-14,31.7064304,26065.2285,
2,39,7,39-7,jockey_trainer_history_smoothed_top3_rate_gap_to_best,0.0247933865,39-15,39-16,39-16,34.4360962,2352.15527,
2,39,8,39-8,historical_market_overperformance_slope_3,-0.140064105,39-17,39-18,39-17,15.9285889,3508.52515,
2,39,9,39-9,recent_3_margin,6.9000001,39-19,39-20,39-19,14.0784225,777.899902,
2,39,10,39-10,recent_finish_percentile_weighted_3_minus_race_mean,-0.272146672,39-21,39-22,39-22,10.6324043,364.68689,
2,39,11,39-11,jockey_trainer_history_smoothed_top3_rate_gap_to_best,0.0486111045,39-23,39-24,39-24,8.83551884,194.180649,
2,39,12,39-12,recent_weighted_win_rate_rank,7.0,39-25,39-26,39-26,1.20560074,73.0973206,
2,39,13,39-13,recent_margin_quality_weighted_3_minus_race_mean,0.356328011,39-27,39-28,39-28,32.854805,9323.95312,
2,39,14,39-14,jockey_trainer_history_smoothed_top3_rate_gap_to_best,0.196192697,39-29,39-30,39-30,25.7830791,16741.2754,
2,39,15,39-15,Leaf,,,,,0.0026207855,466.957275,
2,39,16,39-16,Leaf,,,,,-0.00490735145,1885.198,
2,39,17,39-17,Leaf,,,,,-0.00256020483,1257.07739,
2,39,18,39-18,Leaf,,,,,0.00094058516,2251.44775,
2,39,19,39-19,Leaf,,,,,-0.00515819294,407.251526,
2,39,20,39-20,Leaf,,,,,-0.0121151442,370.648407,
2,39,21,39-21,Leaf,,,,,-0.00870646629,115.925438,
2,39,22,39-22,Leaf,,,,,0.000178535265,248.761429,
2,39,23,39-23,Leaf,,,,,-0.0155175049,29.0334892,
2,39,24,39-24,Leaf,,,,,-0.00204485911,165.147156,
2,39,25,39-25,Leaf,,,,,-0.0191577561,57.7269096,
2,39,26,39-26,Leaf,,,,,-0.00517640496,15.3704071,
2,39,27,39-27,Leaf,,,,,0.00155767123,8654.70996,
2,39,28,39-28,Leaf,,,,,0.00727624446,669.242432,
2,39,29,39-29,Leaf,,,,,0.000827811833,11411.5303,
2,39,30,39-30,Leaf,,,,,-0.00127652555,5329.74512,
2,40,0,40-0,recent_margin_quality_weighted_3_minus_race_mean,0.209049881,40-1,40-2,40-1,73.0266724,33298.1055,
2,40,1,40-1,recent_weighted_avg_margin,4.91573286,40-3,40-4,40-3,50.3336868,24501.002,
2,40,2,40-2,prize_money_rank,2.0,40-5,40-6,40-6,29.3141785,8797.10352,
2,40,3,40-3,good_starts,17.0,40-7,40-8,40-7,18.7918472,18764.1934,
2,40,4,40-4,form_class_level_weighted_3,52.6666679,40-9,40-10,40-9,27.4250259,5736.80811,
2,40,5,40-5,good_starts,11.0,40-11,40-12,40-12,21.4074287,1068.69373,
2,40,6,40-6,good_starts,5.0,40-13,40-14,40-14,20.7807655,7728.41016,
2,40,7,40-7,form_class_level_weighted_3,58.3333321,40-15,40-16,40-15,25.535778,16186.4717,
2,40,8,40-8,jockey_history_starts,28.0,40-17,40-18,40-17,13.9067154,2577.72192,
2,40,9,40-9,recent_finish_percentile_weighted_6_rank_in_race,6.0,40-19,40-20,40-20,21.5123901,2148.28198,
2,40,10,40-10,best_finish_percentile_at_equal_or_higher_weight,2.00001001,40-21,40-22,40-22,20.2365856,3588.52637,
2,40,11,40-11,best_finish_percentile_at_stronger_class,0.928571403,40-23,40-24,40-23,14.4773331,712.580566,
2,40,12,40-12,recent_3_margin,1.20000005,40-25,40-26,40-26,12.8380518,356.113129,
2,40,13,40-13,recent_margin_std_6,2.33719921,40-27,40-28,40-28,29.7405815,3878.52563,
2,40,14,40-14,distance_minus_recent_avg,-241.666672,40-29,40-30,40-30,15.3586798,3849.88452,
2,40,15,40-15,Leaf,,,,,-0.000874693913,6753.59033,
2,40,16,40-16,Leaf,,,,,0.00113754405,9432.88086,
2,40,17,40-17,Leaf,,,,,-0.00538025564,578.166382,
2,40,18,40-18,Leaf,,,,,-0.000993377878,1999.55554,
2,40,19,40-19,Leaf,,,,,-0.00268659252,1214.97717,
2,40,20,40-20,Leaf,,,,,-0.0077656256,933.30481,
2,40,21,40-21,Leaf,,,,,-0.00240320875,2724.08179,
2,40,22,40-22,Leaf,,,,,0.00196621078,864.444519,
2,40,23,40-23,Leaf,,,,,0.00912839174,681.282349,
2,40,24,40-24,Leaf,,,,,-0.00659359479,31.2982216,
2,40,25,40-25,Leaf,,,,,-0.00772618596,75.1785583,
2,40,26,40-26,Leaf,,,,,0.00330671179,280.93457,
2,40,27,40-27,Leaf,,,,,0.00485762302,2011.21375,
2,40,28,40-28,Leaf,,,,,0.000474608096,1867.31201,
2,40,29,40-29,Leaf,,,,,-0.00889375247,103.55957,
2,40,30,40-30,Leaf,,,,,0.000437338924,3746.32495,
2,41,0,41-0,recent_weighted_avg_margin,4.39091301,41-1,41-2,41-1,76.4827118,32941.2969,
2,41,1,41-1,recent_finish_percentile_weighted_3_minus_race_mean,0.281823516,41-3,41-4,41-3,43.6239929,24953.8398,
2,41,2,41-2,form_class_level_weighted_3,53.3333321,41-5,41-6,41-5,39.6847382,7987.4585,
2,41,3,41-3,good_starts,18.0,41-7,41-8,41-7,21.0468178,19755.9785,
2,41,4,41-4,good_starts,6.0,41-9,41-10,41-10,44.5157928,5197.86133,
2,41,5,41-5,jockey_trainer_history_smoothed_top3_rate_gap_to_best,0.0408408344,41-11,41-12,41-12,25.9098816,2973.95947,
2,41,6,41-6,recent_finish_percentile_weighted_3_minus_race_mean,-0.290859818,41-13,41-14,41-14,27.1099606,5013.49951,
2,41,7,41-7,jockey_trainer_history_smoothed_top3_rate_gap_to_best,0.206140339,41-15,41-16,41-16,20.6469727,17524.3262,
2,41,8,41-8,best_finish_percentile_at_equal_or_higher_weight,0.400000006,41-17,41-18,41-17,15.4094772,2231.65332,
2,41,9,41-9,recent_last600_best_3,35.2000008,41-19,41-20,41-20,33.7819061,2912.95923,
2,41,10,41-10,recent_last600_best_3,36.4500008,41-21,41-22,41-21,21.4168129,2284.9021,
2,41,11,41-11,recent_3_margin,1.5,41-23,41-24,41-24,9.27222633,683.7995,
2,41,12,41-12,recent_margin_quality_weighted_3_minus_race_mean,-0.0822125375,41-25,41-26,41-26,17.4420776,2290.15991,
2,41,13,41-13,recent_margin_quality_weighted_3_minus_race_mean,-0.127837598,41-27,41-28,41-28,8.31329346,486.212524,
2,41,14,41-14,current_weight_change_pct,0.0250000004,41-29,41-30,41-29,25.4800434,4527.28662,
2,41,15,41-15,Leaf,,,,,0.00100318994,11911.1172,
2,41,16,41-16,Leaf,,,,,-0.00083431165,5613.20898,
2,41,17,41-17,Leaf,,,,,0.000963320024,679.893982,
2,41,18,41-18,Leaf,,,,,-0.0035275009,1551.75928,
2,41,19,41-19,Leaf,,,,,0.007043764,1675.48132,
2,41,20,41-20,Leaf,,,,,0.00158058293,1237.47778,
2,41,21,41-21,Leaf,,,,,0.000772451982,2119.00537,
2,41,22,41-22,Leaf,,,,,-0.00830390304,165.896698,
2,41,23,41-23,Leaf,,,,,-0.00993903819,45.7390442,
2,41,24,41-24,Leaf,,,,,0.000685406034,638.060486,
2,41,25,41-25,Leaf,,,,,-0.00874814298,778.515503,
2,41,26,41-26,Leaf,,,,,-0.00408450048,1511.64429,
2,41,27,41-27,Leaf,,,,,-0.00736299623,442.240753,
2,41,28,41-28,Leaf,,,,,0.00332846795,43.9717751,
2,41,29,41-29,Leaf,,,,,-0.001741088,2670.22485,
2,41,30,41-30,Leaf,,,,,0.00206277776,1857.06201,
2,42,0,42-0,jockey_history_top3_excess,0.00773265213,42-1,42-2,42-1,72.9007263,32928.4023,
2,42,1,42-1,recent_finish_percentile_weighted_6_rank_in_race,6.0,42-3,42-4,42-4,52.3101349,14368.7861,
2,42,2,42-2,recent_margin_quality_weighted_3_minus_race_mean,0.34690398,42-5,42-6,42-5,50.5093002,18559.6152,
2,42,3,42-3,recent_margin_std_6,3.58812857,42-7,42-8,42-8,29.0317307,10484.6875,
2,42,4,42-4,trainer_history_top3_excess,-0.0659999996,42-9,42-10,42-10,30.0173569,3884.09863,
2,42,5,42-5,jockey_history_top3_excess,0.14005594,42-11,42-12,42-12,22.4048386,17319.7051,
2,42,6,42-6,recent_last600_best_3,37.2299995,42-13,42-14,42-14,19.8925247,1239.91028,
2,42,7,42-7,recent_margin_std_6,2.60959768,42-15,42-16,42-16,13.6909933,7864.61035,
2,42,8,42-8,jockey_trainer_history_smoothed_top3_rate_gap_to_best,0.254761875,42-17,42-18,42-18,19.8317642,2620.07739,
2,42,9,42-9,form_class_level_weighted_3,61.0,42-19,42-20,42-19,8.24408722,478.43988,
2,42,10,42-10,best_finish_percentile_at_stronger_class,0.571428597,42-21,42-22,42-22,22.1918755,3405.65869,
2,42,11,42-11,recent_last600_best_3,34.5600014,42-23,42-24,42-24,23.5847931,15838.9121,
2,42,12,42-12,recent_margin_quality_weighted_3_minus_race_mean,0.223216027,42-25,42-26,42-26,19.2412891,1480.79163,
2,42,13,42-13,jockey_history_top3_excess,0.0995124429,42-27,42-28,42-28,12.6830368,959.423889,
2,42,14,42-14,good_wins,1.0,42-29,42-30,42-30,18.8671188,280.486389,
2,42,15,42-15,Leaf,,,,,-0.000393839524,5448.6709,
2,42,16,42-16,Leaf,,,,,0.00186295377,2415.93945,
2,42,17,42-17,Leaf,,,,,-0.00131032651,1849.32544,
2,42,18,42-18,Leaf,,,,,-0.00607887702,770.751831,
2,42,19,42-19,Leaf,,,,,-0.0123615982,287.246948,
2,42,20,42-20,Leaf,,,,,-0.00518056331,191.192932,
2,42,21,42-21,Leaf,,,,,-0.00675665587,758.686707,
2,42,22,42-22,Leaf,,,,,-0.00191122724,2646.97217,
2,42,23,42-23,Leaf,,,,,0.00152453897,6467.9375,
2,42,24,42-24,Leaf,,,,,-0.000436575152,9370.97559,
2,42,25,42-25,Leaf,,,,,0.00203459733,1162.36914,
2,42,26,42-26,Leaf,,,,,0.00892960746,318.422455,
2,42,27,42-27,Leaf,,,,,0.00565059297,703.18103,
2,42,28,42-28,Leaf,,,,,0.0123044513,256.242889,
2,42,29,42-29,Leaf,,,,,0.00397066213,203.869614,
2,42,30,42-30,Leaf,,,,,-0.00985953119,76.6167755,
2,43,0,43-0,recent_weighted_avg_margin_rank,5.0,43-1,43-2,43-2,72.4515457,32727.6191,
2,43,1,43-1,jockey_history_top3_excess,0.00162350549,43-3,43-4,43-4,42.2998886,20514.8945,
2,43,2,43-2,trainer_history_top3_excess,0.0836172998,43-5,43-6,43-5,53.635334,12212.7236,
2,43,3,43-3,prize_money_rank,4.0,43-7,43-8,43-8,26.4777603,7979.77588,
2,43,4,43-4,recent_margin_quality_weighted_3_minus_race_mean,0.337773383,43-9,43-10,43-10,28.8432274,12535.1191,
2,43,5,43-5,recent_margin_quality_weighted_3_minus_race_mean,-0.118925631,43-11,43-12,43-12,22.3651352,10148.1553,
2,43,6,43-6,distance_minus_recent_avg,-78.1666641,43-13,43-14,43-14,16.5082664,2064.56836,
2,43,7,43-7,recent_margin_quality_weighted_3_minus_race_mean,0.219716489,43-15,43-16,43-16,23.0000744,3211.93115,
2,43,8,43-8,best_finish_percentile_at_equal_or_higher_weight,0.888888896,43-17,43-18,43-17,8.41814423,4767.84521,
2,43,9,43-9,recent_margin_std_6,3.46741986,43-19,43-20,43-20,26.9877548,11122.4727,
2,43,10,43-10,jockey_history_top3_excess,0.0995124429,43-21,43-22,43-21,18.6156387,1412.646,
2,43,11,43-11,prize_money_rank,4.0,43-23,43-24,43-24,22.4366455,2909.36011,
2,43,12,43-12,recent_similar_distance_speed_rank,8.0,43-25,43-26,43-25,20.2119446,7238.79541,
2,43,13,43-13,recent_5_weight_kg,55.5,43-27,43-28,43-28,11.1183109,249.559021,
2,43,14,43-14,recent_weighted_win_rate_rank,5.0,43-29,43-30,43-29,14.2338581,1815.00928,
2,43,15,43-15,Leaf,,,,,-0.000345736131,2099.33911,
2,43,16,43-16,Leaf,,,,,0.00408362783,1112.59216,
2,43,17,43-17,Leaf,,,,,-0.000926100474,3008.19189,
2,43,18,43-18,Leaf,,,,,-0.0031084693,1759.65308,
2,43,19,43-19,Leaf,,,,,0.00189123605,9264.12207,
2,43,20,43-20,Leaf,,,,,-0.00140231184,1858.35095,
2,43,21,43-21,Leaf,,,,,0.00353433564,1102.1311,
2,43,22,43-22,Leaf,,,,,0.0104673048,310.514954,
2,43,23,43-23,Leaf,,,,,-0.00124394742,1061.85168,
2,43,24,43-24,Leaf,,,,,-0.00582244759,1847.50854,
2,43,25,43-25,Leaf,,,,,-0.000887304486,5750.479,
2,43,26,43-26,Leaf,,,,,-0.00415242789,1488.31592,
2,43,27,43-27,Leaf,,,,,0.00520205963,56.8934631,
2,43,28,43-28,Leaf,,,,,-0.00663166493,192.665558,
2,43,29,43-29,Leaf,,,,,0.00469154818,1105.60962,
2,43,30,43-30,Leaf,,,,,0.000150741747,709.399658,
2,44,0,44-0,recent_finish_percentile_weighted_3_minus_race_mean,0.0910580754,44-1,44-2,44-1,86.9920425,32603.9844,
2,44,1,44-1,jockey_history_top3_excess,-0.0248553064,44-3,44-4,44-3,37.8830452,14562.1328,
2,44,2,44-2,good_starts,9.0,44-5,44-6,44-6,38.6656342,18041.8516,
2,44,3,44-3,recent_margin_quality_weighted_3_minus_race_mean,-0.101810873,44-7,44-8,44-8,22.4659348,3926.65479,
2,44,4,44-4,recent_weighted_avg_margin,7.69395399,44-9,44-10,44-9,20.4538574,10635.4775,
2,44,5,44-5,recent_last600_best_3,35.1300011,44-11,44-12,44-12,39.2719193,12152.5508,
2,44,6,44-6,recent_similar_distance_speed_rank,13.0,44-13,44-14,44-14,22.2723827,5889.30029,
2,44,7,44-7,recent_weighted_avg_margin,5.53689003,44-15,44-16,44-16,10.7874908,1163.88318,
2,44,8,44-8,recent_3_margin,6.0,44-17,44-18,44-17,8.95990372,2762.77173,
2,44,9,44-9,recent_finish_percentile_weighted_3_minus_race_mean,-0.407991618,44-19,44-20,44-20,12.173913,9909.05762,
2,44,10,44-10,recent_finish_percentile_weighted_6_rank_in_race,4.0,44-21,44-22,44-22,10.7588844,726.419495,
2,44,11,44-11,recent_finish_percentile_weighted_3_minus_race_mean,0.25761807,44-23,44-24,44-24,31.8386536,6865.2627,
2,44,12,44-12,prize_money_rank,3.0,44-25,44-26,44-26,18.109724,5287.28809,
2,44,13,44-13,recent_5_weight_kg,53.5,44-27,44-28,44-28,11.0279818,5645.14307,
2,44,14,44-14,jockey_history_top3_excess,0.0897312239,44-29,44-30,44-29,7.67346764,244.157501,
2,44,15,44-15,Leaf,,,,,-0.00364899146,521.163086,
2,44,16,44-16,Leaf,,,,,-0.00861926656,642.720032,
2,44,17,44-17,Leaf,,,,,-0.00155407668,2192.3938,
2,44,18,44-18,Leaf,,,,,-0.00507093454,570.377808,
2,44,19,44-19,Leaf,,,,,-0.010577511,62.5456467,
2,44,20,44-20,Leaf,,,,,-0.000294673257,9846.5127,
2,44,21,44-21,Leaf,,,,,0.00316591794,88.1888351,
2,44,22,44-22,Leaf,,,,,-0.00581873395,638.230652,
2,44,23,44-23,Leaf,,,,,0.00185183459,4241.19141,
2,44,24,44-24,Leaf,,,,,0.00536222151,2624.07129,
2,44,25,44-25,Leaf,,,,,0.00319986022,1083.22766,
2,44,26,44-26,Leaf,,,,,-0.000410645269,4204.06055,
2,44,27,44-27,Leaf,,,,,-0.00542375306,230.444122,
2,44,28,44-28,Leaf,,,,,4.68665166e-05,5414.69873,
2,44,29,44-29,Leaf,,,,,-0.00989265274,194.676117,
2,44,30,44-30,Leaf,,,,,0.000811565318,49.4813957,
2,45,0,45-0,recent_margin_quality_weighted_3_minus_race_mean,0.0898227096,45-1,45-2,45-1,86.2751465,32406.3418,
2,45,1,45-1,trainer_history_top3_excess,0.00954952464,45-3,45-4,45-4,43.0364304,15487.6445,
2,45,2,45-2,jockey_history_top3_excess,0.14005594,45-5,45-6,45-5,36.5075188,16918.6973,
2,45,3,45-3,jockey_history_top3_excess,0.067592591,45-7,45-8,45-8,32.3265228,6476.68359,
2,45,4,45-4,recent_finish_percentile_weighted_3_minus_race_mean,-0.150157809,45-9,45-10,45-10,20.6154556,9010.96094,
2,45,5,45-5,recent_finish_percentile_weighted_3_minus_race_mean,0.359402239,45-11,45-12,45-11,20.5352783,16021.7168,
2,45,6,45-6,recent_margin_quality_weighted_3_minus_race_mean,0.223216027,45-13,45-14,45-14,17.9544182,896.980713,
2,45,7,45-7,best_finish_percentile_at_stronger_class,0.6875,45-15,45-16,45-15,26.4755096,5313.31396,
2,45,8,45-8,trainer_history_top3_excess,-0.033806596,45-17,45-18,45-18,11.4880457,1163.36975,
2,45,9,45-9,best_finish_percentile_at_stronger_class,0.818181813,45-19,45-20,45-19,17.9077721,1513.92712,
2,45,10,45-10,jockey_history_top3_excess,-0.0820144638,45-21,45-22,45-22,15.7500191,7497.03369,
2,45,11,45-11,jockey_trainer_history_smoothed_top3_rate_gap_to_best,0.231411874,45-23,45-24,45-24,21.7808838,14029.8301,
2,45,12,45-12,best_finish_percentile_at_stronger_class,0.9375,45-25,45-26,45-26,18.7590141,1991.88721,
2,45,13,45-13,hidden_sectional_run_best_3_gap_to_best,0.182501987,45-27,45-28,45-28,13.0420609,494.991333,
2,45,14,45-14,historical_market_overperformance_slope_3,0.193589747,45-29,45-30,45-29,5.21060181,401.989349,
2,45,15,45-15,Leaf,,,,,-0.00561327068,2686.55786,
2,45,16,45-16,Leaf,,,,,-0.00206921785,2626.7561,
2,45,17,45-17,Leaf,,,,,0.00343568041,523.970398,
2,45,18,45-18,Leaf,,,,,-0.00151304551,639.399292,
2,45,19,45-19,Leaf,,,,,-0.0047696773,1067.5863,
2,45,20,45-20,Leaf,,,,,0.00115306617,446.34082,
2,45,21,45-21,Leaf,,,,,-0.00628649211,219.171997,
2,45,22,45-22,Leaf,,,,,0.000369048154,7277.86182,
2,45,23,45-23,Leaf,,,,,0.00107901823,10189.1113,
2,45,24,45-24,Leaf,,,,,-0.00112747482,3840.71802,
2,45,25,45-25,Leaf,,,,,0.00588764949,880.876953,
2,45,26,45-26,Leaf,,,,,0.000998683623,1111.01025,
2,45,27,45-27,Leaf,,,,,-0.00156003784,234.110565,
2,45,28,45-28,Leaf,,,,,0.00642593671,260.880768,
2,45,29,45-29,Leaf,,,,,0.0108129149,358.798706,
2,45,30,45-30,Leaf,,,,,0.00116943556,43.1906204,
2,46,0,46-0,recent_finish_percentile_weighted_3_minus_race_mean,-0.0224326849,46-1,46-2,46-1,78.9888229,32250.4199,
2,46,1,46-1,recent_weighted_avg_margin,9.59683704,46-3,46-4,46-3,30.4670105,8008.00684,
2,46,2,46-2,jockey_history_top3_excess,0.0497120917,46-5,46-6,46-5,39.4188271,24242.4121,
2,46,3,46-3,jockey_trainer_history_smoothed_top3_rate_gap_to_best,0.020979017,46-7,46-8,46-8,20.5757751,7581.51611,
2,46,4,46-4,form_class_level_weighted_3,55.0,46-9,46-10,46-9,6.88541794,426.490448,
2,46,5,46-5,recent_margin_std_6,1.92431808,46-11,46-12,46-12,28.4413929,16203.2344,
2,46,6,46-6,recent_finish_percentile_rank,2.0,46-13,46-14,46-14,30.0314713,8039.17822,
2,46,7,46-7,prize_money_rank,2.0,46-15,46-16,46-15,15.2459288,1316.89856,
2,46,8,46-8,historical_market_overperformance_slope_3,0.262980759,46-17,46-18,46-17,23.4340134,6264.61768,
2,46,9,46-9,recent_margin_quality_weighted_3_minus_race_mean,-0.0237312317,46-19,46-20,46-20,6.68638992,202.315231,
2,46,10,46-10,historical_market_overperformance_slope_3,-0.104166664,46-21,46-22,46-21,4.67732716,224.175217,
2,46,11,46-11,good_starts,14.0,46-23,46-24,46-24,23.610424,5254.73047,
2,46,12,46-12,recent_finish_percentile_weighted_6_rank_in_race,4.0,46-25,46-26,46-26,11.6899281,10948.5039,
2,46,13,46-13,recent_margin_quality_weighted_3_minus_race_mean,0.291923583,46-27,46-28,46-28,17.6708984,2219.47461,
2,46,14,46-14,prize_money_rank,3.0,46-29,46-30,46-30,15.2882938,5819.70361,
2,46,15,46-15,Leaf,,,,,-0.00732215075,117.00428,
2,46,16,46-16,Leaf,,,,,0.00178146258,1199.89429,
2,46,17,46-17,Leaf,,,,,-0.00295503414,5775.98926,
2,46,18,46-18,Leaf,,,,,0.00269944663,488.628174,
2,46,19,46-19,Leaf,,,,,-0.0133303003,187.090637,
2,46,20,46-20,Leaf,,,,,0.00224905368,15.2245989,
2,46,21,46-21,Leaf,,,,,-0.00126422604,108.168175,
2,46,22,46-22,Leaf,,,,,-0.00856827945,116.007042,
2,46,23,46-23,Leaf,,,,,0.00218102802,4269.4292,
2,46,24,46-24,Leaf,,,,,-0.00209408114,985.301086,
2,46,25,46-25,Leaf,,,,,-0.000237734203,6944.81494,
2,46,26,46-26,Leaf,,,,,-0.00193419156,4003.6897,
2,46,27,46-27,Leaf,,,,,0.00282364502,1458.02979,
2,46,28,46-28,Leaf,,,,,0.00755057577,761.444763,
2,46,29,46-29,Leaf,,,,,0.00339684379,1334.02917,
2,46,30,46-30,Leaf,,,,,0.000354097894,4485.67432,
2,47,0,47-0,recent_finish_percentile_rank,6.0,47-1,47-2,47-2,67.7022705,32183.9141,
2,47,1,47-1,prize_money_rank,2.0,47-3,47-4,47-4,36.8024216,22978.9414,
2,47,2,47-2,trainer_history_top3_excess,-0.0102040814,47-5,47-6,47-5,33.5983658,9204.97363,
2,47,3,47-3,trainer_history_top3_excess,0.0868326128,47-7,47-8,47-7,18.5420647,3056.88379,
2,47,4,47-4,trainer_history_top3_excess,0.0364955366,47-9,47-10,47-9,33.6665497,19922.0566,
2,47,5,47-5,good_wins,1.0,47-11,47-12,47-12,18.5423279,3373.43848,
2,47,6,47-6,good_starts,10.0,47-13,47-14,47-14,17.8254623,5831.53467,
2,47,7,47-7,recent_weighted_avg_margin_rank,4.0,47-15,47-16,47-16,22.3625851,2550.03467,
2,47,8,47-8,good_starts,23.0,47-17,47-18,47-18,12.4562607,506.84906,
2,47,9,47-9,recent_weighted_avg_margin,9.09250546,47-19,47-20,47-20,18.5238514,10550.4873,
2,47,10,47-10,recent_weighted_win_rate_rank,3.0,47-21,47-22,47-22,24.4777851,9371.56934,
2,47,11,47-11,jockey_history_top3_excess,0.0523877367,47-23,47-24,47-23,17.6424103,1576.54883,
2,47,12,47-12,recent_weighted_avg_margin_rank,11.0,47-25,47-26,47-25,17.6597481,1796.88953,
2,47,13,47-13,recent_3_margin,9.39999962,47-27,47-28,47-28,14.8020763,4036.77368,
2,47,14,47-14,horse_jockey_win_rate_rank,4.0,47-29,47-30,47-29,9.34614372,1794.76099,
2,47,15,47-15,Leaf,,,,,0.0040251608,1725.6958,
2,47,16,47-16,Leaf,,,,,-0.000960198638,824.338989,
2,47,17,47-17,Leaf,,,,,0.00875683501,469.011292,
2,47,18,47-18,Leaf,,,,,-0.00502714282,37.8377571,
2,47,19,47-19,Leaf,,,,,-0.000486413017,10425.6094,
2,47,20,47-20,Leaf,,,,,-0.00981540792,124.877823,
2,47,21,47-21,Leaf,,,,,0.00269577722,4801.7583,
2,47,22,47-22,Leaf,,,,,0.000139107477,4569.81152,
2,47,23,47-23,Leaf,,,,,-0.00706340745,1257.17249,
2,47,24,47-24,Leaf,,,,,-0.000452555541,319.376373,
2,47,25,47-25,Leaf,,,,,-0.00123639009,1651.94519,
2,47,26,47-26,Leaf,,,,,-0.0100870086,144.944427,
2,47,27,47-27,Leaf,,,,,0.00120287051,2965.34595,
2,47,28,47-28,Leaf,,,,,-0.00221187645,1071.42773,
2,47,29,47-29,Leaf,,,,,-0.0015789204,1316.58679,
2,47,30,47-30,Leaf,,,,,-0.00566123193,478.174225,
2,48,0,48-0,recent_weighted_avg_margin,4.97735977,48-1,48-2,48-2,70.1936417,31890.9219,
2,48,1,48-1,recent_finish_percentile_rank,2.0,48-3,48-4,48-4,40.7826233,25966.1328,
2,48,2,48-2,jockey_trainer_history_smoothed_top3_rate_gap_to_best,0.0563187003,48-5,48-6,48-6,25.5485764,5924.78906,
2,48,3,48-3,good_starts,6.0,48-7,48-8,48-8,26.7670479,6237.03955,
2,48,4,48-4,recent_finish_percentile_weighted_3_minus_race_mean,-0.150157809,48-9,48-10,48-9,21.0113392,19729.0938,
2,48,5,48-5,distance_minus_recent_avg,-75.0,48-11,48-12,48-12,16.5788803,1541.72607,
2,48,6,48-6,best_finish_percentile_at_stronger_class,0.733333349,48-13,48-14,48-13,23.3662186,4383.06299,
2,48,7,48-7,best_finish_percentile_at_stronger_class,0.833333313,48-15,48-16,48-15,32.083107,3626.30444,
2,48,8,48-8,distance_minus_recent_avg,591.666687,48-17,48-18,48-18,19.0976524,2610.73511,
2,48,9,48-9,current_weight_change_pct,0.0338983051,48-19,48-20,48-19,9.41075516,1366.21948,
2,48,10,48-10,jockey_trainer_history_smoothed_top3_rate_gap_to_best,0.231411874,48-21,48-22,48-22,20.1861019,18362.875,
2,48,11,48-11,current_weight_change_pct,0.00854700897,48-23,48-24,48-23,11.292984,243.224686,
2,48,12,48-12,hidden_sectional_run_best_3,0.186922237,48-25,48-26,48-26,9.4830637,1298.50134,
2,48,13,48-13,recent_margin_quality_weighted_3_minus_race_mean,0.191107333,48-27,48-28,48-27,15.7636795,2731.94678,
2,48,14,48-14,jockey_trainer_history_smoothed_top3_rate_gap_to_best,0.1015625,48-29,48-30,48-29,13.0195923,1651.11609,
2,48,15,48-15,Leaf,,,,,0.00143996859,1892.43103,
2,48,16,48-16,Leaf,,,,,0.00615590997,1733.87329,
2,48,17,48-17,Leaf,,,,,-1.75071291e-05,2529.67017,
2,48,18,48-18,Leaf,,,,,0.0116329798,81.0647736,
2,48,19,48-19,Leaf,,,,,-0.00430899998,962.590088,
2,48,20,48-20,Leaf,,,,,0.000212396917,403.629456,
2,48,21,48-21,Leaf,,,,,0.000752868655,13078.3193,
2,48,22,48-22,Leaf,,,,,-0.00107639562,5284.55469,
2,48,23,48-23,Leaf,,,,,-0.0109004667,114.790573,
2,48,24,48-24,Leaf,,,,,-0.00026742401,128.434113,
2,48,25,48-25,Leaf,,,,,-0.00506740296,116.635918,
2,48,26,48-26,Leaf,,,,,0.00212980085,1181.86548,
2,48,27,48-27,Leaf,,,,,-0.00524976058,2612.69775,
2,48,28,48-28,Leaf,,,,,0.00377188553,119.249054,
2,48,29,48-29,Leaf,,,,,0.000783009164,973.929321,
2,48,30,48-30,Leaf,,,,,-0.00370103004,677.186768,
2,49,0,49-0,recent_margin_quality_weighted_3_minus_race_mean,0.0898227096,49-1,49-2,49-1,66.2290192,32024.0918,
2,49,1,49-1,best_finish_percentile_at_stronger_class,0.8125,49-3,49-4,49-3,39.0025024,15254.1387,
2,49,2,49-2,jockey_history_top3_excess,0.152532846,49-5,49-6,49-5,33.0098038,16769.9531,
2,49,3,49-3,form_class_level_weighted_3,59.0,49-7,49-8,49-8,42.9517899,10056.2158,
2,49,4,49-4,jockey_history_top3_excess,-0.101218812,49-9,49-10,49-10,16.7382278,5197.92334,
2,49,5,49-5,prize_money_rank,5.0,49-11,49-12,49-12,34.0763779,16122.918,
2,49,6,49-6,jockey_recent_top3_excess,0.111307181,49-13,49-14,49-14,11.4347153,647.035339,
2,49,7,49-7,trainer_history_top3_excess,0.0387145244,49-15,49-16,49-15,21.4813766,3614.1626,
2,49,8,49-8,jockey_history_top3_excess,0.0505744256,49-17,49-18,49-17,22.0206909,6442.05273,
2,49,9,49-9,trainer_history_top3_excess,0.0225353949,49-19,49-20,49-20,5.11278439,103.397514,
2,49,10,49-10,recent_last600_best_3,35.5999985,49-21,49-22,49-21,12.1462498,5094.52539,
2,49,11,49-11,good_wins,2.0,49-23,49-24,49-24,21.4376717,7598.90576,
2,49,12,49-12,jockey_history_top3_excess,-0.0208141319,49-25,49-26,49-25,24.5931892,8524.0127,
2,49,13,49-13,Leaf,,,,,-0.00896829925,19.923193,
2,49,14,49-14,recent_margin_quality_weighted_3_minus_race_mean,0.223216027,49-27,49-28,49-28,8.78338623,627.112122,
2,49,15,49-15,Leaf,,,,,-0.00560414279,2441.55908,
2,49,16,49-16,Leaf,,,,,-0.00146602548,1172.60364,
2,49,17,49-17,Leaf,,,,,-0.00189612247,4300.15039,
2,49,18,49-18,Leaf,,,,,0.00120008958,2141.90234,
2,49,19,49-19,Leaf,,,,,-0.0120962281,73.5887527,
2,49,20,49-20,Leaf,,,,,-0.0,29.8087616,
2,49,21,49-21,Leaf,,,,,0.00133110327,4242.54883,
2,49,22,49-22,Leaf,,,,,-0.0019226661,851.976685,
2,49,23,49-23,Leaf,,,,,0.00295797526,5290.55664,
2,49,24,49-24,Leaf,,,,,6.83265462e-05,2308.34912,
2,49,25,49-25,Leaf,,,,,-0.00246612425,2234.23682,
2,49,26,49-26,Leaf,,,,,0.000581417116,6289.77539,
2,49,27,49-27,Leaf,,,,,0.00434963591,348.592651,
2,49,28,49-28,Leaf,,,,,0.0105224894,278.519501,
2,50,0,50-0,recent_finish_percentile_weighted_3_minus_race_mean,0.0005017519,50-1,50-2,50-1,72.344841,31796.8301,
2,50,1,50-1,jockey_history_top3_excess,-0.0208141319,50-3,50-4,50-3,34.7890053,8939.86133,
2,50,2,50-2,recent_last600_best_3,35.3400002,50-5,50-6,50-6,38.7521057,22856.9688,
2,50,3,50-3,historical_market_overperformance_slope_3,0.262980759,50-7,50-8,50-7,21.5708084,2655.41382,
2,50,4,50-4,recent_finish_percentile_weighted_3_minus_race_mean,-0.407991618,50-9,50-10,50-10,17.5977173,6284.44727,
2,50,5,50-5,good_starts,6.0,50-11,50-12,50-12,35.2248039,13853.4609,
2,50,6,50-6,recent_similar_distance_speed_rank,7.0,50-13,50-14,50-14,20.9777565,9003.50781,
2,50,7,50-7,recent_3_margin,5.0999999,50-15,50-16,50-16,15.6454086,2425.89136,
2,50,8,50-8,jockey_history_top3_excess,-0.0833313987,50-17,50-18,50-17,16.5134487,229.522385,
2,50,9,50-9,recent_last600_best_3,33.1899986,50-19,50-20,50-19,4.03839684,88.607666,
2,50,10,50-10,jockey_trainer_history_smoothed_top3_rate_gap_to_best,0.019607842,50-21,50-22,50-22,16.7323074,6195.83984,
2,50,11,50-11,recent_finish_percentile_weighted_3_minus_race_mean,0.281823516,50-23,50-24,50-24,28.3362808,7065.9126,
2,50,12,50-12,prize_money_rank,2.0,50-25,50-26,50-26,13.1237335,6787.54834,
2,50,13,50-13,jockey_history_starts,4.0,50-27,50-28,50-28,11.4220514,5781.15039,
2,50,14,50-14,historical_market_overperformance_slope_3,0.254328996,50-29,50-30,50-30,14.2525082,3222.35791,
2,50,15,50-15,Leaf,,,,,-0.00313927722,1377.13708,
2,50,16,50-16,Leaf,,,,,-0.00723701203,1048.75427,
2,50,17,50-17,Leaf,,,,,-0.0113905277,32.3389435,
2,50,18,50-18,Leaf,,,,,0.00578405103,197.183441,
2,50,19,50-19,Leaf,,,,,-0.00167975517,25.3278008,
2,50,20,50-20,Leaf,,,,,-0.01432963,63.2798653,
2,50,21,50-21,Leaf,,,,,0.0017866327,1352.44238,
2,50,22,50-22,Leaf,,,,,-0.00134813238,4843.39746,
2,50,23,50-23,Leaf,,,,,0.00196601404,5360.61719,
2,50,24,50-24,Leaf,,,,,0.00566913933,1705.29517,
2,50,25,50-25,Leaf,,,,,0.00289247255,1055.76184,
2,50,26,50-26,Leaf,,,,,-0.000127672713,5731.78613,
2,50,27,50-27,Leaf,,,,,-0.00626286585,145.122284,
2,50,28,50-28,Leaf,,,,,0.000611830328,5636.02783,
2,50,29,50-29,Leaf,,,,,-0.00109902059,2399.08545,
2,50,30,50-30,Leaf,,,,,-0.00490687927,823.272339,
2,51,0,51-0,recent_margin_quality_weighted_3_minus_race_mean,-0.0360839367,51-1,51-2,51-2,67.6791077,31696.9883,
2,51,1,51-1,form_class_level_weighted_3,55.3333321,51-3,51-4,51-3,55.7659416,6888.85156,
2,51,2,51-2,recent_margin_std_6,3.21039987,51-5,51-6,51-6,38.7833519,24808.1367,
2,51,3,51-3,trainer_history_top3_excess,-0.0102040814,51-7,51-8,51-7,25.277977,1688.63513,
2,51,4,51-4,best_finish_percentile_at_equal_or_higher_weight,0.0833333358,51-9,51-10,51-9,13.556284,5200.21631,
2,51,5,51-5,jockey_recent_top3_excess,0.109285496,51-11,51-12,51-12,27.3212776,17331.8594,
2,51,6,51-6,trainer_history_top3_excess,-0.0351423696,51-13,51-14,51-13,20.2255116,7476.27832,
2,51,7,51-7,recent_margin_quality_weighted_3_minus_race_mean,-0.144589007,51-15,51-16,51-16,16.2997665,759.335205,
2,51,8,51-8,recent_finish_percentile_rank,4.0,51-17,51-18,51-18,9.85424614,929.299927,
2,51,9,51-9,recent_5_weight_kg,56.0,51-19,51-20,51-20,13.4405928,1326.9541,
2,51,10,51-10,trainer_history_top3_excess,0.0880714282,51-21,51-22,51-21,12.826767,3873.26245,
2,51,11,51-11,prize_money_rank,5.0,51-23,51-24,51-24,16.4210262,13169.8477,
2,51,12,51-12,recent_finish_percentile_rank,2.0,51-25,51-26,51-26,26.4666901,4162.01074,
2,51,13,51-13,form_class_level_weighted_3,52.6666679,51-27,51-28,51-27,16.031723,1475.47119,
2,51,14,51-14,recent_similar_distance_speed_rank,8.0,51-29,51-30,51-29,19.8549423,6000.80713,
2,51,15,51-15,Leaf,,,,,-0.0141724665,292.827209,
2,51,16,51-16,Leaf,,,,,-0.00639333064,466.507996,
2,51,17,51-17,Leaf,,,,,0.000790933147,255.626801,
2,51,18,51-18,Leaf,,,,,-0.00491500134,673.673096,
2,51,19,51-19,Leaf,,,,,-0.00319595821,317.407135,
2,51,20,51-20,Leaf,,,,,0.00262596295,1009.547,
2,51,21,51-21,Leaf,,,,,-0.00225991686,3369.74487,
2,51,22,51-22,Leaf,,,,,0.00198279927,503.517609,
2,51,23,51-23,Leaf,,,,,0.00155557913,6369.52051,
2,51,24,51-24,Leaf,,,,,-0.000209237085,6800.32715,
2,51,25,51-25,Leaf,,,,,0.00599072641,1254.91333,
2,51,26,51-26,Leaf,,,,,0.00164452882,2907.09741,
2,51,27,51-27,Leaf,,,,,-0.00659325672,619.843384,
2,51,28,51-28,Leaf,,,,,-0.00130644476,855.627747,
2,51,29,51-29,Leaf,,,,,0.000340779836,5007.30078,
2,51,30,51-30,Leaf,,,,,-0.00351095689,993.506348,
2,52,0,52-0,recent_margin_quality_weighted_3_minus_race_mean,0.219716489,52-1,52-2,52-1,64.3569336,31693.084,
2,52,1,52-1,jockey_history_top3_excess,-0.0613810904,52-3,52-4,52-4,42.5118103,23925.2793,
2,52,2,52-2,jockey_history_top3_excess,0.115262069,52-5,52-6,52-5,39.846077,7767.80469,
2,52,3,52-3,current_weight_change_pct,0.0170940179,52-7,52-8,52-7,18.1712303,2486.76709,
2,52,4,52-4,recent_finish_percentile_weighted_3_minus_race_mean,-0.152831584,52-9,52-10,52-10,25.1700134,21438.5117,
2,52,5,52-5,historical_market_overperformance_slope_3,-0.072839506,52-11,52-12,52-12,35.5841751,7091.62354,
2,52,6,52-6,recent_margin_quality_weighted_3_minus_race_mean,0.34690398,52-13,52-14,52-14,6.90653229,676.180969,
2,52,7,52-7,recent_margin_quality_weighted_3_minus_race_mean,-0.16398403,52-15,52-16,52-16,11.3771973,1538.36804,
2,52,8,52-8,recent_finish_percentile_weighted_3_minus_race_mean,-0.0975689888,52-17,52-18,52-18,9.74411583,948.398865,
2,52,9,52-9,jockey_history_top3_excess,0.0614669435,52-19,52-20,52-19,18.3211842,2506.85059,
2,52,10,52-10,distance_minus_recent_avg,-116.666664,52-21,52-22,52-22,22.2941856,18931.6621,
2,52,11,52-11,distance_minus_recent_avg,-241.666672,52-23,52-24,52-24,19.9120712,1517.07031,
2,52,12,52-12,prize_money_rank,2.0,52-25,52-26,52-26,24.7099609,5574.55322,
2,52,13,52-13,jockey_history_starts,27.0,52-27,52-28,52-28,8.90156555,486.325745,
2,52,14,52-14,recent_3_distance_m,1810.0,52-29,52-30,52-29,3.6068573,189.855225,
2,52,15,52-15,Leaf,,,,,-0.0111263748,185.10408,
2,52,16,52-16,Leaf,,,,,-0.00451291865,1353.26404,
2,52,17,52-17,Leaf,,,,,-0.00572076766,200.312531,
2,52,18,52-18,Leaf,,,,,0.000359850615,748.086365,
2,52,19,52-19,Leaf,,,,,-0.00401049433,1749.20837,
2,52,20,52-20,Leaf,,,,,0.000625443819,757.642273,
2,52,21,52-21,Leaf,,,,,-0.0025525426,1844.26892,
2,52,22,52-22,Leaf,,,,,0.000333472475,17087.3926,
2,52,23,52-23,Leaf,,,,,-0.0126311285,30.4687939,
2,52,24,52-24,Leaf,,,,,0.00526222726,1486.60156,
2,52,25,52-25,Leaf,,,,,0.00485440483,703.223816,
2,52,26,52-26,Leaf,,,,,-0.000126678031,4871.32959,
2,52,27,52-27,Leaf,,,,,-0.00932456832,14.2047396,
2,52,28,52-28,Leaf,,,,,0.0065876483,472.121033,
2,52,29,52-29,Leaf,,,,,0.0127544766,176.611816,
2,52,30,52-30,Leaf,,,,,-0.000169139428,13.2434006,
2,53,0,53-0,good_starts,14.0,53-1,53-2,53-1,60.8387833,31533.6582,
2,53,1,53-1,best_finish_percentile_at_stronger_class,0.8125,53-3,53-4,53-3,65.5258484,25190.6641,
2,53,2,53-2,prize_money_rank,4.0,53-5,53-6,53-6,13.7168159,6342.99414,
2,53,3,53-3,recent_last600_best_3,35.3699989,53-7,53-8,53-8,46.8900528,15469.6191,
2,53,4,53-4,recent_margin_quality_weighted_3_minus_race_mean,0.330120414,53-9,53-10,53-10,26.1715775,9721.04492,
2,53,5,53-5,recent_finish_percentile_weighted_6_rank_in_race,6.0,53-11,53-12,53-12,10.6936502,3558.56006,
2,53,6,53-6,recent_last600_best_3,33.8400002,53-13,53-14,53-14,10.8937454,2784.43384,
2,53,7,53-7,recent_weighted_avg_margin,8.32145119,53-15,53-16,53-16,36.4236717,9680.52832,
2,53,8,53-8,jockey_trainer_history_smoothed_top3_rate_gap_to_best,0.264069259,53-17,53-18,53-18,18.6736946,5789.09082,
2,53,9,53-9,good_starts,7.0,53-19,53-20,53-20,11.7606354,8728.04199,
2,53,10,53-10,historical_market_overperformance_slope_3,-0.0505050495,53-21,53-22,53-21,20.4334793,993.003235,
2,53,11,53-11,recent_similar_distance_speed_rank,3.0,53-23,53-24,53-24,10.1400404,2470.87573,
2,53,12,53-12,historical_market_overperformance_slope_3,0.0501792133,53-25,53-26,53-26,10.2848816,1087.68445,
2,53,13,53-13,recent_margin_std_6,1.37027979,53-27,53-28,53-28,11.9931412,374.277191,
2,53,14,53-14,historical_market_overperformance_slope_3,0.0316135474,53-29,53-30,53-29,12.606636,2410.15674,
2,53,15,53-15,Leaf,,,,,0.000779155176,9490.60449,
2,53,16,53-16,Leaf,,,,,-0.0100024743,189.924225,
2,53,17,53-17,Leaf,,,,,-0.00139908155,4188.32471,
2,53,18,53-18,Leaf,,,,,-0.00457632169,1600.76636,
2,53,19,53-19,Leaf,,,,,0.00238168682,5435.51709,
2,53,20,53-20,Leaf,,,,,0.000484545249,3292.52466,
2,53,21,53-21,Leaf,,,,,0.0100803627,419.792084,
2,53,22,53-22,Leaf,,,,,0.00277822604,573.211121,
2,53,23,53-23,Leaf,,,,,0.00187284302,870.91571,
2,53,24,53-24,Leaf,,,,,-0.00146270765,1599.96008,
2,53,25,53-25,Leaf,,,,,-0.00117938302,641.77533,
2,53,26,53-26,Leaf,,,,,-0.0061293738,445.909119,
2,53,27,53-27,Leaf,,,,,0.00171833823,68.1054611,
2,53,28,53-28,Leaf,,,,,-0.00954888761,306.171753,
2,53,29,53-29,Leaf,,,,,-0.00458204793,1289.19165,
2,53,30,53-30,Leaf,,,,,-0.000944735017,1120.96509,
2,54,0,54-0,trainer_history_top3_excess,0.0344012827,54-1,54-2,54-1,55.5414505,31519.6738,
2,54,1,54-1,best_finish_percentile_at_stronger_class,0.800000012,54-3,54-4,54-3,34.1504822,17111.2207,
2,54,2,54-2,good_starts,16.0,54-5,54-6,54-6,35.2384644,14408.4541,
2,54,3,54-3,recent_finish_percentile_rank,5.0,54-7,54-8,54-8,31.6838837,9678.94824,
2,54,4,54-4,good_starts,11.0,54-9,54-10,54-10,24.3797722,7432.27197,
2,54,5,54-5,recent_weighted_win_rate_rank,3.0,54-11,54-12,54-12,30.3498001,12845.2783,
2,54,6,54-6,recent_last600_best_3,33.0,54-13,54-14,54-14,8.58971691,1563.17566,
2,54,7,54-7,form_class_level_weighted_3,60.7999992,54-15,54-16,54-16,22.0859127,4941.23242,
2,54,8,54-8,form_class_level_weighted_3,53.3333321,54-17,54-18,54-18,24.4499741,4737.71582,
2,54,9,54-9,recent_last600_best_3,36.8199997,54-19,54-20,54-19,13.6091423,4725.52832,
2,54,10,54-10,recent_5_weight_kg,55.5,54-21,54-22,54-22,8.53601074,2706.7439,
2,54,11,54-11,jockey_recent_top3_excess,0.0289768949,54-23,54-24,54-24,34.7446747,5939.54785,
2,54,12,54-12,form_class_level_weighted_3,57.5,54-25,54-26,54-25,25.1201782,6905.72998,
2,54,13,54-13,Leaf,,,,,-0.0144161005,26.6468544,
2,54,14,54-14,recent_last600_best_3,33.2999992,54-27,54-28,54-28,7.42279243,1536.52881,
2,54,15,54-15,Leaf,,,,,-0.00205573463,2683.67456,
2,54,16,54-16,Leaf,,,,,0.00129222963,2257.55786,
2,54,17,54-17,Leaf,,,,,-0.00686525414,992.869812,
2,54,18,54-18,Leaf,,,,,-0.00244876649,3744.84619,
2,54,19,54-19,Leaf,,,,,0.0016690105,4556.75,
2,54,20,54-20,Leaf,,,,,-0.00536320452,168.778366,
2,54,21,54-21,Leaf,,,,,-0.00417132257,600.679199,
2,54,22,54-22,Leaf,,,,,-0.000802352384,2106.0647,
2,54,23,54-23,Leaf,,,,,0.000786677643,2690.41943,
2,54,24,54-24,Leaf,,,,,0.00463188114,3249.12842,
2,54,25,54-25,Leaf,,,,,-0.00195831875,1927.32446,
2,54,26,54-26,Leaf,,,,,0.00139559561,4978.40576,
2,54,27,54-27,Leaf,,,,,0.00563891558,64.7170944,
2,54,28,54-28,Leaf,,,,,-0.00245178398,1471.81165,
2,55,0,55-0,recent_finish_percentile_weighted_3_minus_race_mean,-0.155434132,55-1,55-2,55-2,65.1282043,31423.2363,
2,55,1,55-1,jockey_recent_top3_excess,-0.107984684,55-3,55-4,55-3,18.822464,2762.35132,
2,55,2,55-2,trainer_history_top3_excess,0.0204545446,55-5,55-6,55-5,33.7897682,28660.8848,
2,55,3,55-3,hidden_sectional_run_best_3_gap_to_best,0.086700052,55-7,55-8,55-7,7.37252808,333.202637,
2,55,4,55-4,best_finish_percentile_at_stronger_class,0.727272749,55-9,55-10,55-9,14.7668972,2429.14868,
2,55,5,55-5,best_finish_percentile_at_stronger_class,0.699999988,55-11,55-12,55-11,29.8596077,12864.2734,
2,55,6,55-6,good_starts,25.0,55-13,55-14,55-14,28.8397942,15796.6113,
2,55,7,55-7,trainer_history_top3_excess,0.0420240685,55-15,55-16,55-15,5.14540482,287.592773,
2,55,8,55-8,form_class_level_weighted_3,70.0,55-17,55-18,55-17,7.56073427,45.6098442,
2,55,9,55-9,recent_weighted_avg_margin,1.82363296,55-19,55-20,55-20,12.2344933,1568.01611,
2,55,10,55-10,recent_finish_percentile_weighted_3_minus_race_mean,-0.396668434,55-21,55-22,55-22,9.572752,861.132629,
2,55,11,55-11,form_class_level_weighted_3,71.3333359,55-23,55-24,55-23,23.8797417,5566.68604,
2,55,12,55-12,good_starts,11.0,55-25,55-26,55-26,12.9723778,7297.5874,
2,55,13,55-13,recent_margin_std_6,2.76453733,55-27,55-28,55-28,28.5892639,15168.8203,
2,55,14,55-14,recent_3_distance_m,1250.0,55-29,55-30,55-29,12.2361202,627.791199,
2,55,15,55-15,Leaf,,,,,-0.0119906953,243.134857,
2,55,16,55-16,Leaf,,,,,-0.00204849313,44.4579277,
2,55,17,55-17,Leaf,,,,,-0.00815131702,23.5666428,
2,55,18,55-18,Leaf,,,,,0.00882458594,22.0432014,
2,55,19,55-19,Leaf,,,,,0.00841697771,36.8568077,
2,55,20,55-20,Leaf,,,,,-0.00466020685,1531.1593,
2,55,21,55-21,Leaf,,,,,-0.0124471411,28.2752209,
2,55,22,55-22,Leaf,,,,,0.00033375065,832.857422,
2,55,23,55-23,Leaf,,,,,-0.00290105399,4199.7124,
2,55,24,55-24,Leaf,,,,,0.00089338934,1366.97327,
2,55,25,55-25,Leaf,,,,,0.0012373178,4727.94775,
2,55,26,55-26,Leaf,,,,,-0.000965414278,2569.63965,
2,55,27,55-27,Leaf,,,,,0.00221768231,9272.45898,
2,55,28,55-28,Leaf,,,,,-7.31191903e-06,5896.36133,
2,55,29,55-29,Leaf,,,,,-0.00850208104,232.663452,
2,55,30,55-30,Leaf,,,,,-0.00130495871,395.127716,
2,56,0,56-0,trainer_history_top3_excess,0.0204545446,56-1,56-2,56-1,50.7827568,31027.6406,
2,56,1,56-1,best_finish_percentile_at_stronger_class,0.699999988,56-3,56-4,56-3,42.956459,14295.8809,
2,56,2,56-2,recent_finish_percentile_weighted_6_rank_in_race,6.0,56-5,56-6,56-5,29.3072643,16731.7598,
2,56,3,56-3,form_class_level_weighted_3,71.0,56-7,56-8,56-7,34.767807,6450.75879,
2,56,4,56-4,good_starts,5.0,56-9,56-10,56-10,13.0098553,7845.12158,
2,56,5,56-5,current_weight_change_pct,0.0166666675,56-11,56-12,56-12,19.6103058,13138.7168,
2,56,6,56-6,current_weight_change_pct,0.051282052,56-13,56-14,56-14,12.8639622,3593.04248,
2,56,7,56-7,recent_5_weight_kg,55.5,56-15,56-16,56-16,24.5565109,4808.94971,
2,56,8,56-8,good_starts,11.0,56-17,56-18,56-18,20.5756168,1641.8092,
2,56,9,56-9,recent_weighted_avg_margin_rank,3.0,56-19,56-20,56-20,18.8030548,2585.67627,
2,56,10,56-10,form_class_level_weighted_3,51.0,56-21,56-22,56-21,23.7614231,5259.44531,
2,56,11,56-11,historical_market_overperformance_slope_3,-0.0892857164,56-23,56-24,56-23,15.4223213,6428.20508,
2,56,12,56-12,good_starts,6.0,56-25,56-26,56-26,27.6070518,6710.51172,
2,56,13,56-13,recent_3_margin,9.0,56-27,56-28,56-28,9.53447437,2579.74219,
2,56,14,56-14,recent_5_weight_kg,57.0,56-29,56-30,56-29,11.3653851,1013.30029,
2,56,15,56-15,Leaf,,,,,-0.00847119652,618.299927,
2,56,16,56-16,Leaf,,,,,-0.0031384367,4190.6499,
2,56,17,56-17,Leaf,,,,,0.00267206389,975.191345,
2,56,18,56-18,Leaf,,,,,-0.00298929051,666.617798,
2,56,19,56-19,Leaf,,,,,0.0037999202,1149.276,
2,56,20,56-20,Leaf,,,,,-0.000473976892,1436.40039,
2,56,21,56-21,Leaf,,,,,-0.00484319357,743.013428,
2,56,22,56-22,Leaf,,,,,-4.4727738e-05,4516.43213,
2,56,23,56-23,Leaf,,,,,0.00199326291,2244.20532,
2,56,24,56-24,Leaf,,,,,-0.000570368313,4183.99951,
2,56,25,56-25,Leaf,,,,,0.00366036384,3797.81421,
2,56,26,56-26,Leaf,,,,,0.000422654994,2912.69751,
2,56,27,56-27,Leaf,,,,,0.000293456629,2256.28223,
2,56,28,56-28,Leaf,,,,,-0.00423316378,323.45993,
2,56,29,56-29,Leaf,,,,,-0.00154513353,644.963806,
2,56,30,56-30,Leaf,,,,,-0.00705354288,368.336487,
2,57,0,57-0,recent_weighted_avg_margin,4.39091301,57-1,57-2,57-2,64.1299362,31066.3867,
2,57,1,57-1,jockey_history_top3_excess,0.00162350549,57-3,57-4,57-3,36.7923355,23205.5645,
2,57,2,57-2,form_class_level_weighted_3,61.5,57-5,57-6,57-5,33.9924431,7860.82275,
2,57,3,57-3,current_weight_change_pct,-0.05785124,57-7,57-8,57-8,19.6271515,8824.14453,
2,57,4,57-4,recent_finish_percentile_weighted_6_rank_in_race,3.0,57-9,57-10,57-10,24.1843872,14381.4189,
2,57,5,57-5,jockey_history_top3_excess,-0.0423076935,57-11,57-12,57-12,23.3711395,4930.40967,
2,57,6,57-6,recent_weighted_win_rate_rank,3.0,57-13,57-14,57-14,20.0602322,2930.4126,
2,57,7,57-7,recent_weighted_win_rate_rank,9.0,57-15,57-16,57-16,10.449894,413.432343,
2,57,8,57-8,recent_finish_percentile_rank,9.0,57-17,57-18,57-18,11.7187204,8410.71191,
2,57,9,57-9,recent_last600_best_3,35.4300003,57-19,57-20,57-20,25.6872101,6640.15088,
2,57,10,57-10,recent_margin_std_6,1.42746866,57-21,57-22,57-22,16.5323944,7741.26855,
2,57,11,57-11,form_class_level_weighted_3,52.6666679,57-23,57-24,57-23,12.4874115,1079.93896,
2,57,12,57-12,best_finish_percentile_at_equal_or_higher_weight,0.923076928,57-25,57-26,57-25,16.0692101,3850.47095,
2,57,13,57-13,jockey_recent_top3_excess,-0.0291713048,57-27,57-28,57-27,17.7711067,707.0625,
2,57,14,57-14,current_weight_change_pct,0.0250000004,57-29,57-30,57-29,16.4596844,2223.3501,
2,57,15,57-15,Leaf,,,,,-0.0072223912,368.85968,
2,57,16,57-16,Leaf,,,,,0.00471100956,44.5726814,
2,57,17,57-17,Leaf,,,,,-5.93396253e-05,7807.0415,
2,57,18,57-18,Leaf,,,,,-0.00364833581,603.670288,
2,57,19,57-19,Leaf,,,,,0.00369980442,4335.94336,
2,57,20,57-20,Leaf,,,,,0.000429278938,2304.20752,
2,57,21,57-21,Leaf,,,,,-0.00256597297,946.695618,
2,57,22,57-22,Leaf,,,,,0.000943222723,6794.57324,
2,57,23,57-23,Leaf,,,,,-0.00871835556,625.46051,
2,57,24,57-24,Leaf,,,,,-0.00315860822,454.478455,
2,57,25,57-25,Leaf,,,,,-0.00179987948,3568.60376,
2,57,26,57-26,Leaf,,,,,-0.00792457908,281.867279,
2,57,27,57-27,Leaf,,,,,-0.00173061562,233.778229,
2,57,28,57-28,Leaf,,,,,0.00658498937,473.284271,
2,57,29,57-29,Leaf,,,,,-0.0028428298,1256.91113,
2,57,30,57-30,Leaf,,,,,0.00147579494,966.439026,
2,58,0,58-0,recent_finish_percentile_weighted_6_rank_in_race,6.0,58-1,58-2,58-2,62.8392029,30903.9219,
2,58,1,58-1,recent_last600_best_3,34.3800011,58-3,58-4,58-4,37.3059692,22911.2578,
2,58,2,58-2,recent_weighted_avg_margin,9.59683704,58-5,58-6,58-5,29.1068459,7992.66455,
2,58,3,58-3,current_weight_change_pct,0.043103449,58-7,58-8,58-8,28.1409149,7912.28027,
2,58,4,58-4,distance_minus_recent_avg,-349.166656,58-9,58-10,58-10,23.2036839,14998.9785,
2,58,5,58-5,current_weight_change_pct,-0.017699115,58-11,58-12,58-11,22.6195602,7626.01807,
2,58,6,58-6,recent_margin_quality_weighted_3_minus_race_mean,-0.0220215619,58-13,58-14,58-14,5.99727631,366.646484,
2,58,7,58-7,recent_margin_quality_weighted_3_minus_race_mean,0.223216027,58-15,58-16,58-16,19.070858,5009.53857,
2,58,8,58-8,distance_minus_recent_avg,-36.6666679,58-17,58-18,58-18,15.2012863,2902.7417,
2,58,9,58-9,recent_5_weight_kg,54.0,58-19,58-20,58-19,8.2248497,238.108673,
2,58,10,58-10,jockey_history_starts,158.0,58-21,58-22,58-21,20.0275459,14760.8691,
2,58,11,58-11,recent_weighted_avg_margin,4.07673597,58-23,58-24,58-23,14.5699463,2386.79395,
2,58,12,58-12,jockey_recent_top3_excess,0.0153246345,58-25,58-26,58-25,17.4819241,5239.22412,
2,58,13,58-13,recent_margin_std_6,2.13236952,58-27,58-28,58-27,6.1606369,329.095062,
2,58,14,58-14,recent_last600_best_3,46.0499992,58-29,58-30,58-30,7.09495354,37.5514069,
2,58,15,58-15,Leaf,,,,,-4.32533816e-05,3656.34009,
2,58,16,58-16,Leaf,,,,,0.00341961044,1353.19824,
2,58,17,58-17,Leaf,,,,,0.000208205121,544.479797,
2,58,18,58-18,Leaf,,,,,0.00485688588,2358.26196,
2,58,19,58-19,Leaf,,,,,0.00300248526,33.2346992,
2,58,20,58-20,Leaf,,,,,-0.00948575325,204.873962,
2,58,21,58-21,Leaf,,,,,-0.000485611003,11106.7041,
2,58,22,58-22,Leaf,,,,,0.00164556538,3654.16553,
2,58,23,58-23,Leaf,,,,,-0.00207960955,1508.12207,
2,58,24,58-24,Leaf,,,,,-0.00614844542,878.671936,
2,58,25,58-25,Leaf,,,,,-0.00209888187,2630.34741,
2,58,26,58-26,Leaf,,,,,0.000783357711,2608.87646,
2,58,27,58-27,Leaf,,,,,-0.000140248056,38.4275093,
2,58,28,58-28,Leaf,,,,,-0.010974572,290.667572,
2,58,29,58-29,Leaf,,,,,-0.00981292222,14.1477947,
2,58,30,58-30,Leaf,,,,,0.00796677079,23.4036102,
2,59,0,59-0,recent_weighted_avg_margin,4.91573286,59-1,59-2,59-2,51.4222107,30927.2129,
2,59,1,59-1,good_starts,14.0,59-3,59-4,59-4,40.0894432,25013.2109,
2,59,2,59-2,trainer_history_top3_excess,-0.00958582107,59-5,59-6,59-5,38.1138573,5914.00049,
2,59,3,59-3,recent_margin_std_6,2.15947533,59-7,59-8,59-8,25.2497101,20187.7812,
2,59,4,59-4,jockey_history_starts,31.0,59-9,59-10,59-10,18.6704884,4825.43018,
2,59,5,59-5,form_class_level_weighted_3,52.6666679,59-11,59-12,59-11,23.2227402,2591.98633,
2,59,6,59-6,jockey_history_top3_excess,-0.0300647207,59-13,59-14,59-13,13.6496687,3322.01392,
2,59,7,59-7,best_finish_percentile_at_equal_or_higher_weight,0.785714269,59-15,59-16,59-16,24.1255722,9121.79102,
2,59,8,59-8,form_class_level_weighted_3,57.6666679,59-17,59-18,59-17,17.293396,11065.9902,
2,59,9,59-9,hidden_sectional_run_best_3_gap_to_best,0.238692746,59-19,59-20,59-20,19.8048058,1129.56238,
2,59,10,59-10,recent_5_weight_kg,53.0,59-21,59-22,59-21,12.4173603,3695.86792,
2,59,11,59-11,jockey_history_top3_excess,0.0656281412,59-23,59-24,59-24,11.720871,1062.38428,
2,59,12,59-12,hidden_sectional_run_best_3_gap_to_best,0.0952135921,59-25,59-26,59-26,14.9238949,1529.60205,
2,59,13,59-13,recent_margin_std_6,6.36396122,59-27,59-28,59-27,18.9970322,688.079956,
2,59,14,59-14,distance_minus_recent_avg,-30.0,59-29,59-30,59-30,15.8678474,2633.93408,
2,59,15,59-15,Leaf,,,,,-0.000581378001,1759.56934,
2,59,16,59-16,Leaf,,,,,0.00267095002,7362.22168,
2,59,17,59-17,Leaf,,,,,-0.00075289252,5357.12061,
2,59,18,59-18,Leaf,,,,,0.00122266205,5708.86963,
2,59,19,59-19,Leaf,,,,,-0.00236268342,864.40387,
2,59,20,59-20,Leaf,,,,,-0.0101250289,265.158447,
2,59,21,59-21,Leaf,,,,,-0.00511932839,334.429535,
2,59,22,59-22,Leaf,,,,,-0.00013238065,3361.43848,
2,59,23,59-23,Leaf,,,,,-0.00827855151,882.925781,
2,59,24,59-24,Leaf,,,,,-0.00116294145,179.458511,
2,59,25,59-25,Leaf,,,,,-0.00472094072,764.419067,
2,59,26,59-26,Leaf,,,,,0.000191964165,765.183044,
2,59,27,59-27,Leaf,,,,,-0.00581896165,504.984192,
2,59,28,59-28,Leaf,,,,,0.00340244779,183.095749,
2,59,29,59-29,Leaf,,,,,-0.00304591446,575.36908,
2,59,30,59-30,Leaf,,,,,0.00161541055,2058.56494,
2,60,0,60-0,recent_margin_quality_weighted_3_minus_race_mean,0.08304739,60-1,60-2,60-1,60.1505928,30860.8926,
2,60,1,60-1,best_finish_percentile_at_stronger_class,0.833333313,60-3,60-4,60-3,32.8210144,14319.3174,
2,60,2,60-2,recent_last600_best_3,35.3400002,60-5,60-6,60-6,32.2073212,16541.5762,
2,60,3,60-3,trainer_history_top3_excess,0.0387145244,60-7,60-8,60-7,30.174263,9644.89355,
2,60,4,60-4,recent_margin_std_6,1.20208156,60-9,60-10,60-9,16.3621559,4674.42383,
2,60,5,60-5,recent_margin_quality_weighted_3_minus_race_mean,0.34690398,60-11,60-12,60-12,26.9444923,10022.71,
2,60,6,60-6,recent_similar_distance_speed_rank,6.0,60-13,60-14,60-14,19.5830345,6518.86572,
2,60,7,60-7,recent_weighted_avg_margin,9.59683704,60-15,60-16,60-15,26.932251,5809.09326,
2,60,8,60-8,current_weight_change_pct,-0.0166666675,60-17,60-18,60-17,11.3916092,3835.80054,
2,60,9,60-9,recent_last600_best_3,33.6199989,60-19,60-20,60-20,10.5112696,130.081589,
2,60,10,60-10,current_weight_change_pct,-0.0344827585,60-21,60-22,60-21,14.6208324,4544.34229,
2,60,11,60-11,trainer_history_top3_excess,0.0775297582,60-23,60-24,60-23,18.8367462,9026.49805,
2,60,12,60-12,recent_finish_percentile_rank,3.0,60-25,60-26,60-26,8.19085693,996.211731,
2,60,13,60-13,recent_margin_std_6,3.05575967,60-27,60-28,60-27,14.507494,3533.87793,
2,60,14,60-14,current_weight_change_pct,0.0450450443,60-29,60-30,60-29,11.4498234,2984.98779,
2,60,15,60-15,Leaf,,,,,-0.00277592824,5492.09668,
2,60,16,60-16,Leaf,,,,,-0.0101918615,316.996613,
2,60,17,60-17,Leaf,,,,,-0.00199515815,1542.29846,
2,60,18,60-18,Leaf,,,,,0.000775057415,2293.50195,
2,60,19,60-19,Leaf,,,,,0.00209396821,41.1931458,
2,60,20,60-20,Leaf,,,,,-0.0123767564,88.888443,
2,60,21,60-21,Leaf,,,,,-0.00312100118,528.88208,
2,60,22,60-22,Leaf,,,,,0.00126300473,4015.46021,
2,60,23,60-23,Leaf,,,,,0.000760286755,6708.23047,
2,60,24,60-24,Leaf,,,,,0.00337394071,2318.26758,
2,60,25,60-25,Leaf,,,,,0.0068218126,812.98938,
2,60,26,60-26,Leaf,,,,,0.000883324945,183.222321,
2,60,27,60-27,Leaf,,,,,0.00207552593,2255.52246,
2,60,28,60-28,Leaf,,,,,-0.00124652602,1278.35547,
2,60,29,60-29,Leaf,,,,,-0.00121916307,2549.76685,
2,60,30,60-30,Leaf,,,,,-0.00558065763,435.220764,
2,61,0,61-0,recent_margin_quality_weighted_3_minus_race_mean,0.0723026395,61-1,61-2,61-1,58.9407959,30860.3066,
2,61,1,61-1,jockey_history_top3_excess,0.00773265213,61-3,61-4,61-3,35.6917725,13578.2881,
2,61,2,61-2,prize_money_rank,2.0,61-5,61-6,61-6,30.1383057,17282.0176,
2,61,3,61-3,form_class_level_weighted_3,54.0,61-7,61-8,61-7,27.605545,6156.2832,
2,61,4,61-4,current_weight_change_pct,0.0630630627,61-9,61-10,61-9,22.2253895,7422.00488,
2,61,5,61-5,recent_margin_quality_weighted_3_minus_race_mean,0.219716489,61-11,61-12,61-12,13.4081039,2145.34058,
2,61,6,61-6,jockey_history_top3_excess,0.14005594,61-13,61-14,61-13,26.8985176,15136.6768,
2,61,7,61-7,recent_margin_quality_weighted_3_minus_race_mean,-0.0701009631,61-15,61-16,61-16,28.4931717,1816.56824,
2,61,8,61-8,good_starts,10.0,61-17,61-18,61-18,14.9146376,4339.71484,
2,61,9,61-9,jockey_history_top3_excess,0.152532846,61-19,61-20,61-20,15.788291,6496.11963,
2,61,10,61-10,recent_last600_best_3,34.8100014,61-21,61-22,61-22,16.3332863,925.885193,
2,61,11,61-11,form_class_level_weighted_3,101.666664,61-23,61-24,61-23,11.8503523,1208.53296,
2,61,12,61-12,hidden_sectional_run_best_3_gap_to_best,0.105473295,61-25,61-26,61-25,22.1138687,936.807678,
2,61,13,61-13,recent_last600_best_3,34.5400009,61-27,61-28,61-28,21.4895573,14313.9082,
2,61,14,61-14,recent_margin_quality_weighted_3_minus_race_mean,0.223216027,61-29,61-30,61-30,24.7505493,822.769348,
2,61,15,61-15,Leaf,,,,,-0.00960871484,591.382141,
2,61,16,61-16,Leaf,,,,,-0.00291272416,1225.18616,
2,61,17,61-17,Leaf,,,,,-0.0,2174.34839,
2,61,18,61-18,Leaf,,,,,-0.00292767864,2165.36621,
2,61,19,61-19,Leaf,,,,,-0.000817371532,6100.10938,
2,61,20,61-20,Leaf,,,,,0.00427273149,396.010193,
2,61,21,61-21,Leaf,,,,,0.00661185989,504.098236,
2,61,22,61-22,Leaf,,,,,-1.0853023e-05,421.786987,
2,61,23,61-23,Leaf,,,,,0.00119991053,1095.8866,
2,61,24,61-24,Leaf,,,,,0.00942731928,112.64637,
2,61,25,61-25,Leaf,,,,,-6.37572884e-05,264.048035,
2,61,26,61-26,Leaf,,,,,0.00843024161,672.759644,
2,61,27,61-27,Leaf,,,,,0.00163429824,5453.57422,
2,61,28,61-28,Leaf,,,,,-0.000358542573,8860.33398,
2,61,29,61-29,Leaf,,,,,0.00119077833,469.475739,
2,61,30,61-30,Leaf,,,,,0.00992860366,353.293579,
2,62,0,62-0,recent_margin_quality_weighted_3_minus_race_mean,-0.0418557227,62-1,62-2,62-2,63.9924393,30539.6504,
2,62,1,62-1,recent_weighted_avg_margin,9.59683704,62-3,62-4,62-4,30.9743271,6397.80713,
2,62,2,62-2,jockey_history_top3_excess,0.0995124429,62-5,62-6,62-5,47.3153534,24141.8438,
2,62,3,62-3,jockey_history_top3_excess,0.0656281412,62-7,62-8,62-8,20.5810547,5983.62695,
2,62,4,62-4,trainer_history_top3_excess,0.081835784,62-9,62-10,62-9,10.9725151,414.17981,
2,62,5,62-5,jockey_history_top3_excess,-0.0320581719,62-11,62-12,62-11,26.5074272,21110.5723,
2,62,6,62-6,recent_margin_quality_weighted_3_minus_race_mean,0.238319516,62-13,62-14,62-13,30.6797867,3031.27173,
2,62,7,62-7,current_weight_change_pct,-0.00854700897,62-15,62-16,62-15,13.858139,4487.44385,
2,62,8,62-8,jockey_history_top3_excess,0.0897312239,62-17,62-18,62-18,10.817626,1496.18359,
2,62,9,62-9,prize_money_rank,3.0,62-19,62-20,62-20,6.47558975,374.706726,
2,62,10,62-10,recent_finish_percentile_weighted_3_minus_race_mean,-0.136520892,62-21,62-22,62-22,4.73664904,39.4730911,
2,62,11,62-11,good_wins,1.0,62-23,62-24,62-23,15.3950176,5069.90674,
2,62,12,62-12,best_finish_percentile_at_stronger_class,0.9375,62-25,62-26,62-26,22.7974472,16040.666,
2,62,13,62-13,jockey_recent_top3_excess,0.122637317,62-27,62-28,62-28,21.5162621,2211.20483,
2,62,14,62-14,recent_margin_quality_weighted_3_minus_race_mean,0.34690398,62-29,62-30,62-30,8.18362427,820.067017,
2,62,15,62-15,Leaf,,,,,-0.00459626503,1565.98999,
2,62,16,62-16,Leaf,,,,,-0.00167148467,2921.45361,
2,62,17,62-17,Leaf,,,,,0.00315768621,626.563293,
2,62,18,62-18,Leaf,,,,,-0.00111980224,869.6203,
2,62,19,62-19,Leaf,,,,,-0.0030022345,75.4869537,
2,62,20,62-20,Leaf,,,,,-0.011795084,299.219788,
2,62,21,62-21,Leaf,,,,,-0.00567229884,15.4411993,
2,62,22,62-22,Leaf,,,,,0.00868463051,24.0318909,
2,62,23,62-23,Leaf,,,,,-0.00296887686,2378.02832,
2,62,24,62-24,Leaf,,,,,-0.00020787683,2691.87842,
2,62,25,62-25,Leaf,,,,,0.00135981513,9365.97949,
2,62,26,62-26,Leaf,,,,,-0.000550728932,6674.68604,
2,62,27,62-27,Leaf,,,,,-0.00216231449,599.368774,
2,62,28,62-28,Leaf,,,,,0.00334991934,1611.83594,
2,62,29,62-29,Leaf,,,,,0.0055807177,554.784607,
2,62,30,62-30,Leaf,,,,,0.0111614922,265.282379,
2,63,0,63-0,recent_finish_percentile_weighted_3_minus_race_mean,0.0380062461,63-1,63-2,63-1,49.5269279,30489.252,
2,63,1,63-1,form_class_level_weighted_3,53.5999985,63-3,63-4,63-3,35.9930992,10518.0928,
2,63,2,63-2,trainer_history_top3_excess,0.0775297582,63-5,63-6,63-5,31.5365257,19971.1582,
2,63,3,63-3,trainer_history_top3_excess,-0.0228862055,63-7,63-8,63-7,34.4850616,2781.88721,
2,63,4,63-4,recent_finish_percentile_weighted_3_minus_race_mean,-0.407991618,63-9,63-10,63-10,16.3556938,7736.20605,
2,63,5,63-5,recent_margin_std_6,2.05101609,63-11,63-12,63-12,17.5241318,15259.0322,
2,63,6,63-6,jockey_history_top3_excess,0.105548568,63-13,63-14,63-14,22.8799591,4712.12695,
2,63,7,63-7,distance_minus_recent_avg,800.0,63-15,63-16,63-16,8.60341644,857.904785,
2,63,8,63-8,jockey_history_top3_excess,0.124775313,63-17,63-18,63-17,18.5872765,1923.98254,
2,63,9,63-9,jockey_recent_top3_excess,0.125392511,63-19,63-20,63-19,5.0209446,106.295815,
2,63,10,63-10,distance_minus_recent_avg,-71.3333359,63-21,63-22,63-22,16.5236359,7629.91016,
2,63,11,63-11,recent_finish_percentile_weighted_3_minus_race_mean,0.281823516,63-23,63-24,63-24,24.4084435,5796.60303,
2,63,12,63-12,jockey_history_starts,31.0,63-25,63-26,63-26,16.4378319,9462.42871,
2,63,13,63-13,jockey_trainer_history_smoothed_top3_rate_gap_to_best,0.115151525,63-27,63-28,63-27,18.878109,3847.20386,
2,63,14,63-14,historical_market_overperformance_slope_3,0.18722944,63-29,63-30,63-29,16.4022865,864.923096,
2,63,15,63-15,Leaf,,,,,-0.00900370907,749.01355,
2,63,16,63-16,Leaf,,,,,-0.00128849025,108.891243,
2,63,17,63-17,Leaf,,,,,-0.00269326265,1798.75769,
2,63,18,63-18,Leaf,,,,,0.00692220358,125.224876,
2,63,19,63-19,Leaf,,,,,-0.0124741523,83.5387192,
2,63,20,63-20,Leaf,,,,,0.000249879144,22.7570934,
2,63,21,63-21,Leaf,,,,,-0.00272956584,1575.48328,
2,63,22,63-22,Leaf,,,,,0.000136386821,6054.42676,
2,63,23,63-23,Leaf,,,,,0.000130244312,4125.41943,
2,63,24,63-24,Leaf,,,,,0.00370608084,1671.18372,
2,63,25,63-25,Leaf,,,,,-0.00249954592,2139.56348,
2,63,26,63-26,Leaf,,,,,-1.22205411e-05,7322.86572,
2,63,27,63-27,Leaf,,,,,0.00249107811,3036.35815,
2,63,28,63-28,Leaf,,,,,-0.0017815436,810.845703,
2,63,29,63-29,Leaf,,,,,0.00746826408,741.94458,
2,63,30,63-30,Leaf,,,,,-0.0021905005,122.978546,
2,64,0,64-0,recent_finish_percentile_weighted_6_rank_in_race,4.0,64-1,64-2,64-2,48.9855766,30355.6348,
2,64,1,64-1,recent_last600_best_3,34.7999992,64-3,64-4,64-4,29.9309349,15867.5586,
2,64,2,64-2,recent_weighted_avg_margin,6.87645912,64-5,64-6,64-5,37.1044312,14488.0762,
2,64,3,64-3,good_starts,9.0,64-7,64-8,64-8,32.5024529,7437.95361,
2,64,4,64-4,distance_minus_recent_avg,-326.666656,64-9,64-10,64-10,23.4488831,8429.60547,
2,64,5,64-5,jockey_trainer_history_smoothed_top3_rate_gap_to_best,0.196192697,64-11,64-12,64-12,16.4315929,12912.5322,
2,64,6,64-6,recent_margin_quality_weighted_3_minus_race_mean,-0.209233731,64-13,64-14,64-14,15.8797951,1575.54407,
2,64,7,64-7,hidden_sectional_run_best_3_gap_to_best,0.206845254,64-15,64-16,64-16,20.011795,5292.61719,
2,64,8,64-8,recent_weighted_avg_margin,1.24401903,64-17,64-18,64-18,12.3463669,2145.33643,
2,64,9,64-9,recent_finish_percentile_weighted_3_minus_race_mean,0.308223784,64-19,64-20,64-20,5.44687843,148.05867,
2,64,10,64-10,jockey_history_starts,268.0,64-21,64-22,64-21,17.6368198,8281.54688,
2,64,11,64-11,jockey_history_starts,143.0,64-23,64-24,64-24,8.88737011,8093.92383,
2,64,12,64-12,recent_last600_best_3,36.9399986,64-25,64-26,64-25,9.69128036,4818.60791,
2,64,13,64-13,recent_finish_percentile_weighted_3_minus_race_mean,-0.107968032,64-27,64-28,64-28,5.07129669,528.658447,
2,64,14,64-14,hidden_sectional_run_best_3_gap_to_best,0.0208043456,64-29,64-30,64-29,25.8402214,1046.88562,
2,64,15,64-15,Leaf,,,,,0.00163881388,2844.05835,
2,64,16,64-16,Leaf,,,,,0.0047323918,2448.55859,
2,64,17,64-17,Leaf,,,,,-0.00659705931,183.076126,
2,64,18,64-18,Leaf,,,,,2.53645885e-05,1962.26025,
2,64,19,64-19,Leaf,,,,,-0.0123140197,109.936836,
2,64,20,64-20,Leaf,,,,,-0.00099451351,38.1218338,
2,64,21,64-21,Leaf,,,,,-0.000256670639,7793.61377,
2,64,22,64-22,Leaf,,,,,0.00459608203,487.932892,
2,64,23,64-23,Leaf,,,,,-0.000571191718,5517.24219,
2,64,24,64-24,Leaf,,,,,0.001204281,2576.68164,
2,64,25,64-25,Leaf,,,,,-0.00166750315,4713.70605,
2,64,26,64-26,Leaf,,,,,-0.00905035902,104.901657,
2,64,27,64-27,Leaf,,,,,-0.00724374643,488.289215,
2,64,28,64-28,Leaf,,,,,-0.0165246837,40.3692589,
2,64,29,64-29,Leaf,,,,,0.000430792628,608.390137,
2,64,30,64-30,Leaf,,,,,-0.00746286055,438.495453,
2,65,0,65-0,recent_finish_percentile_rank,4.0,65-1,65-2,65-2,51.3607941,30214.2793,
2,65,1,65-1,jockey_history_starts,141.0,65-3,65-4,65-4,27.4144211,15466.7646,
2,65,2,65-2,best_finish_percentile_at_stronger_class,0.714285731,65-5,65-6,65-5,37.3660545,14747.5156,
2,65,3,65-3,horse_jockey_win_rate_rank,2.0,65-7,65-8,65-7,25.1110439,10949.0049,
2,65,4,65-4,distance_minus_recent_avg,-233.333328,65-9,65-10,65-10,17.089962,4517.75879,
2,65,5,65-5,recent_weighted_avg_margin,4.19216013,65-11,65-12,65-11,16.1880875,8264.82812,
2,65,6,65-6,best_finish_percentile_at_equal_or_higher_weight,0.714285731,65-13,65-14,65-13,21.7320538,6482.68799,
2,65,7,65-7,hidden_sectional_run_best_3_gap_to_best,0.215196759,65-15,65-16,65-15,16.9608307,8036.77979,
2,65,8,65-8,jockey_history_starts,82.0,65-17,65-18,65-18,13.2556686,2912.22583,
2,65,9,65-9,current_weight_change_pct,0.0366972461,65-19,65-20,65-19,8.12147427,95.6968918,
2,65,10,65-10,jockey_recent_top3_excess,0.111307181,65-21,65-22,65-21,16.3720779,4422.06201,
2,65,11,65-11,current_weight_change_pct,-0.0347826071,65-23,65-24,65-24,9.99117088,4967.25879,
2,65,12,65-12,best_finish_percentile_at_stronger_class,0.142857149,65-25,65-26,65-26,17.5115128,3297.56934,
2,65,13,65-13,jockey_history_starts,4.0,65-27,65-28,65-27,19.0308323,3350.19458,
2,65,14,65-14,historical_market_overperformance_slope_3,0.0587833226,65-29,65-30,65-30,15.441514,3132.49316,
2,65,15,65-15,Leaf,,,,,2.99416915e-05,5387.93701,
2,65,16,65-16,Leaf,,,,,0.00247135549,2648.84253,
2,65,17,65-17,Leaf,,,,,-0.000755134795,2042.23425,
2,65,18,65-18,Leaf,,,,,-0.00443560025,869.991577,
2,65,19,65-19,Leaf,,,,,-0.0116039319,69.2587051,
2,65,20,65-20,Leaf,,,,,0.00324864802,26.4381847,
2,65,21,65-21,Leaf,,,,,0.00174020196,3255.86646,
2,65,22,65-22,Leaf,,,,,0.00519752828,1166.19556,
2,65,23,65-23,Leaf,,,,,-0.00453469483,579.539917,
2,65,24,65-24,Leaf,,,,,-0.0010577644,4387.71875,
2,65,25,65-25,Leaf,,,,,-0.0105357738,213.824661,
2,65,26,65-26,Leaf,,,,,-0.00323322671,3083.74463,
2,65,27,65-27,Leaf,,,,,-0.009252063,89.0178528,
2,65,28,65-28,Leaf,,,,,0.00187478715,3261.17676,
2,65,29,65-29,Leaf,,,,,0.000170646235,1797.19775,
2,65,30,65-30,Leaf,,,,,-0.00336710736,1335.29541,
2,66,0,66-0,recent_finish_percentile_weighted_3_minus_race_mean,-0.155434132,66-1,66-2,66-1,75.257103,30432.9102,
2,66,1,66-1,jockey_history_top3_excess,0.067592591,66-3,66-4,66-3,28.7621727,3036.27856,
2,66,2,66-2,jockey_history_top3_excess,-0.0208141319,66-5,66-6,66-5,41.3747139,27396.6309,
2,66,3,66-3,trainer_history_top3_excess,0.0571564995,66-7,66-8,66-7,17.3300247,2314.16528,
2,66,4,66-4,recent_last600_best_3,33.6899986,66-9,66-10,66-9,10.0788164,722.113342,
2,66,5,66-5,form_class_level_weighted_3,53.5999985,66-11,66-12,66-11,30.7671814,7449.58496,
2,66,6,66-6,recent_finish_percentile_weighted_3_minus_race_mean,0.261309385,66-13,66-14,66-14,30.8650284,19947.0469,
2,66,7,66-7,form_class_level_weighted_3,53.5999985,66-15,66-16,66-16,14.4938812,1787.10303,
2,66,8,66-8,recent_3_margin,4.19999981,66-17,66-18,66-17,9.63720703,527.062256,
2,66,9,66-9,trainer_history_top3_excess,-0.0714217871,66-19,66-20,66-19,4.36378288,294.2547,
2,66,10,66-10,recent_last600_best_3,34.6199989,66-21,66-22,66-22,14.756135,427.858612,
2,66,11,66-11,prize_money_rank,4.0,66-23,66-24,66-24,22.4379196,2415.8374,
2,66,12,66-12,good_starts,11.0,66-25,66-26,66-26,12.2599115,5033.74756,
2,66,13,66-13,form_class_level_weighted_3,67.0,66-27,66-28,66-27,24.683033,15406.3203,
2,66,14,66-14,good_starts,34.0,66-29,66-30,66-30,25.9266434,4540.72607,
2,66,15,66-15,Leaf,,,,,-0.0109899435,307.673004,
2,66,16,66-16,Leaf,,,,,-0.00496654073,1479.43005,
2,66,17,66-17,Leaf,,,,,-0.00364415045,311.880981,
2,66,18,66-18,Leaf,,,,,0.0030964918,215.18129,
2,66,19,66-19,Leaf,,,,,-0.00606176956,15.0494509,
2,66,20,66-20,Leaf,,,,,0.00506456615,279.205261,
2,66,21,66-21,Leaf,,,,,-0.00748587633,157.218658,
2,66,22,66-22,Leaf,,,,,0.00189879478,270.639954,
2,66,23,66-23,Leaf,,,,,-0.000410657813,998.283325,
2,66,24,66-24,Leaf,,,,,-0.00530807627,1417.5542,
2,66,25,66-25,Leaf,,,,,0.00120814354,2850.59766,
2,66,26,66-26,Leaf,,,,,-0.00127605756,2183.15015,
2,66,27,66-27,Leaf,,,,,-5.93521399e-05,10129.0293,
2,66,28,66-28,Leaf,,,,,0.00204733899,5277.29102,
2,66,29,66-29,Leaf,,,,,0.00322954054,4485.6748,
2,66,30,66-30,Leaf,,,,,-0.0126929032,55.0514908,
2,67,0,67-0,recent_margin_quality_weighted_3_minus_race_mean,0.219716489,67-1,67-2,67-1,70.4670029,30115.0527,
2,67,1,67-1,jockey_history_top3_excess,0.00162350549,67-3,67-4,67-3,34.9541245,22740.0176,
2,67,2,67-2,jockey_history_top3_excess,0.14005594,67-5,67-6,67-5,32.7997513,7375.03613,
2,67,3,67-3,recent_margin_quality_weighted_3_minus_race_mean,-0.108380497,67-7,67-8,67-8,38.628788,9219.72559,
2,67,4,67-4,current_weight_change_pct,0.0789473653,67-9,67-10,67-9,22.743454,13520.292,
2,67,5,67-5,historical_market_overperformance_slope_3,0.258773535,67-11,67-12,67-11,17.807106,7003.12158,
2,67,6,67-6,recent_5_weight_kg,55.0,67-13,67-14,67-14,6.63418961,371.914246,
2,67,7,67-7,hidden_sectional_run_best_3,0.304255903,67-15,67-16,67-16,12.2114487,1581.20764,
2,67,8,67-8,good_starts,34.0,67-17,67-18,67-17,12.7618237,7638.51758,
2,67,9,67-9,good_starts,14.0,67-19,67-20,67-19,22.5418034,12529.2803,
2,67,10,67-10,jockey_recent_top3_excess,-0.0249366704,67-21,67-22,67-22,8.53373528,991.011841,
2,67,11,67-11,good_starts,5.0,67-23,67-24,67-24,15.7408142,6278.77539,
2,67,12,67-12,current_weight_change_pct,-0.0170940179,67-25,67-26,67-26,11.4430237,724.346497,
2,67,13,67-13,Leaf,,,,,-0.00540431822,12.0791645,
2,67,14,67-14,recent_weighted_win_rate_rank,5.0,67-27,67-28,67-28,4.92485428,359.835083,
2,67,15,67-15,Leaf,,,,,-0.00304650492,744.842773,
2,67,16,67-16,Leaf,,,,,-0.00752289547,836.364868,
2,67,17,67-17,Leaf,,,,,-0.000988588086,7435.17188,
2,67,18,67-18,Leaf,,,,,-0.00720088137,203.345688,
2,67,19,67-19,Leaf,,,,,0.000289417076,10338.709,
2,67,20,67-20,Leaf,,,,,-0.00249670888,2190.57104,
2,67,21,67-21,Leaf,,,,,-0.00166947045,149.305939,
2,67,22,67-22,Leaf,,,,,0.00468808878,841.705933,
2,67,23,67-23,Leaf,,,,,0.00341321412,3051.2168,
2,67,24,67-24,Leaf,,,,,0.000903619395,3227.55835,
2,67,25,67-25,Leaf,,,,,-0.00987806264,89.5147858,
2,67,26,67-26,Leaf,,,,,-0.000729586347,634.831726,
2,67,27,67-27,Leaf,,,,,0.0106816627,333.123413,
2,67,28,67-28,Leaf,,,,,-0.000172978573,26.7116776,
2,68,0,68-0,trainer_history_top3_excess,0.0196263734,68-1,68-2,68-1,60.2912941,30001.5547,
2,68,1,68-1,recent_margin_quality_weighted_3_minus_race_mean,-0.101810873,68-3,68-4,68-4,35.8170357,13604.7637,
2,68,2,68-2,recent_last600_best_3,36.2200012,68-5,68-6,68-6,33.9609756,16396.791,
2,68,3,68-3,form_class_level_weighted_3,56.0,68-7,68-8,68-7,15.223217,2114.97852,
2,68,4,68-4,form_class_level_weighted_3,78.0,68-9,68-10,68-9,18.6781616,11489.7852,
2,68,5,68-5,good_starts,18.0,68-11,68-12,68-12,32.3640251,12628.6611,
2,68,6,68-6,recent_weighted_win_rate_rank,2.0,68-13,68-14,68-13,15.2626753,3768.12915,
2,68,7,68-7,recent_3_margin,6.80000019,68-15,68-16,68-15,13.5448151,582.753052,
2,68,8,68-8,hidden_sectional_run_best_3_gap_to_best,0.0980553031,68-17,68-18,68-18,9.97313118,1532.22546,
2,68,9,68-9,jockey_trainer_history_smoothed_top3_rate_gap_to_best,0.286594778,68-19,68-20,68-19,15.4107971,9987.66406,
2,68,10,68-10,recent_3_distance_m,1400.0,68-21,68-22,68-22,15.3313103,1502.12073,
2,68,11,68-11,recent_finish_percentile_weighted_3_minus_race_mean,0.184273303,68-23,68-24,68-24,28.7758179,11494.4531,
2,68,12,68-12,distance_minus_recent_avg,16.666666,68-25,68-26,68-26,7.89363956,1134.20813,
2,68,13,68-13,trainer_history_top3_excess,0.206404045,68-27,68-28,68-28,9.42885303,1442.25708,
2,68,14,68-14,hidden_sectional_run_best_3_gap_to_best,0.190642461,68-29,68-30,68-29,14.4701672,2325.87207,
2,68,15,68-15,Leaf,,,,,-0.00460843323,369.569031,
2,68,16,68-16,Leaf,,,,,-0.0126766134,213.184006,
2,68,17,68-17,Leaf,,,,,-0.00467158575,885.639526,
2,68,18,68-18,Leaf,,,,,-0.000575248152,646.585876,
2,68,19,68-19,Leaf,,,,,-0.00100064173,9727.60254,
2,68,20,68-20,Leaf,,,,,-0.00706374645,260.061493,
2,68,21,68-21,Leaf,,,,,0.00383845577,909.760986,
2,68,22,68-22,Leaf,,,,,-0.00129510544,592.359802,
2,68,23,68-23,Leaf,,,,,0.000926112232,6941.83252,
2,68,24,68-24,Leaf,,,,,0.00348567287,4552.62061,
2,68,25,68-25,Leaf,,,,,-0.00488170143,477.050385,
2,68,26,68-26,Leaf,,,,,-0.000657139753,657.157776,
2,68,27,68-27,Leaf,,,,,0.000511097198,1412.56079,
2,68,28,68-28,Leaf,,,,,0.0128828036,29.6963387,
2,68,29,68-29,Leaf,,,,,-0.00154662936,1970.83752,
2,68,30,68-30,Leaf,,,,,-0.00698953588,355.034424,
2,69,0,69-0,jockey_history_top3_excess,0.00162350549,69-1,69-2,69-1,54.7973404,29892.7188,
2,69,1,69-1,recent_margin_quality_weighted_3_minus_race_mean,-0.108380497,69-3,69-4,69-4,31.673317,12015.502,
2,69,2,69-2,recent_finish_percentile_weighted_6_rank_in_race,3.0,69-5,69-6,69-6,37.5384102,17877.2168,
2,69,3,69-3,jockey_history_top3_excess,-0.0613810904,69-7,69-8,69-7,9.09930801,1575.48767,
2,69,4,69-4,current_weight_change_pct,0.0093457941,69-9,69-10,69-9,14.3918715,10440.0137,
2,69,5,69-5,good_starts,6.0,69-11,69-12,69-12,31.4534988,7023.25439,
2,69,6,69-6,recent_3_distance_m,1615.0,69-13,69-14,69-14,13.4500637,10853.9619,
2,69,7,69-7,prize_money_rank,13.0,69-15,69-16,69-16,4.10435486,466.924316,
2,69,8,69-8,jockey_history_top3_excess,-0.0594023615,69-17,69-18,69-18,9.51661301,1108.56335,
2,69,9,69-9,prize_money_rank,5.0,69-19,69-20,69-19,22.3695812,6399.61572,
2,69,10,69-10,hidden_sectional_run_best_3,0.184209183,69-21,69-22,69-22,14.3742981,4040.39819,
2,69,11,69-11,recent_3_distance_m,1540.0,69-23,69-24,69-24,21.420845,3989.94385,
2,69,12,69-12,recent_similar_distance_speed_rank,3.0,69-25,69-26,69-26,10.1226673,3033.31079,
2,69,13,69-13,good_starts,18.0,69-27,69-28,69-28,12.745223,9022.40137,
2,69,14,69-14,jockey_history_starts,173.0,69-29,69-30,69-30,10.3451843,1831.56116,
2,69,15,69-15,Leaf,,,,,-0.00792336091,454.647247,
2,69,16,69-16,Leaf,,,,,0.0040092105,12.2770691,
2,69,17,69-17,Leaf,,,,,0.00788755622,36.2877579,
2,69,18,69-18,Leaf,,,,,-0.00375300203,1072.27563,
2,69,19,69-19,Leaf,,,,,7.50576364e-05,2924.37207,
2,69,20,69-20,Leaf,,,,,-0.00288784248,3475.24341,
2,69,21,69-21,Leaf,,,,,0.00227336376,1528.23901,
2,69,22,69-22,Leaf,,,,,-0.000792415638,2512.15918,
2,69,23,69-23,Leaf,,,,,0.00484125922,2957.39771,
2,69,24,69-24,Leaf,,,,,0.000646370579,1032.54614,
2,69,25,69-25,Leaf,,,,,0.00258616987,902.999023,
2,69,26,69-26,Leaf,,,,,-0.000557127234,2130.31177,
2,69,27,69-27,Leaf,,,,,0.000700331759,7971.13525,
2,69,28,69-28,Leaf,,,,,-0.00221524248,1051.26611,
2,69,29,69-29,Leaf,,,,,-0.000932886556,1407.40137,
2,69,30,69-30,Leaf,,,,,-0.00536532747,424.15976,
2,70,0,70-0,recent_weighted_avg_margin,4.11884403,70-1,70-2,70-2,61.5776291,30020.6484,
2,70,1,70-1,recent_last600_best_3,34.8400002,70-3,70-4,70-4,27.3749332,21228.9629,
2,70,2,70-2,best_finish_percentile_at_stronger_class,0.714285731,70-5,70-6,70-5,26.6487846,8791.68652,
2,70,3,70-3,recent_finish_percentile_weighted_3_minus_race_mean,0.261309385,70-7,70-8,70-8,27.9764633,11228.8613,
2,70,4,70-4,best_finish_percentile_at_stronger_class,0.699999988,70-9,70-10,70-9,21.8428574,10000.1025,
2,70,5,70-5,trainer_history_top3_excess,0.0320391431,70-11,70-12,70-12,21.2258987,4603.37939,
2,70,6,70-6,form_class_level_weighted_3,52.6666679,70-13,70-14,70-13,15.1256905,4188.30664,
2,70,7,70-7,form_class_level_weighted_3,62.0,70-15,70-16,70-15,14.6408587,8598.05664,
2,70,8,70-8,recent_margin_std_6,2.24269176,70-17,70-18,70-18,18.8925896,2630.80396,
2,70,9,70-9,trainer_history_top3_excess,0.084601,70-19,70-20,70-19,15.7415028,4142.43604,
2,70,10,70-10,good_starts,5.0,70-21,70-22,70-22,18.1410503,5857.66602,
2,70,11,70-11,form_class_level_weighted_3,71.0,70-23,70-24,70-23,13.5685501,2672.40381,
2,70,12,70-12,trainer_history_top3_excess,0.117356315,70-25,70-26,70-25,9.77043724,1930.97595,
2,70,13,70-13,recent_finish_percentile_rank,3.0,70-27,70-28,70-28,22.3689041,1404.50952,
2,70,14,70-14,horse_jockey_win_rate_rank,5.0,70-29,70-30,70-29,10.6812801,2783.79688,
2,70,15,70-15,Leaf,,,,,-0.000394858012,3642.84668,
2,70,16,70-16,Leaf,,,,,0.00168991392,4955.21045,
2,70,17,70-17,Leaf,,,,,0.00544992555,1596.5542,
2,70,18,70-18,Leaf,,,,,0.00109646155,1034.24976,
2,70,19,70-19,Leaf,,,,,-0.00250535388,3226.75513,
2,70,20,70-20,Leaf,,,,,0.00119303563,915.680847,
2,70,21,70-21,Leaf,,,,,0.00245386641,2229.12451,
2,70,22,70-22,Leaf,,,,,-0.000405677216,3628.54175,
2,70,23,70-23,Leaf,,,,,-0.00542805111,2180.91284,
2,70,24,70-24,Leaf,,,,,-0.000798353169,491.490784,
2,70,25,70-25,Leaf,,,,,-0.00183323852,1676.29358,
2,70,26,70-26,Leaf,,,,,0.0033326738,254.682297,
2,70,27,70-27,Leaf,,,,,0.00145408185,543.369812,
2,70,28,70-28,Leaf,,,,,-0.00498050964,861.139771,
2,70,29,70-29,Leaf,,,,,0.0010824718,2613.50439,
2,70,30,70-30,Leaf,,,,,-0.00520634418,170.292603,
2,71,0,71-0,recent_finish_percentile_weighted_3_minus_race_mean,-0.019777745,71-1,71-2,71-1,59.8217773,29806.377,
2,71,1,71-1,form_class_level_weighted_3,64.0,71-3,71-4,71-3,27.09058,7484.75732,
2,71,2,71-2,recent_margin_std_6,1.93993127,71-5,71-6,71-6,31.9936008,22321.6191,
2,71,3,71-3,recent_weighted_avg_margin,6.81590605,71-7,71-8,71-7,17.7633896,3805.81177,
2,71,4,71-4,good_starts,10.0,71-9,71-10,71-10,19.4175377,3678.94556,
2,71,5,71-5,recent_finish_percentile_weighted_3_minus_race_mean,0.281823516,71-11,71-12,71-12,21.760994,7740.20557,
2,71,6,71-6,jockey_history_starts,31.0,71-13,71-14,71-14,25.1066208,14581.415,
2,71,7,71-7,best_finish_percentile_at_stronger_class,0.368421048,71-15,71-16,71-16,14.6052952,2979.55249,
2,71,8,71-8,recent_3_margin,6.9000001,71-17,71-18,71-17,10.2329292,826.25946,
2,71,9,71-9,best_finish_percentile_at_stronger_class,0.933333337,71-19,71-20,71-20,12.9804153,1963.63525,
2,71,10,71-10,jockey_trainer_history_smoothed_top3_rate_gap_to_best,0.231411874,71-21,71-22,71-21,8.03099918,1715.3103,
2,71,11,71-11,good_starts,19.0,71-23,71-24,71-24,15.6740055,5684.89258,
2,71,12,71-12,recent_similar_distance_speed_rank,11.0,71-25,71-26,71-25,15.1512604,2055.31274,
2,71,13,71-13,hidden_sectional_run_best_3_gap_to_best,0.107342109,71-27,71-28,71-28,13.0004673,2975.37891,
2,71,14,71-14,recent_similar_distance_speed_rank,7.0,71-29,71-30,71-30,18.6719894,11606.0361,
2,71,15,71-15,Leaf,,,,,-0.00742173893,322.363678,
2,71,16,71-16,Leaf,,,,,-0.00183638546,2657.18872,
2,71,17,71-17,Leaf,,,,,-0.0039451113,455.285675,
2,71,18,71-18,Leaf,,,,,-0.00968863722,370.973785,
2,71,19,71-19,Leaf,,,,,0.00305268029,1131.54614,
2,71,20,71-20,Leaf,,,,,-0.00103910861,832.08905,
2,71,21,71-21,Leaf,,,,,-0.00176744105,1575.58643,
2,71,22,71-22,Leaf,,,,,-0.00787381735,139.723969,
2,71,23,71-23,Leaf,,,,,0.00156620552,5213.80566,
2,71,24,71-24,Leaf,,,,,-0.0031492908,471.087158,
2,71,25,71-25,Leaf,,,,,0.00461365469,1974.94714,
2,71,26,71-26,Leaf,,,,,-0.00592036266,80.3656006,
2,71,27,71-27,Leaf,,,,,-0.00488607632,750.83429,
2,71,28,71-28,Leaf,,,,,-0.00108667579,2224.54468,
2,71,29,71-29,Leaf,,,,,0.00119109778,7939.03174,
2,71,30,71-30,Leaf,,,,,-0.000963056111,3667.00391,
2,72,0,72-0,recent_finish_percentile_weighted_6_rank_in_race,6.0,72-1,72-2,72-1,54.3842239,29609.1035,
2,72,1,72-1,trainer_history_top3_excess,0.0371838696,72-3,72-4,72-3,34.3950119,22331.0586,
2,72,2,72-2,form_class_level_weighted_3,59.3333321,72-5,72-6,72-5,31.6208572,7278.04443,
2,72,3,72-3,recent_margin_std_6,3.58812857,72-7,72-8,72-8,19.3701019,11964.1289,
2,72,4,72-4,jockey_history_top3_excess,0.176586315,72-9,72-10,72-10,19.8971481,10366.9297,
2,72,5,72-5,recent_margin_quality_weighted_3_minus_race_mean,-0.219347864,72-11,72-12,72-12,17.2020721,2753.4707,
2,72,6,72-6,historical_market_overperformance_slope_3,0.222222224,72-13,72-14,72-13,18.0604191,4524.57373,
2,72,7,72-7,recent_margin_quality_weighted_3_minus_race_mean,0.249928296,72-15,72-16,72-16,19.0926113,8736.46387,
2,72,8,72-8,best_finish_percentile_at_equal_or_higher_weight,0.875,72-17,72-18,72-17,14.3033295,3227.66431,
2,72,9,72-9,current_weight_change_pct,0.00847457629,72-19,72-20,72-20,15.7017269,10090.5303,
2,72,10,72-10,recent_margin_std_6,2.53929114,72-21,72-22,72-22,9.31386185,276.399536,
2,72,11,72-11,jockey_history_top3_excess,0.0497120917,72-23,72-24,72-23,3.99843979,301.475677,
2,72,12,72-12,best_finish_percentile_at_stronger_class,0.857142866,72-25,72-26,72-25,10.9080048,2451.99487,
2,72,13,72-13,historical_market_overperformance_slope_3,0.128968254,72-27,72-28,72-28,15.5960064,3729.88672,
2,72,14,72-14,best_finish_percentile_at_equal_or_higher_weight,0.0833333358,72-29,72-30,72-29,11.5483732,794.686829,
2,72,15,72-15,Leaf,,,,,-0.000481611554,6619.62207,
2,72,16,72-16,Leaf,,,,,0.00224040076,2116.84229,
2,72,17,72-17,Leaf,,,,,-0.00316816545,2261.68164,
2,72,18,72-18,Leaf,,,,,0.000454011752,965.982605,
2,72,19,72-19,Leaf,,,,,0.000210861195,4345.14307,
2,72,20,72-20,Leaf,,,,,0.00220398512,5745.38721,
2,72,21,72-21,Leaf,,,,,0.0113190738,177.89447,
2,72,22,72-22,Leaf,,,,,0.0015659699,98.5050583,
2,72,23,72-23,Leaf,,,,,-0.0111224577,241.026093,
2,72,24,72-24,Leaf,,,,,-0.00311667728,60.449585,
2,72,25,72-25,Leaf,,,,,-0.00420343503,1976.88672,
2,72,26,72-26,Leaf,,,,,1.40131235e-07,475.108215,
2,72,27,72-27,Leaf,,,,,-0.000608152419,2952.20142,
2,72,28,72-28,Leaf,,,,,-0.00457400875,777.685303,
2,72,29,72-29,Leaf,,,,,0.00727089122,230.638763,
2,72,30,72-30,Leaf,,,,,0.000699652475,564.048096,
2,73,0,73-0,recent_finish_percentile_weighted_6_rank_in_race,4.0,73-1,73-2,73-2,54.6636047,29779.2266,
2,73,1,73-1,jockey_recent_top3_excess,0.262275875,73-3,73-4,73-3,22.8213749,15707.1426,
2,73,2,73-2,recent_weighted_avg_margin,9.59683704,73-5,73-6,73-5,33.1932068,14072.085,
2,73,3,73-3,recent_3_distance_m,1150.0,73-7,73-8,73-8,20.6952572,15380.9746,
2,73,4,73-4,distance_minus_recent_avg,-26.666666,73-9,73-10,73-10,13.0842705,326.167084,
2,73,5,73-5,form_class_level_weighted_3,55.3333321,73-11,73-12,73-11,23.6428528,13634.0459,
2,73,6,73-6,form_class_level_weighted_3,52.0,73-13,73-14,73-13,7.27948761,438.03891,
2,73,7,73-7,best_finish_percentile_at_equal_or_higher_weight,2.00001001,73-15,73-16,73-16,28.1426392,5032.04004,
2,73,8,73-8,distance_minus_recent_avg,-241.666672,73-17,73-18,73-18,17.5125504,10348.9346,
2,73,9,73-9,recent_margin_quality_weighted_3_minus_race_mean,0.281624734,73-19,73-20,73-20,5.0601697,34.6625099,
2,73,10,73-10,recent_weighted_avg_margin,3.77194595,73-21,73-22,73-22,4.6548996,291.504578,
2,73,11,73-11,jockey_history_starts,161.0,73-23,73-24,73-23,12.5865936,3847.10425,
2,73,12,73-12,distance_minus_recent_avg,-116.666664,73-25,73-26,73-26,17.3668156,9786.94141,
2,73,13,73-13,jockey_history_starts,6.0,73-27,73-28,73-28,3.20809174,190.477402,
2,73,14,73-14,best_finish_percentile_at_equal_or_higher_weight,0.200000003,73-29,73-30,73-30,6.55382824,247.561508,
2,73,15,73-15,Leaf,,,,,0.000856355415,3265.29736,
2,73,16,73-16,Leaf,,,,,0.00477268081,1766.74292,
2,73,17,73-17,Leaf,,,,,-0.00485911546,387.630371,
2,73,18,73-18,Leaf,,,,,0.000490363105,9961.30469,
2,73,19,73-19,Leaf,,,,,-0.0112496102,22.3737411,
2,73,20,73-20,Leaf,,,,,0.00471836841,12.2887707,
2,73,21,73-21,Leaf,,,,,0.010130859,268.796967,
2,73,22,73-22,Leaf,,,,,-0.000995052396,22.7076168,
2,73,23,73-23,Leaf,,,,,-0.00331826019,2917.82446,
2,73,24,73-24,Leaf,,,,,1.43887173e-05,929.279907,
2,73,25,73-25,Leaf,,,,,-0.00304575264,1170.41162,
2,73,26,73-26,Leaf,,,,,0.000187128739,8616.53027,
2,73,27,73-27,Leaf,,,,,-0.000661156373,18.217165,
2,73,28,73-28,Leaf,,,,,-0.0124295698,172.260239,
2,73,29,73-29,Leaf,,,,,0.00391107565,39.39291,
2,73,30,73-30,Leaf,,,,,-0.00635546539,208.168594,
2,74,0,74-0,recent_finish_percentile_weighted_3_minus_race_mean,-0.161171913,74-1,74-2,74-2,49.7701874,29601.9531,
2,74,1,74-1,trainer_history_top3_excess,-0.0841832981,74-3,74-4,74-3,21.2680817,2507.33813,
2,74,2,74-2,jockey_history_top3_excess,0.152532846,74-5,74-6,74-5,34.891674,27094.6133,
2,74,3,74-3,jockey_history_starts,10.0,74-7,74-8,74-8,5.12136078,252.914688,
2,74,4,74-4,jockey_history_top3_excess,0.067592591,74-9,74-10,74-9,19.2735367,2254.42358,
2,74,5,74-5,jockey_history_top3_excess,-0.0320581719,74-11,74-12,74-11,26.3971806,26099.5977,
2,74,6,74-6,best_finish_percentile_at_equal_or_higher_weight,0.625,74-13,74-14,74-14,17.4156151,995.015442,
2,74,7,74-7,recent_similar_distance_speed_rank,6.0,74-15,74-16,74-16,4.91844606,47.1253166,
2,74,8,74-8,hidden_sectional_run_best_3_gap_to_best,0.0526435375,74-17,74-18,74-17,2.10298157,205.789383,
2,74,9,74-9,form_class_level_weighted_3,53.5999985,74-19,74-20,74-19,17.0307884,1684.37488,
2,74,10,74-10,recent_3_distance_m,925.0,74-21,74-22,74-21,9.85844803,570.048523,
2,74,11,74-11,form_class_level_weighted_3,53.5999985,74-23,74-24,74-23,29.9506645,5793.64551,
2,74,12,74-12,recent_last600_best_3,34.4000015,74-25,74-26,74-26,22.7461929,20305.9531,
2,74,13,74-13,best_finish_percentile_at_equal_or_higher_weight,0.411764711,74-27,74-28,74-28,7.64149952,100.489166,
2,74,14,74-14,recent_margin_quality_weighted_3_minus_race_mean,-0.0160955191,74-29,74-30,74-30,12.6891556,894.526245,
2,74,15,74-15,Leaf,,,,,-0.00970467925,18.4459229,
2,74,16,74-16,Leaf,,,,,0.00401712907,28.6793938,
2,74,17,74-17,Leaf,,,,,-0.0133637507,154.465347,
2,74,18,74-18,Leaf,,,,,-0.00547632249,51.324028,
2,74,19,74-19,Leaf,,,,,-0.00866539311,360.288086,
2,74,20,74-20,Leaf,,,,,-0.00254864316,1324.08679,
2,74,21,74-21,Leaf,,,,,0.00821866002,97.4736099,
2,74,22,74-22,Leaf,,,,,-0.000155017115,472.574921,
2,74,23,74-23,Leaf,,,,,-0.00388748944,1931.32361,
2,74,24,74-24,Leaf,,,,,-7.91053244e-05,3862.32178,
2,74,25,74-25,Leaf,,,,,0.00171122164,6990.02979,
2,74,26,74-26,Leaf,,,,,-4.85739984e-05,13315.9238,
2,74,27,74-27,Leaf,,,,,0.00217960891,49.6116371,
2,74,28,74-28,Leaf,,,,,-0.0105979694,50.8775291,
2,74,29,74-29,Leaf,,,,,-0.00123674737,125.987595,
2,74,30,74-30,Leaf,,,,,0.00718543539,768.538696,
2,75,0,75-0,recent_margin_quality_weighted_3_minus_race_mean,0.15602529,75-1,75-2,75-1,66.8373032,29630.082,
2,75,1,75-1,jockey_history_top3_excess,-0.063271746,75-3,75-4,75-4,56.0794411,18422.541,
2,75,2,75-2,recent_last600_best_3,34.7400017,75-5,75-6,75-6,30.4900436,11207.54,
2,75,3,75-3,form_class_level_weighted_3,54.0,75-7,75-8,75-7,21.8987656,1798.21594,
2,75,4,75-4,form_class_level_weighted_3,62.3333321,75-9,75-10,75-9,25.3073463,16624.3262,
2,75,5,75-5,recent_margin_quality_weighted_3_minus_race_mean,0.315775096,75-11,75-12,75-12,17.2846603,4869.95605,
2,75,6,75-6,best_finish_percentile_at_equal_or_higher_weight,0.933333337,75-13,75-14,75-14,14.0049696,6337.58447,
2,75,7,75-7,recent_weighted_avg_margin_rank,3.0,75-15,75-16,75-15,6.47369385,538.490479,
2,75,8,75-8,jockey_history_starts,128.0,75-17,75-18,75-18,10.8871956,1259.72546,
2,75,9,75-9,recent_margin_quality_weighted_3_minus_race_mean,-0.0701009631,75-19,75-20,75-20,18.8099403,8438.90039,
2,75,10,75-10,good_wins,3.0,75-21,75-22,75-22,13.2316809,8185.42529,
2,75,11,75-11,recent_weighted_avg_margin_rank,2.0,75-23,75-24,75-24,10.2378998,3793.93066,
2,75,12,75-12,jockey_recent_top3_excess,0.00449169241,75-25,75-26,75-26,17.8643341,1076.02515,
2,75,13,75-13,historical_market_overperformance_slope_3,0.020833334,75-27,75-28,75-27,12.3302956,2760.28638,
2,75,14,75-14,recent_3_distance_m,1280.0,75-29,75-30,75-30,11.5885391,3577.29834,
2,75,15,75-15,Leaf,,,,,-0.0038946704,128.672562,
2,75,16,75-16,Leaf,,,,,-0.0108245192,409.817932,
2,75,17,75-17,Leaf,,,,,-0.00426607486,1050.74402,
2,75,18,75-18,Leaf,,,,,0.00188524707,208.981415,
2,75,19,75-19,Leaf,,,,,-0.00363527797,1848.63599,
2,75,20,75-20,Leaf,,,,,-0.000783567259,6590.26416,
2,75,21,75-21,Leaf,,,,,0.0011332928,6055.89209,
2,75,22,75-22,Leaf,,,,,-0.00115278293,2129.53345,
2,75,23,75-23,Leaf,,,,,0.000452468841,1341.51233,
2,75,24,75-24,Leaf,,,,,0.00317661348,2452.41846,
2,75,25,75-25,Leaf,,,,,0.00185360701,438.605194,
2,75,26,75-26,Leaf,,,,,0.00846200716,637.419922,
2,75,27,75-27,Leaf,,,,,0.00334510696,1419.11255,
2,75,28,75-28,Leaf,,,,,2.97105839e-06,1341.17383,
2,75,29,75-29,Leaf,,,,,0.0012655796,1275.70642,
2,75,30,75-30,Leaf,,,,,-0.00169447006,2301.5918,
2,76,0,76-0,trainer_history_top3_excess,0.0387145244,76-1,76-2,76-1,57.5268936,29455.707,
2,76,1,76-1,recent_finish_percentile_weighted_6_rank_in_race,4.0,76-3,76-4,76-4,38.2192535,16585.2305,
2,76,2,76-2,jockey_history_top3_excess,-0.0369943082,76-5,76-6,76-6,22.6265793,12870.4766,
2,76,3,76-3,prize_money_rank,2.0,76-7,76-8,76-8,17.7454472,8315.9375,
2,76,4,76-4,jockey_history_top3_excess,0.0170935784,76-9,76-10,76-9,23.6942062,8269.29395,
2,76,5,76-5,historical_market_overperformance_slope_3,-0.0227272734,76-11,76-12,76-12,15.1294003,1519.19543,
2,76,6,76-6,recent_finish_percentile_weighted_3_minus_race_mean,0.112059176,76-13,76-14,76-13,20.36903,11351.2812,
2,76,7,76-7,jockey_history_top3_excess,-0.0557782985,76-15,76-16,76-16,12.96628,1253.23291,
2,76,8,76-8,recent_last600_best_3,34.5200005,76-17,76-18,76-18,14.1650906,7062.7041,
2,76,9,76-9,jockey_trainer_history_smoothed_top3_rate_gap_to_best,0.254761875,76-19,76-20,76-20,18.3654022,4677.84473,
2,76,10,76-10,current_weight_change_pct,-0.0347826071,76-21,76-22,76-21,13.3530521,3591.44873,
2,76,11,76-11,good_starts,13.0,76-23,76-24,76-24,10.379343,587.238953,
2,76,12,76-12,hidden_sectional_run_best_3_gap_to_best,0.0103105307,76-25,76-26,76-25,9.3549614,931.956543,
2,76,13,76-13,prize_money_rank,5.0,76-27,76-28,76-28,12.4669333,5004.82715,
2,76,14,76-14,recent_last600_best_3,34.8499985,76-29,76-30,76-30,29.1183624,6346.4541,
2,76,15,76-15,Leaf,,,,,-0.00339982403,164.122009,
2,76,16,76-16,Leaf,,,,,0.0039659068,1089.11096,
2,76,17,76-17,Leaf,,,,,0.0012402545,2562.47168,
2,76,18,76-18,Leaf,,,,,-0.00108416821,4500.23242,
2,76,19,76-19,Leaf,,,,,-0.00205588643,2856.12354,
2,76,20,76-20,Leaf,,,,,-0.00528186094,1821.72144,
2,76,21,76-21,Leaf,,,,,-0.00372859463,686.351746,
2,76,22,76-22,Leaf,,,,,0.000123780163,2905.09692,
2,76,23,76-23,Leaf,,,,,0.00320650055,470.495148,
2,76,24,76-24,Leaf,,,,,-0.00483881589,116.743813,
2,76,25,76-25,Leaf,,,,,0.000708894513,236.303589,
2,76,26,76-26,Leaf,,,,,-0.00498890691,695.652954,
2,76,27,76-27,Leaf,,,,,0.00184415095,2249.10132,
2,76,28,76-28,Leaf,,,,,-0.000658533478,2755.72559,
2,76,29,76-29,Leaf,,,,,0.0042498149,3252.8938,
2,76,30,76-30,Leaf,,,,,0.000858009735,3093.56006,
2,77,0,77-0,jockey_history_top3_excess,0.0747099146,77-1,77-2,77-1,50.9253159,29425.3594,
2,77,1,77-1,recent_finish_percentile_rank,7.0,77-3,77-4,77-4,43.1238251,23185.1055,
2,77,2,77-2,recent_finish_percentile_rank,2.0,77-5,77-6,77-6,21.6505661,6240.25439,
2,77,3,77-3,prize_money_rank,4.0,77-7,77-8,77-8,23.5607853,18247.0977,
2,77,4,77-4,form_class_level_weighted_3,53.3333321,77-9,77-10,77-10,16.9106445,4938.0083,
2,77,5,77-5,good_starts,5.0,77-11,77-12,77-12,11.9342155,1358.51782,
2,77,6,77-6,jockey_history_top3_excess,0.176586315,77-13,77-14,77-14,11.5243521,4881.73682,
2,77,7,77-7,best_finish_percentile_at_equal_or_higher_weight,0.8125,77-15,77-16,77-16,13.4573727,7070.86426,
2,77,8,77-8,jockey_trainer_history_smoothed_top3_rate_gap_to_best,0.145454556,77-17,77-18,77-18,19.1563759,11176.2334,
2,77,9,77-9,recent_3_margin,7.69999981,77-19,77-20,77-19,12.1988106,668.662476,
2,77,10,77-10,good_starts,28.0,77-21,77-22,77-21,11.2407818,4269.3457,
2,77,11,77-11,jockey_history_starts,24.0,77-23,77-24,77-24,14.3998833,753.707336,
2,77,12,77-12,jockey_history_top3_excess,0.0942126065,77-25,77-26,77-26,9.07471466,604.810486,
2,77,13,77-13,form_class_level_weighted_3,62.0,77-27,77-28,77-28,9.97537804,4528.23682,
2,77,14,77-14,jockey_history_starts,86.0,77-29,77-30,77-30,8.28871155,353.499725,
2,77,15,77-15,Leaf,,,,,-0.000471985521,2031.54285,
2,77,16,77-16,Leaf,,,,,0.00193332508,5039.32129,
2,77,17,77-17,Leaf,,,,,0.00031849576,6241.20557,
2,77,18,77-18,Leaf,,,,,-0.00176357571,4935.02734,
2,77,19,77-19,Leaf,,,,,-0.0041177175,506.46286,
2,77,20,77-20,Leaf,,,,,-0.0120269973,162.199631,
2,77,21,77-21,Leaf,,,,,-0.00159592705,4020.33081,
2,77,22,77-22,Leaf,,,,,-0.00699204532,249.01503,
2,77,23,77-23,Leaf,,,,,-0.00848410744,27.8290501,
2,77,24,77-24,Leaf,,,,,0.00767325331,725.878235,
2,77,25,77-25,Leaf,,,,,-0.00216138083,194.331421,
2,77,26,77-26,Leaf,,,,,0.00427240739,410.479065,
2,77,27,77-27,Leaf,,,,,-0.00041021267,1905.68311,
2,77,28,77-28,Leaf,,,,,0.00196050224,2622.55396,
2,77,29,77-29,Leaf,,,,,-0.00141683163,77.5401077,
2,77,30,77-30,Leaf,,,,,0.00757367676,275.959625,
2,78,0,78-0,recent_weighted_avg_margin,4.39091301,78-1,78-2,78-2,58.9933128,29248.6309,
2,78,1,78-1,recent_margin_quality_weighted_3_minus_race_mean,0.219716489,78-3,78-4,78-4,27.963295,21878.9609,
2,78,2,78-2,trainer_history_top3_excess,-0.00511363614,78-5,78-6,78-5,24.5291939,7369.66943,
2,78,3,78-3,trainer_history_top3_excess,0.158633247,78-7,78-8,78-7,19.5053272,15171.9404,
2,78,4,78-4,jockey_history_top3_excess,0.115262069,78-9,78-10,78-9,29.4312057,6707.02051,
2,78,5,78-5,form_class_level_weighted_3,52.6666679,78-11,78-12,78-12,21.4202881,3257.04639,
2,78,6,78-6,current_weight_change_pct,-0.017699115,78-13,78-14,78-13,16.118948,4112.62305,
2,78,7,78-7,jockey_history_top3_excess,-0.062292207,78-15,78-16,78-15,15.2549391,14710.0068,
2,78,8,78-8,recent_last600_best_3,33.7700005,78-17,78-18,78-18,10.7683353,461.933441,
2,78,9,78-9,historical_market_overperformance_slope_3,0.254328996,78-19,78-20,78-19,18.1917286,6133.86133,
2,78,10,78-10,current_weight_change_pct,-0.0166666675,78-21,78-22,78-21,10.2359009,573.158936,
2,78,11,78-11,trainer_history_top3_excess,-0.0609951466,78-23,78-24,78-24,14.7821503,1058.26184,
2,78,12,78-12,recent_5_weight_kg,62.5,78-25,78-26,78-25,8.42841148,2198.78467,
2,78,13,78-13,recent_margin_quality_weighted_3_minus_race_mean,0.197094172,78-27,78-28,78-27,17.50103,1081.5022,
2,78,14,78-14,recent_similar_distance_speed_rank,11.0,78-29,78-30,78-29,11.785162,3031.12085,
2,78,15,78-15,Leaf,,,,,-0.00259154639,1386.3479,
2,78,16,78-16,Leaf,,,,,0.000154751993,13323.6592,
2,78,17,78-17,Leaf,,,,,-0.00550701236,45.7785339,
2,78,18,78-18,Leaf,,,,,0.0063367486,416.154907,
2,78,19,78-19,Leaf,,,,,0.00192844809,5532.95605,
2,78,20,78-20,Leaf,,,,,-0.00261784438,600.905701,
2,78,21,78-21,Leaf,,,,,0.0117800245,205.82933,
2,78,22,78-22,Leaf,,,,,0.00462884689,367.32959,
2,78,23,78-23,Leaf,,,,,-0.0111706248,296.111511,
2,78,24,78-24,Leaf,,,,,-0.00450727297,762.150269,
2,78,25,78-25,Leaf,,,,,-0.00181925355,2131.97339,
2,78,26,78-26,Leaf,,,,,-0.0103047006,66.811142,
2,78,27,78-27,Leaf,,,,,-0.00420090789,996.23053,
2,78,28,78-28,Leaf,,,,,0.00704282476,85.2716446,
2,78,29,78-29,Leaf,,,,,0.000549706514,2957.97266,
2,78,30,78-30,Leaf,,,,,-0.00899141189,73.1481705,
2,79,0,79-0,recent_weighted_avg_margin,5.22812605,79-1,79-2,79-1,48.8006706,29394.2129,
2,79,1,79-1,recent_weighted_win_rate_rank,2.0,79-3,79-4,79-4,33.1858673,24996.2715,
2,79,2,79-2,trainer_history_top3_excess,0.0132575762,79-5,79-6,79-5,23.4994469,4397.94043,
2,79,3,79-3,jockey_history_top3_excess,-0.00683261175,79-7,79-8,79-7,27.186554,6555.4917,
2,79,4,79-4,recent_weighted_avg_margin_rank,4.0,79-9,79-10,79-10,15.0113592,18440.7812,
2,79,5,79-5,form_class_level_weighted_3,51.0,79-11,79-12,79-11,20.8739738,2468.92163,
2,79,6,79-6,recent_3_margin,21.3999996,79-13,79-14,79-14,9.26198387,1929.01868,
2,79,7,79-7,prize_money_rank,4.0,79-15,79-16,79-16,19.0551682,2217.36914,
2,79,8,79-8,trainer_history_top3_excess,0.023246754,79-17,79-18,79-18,21.6097794,4338.12256,
2,79,9,79-9,recent_last600_best_3,36.7200012,79-19,79-20,79-20,18.7502708,9696.7793,
2,79,10,79-10,form_class_level_weighted_3,53.5999985,79-21,79-22,79-22,16.8398952,8744.00098,
2,79,11,79-11,best_finish_percentile_at_stronger_class,0.846153855,79-23,79-24,79-23,11.7403946,905.164062,
2,79,12,79-12,jockey_history_top3_excess,0.02064915,79-25,79-26,79-25,12.2456474,1563.75769,
2,79,13,79-13,recent_last600_best_3,36.4900017,79-27,79-28,79-27,9.00188065,1698.29382,
2,79,14,79-14,recent_weighted_avg_margin,13.590312,79-29,79-30,79-30,5.43544102,230.724854,
2,79,15,79-15,Leaf,,,,,0.00254534464,899.594421,
2,79,16,79-16,Leaf,,,,,-0.0021512683,1317.77478,
2,79,17,79-17,Leaf,,,,,0.000753493689,1528.26709,
2,79,18,79-18,Leaf,,,,,0.004456094,2809.85547,
2,79,19,79-19,Leaf,,,,,0.00113333925,7942.76172,
2,79,20,79-20,Leaf,,,,,-0.00171519967,1754.01721,
2,79,21,79-21,Leaf,,,,,-0.00353174703,1214.08826,
2,79,22,79-22,Leaf,,,,,-0.000367898145,7529.91309,
2,79,23,79-23,Leaf,,,,,-0.00835776422,732.166138,
2,79,24,79-24,Leaf,,,,,-0.00101858634,172.99794,
2,79,25,79-25,Leaf,,,,,-0.003911532,973.844604,
2,79,26,79-26,Leaf,,,,,0.0006263986,589.913086,
2,79,27,79-27,Leaf,,,,,-0.000376315351,1559.10925,
2,79,28,79-28,Leaf,,,,,-0.00681444583,139.18454,
2,79,29,79-29,Leaf,,,,,0.00536400778,216.775513,
2,79,30,79-30,Leaf,,,,,-0.00738777919,13.9493399,
2,80,0,80-0,recent_finish_percentile_weighted_3_minus_race_mean,0.253948271,80-1,80-2,80-1,45.7664909,29093.4531,
2,80,1,80-1,jockey_history_top3_excess,-0.0307440832,80-3,80-4,80-4,32.1732483,22803.4062,
2,80,2,80-2,jockey_history_top3_excess,0.115262069,80-5,80-6,80-6,27.1975899,6290.04785,
2,80,3,80-3,recent_margin_quality_weighted_3_minus_race_mean,-0.101810873,80-7,80-8,80-7,21.4675751,4921.63916,
2,80,4,80-4,best_finish_percentile_at_equal_or_higher_weight,0.615384638,80-9,80-10,80-10,16.6268654,17881.7676,
2,80,5,80-5,prize_money_rank,2.0,80-11,80-12,80-12,27.0524139,5691.61621,
2,80,6,80-6,good_wins,3.0,80-13,80-14,80-14,7.65762329,598.431641,
2,80,7,80-7,trainer_history_top3_excess,0.0775297582,80-15,80-16,80-15,9.48913956,944.711792,
2,80,8,80-8,prize_money_rank,15.0,80-17,80-18,80-18,10.5729685,3976.92725,
2,80,9,80-9,recent_finish_percentile_weighted_3_minus_race_mean,-0.214745834,80-19,80-20,80-20,11.4139833,2751.26758,
2,80,10,80-10,trainer_history_top3_excess,0.158633247,80-21,80-22,80-21,15.0899239,15130.499,
2,80,11,80-11,recent_weighted_win_rate_rank,3.0,80-23,80-24,80-24,10.2590752,749.159241,
2,80,12,80-12,jockey_history_top3_excess,-0.012987013,80-25,80-26,80-26,20.479847,4942.45703,
2,80,13,80-13,recent_last600_best_3,35.75,80-27,80-28,80-28,5.49050903,511.078979,
2,80,14,80-14,trainer_history_top3_excess,0.0277264398,80-29,80-30,80-29,6.00045729,87.3526764,
2,80,15,80-15,Leaf,,,,,-0.00651844591,864.676758,
2,80,16,80-16,Leaf,,,,,0.00218783482,80.0350266,
2,80,17,80-17,Leaf,,,,,-0.00170887809,3940.66895,
2,80,18,80-18,Leaf,,,,,0.0103175659,36.2582626,
2,80,19,80-19,Leaf,,,,,-0.00601357268,355.609924,
2,80,20,80-20,Leaf,,,,,-0.00125294516,2395.65771,
2,80,21,80-21,Leaf,,,,,7.8389472e-05,14676.3037,
2,80,22,80-22,Leaf,,,,,0.0046573244,454.19516,
2,80,23,80-23,Leaf,,,,,0.00734577049,558.65448,
2,80,24,80-24,Leaf,,,,,0.000573765719,190.504715,
2,80,25,80-25,Leaf,,,,,-0.00183000381,1507.5564,
2,80,26,80-26,Leaf,,,,,0.00165517372,3434.90063,
2,80,27,80-27,Leaf,,,,,0.00957621727,371.238281,
2,80,28,80-28,Leaf,,,,,0.00336107169,139.840714,
2,80,29,80-29,Leaf,,,,,-0.00881878007,23.3329849,
2,80,30,80-30,Leaf,,,,,0.00395522593,64.0196915,
2,81,0,81-0,recent_finish_percentile_weighted_3_minus_race_mean,-0.0224326849,81-1,81-2,81-1,63.7938766,29047.2402,
2,81,1,81-1,form_class_level_weighted_3,64.0,81-3,81-4,81-3,25.3960953,7098.43652,
2,81,2,81-2,good_starts,9.0,81-5,81-6,81-6,37.6361694,21948.8027,
2,81,3,81-3,recent_margin_std_6,3.02500677,81-7,81-8,81-7,20.521492,3599.46338,
2,81,4,81-4,good_starts,14.0,81-9,81-10,81-10,18.046463,3498.97339,
2,81,5,81-5,recent_margin_std_6,3.53067517,81-11,81-12,81-12,35.262516,14449.7559,
2,81,6,81-6,hidden_sectional_run_best_3,0.0335539617,81-13,81-14,81-14,12.6268711,7499.04688,
2,81,7,81-7,best_finish_percentile_at_stronger_class,0.625,81-15,81-16,81-15,13.4045372,1974.10522,
2,81,8,81-8,jockey_history_top3_excess,0.152532846,81-17,81-18,81-17,9.76179504,1625.35815,
2,81,9,81-9,recent_margin_std_6,1.41090989,81-19,81-20,81-20,12.777586,2431.73535,
2,81,10,81-10,hidden_sectional_run_best_3,0.251888931,81-21,81-22,81-22,8.52537727,1067.23804,
2,81,11,81-11,recent_finish_percentile_weighted_3_minus_race_mean,0.281823516,81-23,81-24,81-24,33.7434311,10761.1533,
2,81,12,81-12,recent_margin_quality_weighted_3_minus_race_mean,0.378818691,81-25,81-26,81-26,10.109848,3688.60205,
2,81,13,81-13,recent_margin_std_6,0.476095229,81-27,81-28,81-28,9.46133423,260.632812,
2,81,14,81-14,jockey_history_top3_excess,0.0497120917,81-29,81-30,81-29,12.8939495,7238.41406,
2,81,15,81-15,Leaf,,,,,-0.00335889799,1196.47192,
2,81,16,81-16,Leaf,,,,,0.000835987856,777.633301,
2,81,17,81-17,Leaf,,,,,-0.00580133917,1593.37573,
2,81,18,81-18,Leaf,,,,,0.00664217537,31.9824219,
2,81,19,81-19,Leaf,,,,,-0.00696299365,117.454597,
2,81,20,81-20,Leaf,,,,,0.00116487581,2314.28076,
2,81,21,81-21,Leaf,,,,,0.00046700114,292.535187,
2,81,22,81-22,Leaf,,,,,-0.00450009434,774.702881,
2,81,23,81-23,Leaf,,,,,0.00145001232,8252.58594,
2,81,24,81-24,Leaf,,,,,0.00476152962,2508.56738,
2,81,25,81-25,Leaf,,,,,-0.000978383119,3415.61768,
2,81,26,81-26,Leaf,,,,,0.00393671962,272.984436,
2,81,27,81-27,Leaf,,,,,0.00881288107,16.2871456,
2,81,28,81-28,Leaf,,,,,-0.00730092218,244.345673,
2,81,29,81-29,Leaf,,,,,-0.00116902951,5065.45215,
2,81,30,81-30,Leaf,,,,,0.00112814491,2172.96191,
2,82,0,82-0,recent_finish_percentile_weighted_3_minus_race_mean,0.00705677271,82-1,82-2,82-2,48.2811775,29013.207,
2,82,1,82-1,form_class_level_weighted_3,52.6666679,82-3,82-4,82-3,31.7886047,8049.94531,
2,82,2,82-2,trainer_history_top3_excess,0.0765040964,82-5,82-6,82-5,29.3260384,20963.2617,
2,82,3,82-3,trainer_history_top3_excess,-0.0228862055,82-7,82-8,82-8,23.5613899,1766.00696,
2,82,4,82-4,current_weight_change_pct,-0.017699115,82-9,82-10,82-9,15.8104935,6283.93848,
2,82,5,82-5,prize_money_rank,3.0,82-11,82-12,82-11,18.5454578,15953.7656,
2,82,6,82-6,jockey_history_top3_excess,0.133503571,82-13,82-14,82-14,13.8832512,5009.49658,
2,82,7,82-7,jockey_history_starts,21.0,82-15,82-16,82-16,3.89852142,522.40509,
2,82,8,82-8,recent_margin_std_6,3.13942671,82-17,82-18,82-17,13.6200571,1243.60181,
2,82,9,82-9,recent_weighted_avg_margin,4.11884403,82-19,82-20,82-20,8.78529167,1602.29456,
2,82,10,82-10,jockey_trainer_history_smoothed_top3_rate_gap_to_best,0.019607842,82-21,82-22,82-22,15.1717253,4681.64355,
2,82,11,82-11,jockey_history_top3_excess,-0.0392002985,82-23,82-24,82-24,9.64626122,4012.08691,
2,82,12,82-12,jockey_history_top3_excess,-0.0189610384,82-25,82-26,82-26,15.5965672,11941.6787,
2,82,13,82-13,jockey_trainer_history_smoothed_top3_rate_gap_to_best,0.115702495,82-27,82-28,82-27,11.2818012,4435.80225,
2,82,14,82-14,recent_finish_percentile_weighted_6_rank_in_race,2.0,82-29,82-30,82-29,9.25070953,573.694092,
2,82,15,82-15,Leaf,,,,,-0.00347077474,85.9922485,
2,82,16,82-16,Leaf,,,,,-0.00997499283,436.412842,
2,82,17,82-17,Leaf,,,,,-0.00045483766,732.768494,
2,82,18,82-18,Leaf,,,,,-0.00575984921,510.833344,
2,82,19,82-19,Leaf,,,,,-0.00129692827,917.684692,
2,82,20,82-20,Leaf,,,,,-0.00505588856,684.609863,
2,82,21,82-21,Leaf,,,,,0.00302786357,811.923828,
2,82,22,82-22,Leaf,,,,,-0.000711096625,3869.71997,
2,82,23,82-23,Leaf,,,,,-0.000916881138,766.71637,
2,82,24,82-24,Leaf,,,,,0.00218515447,3245.37061,
2,82,25,82-25,Leaf,,,,,-0.00176675024,3523.03516,
2,82,26,82-26,Leaf,,,,,0.000211699167,8418.64355,
2,82,27,82-27,Leaf,,,,,0.0024753313,3509.90381,
2,82,28,82-28,Leaf,,,,,-0.000615228724,925.898682,
2,82,29,82-29,Leaf,,,,,0.01036066,190.747833,
2,82,30,82-30,Leaf,,,,,0.00352815399,382.946259,
2,83,0,83-0,recent_margin_quality_weighted_3_minus_race_mean,0.0723026395,83-1,83-2,83-1,48.484066,28894.0215,
2,83,1,83-1,recent_weighted_avg_margin,7.78488922,83-3,83-4,83-3,24.2882195,12786.1748,
2,83,2,83-2,distance_minus_recent_avg,-368.333344,83-5,83-6,83-6,20.791214,16107.8467,
2,83,3,83-3,current_weight_change_pct,0.0630630627,83-7,83-8,83-7,12.6396627,11785.8174,
2,83,4,83-4,recent_margin_quality_weighted_3_minus_race_mean,-0.175124943,83-9,83-10,83-10,9.58245087,1000.35767,
2,83,5,83-5,trainer_history_top3_excess,-0.0442552343,83-11,83-12,83-12,9.2031517,106.466545,
2,83,6,83-6,prize_money_rank,2.0,83-13,83-14,83-14,20.9634876,16001.3809,
2,83,7,83-7,trainer_history_top3_excess,0.0594471321,83-15,83-16,83-16,13.5465794,10382.3398,
2,83,8,83-8,trainer_history_top3_excess,-0.0186623242,83-17,83-18,83-17,10.9494238,1403.47729,
2,83,9,83-9,recent_finish_percentile_rank,5.0,83-19,83-20,83-20,6.39803696,478.565735,
2,83,10,83-10,current_weight_change_pct,-0.0260869563,83-21,83-22,83-21,11.3880482,521.791931,
2,83,11,83-11,jockey_recent_top3_excess,0.0627801046,83-23,83-24,83-23,1.25309813,25.3028412,
2,83,12,83-12,hidden_sectional_run_best_3,0.234297723,83-25,83-26,83-26,3.31630325,81.1637039,
2,83,13,83-13,recent_5_weight_kg,57.5,83-27,83-28,83-28,17.2614861,1892.52661,
2,83,14,83-14,recent_margin_std_6,0.756306827,83-29,83-30,83-30,16.3323555,14108.8535,
2,83,15,83-15,Leaf,,,,,-0.00178867695,7031.10693,
2,83,16,83-16,Leaf,,,,,0.000140292381,3351.23267,
2,83,17,83-17,Leaf,,,,,-0.00225060852,375.407562,
2,83,18,83-18,Leaf,,,,,0.00268431823,1028.06982,
2,83,19,83-19,Leaf,,,,,-8.70691583e-05,65.89048,
2,83,20,83-20,Leaf,,,,,-0.008572652,412.675262,
2,83,21,83-21,Leaf,,,,,-0.0110399388,72.2134171,
2,83,22,83-22,Leaf,,,,,-0.000873520446,449.578522,
2,83,23,83-23,Leaf,,,,,-0.00197926047,13.1659088,
2,83,24,83-24,Leaf,,,,,0.00647566561,12.1369314,
2,83,25,83-25,Leaf,,,,,-0.0189587306,34.5139389,
2,83,26,83-26,Leaf,,,,,-0.00654718233,46.649765,
2,83,27,83-27,Leaf,,,,,0.000467228005,755.442017,
2,83,28,83-28,Leaf,,,,,0.00535036111,1137.08459,
2,83,29,83-29,Leaf,,,,,0.00409931084,785.954712,
2,83,30,83-30,Leaf,,,,,0.000410746288,13322.8994,
2,84,0,84-0,recent_finish_percentile_weighted_3_minus_race_mean,-0.155434132,84-1,84-2,84-2,47.1914444,28839.6855,
2,84,1,84-1,jockey_history_top3_excess,0.0614669435,84-3,84-4,84-3,14.5700417,2524.03638,
2,84,2,84-2,jockey_history_top3_excess,0.133503571,84-5,84-6,84-5,30.7726173,26315.6484,
2,84,3,84-3,best_finish_percentile_at_stronger_class,0.727272749,84-7,84-8,84-7,11.6125374,1853.35974,
2,84,4,84-4,prize_money_rank,8.0,84-9,84-10,84-10,7.27774858,670.676758,
2,84,5,84-5,recent_finish_percentile_rank,2.0,84-11,84-12,84-12,21.8926678,24886.3555,
2,84,6,84-6,recent_finish_percentile_weighted_6_rank_in_race,2.0,84-13,84-14,84-14,17.2886238,1429.29333,
2,84,7,84-7,jockey_trainer_history_smoothed_top3_rate_gap_to_best,0.168498158,84-15,84-16,84-16,11.5384445,1199.56299,
2,84,8,84-8,jockey_trainer_history_smoothed_top3_rate_gap_to_best,0.0465367734,84-17,84-18,84-17,9.28473663,653.796692,
2,84,9,84-9,best_finish_percentile_at_equal_or_higher_weight,1.0,84-19,84-20,84-19,6.40711546,525.560303,
2,84,10,84-10,recent_3_distance_m,925.0,84-21,84-22,84-22,6.80315113,145.116455,
2,84,11,84-11,recent_3_margin,7.69999981,84-23,84-24,84-23,23.5404167,5453.83887,
2,84,12,84-12,jockey_history_top3_excess,-0.063271746,84-25,84-26,84-26,16.9876328,19432.5156,
2,84,13,84-13,recent_3_margin,5.80000019,84-27,84-28,84-27,7.63185501,353.045013,
2,84,14,84-14,distance_minus_recent_avg,-100.0,84-29,84-30,84-30,8.96624088,1076.24829,
2,84,15,84-15,Leaf,,,,,-0.00303314417,553.948792,
2,84,16,84-16,Leaf,,,,,-0.0080447644,645.614197,
2,84,17,84-17,Leaf,,,,,0.00124022446,340.109802,
2,84,18,84-18,Leaf,,,,,-0.00463638408,313.68689,
2,84,19,84-19,Leaf,,,,,0.00250872411,450.15979,
2,84,20,84-20,Leaf,,,,,-0.00494854478,75.4004974,
2,84,21,84-21,Leaf,,,,,0.00678811548,18.4440517,
2,84,22,84-22,Leaf,,,,,-0.00690009817,126.672394,
2,84,23,84-23,Leaf,,,,,0.00195873203,5180.68164,
2,84,24,84-24,Leaf,,,,,-0.00544486893,273.157318,
2,84,25,84-25,Leaf,,,,,-0.00242853235,1937.28821,
2,84,26,84-26,Leaf,,,,,3.26856352e-05,17495.2285,
2,84,27,84-27,Leaf,,,,,0.00944040809,339.780731,
2,84,28,84-28,Leaf,,,,,-0.0062886267,13.2642956,
2,84,29,84-29,Leaf,,,,,-0.0058834767,68.0705566,
2,84,30,84-30,Leaf,,,,,0.00292674988,1008.17773,
2,85,0,85-0,recent_weighted_avg_margin,4.39091301,85-1,85-2,85-1,47.3274651,28622.8809,
2,85,1,85-1,good_starts,9.0,85-3,85-4,85-3,38.2161903,21783.2559,
2,85,2,85-2,form_class_level_weighted_3,52.6666679,85-5,85-6,85-5,24.3397636,6839.625,
2,85,3,85-3,prize_money_rank,5.0,85-7,85-8,85-7,29.8624954,14243.042,
2,85,4,85-4,recent_finish_percentile_rank,8.0,85-9,85-10,85-10,10.4990034,7540.21436,
2,85,5,85-5,trainer_history_top3_excess,0.043660935,85-11,85-12,85-11,25.6167641,2419.32617,
2,85,6,85-6,current_weight_change_pct,-0.0175438598,85-13,85-14,85-13,18.6211433,4420.29883,
2,85,7,85-7,trainer_history_top3_excess,0.0894086882,85-15,85-16,85-15,22.1163254,5862.95947,
2,85,8,85-8,jockey_history_top3_excess,0.145747766,85-17,85-18,85-17,23.0367699,8380.08203,
2,85,9,85-9,form_class_level_weighted_3,78.0,85-19,85-20,85-20,11.3724327,6846.29443,
2,85,10,85-10,hidden_sectional_run_best_3,0.0688569918,85-21,85-22,85-22,7.07363319,693.920105,
2,85,11,85-11,recent_finish_percentile_rank,3.0,85-23,85-24,85-24,16.1998901,1672.68652,
2,85,12,85-12,recent_weighted_avg_margin,4.91573286,85-25,85-26,85-26,8.809618,746.639771,
2,85,13,85-13,recent_weighted_avg_margin_rank,7.0,85-27,85-28,85-28,9.00603867,934.80957,
2,85,14,85-14,recent_weighted_win_rate_rank,3.0,85-29,85-30,85-30,10.2748976,3485.48901,
2,85,15,85-15,Leaf,,,,,0.00184662011,4705.18701,
2,85,16,85-16,Leaf,,,,,0.00570360385,1157.77271,
2,85,17,85-17,Leaf,,,,,-5.04652053e-05,7852.40088,
2,85,18,85-18,Leaf,,,,,0.00529776886,527.681091,
2,85,19,85-19,Leaf,,,,,-0.00123403862,5144.65137,
2,85,20,85-20,Leaf,,,,,0.00111723098,1701.64331,
2,85,21,85-21,Leaf,,,,,0.00870165415,17.7369347,
2,85,22,85-22,Leaf,,,,,-0.00431971159,676.183167,
2,85,23,85-23,Leaf,,,,,-0.000966476277,372.47287,
2,85,24,85-24,Leaf,,,,,-0.00692417612,1300.21362,
2,85,25,85-25,Leaf,,,,,-0.00471445126,180.212189,
2,85,26,85-26,Leaf,,,,,0.00148996559,566.427612,
2,85,27,85-27,Leaf,,,,,-0.000954019022,392.056183,
2,85,28,85-28,Leaf,,,,,-0.00595762581,542.753357,
2,85,29,85-29,Leaf,,,,,0.00227820594,940.125671,
2,85,30,85-30,Leaf,,,,,-0.000766622892,2545.36353,
2,86,0,86-0,recent_margin_quality_weighted_3_minus_race_mean,0.15602529,86-1,86-2,86-1,50.3675575,28552.3535,
2,86,1,86-1,form_class_level_weighted_3,62.0,86-3,86-4,86-3,32.7472534,17760.1914,
2,86,2,86-2,recent_3_distance_m,1950.0,86-5,86-6,86-6,19.495472,10792.1611,
2,86,3,86-3,jockey_history_top3_excess,-0.0447174758,86-7,86-8,86-8,31.5907516,8944.51855,
2,86,4,86-4,good_starts,15.0,86-9,86-10,86-10,34.5731544,8815.67285,
2,86,5,86-5,good_starts,9.0,86-11,86-12,86-12,20.0205231,9424.78809,
2,86,6,86-6,distance_minus_recent_avg,-349.166656,86-13,86-14,86-14,13.3159122,1367.37341,
2,86,7,86-7,trainer_history_top3_excess,0.0880714282,86-15,86-16,86-15,10.2675171,1626.1593,
2,86,8,86-8,recent_margin_quality_weighted_3_minus_race_mean,-0.216178834,86-17,86-18,86-18,18.7578983,7318.35938,
2,86,9,86-9,current_weight_change_pct,0.0250000004,86-19,86-20,86-19,12.0300484,6650.02393,
2,86,10,86-10,hidden_sectional_run_best_3_gap_to_best,0.161576793,86-21,86-22,86-21,8.92554474,2165.64966,
2,86,11,86-11,hidden_sectional_run_best_3_gap_to_best,0.233358189,86-23,86-24,86-23,24.1079712,6206.31299,
2,86,12,86-12,hidden_sectional_run_best_3_gap_to_best,0.183719561,86-25,86-26,86-26,11.9862652,3218.4751,
2,86,13,86-13,trainer_history_top3_excess,-0.0176288001,86-27,86-28,86-27,0.569210052,35.7118568,
2,86,14,86-14,form_class_level_weighted_3,100.0,86-29,86-30,86-29,12.2335682,1331.6615,
2,86,15,86-15,Leaf,,,,,-0.0056069959,1513.79199,
2,86,16,86-16,Leaf,,,,,0.00203169766,112.367294,
2,86,17,86-17,Leaf,,,,,-0.00721606007,302.541321,
2,86,18,86-18,Leaf,,,,,-0.000948698435,7015.81836,
2,86,19,86-19,Leaf,,,,,0.000275374652,4102.97363,
2,86,20,86-20,Leaf,,,,,0.00246288604,2547.05029,
2,86,21,86-21,Leaf,,,,,-0.0016875969,1733.59875,
2,86,22,86-22,Leaf,,,,,-0.00569830881,432.050903,
2,86,23,86-23,Leaf,,,,,0.00139009941,4038.03931,
2,86,24,86-24,Leaf,,,,,0.00466228416,2168.27368,
2,86,25,86-25,Leaf,,,,,0.00209463551,1188.10278,
2,86,26,86-26,Leaf,,,,,-0.0010553922,2030.37219,
2,86,27,86-27,Leaf,,,,,-0.00410106126,12.1566095,
2,86,28,86-28,Leaf,,,,,-0.0172108449,23.5552483,
2,86,29,86-29,Leaf,,,,,-0.000334057229,1245.70776,
2,86,30,86-30,Leaf,,,,,-0.00960901286,85.9538193,
2,87,0,87-0,recent_finish_percentile_weighted_3_minus_race_mean,-0.152831584,87-1,87-2,87-1,50.2944145,28592.0664,
2,87,1,87-1,jockey_history_top3_excess,0.067592591,87-3,87-4,87-3,14.4001694,2878.10278,
2,87,2,87-2,recent_margin_std_6,3.21039987,87-5,87-6,87-6,25.9148064,25713.9629,
2,87,3,87-3,form_class_level_weighted_3,53.5999985,87-7,87-8,87-8,11.0564575,2198.94678,
2,87,4,87-4,recent_margin_std_6,0.875595033,87-9,87-10,87-10,7.77807999,679.156067,
2,87,5,87-5,jockey_recent_top3_excess,0.111307181,87-11,87-12,87-11,19.1142216,17597.918,
2,87,6,87-6,jockey_history_starts,14.0,87-13,87-14,87-13,18.2456646,8116.04443,
2,87,7,87-7,best_finish_percentile_at_stronger_class,0.857142866,87-15,87-16,87-15,7.61118698,346.250305,
2,87,8,87-8,prize_money_rank,2.0,87-17,87-18,87-17,7.23688126,1852.69653,
2,87,9,87-9,Leaf,,,,,0.0128746526,17.9551353,
2,87,10,87-10,best_finish_percentile_at_stronger_class,0.3125,87-19,87-20,87-20,5.73777819,661.200989,
2,87,11,87-11,prize_money_rank,5.0,87-21,87-22,87-22,19.9567642,13654.209,
2,87,12,87-12,recent_weighted_win_rate_rank,4.0,87-23,87-24,87-24,15.2428932,3943.70947,
2,87,13,87-13,prize_money_rank,3.0,87-25,87-26,87-26,12.5140934,837.884155,
2,87,14,87-14,best_finish_percentile_at_stronger_class,0.888888896,87-27,87-28,87-27,15.8882561,7278.16016,
2,87,15,87-15,Leaf,,,,,-0.00966410246,302.320648,
2,87,16,87-16,Leaf,,,,,0.00109585992,43.9296494,
2,87,17,87-17,Leaf,,,,,0.00026865938,280.382294,
2,87,18,87-18,Leaf,,,,,-0.00405934732,1572.31421,
2,87,19,87-19,Leaf,,,,,-0.00744410371,58.4690933,
2,87,20,87-20,Leaf,,,,,0.000182503296,602.731873,
2,87,21,87-21,Leaf,,,,,0.00132758031,6625.73486,
2,87,22,87-22,Leaf,,,,,-0.00058314437,7028.47412,
2,87,23,87-23,Leaf,,,,,0.00361923431,2314.27808,
2,87,24,87-24,Leaf,,,,,0.000457631249,1629.4314,
2,87,25,87-25,Leaf,,,,,0.000520998903,231.338455,
2,87,26,87-26,Leaf,,,,,-0.00625242898,606.545654,
2,87,27,87-27,Leaf,,,,,-0.001259226,5167.39258,
2,87,28,87-28,Leaf,,,,,0.00130939519,2110.76782,
2,88,0,88-0,trainer_history_top3_excess,0.0161253326,88-1,88-2,88-1,46.363533,28554.4941,
2,88,1,88-1,recent_margin_quality_weighted_3_minus_race_mean,-0.0557534099,88-3,88-4,88-3,30.2340641,12383.2188,
2,88,2,88-2,good_starts,6.0,88-5,88-6,88-6,21.0548954,16171.2754,
2,88,3,88-3,recent_3_margin,7.80000019,88-7,88-8,88-7,15.5192642,2883.99292,
2,88,4,88-4,recent_similar_distance_speed_rank,6.0,88-9,88-10,88-10,13.5834541,9499.22559,
2,88,5,88-5,jockey_history_top3_excess,0.14005594,88-11,88-12,88-11,26.3877296,8770.89258,
2,88,6,88-6,recent_3_margin,21.3999996,88-13,88-14,88-13,15.6037464,7400.38281,
2,88,7,88-7,jockey_history_top3_excess,0.0178346653,88-15,88-16,88-16,12.8830719,2301.0249,
2,88,8,88-8,form_class_level_weighted_3,63.3333321,88-17,88-18,88-17,10.8360672,582.96814,
2,88,9,88-9,recent_margin_quality_weighted_3_minus_race_mean,0.199903965,88-19,88-20,88-20,18.1641045,5770.58008,
2,88,10,88-10,jockey_recent_top3_excess,0.184424475,88-21,88-22,88-22,12.0646553,3728.64575,
2,88,11,88-11,recent_finish_percentile_rank,2.0,88-23,88-24,88-24,19.2170773,8129.64648,
2,88,12,88-12,jockey_history_starts,112.0,88-25,88-26,88-26,7.5724678,641.246277,
2,88,13,88-13,good_starts,39.0,88-27,88-28,88-28,12.8272219,7333.52002,
2,88,14,88-14,recent_margin_quality_weighted_3_minus_race_mean,-0.0721538961,88-29,88-30,88-30,4.19464016,66.8629608,
2,88,15,88-15,Leaf,,,,,-0.00412234711,1330.66333,
2,88,16,88-16,Leaf,,,,,-0.000329236529,970.36145,
2,88,17,88-17,Leaf,,,,,-0.00991303753,343.374695,
2,88,18,88-18,Leaf,,,,,-0.00282143196,239.59346,
2,88,19,88-19,Leaf,,,,,-0.00076176587,3926.19702,
2,88,20,88-20,Leaf,,,,,0.00223898492,1844.38306,
2,88,21,88-21,Leaf,,,,,-0.0013190523,3451.98047,
2,88,22,88-22,Leaf,,,,,-0.00667414209,276.665161,
2,88,23,88-23,Leaf,,,,,0.00325193512,2143.0061,
2,88,24,88-24,Leaf,,,,,0.000495019194,5986.64062,
2,88,25,88-25,Leaf,,,,,0.00154084014,158.06604,
2,88,26,88-26,Leaf,,,,,0.00799627975,483.180267,
2,88,27,88-27,Leaf,,,,,-0.000159230636,7193.95801,
2,88,28,88-28,Leaf,,,,,-0.00755849574,139.562195,
2,88,29,88-29,Leaf,,,,,-0.0,16.7594872,
2,88,30,88-30,Leaf,,,,,0.0140946871,50.1034698,
2,89,0,89-0,recent_margin_quality_weighted_3_minus_race_mean,0.223216027,89-1,89-2,89-1,42.5736275,28522.9844,
2,89,1,89-1,form_class_level_weighted_3,62.5,89-3,89-4,89-3,37.4927139,21754.418,
2,89,2,89-2,jockey_history_top3_excess,0.14005594,89-5,89-6,89-5,33.1931,6768.56738,
2,89,3,89-3,recent_margin_quality_weighted_3_minus_race_mean,-0.172357947,89-7,89-8,89-8,26.8209801,11528.0908,
2,89,4,89-4,good_starts,15.0,89-9,89-10,89-10,23.9269123,10226.3262,
2,89,5,89-5,good_starts,9.0,89-11,89-12,89-12,20.3818626,6426.98779,
2,89,6,89-6,horse_jockey_win_rate_rank,2.0,89-13,89-14,89-13,8.25592041,341.57959,
2,89,7,89-7,trainer_history_top3_excess,0.043660935,89-15,89-16,89-15,18.7549896,736.005676,
2,89,8,89-8,prize_money_rank,2.0,89-17,89-18,89-18,15.4684448,10792.085,
2,89,9,89-9,recent_weighted_avg_margin_rank,9.0,89-19,89-20,89-20,13.782917,7741.68652,
2,89,10,89-10,distance_minus_recent_avg,408.333344,89-21,89-22,89-22,7.82217216,2484.63916,
2,89,11,89-11,prize_money_rank,2.0,89-23,89-24,89-24,21.2319298,4428.34082,
2,89,12,89-12,recent_similar_distance_speed_rank,11.0,89-25,89-26,89-26,18.6690083,1998.64661,
2,89,13,89-13,recent_last600_best_3,35.4300003,89-27,89-28,89-27,5.34446716,281.468475,
2,89,14,89-14,trainer_history_top3_excess,0.115012199,89-29,89-30,89-30,5.70741367,60.1111259,
2,89,15,89-15,Leaf,,,,,-0.00840965193,537.833069,
2,89,16,89-16,Leaf,,,,,0.000511472288,198.172607,
2,89,17,89-17,Leaf,,,,,0.00155993039,1189.11987,
2,89,18,89-18,Leaf,,,,,-0.00145116716,9602.96582,
2,89,19,89-19,Leaf,,,,,0.0017077357,6851.83398,
2,89,20,89-20,Leaf,,,,,-0.00158311741,889.852478,
2,89,21,89-21,Leaf,,,,,-0.00185160374,2332.56958,
2,89,22,89-22,Leaf,,,,,0.00382952741,152.069565,
2,89,23,89-23,Leaf,,,,,0.00724624982,482.303711,
2,89,24,89-24,Leaf,,,,,0.00172349846,3946.03735,
2,89,25,89-25,Leaf,,,,,-3.97151837e-07,1856.39307,
2,89,26,89-26,Leaf,,,,,-0.00910990499,142.25351,
2,89,27,89-27,Leaf,,,,,0.0123287812,244.970642,
2,89,28,89-28,Leaf,,,,,0.00145303574,36.4978256,
2,89,29,89-29,Leaf,,,,,-0.0054168934,33.9251289,
2,89,30,89-30,Leaf,,,,,0.00798423868,26.1859989,
2,90,0,90-0,recent_margin_quality_weighted_3_minus_race_mean,0.08304739,90-1,90-2,90-1,52.0440521,28494.1641,
2,90,1,90-1,jockey_history_top3_excess,-0.0940435454,90-3,90-4,90-4,25.7781124,13134.873,
2,90,2,90-2,jockey_history_top3_excess,0.14005594,90-5,90-6,90-5,20.9670086,15359.291,
2,90,3,90-3,recent_3_margin,4.0,90-7,90-8,90-8,5.44417191,456.676636,
2,90,4,90-4,recent_weighted_avg_margin,11.1000004,90-9,90-10,90-9,19.5798168,12678.1963,
2,90,5,90-5,recent_margin_std_6,2.24269176,90-11,90-12,90-12,20.0369186,14559.874,
2,90,6,90-6,recent_margin_quality_weighted_3_minus_race_mean,0.223216027,90-13,90-14,90-14,14.6975384,799.417175,
2,90,7,90-7,recent_3_margin,3.79999995,90-15,90-16,90-16,7.41768122,216.537018,
2,90,8,90-8,recent_weighted_avg_margin,2.71240592,90-17,90-18,90-17,1.84945297,240.139633,
2,90,9,90-9,jockey_history_top3_excess,0.0635045245,90-19,90-20,90-19,16.2295723,12461.9336,
2,90,10,90-10,jockey_trainer_history_smoothed_top3_rate_gap_to_best,0.0238095224,90-21,90-22,90-22,3.75242805,216.262787,
2,90,11,90-11,good_starts,5.0,90-23,90-24,90-24,24.3177071,7023.15283,
2,90,12,90-12,recent_3_margin,0.899999976,90-25,90-26,90-26,14.9769716,7536.72119,
2,90,13,90-13,hidden_sectional_run_best_3,0.118859418,90-27,90-28,90-27,12.8749037,469.511475,
2,90,14,90-14,recent_weighted_win_rate_rank,6.0,90-29,90-30,90-30,7.60968399,329.905731,
2,90,15,90-15,Leaf,,,,,-0.0052768751,196.732254,
2,90,16,90-16,Leaf,,,,,0.00818875432,19.8047619,
2,90,17,90-17,Leaf,,,,,-0.00158538856,23.0763664,
2,90,18,90-18,Leaf,,,,,-0.01018117,217.063263,
2,90,19,90-19,Leaf,,,,,-0.00130386953,9254.57617,
2,90,20,90-20,Leaf,,,,,0.000756727706,3207.35742,
2,90,21,90-21,Leaf,,,,,-0.0,29.9594193,
2,90,22,90-22,Leaf,,,,,-0.00945717283,186.303375,
2,90,23,90-23,Leaf,,,,,0.00339576346,3140.50146,
2,90,24,90-24,Leaf,,,,,0.000436190749,3882.65161,
2,90,25,90-25,Leaf,,,,,-0.00246686046,1350.42615,
2,90,26,90-26,Leaf,,,,,0.000429753592,6186.29541,
2,90,27,90-27,Leaf,,,,,0.00713716587,177.202118,
2,90,28,90-28,Leaf,,,,,-0.00121333206,292.309357,
2,90,29,90-29,Leaf,,,,,0.00982593372,312.473297,
2,90,30,90-30,Leaf,,,,,-0.00481557241,17.4324169,
2,91,0,91-0,recent_finish_percentile_weighted_3_minus_race_mean,0.0178551674,91-1,91-2,91-1,49.6964531,28400.2227,
2,91,1,91-1,trainer_history_top3_excess,-0.0102040814,91-3,91-4,91-3,27.7180634,8670.11426,
2,91,2,91-2,trainer_history_top3_excess,0.079690367,91-5,91-6,91-5,25.7376022,19730.1074,
2,91,3,91-3,best_finish_percentile_at_stronger_class,0.727272749,91-7,91-8,91-7,19.4579697,3176.16455,
2,91,4,91-4,jockey_history_top3_excess,-0.0613810904,91-9,91-10,91-9,12.4939528,5493.94971,
2,91,5,91-5,recent_similar_distance_speed_rank,7.0,91-11,91-12,91-12,18.2727261,15285.2324,
2,91,6,91-6,jockey_history_top3_excess,0.152532846,91-13,91-14,91-14,18.2344589,4444.875,
2,91,7,91-7,jockey_history_top3_excess,0.0645141155,91-15,91-16,91-15,13.5103989,1880.06763,
2,91,8,91-8,recent_finish_percentile_rank,3.0,91-17,91-18,91-18,8.33024979,1296.09692,
2,91,9,91-9,form_class_level_weighted_3,62.3333321,91-19,91-20,91-20,9.70954227,391.161652,
2,91,10,91-10,best_finish_percentile_at_stronger_class,0.444444448,91-21,91-22,91-21,6.99427605,5102.78809,
2,91,11,91-11,historical_market_overperformance_slope_3,-0.072839506,91-23,91-24,91-23,16.3292789,10578.6182,
2,91,12,91-12,prize_money_rank,2.0,91-25,91-26,91-26,11.4171753,4706.61426,
2,91,13,91-13,prize_money_rank,2.0,91-27,91-28,91-28,13.38204,4089.59302,
2,91,14,91-14,recent_weighted_avg_margin,2.45370197,91-29,91-30,91-30,5.41043854,355.282135,
2,91,15,91-15,Leaf,,,,,-0.00600359263,1561.55505,
2,91,16,91-16,Leaf,,,,,-0.000325378816,318.512482,
2,91,17,91-17,Leaf,,,,,0.00559637602,98.004425,
2,91,18,91-18,Leaf,,,,,-0.00164892885,1198.09241,
2,91,19,91-19,Leaf,,,,,-0.00930197164,159.74118,
2,91,20,91-20,Leaf,,,,,-0.00132237619,231.420486,
2,91,21,91-21,Leaf,,,,,-0.00129827601,2032.01904,
2,91,22,91-22,Leaf,,,,,0.000588050694,3070.76904,
2,91,23,91-23,Leaf,,,,,0.00208633114,3819.06348,
2,91,24,91-24,Leaf,,,,,4.19628996e-05,6759.55469,
2,91,25,91-25,Leaf,,,,,0.00280630752,417.873322,
2,91,26,91-26,Leaf,,,,,-0.00147535687,4288.74072,
2,91,27,91-27,Leaf,,,,,0.00579006225,474.437653,
2,91,28,91-28,Leaf,,,,,0.00135053461,3615.15552,
2,91,29,91-29,Leaf,,,,,0.00993962027,232.617874,
2,91,30,91-30,Leaf,,,,,0.00306173228,122.664261,
2,92,0,92-0,trainer_history_top3_excess,0.0161253326,92-1,92-2,92-1,41.3609047,28399.8047,
2,92,1,92-1,best_finish_percentile_at_stronger_class,0.6875,92-3,92-4,92-3,38.0241623,12376.7607,
2,92,2,92-2,recent_finish_percentile_weighted_6_rank_in_race,3.0,92-5,92-6,92-6,28.1548309,16023.0439,
2,92,3,92-3,form_class_level_weighted_3,77.5,92-7,92-8,92-7,27.301506,5475.23291,
2,92,4,92-4,good_starts,11.0,92-9,92-10,92-10,19.0960999,6901.52734,
2,92,5,92-5,recent_3_distance_m,1180.0,92-11,92-12,92-12,21.6043777,6651.52295,
2,92,6,92-6,form_class_level_weighted_3,59.0,92-13,92-14,92-13,15.8421612,9371.52051,
2,92,7,92-7,form_class_level_weighted_3,52.6666679,92-15,92-16,92-16,14.4469604,4348.38965,
2,92,8,92-8,good_starts,10.0,92-17,92-18,92-18,12.8829489,1126.84338,
2,92,9,92-9,trainer_history_top3_excess,-0.0102040814,92-19,92-20,92-19,11.6928835,4366.62012,
2,92,10,92-10,current_weight_change_pct,0.0270270277,92-21,92-22,92-21,12.2861614,2534.90747,
2,92,11,92-11,horse_jockey_win_rate_rank,2.0,92-23,92-24,92-23,19.6541328,2226.10107,
2,92,12,92-12,recent_finish_percentile_weighted_3_minus_race_mean,0.0933456421,92-25,92-26,92-25,12.6576338,4425.42188,
2,92,13,92-13,best_finish_percentile_at_stronger_class,0.0833333358,92-27,92-28,92-28,9.25438786,3570.78662,
2,92,14,92-14,good_starts,9.0,92-29,92-30,92-30,16.6007595,5800.73389,
2,92,15,92-15,Leaf,,,,,-0.00582756009,1196.80334,
2,92,16,92-16,Leaf,,,,,-0.00258305087,3151.58643,
2,92,17,92-17,Leaf,,,,,0.00320693478,633.448486,
2,92,18,92-18,Leaf,,,,,-0.00213131099,493.394806,
2,92,19,92-19,Leaf,,,,,0.000267535914,2889.51025,
2,92,20,92-20,Leaf,,,,,0.00299965288,1477.10974,
2,92,21,92-21,Leaf,,,,,-0.00313705183,1357.93994,
2,92,22,92-22,Leaf,,,,,0.000339915248,1176.96753,
2,92,23,92-23,Leaf,,,,,0.00534942141,1751.82361,
2,92,24,92-24,Leaf,,,,,-0.000364573643,474.277588,
2,92,25,92-25,Leaf,,,,,-0.00368697569,309.032684,
2,92,26,92-26,Leaf,,,,,0.00148108543,4116.38916,
2,92,27,92-27,Leaf,,,,,-0.0114551736,45.5386238,
2,92,28,92-28,Leaf,,,,,-0.00114071625,3525.24805,
2,92,29,92-29,Leaf,,,,,0.0020082274,3208.85229,
2,92,30,92-30,Leaf,,,,,-0.000676646247,2591.88159,
2,93,0,93-0,recent_margin_quality_weighted_3_minus_race_mean,0.223216027,93-1,93-2,93-1,46.9246597,28214.502,
2,93,1,93-1,recent_finish_percentile_weighted_3_minus_race_mean,-0.161171913,93-3,93-4,93-4,28.8601093,21555.9805,
2,93,2,93-2,jockey_history_top3_excess,0.118049055,93-5,93-6,93-5,29.5753975,6658.52148,
2,93,3,93-3,jockey_history_top3_excess,-0.0152178463,93-7,93-8,93-7,13.2023087,2323.45776,
2,93,4,93-4,recent_last600_best_3,34.3800011,93-9,93-10,93-10,22.5249081,19232.5234,
2,93,5,93-5,historical_market_overperformance_slope_3,-0.0227272734,93-11,93-12,93-12,18.0483475,6125.14746,
2,93,6,93-6,recent_5_weight_kg,57.0,93-13,93-14,93-13,8.9457016,533.373779,
2,93,7,93-7,recent_weighted_avg_margin,4.85575819,93-15,93-16,93-16,9.8835907,784.727051,
2,93,8,93-8,recent_margin_std_6,1.00282931,93-17,93-18,93-17,7.54094696,1538.73071,
2,93,9,93-9,best_finish_percentile_at_equal_or_higher_weight,0.916666687,93-19,93-20,93-19,14.1527815,6668.10498,
2,93,10,93-10,jockey_history_top3_excess,-0.0820144638,93-21,93-22,93-22,14.046751,12564.417,
2,93,11,93-11,best_finish_percentile_at_stronger_class,0.222222224,93-23,93-24,93-23,14.5873528,1838.5033,
2,93,12,93-12,recent_last600_best_3,34.8899994,93-25,93-26,93-26,27.4682369,4286.64453,
2,93,13,93-13,best_finish_percentile_at_stronger_class,1.0,93-27,93-28,93-27,7.47706223,363.56842,
2,93,14,93-14,current_weight_change_pct,-0.0423728824,93-29,93-30,93-29,10.9838724,169.805359,
2,93,15,93-15,Leaf,,,,,-0.00211132015,293.959137,
2,93,16,93-16,Leaf,,,,,-0.00801356882,490.767914,
2,93,17,93-17,Leaf,,,,,0.00459278654,95.8089142,
2,93,18,93-18,Leaf,,,,,-0.00232841168,1442.92175,
2,93,19,93-19,Leaf,,,,,0.00155713328,4951.10596,
2,93,20,93-20,Leaf,,,,,-0.00107009045,1716.99939,
2,93,21,93-21,Leaf,,,,,-0.00446151895,653.104675,
2,93,22,93-22,Leaf,,,,,-0.00071884389,11911.3125,
2,93,23,93-23,Leaf,,,,,-0.000286234164,498.222504,
2,93,24,93-24,Leaf,,,,,0.00470185047,1340.28088,
2,93,25,93-25,Leaf,,,,,0.00255125505,1977.26404,
2,93,26,93-26,Leaf,,,,,-0.00145343074,2309.38037,
2,93,27,93-27,Leaf,,,,,0.0104700541,341.349792,
2,93,28,93-28,Leaf,,,,,-0.00311562838,22.2186375,
2,93,29,93-29,Leaf,,,,,0.012158948,41.705204,
2,93,30,93-30,Leaf,,,,,-0.0013752504,128.100159,
2,94,0,94-0,recent_finish_percentile_weighted_3_minus_race_mean,-0.0291158259,94-1,94-2,94-1,38.138237,28176.8125,
2,94,1,94-1,form_class_level_weighted_3,64.0,94-3,94-4,94-3,28.8302116,6661.91357,
2,94,2,94-2,good_starts,9.0,94-5,94-6,94-6,34.2485466,21514.8984,
2,94,3,94-3,best_finish_percentile_at_stronger_class,0.391304344,94-7,94-8,94-8,13.6501999,3308.50659,
2,94,4,94-4,historical_market_overperformance_slope_3,0.24545455,94-9,94-10,94-9,12.0681114,3353.40698,
2,94,5,94-5,recent_last600_best_3,35.1699982,94-11,94-12,94-12,28.9437103,14096.3096,
2,94,6,94-6,jockey_history_starts,7.0,94-13,94-14,94-14,17.5577621,7418.58936,
2,94,7,94-7,historical_market_overperformance_slope_3,0.218562141,94-15,94-16,94-15,3.86370468,519.98645,
2,94,8,94-8,jockey_history_starts,169.0,94-17,94-18,94-17,12.3659286,2788.52002,
2,94,9,94-9,recent_last600_best_3,32.9500008,94-19,94-20,94-20,10.2856674,3025.88574,
2,94,10,94-10,recent_similar_distance_speed_rank,8.0,94-21,94-22,94-21,10.3411074,327.52121,
2,94,11,94-11,recent_finish_percentile_weighted_3_minus_race_mean,0.25761807,94-23,94-24,94-24,33.9986877,8119.34521,
2,94,12,94-12,distance_minus_recent_avg,-326.666656,94-25,94-26,94-26,14.2882671,5976.96387,
2,94,13,94-13,form_class_level_weighted_3,60.5,94-27,94-28,94-27,8.72674179,366.557373,
2,94,14,94-14,hidden_sectional_run_best_3_gap_to_best,0.242840156,94-29,94-30,94-29,13.1655579,7052.03223,
2,94,15,94-15,Leaf,,,,,-0.00753447181,481.600189,
2,94,16,94-16,Leaf,,,,,0.000440912758,38.3862686,
2,94,17,94-17,Leaf,,,,,-0.00337927463,2203.43311,
2,94,18,94-18,Leaf,,,,,0.000688592845,585.086914,
2,94,19,94-19,Leaf,,,,,-0.00940133166,68.2063065,
2,94,20,94-20,Leaf,,,,,-0.000210794271,2957.67944,
2,94,21,94-21,Leaf,,,,,0.00637032976,279.59613,
2,94,22,94-22,Leaf,,,,,-0.00532957772,47.9250717,
2,94,23,94-23,Leaf,,,,,0.00126037665,5856.66553,
2,94,24,94-24,Leaf,,,,,0.00486878678,2262.67969,
2,94,25,94-25,Leaf,,,,,-0.00929007679,92.1491089,
2,94,26,94-26,Leaf,,,,,0.000140478223,5884.81494,
2,94,27,94-27,Leaf,,,,,-0.0109406328,134.330582,
2,94,28,94-28,Leaf,,,,,-0.00287372968,232.226791,
2,94,29,94-29,Leaf,,,,,1.77552993e-05,5677.71973,
2,94,30,94-30,Leaf,,,,,-0.00270022172,1374.31226,
2,95,0,95-0,recent_weighted_avg_margin,5.43299103,95-1,95-2,95-2,34.2866135,28012.9414,
2,95,1,95-1,jockey_history_top3_excess,0.0957900435,95-3,95-4,95-3,22.2651215,23911.6738,
2,95,2,95-2,jockey_history_starts,132.0,95-5,95-6,95-5,25.2766037,4101.2666,
2,95,3,95-3,best_finish_percentile_at_stronger_class,0.666666687,95-7,95-8,95-7,24.5988636,20652.8359,
2,95,4,95-4,recent_finish_percentile_weighted_3_minus_race_mean,0.2504296,95-9,95-10,95-9,26.6091862,3258.83789,
2,95,5,95-5,form_class_level_weighted_3,55.3333321,95-11,95-12,95-12,15.7524376,2896.19067,
2,95,6,95-6,recent_weighted_avg_margin,10.5033064,95-13,95-14,95-13,11.6653767,1205.07581,
2,95,7,95-7,form_class_level_weighted_3,64.0,95-15,95-16,95-15,19.7469025,8454.94727,
2,95,8,95-8,good_wins,4.0,95-17,95-18,95-18,13.2509594,12197.8896,
2,95,9,95-9,recent_5_weight_kg,55.0,95-19,95-20,95-20,11.8895264,2454.33032,
2,95,10,95-10,recent_finish_percentile_weighted_6_rank_in_race,3.0,95-21,95-22,95-22,14.2116203,804.50769,
2,95,11,95-11,best_finish_percentile_at_stronger_class,0.888888896,95-23,95-24,95-23,9.14602661,1024.62451,
2,95,12,95-12,jockey_history_top3_excess,-0.069263272,95-25,95-26,95-25,11.2501087,1871.56616,
2,95,13,95-13,best_finish_percentile_at_stronger_class,0.899999976,95-27,95-28,95-27,8.66914463,1134.09546,
2,95,14,95-14,recent_similar_distance_speed_rank,4.0,95-29,95-30,95-30,4.30012703,70.9803009,
2,95,15,95-15,Leaf,,,,,-0.00223667081,4489.24756,
2,95,16,95-16,Leaf,,,,,0.000181308875,3965.69971,
2,95,17,95-17,Leaf,,,,,0.000891825126,11242.5947,
2,95,18,95-18,Leaf,,,,,-0.00215960364,955.294617,
2,95,19,95-19,Leaf,,,,,-0.00539334444,167.122879,
2,95,20,95-20,Leaf,,,,,0.00132734561,2287.20728,
2,95,21,95-21,Leaf,,,,,0.00724273315,714.655945,
2,95,22,95-22,Leaf,,,,,-0.00298006041,89.8517303,
2,95,23,95-23,Leaf,,,,,-0.00692461571,881.501404,
2,95,24,95-24,Leaf,,,,,-6.7326102e-05,143.123123,
2,95,25,95-25,Leaf,,,,,-0.00684656901,259.778381,
2,95,26,95-26,Leaf,,,,,-0.00130547723,1611.78772,
2,95,27,95-27,Leaf,,,,,0.000447935163,949.191589,
2,95,28,95-28,Leaf,,,,,0.00625194563,184.903931,
2,95,29,95-29,Leaf,,,,,-0.00039594961,29.4833202,
2,95,30,95-30,Leaf,,,,,-0.012737276,41.4969826,
2,96,0,96-0,recent_margin_quality_weighted_3_minus_race_mean,-0.0298166573,96-1,96-2,96-1,39.0240974,28339.5781,
2,96,1,96-1,jockey_recent_top3_excess,0.0315732285,96-3,96-4,96-4,17.1230488,6753.2583,
2,96,2,96-2,prize_money_rank,2.0,96-5,96-6,96-6,23.9995251,21586.3203,
2,96,3,96-3,best_finish_percentile_at_stronger_class,0.727272749,96-7,96-8,96-8,12.6573982,3827.35083,
2,96,4,96-4,current_weight_change_pct,0.0625,96-9,96-10,96-9,13.104887,2925.90747,
2,96,5,96-5,jockey_history_starts,196.0,96-11,96-12,96-11,12.2628593,2681.87402,
2,96,6,96-6,recent_last600_best_3,35.3699989,96-13,96-14,96-14,21.081831,18904.4473,
2,96,7,96-7,horse_jockey_win_rate_rank,5.0,96-15,96-16,96-16,9.50794983,1344.58679,
2,96,8,96-8,recent_3_margin,7.69999981,96-17,96-18,96-17,7.90229225,2482.76392,
2,96,9,96-9,jockey_history_starts,61.0,96-19,96-20,96-20,15.6409807,2499.11621,
2,96,10,96-10,recent_last600_best_3,34.5600014,96-21,96-22,96-21,11.7605295,426.791321,
2,96,11,96-11,best_finish_percentile_at_equal_or_higher_weight,0.631578922,96-23,96-24,96-24,11.3023148,2275.37183,
2,96,12,96-12,horse_jockey_win_rate_rank,3.0,96-25,96-26,96-25,7.98221588,406.502228,
2,96,13,96-13,good_wins,3.0,96-27,96-28,96-28,16.7468834,11653.0947,
2,96,14,96-14,best_finish_percentile_at_stronger_class,0.9375,96-29,96-30,96-30,17.7138176,7251.35205,
2,96,15,96-15,Leaf,,,,,-0.00732560921,486.813477,
2,96,16,96-16,Leaf,,,,,-0.00289427233,857.773376,
2,96,17,96-17,Leaf,,,,,-0.000921124883,2115.13623,
2,96,18,96-18,Leaf,,,,,-0.00486247195,367.627869,
2,96,19,96-19,Leaf,,,,,-0.00372726144,757.601379,
2,96,20,96-20,Leaf,,,,,0.000551697798,1741.51489,
2,96,21,96-21,Leaf,,,,,0.00701080356,270.445404,
2,96,22,96-22,Leaf,,,,,-0.00143831398,156.345901,
2,96,23,96-23,Leaf,,,,,-0.00282108807,245.466736,
2,96,24,96-24,Leaf,,,,,0.00276449532,2029.90503,
2,96,25,96-25,Leaf,,,,,0.00804541539,363.102234,
2,96,26,96-26,Leaf,,,,,-0.00266965642,43.4000053,
2,96,27,96-27,Leaf,,,,,0.0014436096,9724.72852,
2,96,28,96-28,Leaf,,,,,-0.00110071036,1928.36621,
2,96,29,96-29,Leaf,,,,,0.000288874086,4437.65039,
2,96,30,96-30,Leaf,,,,,-0.00224248227,2813.70142,
2,97,0,97-0,trainer_history_top3_excess,0.0335261971,97-1,97-2,97-1,43.0651932,28042.9121,
2,97,1,97-1,recent_finish_percentile_rank,8.0,97-3,97-4,97-4,35.2251511,14914.9668,
2,97,2,97-2,recent_margin_quality_weighted_3_minus_race_mean,0.223216027,97-5,97-6,97-5,24.4681892,13127.9463,
2,97,3,97-3,recent_weighted_avg_margin,4.59366512,97-7,97-8,97-8,25.0851269,12463.2656,
2,97,4,97-4,form_class_level_weighted_3,53.5999985,97-9,97-10,97-10,14.4421158,2451.70068,
2,97,5,97-5,good_starts,18.0,97-11,97-12,97-12,12.6246052,9721.99902,
2,97,6,97-6,recent_similar_distance_speed_rank,10.0,97-13,97-14,97-13,9.89118195,3405.94727,
2,97,7,97-7,good_starts,5.0,97-15,97-16,97-16,12.7113533,9799.43164,
2,97,8,97-8,form_class_level_weighted_3,52.6666679,97-17,97-18,97-17,15.6937656,2663.83447,
2,97,9,97-9,hidden_sectional_run_best_3,0.173310056,97-19,97-20,97-20,5.97953033,295.58432,
2,97,10,97-10,current_weight_change_pct,-0.0333333351,97-21,97-22,97-22,11.6858921,2156.11646,
2,97,11,97-11,form_class_level_weighted_3,60.7999992,97-23,97-24,97-23,14.1615095,8890.9834,
2,97,12,97-12,recent_weighted_avg_margin,1.84965396,97-25,97-26,97-26,13.2024851,831.015137,
2,97,13,97-13,good_starts,10.0,97-27,97-28,97-28,9.69428253,3127.60962,
2,97,14,97-14,recent_margin_quality_weighted_3_minus_race_mean,0.245788097,97-29,97-30,97-30,10.6578989,278.337708,
2,97,15,97-15,Leaf,,,,,0.0014891075,3572.26074,
2,97,16,97-16,Leaf,,,,,-0.000379113917,6227.17041,
2,97,17,97-17,Leaf,,,,,-0.00474394299,1077.85522,
2,97,18,97-18,Leaf,,,,,-0.000832433056,1585.97925,
2,97,19,97-19,Leaf,,,,,0.00369423442,17.1581783,
2,97,20,97-20,Leaf,,,,,-0.00956053846,278.426147,
2,97,21,97-21,Leaf,,,,,-0.0092465831,154.911133,
2,97,22,97-22,Leaf,,,,,-0.00227039284,2001.2052,
2,97,23,97-23,Leaf,,,,,-0.000306606409,4080.42944,
2,97,24,97-24,Leaf,,,,,0.00169295317,4810.5542,
2,97,25,97-25,Leaf,,,,,0.00532620726,109.07312,
2,97,26,97-26,Leaf,,,,,-0.00366531126,721.942017,
2,97,27,97-27,Leaf,,,,,0.00413383543,2389.68042,
2,97,28,97-28,Leaf,,,,,0.000832793419,737.929016,
2,97,29,97-29,Leaf,,,,,0.00748808682,55.0018539,
2,97,30,97-30,Leaf,,,,,-0.00396145042,223.335861,
2,98,0,98-0,recent_last600_best_3,34.8199997,98-1,98-2,98-2,35.5938301,27994.9199,
2,98,1,98-1,recent_margin_quality_weighted_3_minus_race_mean,0.209049881,98-3,98-4,98-4,29.9060841,13159.5117,
2,98,2,98-2,best_finish_percentile_at_stronger_class,0.6875,98-5,98-6,98-5,22.3231659,14835.4082,
2,98,3,98-3,trainer_history_top3_excess,-0.0714217871,98-7,98-8,98-7,15.431036,9837.15039,
2,98,4,98-4,best_finish_percentile_at_stronger_class,0.9375,98-9,98-10,98-10,11.8144798,3322.36206,
2,98,5,98-5,jockey_trainer_history_smoothed_top3_rate_gap_to_best,0.264069259,98-11,98-12,98-12,24.4441338,6467.36914,
2,98,6,98-6,recent_finish_percentile_weighted_3_minus_race_mean,0.281823516,98-13,98-14,98-14,11.917964,8368.03906,
2,98,7,98-7,recent_margin_quality_weighted_3_minus_race_mean,0.121729553,98-15,98-16,98-16,12.8801584,775.147522,
2,98,8,98-8,best_finish_percentile_at_equal_or_higher_weight,0.899999976,98-17,98-18,98-17,13.0121889,9062.00293,
2,98,9,98-9,hidden_sectional_run_best_3_gap_to_best,0.233358189,98-19,98-20,98-20,10.6770897,1543.83936,
2,98,10,98-10,recent_finish_percentile_weighted_3_minus_race_mean,0.200511694,98-21,98-22,98-22,18.3932743,1778.52258,
2,98,11,98-11,trainer_history_top3_excess,-0.0995472297,98-23,98-24,98-24,11.5537672,4696.29004,
2,98,12,98-12,best_finish_percentile_at_stronger_class,0.222222224,98-25,98-26,98-26,8.15162277,1771.07886,
2,98,13,98-13,historical_market_overperformance_slope_3,-0.0661764741,98-27,98-28,98-27,8.69201183,6699.58691,
2,98,14,98-14,recent_last600_best_3,36.7200012,98-29,98-30,98-29,13.7377977,1668.45251,
2,98,15,98-15,Leaf,,,,,-0.00146087783,621.899597,
2,98,16,98-16,Leaf,,,,,-0.00940442178,153.247925,
2,98,17,98-17,Leaf,,,,,0.00111644249,6451.34229,
2,98,18,98-18,Leaf,,,,,-0.000971594534,2610.6604,
2,98,19,98-19,Leaf,,,,,0.00283971988,942.075073,
2,98,20,98-20,Leaf,,,,,0.00715529779,601.764343,
2,98,21,98-21,Leaf,,,,,-0.00508156931,218.259125,
2,98,22,98-22,Leaf,,,,,0.00251497747,1560.26343,
2,98,23,98-23,Leaf,,,,,-0.00970999803,83.9547501,
2,98,24,98-24,Leaf,,,,,-0.000840358553,4612.33545,
2,98,25,98-25,Leaf,,,,,-0.0116398782,87.5034103,
2,98,26,98-26,Leaf,,,,,-0.00402319198,1683.57556,
2,98,27,98-27,Leaf,,,,,0.000597656239,2725.10596,
2,98,28,98-28,Leaf,,,,,-0.00123191753,3974.48096,
2,98,29,98-29,Leaf,,,,,0.00259621325,1516.42297,
2,98,30,98-30,Leaf,,,,,-0.00506501039,152.029526,
2,99,0,99-0,trainer_history_top3_excess,0.0335261971,99-1,99-2,99-1,38.0453987,27816.1445,
2,99,1,99-1,recent_weighted_avg_margin_rank,5.0,99-3,99-4,99-3,20.5798931,14839.2998,
2,99,2,99-2,jockey_recent_top3_excess,0.020420514,99-5,99-6,99-6,24.3514061,12976.8438,
2,99,3,99-3,distance_minus_recent_avg,-241.666672,99-7,99-8,99-8,15.5191536,9205.78418,
2,99,4,99-4,form_class_level_weighted_3,52.6666679,99-9,99-10,99-9,18.739624,5633.51514,
2,99,5,99-5,recent_last600_best_3,34.9199982,99-11,99-12,99-12,16.613121,5629.94824,
2,99,6,99-6,recent_weighted_win_rate_rank,4.0,99-13,99-14,99-14,33.2584038,7346.896,
2,99,7,99-7,jockey_recent_top3_excess,-0.0492921658,99-15,99-16,99-16,10.1194305,249.503937,
2,99,8,99-8,recent_similar_distance_speed_rank,6.0,99-17,99-18,99-18,12.9029522,8956.28027,
2,99,9,99-9,best_finish_percentile_at_stronger_class,0.842105269,99-19,99-20,99-20,15.345089,1389.48364,
2,99,10,99-10,horse_jockey_win_rate_rank,3.0,99-21,99-22,99-22,16.514986,4244.03125,
2,99,11,99-11,recent_5_weight_kg,61.0,99-23,99-24,99-23,10.7804098,3038.13843,
2,99,12,99-12,recent_similar_distance_speed_rank,6.0,99-25,99-26,99-25,17.490181,2591.81006,
2,99,13,99-13,recent_finish_percentile_weighted_6_rank_in_race,3.0,99-27,99-28,99-28,16.3088379,4269.4458,
2,99,14,99-14,form_class_level_weighted_3,59.0,99-29,99-30,99-29,14.6756401,3077.44995,
2,99,15,99-15,Leaf,,,,,-0.0130588505,81.5889816,
2,99,16,99-16,Leaf,,,,,-0.0024651282,167.914948,
2,99,17,99-17,Leaf,,,,,0.000604466884,5651.5293,
2,99,18,99-18,Leaf,,,,,-0.0013593625,3304.75146,
2,99,19,99-19,Leaf,,,,,-0.00701063452,786.491943,
2,99,20,99-20,Leaf,,,,,-0.00167241308,602.991699,
2,99,21,99-21,Leaf,,,,,0.00119827536,1128.82861,
2,99,22,99-22,Leaf,,,,,-0.00231861509,3115.20264,
2,99,23,99-23,Leaf,,,,,0.00105656195,2985.68774,
2,99,24,99-24,Leaf,,,,,-0.00943543762,52.4508095,
2,99,25,99-25,Leaf,,,,,-0.000351740775,1679.97668,
2,99,26,99-26,Leaf,,,,,-0.0046441271,911.833313,
2,99,27,99-27,Leaf,,,,,0.00456316071,2397.72949,
2,99,28,99-28,Leaf,,,,,0.00143509114,1871.71631,
2,99,29,99-29,Leaf,,,,,-0.00323928217,744.28894,
2,99,30,99-30,Leaf,,,,,0.000769567967,2333.16089,
2,100,0,100-0,recent_finish_percentile_rank,4.0,100-1,100-2,100-2,49.0935326,27701.0117,
2,100,1,100-1,good_starts,9.0,100-3,100-4,100-4,27.9459419,14256.8047,
2,100,2,100-2,jockey_recent_top3_excess,0.0190493986,100-5,100-6,100-5,23.2468414,13444.2061,
2,100,3,100-3,hidden_sectional_run_best_3_gap_to_best,0.206845254,100-7,100-8,100-7,22.076767,9754.64258,
2,100,4,100-4,hidden_sectional_run_best_3,0.0409563743,100-9,100-10,100-10,15.7258492,4502.16211,
2,100,5,100-5,best_finish_percentile_at_stronger_class,0.600000024,100-11,100-12,100-11,18.0553169,7032.50586,
2,100,6,100-6,good_starts,19.0,100-13,100-14,100-14,9.71516132,6411.7002,
2,100,7,100-7,jockey_history_top3_excess,-0.0724849552,100-15,100-16,100-16,18.4719353,6115.54004,
2,100,8,100-8,jockey_recent_top3_excess,0.0515623875,100-17,100-18,100-18,15.8608246,3639.10278,
2,100,9,100-9,historical_market_overperformance_slope_3,-0.0704323128,100-19,100-20,100-20,7.57494354,289.998047,
2,100,10,100-10,jockey_history_top3_excess,0.107633606,100-21,100-22,100-21,9.80296803,4212.16406,
2,100,11,100-11,trainer_history_top3_excess,0.0806828439,100-23,100-24,100-23,17.611618,3229.38623,
2,100,12,100-12,trainer_history_top3_excess,-0.109267816,100-25,100-26,100-25,10.0842705,3803.11987,
2,100,13,100-13,recent_3_distance_m,1615.0,100-27,100-28,100-28,10.3814001,5704.82324,
2,100,14,100-14,recent_margin_std_6,1.54196846,100-29,100-30,100-29,8.10436249,706.876892,
2,100,15,100-15,Leaf,,,,,-0.00496749673,331.087646,
2,100,16,100-16,Leaf,,,,,0.00101814431,5784.45264,
2,100,17,100-17,Leaf,,,,,0.00165726978,2027.75159,
2,100,18,100-18,Leaf,,,,,0.00499365432,1611.3512,
2,100,19,100-19,Leaf,,,,,-0.0,84.1061859,
2,100,20,100-20,Leaf,,,,,-0.00878407061,205.891876,
2,100,21,100-21,Leaf,,,,,-0.00074723555,3855.32397,
2,100,22,100-22,Leaf,,,,,0.00352792139,356.84021,
2,100,23,100-23,Leaf,,,,,-0.00443319557,2696.646,
2,100,24,100-24,Leaf,,,,,0.000520203961,532.740173,
2,100,25,100-25,Leaf,,,,,-0.00616775267,218.357651,
2,100,26,100-26,Leaf,,,,,-0.000739288516,3584.76221,
2,100,27,100-27,Leaf,,,,,0.000695332536,4642.17188,
2,100,28,100-28,Leaf,,,,,-0.00203255354,1062.65137,
2,100,29,100-29,Leaf,,,,,-0.0105102519,68.8649063,
2,100,30,100-30,Leaf,,,,,-0.00192339066,638.011963,
2,101,0,101-0,trainer_history_top3_excess,0.0387145244,101-1,101-2,101-1,34.4841385,27809.168,
2,101,1,101-1,recent_weighted_avg_margin,4.97735977,101-3,101-4,101-4,29.168539,15671.0293,
2,101,2,101-2,good_starts,18.0,101-5,101-6,101-6,24.0686741,12138.1387,
2,101,3,101-3,good_starts,5.0,101-7,101-8,101-8,12.1430378,12234.5869,
2,101,4,101-4,historical_market_overperformance_slope_3,0.376984119,101-9,101-10,101-9,16.4227562,3436.44189,
2,101,5,101-5,recent_last600_best_3,36.25,101-11,101-12,101-12,23.3986816,11156.1514,
2,101,6,101-6,best_finish_percentile_at_equal_or_higher_weight,0.545454562,101-13,101-14,101-14,13.5540037,981.98761,
2,101,7,101-7,recent_last600_best_3,34.4000015,101-15,101-16,101-15,19.9250526,4590.896,
2,101,8,101-8,recent_5_weight_kg,55.5,101-17,101-18,101-18,9.34644508,7643.69092,
2,101,9,101-9,jockey_trainer_history_smoothed_top3_rate_gap_to_best,0.0346320271,101-19,101-20,101-20,12.2012253,3252.75342,
2,101,10,101-10,recent_5_weight_kg,62.0,101-21,101-22,101-22,5.64330816,183.688599,
2,101,11,101-11,recent_finish_percentile_weighted_6_rank_in_race,3.0,101-23,101-24,101-24,20.3975372,8698.14355,
2,101,12,101-12,hidden_sectional_run_best_3,0.181427449,101-25,101-26,101-26,16.0969906,2458.00781,
2,101,13,101-13,historical_market_overperformance_slope_3,0.335649937,101-27,101-28,101-28,4.37926292,75.0386581,
2,101,14,101-14,jockey_history_starts,262.0,101-29,101-30,101-30,8.78053856,906.948975,
2,101,15,101-15,Leaf,,,,,0.00208150223,2832.96802,
2,101,16,101-16,Leaf,,,,,-0.00129798276,1757.92822,
2,101,17,101-17,Leaf,,,,,-0.00262257573,1472.14612,
2,101,18,101-18,Leaf,,,,,-0.000408780121,6171.54492,
2,101,19,101-19,Leaf,,,,,0.000557465362,448.661133,
2,101,20,101-20,Leaf,,,,,-0.00385841029,2804.09229,
2,101,21,101-21,Leaf,,,,,0.00684710545,132.784454,
2,101,22,101-22,Leaf,,,,,-0.00239775865,50.9041519,
2,101,23,101-23,Leaf,,,,,0.00337853399,3521.64697,
2,101,24,101-24,Leaf,,,,,0.000909416645,5176.49658,
2,101,25,101-25,Leaf,,,,,-0.00563796004,361.97168,
2,101,26,101-26,Leaf,,,,,2.33673268e-06,2096.03613,
2,101,27,101-27,Leaf,,,,,-0.0149051985,60.5550079,
2,101,28,101-28,Leaf,,,,,-0.0,14.4836512,
2,101,29,101-29,Leaf,,,,,-0.00243167928,862.105835,
2,101,30,101-30,Leaf,,,,,0.0078911772,44.8431435,
2,102,0,102-0,recent_finish_percentile_rank,5.0,102-1,102-2,102-2,42.6075096,27644.4062,
2,102,1,102-1,prize_money_rank,2.0,102-3,102-4,102-4,22.272789,17349.2344,
2,102,2,102-2,jockey_history_top3_excess,-0.0275349654,102-5,102-6,102-5,16.5178699,10295.1719,
2,102,3,102-3,recent_weighted_avg_margin_rank,4.0,102-7,102-8,102-8,15.7355576,2394.44702,
2,102,4,102-4,jockey_history_top3_excess,0.133503571,102-9,102-10,102-9,20.2962589,14954.7861,
2,102,5,102-5,jockey_history_top3_excess,-0.114671513,102-11,102-12,102-12,9.38695908,2570.6333,
2,102,6,102-6,best_finish_percentile_at_equal_or_higher_weight,0.947368443,102-13,102-14,102-13,13.4639416,7724.53857,
2,102,7,102-7,good_starts,5.0,102-15,102-16,102-16,9.213871,1710.72437,
2,102,8,102-8,distance_minus_recent_avg,-125.0,102-17,102-18,102-18,8.73724651,683.722778,
2,102,9,102-9,recent_last600_best_3,35.0600014,102-19,102-20,102-20,16.2939358,14113.877,
2,102,10,102-10,best_finish_percentile_at_equal_or_higher_weight,0.625,102-21,102-22,102-22,17.0807552,840.909546,
2,102,11,102-11,distance_minus_recent_avg,153.333328,102-23,102-24,102-23,6.47251511,139.534088,
2,102,12,102-12,jockey_history_starts,63.0,102-25,102-26,102-25,8.10774612,2431.09937,
2,102,13,102-13,recent_margin_std_6,1.2998718,102-27,102-28,102-28,12.6223402,6447.26025,
2,102,14,102-14,hidden_sectional_run_best_3_gap_to_best,0.0619391203,102-29,102-30,102-30,15.4354115,1277.27844,
2,102,15,102-15,Leaf,,,,,0.00657458231,625.552917,
2,102,16,102-16,Leaf,,,,,0.00271766237,1085.17139,
2,102,17,102-17,Leaf,,,,,-0.00677325577,100.296722,
2,102,18,102-18,Leaf,,,,,0.000887070491,583.426025,
2,102,19,102-19,Leaf,,,,,0.000863149704,7508.18359,
2,102,20,102-20,Leaf,,,,,-0.000837922271,6605.69336,
2,102,21,102-21,Leaf,,,,,-0.00867082365,52.2949142,
2,102,22,102-22,Leaf,,,,,0.00499181962,788.614624,
2,102,23,102-23,Leaf,,,,,-0.013034584,88.1287384,
2,102,24,102-24,Leaf,,,,,-0.00158142112,51.4053459,
2,102,25,102-25,Leaf,,,,,-0.00419226335,1186.7373,
2,102,26,102-26,Leaf,,,,,-0.00128546671,1244.36206,
2,102,27,102-27,Leaf,,,,,-0.00484900083,354.220703,
2,102,28,102-28,Leaf,,,,,-5.65604896e-05,6093.03955,
2,102,29,102-29,Leaf,,,,,-0.00738442643,367.978973,
2,102,30,102-30,Leaf,,,,,-0.00134084339,909.299438,
2,103,0,103-0,jockey_history_top3_excess,0.00474141678,103-1,103-2,103-1,40.019104,27638.0293,
2,103,1,103-1,best_finish_percentile_at_stronger_class,0.733333349,103-3,103-4,103-3,27.5047722,11557.084,
2,103,2,103-2,jockey_history_top3_excess,0.152532846,103-5,103-6,103-6,20.0117054,16080.9453,
2,103,3,103-3,form_class_level_weighted_3,69.5999985,103-7,103-8,103-7,19.2610817,5719.67969,
2,103,4,103-4,recent_3_margin,0.600000024,103-9,103-10,103-10,11.0486584,5837.4043,
2,103,5,103-5,recent_weighted_avg_margin,4.11884403,103-11,103-12,103-11,18.6007633,15128.5547,
2,103,6,103-6,recent_weighted_avg_margin,2.57321906,103-13,103-14,103-13,12.6893787,952.391052,
2,103,7,103-7,recent_finish_percentile_weighted_3_minus_race_mean,0.0420436263,103-15,103-16,103-16,19.463623,4145.0332,
2,103,8,103-8,prize_money_rank,4.0,103-17,103-18,103-18,10.840992,1574.64661,
2,103,9,103-9,recent_weighted_win_rate_rank,3.0,103-19,103-20,103-20,13.8989754,750.849365,
2,103,10,103-10,recent_weighted_avg_margin,1.772686,103-21,103-22,103-22,11.5877333,5086.55518,
2,103,11,103-11,historical_market_overperformance_slope_3,0.376984119,103-23,103-24,103-23,13.9272804,11216.5371,
2,103,12,103-12,best_finish_percentile_at_stronger_class,0.200000003,103-25,103-26,103-26,15.1254005,3912.01758,
2,103,13,103-13,prize_money_rank,12.0,103-27,103-28,103-28,9.14503479,494.168335,
2,103,14,103-14,hidden_sectional_run_best_3,0.298934191,103-29,103-30,103-29,10.0385771,458.222687,
2,103,15,103-15,Leaf,,,,,-0.00531887356,1611.13062,
2,103,16,103-16,Leaf,,,,,-0.00179363065,2533.90259,
2,103,17,103-17,Leaf,,,,,0.00255060522,641.691772,
2,103,18,103-18,Leaf,,,,,-0.00164228887,932.954895,
2,103,19,103-19,Leaf,,,,,0.000697431795,379.862396,
2,103,20,103-20,Leaf,,,,,-0.00603112718,370.986969,
2,103,21,103-21,Leaf,,,,,0.00392369973,563.304565,
2,103,22,103-22,Leaf,,,,,0.000148680643,4523.25049,
2,103,23,103-23,Leaf,,,,,0.00134748046,10786.4248,
2,103,24,103-24,Leaf,,,,,-0.00318926503,430.112091,
2,103,25,103-25,Leaf,,,,,-0.00847490318,145.458755,
2,103,26,103-26,Leaf,,,,,-0.00051074248,3766.55884,
2,103,27,103-27,Leaf,,,,,0.00784992985,474.091583,
2,103,28,103-28,Leaf,,,,,-0.00685698399,20.076746,
2,103,29,103-29,Leaf,,,,,-0.00125074224,309.797058,
2,103,30,103-30,Leaf,,,,,0.0064452826,148.425644,
2,104,0,104-0,recent_weighted_avg_margin,5.53689003,104-1,104-2,104-1,43.1377068,27713.207,
2,104,1,104-1,jockey_history_top3_excess,-0.0208141319,104-3,104-4,104-4,22.4892082,24288.3789,
2,104,2,104-2,jockey_trainer_history_smoothed_top3_rate_gap_to_best,0.1015625,104-5,104-6,104-6,18.8110695,3424.82837,
2,104,3,104-3,prize_money_rank,5.0,104-7,104-8,104-8,18.3673401,6169.42236,
2,104,4,104-4,recent_finish_percentile_weighted_3_minus_race_mean,0.281823516,104-9,104-10,104-9,18.0500641,18118.957,
2,104,5,104-5,current_weight_change_pct,-0.00833333377,104-11,104-12,104-12,10.3082972,1294.30042,
2,104,6,104-6,jockey_history_top3_excess,0.00773265213,104-13,104-14,104-13,16.0195465,2130.52783,
2,104,7,104-7,recent_finish_percentile_weighted_3_minus_race_mean,0.12619859,104-15,104-16,104-15,21.0346642,3046.64185,
2,104,8,104-8,current_weight_change_pct,0.00884955749,104-17,104-18,104-17,10.1254082,3122.78076,
2,104,9,104-9,trainer_history_top3_excess,0.0387145244,104-19,104-20,104-20,10.597023,14756.7227,
2,104,10,104-10,best_finish_percentile_at_stronger_class,0.9375,104-21,104-22,104-22,21.2592278,3362.23389,
2,104,11,104-11,jockey_history_starts,169.0,104-23,104-24,104-24,10.4596043,248.813156,
2,104,12,104-12,recent_finish_percentile_weighted_3_minus_race_mean,-0.272146672,104-25,104-26,104-26,7.82054567,1045.4873,
2,104,13,104-13,form_class_level_weighted_3,54.0,104-27,104-28,104-27,7.28725433,1218.26941,
2,104,14,104-14,jockey_history_starts,145.0,104-29,104-30,104-30,9.29631424,912.258484,
2,104,15,104-15,Leaf,,,,,-0.00179326709,1388.71667,
2,104,16,104-16,Leaf,,,,,0.0023632138,1657.92505,
2,104,17,104-17,Leaf,,,,,-0.00333227077,1982.6842,
2,104,18,104-18,Leaf,,,,,-0.000368077366,1140.09656,
2,104,19,104-19,Leaf,,,,,-0.00023577227,7132.04004,
2,104,20,104-20,Leaf,,,,,0.00110358244,7624.68262,
2,104,21,104-21,Leaf,,,,,0.00455083232,1609.34668,
2,104,22,104-22,Leaf,,,,,0.000569392461,1752.88721,
2,104,23,104-23,Leaf,,,,,-0.00773941725,180.464432,
2,104,24,104-24,Leaf,,,,,0.00324041839,68.3487167,
2,104,25,104-25,Leaf,,,,,-0.00566540845,93.1702728,
2,104,26,104-26,Leaf,,,,,0.00157478976,952.317017,
2,104,27,104-27,Leaf,,,,,-0.00826521311,496.686035,
2,104,28,104-28,Leaf,,,,,-0.00418889709,721.583435,
2,104,29,104-29,Leaf,,,,,-0.00326835248,609.590393,
2,104,30,104-30,Leaf,,,,,0.00202107802,302.668152,
2,105,0,105-0,recent_finish_percentile_weighted_3_minus_race_mean,-0.0341269672,105-1,105-2,105-2,37.5952301,27526.8301,
2,105,1,105-1,trainer_history_top3_excess,-0.0714217871,105-3,105-4,105-3,18.7304535,5954.80322,
2,105,2,105-2,recent_last600_best_3,34.3800011,105-5,105-6,105-6,28.723402,21572.0273,
2,105,3,105-3,best_finish_percentile_at_stronger_class,0.888888896,105-7,105-8,105-7,11.2180824,667.591675,
2,105,4,105-4,best_finish_percentile_at_equal_or_higher_weight,0.416666657,105-9,105-10,105-10,13.1512613,5287.21143,
2,105,5,105-5,good_starts,9.0,105-11,105-12,105-12,22.6321907,7198.88574,
2,105,6,105-6,trainer_history_top3_excess,0.0371838696,105-13,105-14,105-13,18.4612637,14373.1416,
2,105,7,105-7,form_class_level_weighted_3,62.0,105-15,105-16,105-15,9.02554321,542.184875,
2,105,8,105-8,best_finish_percentile_at_equal_or_higher_weight,0.909090936,105-17,105-18,105-18,6.77252817,125.406776,
2,105,9,105-9,current_weight_change_pct,0.0185185187,105-19,105-20,105-19,5.90547943,718.456055,
2,105,10,105-10,historical_market_overperformance_slope_3,0.214646459,105-21,105-22,105-21,13.1003208,4568.75537,
2,105,11,105-11,hidden_sectional_run_best_3_gap_to_best,0.257585496,105-23,105-24,105-24,22.2468681,4987.55762,
2,105,12,105-12,best_finish_percentile_at_stronger_class,0.909090936,105-25,105-26,105-26,13.5466509,2211.32812,
2,105,13,105-13,prize_money_rank,4.0,105-27,105-28,105-27,13.4884634,7933.07227,
2,105,14,105-14,jockey_recent_top3_excess,0.115692593,105-29,105-30,105-29,17.1179581,6440.06982,
2,105,15,105-15,Leaf,,,,,-0.00997725595,306.479614,
2,105,16,105-16,Leaf,,,,,-0.00326296198,235.705276,
2,105,17,105-17,Leaf,,,,,0.00553594762,74.5824356,
2,105,18,105-18,Leaf,,,,,-0.00539835542,50.8243408,
2,105,19,105-19,Leaf,,,,,-0.00586266164,491.533844,
2,105,20,105-20,Leaf,,,,,-0.00092024589,226.92218,
2,105,21,105-21,Leaf,,,,,-0.00121132343,4033.61768,
2,105,22,105-22,Leaf,,,,,0.00291619543,535.137878,
2,105,23,105-23,Leaf,,,,,0.00187334663,3961.4314,
2,105,24,105-24,Leaf,,,,,0.00600286154,1026.12634,
2,105,25,105-25,Leaf,,,,,0.00186050124,989.886719,
2,105,26,105-26,Leaf,,,,,-0.00205585593,1221.44128,
2,105,27,105-27,Leaf,,,,,0.000360387116,3061.15137,
2,105,28,105-28,Leaf,,,,,-0.00175391603,4871.92041,
2,105,29,105-29,Leaf,,,,,0.000123806109,4858.79932,
2,105,30,105-30,Leaf,,,,,0.00311311265,1581.27014,
2,106,0,106-0,recent_weighted_avg_margin,5.53689003,106-1,106-2,106-1,44.4540939,27604.5039,
2,106,1,106-1,good_starts,5.0,106-3,106-4,106-3,23.6664162,24216.0,
2,106,2,106-2,jockey_history_starts,132.0,106-5,106-6,106-5,17.2409935,3388.50317,
2,106,3,106-3,recent_margin_std_6,3.53067517,106-7,106-8,106-8,32.2856331,10311.8301,
2,106,4,106-4,hidden_sectional_run_best_3,0.325799257,106-9,106-10,106-10,17.6122913,13904.1709,
2,106,5,106-5,jockey_trainer_history_smoothed_top3_rate_gap_to_best,0.0678571463,106-11,106-12,106-12,15.3825989,2414.78394,
2,106,6,106-6,recent_weighted_avg_margin,9.40214062,106-13,106-14,106-14,12.9637794,973.719421,
2,106,7,106-7,recent_margin_quality_weighted_3_minus_race_mean,0.291923583,106-15,106-16,106-16,22.9455528,7564.25,
2,106,8,106-8,jockey_history_starts,253.0,106-17,106-18,106-17,15.5408783,2747.58008,
2,106,9,106-9,best_finish_percentile_at_equal_or_higher_weight,0.800000012,106-19,106-20,106-20,9.88910389,11305.3262,
2,106,10,106-10,recent_similar_distance_speed_rank,8.0,106-21,106-22,106-22,16.1427631,2598.84473,
2,106,11,106-11,hidden_sectional_run_best_3_gap_to_best,0.23143515,106-23,106-24,106-24,9.59824371,676.116577,
2,106,12,106-12,recent_margin_quality_weighted_3_minus_race_mean,0.219716489,106-25,106-26,106-26,8.2410202,1738.66724,
2,106,13,106-13,hidden_sectional_run_best_3_gap_to_best,0.210229218,106-27,106-28,106-27,7.98544502,870.657532,
2,106,14,106-14,best_finish_percentile_at_stronger_class,0.916666687,106-29,106-30,106-29,5.84906006,103.061874,
2,106,15,106-15,Leaf,,,,,0.00158838276,6327.75195,
2,106,16,106-16,Leaf,,,,,0.0053086984,1236.49829,
2,106,17,106-17,Leaf,,,,,-0.00156005146,2495.87646,
2,106,18,106-18,Leaf,,,,,0.00484142592,251.703659,
2,106,19,106-19,Leaf,,,,,-0.00117179635,2511.75293,
2,106,20,106-20,Leaf,,,,,0.000603565655,8793.57324,
2,106,21,106-21,Leaf,,,,,-0.00104029209,2055.01196,
2,106,22,106-22,Leaf,,,,,-0.00586312264,543.832703,
2,106,23,106-23,Leaf,,,,,-0.00277645793,425.873657,
2,106,24,106-24,Leaf,,,,,0.00328909839,250.24292,
2,106,25,106-25,Leaf,,,,,-0.00532296486,1668.26367,
2,106,26,106-26,Leaf,,,,,0.00301492587,70.4036636,
2,106,27,106-27,Leaf,,,,,0.00180230604,830.346375,
2,106,28,106-28,Leaf,,,,,-0.00845116749,40.3111687,
2,106,29,106-29,Leaf,,,,,-0.0100982217,88.1243362,
2,106,30,106-30,Leaf,,,,,0.00429561036,14.9375439,
2,107,0,107-0,good_starts,15.0,107-1,107-2,107-2,36.8618889,27536.3418,
2,107,1,107-1,prize_money_rank,2.0,107-3,107-4,107-4,38.9166908,22621.5098,
2,107,2,107-2,best_finish_percentile_at_equal_or_higher_weight,2.00001001,107-5,107-6,107-6,10.0921288,4914.83154,
2,107,3,107-3,best_finish_percentile_at_equal_or_higher_weight,0.727272749,107-7,107-8,107-8,15.2633591,2236.17285,
2,107,4,107-4,form_class_level_weighted_3,60.7999992,107-9,107-10,107-9,29.0553246,20385.3359,
2,107,5,107-5,historical_market_overperformance_slope_3,-0.33214286,107-11,107-12,107-12,7.0696373,3662.68628,
2,107,6,107-6,hidden_sectional_run_best_3,0.27853334,107-13,107-14,107-13,10.5602093,1252.14526,
2,107,7,107-7,historical_market_overperformance_slope_3,-0.116666667,107-15,107-16,107-15,11.2793932,355.373535,
2,107,8,107-8,recent_finish_percentile_rank,2.0,107-17,107-18,107-18,13.7794456,1880.79944,
2,107,9,107-9,hidden_sectional_run_best_3_gap_to_best,0.199263856,107-19,107-20,107-19,28.726387,11418.6182,
2,107,10,107-10,distance_minus_recent_avg,-51.6666679,107-21,107-22,107-22,16.8185234,8966.71777,
2,107,11,107-11,distance_minus_recent_avg,-16.666666,107-23,107-24,107-24,10.2177944,204.796265,
2,107,12,107-12,good_wins,1.0,107-25,107-26,107-26,7.16023636,3457.88989,
2,107,13,107-13,hidden_sectional_run_best_3,0.186922237,107-27,107-28,107-28,12.436738,993.689392,
2,107,14,107-14,historical_market_overperformance_slope_3,0.258773535,107-29,107-30,107-30,11.3092375,258.455811,
2,107,15,107-15,Leaf,,,,,0.00380550511,153.667831,
2,107,16,107-16,Leaf,,,,,-0.00493275234,201.705688,
2,107,17,107-17,Leaf,,,,,0.0075192838,617.458679,
2,107,18,107-18,Leaf,,,,,0.00292648794,1263.3407,
2,107,19,107-19,Leaf,,,,,-0.00152091577,8161.19531,
2,107,20,107-20,Leaf,,,,,0.00125225016,3257.42334,
2,107,21,107-21,Leaf,,,,,-0.00108810922,1665.52637,
2,107,22,107-22,Leaf,,,,,0.00168869819,7301.19141,
2,107,23,107-23,Leaf,,,,,-0.00531775085,71.2183456,
2,107,24,107-24,Leaf,,,,,0.00578624476,133.577927,
2,107,25,107-25,Leaf,,,,,-0.00691715349,247.618408,
2,107,26,107-26,Leaf,,,,,-0.00252927328,3210.27148,
2,107,27,107-27,Leaf,,,,,-0.00208611134,414.587433,
2,107,28,107-28,Leaf,,,,,0.0035262194,579.10199,
2,107,29,107-29,Leaf,,,,,-0.00796752423,172.015121,
2,107,30,107-30,Leaf,,,,,0.00272096298,86.4406967,
2,108,0,108-0,recent_finish_percentile_rank,4.0,108-1,108-2,108-2,50.3527069,27513.2773,
2,108,1,108-1,jockey_history_top3_excess,0.0942126065,108-3,108-4,108-3,28.0861683,14219.7812,
2,108,2,108-2,form_class_level_weighted_3,53.5999985,108-5,108-6,108-6,24.6494637,13293.4961,
2,108,3,108-3,good_starts,15.0,108-7,108-8,108-8,19.5009422,12150.1553,
2,108,4,108-4,recent_margin_std_6,4.04804468,108-9,108-10,108-9,12.6617203,2069.62622,
2,108,5,108-5,recent_last600_best_3,35.5,108-11,108-12,108-11,15.1538544,2428.10962,
2,108,6,108-6,jockey_history_starts,59.0,108-13,108-14,108-13,17.8997097,10865.3857,
2,108,7,108-7,recent_similar_distance_speed_rank,7.0,108-15,108-16,108-15,19.32481,10244.1133,
2,108,8,108-8,jockey_history_starts,134.0,108-17,108-18,108-18,17.6431866,1906.04211,
2,108,9,108-9,recent_finish_percentile_weighted_6_rank_in_race,2.0,108-19,108-20,108-20,13.0782547,1850.38538,
2,108,10,108-10,recent_similar_distance_speed_rank,11.0,108-21,108-22,108-22,12.7870007,219.240891,
2,108,11,108-11,jockey_history_top3_excess,0.152532846,108-23,108-24,108-23,10.6057177,1942.70862,
2,108,12,108-12,hidden_sectional_run_best_3,0.146410197,108-25,108-26,108-26,8.18411255,485.401001,
2,108,13,108-13,best_finish_percentile_at_equal_or_higher_weight,0.9375,108-27,108-28,108-27,8.67983627,3960.19751,
2,108,14,108-14,good_starts,14.0,108-29,108-30,108-29,13.7881479,6905.18848,
2,108,15,108-15,Leaf,,,,,0.00172154128,7863.30078,
2,108,16,108-16,Leaf,,,,,-0.000844606839,2380.81274,
2,108,17,108-17,Leaf,,,,,-0.00288877799,1492.3501,
2,108,18,108-18,Leaf,,,,,0.00288910628,413.692017,
2,108,19,108-19,Leaf,,,,,0.00722094625,692.354126,
2,108,20,108-20,Leaf,,,,,0.0028363138,1158.03125,
2,108,21,108-21,Leaf,,,,,-0.00467070052,179.50441,
2,108,22,108-22,Leaf,,,,,0.00957951229,39.7364845,
2,108,23,108-23,Leaf,,,,,-0.00260767038,1876.09814,
2,108,24,108-24,Leaf,,,,,0.00689701363,66.6105423,
2,108,25,108-25,Leaf,,,,,-0.0162009709,49.7628326,
2,108,26,108-26,Leaf,,,,,-0.00579326926,435.638184,
2,108,27,108-27,Leaf,,,,,-0.00123008969,3194.06323,
2,108,28,108-28,Leaf,,,,,-0.00419175671,766.134277,
2,108,29,108-29,Leaf,,,,,0.000922591367,5239.67725,
2,108,30,108-30,Leaf,,,,,-0.00168175192,1665.51135,
2,109,0,109-0,recent_margin_quality_weighted_3_minus_race_mean,0.219716489,109-1,109-2,109-1,39.4674034,27162.8906,
2,109,1,109-1,form_class_level_weighted_3,57.6666679,109-3,109-4,109-3,27.7086735,20617.4199,
2,109,2,109-2,jockey_history_top3_excess,0.14005594,109-5,109-6,109-5,26.731657,6545.46973,
2,109,3,109-3,recent_margin_quality_weighted_3_minus_race_mean,-0.0538156629,109-7,109-8,109-8,31.4502945,8093.43408,
2,109,4,109-4,good_starts,17.0,109-9,109-10,109-10,18.8813877,12523.9863,
2,109,5,109-5,good_starts,6.0,109-11,109-12,109-12,19.5123062,6224.50732,
2,109,6,109-6,horse_jockey_win_rate_rank,2.0,109-13,109-14,109-13,7.97581863,320.962585,
2,109,7,109-7,jockey_history_top3_excess,0.00773265213,109-15,109-16,109-15,7.83229446,1595.11365,
2,109,8,109-8,prize_money_rank,3.0,109-17,109-18,109-18,15.1932096,6498.32031,
2,109,9,109-9,current_weight_change_pct,-0.0344827585,109-19,109-20,109-19,17.3661804,10063.249,
2,109,10,109-10,recent_margin_quality_weighted_3_minus_race_mean,0.0252353549,109-21,109-22,109-22,10.001791,2460.73706,
2,109,11,109-11,recent_last600_best_3,35.1800003,109-23,109-24,109-24,24.6834946,3367.4248,
2,109,12,109-12,hidden_sectional_run_best_3_gap_to_best,0.339333385,109-25,109-26,109-25,7.57226276,2857.08252,
2,109,13,109-13,recent_last600_best_3,35.4300003,109-27,109-28,109-28,4.88362503,261.868835,
2,109,14,109-14,current_weight_change_pct,-0.0333333351,109-29,109-30,109-29,8.76666641,59.0937462,
2,109,15,109-15,Leaf,,,,,-0.00665358594,811.19519,
2,109,16,109-16,Leaf,,,,,-0.0030653642,783.918518,
2,109,17,109-17,Leaf,,,,,0.00112960441,1562.18469,
2,109,18,109-18,Leaf,,,,,-0.00169132743,4936.13574,
2,109,19,109-19,Leaf,,,,,-0.0015250328,1978.47156,
2,109,20,109-20,Leaf,,,,,0.00108203758,8084.77734,
2,109,21,109-21,Leaf,,,,,-0.00338382903,1287.40967,
2,109,22,109-22,Leaf,,,,,-0.000190906489,1173.32739,
2,109,23,109-23,Leaf,,,,,0.00442922069,1844.69507,
2,109,24,109-24,Leaf,,,,,0.000128767409,1522.72974,
2,109,25,109-25,Leaf,,,,,-2.38919456e-05,2732.23218,
2,109,26,109-26,Leaf,,,,,-0.00609506853,124.850235,
2,109,27,109-27,Leaf,,,,,0.0121369893,202.386063,
2,109,28,109-28,Leaf,,,,,0.00317707169,59.4827843,
2,109,29,109-29,Leaf,,,,,0.00961776357,24.4147301,
2,109,30,109-30,Leaf,,,,,-0.00716866646,34.6790161,
2,110,0,110-0,jockey_history_top3_excess,0.00162350549,110-1,110-2,110-2,36.9357147,27286.2539,
2,110,1,110-1,recent_margin_quality_weighted_3_minus_race_mean,-0.108380497,110-3,110-4,110-3,25.001503,10777.5527,
2,110,2,110-2,good_starts,14.0,110-5,110-6,110-5,28.9042454,16508.7012,
2,110,3,110-3,jockey_trainer_history_smoothed_top3_rate_gap_to_best,0.142857134,110-7,110-8,110-8,8.98566437,1497.46692,
2,110,4,110-4,prize_money_rank,4.0,110-9,110-10,110-10,16.5543976,9280.08594,
2,110,5,110-5,recent_margin_quality_weighted_3_minus_race_mean,0.337773383,110-11,110-12,110-11,25.6406307,13604.7725,
2,110,6,110-6,jockey_history_top3_excess,0.0261211004,110-13,110-14,110-14,9.82650375,2903.92969,
2,110,7,110-7,trainer_history_top3_excess,0.0787147805,110-15,110-16,110-16,6.45310879,545.390137,
2,110,8,110-8,best_finish_percentile_at_stronger_class,0.727272749,110-17,110-18,110-17,11.0718193,952.076721,
2,110,9,110-9,recent_margin_quality_weighted_3_minus_race_mean,0.219716489,110-19,110-20,110-20,19.5654335,3500.46313,
2,110,10,110-10,current_weight_change_pct,0.0180180185,110-21,110-22,110-22,10.812151,5779.62305,
2,110,11,110-11,trainer_history_top3_excess,0.0420240685,110-23,110-24,110-23,14.5272446,12602.5879,
2,110,12,110-12,prize_money_rank,11.0,110-25,110-26,110-26,19.1026917,1002.1842,
2,110,13,110-13,recent_finish_percentile_weighted_3_minus_race_mean,0.107420981,110-27,110-28,110-28,5.87335205,690.013672,
2,110,14,110-14,current_weight_change_pct,0.0366972461,110-29,110-30,110-30,10.019475,2213.91602,
2,110,15,110-15,Leaf,,,,,-0.00283817016,453.411835,
2,110,16,110-16,Leaf,,,,,0.00411295472,91.9783478,
2,110,17,110-17,Leaf,,,,,-0.00764227053,617.674072,
2,110,18,110-18,Leaf,,,,,-0.00190934504,334.402649,
2,110,19,110-19,Leaf,,,,,-0.000546392461,2529.02686,
2,110,20,110-20,Leaf,,,,,0.00360936904,971.436218,
2,110,21,110-21,Leaf,,,,,-0.00252581132,3219.05396,
2,110,22,110-22,Leaf,,,,,-0.000345845008,2560.56909,
2,110,23,110-23,Leaf,,,,,-3.90124733e-05,6173.33398,
2,110,24,110-24,Leaf,,,,,0.00165724964,6429.25391,
2,110,25,110-25,Leaf,,,,,0.00591671886,933.62262,
2,110,26,110-26,Leaf,,,,,-0.00701167388,68.5615921,
2,110,27,110-27,Leaf,,,,,-0.00209720503,395.82132,
2,110,28,110-28,Leaf,,,,,-0.00683079427,294.192322,
2,110,29,110-29,Leaf,,,,,-0.0020712351,1393.22156,
2,110,30,110-30,Leaf,,,,,0.00139202725,820.694458,
2,111,0,111-0,recent_finish_percentile_weighted_3_minus_race_mean,-0.0341269672,111-1,111-2,111-2,42.2663879,27176.25,
2,111,1,111-1,form_class_level_weighted_3,58.3333321,111-3,111-4,111-3,30.3277855,5860.88623,
2,111,2,111-2,distance_minus_recent_avg,-368.333344,111-5,111-6,111-6,21.1449375,21315.3652,
2,111,3,111-3,jockey_history_top3_excess,0.14005594,111-7,111-8,111-7,12.3171768,1890.00159,
2,111,4,111-4,recent_finish_percentile_weighted_3_minus_race_mean,-0.396668434,111-9,111-10,111-10,10.0588388,3970.88452,
2,111,5,111-5,form_class_level_weighted_3,60.7999992,111-11,111-12,111-12,8.60088348,183.318634,
2,111,6,111-6,prize_money_rank,2.0,111-13,111-14,111-14,19.7433701,21132.0469,
2,111,7,111-7,recent_weighted_avg_margin,9.40214062,111-15,111-16,111-16,10.01017,1824.16394,
2,111,8,111-8,jockey_history_starts,109.0,111-17,111-18,111-18,4.91969299,65.8376923,
2,111,9,111-9,best_finish_percentile_at_equal_or_higher_weight,0.461538464,111-19,111-20,111-20,3.75426579,99.1582413,
2,111,10,111-10,good_starts,15.0,111-21,111-22,111-22,9.29662132,3871.72632,
2,111,11,111-11,recent_weighted_avg_margin_rank,4.0,111-23,111-24,111-24,5.38906002,90.7851181,
2,111,12,111-12,best_finish_percentile_at_equal_or_higher_weight,0.631578922,111-25,111-26,111-26,2.49538803,92.5335159,
2,111,13,111-13,recent_margin_quality_weighted_3_minus_race_mean,0.209049881,111-27,111-28,111-27,19.1900177,2608.36646,
2,111,14,111-14,jockey_history_top3_excess,0.14005594,111-29,111-30,111-29,20.1524162,18523.6797,
2,111,15,111-15,Leaf,,,,,-0.0042615342,1636.09546,
2,111,16,111-16,Leaf,,,,,-0.0103534488,188.068527,
2,111,17,111-17,Leaf,,,,,-0.0039735958,18.1273537,
2,111,18,111-18,Leaf,,,,,0.00918691978,47.7103424,
2,111,19,111-19,Leaf,,,,,-0.000761942239,33.3546257,
2,111,20,111-20,Leaf,,,,,-0.0112877665,65.8036194,
2,111,21,111-21,Leaf,,,,,0.000248849683,2828.08887,
2,111,22,111-22,Leaf,,,,,-0.00250015454,1043.63745,
2,111,23,111-23,Leaf,,,,,0.00330852577,50.0953865,
2,111,24,111-24,Leaf,,,,,-0.00777612487,40.6897278,
2,111,25,111-25,Leaf,,,,,-0.000920366962,12.4526873,
2,111,26,111-26,Leaf,,,,,-0.0142500317,80.0808334,
2,111,27,111-27,Leaf,,,,,0.00100768858,1733.86438,
2,111,28,111-28,Leaf,,,,,0.00554660428,874.502136,
2,111,29,111-29,Leaf,,,,,3.37032652e-05,17569.6133,
2,111,30,111-30,Leaf,,,,,0.00374650024,954.066406,
2,112,0,112-0,recent_finish_percentile_weighted_6_rank_in_race,6.0,112-1,112-2,112-2,36.360527,27108.9961,
2,112,1,112-1,jockey_history_starts,141.0,112-3,112-4,112-3,22.9954319,20061.1504,
2,112,2,112-2,recent_weighted_avg_margin,7.44878292,112-5,112-6,112-5,23.9941559,7047.84619,
2,112,3,112-3,prize_money_rank,3.0,112-7,112-8,112-8,17.6345215,14399.2959,
2,112,4,112-4,distance_minus_recent_avg,-292.5,112-9,112-10,112-10,15.0731602,5661.854,
2,112,5,112-5,best_finish_percentile_at_stronger_class,0.75,112-11,112-12,112-11,16.7881413,6289.11475,
2,112,6,112-6,trainer_history_top3_excess,-0.0659999996,112-13,112-14,112-13,9.14587784,758.731445,
2,112,7,112-7,jockey_recent_top3_excess,-0.139533415,112-15,112-16,112-16,12.2223406,3790.15015,
2,112,8,112-8,form_class_level_weighted_3,59.3333321,112-17,112-18,112-17,16.3079052,10609.1465,
2,112,9,112-9,horse_jockey_win_rate_rank,5.0,112-19,112-20,112-20,11.8165798,68.8436966,
2,112,10,112-10,jockey_history_top3_excess,0.0995124429,112-21,112-22,112-22,14.8823967,5593.01025,
2,112,11,112-11,jockey_history_top3_excess,-0.0340909101,112-23,112-24,112-23,10.9841003,3789.19385,
2,112,12,112-12,historical_market_overperformance_slope_3,0.229787633,112-25,112-26,112-25,12.7895241,2499.92065,
2,112,13,112-13,hidden_sectional_run_best_3,1.07334876,112-27,112-28,112-28,3.26495552,149.315262,
2,112,14,112-14,jockey_history_starts,155.0,112-29,112-30,112-29,9.06297874,609.416199,
2,112,15,112-15,Leaf,,,,,-0.00434531551,204.675598,
2,112,16,112-16,Leaf,,,,,0.00179657398,3585.47461,
2,112,17,112-17,Leaf,,,,,-0.00149442349,5394.94141,
2,112,18,112-18,Leaf,,,,,0.000463976146,5214.20459,
2,112,19,112-19,Leaf,,,,,0.000816059241,37.4365234,
2,112,20,112-20,Leaf,,,,,-0.0182097275,31.4071712,
2,112,21,112-21,Leaf,,,,,0.00135167933,4427.67139,
2,112,22,112-22,Leaf,,,,,0.00452672876,1165.33887,
2,112,23,112-23,Leaf,,,,,-0.00472564949,781.705261,
2,112,24,112-24,Leaf,,,,,-0.00140028191,3007.48853,
2,112,25,112-25,Leaf,,,,,-0.000383738399,1978.90222,
2,112,26,112-26,Leaf,,,,,0.00398237584,521.018372,
2,112,27,112-27,Leaf,,,,,-0.0135712801,104.187317,
2,112,28,112-28,Leaf,,,,,-0.00408213912,45.1279488,
2,112,29,112-29,Leaf,,,,,-0.00594405597,459.846497,
2,112,30,112-30,Leaf,,,,,0.00102708733,149.569702,
2,113,0,113-0,recent_finish_percentile_rank,4.0,113-1,113-2,113-2,33.8753433,27114.4121,
2,113,1,113-1,good_starts,5.0,113-3,113-4,113-4,20.407156,13910.5938,
2,113,2,113-2,trainer_history_top3_excess,-0.00441919174,113-5,113-6,113-5,25.8796272,13203.8184,
2,113,3,113-3,jockey_history_top3_excess,0.14005594,113-7,113-8,113-7,22.4801712,6471.84375,
2,113,4,113-4,form_class_level_weighted_3,63.3333321,113-9,113-10,113-10,16.1563148,7438.75049,
2,113,5,113-5,form_class_level_weighted_3,53.5999985,113-11,113-12,113-11,28.7960167,4890.15967,
2,113,6,113-6,recent_weighted_avg_margin_rank,5.0,113-13,113-14,113-14,11.1837244,8313.6582,
2,113,7,113-7,jockey_recent_top3_excess,0.235249475,113-15,113-16,113-15,11.1726742,6084.74023,
2,113,8,113-8,historical_market_overperformance_slope_3,0.24545455,113-17,113-18,113-17,7.78303146,387.10321,
2,113,9,113-9,recent_3_margin,0.800000012,113-19,113-20,113-20,14.0042477,3781.93628,
2,113,10,113-10,recent_similar_distance_speed_rank,12.0,113-21,113-22,113-21,12.9489899,3656.81421,
2,113,11,113-11,jockey_history_top3_excess,0.0220648609,113-23,113-24,113-24,15.5703201,1376.1012,
2,113,12,113-12,jockey_history_starts,18.0,113-25,113-26,113-25,15.074213,3514.05859,
2,113,13,113-13,recent_margin_std_6,1.42746866,113-27,113-28,113-28,16.6223564,3611.17188,
2,113,14,113-14,best_finish_percentile_at_equal_or_higher_weight,0.416666657,113-29,113-30,113-30,10.1772861,4702.48633,
2,113,15,113-15,Leaf,,,,,0.00170711393,5999.20996,
2,113,16,113-16,Leaf,,,,,-0.00691334903,85.5304184,
2,113,17,113-17,Leaf,,,,,0.00882278848,352.564697,
2,113,18,113-18,Leaf,,,,,-0.00279345736,34.5385094,
2,113,19,113-19,Leaf,,,,,-0.00465124846,579.651306,
2,113,20,113-20,Leaf,,,,,-0.000453524757,3202.28491,
2,113,21,113-21,Leaf,,,,,0.00140681281,3607.35596,
2,113,22,113-22,Leaf,,,,,-0.0103551848,49.4583549,
2,113,23,113-23,Leaf,,,,,-0.00738839665,857.398438,
2,113,24,113-24,Leaf,,,,,-0.00184885657,518.702698,
2,113,25,113-25,Leaf,,,,,-0.00468022516,590.194275,
2,113,26,113-26,Leaf,,,,,-0.000326128065,2923.8645,
2,113,27,113-27,Leaf,,,,,-0.00295010465,539.678284,
2,113,28,113-28,Leaf,,,,,0.00176869787,3071.49341,
2,113,29,113-29,Leaf,,,,,-0.00442731706,427.143372,
2,113,30,113-30,Leaf,,,,,-0.000417850766,4275.34277,
2,114,0,114-0,jockey_history_top3_excess,0.0759033784,114-1,114-2,114-1,36.8725281,27081.0391,
2,114,1,114-1,recent_margin_quality_weighted_3_minus_race_mean,0.0744271278,114-3,114-4,114-3,30.4360886,21535.0469,
2,114,2,114-2,recent_finish_percentile_weighted_3_minus_race_mean,0.253948271,114-5,114-6,114-6,19.5263271,5545.9917,
2,114,3,114-3,trainer_history_top3_excess,0.0103176236,114-7,114-8,114-7,22.801857,9664.21973,
2,114,4,114-4,recent_last600_best_3,35.2599983,114-9,114-10,114-10,17.333271,11870.8271,
2,114,5,114-5,jockey_history_starts,141.0,114-11,114-12,114-12,12.1893463,4232.8208,
2,114,6,114-6,recent_last600_best_3,36.7200012,114-13,114-14,114-13,16.6406746,1313.17114,
2,114,7,114-7,recent_finish_percentile_weighted_3_minus_race_mean,-0.161171913,114-15,114-16,114-15,10.6108742,4615.32129,
2,114,8,114-8,good_starts,17.0,114-17,114-18,114-18,11.0859051,5048.89844,
2,114,9,114-9,good_starts,6.0,114-19,114-20,114-20,17.9715691,6812.6665,
2,114,10,114-10,hidden_sectional_run_best_3_gap_to_best,0.292617202,114-21,114-22,114-21,12.0424557,5058.16064,
2,114,11,114-11,current_weight_change_pct,-0.0420168079,114-23,114-24,114-24,14.1065817,2408.98218,
2,114,12,114-12,current_weight_change_pct,0.075630255,114-25,114-26,114-25,9.83374596,1823.8385,
2,114,13,114-13,recent_finish_percentile_rank,2.0,114-27,114-28,114-28,11.3360825,1270.00183,
2,114,14,114-14,good_starts,5.0,114-29,114-30,114-30,5.32828951,43.1692581,
2,114,15,114-15,Leaf,,,,,-0.00512329675,1063.6748,
2,114,16,114-16,Leaf,,,,,-0.00226199254,3551.64624,
2,114,17,114-17,Leaf,,,,,-6.16843536e-05,4441.24121,
2,114,18,114-18,Leaf,,,,,-0.0036380433,607.657227,
2,114,19,114-19,Leaf,,,,,0.00229885103,3487.41602,
2,114,20,114-20,Leaf,,,,,-0.000265923562,3325.25049,
2,114,21,114-21,Leaf,,,,,-0.000524595089,4671.46582,
2,114,22,114-22,Leaf,,,,,-0.00506686,386.694855,
2,114,23,114-23,Leaf,,,,,-0.00745331589,152.456299,
2,114,24,114-24,Leaf,,,,,0.000171661115,2256.52588,
2,114,25,114-25,Leaf,,,,,0.0018453995,1705.32727,
2,114,26,114-26,Leaf,,,,,0.0090647703,118.51123,
2,114,27,114-27,Leaf,,,,,0.00714539317,652.154968,
2,114,28,114-28,Leaf,,,,,0.00236015767,617.846863,
2,114,29,114-29,Leaf,,,,,0.000431584951,19.3529854,
2,114,30,114-30,Leaf,,,,,-0.0155031402,23.8162708,
2,115,0,115-0,recent_finish_percentile_weighted_6_rank_in_race,5.0,115-1,115-2,115-2,37.9472389,26931.8438,
2,115,1,115-1,jockey_history_top3_excess,-0.0300647207,115-3,115-4,115-3,21.1426735,17369.0996,
2,115,2,115-2,recent_weighted_avg_margin,7.69395399,115-5,115-6,115-5,17.4381905,9562.74512,
2,115,3,115-3,recent_similar_distance_speed_rank,8.0,115-7,115-8,115-8,14.1998253,3827.17041,
2,115,4,115-4,recent_last600_best_3,35.7200012,115-9,115-10,115-10,23.0019398,13541.9287,
2,115,5,115-5,prize_money_rank,8.0,115-11,115-12,115-12,9.91701889,8772.35938,
2,115,6,115-6,jockey_history_starts,19.0,115-13,115-14,115-13,6.60184669,790.385498,
2,115,7,115-7,hidden_sectional_run_best_3,0.164351851,115-15,115-16,115-15,13.642869,3093.44604,
2,115,8,115-8,recent_3_distance_m,1007.0,115-17,115-18,115-18,12.872036,733.724426,
2,115,9,115-9,good_starts,15.0,115-19,115-20,115-20,19.2245636,9362.40332,
2,115,10,115-10,jockey_history_starts,249.0,115-21,115-22,115-22,14.824605,4179.5249,
2,115,11,115-11,jockey_history_top3_excess,0.0697963685,115-23,115-24,115-23,10.7265034,6273.34326,
2,115,12,115-12,jockey_history_starts,78.0,115-25,115-26,115-25,9.76675034,2499.01636,
2,115,13,115-13,recent_last600_best_3,37.1500015,115-27,115-28,115-27,6.7144165,130.073624,
2,115,14,115-14,historical_market_overperformance_slope_3,0.204166666,115-29,115-30,115-29,9.25183678,660.31189,
2,115,15,115-15,Leaf,,,,,0.00118108548,1785.87085,
2,115,16,115-16,Leaf,,,,,-0.00216800929,1307.57532,
2,115,17,115-17,Leaf,,,,,-0.0120237404,100.185204,
2,115,18,115-18,Leaf,,,,,-0.00265352475,633.539246,
2,115,19,115-19,Leaf,,,,,0.00225891708,8072.55957,
2,115,20,115-20,Leaf,,,,,-0.00101815839,1289.84399,
2,115,21,115-21,Leaf,,,,,-0.000897583202,3799.66235,
2,115,22,115-22,Leaf,,,,,0.00421983283,379.862579,
2,115,23,115-23,Leaf,,,,,-0.00101205497,4836.26562,
2,115,24,115-24,Leaf,,,,,0.00144007732,1437.07727,
2,115,25,115-25,Leaf,,,,,-0.00420017354,1008.96735,
2,115,26,115-26,Leaf,,,,,-0.00100722071,1490.04907,
2,115,27,115-27,Leaf,,,,,-0.0117165232,117.10759,
2,115,28,115-28,Leaf,,,,,0.00430400437,12.9660358,
2,115,29,115-29,Leaf,,,,,-0.00496376492,558.626282,
2,115,30,115-30,Leaf,,,,,0.0029674205,101.685585,
2,116,0,116-0,trainer_history_top3_excess,0.0775297582,116-1,116-2,116-1,31.6611214,26971.6445,
2,116,1,116-1,best_finish_percentile_at_stronger_class,0.70588237,116-3,116-4,116-3,28.4170666,21131.4629,
2,116,2,116-2,recent_weighted_win_rate_rank,2.0,116-5,116-6,116-6,17.1758461,5840.18018,
2,116,3,116-3,recent_finish_percentile_weighted_3_minus_race_mean,0.0353474915,116-7,116-8,116-7,18.0243397,9887.01172,
2,116,4,116-4,current_weight_change_pct,-0.0338983051,116-9,116-10,116-10,15.8866682,11244.4521,
2,116,5,116-5,recent_3_margin,1.29999995,116-11,116-12,116-12,10.215435,1613.68213,
2,116,6,116-6,good_starts,18.0,116-13,116-14,116-14,14.0746784,4226.49805,
2,116,7,116-7,jockey_trainer_history_smoothed_top3_rate_gap_to_best,0.182528406,116-15,116-16,116-16,11.999958,4177.29541,
2,116,8,116-8,prize_money_rank,3.0,116-17,116-18,116-18,11.5326567,5709.71631,
2,116,9,116-9,recent_weighted_avg_margin_rank,7.0,116-19,116-20,116-20,7.7445507,498.449738,
2,116,10,116-10,good_starts,15.0,116-21,116-22,116-22,13.3603373,10746.0029,
2,116,11,116-11,recent_finish_percentile_rank,4.0,116-23,116-24,116-23,9.15591431,460.949738,
2,116,12,116-12,jockey_trainer_history_smoothed_top3_rate_gap_to_best,0.0486111045,116-25,116-26,116-26,14.7131052,1152.73242,
2,116,13,116-13,prize_money_rank,2.0,116-27,116-28,116-28,21.8124962,3882.5769,
2,116,14,116-14,jockey_history_starts,262.0,116-29,116-30,116-30,8.97409248,343.921082,
2,116,15,116-15,Leaf,,,,,-0.00140821037,2254.33008,
2,116,16,116-16,Leaf,,,,,-0.00410853,1922.96521,
2,116,17,116-17,Leaf,,,,,0.00200408767,948.568787,
2,116,18,116-18,Leaf,,,,,-0.00100015756,4761.14746,
2,116,19,116-19,Leaf,,,,,-0.00235725241,416.226929,
2,116,20,116-20,Leaf,,,,,-0.0105078286,82.2228165,
2,116,21,116-21,Leaf,,,,,0.0010848894,8466.2959,
2,116,22,116-22,Leaf,,,,,-0.00106680871,2279.70679,
2,116,23,116-23,Leaf,,,,,0.00823800731,405.491852,
2,116,24,116-24,Leaf,,,,,-0.00215734728,55.4578667,
2,116,25,116-25,Leaf,,,,,0.00512007298,618.234436,
2,116,26,116-26,Leaf,,,,,-0.000504429569,534.497986,
2,116,27,116-27,Leaf,,,,,0.00666281069,403.433716,
2,116,28,116-28,Leaf,,,,,0.000582985056,3479.14331,
2,116,29,116-29,Leaf,,,,,-0.00527133467,314.092651,
2,116,30,116-30,Leaf,,,,,0.0074210274,29.8284225,
2,117,0,117-0,recent_margin_quality_weighted_3_minus_race_mean,0.199903965,117-1,117-2,117-1,40.0152855,27036.6328,
2,117,1,117-1,jockey_history_top3_excess,0.0497120917,117-3,117-4,117-3,24.6876335,19481.541,
2,117,2,117-2,recent_similar_distance_speed_rank,5.0,117-5,117-6,117-6,17.1366749,7555.09082,
2,117,3,117-3,recent_finish_percentile_weighted_3_minus_race_mean,-0.155434132,117-7,117-8,117-8,24.4496861,13200.2695,
2,117,4,117-4,recent_3_distance_m,1650.0,117-9,117-10,117-9,10.7802534,6281.27246,
2,117,5,117-5,good_starts,6.0,117-11,117-12,117-12,10.7185173,3544.34912,
2,117,6,117-6,jockey_recent_top3_excess,-0.0301865023,117-13,117-14,117-14,11.6923971,4010.74194,
2,117,7,117-7,form_class_level_weighted_3,53.3333321,117-15,117-16,117-15,8.8468895,1583.63208,
2,117,8,117-8,form_class_level_weighted_3,62.6666679,117-17,117-18,117-17,15.9081249,11616.6367,
2,117,9,117-9,recent_finish_percentile_rank,9.0,117-19,117-20,117-20,9.61327267,5653.30322,
2,117,10,117-10,hidden_sectional_run_best_3,0.0922770575,117-21,117-22,117-22,9.02636147,627.969421,
2,117,11,117-11,jockey_history_top3_excess,-0.0221369546,117-23,117-24,117-23,17.5159225,1714.96216,
2,117,12,117-12,recent_weighted_avg_margin,1.19329798,117-25,117-26,117-26,7.0112977,1829.38684,
2,117,13,117-13,good_wins,8.0,117-27,117-28,117-28,12.0557022,1236.46484,
2,117,14,117-14,form_class_level_weighted_3,69.3333359,117-29,117-30,117-29,9.33027649,2774.2771,
2,117,15,117-15,Leaf,,,,,-0.00761534879,347.082306,
2,117,16,117-16,Leaf,,,,,-0.00306472764,1236.5498,
2,117,17,117-17,Leaf,,,,,-0.00161124114,6578.01221,
2,117,18,117-18,Leaf,,,,,0.000253510691,5038.62451,
2,117,19,117-19,Leaf,,,,,0.00144896412,4910.39746,
2,117,20,117-20,Leaf,,,,,-0.00158385397,742.905823,
2,117,21,117-21,Leaf,,,,,-0.0148148937,24.7846813,
2,117,22,117-22,Leaf,,,,,-0.00162532087,603.184692,
2,117,23,117-23,Leaf,,,,,-0.000542605761,371.555725,
2,117,24,117-24,Leaf,,,,,0.00555681577,1343.40649,
2,117,25,117-25,Leaf,,,,,-0.00338618062,159.276337,
2,117,26,117-26,Leaf,,,,,0.00195385376,1670.11047,
2,117,27,117-27,Leaf,,,,,-0.00199486874,1210.29846,
2,117,28,117-28,Leaf,,,,,0.0126563823,26.1663265,
2,117,29,117-29,Leaf,,,,,0.00201726262,2267.8335,
2,117,30,117-30,Leaf,,,,,-0.00170484965,506.443604,
2,118,0,118-0,recent_finish_percentile_rank,6.0,118-1,118-2,118-2,36.5363274,26780.75,
2,118,1,118-1,prize_money_rank,2.0,118-3,118-4,118-4,25.8871689,19286.5508,
2,118,2,118-2,jockey_history_top3_excess,0.00929614715,118-5,118-6,118-5,30.5154343,7494.20068,
2,118,3,118-3,good_starts,38.0,118-7,118-8,118-8,16.3006134,2622.78564,
2,118,4,118-4,best_finish_percentile_at_equal_or_higher_weight,0.111111112,118-9,118-10,118-9,22.4728909,16663.7637,
2,118,5,118-5,jockey_trainer_history_smoothed_top3_rate_gap_to_best,0.196192697,118-11,118-12,118-12,8.42659378,3296.78125,
2,118,6,118-6,jockey_history_top3_excess,0.158991203,118-13,118-14,118-14,8.41271877,4197.41943,
2,118,7,118-7,best_finish_percentile_at_equal_or_higher_weight,0.785714269,118-15,118-16,118-16,10.3534164,2487.12671,
2,118,8,118-8,jockey_history_top3_excess,0.00773265213,118-17,118-18,118-18,9.80452824,135.65892,
2,118,9,118-9,hidden_sectional_run_best_3_gap_to_best,0.113335326,118-19,118-20,118-19,14.3255901,4615.61719,
2,118,10,118-10,distance_minus_recent_avg,-216.666672,118-21,118-22,118-22,21.001873,12048.1475,
2,118,11,118-11,historical_market_overperformance_slope_3,-0.317460328,118-23,118-24,118-23,8.76009274,1719.58606,
2,118,12,118-12,best_finish_percentile_at_stronger_class,0.916666687,118-25,118-26,118-25,6.27725983,1577.19519,
2,118,13,118-13,recent_3_distance_m,1500.0,118-27,118-28,118-28,8.80020618,3975.57495,
2,118,14,118-14,hidden_sectional_run_best_3,0.234297723,118-29,118-30,118-29,4.28677273,221.844528,
2,118,15,118-15,Leaf,,,,,0.000281689543,542.461914,
2,118,16,118-16,Leaf,,,,,0.00420349417,1944.66467,
2,118,17,118-17,Leaf,,,,,0.000182187403,84.154686,
2,118,18,118-18,Leaf,,,,,-0.0128575014,51.5042305,
2,118,19,118-19,Leaf,,,,,0.000100861398,1995.93042,
2,118,20,118-20,Leaf,,,,,0.00291374628,2619.68701,
2,118,21,118-21,Leaf,,,,,-0.00564678153,440.116028,
2,118,22,118-22,Leaf,,,,,-0.000141840937,11608.0312,
2,118,23,118-23,Leaf,,,,,-0.00487633049,477.63089,
2,118,24,118-24,Leaf,,,,,-0.000902675849,1241.9552,
2,118,25,118-25,Leaf,,,,,-0.00517091481,1386.37146,
2,118,26,118-26,Leaf,,,,,-0.000286012655,190.823715,
2,118,27,118-27,Leaf,,,,,0.000500783732,2659.31323,
2,118,28,118-28,Leaf,,,,,-0.00199003913,1316.2616,
2,118,29,118-29,Leaf,,,,,0.000258012326,91.3757782,
2,118,30,118-30,Leaf,,,,,0.00731742382,130.46875,
2,119,0,119-0,recent_last600_best_3,34.8400002,119-1,119-2,119-2,30.5936508,26896.3711,
2,119,1,119-1,recent_finish_percentile_weighted_3_minus_race_mean,0.268918693,119-3,119-4,119-4,29.5877647,12862.0342,
2,119,2,119-2,recent_weighted_avg_margin_rank,5.0,119-5,119-6,119-5,20.8244572,14034.3359,
2,119,3,119-3,best_finish_percentile_at_equal_or_higher_weight,2.00001001,119-7,119-8,119-8,18.2799187,10531.6504,
2,119,4,119-4,recent_margin_std_6,2.24269176,119-9,119-10,119-10,21.6574364,2330.38403,
2,119,5,119-5,trainer_history_top3_excess,-0.0902358368,119-11,119-12,119-12,13.9184885,9055.81445,
2,119,6,119-6,trainer_history_top3_excess,0.0756618232,119-13,119-14,119-13,17.482338,4978.52197,
2,119,7,119-7,recent_finish_percentile_weighted_3_minus_race_mean,-0.311829627,119-15,119-16,119-16,13.8009853,7411.82227,
2,119,8,119-8,recent_margin_std_6,2.18853068,119-17,119-18,119-18,11.4800072,3119.82764,
2,119,9,119-9,recent_weighted_avg_margin,1.51911902,119-19,119-20,119-20,10.1617279,1363.56677,
2,119,10,119-10,good_starts,24.0,119-21,119-22,119-22,18.3062134,966.817322,
2,119,11,119-11,hidden_sectional_run_best_3_gap_to_best,0.199263856,119-23,119-24,119-24,6.62442112,188.167862,
2,119,12,119-12,jockey_history_top3_excess,0.133503571,119-25,119-26,119-26,10.667388,8867.64648,
2,119,13,119-13,best_finish_percentile_at_stronger_class,0.833333313,119-27,119-28,119-27,18.387146,4031.81299,
2,119,14,119-14,hidden_sectional_run_best_3_gap_to_best,0.194826752,119-29,119-30,119-29,7.92185163,946.709167,
2,119,15,119-15,Leaf,,,,,-0.00708074635,173.914886,
2,119,16,119-16,Leaf,,,,,-0.000144050151,7237.90723,
2,119,17,119-17,Leaf,,,,,0.00367361843,1364.12219,
2,119,18,119-18,Leaf,,,,,0.000613185461,1755.70544,
2,119,19,119-19,Leaf,,,,,0.00287774927,577.765503,
2,119,20,119-20,Leaf,,,,,0.00733546866,785.80127,
2,119,21,119-21,Leaf,,,,,0.00138880627,925.032898,
2,119,22,119-22,Leaf,,,,,-0.0138787953,41.7844048,
2,119,23,119-23,Leaf,,,,,-0.0115843331,81.4350739,
2,119,24,119-24,Leaf,,,,,-0.00207820744,106.732796,
2,119,25,119-25,Leaf,,,,,-0.000115333176,8366.23926,
2,119,26,119-26,Leaf,,,,,0.00360359251,501.40744,
2,119,27,119-27,Leaf,,,,,-0.00401051482,2623.32617,
2,119,28,119-28,Leaf,,,,,-0.000462754018,1408.48682,
2,119,29,119-29,Leaf,,,,,0.0019836456,797.886169,
2,119,30,119-30,Leaf,,,,,-0.00412231777,148.822968,
3,0,0,0-0,recent_finish_percentile_weighted_3_minus_race_mean,-0.0224326849,0-1,0-2,0-1,538.415161,10446.5479,
3,0,1,0-1,recent_weighted_avg_margin,5.22812605,0-3,0-4,0-3,76.1307068,3765.14502,
3,0,2,0-2,recent_margin_quality_weighted_3_minus_race_mean,0.166123092,0-5,0-6,0-6,115.384766,6681.40332,
3,0,3,0-3,recent_finish_percentile_weighted_3_minus_race_mean,-0.152831584,0-7,0-8,0-8,26.9557686,2099.7085,
3,0,4,0-4,jockey_history_top3_excess,0.00773265213,0-9,0-10,0-9,32.3908081,1665.43665,
3,0,5,0-5,jockey_history_top3_excess,-0.0287878793,0-11,0-12,0-11,51.2747192,3812.59912,
3,0,6,0-6,recent_finish_percentile_weighted_3_minus_race_mean,0.25761807,0-13,0-14,0-14,16.3515625,2868.8042,
3,0,7,0-7,jockey_history_top3_excess,0.0869677514,0-15,0-16,0-15,9.84342194,717.450195,
3,0,8,0-8,jockey_history_top3_excess,-0.0189610384,0-17,0-18,0-18,22.1339054,1382.2583,
3,0,9,0-9,recent_margin_quality_weighted_3_minus_race_mean,-0.101810873,0-19,0-20,0-20,11.7536316,1012.90222,
3,0,10,0-10,recent_weighted_avg_margin,8.09008503,0-21,0-22,0-22,16.7991447,652.534424,
3,0,11,0-11,recent_weighted_avg_margin_rank,5.0,0-23,0-24,0-24,11.0683193,1032.79492,
3,0,12,0-12,trainer_history_top3_excess,0.0579533167,0-25,0-26,0-25,19.6355934,2779.8042,
3,0,13,0-13,jockey_history_top3_excess,0.0154818688,0-27,0-28,0-28,10.1955032,1346.36047,
3,0,14,0-14,recent_similar_distance_speed_rank,5.0,0-29,0-30,0-30,10.6253662,1522.44373,
3,0,15,0-15,Leaf,,,,,-0.00928521436,617.358215,
3,0,16,0-16,Leaf,,,,,-0.000700038625,100.091972,
3,0,17,0-17,Leaf,,,,,-0.00673221052,436.404694,
3,0,18,0-18,Leaf,,,,,1.49489815e-05,945.853577,
3,0,19,0-19,Leaf,,,,,-0.0157071091,791.554138,
3,0,20,0-20,Leaf,,,,,-0.00842348114,221.348038,
3,0,21,0-21,Leaf,,,,,-0.00410505757,460.07196,
3,0,22,0-22,Leaf,,,,,-0.0129416157,192.462448,
3,0,23,0-23,Leaf,,,,,-0.000705715385,542.951233,
3,0,24,0-24,Leaf,,,,,-0.00589112891,489.843689,
3,0,25,0-25,Leaf,,,,,0.00175574073,1827.50281,
3,0,26,0-26,Leaf,,,,,0.00619059289,952.301331,
3,0,27,0-27,Leaf,,,,,0.00367086823,640.169067,
3,0,28,0-28,Leaf,,,,,0.00814185571,706.191406,
3,0,29,0-29,Leaf,,,,,0.0121654402,753.891968,
3,0,30,0-30,Leaf,,,,,0.00768147362,768.551758,
3,1,0,1-0,recent_margin_quality_weighted_3_minus_race_mean,-0.0974918604,1-1,1-2,1-2,565.231018,46283.3164,
3,1,1,1-1,recent_weighted_avg_margin,7.69395399,1-3,1-4,1-4,165.155975,8007.99658,
3,1,2,1-2,recent_margin_std_6,3.26399541,1-5,1-6,1-6,173.615494,38275.3164,
3,1,3,1-3,trainer_history_top3_excess,0.0404753983,1-7,1-8,1-7,71.6616211,6004.57227,
3,1,4,1-4,trainer_history_top3_excess,-0.0659999996,1-9,1-10,1-9,36.8998413,2003.42419,
3,1,5,1-5,good_starts,15.0,1-11,1-12,1-12,153.11293,25774.9043,
3,1,6,1-6,trainer_history_top3_excess,-0.00958582107,1-13,1-14,1-13,78.4872284,12500.4131,
3,1,7,1-7,recent_finish_percentile_weighted_3_minus_race_mean,-0.161171913,1-15,1-16,1-16,36.1727295,4018.32642,
3,1,8,1-8,jockey_recent_top3_excess,-0.0779451281,1-17,1-18,1-17,38.5435104,1986.24585,
3,1,9,1-9,horse_jockey_win_rate_rank,6.0,1-19,1-20,1-19,20.1134949,492.662964,
3,1,10,1-10,jockey_history_starts,22.0,1-21,1-22,1-22,22.6740112,1510.76123,
3,1,11,1-11,prize_money_rank,3.0,1-23,1-24,1-24,92.7867432,21234.4727,
3,1,12,1-12,recent_weighted_avg_margin_rank,4.0,1-25,1-26,1-26,22.8549347,4540.43359,
3,1,13,1-13,jockey_trainer_history_smoothed_top3_rate_gap_to_best,0.211893365,1-27,1-28,1-28,36.4266891,4596.13867,
3,1,14,1-14,prize_money_rank,3.0,1-29,1-30,1-30,32.1893082,7904.27441,
3,1,15,1-15,Leaf,,,,,-0.00832701288,1948.54333,
3,1,16,1-16,Leaf,,,,,-0.00354909268,2069.78296,
3,1,17,1-17,Leaf,,,,,-0.00989211351,212.425705,
3,1,18,1-18,Leaf,,,,,0.00114438881,1773.82019,
3,1,19,1-19,Leaf,,,,,-0.0192756951,473.762482,
3,1,20,1-20,Leaf,,,,,0.00465680752,18.9004765,
3,1,21,1-21,Leaf,,,,,-0.0168026295,269.872894,
3,1,22,1-22,Leaf,,,,,-0.00861598738,1240.88831,
3,1,23,1-23,Leaf,,,,,0.0064884848,4513.13818,
3,1,24,1-24,Leaf,,,,,0.00244750315,16721.334,
3,1,25,1-25,Leaf,,,,,-0.000410482258,2910.02832,
3,1,26,1-26,Leaf,,,,,-0.00410497515,1630.40515,
3,1,27,1-27,Leaf,,,,,-0.00159905443,2375.66235,
3,1,28,1-28,Leaf,,,,,-0.00606152555,2220.47656,
3,1,29,1-29,Leaf,,,,,0.00338715874,1691.42395,
3,1,30,1-30,Leaf,,,,,-0.00049292628,6212.85059,
3,2,0,2-0,recent_finish_percentile_rank,5.0,2-1,2-2,2-2,410.904755,44906.8008,
3,2,1,2-1,recent_last600_best_3,35.1800003,2-3,2-4,2-4,95.6670227,26674.6934,
3,2,2,2-2,recent_finish_percentile_weighted_3_minus_race_mean,-0.161171913,2-5,2-6,2-6,172.471512,18232.1055,
3,2,3,2-3,best_finish_percentile_at_stronger_class,0.769230783,2-7,2-8,2-7,38.992218,15182.6064,
3,2,4,2-4,best_finish_percentile_at_stronger_class,0.6875,2-9,2-10,2-9,58.485096,11492.0879,
3,2,5,2-5,jockey_history_top3_excess,-0.0152178463,2-11,2-12,2-11,106.351807,4314.07324,
3,2,6,2-6,form_class_level_weighted_3,61.5,2-13,2-14,2-13,75.4033051,13918.0332,
3,2,7,2-7,form_class_level_weighted_3,60.7999992,2-15,2-16,2-16,48.4450722,7692.18213,
3,2,8,2-8,good_wins,3.0,2-17,2-18,2-18,46.9197845,7490.42432,
3,2,9,2-9,form_class_level_weighted_3,64.0,2-19,2-20,2-19,29.8047962,4214.06934,
3,2,10,2-10,distance_minus_recent_avg,-326.666656,2-21,2-22,2-22,48.3129005,7278.01855,
3,2,11,2-11,form_class_level_weighted_3,63.0,2-23,2-24,2-23,49.3656311,1785.75134,
3,2,12,2-12,form_class_level_weighted_3,53.0,2-25,2-26,2-25,33.3874893,2528.32178,
3,2,13,2-13,jockey_history_top3_excess,-0.0275349654,2-27,2-28,2-27,52.0057373,7770.54883,
3,2,14,2-14,best_finish_percentile_at_stronger_class,0.714285731,2-29,2-30,2-29,29.8029728,6147.48389,
3,2,15,2-15,Leaf,,,,,3.48531285e-05,3784.23877,
3,2,16,2-16,Leaf,,,,,0.00400263304,3907.94336,
3,2,17,2-17,Leaf,,,,,0.00542380149,6368.02051,
3,2,18,2-18,Leaf,,,,,-0.000112754984,1122.40369,
3,2,19,2-19,Leaf,,,,,-0.00367509923,2637.71655,
3,2,20,2-20,Leaf,,,,,0.000660192862,1576.35266,
3,2,21,2-21,Leaf,,,,,-0.010146047,201.080002,
3,2,22,2-22,Leaf,,,,,0.00199252111,7076.93848,
3,2,23,2-23,Leaf,,,,,-0.0154279834,1034.75232,
3,2,24,2-24,Leaf,,,,,-0.00684896996,750.999023,
3,2,25,2-25,Leaf,,,,,-0.00905271154,591.085693,
3,2,26,2-26,Leaf,,,,,-0.00228021108,1937.23596,
3,2,27,2-27,Leaf,,,,,-0.00624210434,2346.9563,
3,2,28,2-28,Leaf,,,,,-0.00178607926,5423.59229,
3,2,29,2-29,Leaf,,,,,-0.00107692007,3250.23267,
3,2,30,2-30,Leaf,,,,,0.00240415288,2897.25146,
3,3,0,3-0,recent_margin_quality_weighted_3_minus_race_mean,-0.0437813997,3-1,3-2,3-1,348.682861,44001.3359,
3,3,1,3-1,trainer_history_top3_excess,-0.0102040814,3-3,3-4,3-4,99.2129211,10924.7822,
3,3,2,3-2,trainer_history_top3_excess,0.0349813923,3-5,3-6,3-5,105.543579,33076.5508,
3,3,3,3-3,best_finish_percentile_at_stronger_class,0.684210539,3-7,3-8,3-8,63.3255005,4290.0332,
3,3,4,3-4,jockey_trainer_history_smoothed_top3_rate_gap_to_best,0.020979017,3-9,3-10,3-10,47.8703804,6634.74854,
3,3,5,3-5,recent_margin_std_6,1.76776695,3-11,3-12,3-12,53.3795776,17692.793,
3,3,6,3-6,recent_weighted_win_rate_rank,2.0,3-13,3-14,3-14,48.1275482,15383.7588,
3,3,7,3-7,recent_3_margin,6.30000019,3-15,3-16,3-15,20.7673645,1690.94983,
3,3,8,3-8,recent_last600_best_3,34.7200012,3-17,3-18,3-17,31.1317978,2599.08325,
3,3,9,3-9,recent_margin_quality_weighted_3_minus_race_mean,-0.294749916,3-19,3-20,3-20,14.7378092,1349.64514,
3,3,10,3-10,current_weight_change_pct,0.0630630627,3-21,3-22,3-21,41.7073441,5285.10352,
3,3,11,3-11,jockey_trainer_history_smoothed_top3_rate_gap_to_best,0.0535015315,3-23,3-24,3-24,22.2701988,4481.33008,
3,3,12,3-12,best_finish_percentile_at_stronger_class,0.699999988,3-25,3-26,3-25,43.6908302,13211.4639,
3,3,13,3-13,historical_market_overperformance_slope_3,0.211538464,3-27,3-28,3-27,24.7019806,4830.66162,
3,3,14,3-14,distance_minus_recent_avg,-292.5,3-29,3-30,3-30,29.533741,10553.0977,
3,3,15,3-15,Leaf,,,,,-0.00812602323,991.602478,
3,3,16,3-16,Leaf,,,,,-0.0139804287,699.347351,
3,3,17,3-17,Leaf,,,,,-0.00230291742,1668.12695,
3,3,18,3-18,Leaf,,,,,-0.0080195358,930.956421,
3,3,19,3-19,Leaf,,,,,-0.00897048507,60.1924095,
3,3,20,3-20,Leaf,,,,,0.00280372775,1289.45276,
3,3,21,3-21,Leaf,,,,,-0.0037984082,4744.9458,
3,3,22,3-22,Leaf,,,,,0.00347992708,540.157898,
3,3,23,3-23,Leaf,,,,,0.00572985504,923.916504,
3,3,24,3-24,Leaf,,,,,0.00138075405,3557.41382,
3,3,25,3-25,Leaf,,,,,-0.00257825968,5451.33447,
3,3,26,3-26,Leaf,,,,,0.000339497492,7760.12891,
3,3,27,3-27,Leaf,,,,,0.0055726571,4119.82861,
3,3,28,3-28,Leaf,,,,,0.000509650563,710.832947,
3,3,29,3-29,Leaf,,,,,-0.00966696534,128.267807,
3,3,30,3-30,Leaf,,,,,0.00196673302,10424.8301,
3,4,0,4-0,recent_weighted_avg_margin,4.91573286,4-1,4-2,4-2,284.171326,43038.4258,
3,4,1,4-1,jockey_history_top3_excess,0.0720480531,4-3,4-4,4-3,122.918022,33661.3984,
3,4,2,4-2,recent_finish_percentile_weighted_3_minus_race_mean,-0.259802043,4-5,4-6,4-6,86.4639435,9377.02734,
3,4,3,4-3,good_starts,9.0,4-7,4-8,4-8,78.7136917,26204.8223,
3,4,4,4-4,recent_margin_quality_weighted_3_minus_race_mean,0.34690398,4-9,4-10,4-10,40.3351288,7456.57715,
3,4,5,4-5,jockey_history_top3_excess,-0.0221369546,4-11,4-12,4-11,30.5297241,1318.03418,
3,4,6,4-6,jockey_history_top3_excess,0.00929614715,4-13,4-14,4-13,58.1919556,8058.99268,
3,4,7,4-7,recent_finish_percentile_weighted_3_minus_race_mean,0.0979245007,4-15,4-16,4-15,68.6000595,16528.0371,
3,4,8,4-8,recent_similar_distance_speed_rank,7.0,4-17,4-18,4-18,21.6026268,9676.78516,
3,4,9,4-9,jockey_history_top3_excess,0.14005594,4-19,4-20,4-20,28.7098312,6791.38232,
3,4,10,4-10,good_starts,6.0,4-21,4-22,4-22,21.7518311,665.194397,
3,4,11,4-11,hidden_sectional_run_best_3,0.291814357,4-23,4-24,4-24,9.38949585,510.105103,
3,4,12,4-12,form_class_level_weighted_3,61.5,4-25,4-26,4-26,26.0112076,807.929077,
3,4,13,4-13,recent_finish_percentile_weighted_3_minus_race_mean,-0.00832378864,4-27,4-28,4-28,34.5449371,4377.87598,
3,4,14,4-14,form_class_level_weighted_3,55.3333321,4-29,4-30,4-29,29.1345272,3681.11694,
3,4,15,4-15,Leaf,,,,,-0.000770207553,6063.32764,
3,4,16,4-16,Leaf,,,,,0.00256941607,10464.709,
3,4,17,4-17,Leaf,,,,,-0.0007066775,6719.5,
3,4,18,4-18,Leaf,,,,,-0.00327112316,2957.2854,
3,4,19,4-19,Leaf,,,,,0.00242938334,5182.5083,
3,4,20,4-20,Leaf,,,,,0.00625875592,1608.87415,
3,4,21,4-21,Leaf,,,,,0.0130060017,436.636871,
3,4,22,4-22,Leaf,,,,,0.00329730846,228.557541,
3,4,23,4-23,Leaf,,,,,-0.00484913681,68.4732132,
3,4,24,4-24,Leaf,,,,,-0.0158666261,441.631866,
3,4,25,4-25,Leaf,,,,,-0.0119246254,325.642365,
3,4,26,4-26,Leaf,,,,,-0.00275967875,482.286713,
3,4,27,4-27,Leaf,,,,,-0.00702150492,2167.79614,
3,4,28,4-28,Leaf,,,,,-0.00256046723,2210.07959,
3,4,29,4-29,Leaf,,,,,-0.00277223554,1808.80615,
3,4,30,4-30,Leaf,,,,,0.00166412012,1872.31067,
3,5,0,5-0,recent_finish_percentile_weighted_6_rank_in_race,4.0,5-1,5-2,5-2,247.416336,42604.9219,
3,5,1,5-1,jockey_history_top3_excess,-0.0320581719,5-3,5-4,5-4,57.5319138,21918.6621,
3,5,2,5-2,trainer_history_top3_excess,-0.00595238106,5-5,5-6,5-5,132.67688,20686.2617,
3,5,3,5-3,jockey_trainer_history_smoothed_top3_rate_gap_to_best,0.411712527,5-7,5-8,5-8,16.236084,4344.12158,
3,5,4,5-4,horse_jockey_win_rate_rank,2.0,5-9,5-10,5-9,30.874588,17574.541,
3,5,5,5-5,jockey_history_top3_excess,0.0154818688,5-11,5-12,5-11,78.0790253,8091.59912,
3,5,6,5-6,jockey_history_top3_excess,-0.0613810904,5-13,5-14,5-13,36.478672,12594.6621,
3,5,7,5-7,prize_money_rank,9.0,5-15,5-16,5-16,16.8101482,3375.69946,
3,5,8,5-8,recent_5_weight_kg,57.5,5-17,5-18,5-18,18.6154156,968.422241,
3,5,9,5-9,prize_money_rank,11.0,5-19,5-20,5-20,38.8973083,13109.2773,
3,5,10,5-10,historical_market_overperformance_slope_3,0.218562141,5-21,5-22,5-22,21.9418869,4465.2627,
3,5,11,5-11,best_finish_percentile_at_stronger_class,0.75,5-23,5-24,5-23,59.8950806,5029.8623,
3,5,12,5-12,recent_finish_percentile_weighted_3_minus_race_mean,-0.150157809,5-25,5-26,5-26,27.8054848,3061.73657,
3,5,13,5-13,recent_finish_percentile_weighted_3_minus_race_mean,-0.0925479531,5-27,5-28,5-28,24.3575592,1036.32056,
3,5,14,5-14,recent_weighted_avg_margin_rank,5.0,5-29,5-30,5-30,29.0822182,11558.3418,
3,5,15,5-15,Leaf,,,,,0.00078451616,2961.92578,
3,5,16,5-16,Leaf,,,,,-0.00453750324,413.773773,
3,5,17,5-17,Leaf,,,,,-0.00801248755,354.813232,
3,5,18,5-18,Leaf,,,,,-0.000851698162,613.609009,
3,5,19,5-19,Leaf,,,,,0.00343895936,12432.6963,
3,5,20,5-20,Leaf,,,,,-0.00268084533,676.581116,
3,5,21,5-21,Leaf,,,,,-0.000165019839,3576.72144,
3,5,22,5-22,Leaf,,,,,0.00420307834,888.541382,
3,5,23,5-23,Leaf,,,,,-0.00852209982,3073.17236,
3,5,24,5-24,Leaf,,,,,-0.00290279719,1956.68994,
3,5,25,5-25,Leaf,,,,,-0.00562750967,697.09967,
3,5,26,5-26,Leaf,,,,,2.01479579e-05,2364.63696,
3,5,27,5-27,Leaf,,,,,-0.0106845954,300.868713,
3,5,28,5-28,Leaf,,,,,-0.00227599521,735.451843,
3,5,29,5-29,Leaf,,,,,0.00166072603,4432.04834,
3,5,30,5-30,Leaf,,,,,-0.000915825076,7126.29346,
3,6,0,6-0,recent_weighted_avg_margin,4.39091301,6-1,6-2,6-2,213.643448,41585.7969,
3,6,1,6-1,jockey_history_top3_excess,0.0995124429,6-3,6-4,6-3,66.8607788,30305.5137,
3,6,2,6-2,recent_margin_quality_weighted_3_minus_race_mean,-0.172357947,6-5,6-6,6-6,84.8541565,11280.2822,
3,6,3,6-3,best_finish_percentile_at_stronger_class,0.571428597,6-7,6-8,6-7,52.708786,26196.8301,
3,6,4,6-4,trainer_history_top3_excess,0.0775297582,6-9,6-10,6-9,28.2493896,4108.68262,
3,6,5,6-5,recent_weighted_avg_margin,7.44878292,6-11,6-12,6-12,56.1433563,2662.67212,
3,6,6,6-6,trainer_history_top3_excess,0.00954952464,6-13,6-14,6-13,59.5816154,8617.61035,
3,6,7,6-7,recent_last600_best_3,34.5499992,6-15,6-16,6-16,48.9045258,9798.64746,
3,6,8,6-8,good_wins,3.0,6-17,6-18,6-18,29.7253304,16398.1836,
3,6,9,6-9,recent_margin_quality_weighted_3_minus_race_mean,0.337773383,6-19,6-20,6-20,21.8926048,2524.76123,
3,6,10,6-10,recent_weighted_avg_margin,2.57321906,6-21,6-22,6-22,13.7219696,1583.92114,
3,6,11,6-11,jockey_history_top3_excess,-0.0221369546,6-23,6-24,6-23,25.3822517,1588.59155,
3,6,12,6-12,recent_finish_percentile_rank,5.0,6-25,6-26,6-26,22.4727173,1074.08057,
3,6,13,6-13,prize_money_rank,6.0,6-27,6-28,6-27,21.5767746,4540.38525,
3,6,14,6-14,recent_similar_distance_speed_rank,4.0,6-29,6-30,6-30,24.545311,4077.22485,
3,6,15,6-15,Leaf,,,,,0.000935790711,4689.74658,
3,6,16,6-16,Leaf,,,,,-0.00259598112,5108.90137,
3,6,17,6-17,Leaf,,,,,0.00185135938,13998.5107,
3,6,18,6-18,Leaf,,,,,-0.00115483662,2399.6731,
3,6,19,6-19,Leaf,,,,,0.00149417017,2262.47119,
3,6,20,6-20,Leaf,,,,,0.00901808124,262.290131,
3,6,21,6-21,Leaf,,,,,0.00832721498,1015.02069,
3,6,22,6-22,Leaf,,,,,0.0033707344,568.900513,
3,6,23,6-23,Leaf,,,,,-0.00870256871,469.6091,
3,6,24,6-24,Leaf,,,,,-0.00179485721,1118.98242,
3,6,25,6-25,Leaf,,,,,-0.00165515265,136.794708,
3,6,26,6-26,Leaf,,,,,-0.0126816956,937.285889,
3,6,27,6-27,Leaf,,,,,-0.00237332308,2760.05347,
3,6,28,6-28,Leaf,,,,,-0.00591941364,1780.33179,
3,6,29,6-29,Leaf,,,,,0.00301062898,1431.65417,
3,6,30,6-30,Leaf,,,,,-0.00104084075,2645.57056,
3,7,0,7-0,recent_weighted_avg_margin,5.22812605,7-1,7-2,7-1,171.198654,41289.5938,
3,7,1,7-1,good_starts,6.0,7-3,7-4,7-3,84.0558777,34513.082,
3,7,2,7-2,best_finish_percentile_at_stronger_class,0.733333349,7-5,7-6,7-5,53.3154602,6776.51074,
3,7,3,7-3,recent_finish_percentile_weighted_3_minus_race_mean,0.140368521,7-7,7-8,7-7,90.1903534,17329.0254,
3,7,4,7-4,recent_last600_best_3,34.7999992,7-9,7-10,7-10,33.2831078,17184.0566,
3,7,5,7-5,jockey_recent_top3_excess,-0.09457656,7-11,7-12,7-11,47.7953033,4182.71729,
3,7,6,7-6,recent_last600_best_3,36.6800003,7-13,7-14,7-13,20.9608383,2593.79321,
3,7,7,7-7,best_finish_percentile_at_stronger_class,0.8125,7-15,7-16,7-15,35.0587578,7952.58838,
3,7,8,7-8,recent_last600_best_3,35.5600014,7-17,7-18,7-18,60.8236084,9376.4375,
3,7,9,7-9,hidden_sectional_run_best_3,0.328113914,7-19,7-20,7-20,24.5055733,8540.36426,
3,7,10,7-10,distance_minus_recent_avg,-92.8333359,7-21,7-22,7-22,23.2589722,8643.69336,
3,7,11,7-11,recent_finish_percentile_weighted_3_minus_race_mean,-0.131180197,7-23,7-24,7-24,13.7294006,860.172729,
3,7,12,7-12,recent_finish_percentile_weighted_3_minus_race_mean,0.0353474915,7-25,7-26,7-26,28.8157272,3322.54468,
3,7,13,7-13,prize_money_rank,5.0,7-27,7-28,7-28,11.1555462,2378.53223,
3,7,14,7-14,distance_minus_recent_avg,-45.0,7-29,7-30,7-30,10.882021,215.260956,
3,7,15,7-15,Leaf,,,,,-0.00107419316,5777.82959,
3,7,16,7-16,Leaf,,,,,0.00264262897,2174.75879,
3,7,17,7-17,Leaf,,,,,0.00498093432,6262.46777,
3,7,18,7-18,Leaf,,,,,0.000701747136,3113.96973,
3,7,19,7-19,Leaf,,,,,0.000968691253,7761.28662,
3,7,20,7-20,Leaf,,,,,-0.00365467113,779.077087,
3,7,21,7-21,Leaf,,,,,-0.00427134382,1699.03906,
3,7,22,7-22,Leaf,,,,,-0.00101079827,6944.65479,
3,7,23,7-23,Leaf,,,,,-0.0141580179,392.658539,
3,7,24,7-24,Leaf,,,,,-0.00744892005,467.514221,
3,7,25,7-25,Leaf,,,,,-0.00532913487,2526.75488,
3,7,26,7-26,Leaf,,,,,0.000114429822,795.789673,
3,7,27,7-27,Leaf,,,,,0.00113930041,1512.96924,
3,7,28,7-28,Leaf,,,,,-0.00240162574,865.56311,
3,7,29,7-29,Leaf,,,,,-0.0012897678,91.9152679,
3,7,30,7-30,Leaf,,,,,-0.0127085717,123.34568,
3,8,0,8-0,recent_margin_quality_weighted_3_minus_race_mean,-0.0519235134,8-1,8-2,8-1,205.916473,40792.4375,
3,8,1,8-1,form_class_level_weighted_3,61.0,8-3,8-4,8-3,113.543152,8957.02441,
3,8,2,8-2,recent_margin_quality_weighted_3_minus_race_mean,0.219716489,8-5,8-6,8-6,67.9387512,31835.4141,
3,8,3,8-3,recent_weighted_avg_margin,9.59683704,8-7,8-8,8-7,67.1231995,4378.13574,
3,8,4,8-4,current_weight_change_pct,0.0733944923,8-9,8-10,8-9,26.8424015,4578.88818,
3,8,5,8-5,best_finish_percentile_at_equal_or_higher_weight,2.00001001,8-11,8-12,8-12,42.9829674,21865.1699,
3,8,6,8-6,historical_market_overperformance_slope_3,0.226123869,8-13,8-14,8-13,47.4030533,9970.24414,
3,8,7,8-7,jockey_history_top3_excess,0.067592591,8-15,8-16,8-15,38.1972198,3920.72925,
3,8,8,8-8,form_class_level_weighted_3,52.0,8-17,8-18,8-17,9.03720093,457.406555,
3,8,9,8-9,historical_market_overperformance_slope_3,-0.140064105,8-19,8-20,8-19,22.8476906,3945.47705,
3,8,10,8-10,jockey_history_top3_excess,-0.0713815242,8-21,8-22,8-21,12.3428993,633.411194,
3,8,11,8-11,recent_finish_percentile_rank,8.0,8-23,8-24,8-24,33.7209091,16089.833,
3,8,12,8-12,form_class_level_weighted_3,60.6666679,8-25,8-26,8-25,31.6821938,5775.33691,
3,8,13,8-13,jockey_history_top3_excess,0.0995124429,8-27,8-28,8-28,38.953064,8720.54199,
3,8,14,8-14,trainer_history_top3_excess,0.062434379,8-29,8-30,8-29,19.7987137,1249.70166,
3,8,15,8-15,Leaf,,,,,-0.00633219769,3217.54272,
3,8,16,8-16,Leaf,,,,,8.79824729e-05,703.186584,
3,8,17,8-17,Leaf,,,,,-0.0176161714,324.876587,
3,8,18,8-18,Leaf,,,,,-0.00860705692,132.529984,
3,8,19,8-19,Leaf,,,,,-0.00393110095,1421.2843,
3,8,20,8-20,Leaf,,,,,2.03781165e-05,2524.19287,
3,8,21,8-21,Leaf,,,,,-0.00842835102,36.7271271,
3,8,22,8-22,Leaf,,,,,0.00500500575,596.684021,
3,8,23,8-23,Leaf,,,,,-0.000196806504,14701.9727,
3,8,24,8-24,Leaf,,,,,-0.00426095631,1387.86084,
3,8,25,8-25,Leaf,,,,,0.000189209371,3020.33496,
3,8,26,8-26,Leaf,,,,,0.00389586948,2755.00195,
3,8,27,8-27,Leaf,,,,,0.0025184236,7324.03174,
3,8,28,8-28,Leaf,,,,,0.00707396818,1396.51086,
3,8,29,8-29,Leaf,,,,,-4.9059945e-05,926.779724,
3,8,30,8-30,Leaf,,,,,-0.00716429204,322.921997,
3,9,0,9-0,recent_weighted_avg_margin,4.97735977,9-1,9-2,9-1,158.782791,40136.8281,
3,9,1,9-1,good_starts,18.0,9-3,9-4,9-3,69.8876495,32731.9727,
3,9,2,9-2,recent_margin_quality_weighted_3_minus_race_mean,-0.101810873,9-5,9-6,9-6,52.4509888,7404.85693,
3,9,3,9-3,jockey_history_top3_excess,0.00162350549,9-7,9-8,9-8,65.0499115,28820.6172,
3,9,4,9-4,current_weight_change_pct,0.075630255,9-9,9-10,9-10,24.9108658,3911.35547,
3,9,5,9-5,form_class_level_weighted_3,55.3333321,9-11,9-12,9-11,69.5617218,3327.74316,
3,9,6,9-6,jockey_history_starts,132.0,9-13,9-14,9-13,32.2778931,4077.11377,
3,9,7,9-7,recent_similar_distance_speed_rank,8.0,9-15,9-16,9-15,29.4822369,10910.4893,
3,9,8,9-8,recent_margin_quality_weighted_3_minus_race_mean,0.34690398,9-17,9-18,9-17,53.3737946,17910.1289,
3,9,9,9-9,jockey_recent_top3_excess,0.109285496,9-19,9-20,9-19,14.7450562,3205.8479,
3,9,10,9-10,jockey_history_starts,14.0,9-21,9-22,9-21,18.809103,705.507629,
3,9,11,9-11,jockey_history_top3_excess,0.0247140918,9-23,9-24,9-23,24.3248291,1167.68591,
3,9,12,9-12,jockey_history_top3_excess,-0.0682402998,9-25,9-26,9-25,19.0848808,2160.05713,
3,9,13,9-13,jockey_recent_top3_excess,-0.116238102,9-27,9-28,9-27,21.6405334,2888.12915,
3,9,14,9-14,recent_weighted_avg_margin,10.5033064,9-29,9-30,9-30,18.475174,1188.9845,
3,9,15,9-15,Leaf,,,,,0.000129762659,8974.11133,
3,9,16,9-16,Leaf,,,,,-0.00326371938,1936.37793,
3,9,17,9-17,Leaf,,,,,0.00156272238,16442.3535,
3,9,18,9-18,Leaf,,,,,0.00652740011,1467.77466,
3,9,19,9-19,Leaf,,,,,-0.00267579569,2684.80298,
3,9,20,9-20,Leaf,,,,,-0.00727330614,521.044983,
3,9,21,9-21,Leaf,,,,,-0.00956500974,72.163887,
3,9,22,9-22,Leaf,,,,,0.00314155756,633.34375,
3,9,23,9-23,Leaf,,,,,-0.0131190447,795.848022,
3,9,24,9-24,Leaf,,,,,-0.00514829298,371.83783,
3,9,25,9-25,Leaf,,,,,-0.00911149569,275.535248,
3,9,26,9-26,Leaf,,,,,-0.00213995413,1884.52197,
3,9,27,9-27,Leaf,,,,,-0.0080191819,436.829498,
3,9,28,9-28,Leaf,,,,,-0.00201163185,2451.2998,
3,9,29,9-29,Leaf,,,,,0.00249075075,1159.13684,
3,9,30,9-30,Leaf,,,,,-0.0148295211,29.847702,
3,10,0,10-0,recent_finish_percentile_weighted_3_minus_race_mean,-0.155434132,10-1,10-2,10-2,165.754303,40160.6719,
3,10,1,10-1,best_finish_percentile_at_stronger_class,0.75,10-3,10-4,10-3,43.1455383,3854.93188,
3,10,2,10-2,trainer_history_top3_excess,0.0335261971,10-5,10-6,10-5,83.7610016,36305.7383,
3,10,3,10-3,jockey_history_top3_excess,0.0614669435,10-7,10-8,10-7,54.5651093,2624.07031,
3,10,4,10-4,recent_finish_percentile_weighted_3_minus_race_mean,-0.347470224,10-9,10-10,10-10,15.0947027,1230.86169,
3,10,5,10-5,best_finish_percentile_at_stronger_class,0.8125,10-11,10-12,10-11,57.7492065,19381.25,
3,10,6,10-6,good_starts,18.0,10-13,10-14,10-14,41.200798,16924.4883,
3,10,7,10-7,recent_margin_quality_weighted_3_minus_race_mean,-0.242848396,10-15,10-16,10-16,26.9477539,2012.67371,
3,10,8,10-8,recent_margin_std_6,1.275931,10-17,10-18,10-17,13.8880358,611.396545,
3,10,9,10-9,best_finish_percentile_at_stronger_class,0.928571403,10-19,10-20,10-20,8.64447212,135.497009,
3,10,10,10-10,current_weight_change_pct,0.00840336177,10-21,10-22,10-22,14.0590553,1095.36462,
3,10,11,10-11,recent_margin_quality_weighted_3_minus_race_mean,0.08304739,10-23,10-24,10-23,34.5276756,11178.9951,
3,10,12,10-12,good_starts,8.0,10-25,10-26,10-26,28.4853172,8202.25391,
3,10,13,10-13,jockey_history_top3_excess,0.133503571,10-27,10-28,10-27,36.0490723,15534.7568,
3,10,14,10-14,recent_margin_quality_weighted_3_minus_race_mean,0.117125392,10-29,10-30,10-29,22.0874157,1389.73132,
3,10,15,10-15,Leaf,,,,,-0.0130883977,596.613098,
3,10,16,10-16,Leaf,,,,,-0.0066416706,1416.06055,
3,10,17,10-17,Leaf,,,,,0.00845749676,90.0775757,
3,10,18,10-18,Leaf,,,,,-0.00169427448,521.31897,
3,10,19,10-19,Leaf,,,,,-0.0140753165,69.6872787,
3,10,20,10-20,Leaf,,,,,-0.00146251998,65.8097382,
3,10,21,10-21,Leaf,,,,,-0.00383632421,371.562134,
3,10,22,10-22,Leaf,,,,,0.00207981654,723.80249,
3,10,23,10-23,Leaf,,,,,-0.00302557345,5724.14355,
3,10,24,10-24,Leaf,,,,,-0.000245348667,5454.85205,
3,10,25,10-25,Leaf,,,,,0.00253084325,4184.39258,
3,10,26,10-26,Leaf,,,,,-0.000412581081,4017.86182,
3,10,27,10-27,Leaf,,,,,0.0018904414,14133.123,
3,10,28,10-28,Leaf,,,,,0.00608759653,1401.63416,
3,10,29,10-29,Leaf,,,,,-0.00545808999,665.847107,
3,10,30,10-30,Leaf,,,,,0.000810521015,723.884277,
3,11,0,11-0,recent_finish_percentile_weighted_6_rank_in_race,4.0,11-1,11-2,11-2,152.35733,39465.4727,
3,11,1,11-1,prize_money_rank,2.0,11-3,11-4,11-4,46.2399368,20549.7285,
3,11,2,11-2,recent_margin_quality_weighted_3_minus_race_mean,-0.185623765,11-5,11-6,11-6,78.2030182,18915.7461,
3,11,3,11-3,recent_margin_quality_weighted_3_minus_race_mean,0.209049881,11-7,11-8,11-8,26.8178558,2796.552,
3,11,4,11-4,good_starts,6.0,11-9,11-10,11-10,38.1361656,17753.1758,
3,11,5,11-5,jockey_history_top3_excess,0.0148318466,11-11,11-12,11-11,48.2693634,2326.7373,
3,11,6,11-6,jockey_history_top3_excess,-0.063271746,11-13,11-14,11-13,48.0654869,16589.0078,
3,11,7,11-7,hidden_sectional_run_best_3,0.203568295,11-15,11-16,11-16,18.8274765,1568.04517,
3,11,8,11-8,recent_5_weight_kg,57.5,11-17,11-18,11-18,18.6697617,1228.50696,
3,11,9,11-9,hidden_sectional_run_best_3,0.178775549,11-19,11-20,11-20,43.7258301,9985.3916,
3,11,10,11-10,current_weight_change_pct,0.0370370373,11-21,11-22,11-21,23.5736904,7767.78467,
3,11,11,11-11,hidden_sectional_run_best_3,0.319584668,11-23,11-24,11-24,26.5084534,1242.09094,
3,11,12,11-12,current_weight_change_pct,0.0630630627,11-25,11-26,11-25,19.5672092,1084.64636,
3,11,13,11-13,trainer_history_top3_excess,0.0196263734,11-27,11-28,11-28,18.4299545,1958.453,
3,11,14,11-14,current_weight_change_pct,-0.0175438598,11-29,11-30,11-29,31.4806519,14630.5557,
3,11,15,11-15,Leaf,,,,,-0.000748952036,710.805664,
3,11,16,11-16,Leaf,,,,,0.00472373469,857.239441,
3,11,17,11-17,Leaf,,,,,0.00322929653,478.660004,
3,11,18,11-18,Leaf,,,,,0.00965310819,749.846985,
3,11,19,11-19,Leaf,,,,,0.0036314507,5089.22656,
3,11,20,11-20,Leaf,,,,,0.000321490341,4896.16455,
3,11,21,11-21,Leaf,,,,,-0.00114381663,5734.4292,
3,11,22,11-22,Leaf,,,,,0.00198241533,2033.35559,
3,11,23,11-23,Leaf,,,,,-0.00538577186,606.764465,
3,11,24,11-24,Leaf,,,,,-0.0128428554,635.326538,
3,11,25,11-25,Leaf,,,,,-0.00346245477,921.489014,
3,11,26,11-26,Leaf,,,,,0.00569530856,163.157333,
3,11,27,11-27,Leaf,,,,,-0.00646944204,1278.86292,
3,11,28,11-28,Leaf,,,,,-0.00134474016,679.590027,
3,11,29,11-29,Leaf,,,,,-0.00229692622,4458.23779,
3,11,30,11-30,Leaf,,,,,0.000219910289,10172.3174,
3,12,0,12-0,recent_weighted_avg_margin,4.39091301,12-1,12-2,12-2,125.04451,39123.2852,
3,12,1,12-1,good_starts,5.0,12-3,12-4,12-4,52.4985428,28817.3242,
3,12,2,12-2,trainer_history_top3_excess,-0.00511363614,12-5,12-6,12-5,64.9749603,10305.9619,
3,12,3,12-3,recent_finish_percentile_weighted_3_minus_race_mean,0.224479169,12-7,12-8,12-7,54.1677933,12587.4248,
3,12,4,12-4,hidden_sectional_run_best_3_gap_to_best,0.347265393,12-9,12-10,12-9,23.9123936,16229.8994,
3,12,5,12-5,form_class_level_weighted_3,52.6666679,12-11,12-12,12-11,52.332428,4737.67578,
3,12,6,12-6,current_weight_change_pct,-0.017699115,12-13,12-14,12-14,24.6991234,5568.28564,
3,12,7,12-7,form_class_level_weighted_3,62.0,12-15,12-16,12-15,20.6798878,7672.84375,
3,12,8,12-8,jockey_recent_top3_excess,0.0855133459,12-17,12-18,12-18,24.5880585,4914.58154,
3,12,9,12-9,trainer_history_top3_excess,-0.0995472297,12-19,12-20,12-20,23.5933895,16030.4902,
3,12,10,12-10,current_weight_change_pct,-0.0625,12-21,12-22,12-21,20.1236534,199.408813,
3,12,11,12-11,recent_finish_percentile_weighted_3_minus_race_mean,-0.155434132,12-23,12-24,12-24,26.0697174,1944.25867,
3,12,12,12-12,recent_weighted_avg_margin,9.59683704,12-25,12-26,12-26,23.4131908,2793.41724,
3,12,13,12-13,form_class_level_weighted_3,68.3333359,12-27,12-28,12-27,38.5668411,716.690796,
3,12,14,12-14,recent_similar_distance_speed_rank,4.0,12-29,12-30,12-30,18.1501465,4851.59473,
3,12,15,12-15,Leaf,,,,,-0.000211396444,4989.72119,
3,12,16,12-16,Leaf,,,,,0.0025056256,2683.12256,
3,12,17,12-17,Leaf,,,,,0.00288778241,3371.09863,
3,12,18,12-18,Leaf,,,,,0.00671443483,1543.48267,
3,12,19,12-19,Leaf,,,,,-0.00731752161,259.687592,
3,12,20,12-20,Leaf,,,,,0.000139779542,15770.8027,
3,12,21,12-21,Leaf,,,,,0.00304517383,61.1990967,
3,12,22,12-22,Leaf,,,,,-0.0134987282,138.209702,
3,12,23,12-23,Leaf,,,,,-0.0134782046,384.184174,
3,12,24,12-24,Leaf,,,,,-0.00613896875,1560.07446,
3,12,25,12-25,Leaf,,,,,-0.00162169745,2580.28467,
3,12,26,12-26,Leaf,,,,,-0.0100849783,213.132599,
3,12,27,12-27,Leaf,,,,,-0.00898032542,469.009491,
3,12,28,12-28,Leaf,,,,,0.00305630127,247.681274,
3,12,29,12-29,Leaf,,,,,0.00215111044,1741.71204,
3,12,30,12-30,Leaf,,,,,-0.00102862029,3109.88281,
3,13,0,13-0,jockey_history_top3_excess,0.00162350549,13-1,13-2,13-1,141.741577,38862.5898,
3,13,1,13-1,recent_margin_quality_weighted_3_minus_race_mean,-0.0996751487,13-3,13-4,13-4,93.4547195,15942.4863,
3,13,2,13-2,recent_margin_quality_weighted_3_minus_race_mean,0.103260309,13-5,13-6,13-5,61.0896378,22920.1035,
3,13,3,13-3,form_class_level_weighted_3,56.3333321,13-7,13-8,13-7,54.1723785,2449.55347,
3,13,4,13-4,recent_margin_std_6,2.29753494,13-9,13-10,13-10,22.8858852,13492.9326,
3,13,5,13-5,jockey_history_top3_excess,0.0645141155,13-11,13-12,13-12,33.1591759,11231.8008,
3,13,6,13-6,recent_last600_best_3,35.3300018,13-13,13-14,13-14,30.1191711,11688.3027,
3,13,7,13-7,recent_finish_percentile_weighted_3_minus_race_mean,-0.00412422419,13-15,13-16,13-16,21.9212189,828.474426,
3,13,8,13-8,historical_market_overperformance_slope_3,0.258773535,13-17,13-18,13-17,15.9325523,1621.0791,
3,13,9,13-9,trainer_history_top3_excess,-0.00362318847,13-19,13-20,13-20,15.9942751,5498.07666,
3,13,10,13-10,form_class_level_weighted_3,54.0,13-21,13-22,13-21,21.7240295,7994.85596,
3,13,11,13-11,best_finish_percentile_at_stronger_class,0.777777791,13-23,13-24,13-23,29.5631695,6582.55322,
3,13,12,13-12,recent_last600_best_3,33.5299988,13-25,13-26,13-26,20.8280411,4649.24707,
3,13,13,13-13,recent_margin_quality_weighted_3_minus_race_mean,0.34690398,13-27,13-28,13-28,24.7760162,7220.05664,
3,13,14,13-14,historical_market_overperformance_slope_3,-0.106532358,13-29,13-30,13-30,17.5166168,4468.24609,
3,13,15,13-15,Leaf,,,,,-0.0134417014,682.593933,
3,13,16,13-16,Leaf,,,,,-0.00252326555,145.880508,
3,13,17,13-17,Leaf,,,,,-0.00444740057,1488.99109,
3,13,18,13-18,Leaf,,,,,0.00435154,132.087936,
3,13,19,13-19,Leaf,,,,,-0.00177668629,1817.30249,
3,13,20,13-20,Leaf,,,,,0.00108300638,3680.77417,
3,13,21,13-21,Leaf,,,,,-0.00354054244,3226.13062,
3,13,22,13-22,Leaf,,,,,-0.00088171364,4768.72559,
3,13,23,13-23,Leaf,,,,,-0.00274160132,3805.26978,
3,13,24,13-24,Leaf,,,,,0.00064549729,2777.28369,
3,13,25,13-25,Leaf,,,,,0.00571627822,608.7771,
3,13,26,13-26,Leaf,,,,,0.000784390722,4040.46997,
3,13,27,13-27,Leaf,,,,,0.00287479418,6406.79834,
3,13,28,13-28,Leaf,,,,,0.00750510162,813.258301,
3,13,29,13-29,Leaf,,,,,0.00400530407,847.214294,
3,13,30,13-30,Leaf,,,,,2.91498927e-05,3621.03174,
3,14,0,14-0,recent_margin_quality_weighted_3_minus_race_mean,-0.0298166573,14-1,14-2,14-1,142.558273,38657.0859,
3,14,1,14-1,form_class_level_weighted_3,60.3333321,14-3,14-4,14-3,85.5483398,9591.2959,
3,14,2,14-2,recent_finish_percentile_rank,3.0,14-5,14-6,14-6,54.9624557,29065.7891,
3,14,3,14-3,recent_margin_quality_weighted_3_minus_race_mean,-0.185623765,14-7,14-8,14-8,44.7044983,4443.86035,
3,14,4,14-4,good_starts,10.0,14-9,14-10,14-10,50.0204315,5147.43604,
3,14,5,14-5,recent_similar_distance_speed_rank,7.0,14-11,14-12,14-12,56.7575302,13638.9287,
3,14,6,14-6,jockey_trainer_history_smoothed_top3_rate_gap_to_best,0.195192307,14-13,14-14,14-14,47.2562218,15426.8604,
3,14,7,14-7,jockey_history_top3_excess,-0.0248553064,14-15,14-16,14-15,21.0109406,916.567993,
3,14,8,14-8,jockey_history_top3_excess,0.14005594,14-17,14-18,14-17,24.8224792,3527.29248,
3,14,9,14-9,current_weight_change_pct,-0.017699115,14-19,14-20,14-19,30.5776558,2669.0603,
3,14,10,14-10,current_weight_change_pct,0.0423728824,14-21,14-22,14-21,21.0383492,2478.37549,
3,14,11,14-11,good_starts,5.0,14-23,14-24,14-24,47.001709,9742.86035,
3,14,12,14-12,jockey_history_starts,142.0,14-25,14-26,14-25,30.7595367,3896.06836,
3,14,13,14-13,trainer_history_top3_excess,-0.0574548766,14-27,14-28,14-28,24.3351593,9990.3877,
3,14,14,14-14,trainer_history_top3_excess,0.0344012827,14-29,14-30,14-29,20.2999382,5436.47314,
3,14,15,14-15,Leaf,,,,,-0.0149451438,343.221832,
3,14,16,14-16,Leaf,,,,,-0.0068958695,573.346191,
3,14,17,14-17,Leaf,,,,,-0.00424977113,3401.77393,
3,14,18,14-18,Leaf,,,,,0.00669497764,125.518547,
3,14,19,14-19,Leaf,,,,,-0.00271600531,650.481262,
3,14,20,14-20,Leaf,,,,,0.00347946561,2018.5791,
3,14,21,14-21,Leaf,,,,,-0.00455683609,1668.4574,
3,14,22,14-22,Leaf,,,,,0.000338299695,809.918091,
3,14,23,14-23,Leaf,,,,,0.00484227994,4804.78955,
3,14,24,14-24,Leaf,,,,,0.00136481086,4938.0708,
3,14,25,14-25,Leaf,,,,,-0.00201618858,2638.98291,
3,14,26,14-26,Leaf,,,,,0.0027193639,1257.08557,
3,14,27,14-27,Leaf,,,,,-0.00373198278,650.063416,
3,14,28,14-28,Leaf,,,,,0.00123430591,9340.32422,
3,14,29,14-29,Leaf,,,,,-0.00303217652,3698.04321,
3,14,30,14-30,Leaf,,,,,0.000237439905,1738.42993,
3,15,0,15-0,recent_finish_percentile_rank,6.0,15-1,15-2,15-2,120.334473,38112.8047,
3,15,1,15-1,distance_minus_recent_avg,-241.666672,15-3,15-4,15-4,56.3011627,27024.0781,
3,15,2,15-2,form_class_level_weighted_3,53.3333321,15-5,15-6,15-6,65.3728256,11088.7285,
3,15,3,15-3,recent_3_distance_m,1666.0,15-7,15-8,15-8,17.0610542,818.242859,
3,15,4,15-4,recent_margin_quality_weighted_3_minus_race_mean,0.219716489,15-9,15-10,15-10,44.6624794,26205.8359,
3,15,5,15-5,recent_margin_quality_weighted_3_minus_race_mean,-0.172357947,15-11,15-12,15-12,30.4077682,1776.672,
3,15,6,15-6,jockey_history_top3_excess,-0.0119047621,15-13,15-14,15-13,32.1946373,9312.05664,
3,15,7,15-7,hidden_sectional_run_best_3_gap_to_best,0.179850474,15-15,15-16,15-16,10.5470972,460.09549,
3,15,8,15-8,best_finish_percentile_at_equal_or_higher_weight,0.818181813,15-17,15-18,15-17,19.3780632,358.1474,
3,15,9,15-9,jockey_history_top3_excess,-0.0585024767,15-19,15-20,15-20,47.996727,17857.4531,
3,15,10,15-10,jockey_history_top3_excess,0.115262069,15-21,15-22,15-21,28.9375076,8348.38184,
3,15,11,15-11,trainer_history_top3_excess,0.0539723933,15-23,15-24,15-23,15.1027832,305.75354,
3,15,12,15-12,jockey_history_top3_excess,-0.0287878793,15-25,15-26,15-25,19.5192375,1470.91846,
3,15,13,15-13,recent_margin_quality_weighted_3_minus_race_mean,-0.0974918604,15-27,15-28,15-28,29.8961525,3251.72339,
3,15,14,15-14,trainer_history_top3_excess,0.0894086882,15-29,15-30,15-29,23.8116436,6060.33301,
3,15,15,15-15,Leaf,,,,,0.00116681342,252.103088,
3,15,16,15-16,Leaf,,,,,-0.00628801296,207.992401,
3,15,17,15-17,Leaf,,,,,-0.00386200543,194.365936,
3,15,18,15-18,Leaf,,,,,-0.0156803131,163.781464,
3,15,19,15-19,Leaf,,,,,-0.0033841636,1885.30981,
3,15,20,15-20,Leaf,,,,,0.00082326954,15972.1436,
3,15,21,15-21,Leaf,,,,,0.00210535061,7547.37744,
3,15,22,15-22,Leaf,,,,,0.00708828447,801.004211,
3,15,23,15-23,Leaf,,,,,-0.0159681998,259.103302,
3,15,24,15-24,Leaf,,,,,-0.00034562833,46.6502609,
3,15,25,15-25,Leaf,,,,,-0.00941013079,438.408386,
3,15,26,15-26,Leaf,,,,,-0.00309275719,1032.51001,
3,15,27,15-27,Leaf,,,,,-0.00674743811,1082.5365,
3,15,28,15-28,Leaf,,,,,-0.0016591989,2169.18701,
3,15,29,15-29,Leaf,,,,,-0.00102214993,4974.80176,
3,15,30,15-30,Leaf,,,,,0.00304810493,1085.53101,
3,16,0,16-0,recent_margin_quality_weighted_3_minus_race_mean,0.0808374286,16-1,16-2,16-1,128.34201,37726.082,
3,16,1,16-1,recent_weighted_avg_margin,9.59683704,16-3,16-4,16-3,72.2343063,17498.8555,
3,16,2,16-2,jockey_history_top3_excess,0.152532846,16-5,16-6,16-5,33.2247543,20227.2266,
3,16,3,16-3,jockey_history_top3_excess,-0.066267252,16-7,16-8,16-7,48.5452881,16817.6387,
3,16,4,16-4,recent_margin_quality_weighted_3_minus_race_mean,-0.0598349571,16-9,16-10,16-10,13.9290924,681.218323,
3,16,5,16-5,recent_last600_best_3,34.4000015,16-11,16-12,16-12,25.718605,19362.4492,
3,16,6,16-6,recent_last600_best_3,35.6100006,16-13,16-14,16-13,14.0992661,864.776001,
3,16,7,16-7,form_class_level_weighted_3,53.3333321,16-15,16-16,16-16,25.6856461,1829.77319,
3,16,8,16-8,recent_finish_percentile_rank,6.0,16-17,16-18,16-18,30.4323349,14987.8643,
3,16,9,16-9,form_class_level_weighted_3,66.0,16-19,16-20,16-19,12.4754639,561.705383,
3,16,10,16-10,hidden_sectional_run_best_3_gap_to_best,0.0952135921,16-21,16-22,16-22,11.9184084,119.512939,
3,16,11,16-11,recent_margin_quality_weighted_3_minus_race_mean,0.308830917,16-23,16-24,16-24,28.8342247,6510.02979,
3,16,12,16-12,historical_market_overperformance_slope_3,0.0250000004,16-25,16-26,16-26,19.4917564,12852.4199,
3,16,13,16-13,recent_finish_percentile_weighted_6_rank_in_race,3.0,16-27,16-28,16-28,11.6593857,780.37915,
3,16,14,16-14,recent_margin_quality_weighted_3_minus_race_mean,0.337773383,16-29,16-30,16-30,8.07132339,84.3968582,
3,16,15,16-15,Leaf,,,,,-0.0101211024,466.658569,
3,16,16,16-16,Leaf,,,,,-0.00331804762,1363.11462,
3,16,17,16-17,Leaf,,,,,0.000246185431,8065.13379,
3,16,18,16-18,Leaf,,,,,-0.00201168424,6922.73096,
3,16,19,16-19,Leaf,,,,,-0.0131935403,430.107941,
3,16,20,16-20,Leaf,,,,,-0.00394928968,131.597427,
3,16,21,16-21,Leaf,,,,,-0.0117866984,36.7243614,
3,16,22,16-22,Leaf,,,,,0.0036999241,82.7885742,
3,16,23,16-23,Leaf,,,,,0.00166191102,5481.23486,
3,16,24,16-24,Leaf,,,,,0.00621489808,1028.79492,
3,16,25,16-25,Leaf,,,,,0.00158388377,5513.48486,
3,16,26,16-26,Leaf,,,,,-0.000381339632,7338.93506,
3,16,27,16-27,Leaf,,,,,0.00959661137,471.957275,
3,16,28,16-28,Leaf,,,,,0.00318626245,308.421844,
3,16,29,16-29,Leaf,,,,,-0.00733729918,65.3454056,
3,16,30,16-30,Leaf,,,,,0.00826316513,19.0514565,
3,17,0,17-0,recent_finish_percentile_weighted_3_minus_race_mean,0.0178551674,17-1,17-2,17-1,125.469307,37380.0859,
3,17,1,17-1,form_class_level_weighted_3,53.5999985,17-3,17-4,17-4,60.219429,11745.2354,
3,17,2,17-2,recent_similar_distance_speed_rank,7.0,17-5,17-6,17-6,45.0972672,25634.8496,
3,17,3,17-3,trainer_history_top3_excess,-0.0228862055,17-7,17-8,17-7,51.9554443,2387.89795,
3,17,4,17-4,recent_finish_percentile_weighted_3_minus_race_mean,-0.340851933,17-9,17-10,17-10,34.3155861,9357.33789,
3,17,5,17-5,jockey_recent_top3_excess,0.020420514,17-11,17-12,17-12,34.4700012,17575.1445,
3,17,6,17-6,trainer_history_top3_excess,0.119646482,17-13,17-14,17-13,36.4777107,8059.70508,
3,17,7,17-7,recent_margin_std_6,3.13942671,17-15,17-16,17-15,11.690094,866.470093,
3,17,8,17-8,jockey_history_top3_excess,-0.0613810904,17-17,17-18,17-17,24.4593048,1521.42786,
3,17,9,17-9,trainer_history_top3_excess,0.0856779218,17-19,17-20,17-19,11.1085091,483.385681,
3,17,10,17-10,jockey_history_top3_excess,-0.114671513,17-21,17-22,17-22,26.5734024,8873.95215,
3,17,11,17-11,recent_margin_std_6,1.85328531,17-23,17-24,17-24,30.6169205,8921.23926,
3,17,12,17-12,recent_margin_quality_weighted_3_minus_race_mean,0.337773383,17-25,17-26,17-26,33.9442825,8653.90527,
3,17,13,17-13,recent_last600_best_3,35.3300018,17-27,17-28,17-28,30.5782757,7232.07861,
3,17,14,17-14,best_finish_percentile_at_equal_or_higher_weight,0.727272749,17-29,17-30,17-30,13.6794033,827.626526,
3,17,15,17-15,Leaf,,,,,-0.00718178693,395.759674,
3,17,16,17-16,Leaf,,,,,-0.0134223253,470.710388,
3,17,17,17-17,Leaf,,,,,-0.0123347444,148.365189,
3,17,18,17-18,Leaf,,,,,-0.00191930332,1373.06274,
3,17,19,17-19,Leaf,,,,,-0.00922288001,422.709381,
3,17,20,17-20,Leaf,,,,,0.00184719323,60.6763,
3,17,21,17-21,Leaf,,,,,-0.0122896945,119.278938,
3,17,22,17-22,Leaf,,,,,-0.000863898254,8754.67285,
3,17,23,17-23,Leaf,,,,,0.00263335952,2739.04663,
3,17,24,17-24,Leaf,,,,,-0.000536689884,6182.19287,
3,17,25,17-25,Leaf,,,,,0.00210282672,7723.62012,
3,17,26,17-26,Leaf,,,,,0.00714555616,930.285034,
3,17,27,17-27,Leaf,,,,,0.000191909552,3927.64209,
3,17,28,17-28,Leaf,,,,,-0.00306692161,3304.43652,
3,17,29,17-29,Leaf,,,,,-0.00534435315,76.0890808,
3,17,30,17-30,Leaf,,,,,0.00524485391,751.537415,
3,18,0,18-0,recent_finish_percentile_weighted_3_minus_race_mean,-0.150157809,18-1,18-2,18-2,126.551758,37195.1211,
3,18,1,18-1,jockey_history_top3_excess,-0.0152178463,18-3,18-4,18-3,37.0537949,3558.85327,
3,18,2,18-2,jockey_history_top3_excess,0.00162350549,18-5,18-6,18-5,61.9459419,33636.2656,
3,18,3,18-3,form_class_level_weighted_3,63.6666679,18-7,18-8,18-7,20.6767807,1261.81165,
3,18,4,18-4,recent_finish_percentile_weighted_3_minus_race_mean,-0.407991618,18-9,18-10,18-10,15.7862148,2297.04175,
3,18,5,18-5,form_class_level_weighted_3,62.0,18-11,18-12,18-11,36.8034134,13522.1572,
3,18,6,18-6,good_starts,14.0,18-13,18-14,18-13,46.9097786,20114.1094,
3,18,7,18-7,good_starts,7.0,18-15,18-16,18-16,4.03105164,684.430176,
3,18,8,18-8,good_starts,9.0,18-17,18-18,18-18,19.4542885,577.381409,
3,18,9,18-9,recent_finish_percentile_rank,5.0,18-19,18-20,18-19,5.27246857,124.242813,
3,18,10,18-10,form_class_level_weighted_3,60.6666679,18-21,18-22,18-21,11.7975006,2172.79883,
3,18,11,18-11,recent_finish_percentile_weighted_3_minus_race_mean,0.0979245007,18-23,18-24,18-23,34.1062126,8103.68506,
3,18,12,18-12,distance_minus_recent_avg,416.666656,18-25,18-26,18-26,18.0416164,5418.47168,
3,18,13,18-13,recent_finish_percentile_weighted_3_minus_race_mean,0.313711196,18-27,18-28,18-27,36.2962036,16737.5469,
3,18,14,18-14,current_weight_change_pct,-0.043103449,18-29,18-30,18-30,22.2204857,3376.56348,
3,18,15,18-15,Leaf,,,,,-0.0128050214,367.32785,
3,18,16,18-16,Leaf,,,,,-0.00814605784,317.102325,
3,18,17,18-17,Leaf,,,,,0.000988172018,248.887802,
3,18,18,18-18,Leaf,,,,,-0.00816304516,328.493622,
3,18,19,18-19,Leaf,,,,,-0.0,23.8373795,
3,18,20,18-20,Leaf,,,,,-0.0131767383,100.405434,
3,18,21,18-21,Leaf,,,,,-0.00433909893,823.504028,
3,18,22,18-22,Leaf,,,,,-0.000544909504,1349.29492,
3,18,23,18-23,Leaf,,,,,-0.00385203562,3227.94653,
3,18,24,18-24,Leaf,,,,,-0.000539028901,4875.73828,
3,18,25,18-25,Leaf,,,,,0.000389872293,5031.96338,
3,18,26,18-26,Leaf,,,,,0.0059323376,386.508667,
3,18,27,18-27,Leaf,,,,,0.00145803089,14373.8896,
3,18,28,18-28,Leaf,,,,,0.00479933759,2363.65649,
3,18,29,18-29,Leaf,,,,,-0.00782328472,287.374695,
3,18,30,18-30,Leaf,,,,,-0.000660652237,3089.18872,
3,19,0,19-0,recent_weighted_avg_margin,5.22812605,19-1,19-2,19-2,115.036797,37189.5508,
3,19,1,19-1,jockey_history_top3_excess,0.0747099146,19-3,19-4,19-3,63.0714111,30927.8828,
3,19,2,19-2,trainer_history_top3_excess,0.0420240685,19-5,19-6,19-5,51.4530029,6261.66699,
3,19,3,19-3,best_finish_percentile_at_stronger_class,0.75,19-7,19-8,19-7,49.385025,24063.5371,
3,19,4,19-4,recent_margin_quality_weighted_3_minus_race_mean,0.238319516,19-9,19-10,19-10,29.1538849,6864.34521,
3,19,5,19-5,form_class_level_weighted_3,52.6666679,19-11,19-12,19-11,48.9540405,4470.60645,
3,19,6,19-6,distance_minus_recent_avg,-185.5,19-13,19-14,19-14,22.9177742,1791.06055,
3,19,7,19-7,trainer_history_top3_excess,-0.0351423696,19-15,19-16,19-16,32.2273865,11449.2158,
3,19,8,19-8,good_starts,17.0,19-17,19-18,19-18,43.8498764,12614.3213,
3,19,9,19-9,form_class_level_weighted_3,67.0,19-19,19-20,19-19,14.5773926,5099.41357,
3,19,10,19-10,trainer_history_top3_excess,0.0225353949,19-21,19-22,19-21,22.5617828,1764.93164,
3,19,11,19-11,recent_margin_quality_weighted_3_minus_race_mean,-0.142014325,19-23,19-24,19-24,26.326889,1935.89661,
3,19,12,19-12,recent_margin_quality_weighted_3_minus_race_mean,-0.151955798,19-25,19-26,19-26,28.5114632,2534.70972,
3,19,13,19-13,current_weight_change_pct,0.0857142881,19-27,19-28,19-27,11.9920902,106.695679,
3,19,14,19-14,best_finish_percentile_at_stronger_class,0.391304344,19-29,19-30,19-30,10.749527,1684.36487,
3,19,15,19-15,Leaf,,,,,-0.00433317665,1647.41833,
3,19,16,19-16,Leaf,,,,,-0.000561709283,9801.79785,
3,19,17,19-17,Leaf,,,,,0.0017845534,10688.792,
3,19,18,19-18,Leaf,,,,,-0.00230451603,1925.52979,
3,19,19,19-19,Leaf,,,,,0.000746293168,3095.91553,
3,19,20,19-20,Leaf,,,,,0.00348568591,2003.49792,
3,19,21,19-21,Leaf,,,,,0.000959911849,490.146545,
3,19,22,19-22,Leaf,,,,,0.0073014372,1274.78503,
3,19,23,19-23,Leaf,,,,,-0.0126592284,460.600494,
3,19,24,19-24,Leaf,,,,,-0.00574215269,1475.29614,
3,19,25,19-25,Leaf,,,,,-0.00548034534,977.896118,
3,19,26,19-26,Leaf,,,,,-4.60014599e-05,1556.81372,
3,19,27,19-27,Leaf,,,,,-0.01339217,92.1281815,
3,19,28,19-28,Leaf,,,,,0.00711715082,14.5674992,
3,19,29,19-29,Leaf,,,,,-0.00425102375,184.540771,
3,19,30,19-30,Leaf,,,,,0.00199294602,1499.8241,
3,20,0,20-0,recent_finish_percentile_rank,4.0,20-1,20-2,20-2,112.69442,36674.0469,
3,20,1,20-1,recent_last600_best_3,35.4300003,20-3,20-4,20-4,42.7827911,18829.9629,
3,20,2,20-2,form_class_level_weighted_3,53.5999985,20-5,20-6,20-6,94.5024948,17844.082,
3,20,3,20-3,recent_margin_quality_weighted_3_minus_race_mean,0.219716489,20-7,20-8,20-8,54.611702,11927.9131,
3,20,4,20-4,prize_money_rank,4.0,20-9,20-10,20-10,25.7052574,6902.0498,
3,20,5,20-5,recent_margin_quality_weighted_3_minus_race_mean,-0.0360839367,20-11,20-12,20-12,40.8629608,3502.39087,
3,20,6,20-6,recent_finish_percentile_weighted_3_minus_race_mean,-0.311829627,20-13,20-14,20-14,38.0515747,14341.6914,
3,20,7,20-7,trainer_history_top3_excess,0.0204545446,20-15,20-16,20-15,27.067173,7352.32422,
3,20,8,20-8,good_starts,6.0,20-17,20-18,20-18,48.2078247,4575.58936,
3,20,9,20-9,recent_margin_quality_weighted_3_minus_race_mean,0.0808374286,20-19,20-20,20-20,17.7921925,2686.75024,
3,20,10,20-10,recent_5_weight_kg,58.5,20-21,20-22,20-22,19.4542885,4215.29932,
3,20,11,20-11,recent_weighted_avg_margin,7.78488922,20-23,20-24,20-24,10.2756195,1230.85876,
3,20,12,20-12,good_starts,5.0,20-25,20-26,20-26,20.7144432,2271.53198,
3,20,13,20-13,recent_margin_quality_weighted_3_minus_race_mean,-0.294749916,20-27,20-28,20-28,11.2446709,629.731201,
3,20,14,20-14,good_starts,10.0,20-29,20-30,20-29,26.2375488,13711.96,
3,20,15,20-15,Leaf,,,,,-0.00101721764,2955.40381,
3,20,16,20-16,Leaf,,,,,0.00207172171,4396.92041,
3,20,17,20-17,Leaf,,,,,0.00654911483,2591.11694,
3,20,18,20-18,Leaf,,,,,0.00136241631,1984.47217,
3,20,19,20-19,Leaf,,,,,-0.00188710319,674.272034,
3,20,20,20-20,Leaf,,,,,0.00277768518,2012.47827,
3,20,21,20-21,Leaf,,,,,-0.00322090439,2099.38989,
3,20,22,20-22,Leaf,,,,,0.000168414554,2115.90942,
3,20,23,20-23,Leaf,,,,,-0.0070704855,827.368042,
3,20,24,20-24,Leaf,,,,,-0.0122086825,403.490784,
3,20,25,20-25,Leaf,,,,,-0.00174168532,1688.01562,
3,20,26,20-26,Leaf,,,,,-0.00719651068,583.516418,
3,20,27,20-27,Leaf,,,,,-0.0110218702,222.428436,
3,20,28,20-28,Leaf,,,,,-0.00391789805,407.302795,
3,20,29,20-29,Leaf,,,,,0.000598835642,7954.52148,
3,20,30,20-30,Leaf,,,,,-0.00161505584,5757.43848,
3,21,0,21-0,recent_finish_percentile_weighted_6_rank_in_race,6.0,21-1,21-2,21-2,107.496376,36609.7031,
3,21,1,21-1,recent_finish_percentile_weighted_3_minus_race_mean,0.261309385,21-3,21-4,21-3,42.4770737,26829.8711,
3,21,2,21-2,form_class_level_weighted_3,62.0,21-5,21-6,21-5,62.688324,9779.83008,
3,21,3,21-3,distance_minus_recent_avg,-308.333344,21-7,21-8,21-8,33.0673714,19364.1504,
3,21,4,21-4,recent_margin_std_6,2.24269176,21-9,21-10,21-10,38.6991272,7465.72168,
3,21,5,21-5,trainer_history_top3_excess,-0.0357721969,21-11,21-12,21-11,42.0634003,4706.57617,
3,21,6,21-6,good_starts,17.0,21-13,21-14,21-14,44.742527,5073.25342,
3,21,7,21-7,jockey_trainer_history_smoothed_top3_rate_gap_to_best,0.0506993234,21-15,21-16,21-15,6.5812664,330.274689,
3,21,8,21-8,form_class_level_weighted_3,63.0,21-17,21-18,21-17,33.3487625,19033.875,
3,21,9,21-9,form_class_level_weighted_3,51.6666679,21-19,21-20,21-20,26.1653214,3715.43457,
3,21,10,21-10,jockey_history_starts,221.0,21-21,21-22,21-21,25.4264812,3750.28711,
3,21,11,21-11,recent_weighted_avg_margin,7.37324715,21-23,21-24,21-23,21.1069031,1336.2981,
3,21,12,21-12,recent_margin_std_6,2.72470188,21-25,21-26,21-25,18.2919197,3370.27783,
3,21,13,21-13,prize_money_rank,5.0,21-27,21-28,21-28,26.6497002,3940.42065,
3,21,14,21-14,good_wins,9.0,21-29,21-30,21-30,12.1635933,1132.83301,
3,21,15,21-15,Leaf,,,,,-0.0107075702,177.597702,
3,21,16,21-16,Leaf,,,,,-0.00332211936,152.677002,
3,21,17,21-17,Leaf,,,,,-0.000521478651,11207.8643,
3,21,18,21-18,Leaf,,,,,0.00160389824,7826.01074,
3,21,19,21-19,Leaf,,,,,0.00724134222,1215.36182,
3,21,20,21-20,Leaf,,,,,0.00275329663,2500.07275,
3,21,21,21-21,Leaf,,,,,-0.000121985118,3307.0625,
3,21,22,21-22,Leaf,,,,,0.00619025389,443.224609,
3,21,23,21-23,Leaf,,,,,-0.00622131769,1031.85278,
3,21,24,21-24,Leaf,,,,,-0.0138165941,304.445374,
3,21,25,21-25,Leaf,,,,,-0.000853710517,1606.28503,
3,21,26,21-26,Leaf,,,,,-0.00454846444,1763.99292,
3,21,27,21-27,Leaf,,,,,0.00333504425,1682.93396,
3,21,28,21-28,Leaf,,,,,-0.000809992489,2257.48682,
3,21,29,21-29,Leaf,,,,,-0.00523015577,1082.18408,
3,21,30,21-30,Leaf,,,,,0.00639057253,50.6489067,
3,22,0,22-0,recent_weighted_avg_margin,4.39091301,22-1,22-2,22-2,109.584831,36304.4141,
3,22,1,22-1,prize_money_rank,3.0,22-3,22-4,22-4,55.345726,26975.6328,
3,22,2,22-2,trainer_history_top3_excess,-0.00511363614,22-5,22-6,22-5,45.1198578,9328.78027,
3,22,3,22-3,recent_margin_quality_weighted_3_minus_race_mean,0.20610103,22-7,22-8,22-8,38.354866,6493.24121,
3,22,4,22-4,good_starts,6.0,22-9,22-10,22-10,27.172266,20482.3906,
3,22,5,22-5,form_class_level_weighted_3,53.0,22-11,22-12,22-11,28.6469116,4207.646,
3,22,6,22-6,current_weight_change_pct,-0.017699115,22-13,22-14,22-14,20.582449,5121.13428,
3,22,7,22-7,form_class_level_weighted_3,101.666664,22-15,22-16,22-15,13.2916489,4300.99316,
3,22,8,22-8,hidden_sectional_run_best_3_gap_to_best,0.105473295,22-17,22-18,22-17,25.5520172,2192.24829,
3,22,9,22-9,trainer_history_top3_excess,-0.0108795678,22-19,22-20,22-19,29.2954254,10723.6436,
3,22,10,22-10,form_class_level_weighted_3,59.2000008,22-21,22-22,22-22,19.6393547,9758.74805,
3,22,11,22-11,recent_finish_percentile_weighted_3_minus_race_mean,0.0774794817,22-23,22-24,22-24,28.5221786,1670.52185,
3,22,12,22-12,recent_finish_percentile_weighted_3_minus_race_mean,-0.285822719,22-25,22-26,22-26,24.0362206,2537.12402,
3,22,13,22-13,form_class_level_weighted_3,64.0,22-27,22-28,22-27,17.3887157,632.649048,
3,22,14,22-14,recent_finish_percentile_weighted_3_minus_race_mean,-0.161171913,22-29,22-30,22-30,17.8786831,4488.48535,
3,22,15,22-15,Leaf,,,,,0.00100114651,3876.62451,
3,22,16,22-16,Leaf,,,,,0.00562332338,424.368408,
3,22,17,22-17,Leaf,,,,,0.00112764444,605.003418,
3,22,18,22-18,Leaf,,,,,0.00719459867,1587.24475,
3,22,19,22-19,Leaf,,,,,-0.00139040675,2348.86279,
3,22,20,22-20,Leaf,,,,,0.00176311436,8374.78027,
3,22,21,22-21,Leaf,,,,,-0.0025897189,2637.02393,
3,22,22,22-22,Leaf,,,,,-6.66190972e-05,7121.72363,
3,22,23,22-23,Leaf,,,,,-0.00949826371,975.571106,
3,22,24,22-24,Leaf,,,,,-0.002813773,694.950745,
3,22,25,22-25,Leaf,,,,,-0.00911824498,294.913025,
3,22,26,22-26,Leaf,,,,,-0.00161546876,2242.21094,
3,22,27,22-27,Leaf,,,,,-0.00890679937,320.308228,
3,22,28,22-28,Leaf,,,,,-0.000633926073,312.34079,
3,22,29,22-29,Leaf,,,,,-0.00331846997,869.661743,
3,22,30,22-30,Leaf,,,,,0.000653956493,3618.82373,
3,23,0,23-0,recent_margin_quality_weighted_3_minus_race_mean,-0.0360839367,23-1,23-2,23-1,105.277351,36065.1406,
3,23,1,23-1,form_class_level_weighted_3,57.0,23-3,23-4,23-4,71.392662,8443.74414,
3,23,2,23-2,jockey_history_top3_excess,0.14005594,23-5,23-6,23-5,54.7953796,27621.3965,
3,23,3,23-3,recent_finish_percentile_rank,4.0,23-7,23-8,23-8,18.6256104,2208.11035,
3,23,4,23-4,jockey_history_top3_excess,0.0635045245,23-9,23-10,23-9,35.4558868,6235.6333,
3,23,5,23-5,recent_last600_best_3,34.8400002,23-11,23-12,23-12,42.2266464,26132.5547,
3,23,6,23-6,recent_margin_quality_weighted_3_minus_race_mean,0.223216027,23-13,23-14,23-14,16.9547577,1488.84204,
3,23,7,23-7,recent_last600_best_3,33.7700005,23-15,23-16,23-15,13.1497393,507.635315,
3,23,8,23-8,recent_3_distance_m,793.0,23-17,23-18,23-18,18.1093292,1700.4751,
3,23,9,23-9,recent_finish_percentile_weighted_3_minus_race_mean,-0.211349308,23-19,23-20,23-19,17.3069305,4686.99707,
3,23,10,23-10,recent_margin_quality_weighted_3_minus_race_mean,-0.265642911,23-21,23-22,23-22,12.1300936,1548.6366,
3,23,11,23-11,recent_finish_percentile_weighted_3_minus_race_mean,0.359402239,23-23,23-24,23-24,38.1371765,12388.9883,
3,23,12,23-12,prize_money_rank,5.0,23-25,23-26,23-26,22.5048294,13743.5674,
3,23,13,23-13,recent_margin_quality_weighted_3_minus_race_mean,0.199903965,23-27,23-28,23-28,12.8329353,969.730164,
3,23,14,23-14,horse_jockey_win_rate_rank,2.0,23-29,23-30,23-29,12.6357269,519.111938,
3,23,15,23-15,Leaf,,,,,0.00288744993,199.797501,
3,23,16,23-16,Leaf,,,,,-0.00518396357,307.83783,
3,23,17,23-17,Leaf,,,,,0.00860267039,34.3900261,
3,23,18,23-18,Leaf,,,,,-0.00790704601,1666.08508,
3,23,19,23-19,Leaf,,,,,-0.00433954131,1494.82019,
3,23,20,23-20,Leaf,,,,,-0.00107824185,3192.17676,
3,23,21,23-21,Leaf,,,,,-0.00520632742,116.897179,
3,23,22,23-22,Leaf,,,,,0.00286749727,1431.73938,
3,23,23,23-23,Leaf,,,,,0.00115801836,11434.1406,
3,23,24,23-24,Leaf,,,,,0.00633839471,954.846924,
3,23,25,23-25,Leaf,,,,,0.000617933983,6498.58691,
3,23,26,23-26,Leaf,,,,,-0.00140660617,7244.98047,
3,23,27,23-27,Leaf,,,,,0.00429792562,885.90155,
3,23,28,23-28,Leaf,,,,,-0.00546351122,83.8286133,
3,23,29,23-29,Leaf,,,,,0.0108954217,420.792572,
3,23,30,23-30,Leaf,,,,,0.000805655029,98.3193741,
3,24,0,24-0,recent_finish_percentile_weighted_3_minus_race_mean,-0.155434132,24-1,24-2,24-2,103.895424,35727.4609,
3,24,1,24-1,jockey_history_top3_excess,-0.0140938014,24-3,24-4,24-3,39.9048615,3203.4126,
3,24,2,24-2,jockey_history_top3_excess,0.0505744256,24-5,24-6,24-5,65.3634033,32524.0488,
3,24,3,24-3,best_finish_percentile_at_stronger_class,0.583333313,24-7,24-8,24-7,19.7732468,1141.64185,
3,24,4,24-4,best_finish_percentile_at_stronger_class,0.777777791,24-9,24-10,24-9,21.5016651,2061.77075,
3,24,5,24-5,best_finish_percentile_at_stronger_class,0.733333349,24-11,24-12,24-11,48.2761307,22088.2168,
3,24,6,24-6,recent_margin_quality_weighted_3_minus_race_mean,0.34690398,24-13,24-14,24-13,33.9201736,10435.8311,
3,24,7,24-7,recent_weighted_avg_margin,2.22097301,24-15,24-16,24-16,10.4883118,646.309753,
3,24,8,24-8,best_finish_percentile_at_equal_or_higher_weight,0.909090936,24-17,24-18,24-18,8.97270584,495.332001,
3,24,9,24-9,jockey_trainer_history_smoothed_top3_rate_gap_to_best,0.100907028,24-19,24-20,24-20,16.4687195,1401.43469,
3,24,10,24-10,jockey_trainer_history_smoothed_top3_rate_gap_to_best,0.00994318724,24-21,24-22,24-21,13.514946,660.336182,
3,24,11,24-11,recent_finish_percentile_weighted_3_minus_race_mean,0.168253362,24-23,24-24,24-23,34.7367401,10663.6357,
3,24,12,24-12,distance_minus_recent_avg,-241.666672,24-25,24-26,24-26,21.0835133,11424.5811,
3,24,13,24-13,distance_minus_recent_avg,-368.333344,24-27,24-28,24-28,19.9138489,9651.97852,
3,24,14,24-14,recent_weighted_avg_margin,3.034091,24-29,24-30,24-30,17.9478798,783.852539,
3,24,15,24-15,Leaf,,,,,0.00397325121,22.8270969,
3,24,16,24-16,Leaf,,,,,-0.0116514629,623.482666,
3,24,17,24-17,Leaf,,,,,-0.00705756387,286.340576,
3,24,18,24-18,Leaf,,,,,-0.000248864206,208.991455,
3,24,19,24-19,Leaf,,,,,-0.000640788523,544.182312,
3,24,20,24-20,Leaf,,,,,-0.00621563382,857.252319,
3,24,21,24-21,Leaf,,,,,0.00480042165,337.992035,
3,24,22,24-22,Leaf,,,,,-0.00224926043,322.344147,
3,24,23,24-23,Leaf,,,,,-0.00280864513,6635.01074,
3,24,24,24-24,Leaf,,,,,0.000131748457,4028.62524,
3,24,25,24-25,Leaf,,,,,-0.00494639389,397.160461,
3,24,26,24-26,Leaf,,,,,0.000845632225,11027.4209,
3,24,27,24-27,Leaf,,,,,-0.0109317945,69.9062347,
3,24,28,24-28,Leaf,,,,,0.0016023278,9582.07227,
3,24,29,24-29,Leaf,,,,,0.00818119105,700.630432,
3,24,30,24-30,Leaf,,,,,-0.00368308462,83.2221451,
3,25,0,25-0,recent_finish_percentile_weighted_3_minus_race_mean,0.0910580754,25-1,25-2,25-1,95.1516571,35708.8242,
3,25,1,25-1,form_class_level_weighted_3,58.3333321,25-3,25-4,25-3,53.7937202,15920.4219,
3,25,2,25-2,recent_last600_best_3,34.7999992,25-5,25-6,25-6,44.585186,19788.4004,
3,25,3,25-3,jockey_history_top3_excess,-0.0431180336,25-7,25-8,25-8,48.6903305,6334.1626,
3,25,4,25-4,good_starts,15.0,25-9,25-10,25-10,32.9312401,9586.25977,
3,25,5,25-5,good_starts,15.0,25-11,25-12,25-12,29.6440582,9295.00293,
3,25,6,25-6,jockey_history_starts,158.0,25-13,25-14,25-13,30.0766277,10493.3984,
3,25,7,25-7,trainer_history_top3_excess,-0.0597073399,25-15,25-16,25-15,16.2530899,1293.62207,
3,25,8,25-8,recent_weighted_avg_margin_rank,4.0,25-17,25-18,25-17,30.6640358,5040.54053,
3,25,9,25-9,current_weight_change_pct,-0.0341880359,25-19,25-20,25-19,20.7972717,6994.44531,
3,25,10,25-10,jockey_history_top3_excess,-0.0152178463,25-21,25-22,25-21,11.9743328,2591.81421,
3,25,11,25-11,prize_money_rank,2.0,25-23,25-24,25-24,21.8395309,8058.65186,
3,25,12,25-12,trainer_history_top3_excess,0.127768487,25-25,25-26,25-25,21.2976971,1236.35132,
3,25,13,25-13,prize_money_rank,5.0,25-27,25-28,25-28,26.2713966,7727.45068,
3,25,14,25-14,recent_last600_best_3,35.5600014,25-29,25-30,25-29,14.9600353,2765.94751,
3,25,15,25-15,Leaf,,,,,-0.0124893552,314.56131,
3,25,16,25-16,Leaf,,,,,-0.00583641557,979.060669,
3,25,17,25-17,Leaf,,,,,0.000382865488,1909.97766,
3,25,18,25-18,Leaf,,,,,-0.00362955383,3130.56274,
3,25,19,25-19,Leaf,,,,,-0.00201485329,1458.94543,
3,25,20,25-20,Leaf,,,,,0.00133018778,5535.5,
3,25,21,25-21,Leaf,,,,,-0.00494084647,921.341919,
3,25,22,25-22,Leaf,,,,,-0.00138241146,1670.47229,
3,25,23,25-23,Leaf,,,,,0.00657734508,920.83667,
3,25,24,25-24,Leaf,,,,,0.00248773,7137.81494,
3,25,25,25-25,Leaf,,,,,-0.00218576263,1136.44434,
3,25,26,25-26,Leaf,,,,,0.00933441892,99.9069824,
3,25,27,25-27,Leaf,,,,,0.000704446691,3821.24097,
3,25,28,25-28,Leaf,,,,,-0.0022070033,3906.20947,
3,25,29,25-29,Leaf,,,,,0.00361571717,1791.67444,
3,25,30,25-30,Leaf,,,,,-0.000221607377,974.273132,
3,26,0,26-0,trainer_history_top3_excess,0.0161253326,26-1,26-2,26-1,90.8397598,35435.4062,
3,26,1,26-1,recent_weighted_avg_margin,4.91573286,26-3,26-4,26-4,66.4304352,15540.0664,
3,26,2,26-2,good_starts,18.0,26-5,26-6,26-6,52.8750572,19895.3379,
3,26,3,26-3,current_weight_change_pct,-0.017699115,26-7,26-8,26-7,28.0150948,11490.582,
3,26,4,26-4,recent_weighted_avg_margin,9.59683704,26-9,26-10,26-9,29.3279343,4049.48364,
3,26,5,26-5,jockey_history_top3_excess,0.145747766,26-11,26-12,26-12,44.5064621,18038.6758,
3,26,6,26-6,recent_last600_best_3,36.3800011,26-13,26-14,26-14,10.129509,1856.66211,
3,26,7,26-7,recent_margin_std_6,1.76776695,26-15,26-16,26-16,21.9062424,2988.50195,
3,26,8,26-8,jockey_history_top3_excess,0.0261211004,26-17,26-18,26-17,17.440115,8502.08008,
3,26,9,26-9,jockey_trainer_history_smoothed_top3_rate_gap_to_best,0.174825177,26-19,26-20,26-20,22.0165482,3617.77393,
3,26,10,26-10,recent_3_margin,31.2999992,26-21,26-22,26-21,12.5709457,431.709656,
3,26,11,26-11,recent_margin_std_6,2.82394528,26-23,26-24,26-24,29.1133652,16795.9316,
3,26,12,26-12,recent_finish_percentile_weighted_6_rank_in_race,2.0,26-25,26-26,26-26,15.684906,1242.74512,
3,26,13,26-13,jockey_recent_top3_excess,0.278186262,26-27,26-28,26-27,10.620224,1415.25793,
3,26,14,26-14,recent_3_margin,3.9000001,26-29,26-30,26-29,9.75655079,441.404205,
3,26,15,26-15,Leaf,,,,,0.000853330537,875.5755,
3,26,16,26-16,Leaf,,,,,-0.00383251789,2112.92651,
3,26,17,26-17,Leaf,,,,,-0.000534066116,5275.4668,
3,26,18,26-18,Leaf,,,,,0.00179583544,3226.61353,
3,26,19,26-19,Leaf,,,,,-0.00128441537,1722.56812,
3,26,20,26-20,Leaf,,,,,-0.00520023843,1895.20581,
3,26,21,26-21,Leaf,,,,,-0.0114985397,394.644592,
3,26,22,26-22,Leaf,,,,,0.00290862261,37.0650787,
3,26,23,26-23,Leaf,,,,,0.00211160723,10152.7246,
3,26,24,26-24,Leaf,,,,,-1.56943588e-05,6643.20605,
3,26,25,26-25,Leaf,,,,,0.0109625319,313.374725,
3,26,26,26-26,Leaf,,,,,0.0044331844,929.370361,
3,26,27,26-27,Leaf,,,,,-0.00417685742,1385.72974,
3,26,28,26-28,Leaf,,,,,0.00906084292,29.5282688,
3,26,29,26-29,Leaf,,,,,-0.00285201473,240.640137,
3,26,30,26-30,Leaf,,,,,0.00444380054,200.764069,
3,27,0,27-0,recent_finish_percentile_weighted_6_rank_in_race,5.0,27-1,27-2,27-2,88.4035263,35322.0547,
3,27,1,27-1,recent_finish_percentile_weighted_3_minus_race_mean,0.352190316,27-3,27-4,27-3,35.8307724,22539.5684,
3,27,2,27-2,jockey_history_top3_excess,0.00929614715,27-5,27-6,27-5,52.4058647,12782.4873,
3,27,3,27-3,jockey_history_top3_excess,0.14005594,27-7,27-8,27-7,27.7911396,19957.5957,
3,27,4,27-4,recent_similar_distance_speed_rank,5.0,27-9,27-10,27-10,28.4310722,2581.97241,
3,27,5,27-5,form_class_level_weighted_3,53.5999985,27-11,27-12,27-11,27.1877975,5890.15186,
3,27,6,27-6,form_class_level_weighted_3,59.0,27-13,27-14,27-13,25.3795509,6892.33545,
3,27,7,27-7,recent_similar_distance_speed_rank,8.0,27-15,27-16,27-15,26.916563,18900.2559,
3,27,8,27-8,recent_finish_percentile_weighted_3_minus_race_mean,0.224479169,27-17,27-18,27-18,17.5135384,1057.33936,
3,27,9,27-9,recent_last600_best_3,35.1699982,27-19,27-20,27-20,16.902298,1221.41028,
3,27,10,27-10,form_class_level_weighted_3,67.6666641,27-21,27-22,27-21,18.5338306,1360.56201,
3,27,11,27-11,trainer_history_top3_excess,-0.0248917751,27-23,27-24,27-24,29.6182785,1713.00977,
3,27,12,27-12,recent_finish_percentile_weighted_3_minus_race_mean,-0.232147262,27-25,27-26,27-26,23.9177399,4177.14209,
3,27,13,27-13,prize_money_rank,15.0,27-27,27-28,27-28,12.7260818,2558.44312,
3,27,14,27-14,jockey_history_starts,18.0,27-29,27-30,27-30,17.519207,4333.89209,
3,27,15,27-15,Leaf,,,,,0.000770640967,16138.6973,
3,27,16,27-16,Leaf,,,,,-0.00189584831,2761.55884,
3,27,17,27-17,Leaf,,,,,0.0019737361,661.735229,
3,27,18,27-18,Leaf,,,,,0.00863004569,395.604156,
3,27,19,27-19,Leaf,,,,,0.00884690043,738.654236,
3,27,20,27-20,Leaf,,,,,0.00274590775,482.756012,
3,27,21,27-21,Leaf,,,,,0.0022888619,1204.27649,
3,27,22,27-22,Leaf,,,,,-0.00661047176,156.285507,
3,27,23,27-23,Leaf,,,,,-0.0107577601,551.143555,
3,27,24,27-24,Leaf,,,,,-0.0036915571,1161.86621,
3,27,25,27-25,Leaf,,,,,-0.00687261904,595.2677,
3,27,26,27-26,Leaf,,,,,-0.00148623518,3581.87451,
3,27,27,27-27,Leaf,,,,,-0.00237869052,2515.03052,
3,27,28,27-28,Leaf,,,,,0.00996707473,43.4127846,
3,27,29,27-29,Leaf,,,,,-0.00455937907,317.000427,
3,27,30,27-30,Leaf,,,,,0.00145690283,4016.89185,
3,28,0,28-0,recent_finish_percentile_weighted_3_minus_race_mean,0.0796478391,28-1,28-2,28-1,90.3146896,35168.5352,
3,28,1,28-1,best_finish_percentile_at_stronger_class,0.733333349,28-3,28-4,28-3,42.6405487,14832.0264,
3,28,2,28-2,good_starts,19.0,28-5,28-6,28-6,30.5049706,20336.5078,
3,28,3,28-3,recent_finish_percentile_weighted_3_minus_race_mean,-0.152831584,28-7,28-8,28-8,37.1374817,8679.9082,
3,28,4,28-4,horse_jockey_win_rate_rank,5.0,28-9,28-10,28-9,12.8510323,6152.11865,
3,28,5,28-5,recent_margin_std_6,1.92431808,28-11,28-12,28-12,29.733078,18347.3887,
3,28,6,28-6,best_finish_percentile_at_equal_or_higher_weight,0.200000003,28-13,28-14,28-13,17.0416832,1989.11902,
3,28,7,28-7,recent_3_margin,9.89999962,28-15,28-16,28-15,17.0568542,2144.09497,
3,28,8,28-8,jockey_trainer_history_smoothed_top3_rate_gap_to_best,0.286594778,28-17,28-18,28-18,18.8520889,6535.81348,
3,28,9,28-9,distance_minus_recent_avg,-33.3333321,28-19,28-20,28-20,12.8148451,5721.22656,
3,28,10,28-10,hidden_sectional_run_best_3,0.15902321,28-21,28-22,28-21,7.83642578,430.891754,
3,28,11,28-11,recent_finish_percentile_weighted_3_minus_race_mean,0.281823516,28-23,28-24,28-24,26.5560608,6793.50195,
3,28,12,28-12,jockey_history_starts,158.0,28-25,28-26,28-26,20.4851856,11553.8867,
3,28,13,28-13,recent_3_margin,2.29999995,28-27,28-28,28-28,11.3528557,620.887817,
3,28,14,28-14,recent_3_distance_m,1180.0,28-29,28-30,28-30,22.1127987,1368.2312,
3,28,15,28-15,Leaf,,,,,-0.00447989348,1859.7085,
3,28,16,28-16,Leaf,,,,,-0.0110617774,284.386353,
3,28,17,28-17,Leaf,,,,,-0.000750034291,4647.91992,
3,28,18,28-18,Leaf,,,,,-0.00371177727,1887.89355,
3,28,19,28-19,Leaf,,,,,-0.00129748473,1744.17371,
3,28,20,28-20,Leaf,,,,,0.00126603281,3977.05298,
3,28,21,28-21,Leaf,,,,,-0.00997890439,94.1875305,
3,28,22,28-22,Leaf,,,,,-0.00200158777,336.704224,
3,28,23,28-23,Leaf,,,,,0.00168847002,4618.46387,
3,28,24,28-24,Leaf,,,,,0.0050435923,2175.03809,
3,28,25,28-25,Leaf,,,,,6.23261949e-05,8575.35254,
3,28,26,28-26,Leaf,,,,,0.00246677501,2978.53369,
3,28,27,28-27,Leaf,,,,,-0.00232521887,258.024475,
3,28,28,28-28,Leaf,,,,,0.00442313729,362.863342,
3,28,29,28-29,Leaf,,,,,-0.00936887972,289.362732,
3,28,30,28-30,Leaf,,,,,-0.00165465381,1078.86853,
3,29,0,29-0,recent_finish_percentile_weighted_6_rank_in_race,3.0,29-1,29-2,29-2,88.5539017,34772.293,
3,29,1,29-1,jockey_history_top3_excess,0.115262069,29-3,29-4,29-3,45.2310257,13340.6309,
3,29,2,29-2,jockey_history_top3_excess,-0.063271746,29-5,29-6,29-6,58.5281143,21431.6602,
3,29,3,29-3,prize_money_rank,5.0,29-7,29-8,29-8,28.29916,12123.2012,
3,29,4,29-4,trainer_history_top3_excess,0.134977192,29-9,29-10,29-9,14.7694855,1217.42883,
3,29,5,29-5,form_class_level_weighted_3,55.3333321,29-11,29-12,29-11,21.7302094,2160.17969,
3,29,6,29-6,recent_finish_percentile_weighted_3_minus_race_mean,-0.161171913,29-13,29-14,29-14,28.8879738,19271.4805,
3,29,7,29-7,trainer_history_top3_excess,0.0836172998,29-15,29-16,29-15,23.0855179,6148.52588,
3,29,8,29-8,jockey_history_top3_excess,-0.00878469273,29-17,29-18,29-17,34.2514763,5974.67529,
3,29,9,29-9,current_weight_change_pct,0.0454545468,29-19,29-20,29-20,12.9687119,1010.81293,
3,29,10,29-10,recent_5_weight_kg,57.5,29-21,29-22,29-22,13.7035599,206.615906,
3,29,11,29-11,recent_finish_percentile_weighted_3_minus_race_mean,0.0979245007,29-23,29-24,29-24,9.33317566,764.215637,
3,29,12,29-12,jockey_recent_top3_excess,-0.0980392173,29-25,29-26,29-26,16.7644386,1395.96411,
3,29,13,29-13,jockey_history_top3_excess,0.0635045245,29-27,29-28,29-27,21.1701279,2607.21094,
3,29,14,29-14,trainer_history_top3_excess,0.079690367,29-29,29-30,29-29,26.0992241,16664.2695,
3,29,15,29-15,Leaf,,,,,0.00155109202,5019.02197,
3,29,16,29-16,Leaf,,,,,0.00550304493,1129.50439,
3,29,17,29-17,Leaf,,,,,-0.00278139673,2008.11438,
3,29,18,29-18,Leaf,,,,,0.00121732475,3966.56104,
3,29,19,29-19,Leaf,,,,,0.00288949884,715.415466,
3,29,20,29-20,Leaf,,,,,0.00913840346,295.397461,
3,29,21,29-21,Leaf,,,,,-0.00296199089,28.2920227,
3,29,22,29-22,Leaf,,,,,0.0146149369,178.323883,
3,29,23,29-23,Leaf,,,,,-0.0103692068,491.207764,
3,29,24,29-24,Leaf,,,,,-0.00432135444,273.007843,
3,29,25,29-25,Leaf,,,,,-0.00519847171,851.360168,
3,29,26,29-26,Leaf,,,,,0.00038855031,544.604004,
3,29,27,29-27,Leaf,,,,,-0.00441235024,1893.78625,
3,29,28,29-28,Leaf,,,,,0.00062181463,713.424622,
3,29,29,29-29,Leaf,,,,,-0.000713310554,13236.0967,
3,29,30,29-30,Leaf,,,,,0.00173107965,3428.17407,
3,30,0,30-0,recent_weighted_avg_margin,4.39091301,30-1,30-2,30-2,85.2715607,34719.082,
3,30,1,30-1,recent_finish_percentile_rank,2.0,30-3,30-4,30-4,31.7199497,25774.0117,
3,30,2,30-2,trainer_history_top3_excess,0.0395812988,30-5,30-6,30-5,51.6654663,8945.06934,
3,30,3,30-3,prize_money_rank,2.0,30-7,30-8,30-8,31.5918732,6532.5874,
3,30,4,30-4,jockey_trainer_history_smoothed_top3_rate_gap_to_best,0.231411874,30-9,30-10,30-10,23.3288822,19241.4238,
3,30,5,30-5,best_finish_percentile_at_stronger_class,0.692307711,30-11,30-12,30-11,33.6555786,6085.00244,
3,30,6,30-6,recent_finish_percentile_weighted_3_minus_race_mean,-0.290859818,30-13,30-14,30-14,12.9070902,2860.06641,
3,30,7,30-7,jockey_history_starts,81.0,30-15,30-16,30-15,23.2218285,972.210205,
3,30,8,30-8,recent_finish_percentile_weighted_3_minus_race_mean,0.273286462,30-17,30-18,30-18,27.5699234,5560.37744,
3,30,9,30-9,recent_last600_best_3,34.5600014,30-19,30-20,30-19,13.4914846,13574.8613,
3,30,10,30-10,prize_money_rank,2.0,30-21,30-22,30-22,30.4328918,5666.56348,
3,30,11,30-11,recent_finish_percentile_weighted_3_minus_race_mean,-0.0925479531,30-23,30-24,30-24,17.8228149,3140.2395,
3,30,12,30-12,jockey_trainer_history_smoothed_top3_rate_gap_to_best,0.225158542,30-25,30-26,30-25,18.9049416,2944.76294,
3,30,13,30-13,recent_3_distance_m,1400.0,30-27,30-28,30-28,6.8273859,182.125916,
3,30,14,30-14,recent_3_distance_m,1500.0,30-29,30-30,30-29,12.2339573,2677.94043,
3,30,15,30-15,Leaf,,,,,0.00214011641,454.315369,
3,30,16,30-16,Leaf,,,,,0.00993038248,517.894836,
3,30,17,30-17,Leaf,,,,,-0.000397259108,2594.32251,
3,30,18,30-18,Leaf,,,,,0.00312535511,2966.05469,
3,30,19,30-19,Leaf,,,,,0.00141390727,8080.45215,
3,30,20,30-20,Leaf,,,,,-0.000190150109,5494.40869,
3,30,21,30-21,Leaf,,,,,0.00351726939,748.935486,
3,30,22,30-22,Leaf,,,,,-0.00186048879,4917.62793,
3,30,23,30-23,Leaf,,,,,-0.00737095019,1364.07898,
3,30,24,30-24,Leaf,,,,,-0.00352697633,1776.16052,
3,30,25,30-25,Leaf,,,,,-0.000924441323,2741.38086,
3,30,26,30-26,Leaf,,,,,-0.00866217073,203.381943,
3,30,27,30-27,Leaf,,,,,-0.0110135656,73.371376,
3,30,28,30-28,Leaf,,,,,-0.00128863787,108.754539,
3,30,29,30-29,Leaf,,,,,0.00211408339,1965.05322,
3,30,30,30-30,Leaf,,,,,-0.00168664788,712.887268,
3,31,0,31-0,recent_margin_quality_weighted_3_minus_race_mean,0.0898227096,31-1,31-2,31-1,91.2857895,34579.0859,
3,31,1,31-1,recent_weighted_avg_margin,7.69395399,31-3,31-4,31-3,58.0888824,16652.8516,
3,31,2,31-2,jockey_history_top3_excess,0.133503571,31-5,31-6,31-5,49.0045586,17926.2344,
3,31,3,31-3,best_finish_percentile_at_stronger_class,0.8125,31-7,31-8,31-7,26.9846287,15305.1455,
3,31,4,31-4,recent_finish_percentile_weighted_6_rank_in_race,5.0,31-9,31-10,31-10,17.2930069,1347.70569,
3,31,5,31-5,recent_similar_distance_speed_rank,6.0,31-11,31-12,31-12,32.8408585,16779.418,
3,31,6,31-6,recent_weighted_win_rate_rank,2.0,31-13,31-14,31-14,17.2699509,1146.81628,
3,31,7,31-7,jockey_recent_top3_excess,0.111307181,31-15,31-16,31-15,23.8300858,9841.29395,
3,31,8,31-8,good_starts,18.0,31-17,31-18,31-18,23.4286518,5463.85156,
3,31,9,31-9,current_weight_change_pct,-0.017699115,31-19,31-20,31-20,10.3139133,289.736664,
3,31,10,31-10,best_finish_percentile_at_stronger_class,0.800000012,31-21,31-22,31-21,11.1178131,1057.96912,
3,31,11,31-11,recent_margin_std_6,3.53067517,31-23,31-24,31-24,24.2920952,9775.65039,
3,31,12,31-12,recent_last600_best_3,35.3300018,31-25,31-26,31-26,23.1027355,7003.76709,
3,31,13,31-13,recent_weighted_avg_margin,1.0,31-27,31-28,31-28,9.70788574,417.88739,
3,31,14,31-14,historical_market_overperformance_slope_3,0.211538464,31-29,31-30,31-29,19.7834644,728.928894,
3,31,15,31-15,Leaf,,,,,-0.00229072035,7750.87598,
3,31,16,31-16,Leaf,,,,,0.000711608445,2090.41797,
3,31,17,31-17,Leaf,,,,,0.00122903765,4639.64014,
3,31,18,31-18,Leaf,,,,,-0.0033203389,824.211853,
3,31,19,31-19,Leaf,,,,,-0.0139840338,23.0704308,
3,31,20,31-20,Leaf,,,,,0.000784189091,266.666229,
3,31,21,31-21,Leaf,,,,,-0.00906633399,833.160706,
3,31,22,31-22,Leaf,,,,,-0.00261757127,224.80835,
3,31,23,31-23,Leaf,,,,,0.00250577182,7653.70996,
3,31,24,31-24,Leaf,,,,,-0.000512376952,2121.94043,
3,31,25,31-25,Leaf,,,,,0.00089591014,3878.38306,
3,31,26,31-26,Leaf,,,,,-0.00198796415,3125.38403,
3,31,27,31-27,Leaf,,,,,-0.00106318702,40.0768623,
3,31,28,31-28,Leaf,,,,,0.0114736967,377.810516,
3,31,29,31-29,Leaf,,,,,0.00543892151,631.774658,
3,31,30,31-30,Leaf,,,,,-0.0062104715,97.1542511,
3,32,0,32-0,recent_weighted_avg_margin,5.4000001,32-1,32-2,32-1,84.4866562,34308.3438,
3,32,1,32-1,good_starts,14.0,32-3,32-4,32-3,50.8326111,29517.2617,
3,32,2,32-2,trainer_history_top3_excess,0.0132575762,32-5,32-6,32-5,28.6892776,4791.08008,
3,32,3,32-3,jockey_recent_top3_excess,0.104898833,32-7,32-8,32-7,50.1284599,23864.0566,
3,32,4,32-4,jockey_recent_top3_excess,0.278186262,32-9,32-10,32-10,21.8313656,5653.20605,
3,32,5,32-5,form_class_level_weighted_3,51.6666679,32-11,32-12,32-11,36.1237793,2786.70972,
3,32,6,32-6,recent_finish_percentile_weighted_3_minus_race_mean,-0.00148099661,32-13,32-14,32-14,12.5099697,2004.37048,
3,32,7,32-7,trainer_history_top3_excess,-0.0351423696,32-15,32-16,32-15,29.5569496,17924.2754,
3,32,8,32-8,trainer_history_top3_excess,0.081835784,32-17,32-18,32-17,22.2881927,5939.78223,
3,32,9,32-9,current_weight_change_pct,-0.0769230798,32-19,32-20,32-20,19.7121506,5518.24316,
3,32,10,32-10,trainer_history_top3_excess,0.0379600413,32-21,32-22,32-22,11.1287365,134.962753,
3,32,11,32-11,best_finish_percentile_at_equal_or_higher_weight,0.846153855,32-23,32-24,32-23,11.7235565,1071.70081,
3,32,12,32-12,jockey_recent_top3_excess,-0.0644136816,32-25,32-26,32-25,15.9126968,1715.00891,
3,32,13,32-13,recent_3_margin,8.10000038,32-27,32-28,32-28,14.365449,1125.72156,
3,32,14,32-14,best_finish_percentile_at_equal_or_higher_weight,0.545454562,32-29,32-30,32-29,13.7798262,878.648865,
3,32,15,32-15,Leaf,,,,,-0.00200417009,2873.40967,
3,32,16,32-16,Leaf,,,,,0.00075844297,15050.8652,
3,32,17,32-17,Leaf,,,,,0.0019592545,4179.729,
3,32,18,32-18,Leaf,,,,,0.00532004097,1760.05273,
3,32,19,32-19,Leaf,,,,,-0.0101215336,167.470764,
3,32,20,32-20,Leaf,,,,,-0.00163219159,5350.77246,
3,32,21,32-21,Leaf,,,,,-0.000605240522,55.9401283,
3,32,22,32-22,Leaf,,,,,0.0134182442,79.0226288,
3,32,23,32-23,Leaf,,,,,-0.00930594373,938.343506,
3,32,24,32-24,Leaf,,,,,-0.0012322918,133.357254,
3,32,25,32-25,Leaf,,,,,-0.00576811936,586.646179,
3,32,26,32-26,Leaf,,,,,-0.000704736274,1128.36279,
3,32,27,32-27,Leaf,,,,,-0.000471668231,737.8703,
3,32,28,32-28,Leaf,,,,,-0.0063829096,387.851257,
3,32,29,32-29,Leaf,,,,,0.0046920944,411.578369,
3,32,30,32-30,Leaf,,,,,-0.00151203002,467.070496,
3,33,0,33-0,recent_finish_percentile_weighted_6_rank_in_race,6.0,33-1,33-2,33-2,82.3288956,33995.1055,
3,33,1,33-1,recent_finish_percentile_weighted_3_minus_race_mean,0.253948271,33-3,33-4,33-3,39.6639328,25034.9141,
3,33,2,33-2,best_finish_percentile_at_stronger_class,0.75,33-5,33-6,33-5,38.472229,8960.19238,
3,33,3,33-3,jockey_history_top3_excess,-0.057640478,33-7,33-8,33-7,35.460968,17638.4922,
3,33,4,33-4,prize_money_rank,4.0,33-9,33-10,33-10,27.0266724,7396.42139,
3,33,5,33-5,jockey_history_top3_excess,0.067592591,33-11,33-12,33-11,31.7870407,5613.43311,
3,33,6,33-6,recent_last600_best_3,34.4099998,33-13,33-14,33-13,9.99416542,3346.75928,
3,33,7,33-7,trainer_history_top3_excess,0.100523062,33-15,33-16,33-15,18.5816307,2011.67676,
3,33,8,33-8,trainer_history_top3_excess,0.158633247,33-17,33-18,33-17,17.7395916,15626.8154,
3,33,9,33-9,recent_5_weight_kg,54.0,33-19,33-20,33-19,15.5259476,2641.09082,
3,33,10,33-10,jockey_history_top3_excess,0.112675861,33-21,33-22,33-21,34.750145,4755.33008,
3,33,11,33-11,recent_finish_percentile_weighted_3_minus_race_mean,-0.152831584,33-23,33-24,33-24,35.5718384,4301.12256,
3,33,12,33-12,jockey_history_top3_excess,0.152532846,33-25,33-26,33-26,7.9085865,1312.31067,
3,33,13,33-13,trainer_history_top3_excess,0.0648760349,33-27,33-28,33-28,12.5693712,1739.8053,
3,33,14,33-14,trainer_history_top3_excess,0.0648760349,33-29,33-30,33-29,10.4595203,1606.95398,
3,33,15,33-15,Leaf,,,,,-0.0037514742,1883.0697,
3,33,16,33-16,Leaf,,,,,0.00575481914,128.607056,
3,33,17,33-17,Leaf,,,,,0.000251245481,15146.4932,
3,33,18,33-18,Leaf,,,,,0.00508422591,480.322296,
3,33,19,33-19,Leaf,,,,,0.00707955007,810.681152,
3,33,20,33-20,Leaf,,,,,0.0028963564,1830.40979,
3,33,21,33-21,Leaf,,,,,0.000293006859,4237.60547,
3,33,22,33-22,Leaf,,,,,0.00709888944,517.724792,
3,33,23,33-23,Leaf,,,,,-0.00773882074,1384.56897,
3,33,24,33-24,Leaf,,,,,-0.00285963877,2916.55347,
3,33,25,33-25,Leaf,,,,,-0.000864711066,1099.79346,
3,33,26,33-26,Leaf,,,,,0.00429932214,212.517212,
3,33,27,33-27,Leaf,,,,,0.00247509452,1324.36816,
3,33,28,33-28,Leaf,,,,,-0.00245988765,415.437134,
3,33,29,33-29,Leaf,,,,,-0.0025773563,1218.44873,
3,33,30,33-30,Leaf,,,,,0.00208470249,388.505249,
3,34,0,34-0,recent_margin_quality_weighted_3_minus_race_mean,0.08304739,34-1,34-2,34-1,79.9318695,34089.2031,
3,34,1,34-1,trainer_history_top3_excess,0.00954952464,34-3,34-4,34-3,50.0622711,15926.2666,
3,34,2,34-2,recent_margin_std_6,2.15947533,34-5,34-6,34-6,30.3301506,18162.9395,
3,34,3,34-3,recent_weighted_avg_margin,7.53136301,34-7,34-8,34-7,38.4899597,7208.49463,
3,34,4,34-4,form_class_level_weighted_3,57.5,34-9,34-10,34-9,15.3623142,8717.77246,
3,34,5,34-5,recent_weighted_win_rate_rank,3.0,34-11,34-12,34-12,33.0091782,8375.13574,
3,34,6,34-6,jockey_history_starts,33.0,34-13,34-14,34-14,24.766161,9787.80273,
3,34,7,34-7,form_class_level_weighted_3,53.5999985,34-15,34-16,34-15,21.21978,6342.58301,
3,34,8,34-8,recent_weighted_avg_margin,11.8545399,34-17,34-18,34-18,8.89990997,865.911377,
3,34,9,34-9,trainer_history_top3_excess,0.0571564995,34-19,34-20,34-20,17.0177917,2997.14331,
3,34,10,34-10,jockey_recent_top3_excess,0.113599494,34-21,34-22,34-21,10.0154276,5720.62891,
3,34,11,34-11,recent_similar_distance_speed_rank,11.0,34-23,34-24,34-23,25.7644958,4600.18213,
3,34,12,34-12,trainer_history_top3_excess,-0.116857402,34-25,34-26,34-25,22.7576485,3774.95361,
3,34,13,34-13,form_class_level_weighted_3,63.3333321,34-27,34-28,34-27,19.1895294,2113.05957,
3,34,14,34-14,recent_5_weight_kg,55.0,34-29,34-30,34-30,16.5716133,7674.74316,
3,34,15,34-15,Leaf,,,,,-0.00453780266,1779.2135,
3,34,16,34-16,Leaf,,,,,-0.00131717604,4563.36963,
3,34,17,34-17,Leaf,,,,,-0.00642218301,702.076172,
3,34,18,34-18,Leaf,,,,,-0.013118634,163.83522,
3,34,19,34-19,Leaf,,,,,-0.00350453751,1430.69543,
3,34,20,34-20,Leaf,,,,,0.000255181803,1566.44788,
3,34,21,34-21,Leaf,,,,,6.36628465e-05,4317.71387,
3,34,22,34-22,Leaf,,,,,0.00249030604,1402.91504,
3,34,23,34-23,Leaf,,,,,0.00392420916,4451.25439,
3,34,24,34-24,Leaf,,,,,-0.00634576706,148.927658,
3,34,25,34-25,Leaf,,,,,-0.0125903664,72.1672516,
3,34,26,34-26,Leaf,,,,,0.000709713378,3702.78638,
3,34,27,34-27,Leaf,,,,,-0.00383140496,1480.86023,
3,34,28,34-28,Leaf,,,,,0.00134279893,632.199463,
3,34,29,34-29,Leaf,,,,,-0.00295208162,671.602966,
3,34,30,34-30,Leaf,,,,,0.00113035913,7003.14014,
3,35,0,35-0,recent_margin_quality_weighted_3_minus_race_mean,0.0252353549,35-1,35-2,35-1,89.4605408,33877.1094,
3,35,1,35-1,form_class_level_weighted_3,62.0,35-3,35-4,35-3,59.6534653,11676.5381,
3,35,2,35-2,jockey_history_top3_excess,0.14005594,35-5,35-6,35-5,40.3871841,22200.5723,
3,35,3,35-3,jockey_history_top3_excess,0.00773265213,35-7,35-8,35-7,35.0818481,5673.17871,
3,35,4,35-4,good_starts,10.0,35-9,35-10,35-10,37.6661911,6003.35938,
3,35,5,35-5,prize_money_rank,2.0,35-11,35-12,35-12,28.6398354,20994.1348,
3,35,6,35-6,recent_margin_quality_weighted_3_minus_race_mean,0.223216027,35-13,35-14,35-14,15.5134773,1206.4386,
3,35,7,35-7,recent_margin_quality_weighted_3_minus_race_mean,-0.199866056,35-15,35-16,35-16,24.8954468,2834.29565,
3,35,8,35-8,jockey_history_top3_excess,0.152532846,35-17,35-18,35-18,15.0839052,2838.88306,
3,35,9,35-9,current_weight_change_pct,-0.017699115,35-19,35-20,35-19,20.903738,3249.09424,
3,35,10,35-10,jockey_history_starts,27.0,35-21,35-22,35-21,22.793499,2754.26538,
3,35,11,35-11,recent_finish_percentile_weighted_3_minus_race_mean,0.400821209,35-23,35-24,35-23,12.3441353,2616.91968,
3,35,12,35-12,distance_minus_recent_avg,-251.333328,35-25,35-26,35-26,24.5912704,18377.2148,
3,35,13,35-13,good_starts,10.0,35-27,35-28,35-28,11.0545092,765.727356,
3,35,14,35-14,horse_jockey_win_rate_rank,2.0,35-29,35-30,35-29,11.9696846,440.711212,
3,35,15,35-15,Leaf,,,,,-0.0116116554,366.885956,
3,35,16,35-16,Leaf,,,,,-0.0046313731,2467.40967,
3,35,17,35-17,Leaf,,,,,-0.00205633137,2700.06714,
3,35,18,35-18,Leaf,,,,,0.00612123171,138.816071,
3,35,19,35-19,Leaf,,,,,-0.00168744405,805.798035,
3,35,20,35-20,Leaf,,,,,0.0029337802,2443.29614,
3,35,21,35-21,Leaf,,,,,-0.00691099418,508.674042,
3,35,22,35-22,Leaf,,,,,-0.00108356145,2245.59131,
3,35,23,35-23,Leaf,,,,,0.00265116966,2461.06787,
3,35,24,35-24,Leaf,,,,,0.00975822844,155.851807,
3,35,25,35-25,Leaf,,,,,-0.00594537845,373.191833,
3,35,26,35-26,Leaf,,,,,0.000454193418,18004.0234,
3,35,27,35-27,Leaf,,,,,0.00474120444,591.841492,
3,35,28,35-28,Leaf,,,,,-0.00229182816,173.885895,
3,35,29,35-29,Leaf,,,,,0.011149141,347.355408,
3,35,30,35-30,Leaf,,,,,0.000915751909,93.3558044,
3,36,0,36-0,recent_margin_quality_weighted_3_minus_race_mean,-0.101810873,36-1,36-2,36-2,74.5910416,33543.7266,
3,36,1,36-1,jockey_trainer_history_smoothed_top3_rate_gap_to_best,0.027433455,36-3,36-4,36-4,37.6095657,4391.75098,
3,36,2,36-2,recent_margin_quality_weighted_3_minus_race_mean,0.226702809,36-5,36-6,36-5,42.6309624,29151.9746,
3,36,3,36-3,recent_margin_quality_weighted_3_minus_race_mean,-0.125520617,36-7,36-8,36-8,11.5017891,756.448669,
3,36,4,36-4,form_class_level_weighted_3,60.6666679,36-9,36-10,36-9,40.3622284,3635.302,
3,36,5,36-5,trainer_history_top3_excess,0.0161253326,36-11,36-12,36-11,28.6089611,21395.0332,
3,36,6,36-6,recent_margin_std_6,2.29753494,36-13,36-14,36-14,25.9720192,7756.94238,
3,36,7,36-7,recent_margin_quality_weighted_3_minus_race_mean,-0.265642911,36-15,36-16,36-16,13.5452299,627.005005,
3,36,8,36-8,recent_weighted_avg_margin_rank,6.0,36-17,36-18,36-18,7.8239131,129.443695,
3,36,9,36-9,trainer_history_top3_excess,0.0420240685,36-19,36-20,36-19,12.7540436,1467.38501,
3,36,10,36-10,good_starts,8.0,36-21,36-22,36-22,16.4874744,2167.91724,
3,36,11,36-11,form_class_level_weighted_3,53.3333321,36-23,36-24,36-23,29.3049965,9400.04883,
3,36,12,36-12,good_wins,3.0,36-25,36-26,36-26,23.820816,11994.9844,
3,36,13,36-13,good_starts,9.0,36-27,36-28,36-28,31.922142,4104.10303,
3,36,14,36-14,jockey_trainer_history_smoothed_top3_rate_gap_to_best,0.158333346,36-29,36-30,36-30,19.1569195,3652.83936,
3,36,15,36-15,Leaf,,,,,-0.0062159393,73.7920609,
3,36,16,36-16,Leaf,,,,,0.00459756982,553.212891,
3,36,17,36-17,Leaf,,,,,-0.0130089968,36.9785652,
3,36,18,36-18,Leaf,,,,,-0.000364237581,92.465126,
3,36,19,36-19,Leaf,,,,,-0.00865461864,1163.14246,
3,36,20,36-20,Leaf,,,,,-0.00275822845,304.242554,
3,36,21,36-21,Leaf,,,,,0.000521844137,889.216431,
3,36,22,36-22,Leaf,,,,,-0.00389273092,1278.70068,
3,36,23,36-23,Leaf,,,,,-0.00329544838,3153.24341,
3,36,24,36-24,Leaf,,,,,-0.000340139377,6246.80518,
3,36,25,36-25,Leaf,,,,,0.000963226368,10272.9141,
3,36,26,36-26,Leaf,,,,,-0.00220549572,1722.07019,
3,36,27,36-27,Leaf,,,,,0.00463922927,2899.43115,
3,36,28,36-28,Leaf,,,,,-0.000193649685,1204.67188,
3,36,29,36-29,Leaf,,,,,0.00161258678,2422.44604,
3,36,30,36-30,Leaf,,,,,-0.00220464217,1230.39331,
3,37,0,37-0,recent_weighted_avg_margin,3.034091,37-1,37-2,37-2,67.2493515,33526.8438,
3,37,1,37-1,prize_money_rank,2.0,37-3,37-4,37-4,34.8421021,16201.2666,
3,37,2,37-2,jockey_history_top3_excess,-0.0327285826,37-5,37-6,37-5,46.7450027,17325.5762,
3,37,3,37-3,recent_3_distance_m,1750.0,37-7,37-8,37-8,14.2923965,1962.77234,
3,37,4,37-4,jockey_history_top3_excess,0.0942126065,37-9,37-10,37-9,23.4306583,14238.4951,
3,37,5,37-5,form_class_level_weighted_3,53.5999985,37-11,37-12,37-11,41.7504501,4243.6333,
3,37,6,37-6,recent_5_weight_kg,57.0,37-13,37-14,37-13,32.6879234,13081.9424,
3,37,7,37-7,recent_finish_percentile_weighted_6_rank_in_race,2.0,37-15,37-16,37-16,14.3212204,1822.11621,
3,37,8,37-8,jockey_trainer_history_smoothed_top3_rate_gap_to_best,0.0114889741,37-17,37-18,37-17,9.43610573,140.656021,
3,37,9,37-9,recent_last600_best_3,34.5900002,37-19,37-20,37-19,18.3149605,11823.7148,
3,37,10,37-10,recent_finish_percentile_weighted_6_rank_in_race,2.0,37-21,37-22,37-22,20.72649,2414.78003,
3,37,11,37-11,prize_money_rank,6.0,37-23,37-24,37-23,12.7525482,1554.88269,
3,37,12,37-12,recent_weighted_avg_margin_rank,5.0,37-25,37-26,37-26,14.4515028,2688.75049,
3,37,13,37-13,trainer_history_top3_excess,0.0420240685,37-27,37-28,37-27,28.4356976,7539.58496,
3,37,14,37-14,distance_minus_recent_avg,-368.333344,37-29,37-30,37-30,23.4232941,5542.35742,
3,37,15,37-15,Leaf,,,,,0.00786123518,627.445923,
3,37,16,37-16,Leaf,,,,,0.003152997,1194.67041,
3,37,17,37-17,Leaf,,,,,0.00243650004,78.0933609,
3,37,18,37-18,Leaf,,,,,-0.00980088115,62.5626526,
3,37,19,37-19,Leaf,,,,,0.000975772564,7363.70801,
3,37,20,37-20,Leaf,,,,,-0.00105213642,4460.00635,
3,37,21,37-21,Leaf,,,,,0.00631700689,755.269104,
3,37,22,37-22,Leaf,,,,,0.00132539414,1659.51099,
3,37,23,37-23,Leaf,,,,,-0.00475668395,949.193054,
3,37,24,37-24,Leaf,,,,,-0.00951610319,605.689636,
3,37,25,37-25,Leaf,,,,,0.000896330166,979.010193,
3,37,26,37-26,Leaf,,,,,-0.00289721414,1709.74036,
3,37,27,37-27,Leaf,,,,,-0.00277093635,4375.20605,
3,37,28,37-28,Leaf,,,,,0.000336022116,3164.37891,
3,37,29,37-29,Leaf,,,,,-0.0102895778,101.386177,
3,37,30,37-30,Leaf,,,,,0.00129048352,5440.97119,
3,38,0,38-0,recent_finish_percentile_weighted_3_minus_race_mean,-0.161171913,38-1,38-2,38-2,73.9829941,33393.7109,
3,38,1,38-1,jockey_trainer_history_smoothed_top3_rate_gap_to_best,0.00450450182,38-3,38-4,38-4,18.8584213,2840.60425,
3,38,2,38-2,trainer_history_top3_excess,0.0775297582,38-5,38-6,38-5,47.2561836,30553.1094,
3,38,3,38-3,best_finish_percentile_at_stronger_class,0.666666687,38-7,38-8,38-7,9.72288418,367.905243,
3,38,4,38-4,form_class_level_weighted_3,60.6666679,38-9,38-10,38-9,13.4589233,2472.69897,
3,38,5,38-5,best_finish_percentile_at_stronger_class,0.666666687,38-11,38-12,38-11,39.1577911,23693.2988,
3,38,6,38-6,recent_weighted_win_rate_rank,2.0,38-13,38-14,38-14,17.582428,6859.80908,
3,38,7,38-7,trainer_history_top3_excess,0.043660935,38-15,38-16,38-16,8.90189648,196.727554,
3,38,8,38-8,best_finish_percentile_at_equal_or_higher_weight,0.636363626,38-17,38-18,38-17,8.57529736,171.177689,
3,38,9,38-9,best_finish_percentile_at_stronger_class,0.833333313,38-19,38-20,38-19,8.38499451,1004.2641,
3,38,10,38-10,good_starts,8.0,38-21,38-22,38-22,18.6763191,1468.43481,
3,38,11,38-11,form_class_level_weighted_3,62.0,38-23,38-24,38-23,32.9368935,9748.21191,
3,38,12,38-12,recent_finish_percentile_weighted_3_minus_race_mean,0.299066722,38-25,38-26,38-26,25.9841232,13945.0869,
3,38,13,38-13,recent_finish_percentile_weighted_6_rank_in_race,5.0,38-27,38-28,38-28,12.0768738,1961.49512,
3,38,14,38-14,hidden_sectional_run_best_3,0.370954394,38-29,38-30,38-29,13.7183723,4898.31396,
3,38,15,38-15,Leaf,,,,,0.00288299727,95.8331985,
3,38,16,38-16,Leaf,,,,,-0.00727685122,100.894356,
3,38,17,38-17,Leaf,,,,,0.00976162124,103.273811,
3,38,18,38-18,Leaf,,,,,-0.00123747834,67.9038773,
3,38,19,38-19,Leaf,,,,,-0.00794564467,836.169861,
3,38,20,38-20,Leaf,,,,,-0.00166615436,168.094238,
3,38,21,38-21,Leaf,,,,,0.000280776731,595.344299,
3,38,22,38-22,Leaf,,,,,-0.00543437712,873.090576,
3,38,23,38-23,Leaf,,,,,-0.0027422891,5413.05176,
3,38,24,38-24,Leaf,,,,,0.000179127746,4335.16064,
3,38,25,38-25,Leaf,,,,,0.000161360571,11818.7969,
3,38,26,38-26,Leaf,,,,,0.00315824826,2126.29028,
3,38,27,38-27,Leaf,,,,,0.00475231139,1777.92139,
3,38,28,38-28,Leaf,,,,,-0.00187259342,183.573822,
3,38,29,38-29,Leaf,,,,,0.00142813998,4873.78857,
3,38,30,38-30,Leaf,,,,,-0.0143870264,24.5254784,
3,39,0,39-0,recent_finish_percentile_weighted_3_minus_race_mean,-0.0224326849,39-1,39-2,39-1,70.5744705,33360.8164,
3,39,1,39-1,form_class_level_weighted_3,62.0,39-3,39-4,39-3,39.5811272,8324.54785,
3,39,2,39-2,recent_last600_best_3,34.8400002,39-5,39-6,39-6,39.7976227,25036.2695,
3,39,3,39-3,jockey_trainer_history_smoothed_top3_rate_gap_to_best,0.00450450182,39-7,39-8,39-8,31.7560425,3866.15796,
3,39,4,39-4,good_starts,14.0,39-9,39-10,39-10,26.0116177,4458.38965,
3,39,5,39-5,good_starts,9.0,39-11,39-12,39-12,29.2645111,11934.3262,
3,39,6,39-6,recent_similar_distance_speed_rank,7.0,39-13,39-14,39-14,18.9837723,13101.9443,
3,39,7,39-7,best_finish_percentile_at_stronger_class,0.368421048,39-15,39-16,39-16,11.2429047,579.61792,
3,39,8,39-8,recent_finish_percentile_weighted_3_minus_race_mean,-0.0341269672,39-17,39-18,39-18,13.1603775,3286.54004,
3,39,9,39-9,recent_finish_percentile_weighted_3_minus_race_mean,-0.396668434,39-19,39-20,39-20,15.3824272,3082.27881,
3,39,10,39-10,current_weight_change_pct,0.0347826071,39-21,39-22,39-21,12.3406258,1376.11084,
3,39,11,39-11,recent_finish_percentile_weighted_3_minus_race_mean,0.253948271,39-23,39-24,39-24,32.6819,8155.19043,
3,39,12,39-12,form_class_level_weighted_3,53.3333321,39-25,39-26,39-25,14.8391857,3779.13599,
3,39,13,39-13,jockey_history_starts,38.0,39-27,39-28,39-28,17.3723793,8444.46289,
3,39,14,39-14,current_weight_change_pct,0.0630630627,39-29,39-30,39-29,13.2518272,4657.48145,
3,39,15,39-15,Leaf,,,,,-0.00808891281,58.0619392,
3,39,16,39-16,Leaf,,,,,0.00270550023,521.55603,
3,39,17,39-17,Leaf,,,,,-0.0055273436,2738.55884,
3,39,18,39-18,Leaf,,,,,-0.00124217838,547.98114,
3,39,19,39-19,Leaf,,,,,-0.010357325,64.5396652,
3,39,20,39-20,Leaf,,,,,0.00113649131,3017.73901,
3,39,21,39-21,Leaf,,,,,-0.0051167286,845.983826,
3,39,22,39-22,Leaf,,,,,-0.000245279894,530.126953,
3,39,23,39-23,Leaf,,,,,0.00148248149,5728.7373,
3,39,24,39-24,Leaf,,,,,0.00494634593,2426.45288,
3,39,25,39-25,Leaf,,,,,-0.00645051524,209.508301,
3,39,26,39-26,Leaf,,,,,0.000245346717,3569.62769,
3,39,27,39-27,Leaf,,,,,-0.00162136462,2029.51404,
3,39,28,39-28,Leaf,,,,,0.00102655159,6414.94873,
3,39,29,39-29,Leaf,,,,,-0.0011885612,4273.81787,
3,39,30,39-30,Leaf,,,,,-0.00599466171,383.663452,
3,40,0,40-0,recent_margin_quality_weighted_3_minus_race_mean,0.15602529,40-1,40-2,40-1,75.3829575,32986.9805,
3,40,1,40-1,jockey_history_top3_excess,-0.063271746,40-3,40-4,40-3,46.2533035,20529.2891,
3,40,2,40-2,jockey_history_top3_excess,0.152532846,40-5,40-6,40-5,32.0740662,12457.6904,
3,40,3,40-3,recent_weighted_avg_margin,5.53689003,40-7,40-8,40-7,19.1172943,2272.34424,
3,40,4,40-4,recent_margin_quality_weighted_3_minus_race_mean,-0.294749916,40-9,40-10,40-10,25.8033428,18256.9453,
3,40,5,40-5,recent_margin_std_6,2.24269176,40-11,40-12,40-12,24.9456997,11940.3086,
3,40,6,40-6,good_starts,6.0,40-13,40-14,40-14,11.2600212,517.382202,
3,40,7,40-7,recent_5_weight_kg,54.5,40-15,40-16,40-15,11.4730053,1656.09705,
3,40,8,40-8,recent_margin_quality_weighted_3_minus_race_mean,-0.139365047,40-17,40-18,40-18,10.0057983,616.247192,
3,40,9,40-9,hidden_sectional_run_best_3,0.323809534,40-19,40-20,40-19,12.0065193,362.011108,
3,40,10,40-10,current_weight_change_pct,-0.0344827585,40-21,40-22,40-22,26.4322948,17894.9336,
3,40,11,40-11,good_starts,5.0,40-23,40-24,40-24,22.833168,5932.4375,
3,40,12,40-12,jockey_history_starts,268.0,40-25,40-26,40-25,13.9610443,6007.87109,
3,40,13,40-13,recent_5_weight_kg,56.5,40-27,40-28,40-27,8.18826675,337.555847,
3,40,14,40-14,best_finish_percentile_at_stronger_class,0.933333337,40-29,40-30,40-30,8.01851082,179.82634,
3,40,15,40-15,Leaf,,,,,-0.00595607236,520.142395,
3,40,16,40-16,Leaf,,,,,-0.0014710672,1135.95471,
3,40,17,40-17,Leaf,,,,,-0.0118304491,258.45929,
3,40,18,40-18,Leaf,,,,,-0.00511587784,357.787872,
3,40,19,40-19,Leaf,,,,,-0.0034174677,233.48053,
3,40,20,40-20,Leaf,,,,,-0.0129833817,128.530579,
3,40,21,40-21,Leaf,,,,,-0.00354640931,1547.21631,
3,40,22,40-22,Leaf,,,,,-0.000137031107,16347.7178,
3,40,23,40-23,Leaf,,,,,0.00400815858,2770.198,
3,40,24,40-24,Leaf,,,,,0.000895476085,3162.2395,
3,40,25,40-25,Leaf,,,,,-0.000221397873,5684.80811,
3,40,26,40-26,Leaf,,,,,0.00504432525,323.062836,
3,40,27,40-27,Leaf,,,,,0.0121261375,265.938293,
3,40,28,40-28,Leaf,,,,,0.00217017927,71.6175461,
3,40,29,40-29,Leaf,,,,,-0.00426983368,65.6014709,
3,40,30,40-30,Leaf,,,,,0.00607805466,114.224876,
3,41,0,41-0,recent_finish_percentile_weighted_6_rank_in_race,4.0,41-1,41-2,41-2,72.4565887,33056.5391,
3,41,1,41-1,good_starts,6.0,41-3,41-4,41-4,46.0256615,17419.1973,
3,41,2,41-2,form_class_level_weighted_3,62.0,41-5,41-6,41-5,54.7311707,15637.3438,
3,41,3,41-3,recent_last600_best_3,35.5099983,41-7,41-8,41-8,52.0431061,9468.91211,
3,41,4,41-4,recent_margin_std_6,1.83847761,41-9,41-10,41-10,15.8316841,7950.28516,
3,41,5,41-5,best_finish_percentile_at_stronger_class,0.714285731,41-11,41-12,41-11,34.7002411,7632.99023,
3,41,6,41-6,good_starts,17.0,41-13,41-14,41-14,29.7011032,8004.35352,
3,41,7,41-7,recent_3_margin,8.39999962,41-15,41-16,41-16,29.027359,6156.24756,
3,41,8,41-8,recent_margin_std_6,2.4717741,41-17,41-18,41-18,20.1794376,3312.66431,
3,41,9,41-9,recent_similar_distance_speed_rank,12.0,41-19,41-20,41-19,12.3395901,2879.88428,
3,41,10,41-10,historical_market_overperformance_slope_3,0.145454541,41-21,41-22,41-21,16.987011,5070.40088,
3,41,11,41-11,trainer_history_top3_excess,-0.0102040814,41-23,41-24,41-24,22.3248825,4303.56738,
3,41,12,41-12,recent_margin_std_6,4.70063829,41-25,41-26,41-26,12.0051765,3329.42285,
3,41,13,41-13,recent_weighted_win_rate_rank,4.0,41-27,41-28,41-28,19.0821877,6356.04736,
3,41,14,41-14,jockey_recent_top3_excess,-0.0980392173,41-29,41-30,41-29,10.4223499,1648.30627,
3,41,15,41-15,Leaf,,,,,0.00430805795,5384.38574,
3,41,16,41-16,Leaf,,,,,-0.000858731277,771.861877,
3,41,17,41-17,Leaf,,,,,0.00198380719,1445.64746,
3,41,18,41-18,Leaf,,,,,-0.00193802046,1867.01697,
3,41,19,41-19,Leaf,,,,,0.00139635545,2847.34741,
3,41,20,41-20,Leaf,,,,,-0.0121680079,32.5367966,
3,41,21,41-21,Leaf,,,,,-0.00201457157,3661.90063,
3,41,22,41-22,Leaf,,,,,0.0012063788,1408.50037,
3,41,23,41-23,Leaf,,,,,-0.00665761763,1513.02332,
3,41,24,41-24,Leaf,,,,,-0.00286599225,2790.54419,
3,41,25,41-25,Leaf,,,,,-6.31814182e-05,2679.20117,
3,41,26,41-26,Leaf,,,,,-0.0038296401,650.221741,
3,41,27,41-27,Leaf,,,,,0.00319137657,1778.4165,
3,41,28,41-28,Leaf,,,,,0.000144108533,4577.63086,
3,41,29,41-29,Leaf,,,,,-0.00750474259,237.834518,
3,41,30,41-30,Leaf,,,,,-0.00190216547,1410.47168,
3,42,0,42-0,recent_finish_percentile_rank,7.0,42-1,42-2,42-2,61.4668884,32888.8672,
3,42,1,42-1,current_weight_change_pct,0.0789473653,42-3,42-4,42-4,33.6579552,25821.5527,
3,42,2,42-2,recent_margin_std_6,3.1226058,42-5,42-6,42-6,25.9477463,7067.31348,
3,42,3,42-3,recent_margin_quality_weighted_3_minus_race_mean,0.249928296,42-7,42-8,42-8,31.8054504,21934.4414,
3,42,4,42-4,recent_last600_best_3,34.9000015,42-9,42-10,42-10,25.2259293,3887.1106,
3,42,5,42-5,jockey_recent_top3_excess,0.0190493986,42-11,42-12,42-12,15.6788139,3394.52051,
3,42,6,42-6,current_weight_change_pct,-0.017699115,42-13,42-14,42-14,14.5710678,3672.79297,
3,42,7,42-7,jockey_recent_top3_excess,-0.0726219788,42-15,42-16,42-16,17.2673302,16893.8105,
3,42,8,42-8,prize_money_rank,7.0,42-17,42-18,42-18,30.6664543,5040.63184,
3,42,9,42-9,horse_jockey_win_rate_rank,3.0,42-19,42-20,42-20,16.4175034,2479.59595,
3,42,10,42-10,best_finish_percentile_at_stronger_class,0.714285731,42-21,42-22,42-21,24.7806587,1407.51465,
3,42,11,42-11,recent_margin_quality_weighted_3_minus_race_mean,-0.0974918604,42-23,42-24,42-24,12.1920519,1665.92102,
3,42,12,42-12,jockey_recent_top3_excess,0.159483999,42-25,42-26,42-25,12.1263847,1728.59937,
3,42,13,42-13,recent_weighted_win_rate_rank,12.0,42-27,42-28,42-28,11.2074051,422.35849,
3,42,14,42-14,jockey_recent_top3_excess,-0.0911704227,42-29,42-30,42-29,11.1492577,3250.43433,
3,42,15,42-15,Leaf,,,,,-0.00190571684,3327.93555,
3,42,16,42-16,Leaf,,,,,0.00010103557,13565.874,
3,42,17,42-17,Leaf,,,,,0.00338187045,3295.64795,
3,42,18,42-18,Leaf,,,,,-0.000708553533,1744.98376,
3,42,19,42-19,Leaf,,,,,0.00723298267,787.628174,
3,42,20,42-20,Leaf,,,,,0.00283713243,1691.96765,
3,42,21,42-21,Leaf,,,,,-0.00457606418,467.362518,
3,42,22,42-22,Leaf,,,,,0.00240552938,940.152161,
3,42,23,42-23,Leaf,,,,,-0.00536194025,507.640686,
3,42,24,42-24,Leaf,,,,,-0.000730675471,1158.2804,
3,42,25,42-25,Leaf,,,,,0.00234629004,1340.22742,
3,42,26,42-26,Leaf,,,,,-0.00261725043,388.37204,
3,42,27,42-27,Leaf,,,,,-0.00880678277,400.273376,
3,42,28,42-28,Leaf,,,,,0.00707549183,22.0851135,
3,42,29,42-29,Leaf,,,,,-0.006100839,554.736755,
3,42,30,42-30,Leaf,,,,,-0.00220602448,2695.69775,
3,43,0,43-0,recent_margin_quality_weighted_3_minus_race_mean,-0.0557534099,43-1,43-2,43-1,75.6244431,32966.0273,
3,43,1,43-1,jockey_history_top3_excess,-0.0234851576,43-3,43-4,43-4,36.8577995,6636.18848,
3,43,2,43-2,jockey_history_top3_excess,0.14005594,43-5,43-6,43-5,43.6984024,26329.8398,
3,43,3,43-3,recent_margin_quality_weighted_3_minus_race_mean,-0.169571787,43-7,43-8,43-8,13.2270126,1817.60657,
3,43,4,43-4,trainer_history_top3_excess,0.0335261971,43-9,43-10,43-9,18.2743988,4818.58203,
3,43,5,43-5,recent_finish_percentile_weighted_3_minus_race_mean,0.261309385,43-11,43-12,43-11,30.5181236,24919.6426,
3,43,6,43-6,recent_margin_quality_weighted_3_minus_race_mean,0.223216027,43-13,43-14,43-14,20.4674683,1410.1969,
3,43,7,43-7,jockey_history_top3_excess,-0.0682402998,43-15,43-16,43-16,9.84519958,627.870422,
3,43,8,43-8,trainer_history_top3_excess,0.0775297582,43-17,43-18,43-17,8.52740288,1189.73608,
3,43,9,43-9,recent_3_margin,10.0,43-19,43-20,43-19,16.5418568,2647.8623,
3,43,10,43-10,recent_finish_percentile_weighted_3_minus_race_mean,-0.317332953,43-21,43-22,43-22,9.94682884,2170.71948,
3,43,11,43-11,distance_minus_recent_avg,-326.666656,43-23,43-24,43-24,20.2523975,18433.1973,
3,43,12,43-12,recent_similar_distance_speed_rank,5.0,43-25,43-26,43-26,36.0452118,6486.44482,
3,43,13,43-13,trainer_history_top3_excess,0.0349813923,43-27,43-28,43-27,15.6601629,973.77887,
3,43,14,43-14,distance_minus_recent_avg,-78.1666641,43-29,43-30,43-30,7.20381165,436.417999,
3,43,15,43-15,Leaf,,,,,-0.0125199202,224.377487,
3,43,16,43-16,Leaf,,,,,-0.00571069494,403.49295,
3,43,17,43-17,Leaf,,,,,-0.00448049372,1066.70117,
3,43,18,43-18,Leaf,,,,,0.00228731008,123.034904,
3,43,19,43-19,Leaf,,,,,-0.00190332741,2380.89014,
3,43,20,43-20,Leaf,,,,,-0.00838795397,266.972076,
3,43,21,43-21,Leaf,,,,,-0.00558975106,145.645004,
3,43,22,43-22,Leaf,,,,,0.000965464802,2025.07446,
3,43,23,43-23,Leaf,,,,,-0.00726794964,234.959839,
3,43,24,43-24,Leaf,,,,,-3.08810741e-05,18198.2383,
3,43,25,43-25,Leaf,,,,,0.00381055404,3096.17188,
3,43,26,43-26,Leaf,,,,,8.04207739e-05,3390.27319,
3,43,27,43-27,Leaf,,,,,-0.00230722199,263.10788,
3,43,28,43-28,Leaf,,,,,0.0047384249,710.670959,
3,43,29,43-29,Leaf,,,,,-0.00105653214,35.2368546,
3,43,30,43-30,Leaf,,,,,0.0102866972,401.181152,
3,44,0,44-0,recent_margin_quality_weighted_3_minus_race_mean,0.199903965,44-1,44-2,44-1,84.9309692,32553.7344,
3,44,1,44-1,jockey_history_top3_excess,-0.0333546139,44-3,44-4,44-3,45.7089882,23271.8105,
3,44,2,44-2,recent_last600_best_3,35.2000008,44-5,44-6,44-6,40.9941864,9281.92285,
3,44,3,44-3,form_class_level_weighted_3,53.5999985,44-7,44-8,44-7,50.3724365,5014.69971,
3,44,4,44-4,trainer_history_top3_excess,0.158633247,44-9,44-10,44-9,23.9244881,18257.1113,
3,44,5,44-5,recent_finish_percentile_weighted_3_minus_race_mean,0.352190316,44-11,44-12,44-12,18.8800049,5150.00293,
3,44,6,44-6,jockey_history_top3_excess,-0.0202924963,44-13,44-14,44-13,14.4644098,4131.91992,
3,44,7,44-7,trainer_history_top3_excess,0.0908954591,44-15,44-16,44-15,19.1039658,1548.03992,
3,44,8,44-8,recent_finish_percentile_weighted_3_minus_race_mean,-0.225285023,44-17,44-18,44-18,11.6296282,3466.65991,
3,44,9,44-9,recent_finish_percentile_weighted_3_minus_race_mean,-0.167178124,44-19,44-20,44-20,20.4755993,17745.2754,
3,44,10,44-10,recent_3_distance_m,1300.0,44-21,44-22,44-22,17.804369,511.836334,
3,44,11,44-11,jockey_history_top3_excess,0.152532846,44-23,44-24,44-23,17.7099037,3939.97778,
3,44,12,44-12,distance_minus_recent_avg,-16.666666,44-25,44-26,44-26,15.6545334,1210.02515,
3,44,13,44-13,distance_minus_recent_avg,139.0,44-27,44-28,44-28,26.2941017,1168.39673,
3,44,14,44-14,hidden_sectional_run_best_3,0.178775549,44-29,44-30,44-29,13.5945406,2963.52295,
3,44,15,44-15,Leaf,,,,,-0.00755275367,1443.70874,
3,44,16,44-16,Leaf,,,,,0.00322646648,104.331223,
3,44,17,44-17,Leaf,,,,,-0.00599621935,302.071533,
3,44,18,44-18,Leaf,,,,,-0.00092582684,3164.58838,
3,44,19,44-19,Leaf,,,,,-0.00296201603,1921.89612,
3,44,20,44-20,Leaf,,,,,-0.000234757739,15823.3789,
3,44,21,44-21,Leaf,,,,,0.00898241531,282.868469,
3,44,22,44-22,Leaf,,,,,-0.00028545945,228.96785,
3,44,23,44-23,Leaf,,,,,0.00211031991,3753.6272,
3,44,24,44-24,Leaf,,,,,0.00984431151,186.350739,
3,44,25,44-25,Leaf,,,,,0.000249059667,235.1577,
3,44,26,44-26,Leaf,,,,,0.00746691599,974.867432,
3,44,27,44-27,Leaf,,,,,0.000467080536,751.997009,
3,44,28,44-28,Leaf,,,,,-0.00729171559,416.39975,
3,44,29,44-29,Leaf,,,,,0.00162898039,2547.84351,
3,44,30,44-30,Leaf,,,,,-0.00319531979,415.679535,
3,45,0,45-0,recent_finish_percentile_weighted_3_minus_race_mean,-0.155434132,45-1,45-2,45-1,64.9064102,32400.1445,
3,45,1,45-1,recent_finish_percentile_weighted_3_minus_race_mean,-0.387607455,45-3,45-4,45-4,21.762001,3227.51123,
3,45,2,45-2,trainer_history_top3_excess,0.0320391431,45-5,45-6,45-5,40.0932045,29172.6328,
3,45,3,45-3,recent_5_weight_kg,53.5,45-7,45-8,45-8,5.56127167,211.92749,
3,45,4,45-4,trainer_history_top3_excess,-0.0714217871,45-9,45-10,45-10,17.9218025,3015.58374,
3,45,5,45-5,form_class_level_weighted_3,57.6666679,45-11,45-12,45-11,25.9829121,15055.6553,
3,45,6,45-6,recent_weighted_win_rate_rank,3.0,45-13,45-14,45-14,31.4276886,14116.9775,
3,45,7,45-7,Leaf,,,,,0.00275745406,12.8977566,
3,45,8,45-8,trainer_history_top3_excess,0.11266239,45-15,45-16,45-15,3.66685104,199.029724,
3,45,9,45-9,form_class_level_weighted_3,63.3333321,45-17,45-18,45-17,11.9238739,279.077606,
3,45,10,45-10,prize_money_rank,10.0,45-19,45-20,45-19,10.9133492,2736.5061,
3,45,11,45-11,best_finish_percentile_at_stronger_class,0.699999988,45-21,45-22,45-21,24.181797,7155.38867,
3,45,12,45-12,recent_3_distance_m,1400.0,45-23,45-24,45-24,17.5994682,7900.26709,
3,45,13,45-13,hidden_sectional_run_best_3_gap_to_best,0.142155677,45-25,45-26,45-25,27.6210022,6733.92773,
3,45,14,45-14,form_class_level_weighted_3,57.3333321,45-27,45-28,45-27,14.9703007,7383.04932,
3,45,15,45-15,Leaf,,,,,-0.0129010575,185.011795,
3,45,16,45-16,Leaf,,,,,-0.0,14.0179386,
3,45,17,45-17,Leaf,,,,,-0.0129558621,163.401184,
3,45,18,45-18,Leaf,,,,,-0.00228030956,115.67643,
3,45,19,45-19,Leaf,,,,,-0.00164623617,2449.20776,
3,45,20,45-20,Leaf,,,,,-0.00674552983,287.298401,
3,45,21,45-21,Leaf,,,,,-0.00342177483,2911.11133,
3,45,22,45-22,Leaf,,,,,-0.000462952448,4244.27734,
3,45,23,45-23,Leaf,,,,,0.00145620399,4409.91504,
3,45,24,45-24,Leaf,,,,,-0.000916421064,3490.35205,
3,45,25,45-25,Leaf,,,,,0.000796808337,3157.34766,
3,45,26,45-26,Leaf,,,,,0.00400920911,3576.58008,
3,45,27,45-27,Leaf,,,,,-0.00178482942,1863.9165,
3,45,28,45-28,Leaf,,,,,0.000800522044,5519.13281,
3,46,0,46-0,recent_finish_percentile_rank,4.0,46-1,46-2,46-2,81.4186707,32425.7305,
3,46,1,46-1,best_finish_percentile_at_equal_or_higher_weight,0.625,46-3,46-4,46-4,29.0697136,16656.6289,
3,46,2,46-2,trainer_history_top3_excess,0.0387145244,46-5,46-6,46-5,44.4054489,15769.1006,
3,46,3,46-3,recent_last600_best_3,32.6599998,46-7,46-8,46-8,13.7622347,1274.72046,
3,46,4,46-4,jockey_recent_top3_excess,0.0627801046,46-9,46-10,46-10,28.6437683,15381.9082,
3,46,5,46-5,best_finish_percentile_at_stronger_class,0.714285731,46-11,46-12,46-11,38.5283966,9462.99707,
3,46,6,46-6,best_finish_percentile_at_equal_or_higher_weight,0.909090936,46-13,46-14,46-13,21.3459663,6306.10352,
3,46,7,46-7,trainer_history_top3_excess,0.0262527876,46-15,46-16,46-16,0.0581302643,34.0878983,
3,46,8,46-8,best_finish_percentile_at_stronger_class,0.923076928,46-17,46-18,46-18,9.44333744,1240.63257,
3,46,9,46-9,prize_money_rank,3.0,46-19,46-20,46-20,19.0043221,9825.33887,
3,46,10,46-10,recent_3_distance_m,1606.0,46-21,46-22,46-22,26.7061539,5556.56982,
3,46,11,46-11,recent_margin_quality_weighted_3_minus_race_mean,-0.16163224,46-23,46-24,46-24,31.555748,5128.95996,
3,46,12,46-12,trainer_history_top3_excess,-0.105769962,46-25,46-26,46-25,15.8927975,4334.0376,
3,46,13,46-13,recent_weighted_avg_margin_rank,5.0,46-27,46-28,46-27,12.8649626,4815.0332,
3,46,14,46-14,recent_margin_std_6,0.875595033,46-29,46-30,46-30,8.75977707,1491.07043,
3,46,15,46-15,Leaf,,,,,0.0042575933,15.9567251,
3,46,16,46-16,Leaf,,,,,0.0137419207,18.1311722,
3,46,17,46-17,Leaf,,,,,-0.00142871297,898.489136,
3,46,18,46-18,Leaf,,,,,-0.00629744446,342.143463,
3,46,19,46-19,Leaf,,,,,0.00257989555,2610.26001,
3,46,20,46-20,Leaf,,,,,9.29580056e-05,7215.07812,
3,46,21,46-21,Leaf,,,,,0.00377815892,4628.4834,
3,46,22,46-22,Leaf,,,,,-0.000854201731,928.086548,
3,46,23,46-23,Leaf,,,,,-0.00804272853,891.85498,
3,46,24,46-24,Leaf,,,,,-0.00286896038,4237.10498,
3,46,25,46-25,Leaf,,,,,-0.00607444393,295.920746,
3,46,26,46-26,Leaf,,,,,-0.000161735734,4038.11694,
3,46,27,46-27,Leaf,,,,,0.00251091179,2360.58398,
3,46,28,46-28,Leaf,,,,,-6.8609661e-05,2454.44897,
3,46,29,46-29,Leaf,,,,,0.00814849883,39.5859413,
3,46,30,46-30,Leaf,,,,,-0.00255666091,1451.4845,
3,47,0,47-0,recent_finish_percentile_weighted_6_rank_in_race,6.0,47-1,47-2,47-1,76.3389664,32202.2363,
3,47,1,47-1,prize_money_rank,2.0,47-3,47-4,47-4,35.6908188,24209.8105,
3,47,2,47-2,form_class_level_weighted_3,59.0,47-5,47-6,47-5,45.2542686,7992.42529,
3,47,3,47-3,jockey_history_starts,81.0,47-7,47-8,47-8,16.0719833,3114.21436,
3,47,4,47-4,jockey_history_top3_excess,0.0720480531,47-9,47-10,47-9,31.6730747,21095.5977,
3,47,5,47-5,recent_weighted_avg_margin,7.44878292,47-11,47-12,47-12,21.3443451,2947.49414,
3,47,6,47-6,jockey_history_top3_excess,0.00861413404,47-13,47-14,47-13,23.2241859,5044.93164,
3,47,7,47-7,recent_3_distance_m,900.0,47-15,47-16,47-15,9.92808342,1560.16431,
3,47,8,47-8,recent_weighted_avg_margin,4.17028284,47-17,47-18,47-18,16.6958771,1554.05005,
3,47,9,47-9,distance_minus_recent_avg,-241.666672,47-19,47-20,47-20,26.8743725,16343.0527,
3,47,10,47-10,recent_finish_percentile_rank,2.0,47-21,47-22,47-22,20.0821457,4752.54395,
3,47,11,47-11,jockey_history_top3_excess,0.14005594,47-23,47-24,47-23,13.3198738,2405.71021,
3,47,12,47-12,recent_3_margin,21.3999996,47-25,47-26,47-26,5.40982819,541.783813,
3,47,13,47-13,hidden_sectional_run_best_3,0.32479912,47-27,47-28,47-28,11.9079895,2129.89087,
3,47,14,47-14,jockey_history_starts,10.0,47-29,47-30,47-30,15.9070406,2915.04053,
3,47,15,47-15,Leaf,,,,,-0.0066324384,79.2471466,
3,47,16,47-16,Leaf,,,,,0.00195402093,1480.91724,
3,47,17,47-17,Leaf,,,,,0.00629226211,1272.37646,
3,47,18,47-18,Leaf,,,,,-0.000395573967,281.673615,
3,47,19,47-19,Leaf,,,,,-0.00642820774,398.908051,
3,47,20,47-20,Leaf,,,,,6.22744119e-05,15944.1445,
3,47,21,47-21,Leaf,,,,,0.00484414166,1308.19666,
3,47,22,47-22,Leaf,,,,,0.00120608381,3444.34717,
3,47,23,47-23,Leaf,,,,,-0.00383755681,2303.53271,
3,47,24,47-24,Leaf,,,,,0.00502309157,102.177635,
3,47,25,47-25,Leaf,,,,,-0.0103047052,419.127991,
3,47,26,47-26,Leaf,,,,,-0.00380866206,122.6558,
3,47,27,47-27,Leaf,,,,,-0.00101563556,1279.1582,
3,47,28,47-28,Leaf,,,,,-0.00483767409,850.732727,
3,47,29,47-29,Leaf,,,,,-0.00882934686,92.0689774,
3,47,30,47-30,Leaf,,,,,0.00121452392,2822.97144,
3,48,0,48-0,recent_margin_quality_weighted_3_minus_race_mean,0.101066172,48-1,48-2,48-1,75.2609024,32161.709,
3,48,1,48-1,form_class_level_weighted_3,62.0,48-3,48-4,48-3,37.5176239,16087.1748,
3,48,2,48-2,recent_last600_best_3,35.3899994,48-5,48-6,48-6,36.0383148,16074.5332,
3,48,3,48-3,recent_margin_quality_weighted_3_minus_race_mean,-0.206126422,48-7,48-8,48-8,38.2179718,7993.73096,
3,48,4,48-4,jockey_history_top3_excess,0.0593745857,48-9,48-10,48-10,16.9490128,8093.44434,
3,48,5,48-5,recent_margin_quality_weighted_3_minus_race_mean,0.219716489,48-11,48-12,48-12,26.4008942,10003.9189,
3,48,6,48-6,recent_similar_distance_speed_rank,5.0,48-13,48-14,48-14,25.7722015,6070.61377,
3,48,7,48-7,hidden_sectional_run_best_3_gap_to_best,0.0250825286,48-15,48-16,48-15,10.9527283,574.607178,
3,48,8,48-8,trainer_history_top3_excess,0.0563551039,48-17,48-18,48-18,23.2087784,7419.12402,
3,48,9,48-9,good_wins,3.0,48-19,48-20,48-20,11.391818,5673.0,
3,48,10,48-10,recent_weighted_win_rate_rank,4.0,48-21,48-22,48-22,15.4421873,2420.44434,
3,48,11,48-11,jockey_history_top3_excess,-0.0202924963,48-23,48-24,48-24,19.0535965,5260.31738,
3,48,12,48-12,jockey_history_top3_excess,0.14005594,48-25,48-26,48-26,29.0617294,4743.60205,
3,48,13,48-13,hidden_sectional_run_best_3_gap_to_best,0.319595873,48-27,48-28,48-27,17.3591328,2729.54932,
3,48,14,48-14,current_weight_change_pct,0.0450450443,48-29,48-30,48-29,16.0071373,3341.06421,
3,48,15,48-15,Leaf,,,,,-0.0119800633,280.644897,
3,48,16,48-16,Leaf,,,,,-0.00480277231,293.96228,
3,48,17,48-17,Leaf,,,,,-0.00274289912,5141.85938,
3,48,18,48-18,Leaf,,,,,0.000284290349,2277.26465,
3,48,19,48-19,Leaf,,,,,2.33246483e-05,4213.9541,
3,48,20,48-20,Leaf,,,,,-0.00253179204,1459.04578,
3,48,21,48-21,Leaf,,,,,0.00481595425,749.324036,
3,48,22,48-22,Leaf,,,,,0.000507653865,1671.12036,
3,48,23,48-23,Leaf,,,,,-0.00162474124,1273.17847,
3,48,24,48-24,Leaf,,,,,0.00187630951,3987.13867,
3,48,25,48-25,Leaf,,,,,0.00303726597,4399.86523,
3,48,26,48-26,Leaf,,,,,0.0105205169,343.737091,
3,48,27,48-27,Leaf,,,,,0.00196023867,2654.25049,
3,48,28,48-28,Leaf,,,,,-0.00949990749,75.2988968,
3,48,29,48-29,Leaf,,,,,-0.000934236683,2855.1814,
3,48,30,48-30,Leaf,,,,,-0.00581078744,485.882935,
3,49,0,49-0,recent_finish_percentile_weighted_3_minus_race_mean,0.00705677271,49-1,49-2,49-1,67.7020187,31924.6387,
3,49,1,49-1,form_class_level_weighted_3,55.5999985,49-3,49-4,49-3,36.6116867,9293.00098,
3,49,2,49-2,good_starts,6.0,49-5,49-6,49-6,41.6816025,22631.6367,
3,49,3,49-3,trainer_history_top3_excess,-0.0228862055,49-7,49-8,49-7,28.9968872,2677.54346,
3,49,4,49-4,recent_finish_percentile_weighted_3_minus_race_mean,-0.396668434,49-9,49-10,49-10,15.9814548,6615.45801,
3,49,5,49-5,recent_margin_quality_weighted_3_minus_race_mean,0.291923583,49-11,49-12,49-12,40.1108971,11686.5156,
3,49,6,49-6,recent_similar_distance_speed_rank,7.0,49-13,49-14,49-14,20.8311577,10945.1221,
3,49,7,49-7,jockey_recent_top3_excess,0.0965520963,49-15,49-16,49-16,20.7501984,893.468567,
3,49,8,49-8,recent_margin_quality_weighted_3_minus_race_mean,-0.185623765,49-17,49-18,49-18,14.042408,1784.07483,
3,49,9,49-9,recent_3_distance_m,2200.0,49-19,49-20,49-20,5.34620476,129.831863,
3,49,10,49-10,good_starts,14.0,49-21,49-22,49-22,15.5315971,6485.62598,
3,49,11,49-11,trainer_history_top3_excess,0.0856779218,49-23,49-24,49-23,29.4759312,9393.6543,
3,49,12,49-12,recent_3_distance_m,2050.0,49-25,49-26,49-26,22.6585846,2292.86084,
3,49,13,49-13,good_starts,15.0,49-27,49-28,49-28,11.5232353,7764.05713,
3,49,14,49-14,hidden_sectional_run_best_3,0.336181551,49-29,49-30,49-30,16.9895878,3181.06519,
3,49,15,49-15,Leaf,,,,,-0.00975170359,717.812439,
3,49,16,49-16,Leaf,,,,,-0.000134270711,175.656097,
3,49,17,49-17,Leaf,,,,,-0.00819944683,216.26033,
3,49,18,49-18,Leaf,,,,,-0.00150759181,1567.81458,
3,49,19,49-19,Leaf,,,,,-0.0108993268,114.550209,
3,49,20,49-20,Leaf,,,,,0.00291993446,15.2816572,
3,49,21,49-21,Leaf,,,,,0.000212350613,4545.22314,
3,49,22,49-22,Leaf,,,,,-0.00245321007,1940.40283,
3,49,23,49-23,Leaf,,,,,0.000321772997,7307.2832,
3,49,24,49-24,Leaf,,,,,0.00368640083,2086.37134,
3,49,25,49-25,Leaf,,,,,0.00602312665,1817.43054,
3,49,26,49-26,Leaf,,,,,-8.88370487e-05,475.430267,
3,49,27,49-27,Leaf,,,,,0.00105482526,5065.03369,
3,49,28,49-28,Leaf,,,,,-0.000964048028,2699.02319,
3,49,29,49-29,Leaf,,,,,-0.00130306964,2744.8418,
3,49,30,49-30,Leaf,,,,,-0.00657810224,436.223602,
3,50,0,50-0,jockey_history_top3_excess,-0.0214648228,50-1,50-2,50-1,69.8723297,31890.9414,
3,50,1,50-1,recent_margin_quality_weighted_3_minus_race_mean,-0.101810873,50-3,50-4,50-3,45.7843056,8657.72559,
3,50,2,50-2,recent_margin_quality_weighted_3_minus_race_mean,0.08304739,50-5,50-6,50-6,46.0503044,23233.2148,
3,50,3,50-3,recent_weighted_avg_margin,5.53689003,50-7,50-8,50-8,12.9718704,1324.8385,
3,50,4,50-4,prize_money_rank,5.0,50-9,50-10,50-10,25.6087914,7332.88721,
3,50,5,50-5,recent_weighted_avg_margin,7.78488922,50-11,50-12,50-12,24.5707912,10167.2256,
3,50,6,50-6,recent_last600_best_3,34.3600006,50-13,50-14,50-14,34.5055237,13065.9902,
3,50,7,50-7,current_weight_change_pct,0.0270270277,50-15,50-16,50-15,8.06231499,556.846863,
3,50,8,50-8,jockey_recent_top3_excess,0.163066134,50-17,50-18,50-17,5.90203094,767.991699,
3,50,9,50-9,hidden_sectional_run_best_3_gap_to_best,0.0628953576,50-19,50-20,50-20,19.1330128,3611.47925,
3,50,10,50-10,jockey_history_starts,128.0,50-21,50-22,50-21,11.0081291,3721.40796,
3,50,11,50-11,jockey_history_top3_excess,0.0826981887,50-23,50-24,50-24,20.0873432,9480.18555,
3,50,12,50-12,prize_money_rank,3.0,50-25,50-26,50-26,10.4447842,687.040405,
3,50,13,50-13,recent_5_weight_kg,57.0,50-27,50-28,50-28,12.2658386,4361.60889,
3,50,14,50-14,jockey_trainer_history_smoothed_top3_rate_gap_to_best,0.280303001,50-29,50-30,50-30,32.5968971,8704.38086,
3,50,15,50-15,Leaf,,,,,-0.00507637346,392.098419,
3,50,16,50-16,Leaf,,,,,0.00139306288,164.748413,
3,50,17,50-17,Leaf,,,,,-0.00861436315,750.605896,
3,50,18,50-18,Leaf,,,,,0.00408321666,17.3857765,
3,50,19,50-19,Leaf,,,,,-0.00397649873,528.765381,
3,50,20,50-20,Leaf,,,,,0.00112790044,3082.71387,
3,50,21,50-21,Leaf,,,,,-0.00329760206,2908.68579,
3,50,22,50-22,Leaf,,,,,-1.06502505e-07,812.722229,
3,50,23,50-23,Leaf,,,,,-0.000860225584,7153.55762,
3,50,24,50-24,Leaf,,,,,0.00180891436,2326.62744,
3,50,25,50-25,Leaf,,,,,0.000307250011,168.105453,
3,50,26,50-26,Leaf,,,,,-0.00679383148,518.934937,
3,50,27,50-27,Leaf,,,,,0.00122671307,1109.95789,
3,50,28,50-28,Leaf,,,,,0.00429202709,3251.65112,
3,50,29,50-29,Leaf,,,,,0.0015737802,6907.51758,
3,50,30,50-30,Leaf,,,,,-0.00219689426,1796.86353,
3,51,0,51-0,recent_finish_percentile_weighted_6_rank_in_race,5.0,51-1,51-2,51-1,62.6237831,31532.1602,
3,51,1,51-1,trainer_history_top3_excess,0.0371838696,51-3,51-4,51-3,28.3342438,20686.0352,
3,51,2,51-2,best_finish_percentile_at_stronger_class,0.727272749,51-5,51-6,51-5,32.637104,10846.126,
3,51,3,51-3,prize_money_rank,2.0,51-7,51-8,51-7,21.005228,10999.8682,
3,51,4,51-4,good_starts,15.0,51-9,51-10,51-10,20.7478142,9686.16699,
3,51,5,51-5,trainer_history_top3_excess,0.0146103892,51-11,51-12,51-11,33.4834137,6151.11133,
3,51,6,51-6,trainer_history_top3_excess,-0.102474749,51-13,51-14,51-13,14.3394442,4695.01416,
3,51,7,51-7,recent_5_weight_kg,58.0,51-15,51-16,51-16,20.826849,1621.03467,
3,51,8,51-8,recent_5_weight_kg,53.5,51-17,51-18,51-18,22.815546,9378.83301,
3,51,9,51-9,hidden_sectional_run_best_3_gap_to_best,0.141070575,51-19,51-20,51-19,21.5280304,8571.97168,
3,51,10,51-10,jockey_trainer_history_smoothed_top3_rate_gap_to_best,0.0909091085,51-21,51-22,51-21,23.476223,1114.19507,
3,51,11,51-11,best_finish_percentile_at_stronger_class,0.25,51-23,51-24,51-24,15.8814087,2935.12891,
3,51,12,51-12,recent_last600_best_3,33.5299988,51-25,51-26,51-26,10.1945267,3215.98267,
3,51,13,51-13,hidden_sectional_run_best_3_gap_to_best,0.0674617887,51-27,51-28,51-27,8.54676723,217.003281,
3,51,14,51-14,recent_last600_best_3,35.8899994,51-29,51-30,51-29,13.5559454,4478.01074,
3,51,15,51-15,Leaf,,,,,-0.000547778036,754.646545,
3,51,16,51-16,Leaf,,,,,0.00510469172,866.388123,
3,51,17,51-17,Leaf,,,,,-0.00839141756,218.764694,
3,51,18,51-18,Leaf,,,,,-0.000395338429,9160.06836,
3,51,19,51-19,Leaf,,,,,0.000664004765,3619.00635,
3,51,20,51-20,Leaf,,,,,0.00320430729,4952.96533,
3,51,21,51-21,Leaf,,,,,0.000526392425,856.922241,
3,51,22,51-22,Leaf,,,,,-0.00794938486,257.272858,
3,51,23,51-23,Leaf,,,,,-0.010145341,300.183685,
3,51,24,51-24,Leaf,,,,,-0.00408147462,2634.94507,
3,51,25,51-25,Leaf,,,,,0.00249027996,431.799133,
3,51,26,51-26,Leaf,,,,,-0.00159584766,2784.18359,
3,51,27,51-27,Leaf,,,,,-0.00226781354,144.242874,
3,51,28,51-28,Leaf,,,,,-0.0126273381,72.7604065,
3,51,29,51-29,Leaf,,,,,0.000777184148,3945.12451,
3,51,30,51-30,Leaf,,,,,-0.00343505596,532.886353,
3,52,0,52-0,recent_weighted_avg_margin,5.4000001,52-1,52-2,52-2,63.4466896,31653.7207,
3,52,1,52-1,jockey_recent_top3_excess,0.0277691018,52-3,52-4,52-3,29.2605362,26839.8027,
3,52,2,52-2,best_finish_percentile_at_stronger_class,0.818181813,52-5,52-6,52-5,28.0166397,4813.91846,
3,52,3,52-3,recent_weighted_avg_margin_rank,5.0,52-7,52-8,52-8,21.6573296,14385.8945,
3,52,4,52-4,distance_minus_recent_avg,-349.166656,52-9,52-10,52-10,25.8068542,12453.9092,
3,52,5,52-5,trainer_history_top3_excess,-0.0102040814,52-11,52-12,52-11,23.6599121,3474.66382,
3,52,6,52-6,jockey_history_starts,133.0,52-13,52-14,52-13,14.1653681,1339.25439,
3,52,7,52-7,distance_minus_recent_avg,-241.666672,52-15,52-16,52-16,16.4492416,10378.9717,
3,52,8,52-8,current_weight_change_pct,0.0075757578,52-17,52-18,52-18,19.2920914,4006.92188,
3,52,9,52-9,trainer_history_top3_excess,-0.0503806546,52-19,52-20,52-20,7.32131386,87.3648682,
3,52,10,52-10,recent_finish_percentile_weighted_3_minus_race_mean,0.273286462,52-21,52-22,52-21,23.7435799,12366.5439,
3,52,11,52-11,jockey_recent_top3_excess,0.0116061978,52-23,52-24,52-24,17.9202194,1552.27991,
3,52,12,52-12,recent_3_margin,21.3999996,52-25,52-26,52-25,8.1751976,1922.38391,
3,52,13,52-13,jockey_trainer_history_smoothed_top3_rate_gap_to_best,0.162337661,52-27,52-28,52-27,14.0642948,944.852722,
3,52,14,52-14,form_class_level_weighted_3,69.5999985,52-29,52-30,52-30,7.2276659,394.401703,
3,52,15,52-15,Leaf,,,,,-0.00595595827,240.009689,
3,52,16,52-16,Leaf,,,,,0.000534111285,10138.9629,
3,52,17,52-17,Leaf,,,,,-0.00372655434,1769.5354,
3,52,18,52-18,Leaf,,,,,-0.000234397361,2237.38672,
3,52,19,52-19,Leaf,,,,,0.00183742237,17.8556862,
3,52,20,52-20,Leaf,,,,,-0.0146730943,69.5091858,
3,52,21,52-21,Leaf,,,,,0.000966464286,9799.33105,
3,52,22,52-22,Leaf,,,,,0.00366677879,2567.21338,
3,52,23,52-23,Leaf,,,,,-0.00815501716,955.981262,
3,52,24,52-24,Leaf,,,,,-0.00256549916,596.298584,
3,52,25,52-25,Leaf,,,,,-0.00223233155,1841.26465,
3,52,26,52-26,Leaf,,,,,0.00544685405,81.1192398,
3,52,27,52-27,Leaf,,,,,7.78992326e-05,816.05957,
3,52,28,52-28,Leaf,,,,,-0.00852241926,128.793182,
3,52,29,52-29,Leaf,,,,,0.00588411093,330.661377,
3,52,30,52-30,Leaf,,,,,-0.00287771528,63.7403183,
3,53,0,53-0,recent_weighted_avg_margin,5.43299103,53-1,53-2,53-1,68.9551544,31557.709,
3,53,1,53-1,good_starts,9.0,53-3,53-4,53-4,30.0363693,27323.5566,
3,53,2,53-2,form_class_level_weighted_3,61.6666679,53-5,53-6,53-5,21.8936729,4234.15283,
3,53,3,53-3,prize_money_rank,5.0,53-7,53-8,53-8,41.8611031,17741.6758,
3,53,4,53-4,current_weight_change_pct,-0.0769230798,53-9,53-10,53-10,14.0772686,9581.88086,
3,53,5,53-5,jockey_history_starts,155.0,53-11,53-12,53-11,23.3653488,2667.10742,
3,53,6,53-6,recent_weighted_avg_margin_rank,6.0,53-13,53-14,53-14,11.7644539,1567.04504,
3,53,7,53-7,recent_last600_best_3,33.6699982,53-15,53-16,53-16,24.6996841,7299.84424,
3,53,8,53-8,form_class_level_weighted_3,60.6666679,53-17,53-18,53-17,22.79002,10441.832,
3,53,9,53-9,form_class_level_weighted_3,77.5,53-19,53-20,53-19,17.0416164,287.883362,
3,53,10,53-10,recent_finish_percentile_rank,9.0,53-21,53-22,53-22,11.8981047,9293.99707,
3,53,11,53-11,historical_market_overperformance_slope_3,0.376984119,53-23,53-24,53-23,14.0753403,2099.59546,
3,53,12,53-12,best_finish_percentile_at_stronger_class,0.818181813,53-25,53-26,53-25,10.0608234,567.511963,
3,53,13,53-13,historical_market_overperformance_slope_3,-0.227964461,53-27,53-28,53-28,6.6956811,391.746948,
3,53,14,53-14,jockey_history_starts,16.0,53-29,53-30,53-29,14.3250198,1175.2981,
3,53,15,53-15,Leaf,,,,,0.00569673162,1271.55249,
3,53,16,53-16,Leaf,,,,,0.00186355808,6028.2915,
3,53,17,53-17,Leaf,,,,,-0.000885847141,6239.56885,
3,53,18,53-18,Leaf,,,,,0.001493296,4202.26318,
3,53,19,53-19,Leaf,,,,,-0.0111949872,159.882111,
3,53,20,53-20,Leaf,,,,,0.000784034783,128.001251,
3,53,21,53-21,Leaf,,,,,-0.000218158748,8597.90527,
3,53,22,53-22,Leaf,,,,,-0.00359574705,696.091553,
3,53,23,53-23,Leaf,,,,,-0.00603727903,1979.22437,
3,53,24,53-24,Leaf,,,,,0.00255494588,120.371155,
3,53,25,53-25,Leaf,,,,,-0.00202182145,394.689423,
3,53,26,53-26,Leaf,,,,,0.00504338788,172.822525,
3,53,27,53-27,Leaf,,,,,0.00861970428,93.0271225,
3,53,28,53-28,Leaf,,,,,0.00114434876,298.719849,
3,53,29,53-29,Leaf,,,,,-0.00989282131,113.9953,
3,53,30,53-30,Leaf,,,,,-0.000888861832,1061.30286,
3,54,0,54-0,jockey_history_top3_excess,0.00162350549,54-1,54-2,54-1,70.2856445,31460.1836,
3,54,1,54-1,recent_finish_percentile_weighted_6_rank_in_race,6.0,54-3,54-4,54-3,38.1897583,12725.8906,
3,54,2,54-2,recent_margin_std_6,3.08917475,54-5,54-6,54-6,31.9732094,18734.293,
3,54,3,54-3,current_weight_change_pct,0.0178571437,54-7,54-8,54-7,20.9435806,9416.93848,
3,54,4,54-4,form_class_level_weighted_3,53.5999985,54-9,54-10,54-9,24.8521652,3308.95166,
3,54,5,54-5,good_starts,19.0,54-11,54-12,54-12,30.3492699,12135.4932,
3,54,6,54-6,recent_finish_percentile_weighted_6_rank_in_race,6.0,54-13,54-14,54-13,21.3578167,6598.79932,
3,54,7,54-7,jockey_history_top3_excess,-0.0355419293,54-15,54-16,54-16,13.5356579,6066.92188,
3,54,8,54-8,jockey_recent_top3_excess,0.0459603034,54-17,54-18,54-17,17.7190762,3350.0166,
3,54,9,54-9,recent_finish_percentile_rank,4.0,54-19,54-20,54-20,15.7642365,816.292725,
3,54,10,54-10,trainer_history_top3_excess,-0.0995472297,54-21,54-22,54-22,12.0653858,2492.65894,
3,54,11,54-11,recent_finish_percentile_weighted_3_minus_race_mean,0.319301963,54-23,54-24,54-24,27.9755402,11029.5996,
3,54,12,54-12,trainer_history_top3_excess,0.124635547,54-25,54-26,54-26,14.029479,1105.89392,
3,54,13,54-13,hidden_sectional_run_best_3,0.365644783,54-27,54-28,54-27,19.5651741,4539.26367,
3,54,14,54-14,current_weight_change_pct,-0.0173913036,54-29,54-30,54-29,13.3752537,2059.5354,
3,54,15,54-15,Leaf,,,,,-0.00276828906,2769.32007,
3,54,16,54-16,Leaf,,,,,-0.000395887531,3297.60181,
3,54,17,54-17,Leaf,,,,,0.00155642536,3046.20288,
3,54,18,54-18,Leaf,,,,,-0.00468088174,303.81366,
3,54,19,54-19,Leaf,,,,,0.00260716723,81.4802094,
3,54,20,54-20,Leaf,,,,,-0.00864488166,734.8125,
3,54,21,54-21,Leaf,,,,,-0.0105379848,101.594116,
3,54,22,54-22,Leaf,,,,,-0.00207805005,2391.06494,
3,54,23,54-23,Leaf,,,,,0.00165209081,9596.58398,
3,54,24,54-24,Leaf,,,,,0.00539304968,1433.01514,
3,54,25,54-25,Leaf,,,,,-0.0031897563,983.593079,
3,54,26,54-26,Leaf,,,,,0.00548631838,122.300812,
3,54,27,54-27,Leaf,,,,,0.000723938167,4494.70801,
3,54,28,54-28,Leaf,,,,,-0.0143354535,44.5557518,
3,54,29,54-29,Leaf,,,,,-0.00585939409,541.757996,
3,54,30,54-30,Leaf,,,,,-0.00129260949,1517.77734,
3,55,0,55-0,recent_finish_percentile_weighted_3_minus_race_mean,0.0178551674,55-1,55-2,55-1,64.0500717,31248.2109,
3,55,1,55-1,recent_weighted_avg_margin,7.78488922,55-3,55-4,55-3,33.3814926,9603.79199,
3,55,2,55-2,good_starts,9.0,55-5,55-6,55-6,22.1435108,21644.4199,
3,55,3,55-3,best_finish_percentile_at_stronger_class,0.769230783,55-7,55-8,55-7,17.2455921,8655.13477,
3,55,4,55-4,form_class_level_weighted_3,55.3333321,55-9,55-10,55-9,18.0749054,948.657593,
3,55,5,55-5,recent_margin_quality_weighted_3_minus_race_mean,0.34690398,55-11,55-12,55-12,34.2875786,14381.3564,
3,55,6,55-6,jockey_history_starts,7.0,55-13,55-14,55-14,17.9430256,7263.0625,
3,55,7,55-7,form_class_level_weighted_3,60.6666679,55-15,55-16,55-15,10.4727707,5423.9292,
3,55,8,55-8,best_finish_percentile_at_equal_or_higher_weight,0.166666672,55-17,55-18,55-18,10.3231506,3231.20532,
3,55,9,55-9,recent_margin_quality_weighted_3_minus_race_mean,-0.00240540504,55-19,55-20,55-20,7.31854248,423.599274,
3,55,10,55-10,recent_finish_percentile_weighted_3_minus_race_mean,-0.255491078,55-21,55-22,55-22,6.48483658,525.05835,
3,55,11,55-11,form_class_level_weighted_3,60.7999992,55-23,55-24,55-23,27.8938026,12957.2949,
3,55,12,55-12,best_finish_percentile_at_stronger_class,0.818181813,55-25,55-26,55-25,10.3866005,1424.06189,
3,55,13,55-13,recent_5_weight_kg,59.5,55-27,55-28,55-28,7.20557785,368.330658,
3,55,14,55-14,hidden_sectional_run_best_3_gap_to_best,0.183719561,55-29,55-30,55-30,14.4735222,6894.73193,
3,55,15,55-15,Leaf,,,,,-0.00336030056,2515.76978,
3,55,16,55-16,Leaf,,,,,-0.00114905077,2908.15967,
3,55,17,55-17,Leaf,,,,,-0.00898169726,65.9537735,
3,55,18,55-18,Leaf,,,,,0.00034348396,3165.25146,
3,55,19,55-19,Leaf,,,,,-0.0110851182,383.099762,
3,55,20,55-20,Leaf,,,,,-0.0,40.4995041,
3,55,21,55-21,Leaf,,,,,-0.00679135462,177.59285,
3,55,22,55-22,Leaf,,,,,-0.000962031248,347.465515,
3,55,23,55-23,Leaf,,,,,-6.67654676e-05,8313.43652,
3,55,24,55-24,Leaf,,,,,0.00234971452,4643.85791,
3,55,25,55-25,Leaf,,,,,0.00273303851,733.209045,
3,55,26,55-26,Leaf,,,,,0.00707118725,690.852905,
3,55,27,55-27,Leaf,,,,,-0.00796580222,260.517151,
3,55,28,55-28,Leaf,,,,,-0.000238854205,107.813499,
3,55,29,55-29,Leaf,,,,,0.00104677374,3167.23511,
3,55,30,55-30,Leaf,,,,,-0.00124805712,3727.49658,
3,56,0,56-0,recent_weighted_avg_margin,4.39091301,56-1,56-2,56-2,62.4249687,31249.8633,
3,56,1,56-1,jockey_history_top3_excess,0.00242674001,56-3,56-4,56-4,27.97118,23342.5352,
3,56,2,56-2,form_class_level_weighted_3,61.5,56-5,56-6,56-5,26.785183,7907.32715,
3,56,3,56-3,prize_money_rank,4.0,56-7,56-8,56-8,15.5409222,8886.38965,
3,56,4,56-4,recent_margin_quality_weighted_3_minus_race_mean,0.34690398,56-9,56-10,56-10,27.5748291,14456.1455,
3,56,5,56-5,recent_margin_quality_weighted_3_minus_race_mean,-0.172357947,56-11,56-12,56-12,29.2833023,4944.27881,
3,56,6,56-6,recent_weighted_win_rate_rank,3.0,56-13,56-14,56-14,13.6488857,2963.04834,
3,56,7,56-7,recent_margin_quality_weighted_3_minus_race_mean,0.203055322,56-15,56-16,56-16,24.5816917,3371.82324,
3,56,8,56-8,form_class_level_weighted_3,115.0,56-17,56-18,56-18,17.470541,5514.56641,
3,56,9,56-9,recent_last600_best_3,33.6899986,56-19,56-20,56-20,13.9020424,13265.3701,
3,56,10,56-10,jockey_history_top3_excess,0.0995124429,56-21,56-22,56-21,23.6337929,1190.77612,
3,56,11,56-11,jockey_history_top3_excess,0.0440214686,56-23,56-24,56-23,10.6066132,716.509827,
3,56,12,56-12,current_weight_change_pct,-0.0178571437,56-25,56-26,56-26,14.8092976,4227.76904,
3,56,13,56-13,recent_margin_quality_weighted_3_minus_race_mean,0.112443417,56-27,56-28,56-28,9.31507301,742.732483,
3,56,14,56-14,jockey_trainer_history_smoothed_top3_rate_gap_to_best,0.193979934,56-29,56-30,56-29,10.5152617,2220.31592,
3,56,15,56-15,Leaf,,,,,-0.000592011085,2160.45508,
3,56,16,56-16,Leaf,,,,,0.00384130818,1211.36829,
3,56,17,56-17,Leaf,,,,,-0.000815571228,5240.37598,
3,56,18,56-18,Leaf,,,,,-0.00718762446,274.190338,
3,56,19,56-19,Leaf,,,,,0.00288809719,2297.08496,
3,56,20,56-20,Leaf,,,,,0.000749981671,10968.2852,
3,56,21,56-21,Leaf,,,,,0.00311275548,923.665955,
3,56,22,56-22,Leaf,,,,,0.011516246,267.110107,
3,56,23,56-23,Leaf,,,,,-0.00929213781,538.921021,
3,56,24,56-24,Leaf,,,,,-0.00207276037,177.588806,
3,56,25,56-25,Leaf,,,,,-0.00664246408,399.80069,
3,56,26,56-26,Leaf,,,,,-0.00162356033,3827.96826,
3,56,27,56-27,Leaf,,,,,0.00115166092,529.380981,
3,56,28,56-28,Leaf,,,,,0.00728798052,213.351547,
3,56,29,56-29,Leaf,,,,,-0.000197369911,1916.0542,
3,56,30,56-30,Leaf,,,,,-0.00513657136,304.261627,
3,57,0,57-0,recent_weighted_avg_margin_rank,5.0,57-1,57-2,57-2,61.5510292,31153.0156,
3,57,1,57-1,jockey_history_top3_excess,0.0995124429,57-3,57-4,57-3,42.6552963,19604.5352,
3,57,2,57-2,jockey_history_top3_excess,-0.0234851576,57-5,57-6,57-5,29.946125,11548.4805,
3,57,3,57-3,best_finish_percentile_at_stronger_class,0.947368443,57-7,57-8,57-8,20.3808403,17131.7949,
3,57,4,57-4,recent_5_weight_kg,58.0,57-9,57-10,57-10,18.1967239,2472.7395,
3,57,5,57-5,recent_finish_percentile_weighted_3_minus_race_mean,-0.15826124,57-11,57-12,57-12,16.813591,3116.33057,
3,57,6,57-6,distance_minus_recent_avg,-75.0,57-13,57-14,57-14,17.4332561,8432.14941,
3,57,7,57-7,recent_finish_percentile_weighted_6_rank_in_race,2.0,57-15,57-16,57-16,18.6780167,10338.4092,
3,57,8,57-8,recent_last600_best_3,35.5600014,57-17,57-18,57-18,12.280592,6793.38672,
3,57,9,57-9,recent_5_weight_kg,57.5,57-19,57-20,57-20,15.0729809,901.131042,
3,57,10,57-10,best_finish_percentile_at_stronger_class,0.777777791,57-21,57-22,57-22,13.1142273,1571.60852,
3,57,11,57-11,form_class_level_weighted_3,79.1666641,57-23,57-24,57-23,8.2200737,675.803589,
3,57,12,57-12,recent_last600_best_3,34.9000015,57-25,57-26,57-25,14.7152596,2440.52686,
3,57,13,57-13,recent_margin_std_6,5.74444675,57-27,57-28,57-27,10.997839,1341.88306,
3,57,14,57-14,jockey_history_starts,14.0,57-29,57-30,57-30,17.1209068,7090.2666,
3,57,15,57-15,Leaf,,,,,0.00284981006,2824.62085,
3,57,16,57-16,Leaf,,,,,0.000465960853,7513.78809,
3,57,17,57-17,Leaf,,,,,0.000109579043,4529.83105,
3,57,18,57-18,Leaf,,,,,-0.00214076065,2263.55591,
3,57,19,57-19,Leaf,,,,,0.00215547229,815.374268,
3,57,20,57-20,Leaf,,,,,-0.00832173228,85.756752,
3,57,21,57-21,Leaf,,,,,0.0009690515,319.912628,
3,57,22,57-22,Leaf,,,,,0.00669377437,1251.69592,
3,57,23,57-23,Leaf,,,,,-0.00827498641,553.839294,
3,57,24,57-24,Leaf,,,,,-0.000969917513,121.964256,
3,57,25,57-25,Leaf,,,,,-0.00113665638,1620.99402,
3,57,26,57-26,Leaf,,,,,-0.00524758454,819.532898,
3,57,27,57-27,Leaf,,,,,-0.00218026456,1111.60828,
3,57,28,57-28,Leaf,,,,,-0.00813619141,230.27478,
3,57,29,57-29,Leaf,,,,,-0.00434193714,553.541077,
3,57,30,57-30,Leaf,,,,,0.000198900336,6536.72559,
3,58,0,58-0,recent_finish_percentile_weighted_6_rank_in_race,6.0,58-1,58-2,58-2,58.1248932,30977.4355,
3,58,1,58-1,trainer_history_top3_excess,0.0364955366,58-3,58-4,58-3,37.0081215,22887.957,
3,58,2,58-2,recent_weighted_avg_margin,9.59683704,58-5,58-6,58-5,31.0516396,8089.479,
3,58,3,58-3,recent_last600_best_3,34.3300018,58-7,58-8,58-8,18.3250332,12275.7959,
3,58,4,58-4,best_finish_percentile_at_equal_or_higher_weight,0.13333334,58-9,58-10,58-9,22.3431053,10612.1611,
3,58,5,58-5,jockey_history_top3_excess,-0.0189610384,58-11,58-12,58-11,18.465971,7719.56152,
3,58,6,58-6,recent_3_margin,31.2999992,58-13,58-14,58-14,8.92486572,369.917328,
3,58,7,58-7,best_finish_percentile_at_equal_or_higher_weight,0.923076928,58-15,58-16,58-15,16.8140144,3774.21655,
3,58,8,58-8,best_finish_percentile_at_stronger_class,0.699999988,58-17,58-18,58-17,16.2651157,8501.5791,
3,58,9,58-9,best_finish_percentile_at_stronger_class,0.0909090936,58-19,58-20,58-19,16.5833054,3454.12231,
3,58,10,58-10,recent_margin_quality_weighted_3_minus_race_mean,0.29755199,58-21,58-22,58-22,20.2487297,7158.03906,
3,58,11,58-11,jockey_recent_top3_excess,-0.00897876546,58-23,58-24,58-24,10.7932663,2269.95654,
3,58,12,58-12,jockey_history_starts,10.0,58-25,58-26,58-26,11.91646,5449.60498,
3,58,13,58-13,trainer_history_top3_excess,-0.0168408379,58-27,58-28,58-27,7.5294075,291.474945,
3,58,14,58-14,recent_margin_quality_weighted_3_minus_race_mean,-0.203512669,58-29,58-30,58-30,8.3291111,78.4423828,
3,58,15,58-15,Leaf,,,,,0.00212840433,2824.41992,
3,58,16,58-16,Leaf,,,,,-0.00169978745,949.796387,
3,58,17,58-17,Leaf,,,,,-0.00234966981,3155.32373,
3,58,18,58-18,Leaf,,,,,-8.70037766e-05,5346.25537,
3,58,19,58-19,Leaf,,,,,0.000798129942,1082.70569,
3,58,20,58-20,Leaf,,,,,0.0045458856,2371.41675,
3,58,21,58-21,Leaf,,,,,0.000355762168,6049.47705,
3,58,22,58-22,Leaf,,,,,0.0040196362,1108.56238,
3,58,23,58-23,Leaf,,,,,-0.00255374936,1888.67505,
3,58,24,58-24,Leaf,,,,,-0.00716549996,381.281372,
3,58,25,58-25,Leaf,,,,,-0.00574645121,265.300873,
3,58,26,58-26,Leaf,,,,,-0.000404470047,5184.3042,
3,58,27,58-27,Leaf,,,,,-0.0147542898,146.195328,
3,58,28,58-28,Leaf,,,,,-0.00600819476,145.279617,
3,58,29,58-29,Leaf,,,,,-0.00828925427,39.1718254,
3,58,30,58-30,Leaf,,,,,0.00625143433,39.2705612,
3,59,0,59-0,recent_margin_quality_weighted_3_minus_race_mean,0.219716489,59-1,59-2,59-1,55.3440552,30989.5195,
3,59,1,59-1,jockey_history_top3_excess,-0.0327285826,59-3,59-4,59-3,35.7416306,23352.8164,
3,59,2,59-2,jockey_history_top3_excess,0.14005594,59-5,59-6,59-5,42.6045609,7636.70361,
3,59,3,59-3,form_class_level_weighted_3,53.5999985,59-7,59-8,59-7,29.1570969,4993.32715,
3,59,4,59-4,good_starts,14.0,59-9,59-10,59-9,23.7609138,18359.4883,
3,59,5,59-5,historical_market_overperformance_slope_3,0.24545455,59-11,59-12,59-11,28.5748806,7223.28076,
3,59,6,59-6,distance_minus_recent_avg,-78.1666641,59-13,59-14,59-14,9.3434906,413.423035,
3,59,7,59-7,recent_finish_percentile_weighted_3_minus_race_mean,-0.0951556563,59-15,59-16,59-16,18.2126617,1558.93579,
3,59,8,59-8,prize_money_rank,13.0,59-17,59-18,59-18,13.1306458,3434.39136,
3,59,9,59-9,form_class_level_weighted_3,63.6666679,59-19,59-20,59-19,24.7453651,14843.6777,
3,59,10,59-10,hidden_sectional_run_best_3_gap_to_best,0.183719561,59-21,59-22,59-22,16.6773567,3515.81128,
3,59,11,59-11,recent_margin_std_6,2.29753494,59-23,59-24,59-24,28.3124619,6428.12256,
3,59,12,59-12,recent_last600_best_3,36.2799988,59-25,59-26,59-25,10.9381208,795.158142,
3,59,13,59-13,Leaf,,,,,-0.00433038501,22.636591,
3,59,14,59-14,historical_market_overperformance_slope_3,0.193589747,59-27,59-28,59-27,5.85790253,390.786438,
3,59,15,59-15,Leaf,,,,,-0.0112118023,263.375702,
3,59,16,59-16,Leaf,,,,,-0.00400904426,1295.56006,
3,59,17,59-17,Leaf,,,,,-0.00144758506,3335.9043,
3,59,18,59-18,Leaf,,,,,0.00738928607,98.4870758,
3,59,19,59-19,Leaf,,,,,-0.000501799223,8712.27637,
3,59,20,59-20,Leaf,,,,,0.00156956713,6131.40137,
3,59,21,59-21,Leaf,,,,,-0.000788973935,2457.85083,
3,59,22,59-22,Leaf,,,,,-0.0045394036,1057.96057,
3,59,23,59-23,Leaf,,,,,0.00347529887,3487.45361,
3,59,24,59-24,Leaf,,,,,0.000144291349,2940.6687,
3,59,25,59-25,Leaf,,,,,-0.00218842528,747.377869,
3,59,26,59-26,Leaf,,,,,-0.0135788545,47.7802811,
3,59,27,59-27,Leaf,,,,,0.0114474855,353.499939,
3,59,28,59-28,Leaf,,,,,0.000670451846,37.2865181,
3,60,0,60-0,trainer_history_top3_excess,0.0387145244,60-1,60-2,60-1,60.01754,30857.8184,
3,60,1,60-1,recent_weighted_avg_margin,4.94443798,60-3,60-4,60-4,44.2562332,17398.5488,
3,60,2,60-2,jockey_history_top3_excess,0.152532846,60-5,60-6,60-6,24.7318878,13459.2705,
3,60,3,60-3,recent_finish_percentile_rank,8.0,60-7,60-8,60-8,26.2178288,13505.0674,
3,60,4,60-4,prize_money_rank,5.0,60-9,60-10,60-9,19.4823914,3893.48071,
3,60,5,60-5,recent_last600_best_3,36.2200012,60-11,60-12,60-12,21.4404545,12620.9199,
3,60,6,60-6,recent_margin_quality_weighted_3_minus_race_mean,0.209049881,60-13,60-14,60-14,21.7427521,838.349854,
3,60,7,60-7,good_starts,5.0,60-15,60-16,60-16,22.7143135,12021.3438,
3,60,8,60-8,trainer_history_top3_excess,-0.082403101,60-17,60-18,60-17,11.8506985,1483.72388,
3,60,9,60-9,best_finish_percentile_at_equal_or_higher_weight,0.846153855,60-19,60-20,60-20,13.9375782,1924.974,
3,60,10,60-10,recent_finish_percentile_weighted_3_minus_race_mean,-0.239644676,60-21,60-22,60-22,19.9988098,1968.50671,
3,60,11,60-11,good_starts,18.0,60-23,60-24,60-24,29.4363785,9740.0459,
3,60,12,60-12,current_weight_change_pct,-0.0508474559,60-25,60-26,60-26,12.3082676,2880.87476,
3,60,13,60-13,jockey_history_starts,87.0,60-27,60-28,60-27,8.78677559,580.40155,
3,60,14,60-14,recent_finish_percentile_rank,4.0,60-29,60-30,60-29,9.59378433,257.948273,
3,60,15,60-15,Leaf,,,,,0.00156355987,4551.32373,
3,60,16,60-16,Leaf,,,,,-0.000674656068,7470.01953,
3,60,17,60-17,Leaf,,,,,-0.00983952545,148.693314,
3,60,18,60-18,Leaf,,,,,-0.00254215719,1335.03052,
3,60,19,60-19,Leaf,,,,,-0.00340814888,1027.93347,
3,60,20,60-20,Leaf,,,,,0.000834697101,897.040527,
3,60,21,60-21,Leaf,,,,,-0.0109145483,295.219757,
3,60,22,60-22,Leaf,,,,,-0.00387373986,1673.28687,
3,60,23,60-23,Leaf,,,,,0.00203229534,8904.69727,
3,60,24,60-24,Leaf,,,,,-0.00284979003,835.348511,
3,60,25,60-25,Leaf,,,,,-0.0085804183,113.092476,
3,60,26,60-26,Leaf,,,,,-0.000492593448,2767.78223,
3,60,27,60-27,Leaf,,,,,-0.0035486964,106.2771,
3,60,28,60-28,Leaf,,,,,0.0041307318,474.124451,
3,60,29,60-29,Leaf,,,,,0.0126975393,239.539246,
3,60,30,60-30,Leaf,,,,,-0.00399512099,18.409029,
3,61,0,61-0,jockey_history_top3_excess,0.00773265213,61-1,61-2,61-1,52.0599213,30821.5176,
3,61,1,61-1,recent_margin_quality_weighted_3_minus_race_mean,-0.0931971371,61-3,61-4,61-4,38.4356079,13412.9287,
3,61,2,61-2,recent_margin_quality_weighted_3_minus_race_mean,0.34690398,61-5,61-6,61-5,25.2913399,17408.5898,
3,61,3,61-3,form_class_level_weighted_3,56.0,61-7,61-8,61-7,24.1496811,1999.92847,
3,61,4,61-4,trainer_history_top3_excess,0.0868326128,61-9,61-10,61-9,12.2058525,11413.001,
3,61,5,61-5,recent_last600_best_3,34.8400002,61-11,61-12,61-12,21.840704,16308.2197,
3,61,6,61-6,jockey_history_top3_excess,0.0995124429,61-13,61-14,61-14,28.2545509,1100.36902,
3,61,7,61-7,distance_minus_recent_avg,435.0,61-15,61-16,61-16,6.07447815,557.235718,
3,61,8,61-8,hidden_sectional_run_best_3_gap_to_best,0.152494282,61-17,61-18,61-17,10.1184292,1442.69275,
3,61,9,61-9,best_finish_percentile_at_equal_or_higher_weight,2.00001001,61-19,61-20,61-20,11.852809,10011.75,
3,61,10,61-10,good_starts,9.0,61-21,61-22,61-22,8.2803688,1401.25073,
3,61,11,61-11,recent_finish_percentile_weighted_3_minus_race_mean,-0.152831584,61-23,61-24,61-24,20.8689651,8101.1665,
3,61,12,61-12,jockey_history_top3_excess,0.14005594,61-25,61-26,61-26,18.3721695,8207.05371,
3,61,13,61-13,recent_3_distance_m,1540.0,61-27,61-28,61-28,19.4160309,830.444153,
3,61,14,61-14,good_starts,14.0,61-29,61-30,61-30,5.03923035,269.924927,
3,61,15,61-15,Leaf,,,,,-0.00961989351,500.643799,
3,61,16,61-16,Leaf,,,,,-0.00072817778,56.5919037,
3,61,17,61-17,Leaf,,,,,-0.00336855394,1282.23108,
3,61,18,61-18,Leaf,,,,,0.00312998821,160.461685,
3,61,19,61-19,Leaf,,,,,-0.00148567278,7036.69873,
3,61,20,61-20,Leaf,,,,,0.000393567811,2975.05103,
3,61,21,61-21,Leaf,,,,,0.00282963132,970.344177,
3,61,22,61-22,Leaf,,,,,-0.00129737088,430.906586,
3,61,23,61-23,Leaf,,,,,-0.00239553582,746.863525,
3,61,24,61-24,Leaf,,,,,0.00196465221,7354.30273,
3,61,25,61-25,Leaf,,,,,-0.000599984545,7619.59814,
3,61,26,61-26,Leaf,,,,,0.00395187503,587.455383,
3,61,27,61-27,Leaf,,,,,0.00473520765,572.110474,
3,61,28,61-28,Leaf,,,,,-0.00339991297,258.333649,
3,61,29,61-29,Leaf,,,,,0.0127674704,232.179871,
3,61,30,61-30,Leaf,,,,,0.00208937004,37.7450562,
3,62,0,62-0,recent_margin_quality_weighted_3_minus_race_mean,0.15602529,62-1,62-2,62-1,67.2686539,30677.9902,
3,62,1,62-1,jockey_history_top3_excess,-0.062292207,62-3,62-4,62-3,35.1289978,19004.9102,
3,62,2,62-2,jockey_history_top3_excess,0.14005594,62-5,62-6,62-5,27.0407944,11673.0791,
3,62,3,62-3,current_weight_change_pct,0.0173913036,62-7,62-8,62-7,13.9228477,2099.4873,
3,62,4,62-4,recent_margin_std_6,3.21039987,62-9,62-10,62-10,20.0412254,16905.4238,
3,62,5,62-5,prize_money_rank,2.0,62-11,62-12,62-12,27.6099567,11053.6396,
3,62,6,62-6,horse_jockey_win_rate_rank,2.0,62-13,62-14,62-13,11.9626617,619.439514,
3,62,7,62-7,recent_margin_quality_weighted_3_minus_race_mean,0.136137933,62-15,62-16,62-15,11.9723587,1311.10681,
3,62,8,62-8,jockey_history_starts,128.0,62-17,62-18,62-17,8.09579754,788.380432,
3,62,9,62-9,current_weight_change_pct,-0.0847457647,62-19,62-20,62-20,20.3264771,10422.9424,
3,62,10,62-10,hidden_sectional_run_best_3,0.365644783,62-21,62-22,62-21,13.6707497,6482.48047,
3,62,11,62-11,recent_finish_percentile_weighted_3_minus_race_mean,0.2504296,62-23,62-24,62-23,12.9501762,1387.10803,
3,62,12,62-12,good_starts,19.0,62-25,62-26,62-26,30.0879822,9666.53125,
3,62,13,62-13,recent_margin_quality_weighted_3_minus_race_mean,0.223216027,62-27,62-28,62-28,9.55875015,454.604919,
3,62,14,62-14,jockey_trainer_history_smoothed_top3_rate_gap_to_best,0.0767857134,62-29,62-30,62-30,9.7089119,164.834595,
3,62,15,62-15,Leaf,,,,,-0.0049082865,1255.36133,
3,62,16,62-16,Leaf,,,,,-0.016117109,55.7454224,
3,62,17,62-17,Leaf,,,,,-0.00233772281,673.787537,
3,62,18,62-18,Leaf,,,,,0.00459148409,114.592873,
3,62,19,62-19,Leaf,,,,,-0.010107317,108.988457,
3,62,20,62-20,Leaf,,,,,0.00028413863,10313.9541,
3,62,21,62-21,Leaf,,,,,-0.00141345267,6325.31348,
3,62,22,62-22,Leaf,,,,,-0.00867575686,157.166824,
3,62,23,62-23,Leaf,,,,,0.00185496081,641.738159,
3,62,24,62-24,Leaf,,,,,0.00674089929,745.369873,
3,62,25,62-25,Leaf,,,,,0.00116899412,8877.72363,
3,62,26,62-26,Leaf,,,,,-0.00389579008,788.808105,
3,62,27,62-27,Leaf,,,,,0.00333428429,159.217117,
3,62,28,62-28,Leaf,,,,,0.0112406192,295.387787,
3,62,29,62-29,Leaf,,,,,0.00397552317,129.001907,
3,62,30,62-30,Leaf,,,,,-0.00928865839,35.8326912,
3,63,0,63-0,recent_margin_quality_weighted_3_minus_race_mean,-0.0298166573,63-1,63-2,63-2,60.1333427,30572.8906,
3,63,1,63-1,best_finish_percentile_at_stronger_class,0.727272749,63-3,63-4,63-4,22.1169777,7000.00342,
3,63,2,63-2,recent_similar_distance_speed_rank,7.0,63-5,63-6,63-5,35.660408,23572.8867,
3,63,3,63-3,jockey_recent_top3_excess,0.0459603034,63-7,63-8,63-7,20.3604965,2496.61182,
3,63,4,63-4,best_finish_percentile_at_equal_or_higher_weight,2.00001001,63-9,63-10,63-10,9.84100533,4503.3916,
3,63,5,63-5,recent_finish_percentile_rank,3.0,63-11,63-12,63-12,32.7096443,17566.2363,
3,63,6,63-6,jockey_recent_top3_excess,0.111307181,63-13,63-14,63-13,13.1386461,6006.65088,
3,63,7,63-7,recent_margin_std_6,3.00627112,63-15,63-16,63-15,7.98220825,1591.73376,
3,63,8,63-8,jockey_trainer_history_smoothed_top3_rate_gap_to_best,0.0396825373,63-17,63-18,63-18,14.9860048,904.877991,
3,63,9,63-9,jockey_history_starts,133.0,63-19,63-20,63-20,9.40652275,3278.79785,
3,63,10,63-10,recent_finish_percentile_rank,12.0,63-21,63-22,63-22,9.69738007,1224.59399,
3,63,11,63-11,jockey_recent_top3_excess,0.262275875,63-23,63-24,63-23,21.3179855,8263.83594,
3,63,12,63-12,good_wins,4.0,63-25,63-26,63-25,14.8229055,9302.40039,
3,63,13,63-13,distance_minus_recent_avg,25.0,63-27,63-28,63-28,14.0142059,4597.21484,
3,63,14,63-14,hidden_sectional_run_best_3_gap_to_best,0.257585496,63-29,63-30,63-29,18.7183933,1409.43628,
3,63,15,63-15,Leaf,,,,,-0.00353971194,734.654419,
3,63,16,63-16,Leaf,,,,,-0.00719871977,857.079407,
3,63,17,63-17,Leaf,,,,,0.00370666385,294.611084,
3,63,18,63-18,Leaf,,,,,-0.00306324218,610.266907,
3,63,19,63-19,Leaf,,,,,-0.00252186996,2266.75098,
3,63,20,63-20,Leaf,,,,,0.0003665931,1012.04681,
3,63,21,63-21,Leaf,,,,,0.00197719107,1024.9071,
3,63,22,63-22,Leaf,,,,,-0.00391736953,199.686813,
3,63,23,63-23,Leaf,,,,,0.00217982661,8078.33984,
3,63,24,63-24,Leaf,,,,,0.0105615519,185.495773,
3,63,25,63-25,Leaf,,,,,0.000502873212,8617.27832,
3,63,26,63-26,Leaf,,,,,-0.00329158874,685.12146,
3,63,27,63-27,Leaf,,,,,-0.000145946615,2126.02173,
3,63,28,63-28,Leaf,,,,,-0.00291575375,2471.19312,
3,63,29,63-29,Leaf,,,,,-0.000481406198,1082.3197,
3,63,30,63-30,Leaf,,,,,0.00625708699,327.116608,
3,64,0,64-0,trainer_history_top3_excess,0.0204545446,64-1,64-2,64-1,57.5322342,30483.041,
3,64,1,64-1,best_finish_percentile_at_stronger_class,0.733333349,64-3,64-4,64-3,51.2687378,13940.9287,
3,64,2,64-2,good_starts,25.0,64-5,64-6,64-6,35.7628479,16542.1113,
3,64,3,64-3,form_class_level_weighted_3,76.0,64-7,64-8,64-7,31.4089584,6746.55225,
3,64,4,64-4,current_weight_change_pct,-0.0263157897,64-9,64-10,64-10,17.9799957,7194.37695,
3,64,5,64-5,recent_last600_best_3,36.2200012,64-11,64-12,64-12,26.6758461,15858.9062,
3,64,6,64-6,recent_margin_std_6,1.81043267,64-13,64-14,64-13,7.99552155,683.204956,
3,64,7,64-7,recent_finish_percentile_weighted_3_minus_race_mean,-0.0925479531,64-15,64-16,64-16,16.9867096,5414.89355,
3,64,8,64-8,jockey_trainer_history_smoothed_top3_rate_gap_to_best,0.139999986,64-17,64-18,64-17,12.8340616,1331.65857,
3,64,9,64-9,hidden_sectional_run_best_3,0.0877583101,64-19,64-20,64-20,12.3082094,416.954285,
3,64,10,64-10,jockey_trainer_history_smoothed_top3_rate_gap_to_best,0.237103164,64-21,64-22,64-21,18.8168335,6777.42285,
3,64,11,64-11,recent_finish_percentile_weighted_3_minus_race_mean,0.313711196,64-23,64-24,64-24,28.5642319,12189.1807,
3,64,12,64-12,best_finish_percentile_at_stronger_class,0.833333313,64-25,64-26,64-25,12.4297523,3669.72559,
3,64,13,64-13,trainer_history_top3_excess,0.0908954591,64-27,64-28,64-28,5.15913773,155.800644,
3,64,14,64-14,current_weight_change_pct,0.0480769239,64-29,64-30,64-30,8.91639423,527.404297,
3,64,15,64-15,Leaf,,,,,-0.00617336016,1258.53418,
3,64,16,64-16,Leaf,,,,,-0.00284183817,4156.35938,
3,64,17,64-17,Leaf,,,,,0.00216156687,965.503235,
3,64,18,64-18,Leaf,,,,,-0.00327283773,366.155396,
3,64,19,64-19,Leaf,,,,,0.00515989959,58.9724464,
3,64,20,64-20,Leaf,,,,,-0.00646760548,357.981842,
3,64,21,64-21,Leaf,,,,,0.000912201416,6338.87305,
3,64,22,64-22,Leaf,,,,,-0.00438516913,438.549774,
3,64,23,64-23,Leaf,,,,,0.00130317302,10655.5146,
3,64,24,64-24,Leaf,,,,,0.00494712917,1533.66614,
3,64,25,64-25,Leaf,,,,,-0.00182257371,2240.50806,
3,64,26,64-26,Leaf,,,,,0.00115152879,1429.21741,
3,64,27,64-27,Leaf,,,,,-0.0118105365,119.012779,
3,64,28,64-28,Leaf,,,,,-0.000780317001,36.7878647,
3,64,29,64-29,Leaf,,,,,-0.00508523593,370.263214,
3,64,30,64-30,Leaf,,,,,0.00187474047,157.141068,
3,65,0,65-0,recent_margin_quality_weighted_3_minus_race_mean,0.0898227096,65-1,65-2,65-1,57.1149902,30291.9609,
3,65,1,65-1,jockey_history_top3_excess,-0.0613810904,65-3,65-4,65-4,32.7557144,14415.1299,
3,65,2,65-2,recent_margin_std_6,3.16022158,65-5,65-6,65-6,26.0772343,15876.8311,
3,65,3,65-3,form_class_level_weighted_3,54.0,65-7,65-8,65-8,18.0637703,1539.02405,
3,65,4,65-4,current_weight_change_pct,0.0250000004,65-9,65-10,65-9,21.1495018,12876.1055,
3,65,5,65-5,good_starts,14.0,65-11,65-12,65-12,31.4605103,11378.9033,
3,65,6,65-6,historical_market_overperformance_slope_3,0.376984119,65-13,65-14,65-13,12.5859032,4497.92773,
3,65,7,65-7,jockey_recent_top3_excess,0.125392511,65-15,65-16,65-16,10.1385078,396.92157,
3,65,8,65-8,distance_minus_recent_avg,-133.333328,65-17,65-18,65-18,14.9058304,1142.10242,
3,65,9,65-9,trainer_history_top3_excess,0.0139513426,65-19,65-20,65-20,18.1931229,8807.56543,
3,65,10,65-10,hidden_sectional_run_best_3,0.358717591,65-21,65-22,65-21,18.5166607,4068.54053,
3,65,11,65-11,jockey_recent_top3_excess,0.109285496,65-23,65-24,65-23,24.4420547,9361.22754,
3,65,12,65-12,jockey_recent_top3_excess,0.278186262,65-25,65-26,65-26,13.1768179,2017.67566,
3,65,13,65-13,recent_finish_percentile_weighted_3_minus_race_mean,0.197614729,65-27,65-28,65-27,11.8284388,4137.69141,
3,65,14,65-14,recent_3_distance_m,1950.0,65-29,65-30,65-29,8.00707531,360.236633,
3,65,15,65-15,Leaf,,,,,-0.0100254323,384.551422,
3,65,16,65-16,Leaf,,,,,0.0082352655,12.3701706,
3,65,17,65-17,Leaf,,,,,-0.010156963,149.875336,
3,65,18,65-18,Leaf,,,,,-0.00187990838,992.227112,
3,65,19,65-19,Leaf,,,,,-0.00293714623,3502.5332,
3,65,20,65-20,Leaf,,,,,-0.000614037039,5305.03223,
3,65,21,65-21,Leaf,,,,,0.000923033513,3962.86353,
3,65,22,65-22,Leaf,,,,,-0.00922207721,105.677048,
3,65,23,65-23,Leaf,,,,,0.00142405811,7086.72412,
3,65,24,65-24,Leaf,,,,,0.00440429989,2274.50317,
3,65,25,65-25,Leaf,,,,,-0.00163440674,1965.87512,
3,65,26,65-26,Leaf,,,,,0.0100888209,51.80056,
3,65,27,65-27,Leaf,,,,,-0.00272835651,1654.42175,
3,65,28,65-28,Leaf,,,,,-2.097883e-06,2483.26953,
3,65,29,65-29,Leaf,,,,,0.00183785707,299.836853,
3,65,30,65-30,Leaf,,,,,0.0113437502,60.3997726,
3,66,0,66-0,recent_margin_quality_weighted_3_minus_race_mean,0.08304739,66-1,66-2,66-1,57.8912354,30277.4531,
3,66,1,66-1,jockey_history_top3_excess,0.0389254577,66-3,66-4,66-3,36.6188965,14013.6807,
3,66,2,66-2,recent_last600_best_3,35.1899986,66-5,66-6,66-6,25.6137543,16263.7715,
3,66,3,66-3,trainer_history_top3_excess,0.0404753983,66-7,66-8,66-7,29.3732185,8777.43164,
3,66,4,66-4,recent_last600_best_3,33.3199997,66-9,66-10,66-10,21.6097069,5236.25,
3,66,5,66-5,good_starts,6.0,66-11,66-12,66-12,37.7331047,9285.39551,
3,66,6,66-6,recent_last600_best_3,39.2999992,66-13,66-14,66-13,13.6257334,6978.37598,
3,66,7,66-7,best_finish_percentile_at_stronger_class,0.8125,66-15,66-16,66-15,28.4603806,5912.11523,
3,66,8,66-8,good_starts,20.0,66-17,66-18,66-17,16.475214,2865.31616,
3,66,9,66-9,recent_3_margin,3.0999999,66-19,66-20,66-19,6.27121735,472.030212,
3,66,10,66-10,trainer_history_top3_excess,0.158633247,66-21,66-22,66-21,15.7027988,4764.21973,
3,66,11,66-11,best_finish_percentile_at_stronger_class,0.909090936,66-23,66-24,66-23,22.6996231,5021.87451,
3,66,12,66-12,form_class_level_weighted_3,78.0,66-25,66-26,66-26,14.5338497,4263.52148,
3,66,13,66-13,jockey_history_top3_excess,0.176586315,66-27,66-28,66-27,10.7204266,6944.58643,
3,66,14,66-14,form_class_level_weighted_3,59.3333321,66-29,66-30,66-29,1.03058434,33.7892952,
3,66,15,66-15,Leaf,,,,,-0.00438668346,3799.6665,
3,66,16,66-16,Leaf,,,,,-0.000760612427,2112.44873,
3,66,17,66-17,Leaf,,,,,0.000505475968,2673.82129,
3,66,18,66-18,Leaf,,,,,-0.00690661091,191.494949,
3,66,19,66-19,Leaf,,,,,0.00794274453,279.065186,
3,66,20,66-20,Leaf,,,,,0.00194149988,192.965012,
3,66,21,66-21,Leaf,,,,,-0.000277744053,4551.56396,
3,66,22,66-22,Leaf,,,,,0.00652133441,212.655762,
3,66,23,66-23,Leaf,,,,,0.00273720804,4347.9502,
3,66,24,66-24,Leaf,,,,,0.00766347861,673.92395,
3,66,25,66-25,Leaf,,,,,-0.000661150494,3133.59888,
3,66,26,66-26,Leaf,,,,,0.0026336289,1129.92273,
3,66,27,66-27,Leaf,,,,,-9.98010728e-05,6831.73633,
3,66,28,66-28,Leaf,,,,,0.00735112745,112.850151,
3,66,29,66-29,Leaf,,,,,-0.0167805646,21.7427769,
3,66,30,66-30,Leaf,,,,,-0.00327953324,12.0465183,
3,67,0,67-0,recent_finish_percentile_weighted_3_minus_race_mean,-0.019777745,67-1,67-2,67-1,47.1495667,30112.959,
3,67,1,67-1,form_class_level_weighted_3,64.0,67-3,67-4,67-3,31.9194031,7549.64697,
3,67,2,67-2,prize_money_rank,3.0,67-5,67-6,67-6,33.2317505,22563.3125,
3,67,3,67-3,trainer_history_top3_excess,-0.0741518736,67-7,67-8,67-8,19.3689041,3835.94434,
3,67,4,67-4,good_starts,10.0,67-9,67-10,67-10,15.9941664,3713.70239,
3,67,5,67-5,good_starts,34.0,67-11,67-12,67-12,22.2142982,5566.38379,
3,67,6,67-6,jockey_trainer_history_smoothed_top3_rate_gap_to_best,0.115151525,67-13,67-14,67-14,21.4031143,16996.9297,
3,67,7,67-7,best_finish_percentile_at_stronger_class,0.888888896,67-15,67-16,67-15,6.21022797,345.404083,
3,67,8,67-8,jockey_history_starts,171.0,67-17,67-18,67-18,13.7858238,3490.54028,
3,67,9,67-9,current_weight_change_pct,-0.00917431153,67-19,67-20,67-19,17.7511845,1989.67004,
3,67,10,67-10,jockey_trainer_history_smoothed_top3_rate_gap_to_best,0.231411874,67-21,67-22,67-21,10.991643,1724.03235,
3,67,11,67-11,good_starts,4.0,67-23,67-24,67-24,15.2362938,5265.82715,
3,67,12,67-12,jockey_history_starts,117.0,67-25,67-26,67-26,9.35194874,300.556732,
3,67,13,67-13,trainer_history_top3_excess,0.0727601275,67-27,67-28,67-28,21.0931492,8522.7627,
3,67,14,67-14,form_class_level_weighted_3,55.3333321,67-29,67-30,67-29,14.9333725,8474.16602,
3,67,15,67-15,Leaf,,,,,-0.0102834748,293.552094,
3,67,16,67-16,Leaf,,,,,-0.000655862212,51.8519936,
3,67,17,67-17,Leaf,,,,,-0.00356072071,2754.81177,
3,67,18,67-18,Leaf,,,,,0.000278608495,735.728394,
3,67,19,67-19,Leaf,,,,,-0.00227120216,565.143433,
3,67,20,67-20,Leaf,,,,,0.00292789424,1424.52661,
3,67,21,67-21,Leaf,,,,,-0.00123475608,1594.46582,
3,67,22,67-22,Leaf,,,,,-0.00857932586,129.566559,
3,67,23,67-23,Leaf,,,,,0.00462353462,1612.78467,
3,67,24,67-24,Leaf,,,,,0.00169834145,3653.04224,
3,67,25,67-25,Leaf,,,,,-0.00181806297,240.031097,
3,67,26,67-26,Leaf,,,,,-0.0123264296,60.525631,
3,67,27,67-27,Leaf,,,,,-4.35953953e-05,5481.51123,
3,67,28,67-28,Leaf,,,,,0.00254862267,3041.25171,
3,67,29,67-29,Leaf,,,,,-0.00228910591,3044.68506,
3,67,30,67-30,Leaf,,,,,-0.000102553364,5429.48096,
3,68,0,68-0,recent_margin_quality_weighted_3_minus_race_mean,0.161139071,68-1,68-2,68-1,53.7279167,30185.9512,
3,68,1,68-1,jockey_history_top3_excess,-0.063271746,68-3,68-4,68-4,29.7045174,18998.0371,
3,68,2,68-2,good_starts,6.0,68-5,68-6,68-6,33.8605576,11187.9131,
3,68,3,68-3,recent_3_margin,11.3999996,68-7,68-8,68-7,9.88124466,1852.80029,
3,68,4,68-4,recent_finish_percentile_rank,6.0,68-9,68-10,68-10,25.2241478,17145.2363,
3,68,5,68-5,jockey_history_top3_excess,0.0787435696,68-11,68-12,68-11,35.3852348,6019.18555,
3,68,6,68-6,recent_3_distance_m,1650.0,68-13,68-14,68-14,11.1948614,5168.72754,
3,68,7,68-7,trainer_history_top3_excess,-0.0995472297,68-15,68-16,68-16,9.46880341,1744.40186,
3,68,8,68-8,recent_finish_percentile_rank,3.0,68-17,68-18,68-18,1.70306206,108.398407,
3,68,9,68-9,distance_minus_recent_avg,-116.666664,68-19,68-20,68-20,28.9631062,10545.2539,
3,68,10,68-10,recent_finish_percentile_weighted_3_minus_race_mean,-0.407991618,68-21,68-22,68-22,12.0634499,6599.9834,
3,68,11,68-11,recent_3_margin,4.0999999,68-23,68-24,68-24,21.747736,4676.96289,
3,68,12,68-12,hidden_sectional_run_best_3,0.126302674,68-25,68-26,68-26,15.5196991,1342.22266,
3,68,13,68-13,trainer_history_top3_excess,-0.0597073399,68-27,68-28,68-28,11.9083977,4448.91943,
3,68,14,68-14,good_starts,13.0,68-29,68-30,68-30,12.2938757,719.808044,
3,68,15,68-15,Leaf,,,,,-0.010137938,114.748184,
3,68,16,68-16,Leaf,,,,,-0.00289728399,1629.65369,
3,68,17,68-17,Leaf,,,,,-0.0013650388,14.4574699,
3,68,18,68-18,Leaf,,,,,-0.0121667506,93.9409409,
3,68,19,68-19,Leaf,,,,,-0.00363307679,1120.31628,
3,68,20,68-20,Leaf,,,,,0.00060153316,9424.9375,
3,68,21,68-21,Leaf,,,,,-0.00976725575,108.039619,
3,68,22,68-22,Leaf,,,,,-0.00167311251,6491.94336,
3,68,23,68-23,Leaf,,,,,0.0027413019,3024.43652,
3,68,24,68-24,Leaf,,,,,-0.000816546555,1652.52612,
3,68,25,68-25,Leaf,,,,,0.00890067499,637.771484,
3,68,26,68-26,Leaf,,,,,0.00343675283,704.451172,
3,68,27,68-27,Leaf,,,,,-0.00487071974,258.506165,
3,68,28,68-28,Leaf,,,,,0.000558979809,4190.41357,
3,68,29,68-29,Leaf,,,,,-0.00646197377,342.797241,
3,68,30,68-30,Leaf,,,,,1.42509189e-05,377.010773,
3,69,0,69-0,recent_finish_percentile_weighted_3_minus_race_mean,-0.152831584,69-1,69-2,69-2,54.5388908,30008.5645,
3,69,1,69-1,jockey_history_top3_excess,0.067592591,69-3,69-4,69-3,17.2088165,2662.60254,
3,69,2,69-2,jockey_history_top3_excess,0.14005594,69-5,69-6,69-5,40.6288147,27345.9609,
3,69,3,69-3,best_finish_percentile_at_stronger_class,0.727272749,69-7,69-8,69-7,19.7734146,2057.57788,
3,69,4,69-4,best_finish_percentile_at_equal_or_higher_weight,0.928571403,69-9,69-10,69-10,7.82734203,605.024719,
3,69,5,69-5,good_starts,14.0,69-11,69-12,69-11,30.8781872,25964.2305,
3,69,6,69-6,good_starts,6.0,69-13,69-14,69-14,17.7422714,1381.7312,
3,69,7,69-7,form_class_level_weighted_3,53.5999985,69-15,69-16,69-15,12.7836075,1302.0155,
3,69,8,69-8,best_finish_percentile_at_equal_or_higher_weight,0.733333349,69-17,69-18,69-17,13.6170797,755.562378,
3,69,9,69-9,historical_market_overperformance_slope_3,-0.235825613,69-19,69-20,69-20,7.72457314,359.639313,
3,69,10,69-10,recent_3_margin,6.0,69-21,69-22,69-22,16.6949177,245.385437,
3,69,11,69-11,recent_last600_best_3,35.3300018,69-23,69-24,69-24,34.0279045,20932.2637,
3,69,12,69-12,prize_money_rank,4.0,69-25,69-26,69-26,17.3801384,5031.96631,
3,69,13,69-13,historical_market_overperformance_slope_3,0.24545455,69-27,69-28,69-27,9.9478569,792.490356,
3,69,14,69-14,recent_finish_percentile_weighted_3_minus_race_mean,-0.0758523345,69-29,69-30,69-29,6.27681065,589.240845,
3,69,15,69-15,Leaf,,,,,-0.0102336882,372.808441,
3,69,16,69-16,Leaf,,,,,-0.0046546692,929.207092,
3,69,17,69-17,Leaf,,,,,0.00135945145,474.574951,
3,69,18,69-18,Leaf,,,,,-0.0054821982,280.987427,
3,69,19,69-19,Leaf,,,,,0.00855139084,90.7675934,
3,69,20,69-20,Leaf,,,,,0.000391996698,268.871704,
3,69,21,69-21,Leaf,,,,,-0.00806036219,149.895477,
3,69,22,69-22,Leaf,,,,,0.00478470977,95.4899673,
3,69,23,69-23,Leaf,,,,,0.00138434686,12559.8916,
3,69,24,69-24,Leaf,,,,,-0.0006719433,8372.37305,
3,69,25,69-25,Leaf,,,,,-0.000292467244,2784.75024,
3,69,26,69-26,Leaf,,,,,-0.00324817863,2247.21582,
3,69,27,69-27,Leaf,,,,,0.00794710405,700.693481,
3,69,28,69-28,Leaf,,,,,-0.000667561602,91.7968674,
3,69,29,69-29,Leaf,,,,,-0.00741253141,38.8137245,
3,69,30,69-30,Leaf,,,,,0.00193363801,550.427124,
3,70,0,70-0,recent_margin_std_6,3.19400477,70-1,70-2,70-2,54.8862762,29893.2109,
3,70,1,70-1,recent_finish_percentile_weighted_3_minus_race_mean,0.281823516,70-3,70-4,70-4,28.9773655,19544.1016,
3,70,2,70-2,recent_finish_percentile_weighted_3_minus_race_mean,-0.0341269672,70-5,70-6,70-6,23.7163277,10349.1084,
3,70,3,70-3,distance_minus_recent_avg,-116.666664,70-7,70-8,70-8,14.0243969,15880.5732,
3,70,4,70-4,recent_margin_std_6,2.31055546,70-9,70-10,70-10,21.8456039,3663.52881,
3,70,5,70-5,jockey_history_top3_excess,-0.0613810904,70-11,70-12,70-11,19.3934135,2988.15332,
3,70,6,70-6,recent_similar_distance_speed_rank,8.0,70-13,70-14,70-13,14.7256641,7360.95557,
3,70,7,70-7,current_weight_change_pct,0.0789473653,70-15,70-16,70-15,14.3465796,1424.35522,
3,70,8,70-8,recent_finish_percentile_weighted_3_minus_race_mean,-0.155434132,70-17,70-18,70-18,12.9634857,14456.2178,
3,70,9,70-9,best_finish_percentile_at_stronger_class,0.9375,70-19,70-20,70-20,29.4693909,2616.28223,
3,70,10,70-10,jockey_history_starts,155.0,70-21,70-22,70-22,17.0896931,1047.24658,
3,70,11,70-11,best_finish_percentile_at_stronger_class,0.857142866,70-23,70-24,70-23,6.76463318,395.24118,
3,70,12,70-12,current_weight_change_pct,0.0521739125,70-25,70-26,70-25,17.0482426,2592.91211,
3,70,13,70-13,jockey_history_starts,38.0,70-27,70-28,70-28,16.0543823,6179.75488,
3,70,14,70-14,jockey_history_top3_excess,0.14005594,70-29,70-30,70-29,14.9299698,1181.20056,
3,70,15,70-15,Leaf,,,,,-0.00290623331,1279.22913,
3,70,16,70-16,Leaf,,,,,0.00514825527,145.126022,
3,70,17,70-17,Leaf,,,,,-0.00213643466,1038.43689,
3,70,18,70-18,Leaf,,,,,0.000749273808,13417.7812,
3,70,19,70-19,Leaf,,,,,0.00677429652,1238.15137,
3,70,20,70-20,Leaf,,,,,0.00145060604,1378.13074,
3,70,21,70-21,Leaf,,,,,-0.00228793663,750.093201,
3,70,22,70-22,Leaf,,,,,0.00469879154,297.153473,
3,70,23,70-23,Leaf,,,,,-0.0102360398,302.748444,
3,70,24,70-24,Leaf,,,,,-0.00216393219,92.4927216,
3,70,25,70-25,Leaf,,,,,-0.00351891178,2105.74707,
3,70,26,70-26,Leaf,,,,,0.00163371209,487.165222,
3,70,27,70-27,Leaf,,,,,-0.00241407915,1553.83142,
3,70,28,70-28,Leaf,,,,,0.000514866377,4625.92334,
3,70,29,70-29,Leaf,,,,,-0.00400976371,1106.40857,
3,70,30,70-30,Leaf,,,,,0.0069095525,74.7920532,
3,71,0,71-0,recent_finish_percentile_weighted_6_rank_in_race,4.0,71-1,71-2,71-2,49.95718,29907.7617,
3,71,1,71-1,jockey_history_top3_excess,0.000928932161,71-3,71-4,71-4,24.1500168,15792.3145,
3,71,2,71-2,form_class_level_weighted_3,58.6666679,71-5,71-6,71-5,47.4024582,14115.4473,
3,71,3,71-3,prize_money_rank,4.0,71-7,71-8,71-8,15.2143211,5966.90283,
3,71,4,71-4,good_starts,6.0,71-9,71-10,71-10,23.697361,9825.41113,
3,71,5,71-5,recent_margin_std_6,3.16022158,71-11,71-12,71-11,25.5576935,5682.13232,
3,71,6,71-6,good_starts,9.0,71-13,71-14,71-14,35.6679688,8433.31445,
3,71,7,71-7,distance_minus_recent_avg,-368.333344,71-15,71-16,71-16,9.74855042,2422.62256,
3,71,8,71-8,good_starts,27.0,71-17,71-18,71-18,11.2335567,3544.28027,
3,71,9,71-9,recent_3_distance_m,2060.0,71-19,71-20,71-20,29.7973328,5487.39893,
3,71,10,71-10,form_class_level_weighted_3,115.0,71-21,71-22,71-22,14.6676607,4338.01221,
3,71,11,71-11,trainer_history_top3_excess,-0.0372200273,71-23,71-24,71-23,20.9913654,3282.30859,
3,71,12,71-12,recent_3_distance_m,800.0,71-25,71-26,71-26,12.4337845,2399.82373,
3,71,13,71-13,jockey_recent_top3_excess,0.113599494,71-27,71-28,71-27,15.1906071,4181.37842,
3,71,14,71-14,trainer_history_top3_excess,0.0765040964,71-29,71-30,71-29,14.0509214,4251.93652,
3,71,15,71-15,Leaf,,,,,-0.011622983,25.9373646,
3,71,16,71-16,Leaf,,,,,0.00149540498,2396.6853,
3,71,17,71-17,Leaf,,,,,-0.00102392724,3460.46045,
3,71,18,71-18,Leaf,,,,,-0.00981044583,83.8199844,
3,71,19,71-19,Leaf,,,,,0.00363549194,4710.42188,
3,71,20,71-20,Leaf,,,,,-0.00162565149,776.977417,
3,71,21,71-21,Leaf,,,,,0.000129316206,4189.77051,
3,71,22,71-22,Leaf,,,,,0.00788559951,148.241669,
3,71,23,71-23,Leaf,,,,,-0.00517163565,690.113037,
3,71,24,71-24,Leaf,,,,,-0.000288707844,2592.19556,
3,71,25,71-25,Leaf,,,,,0.00604280084,56.7005577,
3,71,26,71-26,Leaf,,,,,-0.00501780258,2343.12329,
3,71,27,71-27,Leaf,,,,,0.000932695926,3126.37622,
3,71,28,71-28,Leaf,,,,,0.00439848332,1055.00195,
3,71,29,71-29,Leaf,,,,,-0.00212472142,3447.76172,
3,71,30,71-30,Leaf,,,,,0.00152628042,804.174561,
3,72,0,72-0,recent_weighted_avg_margin,5.26487398,72-1,72-2,72-1,45.4073639,29674.7734,
3,72,1,72-1,prize_money_rank,3.0,72-3,72-4,72-4,28.1963844,25323.7871,
3,72,2,72-2,trainer_history_top3_excess,-0.00595238106,72-5,72-6,72-5,23.9666061,4350.98584,
3,72,3,72-3,good_starts,16.0,72-7,72-8,72-8,29.5803928,6103.97656,
3,72,4,72-4,jockey_history_top3_excess,-0.0195932537,72-9,72-10,72-10,23.8134384,19219.8105,
3,72,5,72-5,recent_weighted_avg_margin,9.59683704,72-11,72-12,72-12,10.3567429,2035.71033,
3,72,6,72-6,recent_finish_percentile_weighted_3_minus_race_mean,0.0575716496,72-13,72-14,72-14,12.8287811,2315.27539,
3,72,7,72-7,recent_finish_percentile_weighted_3_minus_race_mean,0.285844088,72-15,72-16,72-15,25.3577118,4424.57715,
3,72,8,72-8,trainer_history_top3_excess,-0.112843826,72-17,72-18,72-17,11.2479458,1679.39941,
3,72,9,72-9,current_weight_change_pct,0.00884955749,72-19,72-20,72-19,16.6702194,4901.45801,
3,72,10,72-10,recent_weighted_win_rate_rank,2.0,72-21,72-22,72-21,30.1078949,14318.3535,
3,72,11,72-11,jockey_history_top3_excess,0.0227453578,72-23,72-24,72-23,9.56351852,1748.90479,
3,72,12,72-12,recent_3_margin,31.2999992,72-25,72-26,72-26,6.35432053,286.805511,
3,72,13,72-13,current_weight_change_pct,-0.0178571437,72-27,72-28,72-27,10.440177,1570.75073,
3,72,14,72-14,recent_3_margin,5.5999999,72-29,72-30,72-30,12.7040634,744.524658,
3,72,15,72-15,Leaf,,,,,0.00189210882,3586.45215,
3,72,16,72-16,Leaf,,,,,0.00671499083,838.125183,
3,72,17,72-17,Leaf,,,,,0.00600585481,119.809349,
3,72,18,72-18,Leaf,,,,,-0.00165042677,1559.59009,
3,72,19,72-19,Leaf,,,,,-0.00287662889,2965.92358,
3,72,20,72-20,Leaf,,,,,0.000100426972,1935.53442,
3,72,21,72-21,Leaf,,,,,0.00214715838,4020.72803,
3,72,22,72-22,Leaf,,,,,-0.000400990335,10297.625,
3,72,23,72-23,Leaf,,,,,-0.00496684341,1183.78186,
3,72,24,72-24,Leaf,,,,,-0.000983359292,565.122925,
3,72,25,72-25,Leaf,,,,,-0.0106674181,228.059982,
3,72,26,72-26,Leaf,,,,,-0.00114709116,58.7455215,
3,72,27,72-27,Leaf,,,,,-0.00569577701,361.029572,
3,72,28,72-28,Leaf,,,,,-0.000882550783,1209.72107,
3,72,29,72-29,Leaf,,,,,-0.00211098534,288.213043,
3,72,30,72-30,Leaf,,,,,0.00450150203,456.311646,
3,73,0,73-0,recent_finish_percentile_rank,4.0,73-1,73-2,73-2,56.0096703,29636.084,
3,73,1,73-1,good_starts,5.0,73-3,73-4,73-4,32.8051224,15211.9766,
3,73,2,73-2,recent_weighted_avg_margin,7.78488922,73-5,73-6,73-5,30.4987469,14424.1084,
3,73,3,73-3,hidden_sectional_run_best_3_gap_to_best,0.196119845,73-7,73-8,73-7,29.4334717,7158.45801,
3,73,4,73-4,recent_margin_std_6,1.93993127,73-9,73-10,73-10,15.7871056,8053.51807,
3,73,5,73-5,trainer_history_top3_excess,-0.00744949514,73-11,73-12,73-11,18.8121452,13443.3477,
3,73,6,73-6,recent_finish_percentile_weighted_6_rank_in_race,7.0,73-13,73-14,73-14,13.4390831,980.760315,
3,73,7,73-7,jockey_history_starts,119.0,73-15,73-16,73-15,13.0735216,4297.56689,
3,73,8,73-8,best_finish_percentile_at_stronger_class,0.866666675,73-17,73-18,73-17,20.5956039,2860.89111,
3,73,9,73-9,recent_weighted_avg_margin,1.24401903,73-19,73-20,73-20,17.9645653,3164.69873,
3,73,10,73-10,jockey_trainer_history_smoothed_top3_rate_gap_to_best,0.0815850794,73-21,73-22,73-22,9.4629879,4888.81934,
3,73,11,73-11,recent_margin_std_6,4.73655987,73-23,73-24,73-23,11.4592209,4607.30811,
3,73,12,73-12,good_starts,18.0,73-25,73-26,73-26,15.7610226,8836.04004,
3,73,13,73-13,distance_minus_recent_avg,725.833313,73-27,73-28,73-28,6.26348495,403.534607,
3,73,14,73-14,trainer_history_top3_excess,0.124635547,73-29,73-30,73-29,8.13362122,577.225708,
3,73,15,73-15,Leaf,,,,,-0.000206598997,2575.7417,
3,73,16,73-16,Leaf,,,,,0.00259967754,1721.8252,
3,73,17,73-17,Leaf,,,,,0.00270770607,1942.90076,
3,73,18,73-18,Leaf,,,,,0.00727105886,917.990417,
3,73,19,73-19,Leaf,,,,,-0.00282230577,541.736572,
3,73,20,73-20,Leaf,,,,,0.00213906798,2622.96216,
3,73,21,73-21,Leaf,,,,,0.00029889468,2070.22925,
3,73,22,73-22,Leaf,,,,,-0.00192188367,2818.59009,
3,73,23,73-23,Leaf,,,,,-0.00166993402,4034.3374,
3,73,24,73-24,Leaf,,,,,-0.00543815177,572.970459,
3,73,25,73-25,Leaf,,,,,0.000191021347,7865.79199,
3,73,26,73-26,Leaf,,,,,-0.00317017804,970.247925,
3,73,27,73-27,Leaf,,,,,-0.00286095007,367.072144,
3,73,28,73-28,Leaf,,,,,0.00687965611,36.4624634,
3,73,29,73-29,Leaf,,,,,-0.00838825852,559.001465,
3,73,30,73-30,Leaf,,,,,0.00602940563,18.2242546,
3,74,0,74-0,recent_finish_percentile_weighted_3_minus_race_mean,-0.155434132,74-1,74-2,74-1,51.8849754,29480.8262,
3,74,1,74-1,jockey_history_top3_excess,-0.0152178463,74-3,74-4,74-4,19.2004852,2884.96533,
3,74,2,74-2,recent_last600_best_3,34.8400002,74-5,74-6,74-6,39.5140457,26595.8594,
3,74,3,74-3,best_finish_percentile_at_equal_or_higher_weight,0.375,74-7,74-8,74-8,9.17449188,925.42981,
3,74,4,74-4,jockey_trainer_history_smoothed_top3_rate_gap_to_best,0.100907028,74-9,74-10,74-10,10.0792589,1959.53564,
3,74,5,74-5,recent_margin_quality_weighted_3_minus_race_mean,0.199903965,74-11,74-12,74-12,27.2010994,12802.6924,
3,74,6,74-6,jockey_history_top3_excess,0.0773505792,74-13,74-14,74-13,19.2999344,13793.168,
3,74,7,74-7,recent_finish_percentile_weighted_3_minus_race_mean,-0.420732588,74-15,74-16,74-16,2.21063995,150.066544,
3,74,8,74-8,recent_weighted_win_rate_rank,11.0,74-17,74-18,74-17,8.18590355,775.363281,
3,74,9,74-9,recent_last600_best_3,34.2799988,74-19,74-20,74-20,7.2008729,782.520569,
3,74,10,74-10,recent_weighted_win_rate_rank,5.0,74-21,74-22,74-22,7.72626877,1177.01501,
3,74,11,74-11,current_weight_change_pct,0.075630255,74-23,74-24,74-23,17.036602,8997.92773,
3,74,12,74-12,good_starts,20.0,74-25,74-26,74-26,22.5448647,3804.76392,
3,74,13,74-13,recent_similar_distance_speed_rank,7.0,74-27,74-28,74-28,21.7273159,11265.7939,
3,74,14,74-14,jockey_recent_top3_excess,0.0500957742,74-29,74-30,74-30,17.2599049,2527.37402,
3,74,15,74-15,Leaf,,,,,-0.00105471641,14.3303089,
3,74,16,74-16,Leaf,,,,,-0.0126799559,135.736237,
3,74,17,74-17,Leaf,,,,,-0.00545467157,746.539001,
3,74,18,74-18,Leaf,,,,,0.00651935628,28.8242226,
3,74,19,74-19,Leaf,,,,,-0.00339255226,213.452316,
3,74,20,74-20,Leaf,,,,,0.00188868574,569.068237,
3,74,21,74-21,Leaf,,,,,-0.00596371433,410.824005,
3,74,22,74-22,Leaf,,,,,-0.00169506355,766.191101,
3,74,23,74-23,Leaf,,,,,0.000262740417,8324.64941,
3,74,24,74-24,Leaf,,,,,0.00437098136,673.278992,
3,74,25,74-25,Leaf,,,,,0.00357278553,3588.14282,
3,74,26,74-26,Leaf,,,,,-0.00457338896,216.62114,
3,74,27,74-27,Leaf,,,,,-0.000242713359,7362.65381,
3,74,28,74-28,Leaf,,,,,-0.00254954956,3903.13989,
3,74,29,74-29,Leaf,,,,,-0.00350440666,375.943237,
3,74,30,74-30,Leaf,,,,,0.00223550876,2151.43091,
3,75,0,75-0,recent_margin_quality_weighted_3_minus_race_mean,0.203055322,75-1,75-2,75-1,56.4584808,29402.6406,
3,75,1,75-1,recent_finish_percentile_weighted_3_minus_race_mean,-0.167178124,75-3,75-4,75-4,29.0340919,21262.248,
3,75,2,75-2,recent_5_weight_kg,55.0,75-5,75-6,75-6,21.1668816,8140.39258,
3,75,3,75-3,jockey_history_top3_excess,0.0614669435,75-7,75-8,75-7,14.3466187,2307.78174,
3,75,4,75-4,prize_money_rank,4.0,75-9,75-10,75-10,18.2972279,18954.4668,
3,75,5,75-5,historical_market_overperformance_slope_3,0.0541666672,75-11,75-12,75-11,14.4757652,654.180664,
3,75,6,75-6,jockey_history_top3_excess,0.14005594,75-13,75-14,75-13,20.4622498,7486.21191,
3,75,7,75-7,recent_margin_quality_weighted_3_minus_race_mean,-0.108380497,75-15,75-16,75-16,12.3707962,1723.6217,
3,75,8,75-8,recent_margin_std_6,0.875595033,75-17,75-18,75-17,14.4559708,584.160034,
3,75,9,75-9,jockey_history_top3_excess,-0.0355419293,75-19,75-20,75-20,16.4390583,6915.6709,
3,75,10,75-10,current_weight_change_pct,-0.0833333358,75-21,75-22,75-22,18.1296864,12038.7949,
3,75,11,75-11,recent_weighted_avg_margin_rank,2.0,75-23,75-24,75-24,7.9445281,373.697357,
3,75,12,75-12,hidden_sectional_run_best_3_gap_to_best,0.152494282,75-25,75-26,75-26,12.2595024,280.483307,
3,75,13,75-13,prize_money_rank,5.0,75-27,75-28,75-28,19.903389,7109.97656,
3,75,14,75-14,recent_weighted_win_rate_rank,4.0,75-29,75-30,75-30,13.2828484,376.235107,
3,75,15,75-15,Leaf,,,,,-0.00584849156,1257.24451,
3,75,16,75-16,Leaf,,,,,-0.00104288221,466.377258,
3,75,17,75-17,Leaf,,,,,0.0116268257,49.860611,
3,75,18,75-18,Leaf,,,,,-0.00131637359,534.299438,
3,75,19,75-19,Leaf,,,,,-0.00195493433,1300.96619,
3,75,20,75-20,Leaf,,,,,0.00115316792,5614.70459,
3,75,21,75-21,Leaf,,,,,-0.00816001836,210.227661,
3,75,22,75-22,Leaf,,,,,-0.000912966672,11828.5674,
3,75,23,75-23,Leaf,,,,,-0.00382547243,143.766235,
3,75,24,75-24,Leaf,,,,,0.00345083,229.931122,
3,75,25,75-25,Leaf,,,,,0.000398384,96.0942764,
3,75,26,75-26,Leaf,,,,,-0.0104162917,184.389023,
3,75,27,75-27,Leaf,,,,,0.0031895251,3211.12793,
3,75,28,75-28,Leaf,,,,,0.000529904093,3898.84888,
3,75,29,75-29,Leaf,,,,,0.00952666625,323.294067,
3,75,30,75-30,Leaf,,,,,-0.00335124438,52.9410324,
3,76,0,76-0,trainer_history_top3_excess,0.0775297582,76-1,76-2,76-1,50.2002716,29379.6973,
3,76,1,76-1,recent_margin_quality_weighted_3_minus_race_mean,-0.101810873,76-3,76-4,76-4,40.7460861,22975.9473,
3,76,2,76-2,prize_money_rank,2.0,76-5,76-6,76-6,19.2188988,6403.74854,
3,76,3,76-3,form_class_level_weighted_3,56.3333321,76-7,76-8,76-7,21.9158058,3157.76294,
3,76,4,76-4,form_class_level_weighted_3,63.0,76-9,76-10,76-9,24.4092026,19818.1855,
3,76,5,76-5,hidden_sectional_run_best_3,0.202138662,76-11,76-12,76-12,12.3102379,727.534912,
3,76,6,76-6,jockey_recent_top3_excess,0.113599494,76-13,76-14,76-14,19.3282223,5676.21387,
3,76,7,76-7,good_wins,3.0,76-15,76-16,76-16,7.74888992,896.716858,
3,76,8,76-8,best_finish_percentile_at_stronger_class,0.727272749,76-17,76-18,76-17,12.7470369,2261.04614,
3,76,9,76-9,best_finish_percentile_at_stronger_class,0.666666687,76-19,76-20,76-19,27.1993961,12201.8174,
3,76,10,76-10,good_starts,11.0,76-21,76-22,76-22,29.9071007,7616.36719,
3,76,11,76-11,recent_weighted_avg_margin,3.37213612,76-23,76-24,76-24,11.674057,371.716858,
3,76,12,76-12,hidden_sectional_run_best_3,0.214270428,76-25,76-26,76-26,12.3842373,355.818054,
3,76,13,76-13,horse_jockey_win_rate_rank,2.0,76-27,76-28,76-28,10.523634,4100.87207,
3,76,14,76-14,best_finish_percentile_at_equal_or_higher_weight,0.857142866,76-29,76-30,76-30,14.9390907,1575.34167,
3,76,15,76-15,Leaf,,,,,-0.0070626582,856.765869,
3,76,16,76-16,Leaf,,,,,0.00341725792,39.9509888,
3,76,17,76-17,Leaf,,,,,-0.00361404568,1248.71191,
3,76,18,76-18,Leaf,,,,,0.00014701474,1012.33423,
3,76,19,76-19,Leaf,,,,,-0.00240043877,4672.22559,
3,76,20,76-20,Leaf,,,,,2.53195703e-05,7529.59229,
3,76,21,76-21,Leaf,,,,,0.00218263129,4550.79541,
3,76,22,76-22,Leaf,,,,,-0.00100707437,3065.57202,
3,76,23,76-23,Leaf,,,,,0.0103865964,328.288208,
3,76,24,76-24,Leaf,,,,,-0.00273509207,43.4286575,
3,76,25,76-25,Leaf,,,,,-0.0148537233,14.9562979,
3,76,26,76-26,Leaf,,,,,0.00339771225,340.861755,
3,76,27,76-27,Leaf,,,,,0.00260234694,1054.80188,
3,76,28,76-28,Leaf,,,,,-0.00028288766,3046.07031,
3,76,29,76-29,Leaf,,,,,-0.000609177223,375.549072,
3,76,30,76-30,Leaf,,,,,0.005069423,1199.7926,
3,77,0,77-0,jockey_history_top3_excess,0.06030453,77-1,77-2,77-1,43.5757828,29551.9043,
3,77,1,77-1,recent_margin_quality_weighted_3_minus_race_mean,-0.0418557227,77-3,77-4,77-3,40.7650452,21539.0977,
3,77,2,77-2,recent_margin_quality_weighted_3_minus_race_mean,0.34690398,77-5,77-6,77-5,29.0754051,8012.80713,
3,77,3,77-3,form_class_level_weighted_3,60.7999992,77-7,77-8,77-7,27.5806999,4863.1499,
3,77,4,77-4,prize_money_rank,4.0,77-9,77-10,77-10,18.9526615,16675.9473,
3,77,5,77-5,recent_last600_best_3,33.4399986,77-11,77-12,77-12,13.8823795,7487.41064,
3,77,6,77-6,recent_last600_best_3,36.4500008,77-13,77-14,77-14,19.4657822,525.396179,
3,77,7,77-7,recent_margin_quality_weighted_3_minus_race_mean,-0.2464239,77-15,77-16,77-16,15.9970016,2244.06348,
3,77,8,77-8,historical_market_overperformance_slope_3,-0.317460328,77-17,77-18,77-17,10.9356651,2619.08643,
3,77,9,77-9,recent_margin_std_6,1.92431808,77-19,77-20,77-20,14.3327255,6146.33643,
3,77,10,77-10,current_weight_change_pct,-0.107438013,77-21,77-22,77-22,17.5056,10529.6113,
3,77,11,77-11,best_finish_percentile_at_equal_or_higher_weight,0.923076928,77-23,77-24,77-23,13.3330898,798.55304,
3,77,12,77-12,form_class_level_weighted_3,83.0,77-25,77-26,77-26,10.8322105,6688.85791,
3,77,13,77-13,recent_margin_std_6,3.87009907,77-27,77-28,77-28,4.92021561,402.047272,
3,77,14,77-14,jockey_trainer_history_smoothed_top3_rate_gap_to_best,0.0465367734,77-29,77-30,77-29,10.8380499,123.348892,
3,77,15,77-15,Leaf,,,,,-0.0108238682,227.509399,
3,77,16,77-16,Leaf,,,,,-0.0038738877,2016.55408,
3,77,17,77-17,Leaf,,,,,-0.00448763603,421.094666,
3,77,18,77-18,Leaf,,,,,-0.000128857355,2197.99194,
3,77,19,77-19,Leaf,,,,,0.00283610169,2000.60596,
3,77,20,77-20,Leaf,,,,,0.000261213427,4145.73047,
3,77,21,77-21,Leaf,,,,,-0.0121314926,72.312149,
3,77,22,77-22,Leaf,,,,,-0.00055070169,10457.2988,
3,77,23,77-23,Leaf,,,,,0.00624466455,576.003845,
3,77,24,77-24,Leaf,,,,,-0.000883911562,222.54921,
3,77,25,77-25,Leaf,,,,,0.000256722415,5233.9165,
3,77,26,77-26,Leaf,,,,,0.0026911709,1454.94141,
3,77,27,77-27,Leaf,,,,,0.0109192701,345.880859,
3,77,28,77-28,Leaf,,,,,0.00230962248,56.1664085,
3,77,29,77-29,Leaf,,,,,-0.00777000887,66.1222534,
3,77,30,77-30,Leaf,,,,,0.00600596983,57.2266388,
3,78,0,78-0,recent_finish_percentile_weighted_3_minus_race_mean,0.0979245007,78-1,78-2,78-1,54.6522446,29422.9941,
3,78,1,78-1,jockey_history_top3_excess,-0.0248553064,78-3,78-4,78-3,27.8771896,13480.8926,
3,78,2,78-2,good_starts,9.0,78-5,78-6,78-6,39.2853394,15942.1025,
3,78,3,78-3,recent_weighted_avg_margin,4.91573286,78-7,78-8,78-7,19.7072563,3543.99414,
3,78,4,78-4,distance_minus_recent_avg,-75.0,78-9,78-10,78-10,16.7002831,9936.89844,
3,78,5,78-5,recent_last600_best_3,35.1800003,78-11,78-12,78-12,30.1800995,10773.3555,
3,78,6,78-6,trainer_history_top3_excess,0.134977192,78-13,78-14,78-14,11.6435184,5168.74658,
3,78,7,78-7,jockey_recent_top3_excess,-0.0291713048,78-15,78-16,78-15,8.26815414,2267.80518,
3,78,8,78-8,recent_finish_percentile_weighted_3_minus_race_mean,-0.225285023,78-17,78-18,78-18,11.3400192,1276.18884,
3,78,9,78-9,recent_finish_percentile_weighted_6_rank_in_race,3.0,78-19,78-20,78-20,11.3572178,1614.17188,
3,78,10,78-10,recent_finish_percentile_rank,6.0,78-21,78-22,78-22,17.768755,8322.72656,
3,78,11,78-11,recent_finish_percentile_weighted_3_minus_race_mean,0.261309385,78-23,78-24,78-24,23.5811081,6233.40625,
3,78,12,78-12,jockey_recent_top3_excess,0.250980943,78-25,78-26,78-25,15.7295074,4539.94922,
3,78,13,78-13,hidden_sectional_run_best_3,0.0335539617,78-27,78-28,78-28,12.4191275,4764.68799,
3,78,14,78-14,recent_finish_percentile_rank,6.0,78-29,78-30,78-30,8.97027206,404.058533,
3,78,15,78-15,Leaf,,,,,-0.0009725829,1848.64893,
3,78,16,78-16,Leaf,,,,,-0.0048411591,419.15625,
3,78,17,78-17,Leaf,,,,,-0.0101607349,266.642273,
3,78,18,78-18,Leaf,,,,,-0.00430232845,1009.54663,
3,78,19,78-19,Leaf,,,,,-0.0102335373,112.110641,
3,78,20,78-20,Leaf,,,,,-0.00224238681,1502.06116,
3,78,21,78-21,Leaf,,,,,0.00106647436,4154.66162,
3,78,22,78-22,Leaf,,,,,-0.00124093634,4168.06543,
3,78,23,78-23,Leaf,,,,,0.00175370334,3965.99902,
3,78,24,78-24,Leaf,,,,,0.00495721959,2267.40723,
3,78,25,78-25,Leaf,,,,,-2.73727183e-05,4397.23975,
3,78,26,78-26,Leaf,,,,,0.00813292991,142.709808,
3,78,27,78-27,Leaf,,,,,-0.00689587323,218.315948,
3,78,28,78-28,Leaf,,,,,-0.000909651455,4546.37207,
3,78,29,78-29,Leaf,,,,,0.00418410776,380.359344,
3,78,30,78-30,Leaf,,,,,-0.00933039747,23.6991882,
3,79,0,79-0,recent_margin_quality_weighted_3_minus_race_mean,0.08304739,79-1,79-2,79-1,45.1185341,29101.3809,
3,79,1,79-1,form_class_level_weighted_3,61.3333321,79-3,79-4,79-3,25.0146542,13485.7393,
3,79,2,79-2,prize_money_rank,3.0,79-5,79-6,79-6,33.5243073,15615.6406,
3,79,3,79-3,best_finish_percentile_at_stronger_class,0.818181813,79-7,79-8,79-7,19.8129158,6491.09082,
3,79,4,79-4,recent_finish_percentile_weighted_3_minus_race_mean,0.281823516,79-9,79-10,79-10,14.179904,6994.64893,
3,79,5,79-5,best_finish_percentile_at_equal_or_higher_weight,0.466666669,79-11,79-12,79-12,14.6623383,3812.8606,
3,79,6,79-6,recent_margin_std_6,3.55021119,79-13,79-14,79-13,21.7856083,11802.7803,
3,79,7,79-7,trainer_history_top3_excess,0.0420240685,79-15,79-16,79-15,20.4985428,4422.23535,
3,79,8,79-8,historical_market_overperformance_slope_3,-0.227964461,79-17,79-18,79-17,12.8383656,2068.85547,
3,79,9,79-9,best_finish_percentile_at_equal_or_higher_weight,0.692307711,79-19,79-20,79-20,11.2933321,6947.32617,
3,79,10,79-10,best_finish_percentile_at_stronger_class,0.888888896,79-21,79-22,79-21,3.46363068,47.3226433,
3,79,11,79-11,historical_market_overperformance_slope_3,0.116803281,79-23,79-24,79-24,16.828373,173.634796,
3,79,12,79-12,best_finish_percentile_at_stronger_class,0.9375,79-25,79-26,79-25,11.6945,3639.22583,
3,79,13,79-13,trainer_history_top3_excess,0.0364955366,79-27,79-28,79-27,11.8532581,9533.52344,
3,79,14,79-14,recent_similar_distance_speed_rank,3.0,79-29,79-30,79-29,11.1741266,2269.25757,
3,79,15,79-15,Leaf,,,,,-0.0044760881,2905.97363,
3,79,16,79-16,Leaf,,,,,-0.000879803672,1516.2616,
3,79,17,79-17,Leaf,,,,,0.00309173064,516.726562,
3,79,18,79-18,Leaf,,,,,-0.00142084144,1552.12891,
3,79,19,79-19,Leaf,,,,,-0.00222370587,1432.20435,
3,79,20,79-20,Leaf,,,,,0.000260124827,5515.12207,
3,79,21,79-21,Leaf,,,,,0.00121581997,16.2541904,
3,79,22,79-22,Leaf,,,,,0.0161417481,31.0684528,
3,79,23,79-23,Leaf,,,,,-0.0123041924,74.8721542,
3,79,24,79-24,Leaf,,,,,0.00262710918,98.7626495,
3,79,25,79-25,Leaf,,,,,0.00371382618,3155.71411,
3,79,26,79-26,Leaf,,,,,-0.000440706935,483.511658,
3,79,27,79-27,Leaf,,,,,-0.00025747859,4628.06348,
3,79,28,79-28,Leaf,,,,,0.00150399411,4905.45947,
3,79,29,79-29,Leaf,,,,,0.000491225335,719.788879,
3,79,30,79-30,Leaf,,,,,-0.0032613785,1549.46863,
3,80,0,80-0,recent_margin_quality_weighted_3_minus_race_mean,0.187780619,80-1,80-2,80-1,54.4218292,29083.9492,
3,80,1,80-1,jockey_history_top3_excess,-0.0613810904,80-3,80-4,80-4,29.1359882,20123.3887,
3,80,2,80-2,good_starts,6.0,80-5,80-6,80-6,25.2495003,8960.56055,
3,80,3,80-3,recent_margin_quality_weighted_3_minus_race_mean,-0.132539928,80-7,80-8,80-7,13.5908661,2041.07373,
3,80,4,80-4,best_finish_percentile_at_equal_or_higher_weight,2.00001001,80-9,80-10,80-10,20.8639755,18082.3145,
3,80,5,80-5,historical_market_overperformance_slope_3,0.214646459,80-11,80-12,80-11,33.29459,4816.74121,
3,80,6,80-6,distance_minus_recent_avg,-349.166656,80-13,80-14,80-14,8.48163509,4143.81934,
3,80,7,80-7,recent_weighted_avg_margin,5.53689003,80-15,80-16,80-16,7.57275009,357.04361,
3,80,8,80-8,best_finish_percentile_at_equal_or_higher_weight,0.25,80-17,80-18,80-17,6.5744133,1684.03015,
3,80,9,80-9,recent_finish_percentile_weighted_3_minus_race_mean,-0.167178124,80-19,80-20,80-20,20.8412209,12939.8613,
3,80,10,80-10,recent_margin_std_6,3.87009907,80-21,80-22,80-22,18.3863983,5142.45312,
3,80,11,80-11,jockey_history_top3_excess,0.14005594,80-23,80-24,80-23,23.1987839,4170.61816,
3,80,12,80-12,recent_margin_std_6,1.04817307,80-25,80-26,80-26,22.204237,646.123169,
3,80,13,80-13,jockey_history_starts,40.0,80-27,80-28,80-28,4.87713337,46.8337364,
3,80,14,80-14,recent_margin_std_6,1.92431808,80-29,80-30,80-30,8.16860485,4096.98584,
3,80,15,80-15,Leaf,,,,,-0.00254489761,121.74826,
3,80,16,80-16,Leaf,,,,,-0.0105161928,235.295364,
3,80,17,80-17,Leaf,,,,,-0.000133497626,487.750916,
3,80,18,80-18,Leaf,,,,,-0.00358945667,1196.27917,
3,80,19,80-19,Leaf,,,,,-0.00385806221,1379.3866,
3,80,20,80-20,Leaf,,,,,-0.000614892051,11560.4746,
3,80,21,80-21,Leaf,,,,,0.00189008308,3609.90234,
3,80,22,80-22,Leaf,,,,,-0.00136896316,1532.55078,
3,80,23,80-23,Leaf,,,,,0.0031271223,3899.75928,
3,80,24,80-24,Leaf,,,,,0.0106111309,270.858826,
3,80,25,80-25,Leaf,,,,,0.00946309324,76.0708008,
3,80,26,80-26,Leaf,,,,,-0.00415798556,570.052368,
3,80,27,80-27,Leaf,,,,,-0.0,21.2319584,
3,80,28,80-28,Leaf,,,,,-0.0150862504,25.601778,
3,80,29,80-29,Leaf,,,,,0.00161657168,1695.81042,
3,80,30,80-30,Leaf,,,,,-0.000643408799,2401.17529,
3,81,0,81-0,recent_weighted_avg_margin,4.11884403,81-1,81-2,81-1,60.5816078,28974.4023,
3,81,1,81-1,good_starts,15.0,81-3,81-4,81-4,35.4535828,20879.168,
3,81,2,81-2,form_class_level_weighted_3,64.0,81-5,81-6,81-5,30.4605675,8095.2334,
3,81,3,81-3,jockey_recent_top3_excess,0.113599494,81-7,81-8,81-7,31.0776863,17451.6426,
3,81,4,81-4,recent_weighted_avg_margin,3.92307591,81-9,81-10,81-9,14.5686302,3427.52612,
3,81,5,81-5,current_weight_change_pct,-0.0178571437,81-11,81-12,81-12,13.9916687,5348.18652,
3,81,6,81-6,current_weight_change_pct,-0.0847457647,81-13,81-14,81-13,15.7515059,2747.04688,
3,81,7,81-7,recent_finish_percentile_weighted_6_rank_in_race,4.0,81-15,81-16,81-16,19.3219833,13358.7197,
3,81,8,81-8,recent_finish_percentile_rank,2.0,81-17,81-18,81-18,18.9138947,4092.92188,
3,81,9,81-9,jockey_history_starts,38.0,81-19,81-20,81-20,14.3741512,3205.84302,
3,81,10,81-10,recent_3_margin,2.79999995,81-21,81-22,81-22,6.26413679,221.683014,
3,81,11,81-11,hidden_sectional_run_best_3_gap_to_best,0.197682664,81-23,81-24,81-23,8.11137009,606.816406,
3,81,12,81-12,recent_weighted_avg_margin,9.59683704,81-25,81-26,81-26,12.4139023,4741.37012,
3,81,13,81-13,recent_similar_distance_speed_rank,8.0,81-27,81-28,81-27,9.69804478,244.588089,
3,81,14,81-14,recent_similar_distance_speed_rank,12.0,81-29,81-30,81-29,14.0377178,2502.45874,
3,81,15,81-15,Leaf,,,,,0.00130663929,8452.61914,
3,81,16,81-16,Leaf,,,,,-0.00066369737,4906.10107,
3,81,17,81-17,Leaf,,,,,0.00589514105,1083.7887,
3,81,18,81-18,Leaf,,,,,0.00203665462,3009.1333,
3,81,19,81-19,Leaf,,,,,-0.00466687372,919.672058,
3,81,20,81-20,Leaf,,,,,-0.000968590844,2286.17114,
3,81,21,81-21,Leaf,,,,,-0.00173598586,66.2977371,
3,81,22,81-22,Leaf,,,,,0.00707296794,155.385269,
3,81,23,81-23,Leaf,,,,,-0.0075082439,538.578674,
3,81,24,81-24,Leaf,,,,,0.00137602398,68.2377396,
3,81,25,81-25,Leaf,,,,,-0.0021094149,4427.4585,
3,81,26,81-26,Leaf,,,,,-0.00720880413,313.911926,
3,81,27,81-27,Leaf,,,,,-0.00897011813,163.402725,
3,81,28,81-28,Leaf,,,,,0.00129539007,81.1853638,
3,81,29,81-29,Leaf,,,,,0.00114563666,2470.36401,
3,81,30,81-30,Leaf,,,,,-0.0134106828,32.0946579,
3,82,0,82-0,trainer_history_top3_excess,0.0775297582,82-1,82-2,82-1,44.5278702,29002.168,
3,82,1,82-1,recent_margin_std_6,3.19400477,82-3,82-4,82-4,43.2562523,22661.3418,
3,82,2,82-2,recent_margin_quality_weighted_3_minus_race_mean,0.223216027,82-5,82-6,82-5,22.2945404,6340.82568,
3,82,3,82-3,recent_margin_quality_weighted_3_minus_race_mean,-0.0931971371,82-7,82-8,82-8,17.7943382,14617.1895,
3,82,4,82-4,best_finish_percentile_at_stronger_class,0.764705896,82-9,82-10,82-9,19.1348038,8044.15332,
3,82,5,82-5,hidden_sectional_run_best_3,0.358717591,82-11,82-12,82-12,14.8974457,4596.5127,
3,82,6,82-6,jockey_trainer_history_smoothed_top3_rate_gap_to_best,0.114285707,82-13,82-14,82-14,21.722023,1744.31274,
3,82,7,82-7,current_weight_change_pct,0.0789473653,82-15,82-16,82-15,13.1487055,1491.12476,
3,82,8,82-8,best_finish_percentile_at_equal_or_higher_weight,2.00001001,82-17,82-18,82-18,15.232605,13126.0645,
3,82,9,82-9,jockey_recent_top3_excess,0.0447217636,82-19,82-20,82-19,15.1087875,4422.32471,
3,82,10,82-10,jockey_history_starts,141.0,82-21,82-22,82-21,10.8946877,3621.82861,
3,82,11,82-11,recent_margin_quality_weighted_3_minus_race_mean,0.212417901,82-23,82-24,82-24,12.755538,3839.73047,
3,82,12,82-12,jockey_recent_top3_excess,0.222169697,82-25,82-26,82-25,14.1036072,756.782166,
3,82,13,82-13,recent_similar_distance_speed_rank,10.0,82-27,82-28,82-27,12.0522156,1260.50378,
3,82,14,82-14,prize_money_rank,9.0,82-29,82-30,82-30,13.6368656,483.809052,
3,82,15,82-15,Leaf,,,,,-0.00314952875,1341.0321,
3,82,16,82-16,Leaf,,,,,0.00443967478,150.092636,
3,82,17,82-17,Leaf,,,,,-1.74861761e-05,9425.81445,
3,82,18,82-18,Leaf,,,,,0.00187288597,3700.24951,
3,82,19,82-19,Leaf,,,,,-0.00424361182,2854.98584,
3,82,20,82-20,Leaf,,,,,-0.00117448892,1567.33887,
3,82,21,82-21,Leaf,,,,,-0.00151016493,2698.17041,
3,82,22,82-22,Leaf,,,,,0.00162061676,923.658081,
3,82,23,82-23,Leaf,,,,,0.00172986835,3746.3811,
3,82,24,82-24,Leaf,,,,,-0.00717500085,93.3494797,
3,82,25,82-25,Leaf,,,,,-0.00341523066,690.213684,
3,82,26,82-26,Leaf,,,,,0.00790140498,66.5684662,
3,82,27,82-27,Leaf,,,,,0.00657751504,1169.3363,
3,82,28,82-28,Leaf,,,,,-0.00257456047,91.1674881,
3,82,29,82-29,Leaf,,,,,0.00185407104,383.983307,
3,82,30,82-30,Leaf,,,,,-0.00810604449,99.8257446,
3,83,0,83-0,recent_margin_quality_weighted_3_minus_race_mean,0.219716489,83-1,83-2,83-1,42.3142815,28980.1406,
3,83,1,83-1,trainer_history_top3_excess,0.0161253326,83-3,83-4,83-3,31.8696442,21892.1426,
3,83,2,83-2,recent_last600_best_3,35.4099998,83-5,83-6,83-6,26.2101116,7087.99805,
3,83,3,83-3,form_class_level_weighted_3,53.3333321,83-7,83-8,83-7,23.1549225,9938.54688,
3,83,4,83-4,recent_similar_distance_speed_rank,4.0,83-9,83-10,83-10,11.2386379,11953.5957,
3,83,5,83-5,jockey_history_top3_excess,0.118049055,83-11,83-12,83-11,19.29076,4197.28076,
3,83,6,83-6,recent_similar_distance_speed_rank,7.0,83-13,83-14,83-14,11.774724,2890.71753,
3,83,7,83-7,recent_finish_percentile_weighted_3_minus_race_mean,0.0331594944,83-15,83-16,83-16,22.4403954,3134.71948,
3,83,8,83-8,form_class_level_weighted_3,85.0,83-17,83-18,83-18,12.2158413,6803.82764,
3,83,9,83-9,horse_jockey_win_rate_rank,3.0,83-19,83-20,83-19,10.9004583,4471.27295,
3,83,10,83-10,recent_margin_quality_weighted_3_minus_race_mean,0.209049881,83-21,83-22,83-21,13.3012304,7482.32227,
3,83,11,83-11,recent_finish_percentile_rank,4.0,83-23,83-24,83-24,17.8854446,3803.75537,
3,83,12,83-12,recent_weighted_win_rate_rank,6.0,83-25,83-26,83-26,11.2502251,393.52533,
3,83,13,83-13,hidden_sectional_run_best_3,0.164351851,83-27,83-28,83-27,14.5655107,1784.95789,
3,83,14,83-14,recent_last600_best_3,35.6500015,83-29,83-30,83-30,14.7644844,1105.75964,
3,83,15,83-15,Leaf,,,,,-0.00612159353,1156.8396,
3,83,16,83-16,Leaf,,,,,-0.00173001306,1977.87976,
3,83,17,83-17,Leaf,,,,,-0.00123345212,5711.61963,
3,83,18,83-18,Leaf,,,,,0.00164010096,1092.20813,
3,83,19,83-19,Leaf,,,,,0.00195530988,3517.89966,
3,83,20,83-20,Leaf,,,,,-0.00104535697,953.373474,
3,83,21,83-21,Leaf,,,,,-0.000100168203,7306.48682,
3,83,22,83-22,Leaf,,,,,-0.00687462231,175.835815,
3,83,23,83-23,Leaf,,,,,0.00314551778,3160.02637,
3,83,24,83-24,Leaf,,,,,-0.00140142895,643.729004,
3,83,25,83-25,Leaf,,,,,0.00921730418,371.072937,
3,83,26,83-26,Leaf,,,,,-0.00670327945,22.4524136,
3,83,27,83-27,Leaf,,,,,0.00203912216,1523.19727,
3,83,28,83-28,Leaf,,,,,-0.00424006768,261.760651,
3,83,29,83-29,Leaf,,,,,-0.0111960759,93.218895,
3,83,30,83-30,Leaf,,,,,-0.00123559951,1012.54071,
3,84,0,84-0,recent_margin_quality_weighted_3_minus_race_mean,-0.0418557227,84-1,84-2,84-1,48.3900604,28866.8711,
3,84,1,84-1,recent_weighted_avg_margin,9.09250546,84-3,84-4,84-3,27.9745712,6338.08252,
3,84,2,84-2,jockey_history_top3_excess,0.145747766,84-5,84-6,84-5,44.8173904,22528.7891,
3,84,3,84-3,form_class_level_weighted_3,60.3333321,84-7,84-8,84-7,15.7833195,5854.60352,
3,84,4,84-4,form_class_level_weighted_3,67.3333359,84-9,84-10,84-9,11.3216209,483.478821,
3,84,5,84-5,recent_similar_distance_speed_rank,7.0,84-11,84-12,84-12,29.9462261,21473.0938,
3,84,6,84-6,trainer_history_top3_excess,0.0262527876,84-13,84-14,84-14,18.9565544,1055.69543,
3,84,7,84-7,jockey_trainer_history_smoothed_top3_rate_gap_to_best,0.0486111045,84-15,84-16,84-16,14.5248528,2456.09058,
3,84,8,84-8,good_starts,8.0,84-17,84-18,84-18,20.0198212,3398.51294,
3,84,9,84-9,best_finish_percentile_at_stronger_class,0.733333349,84-19,84-20,84-19,5.14209747,370.246216,
3,84,10,84-10,jockey_trainer_history_smoothed_top3_rate_gap_to_best,0.0297619104,84-21,84-22,84-22,4.46989202,113.232628,
3,84,11,84-11,recent_margin_quality_weighted_3_minus_race_mean,0.249928296,84-23,84-24,84-24,22.4798336,14699.3867,
3,84,12,84-12,good_starts,34.0,84-25,84-26,84-26,14.4966183,6773.70752,
3,84,13,84-13,recent_last600_best_3,34.4099998,84-27,84-28,84-28,9.06297874,238.065384,
3,84,14,84-14,hidden_sectional_run_best_3,0.171878323,84-29,84-30,84-29,8.07781982,817.630127,
3,84,15,84-15,Leaf,,,,,0.000360345584,587.636108,
3,84,16,84-16,Leaf,,,,,-0.00412782049,1868.45435,
3,84,17,84-17,Leaf,,,,,0.00173160282,1496.34534,
3,84,18,84-18,Leaf,,,,,-0.00212143012,1902.16772,
3,84,19,84-19,Leaf,,,,,-0.011490887,279.686798,
3,84,20,84-20,Leaf,,,,,-0.00392700871,90.5593948,
3,84,21,84-21,Leaf,,,,,0.00688240537,25.7413921,
3,84,22,84-22,Leaf,,,,,-0.00344576989,87.4912338,
3,84,23,84-23,Leaf,,,,,0.000300988031,11299.8154,
3,84,24,84-24,Leaf,,,,,0.00261824462,3399.57129,
3,84,25,84-25,Leaf,,,,,-0.00101363694,6667.32031,
3,84,26,84-26,Leaf,,,,,-0.00992714521,106.387177,
3,84,27,84-27,Leaf,,,,,0.00465087919,101.857498,
3,84,28,84-28,Leaf,,,,,-0.00480006309,136.207886,
3,84,29,84-29,Leaf,,,,,0.0095559638,441.627808,
3,84,30,84-30,Leaf,,,,,0.00434237486,376.002289,
3,85,0,85-0,jockey_history_top3_excess,0.0747099146,85-1,85-2,85-1,47.0238495,28687.3184,
3,85,1,85-1,recent_finish_percentile_weighted_3_minus_race_mean,-0.155434132,85-3,85-4,85-3,41.7974968,22708.0059,
3,85,2,85-2,recent_margin_quality_weighted_3_minus_race_mean,0.34690398,85-5,85-6,85-5,21.538311,5979.31152,
3,85,3,85-3,trainer_history_top3_excess,0.0445010848,85-7,85-8,85-7,14.2508926,2271.72485,
3,85,4,85-4,recent_finish_percentile_weighted_3_minus_race_mean,0.168253362,85-9,85-10,85-10,23.9771004,20436.2812,
3,85,5,85-5,trainer_history_top3_excess,0.134977192,85-11,85-12,85-11,15.4661236,5590.79199,
3,85,6,85-6,recent_finish_percentile_rank,2.0,85-13,85-14,85-14,7.990242,388.519562,
3,85,7,85-7,current_weight_change_pct,0.0438596494,85-15,85-16,85-16,10.2103424,1574.22827,
3,85,8,85-8,jockey_recent_top3_excess,0.0925810859,85-17,85-18,85-17,7.95285797,697.496521,
3,85,9,85-9,good_starts,28.0,85-19,85-20,85-20,19.3567696,11544.3643,
3,85,10,85-10,recent_similar_distance_speed_rank,8.0,85-21,85-22,85-22,20.7737007,8891.91797,
3,85,11,85-11,good_starts,10.0,85-23,85-24,85-24,9.00098419,5028.42285,
3,85,12,85-12,recent_similar_distance_speed_rank,11.0,85-25,85-26,85-25,11.5719643,562.369019,
3,85,13,85-13,good_starts,14.0,85-27,85-28,85-28,3.74595642,245.083023,
3,85,14,85-14,jockey_history_top3_excess,0.0995124429,85-29,85-30,85-30,8.95772552,143.436554,
3,85,15,85-15,Leaf,,,,,-0.00674218778,933.067383,
3,85,16,85-16,Leaf,,,,,-0.00257149036,641.16095,
3,85,17,85-17,Leaf,,,,,0.000327887537,602.69104,
3,85,18,85-18,Leaf,,,,,-0.00712176738,94.8054962,
3,85,19,85-19,Leaf,,,,,-0.000716914015,11010.8398,
3,85,20,85-20,Leaf,,,,,-0.00555387465,533.523865,
3,85,21,85-21,Leaf,,,,,0.00144682382,6819.80469,
3,85,22,85-22,Leaf,,,,,-0.00140527752,2072.11279,
3,85,23,85-23,Leaf,,,,,0.00172970805,3664.48438,
3,85,24,85-24,Leaf,,,,,-0.000641730323,1363.93848,
3,85,25,85-25,Leaf,,,,,0.00611255085,546.997681,
3,85,26,85-26,Leaf,,,,,-0.0114158746,15.3713207,
3,85,27,85-27,Leaf,,,,,0.0114840334,209.470245,
3,85,28,85-28,Leaf,,,,,0.00189274608,35.6127739,
3,85,29,85-29,Leaf,,,,,-0.00512715895,51.2929077,
3,85,30,85-30,Leaf,,,,,0.00699620694,92.1436462,
3,86,0,86-0,good_starts,14.0,86-1,86-2,86-1,41.0605049,28846.0742,
3,86,1,86-1,best_finish_percentile_at_stronger_class,0.70588237,86-3,86-4,86-3,46.5842285,23111.7988,
3,86,2,86-2,current_weight_change_pct,0.0357142873,86-5,86-6,86-5,18.928978,5734.27393,
3,86,3,86-3,trainer_history_top3_excess,-0.0434782617,86-7,86-8,86-7,35.8277168,11404.7734,
3,86,4,86-4,recent_finish_percentile_weighted_3_minus_race_mean,0.281823516,86-9,86-10,86-10,26.987793,11707.0264,
3,86,5,86-5,prize_money_rank,4.0,86-11,86-12,86-12,16.0931435,3874.4707,
3,86,6,86-6,hidden_sectional_run_best_3,0.27853334,86-13,86-14,86-13,13.345768,1859.80334,
3,86,7,86-7,recent_5_weight_kg,55.5,86-15,86-16,86-15,17.7845764,1464.91455,
3,86,8,86-8,jockey_history_top3_excess,0.124775313,86-17,86-18,86-17,24.0868015,9939.85938,
3,86,9,86-9,jockey_history_top3_excess,-0.063271746,86-19,86-20,86-19,13.0439663,9476.64258,
3,86,10,86-10,jockey_history_top3_excess,-0.00734116696,86-21,86-22,86-22,26.6370392,2230.38354,
3,86,11,86-11,form_class_level_weighted_3,51.0,86-23,86-24,86-24,11.5201244,2019.30151,
3,86,12,86-12,jockey_history_starts,38.0,86-25,86-26,86-26,9.54526138,1855.16919,
3,86,13,86-13,hidden_sectional_run_best_3,0.186922237,86-27,86-28,86-27,13.0574837,1465.05591,
3,86,14,86-14,jockey_history_starts,20.0,86-29,86-30,86-30,6.43476963,394.747498,
3,86,15,86-15,Leaf,,,,,-0.00699605513,737.320801,
3,86,16,86-16,Leaf,,,,,-0.00146638625,727.593811,
3,86,17,86-17,Leaf,,,,,-0.000492691528,9055.36816,
3,86,18,86-18,Leaf,,,,,0.00380720315,884.491394,
3,86,19,86-19,Leaf,,,,,-0.00188418292,871.644226,
3,86,20,86-20,Leaf,,,,,0.00130802672,8604.99805,
3,86,21,86-21,Leaf,,,,,-0.0,696.003662,
3,86,22,86-22,Leaf,,,,,0.00589688821,1534.38,
3,86,23,86-23,Leaf,,,,,-0.00933814794,96.03405,
3,86,24,86-24,Leaf,,,,,-0.000855343358,1923.26746,
3,86,25,86-25,Leaf,,,,,-0.00743004913,516.680359,
3,86,26,86-26,Leaf,,,,,-0.00337518309,1338.48889,
3,86,27,86-27,Leaf,,,,,-0.000678989571,857.324219,
3,86,28,86-28,Leaf,,,,,0.00407730136,607.731689,
3,86,29,86-29,Leaf,,,,,-0.010830529,59.2390556,
3,86,30,86-30,Leaf,,,,,-0.00228652591,335.508423,
3,87,0,87-0,recent_margin_quality_weighted_3_minus_race_mean,0.08304739,87-1,87-2,87-1,43.7496185,28638.1523,
3,87,1,87-1,form_class_level_weighted_3,62.0,87-3,87-4,87-3,29.2390633,13255.9014,
3,87,2,87-2,recent_last600_best_3,34.8400002,87-5,87-6,87-6,25.0764065,15382.25,
3,87,3,87-3,recent_margin_quality_weighted_3_minus_race_mean,-0.206126422,87-7,87-8,87-8,27.1899529,6463.86279,
3,87,4,87-4,good_starts,15.0,87-9,87-10,87-10,24.1871452,6792.03906,
3,87,5,87-5,good_starts,6.0,87-11,87-12,87-12,18.5891991,7304.24512,
3,87,6,87-6,best_finish_percentile_at_stronger_class,0.699999988,87-13,87-14,87-13,17.1096134,8078.00488,
3,87,7,87-7,good_wins,2.0,87-15,87-16,87-16,5.89413834,473.633575,
3,87,8,87-8,jockey_history_top3_excess,0.14005594,87-17,87-18,87-17,19.0720043,5990.229,
3,87,9,87-9,current_weight_change_pct,-0.0344827585,87-19,87-20,87-19,11.2028522,5062.76025,
3,87,10,87-10,hidden_sectional_run_best_3_gap_to_best,0.161576793,87-21,87-22,87-21,15.0480871,1729.27905,
3,87,11,87-11,recent_margin_quality_weighted_3_minus_race_mean,0.291923583,87-23,87-24,87-24,15.8257065,3933.9939,
3,87,12,87-12,form_class_level_weighted_3,65.6666641,87-25,87-26,87-26,16.5651646,3370.25122,
3,87,13,87-13,jockey_history_top3_excess,0.0220648609,87-27,87-28,87-27,14.0747709,3170.34912,
3,87,14,87-14,historical_market_overperformance_slope_3,-0.0683140606,87-29,87-30,87-30,22.1456642,4907.65625,
3,87,15,87-15,Leaf,,,,,-0.00909899827,394.918732,
3,87,16,87-16,Leaf,,,,,-0.00133386417,78.7148514,
3,87,17,87-17,Leaf,,,,,-0.00199224497,5749.87842,
3,87,18,87-18,Leaf,,,,,0.00505860662,240.350906,
3,87,19,87-19,Leaf,,,,,-0.00133095868,980.866028,
3,87,20,87-20,Leaf,,,,,0.00163128262,4081.89404,
3,87,21,87-21,Leaf,,,,,-0.00132474897,1457.9397,
3,87,22,87-22,Leaf,,,,,-0.0076647508,271.339386,
3,87,23,87-23,Leaf,,,,,0.0023617323,3066.67603,
3,87,24,87-24,Leaf,,,,,0.00619573938,867.317627,
3,87,25,87-25,Leaf,,,,,-0.00112647878,1620.95398,
3,87,26,87-26,Leaf,,,,,0.00237041339,1749.29736,
3,87,27,87-27,Leaf,,,,,-0.00307834614,1559.61487,
3,87,28,87-28,Leaf,,,,,0.000243474307,1610.73425,
3,87,29,87-29,Leaf,,,,,0.00358230504,1418.17212,
3,87,30,87-30,Leaf,,,,,-0.000111453635,3489.48389,
3,88,0,88-0,recent_finish_percentile_rank,3.0,88-1,88-2,88-2,47.1634979,28612.998,
3,88,1,88-1,good_starts,5.0,88-3,88-4,88-4,27.2655869,10696.9561,
3,88,2,88-2,form_class_level_weighted_3,56.0,88-5,88-6,88-6,31.9756165,17916.043,
3,88,3,88-3,hidden_sectional_run_best_3,0.173310056,88-7,88-8,88-8,33.6868858,5220.65186,
3,88,4,88-4,best_finish_percentile_at_equal_or_higher_weight,0.777777791,88-9,88-10,88-10,12.6264839,5476.3042,
3,88,5,88-5,recent_margin_quality_weighted_3_minus_race_mean,-0.0701009631,88-11,88-12,88-12,28.6800957,4374.81104,
3,88,6,88-6,good_starts,14.0,88-13,88-14,88-14,24.1867142,13541.2314,
3,88,7,88-7,jockey_recent_top3_excess,0.0985783711,88-15,88-16,88-15,14.3866882,2653.05615,
3,88,8,88-8,historical_market_overperformance_slope_3,0.204166666,88-17,88-18,88-18,13.5748186,2567.59546,
3,88,9,88-9,recent_weighted_win_rate_rank,2.0,88-19,88-20,88-20,14.3350334,639.588135,
3,88,10,88-10,recent_3_margin,2.29999995,88-21,88-22,88-22,12.3445559,4836.71582,
3,88,11,88-11,recent_3_margin,6.9000001,88-23,88-24,88-23,10.3199196,893.011047,
3,88,12,88-12,recent_margin_quality_weighted_3_minus_race_mean,0.271818876,88-25,88-26,88-26,17.566349,3481.7998,
3,88,13,88-13,best_finish_percentile_at_stronger_class,0.733333349,88-27,88-28,88-27,16.7382545,9943.86035,
3,88,14,88-14,current_weight_change_pct,0.0789473653,88-29,88-30,88-29,13.9291344,3597.37134,
3,88,15,88-15,Leaf,,,,,0.00350486347,1912.01526,
3,88,16,88-16,Leaf,,,,,0.00764783612,741.040833,
3,88,17,88-17,Leaf,,,,,0.0021657201,1527.08398,
3,88,18,88-18,Leaf,,,,,-0.00152071437,1040.5116,
3,88,19,88-19,Leaf,,,,,-0.00891176052,177.5914,
3,88,20,88-20,Leaf,,,,,-0.000682569284,461.996765,
3,88,21,88-21,Leaf,,,,,-0.000539017899,2595.93701,
3,88,22,88-22,Leaf,,,,,0.00198789779,2240.77881,
3,88,23,88-23,Leaf,,,,,-0.00446586963,597.543457,
3,88,24,88-24,Leaf,,,,,-0.0103124371,295.46759,
3,88,25,88-25,Leaf,,,,,-0.00209190813,3124.74805,
3,88,26,88-26,Leaf,,,,,0.00368946791,357.051666,
3,88,27,88-27,Leaf,,,,,-0.000298104074,5807.33838,
3,88,28,88-28,Leaf,,,,,0.00178027328,4136.52148,
3,88,29,88-29,Leaf,,,,,-0.00241356762,3144.88794,
3,88,30,88-30,Leaf,,,,,0.00223498512,452.483337,
3,89,0,89-0,recent_margin_quality_weighted_3_minus_race_mean,0.184979558,89-1,89-2,89-1,51.1920433,28562.2266,
3,89,1,89-1,jockey_history_top3_excess,-0.0362505838,89-3,89-4,89-3,35.9154053,19590.1641,
3,89,2,89-2,jockey_history_top3_excess,0.14005594,89-5,89-6,89-5,22.5222206,8972.06152,
3,89,3,89-3,form_class_level_weighted_3,53.5999985,89-7,89-8,89-7,18.8594933,3877.00415,
3,89,4,89-4,jockey_history_starts,14.0,89-9,89-10,89-10,18.2339478,15713.1602,
3,89,5,89-5,historical_market_overperformance_slope_3,-0.0822867602,89-11,89-12,89-12,13.4974251,8485.73926,
3,89,6,89-6,historical_market_overperformance_slope_3,0.190247253,89-13,89-14,89-13,13.5480003,486.32251,
3,89,7,89-7,hidden_sectional_run_best_3_gap_to_best,0.194826752,89-15,89-16,89-15,10.3495712,1174.46912,
3,89,8,89-8,historical_market_overperformance_slope_3,2.60886884,89-17,89-18,89-18,11.0281115,2702.53491,
3,89,9,89-9,recent_margin_quality_weighted_3_minus_race_mean,0.161139071,89-19,89-20,89-19,8.71114731,1457.2489,
3,89,10,89-10,form_class_level_weighted_3,63.6666679,89-21,89-22,89-21,17.2102795,14255.9111,
3,89,11,89-11,recent_3_distance_m,900.0,89-23,89-24,89-24,16.8572254,1733.34753,
3,89,12,89-12,current_weight_change_pct,-0.0170940179,89-25,89-26,89-26,16.3754025,6752.39209,
3,89,13,89-13,recent_weighted_win_rate_rank,4.0,89-27,89-28,89-28,7.83074951,428.14447,
3,89,14,89-14,recent_3_distance_m,950.0,89-29,89-30,89-29,8.70021057,58.1780434,
3,89,15,89-15,Leaf,,,,,-0.00652386202,999.120972,
3,89,16,89-16,Leaf,,,,,1.98376765e-05,175.34819,
3,89,17,89-17,Leaf,,,,,-0.00138619193,2584.84131,
3,89,18,89-18,Leaf,,,,,-0.00894020032,117.693588,
3,89,19,89-19,Leaf,,,,,-0.00347435707,1333.98901,
3,89,20,89-20,Leaf,,,,,0.00325559522,123.259956,
3,89,21,89-21,Leaf,,,,,-0.000760226569,7668.78906,
3,89,22,89-22,Leaf,,,,,0.000980784534,6587.12207,
3,89,23,89-23,Leaf,,,,,-0.0100678243,48.5343246,
3,89,24,89-24,Leaf,,,,,0.00361731718,1684.81323,
3,89,25,89-25,Leaf,,,,,-0.00212774565,1063.94031,
3,89,26,89-26,Leaf,,,,,0.00123703654,5688.45166,
3,89,27,89-27,Leaf,,,,,0.00982540939,346.872742,
3,89,28,89-28,Leaf,,,,,0.00100376515,81.2717361,
3,89,29,89-29,Leaf,,,,,0.00774764782,17.8175831,
3,89,30,89-30,Leaf,,,,,-0.00982473232,40.3604622,
3,90,0,90-0,recent_finish_percentile_weighted_3_minus_race_mean,0.281823516,90-1,90-2,90-1,43.8558311,28380.8145,
3,90,1,90-1,recent_weighted_avg_margin,5.43299103,90-3,90-4,90-3,26.7070408,23622.3789,
3,90,2,90-2,good_starts,6.0,90-5,90-6,90-6,22.4660225,4758.43555,
3,90,3,90-3,jockey_history_top3_excess,0.000928932161,90-7,90-8,90-7,15.7311049,19951.5977,
3,90,4,90-4,jockey_history_starts,155.0,90-9,90-10,90-9,17.3968506,3670.78076,
3,90,5,90-5,recent_margin_std_6,2.29753494,90-11,90-12,90-12,22.6460228,2591.04419,
3,90,6,90-6,recent_weighted_avg_margin,0.914222002,90-13,90-14,90-14,15.1547804,2167.39111,
3,90,7,90-7,recent_3_distance_m,1000.0,90-15,90-16,90-16,12.9862747,7793.05762,
3,90,8,90-8,recent_3_distance_m,1615.0,90-17,90-18,90-18,18.2628326,12158.54,
3,90,9,90-9,distance_minus_recent_avg,725.833313,90-19,90-20,90-20,14.8710175,2832.71411,
3,90,10,90-10,recent_finish_percentile_rank,3.0,90-21,90-22,90-22,10.7116194,838.066711,
3,90,11,90-11,jockey_history_top3_excess,-0.0134469699,90-23,90-24,90-23,15.992691,1285.82043,
3,90,12,90-12,jockey_history_starts,215.0,90-25,90-26,90-26,13.1146221,1305.22388,
3,90,13,90-13,good_starts,13.0,90-27,90-28,90-28,5.12036896,67.6844254,
3,90,14,90-14,recent_margin_std_6,1.92431808,90-29,90-30,90-30,16.5599365,2099.70679,
3,90,15,90-15,Leaf,,,,,-0.00443087565,645.133667,
3,90,16,90-16,Leaf,,,,,-0.000748004008,7147.92383,
3,90,17,90-17,Leaf,,,,,0.000792399165,10290.96,
3,90,18,90-18,Leaf,,,,,-0.00188813137,1867.58044,
3,90,19,90-19,Leaf,,,,,-0.00378912105,2731.89136,
3,90,20,90-20,Leaf,,,,,0.00558951357,100.822678,
3,90,21,90-21,Leaf,,,,,0.00715213362,123.645294,
3,90,22,90-22,Leaf,,,,,-0.000548546726,714.421448,
3,90,23,90-23,Leaf,,,,,0.000966271036,308.237488,
3,90,24,90-24,Leaf,,,,,0.00754809333,977.582886,
3,90,25,90-25,Leaf,,,,,0.000212083221,1104.94751,
3,90,26,90-26,Leaf,,,,,0.00703261374,200.276443,
3,90,27,90-27,Leaf,,,,,-0.0158080235,37.5294037,
3,90,28,90-28,Leaf,,,,,-0.00171874638,30.1550217,
3,90,29,90-29,Leaf,,,,,0.00328296772,847.156006,
3,90,30,90-30,Leaf,,,,,-0.00121867505,1252.55078,
3,91,0,91-0,recent_finish_percentile_weighted_3_minus_race_mean,0.0178551674,91-1,91-2,91-1,44.0144348,28395.6973,
3,91,1,91-1,jockey_history_top3_excess,0.067592591,91-3,91-4,91-3,24.9910793,8759.74512,
3,91,2,91-2,trainer_history_top3_excess,0.0775297582,91-5,91-6,91-5,29.122036,19635.9531,
3,91,3,91-3,form_class_level_weighted_3,54.0,91-7,91-8,91-7,26.1914406,6695.08447,
3,91,4,91-4,hidden_sectional_run_best_3_gap_to_best,0.151301563,91-9,91-10,91-9,8.76055717,2064.66113,
3,91,5,91-5,recent_last600_best_3,35.0200005,91-11,91-12,91-11,23.1536789,14971.3145,
3,91,6,91-6,jockey_history_top3_excess,0.105548568,91-13,91-14,91-14,19.1737938,4664.6377,
3,91,7,91-7,trainer_history_top3_excess,0.043660935,91-15,91-16,91-15,26.0809937,1800.40918,
3,91,8,91-8,recent_finish_percentile_weighted_3_minus_race_mean,-0.334514529,91-17,91-18,91-18,11.7207451,4894.67529,
3,91,9,91-9,jockey_history_top3_excess,0.158991203,91-19,91-20,91-20,7.57129049,1852.63538,
3,91,10,91-10,best_finish_percentile_at_equal_or_higher_weight,0.454545468,91-21,91-22,91-21,7.30131006,212.025696,
3,91,11,91-11,recent_finish_percentile_weighted_3_minus_race_mean,0.359402239,91-23,91-24,91-24,18.9620209,10402.3027,
3,91,12,91-12,recent_similar_distance_speed_rank,7.0,91-25,91-26,91-26,12.4057341,4569.01172,
3,91,13,91-13,current_weight_change_pct,0.0178571437,91-27,91-28,91-28,14.4823961,3788.89282,
3,91,14,91-14,recent_margin_std_6,4.16205072,91-29,91-30,91-29,9.38689041,875.74469,
3,91,15,91-15,Leaf,,,,,-0.00676613534,1248.04248,
3,91,16,91-16,Leaf,,,,,-0.000233161656,552.366638,
3,91,17,91-17,Leaf,,,,,-0.00659195101,234.705338,
3,91,18,91-18,Leaf,,,,,-0.000967118423,4659.97021,
3,91,19,91-19,Leaf,,,,,0.000898208877,1642.64392,
3,91,20,91-20,Leaf,,,,,0.00585633283,209.991394,
3,91,21,91-21,Leaf,,,,,-0.0110709863,51.8519135,
3,91,22,91-22,Leaf,,,,,-0.000845329487,160.173782,
3,91,23,91-23,Leaf,,,,,0.0004477271,9505.18555,
3,91,24,91-24,Leaf,,,,,0.00423313398,897.117798,
3,91,25,91-25,Leaf,,,,,-0.000361404294,2901.84521,
3,91,26,91-26,Leaf,,,,,-0.00306674442,1667.16675,
3,91,27,91-27,Leaf,,,,,0.000139359647,2001.39209,
3,91,28,91-28,Leaf,,,,,0.00323514873,1787.50085,
3,91,29,91-29,Leaf,,,,,0.00652858475,794.570496,
3,91,30,91-30,Leaf,,,,,-0.00211479585,81.1741867,
3,92,0,92-0,recent_finish_percentile_weighted_3_minus_race_mean,-0.0224326849,92-1,92-2,92-1,47.7009888,28480.6582,
3,92,1,92-1,best_finish_percentile_at_equal_or_higher_weight,0.615384638,92-3,92-4,92-4,17.8723736,6995.26807,
3,92,2,92-2,recent_margin_std_6,1.99741495,92-5,92-6,92-6,31.4116364,21485.3906,
3,92,3,92-3,recent_3_margin,8.30000019,92-7,92-8,92-7,9.92481613,1709.42432,
3,92,4,92-4,current_weight_change_pct,0.0545454547,92-9,92-10,92-9,13.4509163,5285.84375,
3,92,5,92-5,good_starts,19.0,92-11,92-12,92-12,34.0979576,7828.44824,
3,92,6,92-6,jockey_history_starts,31.0,92-13,92-14,92-14,26.8427696,13656.9424,
3,92,7,92-7,recent_margin_std_6,6.46944094,92-15,92-16,92-15,7.10526657,1381.17249,
3,92,8,92-8,jockey_recent_top3_excess,-0.0421059541,92-17,92-18,92-18,7.51322937,328.251892,
3,92,9,92-9,trainer_history_top3_excess,-0.0841832981,92-19,92-20,92-20,17.6946754,4348.6499,
3,92,10,92-10,jockey_recent_top3_excess,0.0264463257,92-21,92-22,92-21,13.3161716,937.193481,
3,92,11,92-11,current_weight_change_pct,-0.0333333351,92-23,92-24,92-24,19.7641754,7177.21143,
3,92,12,92-12,trainer_history_top3_excess,0.119646482,92-25,92-26,92-25,13.927247,651.236633,
3,92,13,92-13,recent_3_margin,1.70000005,92-27,92-28,92-28,8.30604744,2764.39941,
3,92,14,92-14,distance_minus_recent_avg,-439.166656,92-29,92-30,92-30,16.3616295,10892.543,
3,92,15,92-15,Leaf,,,,,-0.00236486271,1291.92493,
3,92,16,92-16,Leaf,,,,,-0.00939635746,89.2474976,
3,92,17,92-17,Leaf,,,,,-0.0124842515,123.307648,
3,92,18,92-18,Leaf,,,,,-0.00440468173,204.944244,
3,92,19,92-19,Leaf,,,,,-0.00896981265,180.468643,
3,92,20,92-20,Leaf,,,,,-0.00116354658,4168.18164,
3,92,21,92-21,Leaf,,,,,-0.00121393742,463.886139,
3,92,22,92-22,Leaf,,,,,0.00468701124,473.307343,
3,92,23,92-23,Leaf,,,,,-0.00127933838,768.8797,
3,92,24,92-24,Leaf,,,,,0.00294302544,6408.33154,
3,92,25,92-25,Leaf,,,,,-0.00461270148,593.775391,
3,92,26,92-26,Leaf,,,,,0.0074153631,57.4612503,
3,92,27,92-27,Leaf,,,,,-0.00440145424,761.729736,
3,92,28,92-28,Leaf,,,,,-0.0013288795,2002.66968,
3,92,29,92-29,Leaf,,,,,-0.0114104385,60.8315201,
3,92,30,92-30,Leaf,,,,,0.00064191618,10831.7109,
3,93,0,93-0,hidden_sectional_run_best_3_gap_to_best,0.107342109,93-1,93-2,93-1,37.843277,28252.8457,
3,93,1,93-1,jockey_trainer_history_smoothed_top3_rate_gap_to_best,0.231411874,93-3,93-4,93-4,16.6707993,13802.0654,
3,93,2,93-2,recent_finish_percentile_weighted_6_rank_in_race,2.0,93-5,93-6,93-6,20.204504,14450.7803,
3,93,3,93-3,recent_finish_percentile_weighted_3_minus_race_mean,-0.281292528,93-7,93-8,93-8,12.9213839,9350.91797,
3,93,4,93-4,distance_minus_recent_avg,-55.0,93-9,93-10,93-10,11.2357101,4451.14697,
3,93,5,93-5,good_starts,6.0,93-11,93-12,93-12,23.2859459,4431.14404,
3,93,6,93-6,good_wins,1.0,93-13,93-14,93-14,12.2753716,10019.6357,
3,93,7,93-7,recent_weighted_avg_margin_rank,7.0,93-15,93-16,93-16,5.109231,413.075073,
3,93,8,93-8,trainer_history_top3_excess,0.158633247,93-17,93-18,93-18,10.6331635,8937.84277,
3,93,9,93-9,trainer_history_top3_excess,0.0335261971,93-19,93-20,93-19,8.24428177,971.821045,
3,93,10,93-10,recent_finish_percentile_rank,4.0,93-21,93-22,93-22,17.1584969,3479.32617,
3,93,11,93-11,recent_margin_std_6,3.51046062,93-23,93-24,93-24,14.646431,2400.22925,
3,93,12,93-12,recent_weighted_avg_margin,2.49258208,93-25,93-26,93-26,11.3214073,2030.91492,
3,93,13,93-13,trainer_history_top3_excess,0.0908954591,93-27,93-28,93-27,10.3732309,4091.47388,
3,93,14,93-14,good_starts,19.0,93-29,93-30,93-30,17.193512,5928.16211,
3,93,15,93-15,Leaf,,,,,-0.000641595339,135.77063,
3,93,16,93-16,Leaf,,,,,-0.00663222605,277.304443,
3,93,17,93-17,Leaf,,,,,-0.000410880632,8703.66602,
3,93,18,93-18,Leaf,,,,,0.00487764692,234.176666,
3,93,19,93-19,Leaf,,,,,-0.00601289654,729.147644,
3,93,20,93-20,Leaf,,,,,-0.000643270323,242.67337,
3,93,21,93-21,Leaf,,,,,0.000924596097,1096.55115,
3,93,22,93-22,Leaf,,,,,-0.00284131127,2382.77515,
3,93,23,93-23,Leaf,,,,,0.00470674084,1990.61182,
3,93,24,93-24,Leaf,,,,,-0.000457889953,409.617493,
3,93,25,93-25,Leaf,,,,,-0.00124099234,1277.87085,
3,93,26,93-26,Leaf,,,,,0.00260131364,753.044128,
3,93,27,93-27,Leaf,,,,,-0.00148029381,3407.51489,
3,93,28,93-28,Leaf,,,,,0.00187145115,683.959045,
3,93,29,93-29,Leaf,,,,,0.00150283368,4837.64453,
3,93,30,93-30,Leaf,,,,,-0.00195801258,1090.5177,
3,94,0,94-0,recent_weighted_avg_margin,4.91573286,94-1,94-2,94-2,54.0402298,28424.7578,
3,94,1,94-1,jockey_history_top3_excess,0.00162350549,94-3,94-4,94-3,30.9323978,23055.5684,
3,94,2,94-2,jockey_history_top3_excess,0.00929614715,94-5,94-6,94-5,23.9142723,5369.18799,
3,94,3,94-3,prize_money_rank,4.0,94-7,94-8,94-8,20.4246674,8881.89258,
3,94,4,94-4,recent_weighted_win_rate_rank,3.0,94-9,94-10,94-10,22.2230148,14173.6758,
3,94,5,94-5,recent_margin_quality_weighted_3_minus_race_mean,-0.0953575373,94-11,94-12,94-12,18.131546,2705.09082,
3,94,6,94-6,recent_last600_best_3,35.0400009,94-13,94-14,94-13,15.949316,2664.09717,
3,94,7,94-7,recent_margin_quality_weighted_3_minus_race_mean,0.203055322,94-15,94-16,94-16,21.4825077,3367.00806,
3,94,8,94-8,form_class_level_weighted_3,117.0,94-17,94-18,94-18,12.3278446,5514.88477,
3,94,9,94-9,jockey_history_starts,19.0,94-19,94-20,94-20,22.7833176,6340.35986,
3,94,10,94-10,recent_last600_best_3,34.8400002,94-21,94-22,94-22,13.8955259,7833.31641,
3,94,11,94-11,form_class_level_weighted_3,56.0,94-23,94-24,94-23,14.059082,1081.34607,
3,94,12,94-12,jockey_history_starts,132.0,94-25,94-26,94-25,15.2491951,1623.74475,
3,94,13,94-13,jockey_recent_top3_excess,0.0627801046,94-27,94-28,94-28,8.06343269,1803.87549,
3,94,14,94-14,recent_5_weight_kg,57.0,94-29,94-30,94-30,11.1344223,860.221558,
3,94,15,94-15,Leaf,,,,,-0.0003083669,2234.32568,
3,94,16,94-16,Leaf,,,,,0.0039023906,1132.68213,
3,94,17,94-17,Leaf,,,,,-0.00108118821,5252.28125,
3,94,18,94-18,Leaf,,,,,-0.00654598931,262.603638,
3,94,19,94-19,Leaf,,,,,-0.00210780115,584.048279,
3,94,20,94-20,Leaf,,,,,0.00304022594,5756.31152,
3,94,21,94-21,Leaf,,,,,0.00151508267,4334.396,
3,94,22,94-22,Leaf,,,,,-0.000599650957,3498.92065,
3,94,23,94-23,Leaf,,,,,-0.0099839149,388.040253,
3,94,24,94-24,Leaf,,,,,-0.00395340845,693.305847,
3,94,25,94-25,Leaf,,,,,-0.00332237268,1249.54016,
3,94,26,94-26,Leaf,,,,,0.00237181946,374.20459,
3,94,27,94-27,Leaf,,,,,0.0025354512,958.852783,
3,94,28,94-28,Leaf,,,,,-0.000794703141,845.022705,
3,94,29,94-29,Leaf,,,,,-0.00787548535,219.691452,
3,94,30,94-30,Leaf,,,,,-0.00141039991,640.53009,
3,95,0,95-0,recent_finish_percentile_weighted_3_minus_race_mean,0.00705677271,95-1,95-2,95-2,44.5901833,28214.6621,
3,95,1,95-1,recent_weighted_avg_margin,7.78488922,95-3,95-4,95-4,26.6284599,7794.56641,
3,95,2,95-2,recent_last600_best_3,34.4000015,95-5,95-6,95-6,26.0925274,20420.0957,
3,95,3,95-3,jockey_history_top3_excess,0.067592591,95-7,95-8,95-7,16.2838135,7009.14111,
3,95,4,95-4,jockey_trainer_history_smoothed_top3_rate_gap_to_best,0.100907028,95-9,95-10,95-10,8.09540558,785.424927,
3,95,5,95-5,jockey_history_top3_excess,0.0154818688,95-11,95-12,95-12,21.4820786,6814.08252,
3,95,6,95-6,jockey_history_top3_excess,0.133503571,95-13,95-14,95-13,13.7614594,13606.0137,
3,95,7,95-7,jockey_history_top3_excess,-0.114671513,95-15,95-16,95-16,11.8764038,5326.65381,
3,95,8,95-8,hidden_sectional_run_best_3,0.179994434,95-17,95-18,95-18,20.1450119,1682.48743,
3,95,9,95-9,current_weight_change_pct,0.0384615399,95-19,95-20,95-19,9.66407204,238.736053,
3,95,10,95-10,historical_market_overperformance_slope_3,0.214646459,95-21,95-22,95-21,6.13811493,546.688904,
3,95,11,95-11,best_finish_percentile_at_equal_or_higher_weight,0.222222224,95-23,95-24,95-23,12.506897,2932.99219,
3,95,12,95-12,recent_margin_quality_weighted_3_minus_race_mean,0.323029578,95-25,95-26,95-26,12.9142418,3881.09009,
3,95,13,95-13,recent_margin_quality_weighted_3_minus_race_mean,0.431593269,95-27,95-28,95-27,11.7502575,12918.9131,
3,95,14,95-14,recent_finish_percentile_weighted_3_minus_race_mean,0.224479169,95-29,95-30,95-30,16.4569988,687.100464,
3,95,15,95-15,Leaf,,,,,-0.0104625532,86.1079788,
3,95,16,95-16,Leaf,,,,,-0.00156360399,5240.5459,
3,95,17,95-17,Leaf,,,,,-0.00869335886,112.247437,
3,95,18,95-18,Leaf,,,,,0.00183967256,1570.23999,
3,95,19,95-19,Leaf,,,,,-0.00491033681,174.871979,
3,95,20,95-20,Leaf,,,,,0.00579794543,63.8640633,
3,95,21,95-21,Leaf,,,,,-0.00837977137,495.762024,
3,95,22,95-22,Leaf,,,,,0.000515827327,50.9268646,
3,95,23,95-23,Leaf,,,,,0.00255678897,1011.0592,
3,95,24,95-24,Leaf,,,,,-0.000863336201,1921.93311,
3,95,25,95-25,Leaf,,,,,0.00267287693,3516.52563,
3,95,26,95-26,Leaf,,,,,0.00759699894,364.564545,
3,95,27,95-27,Leaf,,,,,-0.000271519762,12556.8418,
3,95,28,95-28,Leaf,,,,,0.00423602108,362.071899,
3,95,29,95-29,Leaf,,,,,3.18442835e-06,386.353485,
3,95,30,95-30,Leaf,,,,,0.00774749741,300.746948,
3,96,0,96-0,recent_finish_percentile_weighted_3_minus_race_mean,0.073359549,96-1,96-2,96-2,43.528801,28210.0645,
3,96,1,96-1,form_class_level_weighted_3,53.5999985,96-3,96-4,96-3,34.8045158,11146.3252,
3,96,2,96-2,trainer_history_top3_excess,0.0775297582,96-5,96-6,96-5,29.6305885,17063.7402,
3,96,3,96-3,trainer_history_top3_excess,-0.0228862055,96-7,96-8,96-7,31.3162537,2628.76758,
3,96,4,96-4,current_weight_change_pct,-0.0175438598,96-9,96-10,96-9,15.5597582,8517.55859,
3,96,5,96-5,good_starts,15.0,96-11,96-12,96-11,15.324501,12954.3604,
3,96,6,96-6,jockey_history_top3_excess,0.20737581,96-13,96-14,96-14,16.3060265,4109.37891,
3,96,7,96-7,jockey_history_top3_excess,0.0268911738,96-15,96-16,96-15,14.4453354,810.937805,
3,96,8,96-8,recent_margin_quality_weighted_3_minus_race_mean,0.101066172,96-17,96-18,96-18,12.2593346,1817.82971,
3,96,9,96-9,recent_weighted_avg_margin_rank,4.0,96-19,96-20,96-20,11.2722969,2184.07178,
3,96,10,96-10,jockey_history_top3_excess,0.0645141155,96-21,96-22,96-21,14.298934,6333.48633,
3,96,11,96-11,best_finish_percentile_at_stronger_class,0.833333313,96-23,96-24,96-23,15.9316196,10731.252,
3,96,12,96-12,current_weight_change_pct,0.109090909,96-25,96-26,96-26,16.5083218,2223.10864,
3,96,13,96-13,historical_market_overperformance_slope_3,0.229787633,96-27,96-28,96-27,17.1365166,3976.55176,
3,96,14,96-14,recent_weighted_avg_margin,1.37073505,96-29,96-30,96-30,4.26534843,132.827133,
3,96,15,96-15,Leaf,,,,,-0.00995221362,557.556641,
3,96,16,96-16,Leaf,,,,,-0.00260428619,253.381165,
3,96,17,96-17,Leaf,,,,,-0.00278748432,1486.86243,
3,96,18,96-18,Leaf,,,,,0.00246868865,330.967224,
3,96,19,96-19,Leaf,,,,,0.000836803985,562.689575,
3,96,20,96-20,Leaf,,,,,-0.00324595603,1621.3822,
3,96,21,96-21,Leaf,,,,,-0.000454883702,4683.45752,
3,96,22,96-22,Leaf,,,,,0.00224430254,1650.02893,
3,96,23,96-23,Leaf,,,,,-0.000165631252,6208.44092,
3,96,24,96-24,Leaf,,,,,0.00178282184,4522.81104,
3,96,25,96-25,Leaf,,,,,-0.00234193262,2002.36536,
3,96,26,96-26,Leaf,,,,,0.00472000288,220.743439,
3,96,27,96-27,Leaf,,,,,0.00301085366,3481.77393,
3,96,28,96-28,Leaf,,,,,-0.00192341045,494.777863,
3,96,29,96-29,Leaf,,,,,-0.000997199793,14.037323,
3,96,30,96-30,Leaf,,,,,0.012471172,118.789803,
3,97,0,97-0,trainer_history_top3_excess,0.0387145244,97-1,97-2,97-1,38.9351273,28185.3359,
3,97,1,97-1,recent_weighted_avg_margin,4.94443798,97-3,97-4,97-4,28.9722881,15907.8945,
3,97,2,97-2,jockey_history_top3_excess,0.145747766,97-5,97-6,97-6,18.902916,12277.4414,
3,97,3,97-3,recent_finish_percentile_rank,8.0,97-7,97-8,97-8,21.4631252,12327.6123,
3,97,4,97-4,form_class_level_weighted_3,52.6666679,97-9,97-10,97-10,20.5679283,3580.28271,
3,97,5,97-5,good_starts,14.0,97-11,97-12,97-12,14.2683458,11403.6025,
3,97,6,97-6,good_starts,6.0,97-13,97-14,97-14,15.3819542,873.838989,
3,97,7,97-7,form_class_level_weighted_3,76.0,97-15,97-16,97-16,14.7946329,10974.1807,
3,97,8,97-8,recent_weighted_avg_margin,4.48999119,97-17,97-18,97-18,10.1465225,1353.43115,
3,97,9,97-9,historical_market_overperformance_slope_3,-0.16428028,97-19,97-20,97-20,10.061058,1163.11243,
3,97,10,97-10,current_weight_change_pct,-0.0173913036,97-21,97-22,97-22,15.9715652,2417.17017,
3,97,11,97-11,recent_3_margin,7.19999981,97-23,97-24,97-24,15.4351959,9759.29395,
3,97,12,97-12,historical_market_overperformance_slope_3,0.4375,97-25,97-26,97-26,11.4303074,1644.30872,
3,97,13,97-13,recent_weighted_avg_margin,2.61505604,97-27,97-28,97-27,5.36351776,548.081909,
3,97,14,97-14,current_weight_change_pct,0.00862068962,97-29,97-30,97-29,11.1613684,325.75708,
3,97,15,97-15,Leaf,,,,,-0.000198342212,9102.18359,
3,97,16,97-16,Leaf,,,,,0.00223610294,1871.99683,
3,97,17,97-17,Leaf,,,,,-0.0040549729,1134.40271,
3,97,18,97-18,Leaf,,,,,0.0017355819,219.028473,
3,97,19,97-19,Leaf,,,,,-0.000612095639,225.206299,
3,97,20,97-20,Leaf,,,,,-0.00655106315,937.906128,
3,97,21,97-21,Leaf,,,,,-0.00631584926,340.016846,
3,97,22,97-22,Leaf,,,,,-0.000534706924,2077.15332,
3,97,23,97-23,Leaf,,,,,0.00170418306,7993.54053,
3,97,24,97-24,Leaf,,,,,-0.000872219272,1765.75366,
3,97,25,97-25,Leaf,,,,,-0.000730968954,1552.20544,
3,97,26,97-26,Leaf,,,,,-0.00938393455,92.1031647,
3,97,27,97-27,Leaf,,,,,0.00937793404,309.929474,
3,97,28,97-28,Leaf,,,,,0.00406232243,238.152435,
3,97,29,97-29,Leaf,,,,,0.00346613,222.632706,
3,97,30,97-30,Leaf,,,,,-0.00610528653,103.124382,
3,98,0,98-0,recent_weighted_avg_margin_rank,4.0,98-1,98-2,98-2,41.2301903,27977.1465,
3,98,1,98-1,prize_money_rank,2.0,98-3,98-4,98-4,30.026535,14339.2188,
3,98,2,98-2,form_class_level_weighted_3,60.6666679,98-5,98-6,98-5,34.3242607,13637.9277,
3,98,3,98-3,jockey_history_top3_excess,0.0593745857,98-7,98-8,98-8,11.3682404,1903.59497,
3,98,4,98-4,good_starts,6.0,98-9,98-10,98-10,24.4499397,12435.624,
3,98,5,98-5,jockey_history_top3_excess,-0.0431180336,98-11,98-12,98-11,20.8133583,6451.51953,
3,98,6,98-6,good_starts,18.0,98-13,98-14,98-14,29.6166039,7186.40771,
3,98,7,98-7,current_weight_change_pct,0.0377358496,98-15,98-16,98-15,11.6487474,1366.55981,
3,98,8,98-8,jockey_recent_top3_excess,-0.0291713048,98-17,98-18,98-18,11.8003006,537.035156,
3,98,9,98-9,trainer_history_top3_excess,0.00098780531,98-19,98-20,98-19,20.9228306,6711.95801,
3,98,10,98-10,good_starts,43.0,98-21,98-22,98-22,12.3421822,5723.66553,
3,98,11,98-11,form_class_level_weighted_3,52.6666679,98-23,98-24,98-24,8.70912552,1281.52283,
3,98,12,98-12,best_finish_percentile_at_stronger_class,0.391304344,98-25,98-26,98-26,15.0820045,5169.99658,
3,98,13,98-13,prize_money_rank,6.0,98-27,98-28,98-28,20.6848869,5907.69238,
3,98,14,98-14,jockey_recent_top3_excess,-0.0980392173,98-29,98-30,98-29,8.86299706,1278.71545,
3,98,15,98-15,Leaf,,,,,0.00376995839,1076.01868,
3,98,16,98-16,Leaf,,,,,-0.00180429057,290.541077,
3,98,17,98-17,Leaf,,,,,-0.0112317801,12.9238567,
3,98,18,98-18,Leaf,,,,,0.0075541921,524.111328,
3,98,19,98-19,Leaf,,,,,-0.000717220828,1918.06384,
3,98,20,98-20,Leaf,,,,,0.0023661165,4793.89404,
3,98,21,98-21,Leaf,,,,,-0.000627532601,5684.49219,
3,98,22,98-22,Leaf,,,,,-0.0132181989,39.1735573,
3,98,23,98-23,Leaf,,,,,-0.00756258657,547.62738,
3,98,24,98-24,Leaf,,,,,-0.00330659235,733.895447,
3,98,25,98-25,Leaf,,,,,-0.00591444317,455.722534,
3,98,26,98-26,Leaf,,,,,-0.00118746096,4714.27441,
3,98,27,98-27,Leaf,,,,,0.00229313294,3184.59668,
3,98,28,98-28,Leaf,,,,,-0.000669130881,2723.09546,
3,98,29,98-29,Leaf,,,,,-0.00823793467,182.618805,
3,98,30,98-30,Leaf,,,,,-0.00235128216,1096.09668,
3,99,0,99-0,recent_finish_percentile_weighted_3_minus_race_mean,-0.152831584,99-1,99-2,99-2,37.0352821,27964.2031,
3,99,1,99-1,recent_weighted_avg_margin,9.59683704,99-3,99-4,99-4,14.740448,2443.65942,
3,99,2,99-2,recent_last600_best_3,34.3800011,99-5,99-6,99-6,26.0297604,25520.543,
3,99,3,99-3,recent_finish_percentile_weighted_3_minus_race_mean,-0.387607455,99-7,99-8,99-8,11.1725349,2209.54443,
3,99,4,99-4,form_class_level_weighted_3,70.6666641,99-9,99-10,99-9,4.68305779,234.114883,
3,99,5,99-5,recent_margin_std_6,3.29772639,99-11,99-12,99-12,14.6292439,8551.7832,
3,99,6,99-6,best_finish_percentile_at_stronger_class,0.6875,99-13,99-14,99-13,21.0643044,16968.7617,
3,99,7,99-7,jockey_recent_top3_excess,0.138288528,99-15,99-16,99-15,5.36330605,128.061234,
3,99,8,99-8,best_finish_percentile_at_stronger_class,0.600000024,99-17,99-18,99-17,7.75461674,2081.48315,
3,99,9,99-9,best_finish_percentile_at_stronger_class,0.875,99-19,99-20,99-19,3.48514557,181.985397,
3,99,10,99-10,best_finish_percentile_at_stronger_class,0.842105269,99-21,99-22,99-22,4.77699137,52.1294785,
3,99,11,99-11,recent_finish_percentile_weighted_3_minus_race_mean,0.281823516,99-23,99-24,99-24,16.8683701,6713.78662,
3,99,12,99-12,jockey_history_starts,17.0,99-25,99-26,99-26,18.6651783,1837.99609,
3,99,13,99-13,jockey_recent_top3_excess,0.0855133459,99-27,99-28,99-28,12.9779167,7150.00098,
3,99,14,99-14,recent_margin_quality_weighted_3_minus_race_mean,0.409572035,99-29,99-30,99-30,15.7243757,9818.75977,
3,99,15,99-15,Leaf,,,,,-0.0114575857,104.789932,
3,99,16,99-16,Leaf,,,,,0.00105432631,23.2713013,
3,99,17,99-17,Leaf,,,,,-0.00334805739,1046.89685,
3,99,18,99-18,Leaf,,,,,-0.000293016521,1034.58643,
3,99,19,99-19,Leaf,,,,,-0.0118836649,159.496521,
3,99,20,99-20,Leaf,,,,,-0.000744758756,22.488884,
3,99,21,99-21,Leaf,,,,,0.00386899221,32.3620682,
3,99,22,99-22,Leaf,,,,,-0.00921138935,19.7674103,
3,99,23,99-23,Leaf,,,,,0.00131847931,5518.24219,
3,99,24,99-24,Leaf,,,,,0.00459156139,1195.54456,
3,99,25,99-25,Leaf,,,,,-0.00726807723,220.053162,
3,99,26,99-26,Leaf,,,,,0.000338200247,1617.94299,
3,99,27,99-27,Leaf,,,,,-0.00205125846,5002.42627,
3,99,28,99-28,Leaf,,,,,0.000267912692,2147.57446,
3,99,29,99-29,Leaf,,,,,0.000232463339,9469.60645,
3,99,30,99-30,Leaf,,,,,0.00556360185,349.153778,
3,100,0,100-0,recent_weighted_avg_margin,4.91573286,100-1,100-2,100-1,40.2140923,27853.2285,
3,100,1,100-1,good_starts,9.0,100-3,100-4,100-3,26.3229218,22922.0703,
3,100,2,100-2,trainer_history_top3_excess,0.0132575762,100-5,100-6,100-5,35.4625626,4931.15869,
3,100,3,100-3,best_finish_percentile_at_stronger_class,0.5625,100-7,100-8,100-7,23.4745331,14867.3955,
3,100,4,100-4,current_weight_change_pct,-0.0833333358,100-9,100-10,100-10,17.294239,8054.67383,
3,100,5,100-5,jockey_trainer_history_smoothed_top3_rate_gap_to_best,0.174825177,100-11,100-12,100-12,11.5683365,2705.39697,
3,100,6,100-6,recent_finish_percentile_weighted_3_minus_race_mean,-0.00639659166,100-13,100-14,100-14,12.3066282,2225.76147,
3,100,7,100-7,trainer_history_top3_excess,0.0836172998,100-15,100-16,100-15,21.7137203,6160.60303,
3,100,8,100-8,recent_margin_quality_weighted_3_minus_race_mean,0.209049881,100-17,100-18,100-18,21.1915169,8706.79297,
3,100,9,100-9,recent_3_margin,0.400000006,100-19,100-20,100-20,12.1014538,170.636948,
3,100,10,100-10,recent_similar_distance_speed_rank,12.0,100-21,100-22,100-22,11.7500076,7884.03662,
3,100,11,100-11,jockey_history_starts,31.0,100-23,100-24,100-24,11.3887424,1276.21802,
3,100,12,100-12,best_finish_percentile_at_stronger_class,0.684210539,100-25,100-26,100-26,10.4666595,1429.17908,
3,100,13,100-13,historical_market_overperformance_slope_3,0.0833333358,100-27,100-28,100-28,6.82677174,1124.44507,
3,100,14,100-14,best_finish_percentile_at_equal_or_higher_weight,0.899999976,100-29,100-30,100-29,13.8553886,1101.31628,
3,100,15,100-15,Leaf,,,,,-0.000960057077,4563.96973,
3,100,16,100-16,Leaf,,,,,0.00241827476,1596.6333,
3,100,17,100-17,Leaf,,,,,0.00107643695,5890.18896,
3,100,18,100-18,Leaf,,,,,0.00371513073,2816.60352,
3,100,19,100-19,Leaf,,,,,0.00561103737,25.9770489,
3,100,20,100-20,Leaf,,,,,-0.0110697895,144.659897,
3,100,21,100-21,Leaf,,,,,-0.000258728105,7442.49219,
3,100,22,100-22,Leaf,,,,,-0.0044143782,441.544647,
3,100,23,100-23,Leaf,,,,,-0.00664773956,268.331451,
3,100,24,100-24,Leaf,,,,,-0.000911706302,1007.8866,
3,100,25,100-25,Leaf,,,,,-0.00814381894,559.608459,
3,100,26,100-26,Leaf,,,,,-0.00367406383,869.570557,
3,100,27,100-27,Leaf,,,,,3.0606865e-05,693.837097,
3,100,28,100-28,Leaf,,,,,-0.00393925235,430.608032,
3,100,29,100-29,Leaf,,,,,0.00352299446,899.763245,
3,100,30,100-30,Leaf,,,,,-0.00358838518,201.553055,
3,101,0,101-0,recent_margin_quality_weighted_3_minus_race_mean,0.08304739,101-1,101-2,101-2,36.4863472,27707.5566,
3,101,1,101-1,jockey_history_top3_excess,-0.063271746,101-3,101-4,101-3,23.5751286,12493.2852,
3,101,2,101-2,prize_money_rank,5.0,101-5,101-6,101-5,25.9170094,15214.2715,
3,101,3,101-3,form_class_level_weighted_3,53.0,101-7,101-8,101-8,14.7052917,1366.56189,
3,101,4,101-4,recent_margin_quality_weighted_3_minus_race_mean,-0.294749916,101-9,101-10,101-10,15.1852493,11126.7236,
3,101,5,101-5,good_starts,5.0,101-11,101-12,101-11,26.3235168,7019.64844,
3,101,6,101-6,jockey_history_top3_excess,-0.0106505677,101-13,101-14,101-13,26.6812782,8194.62305,
3,101,7,101-7,historical_market_overperformance_slope_3,0.177562654,101-15,101-16,101-15,7.51490021,327.301697,
3,101,8,101-8,jockey_history_top3_excess,-0.118321434,101-17,101-18,101-18,10.240119,1039.26025,
3,101,9,101-9,historical_market_overperformance_slope_3,0.277243584,101-19,101-20,101-19,6.98198891,289.765869,
3,101,10,101-10,jockey_history_top3_excess,0.0635045245,101-21,101-22,101-22,13.5555372,10836.958,
3,101,11,101-11,hidden_sectional_run_best_3,0.139124528,101-23,101-24,101-24,15.9908371,2959.21118,
3,101,12,101-12,best_finish_percentile_at_equal_or_higher_weight,0.642857134,101-25,101-26,101-26,15.1315823,4060.4375,
3,101,13,101-13,historical_market_overperformance_slope_3,0.0380952395,101-27,101-28,101-28,8.70648193,2493.94336,
3,101,14,101-14,recent_margin_quality_weighted_3_minus_race_mean,0.234481215,101-29,101-30,101-29,18.3017597,5700.6792,
3,101,15,101-15,Leaf,,,,,-0.0104942136,263.36142,
3,101,16,101-16,Leaf,,,,,-0.000742082892,63.9402542,
3,101,17,101-17,Leaf,,,,,-0.0101929503,91.499321,
3,101,18,101-18,Leaf,,,,,-0.00177704357,947.760925,
3,101,19,101-19,Leaf,,,,,-0.00718902564,274.279999,
3,101,20,101-20,Leaf,,,,,0.00692835683,15.4858799,
3,101,21,101-21,Leaf,,,,,-0.00105522748,7772.47119,
3,101,22,101-22,Leaf,,,,,0.000905021559,3064.48633,
3,101,23,101-23,Leaf,,,,,0.00616323482,1048.46008,
3,101,24,101-24,Leaf,,,,,0.00230168644,1910.75098,
3,101,25,101-25,Leaf,,,,,-0.00390756875,409.819061,
3,101,26,101-26,Leaf,,,,,0.00110243296,3650.61841,
3,101,27,101-27,Leaf,,,,,-0.000592132681,1062.8772,
3,101,28,101-28,Leaf,,,,,-0.00358917681,1431.06628,
3,101,29,101-29,Leaf,,,,,-0.000388616201,3405.53076,
3,101,30,101-30,Leaf,,,,,0.00249383319,2295.14844,
3,102,0,102-0,recent_weighted_avg_margin,5.26487398,102-1,102-2,102-1,38.8836975,27618.2402,
3,102,1,102-1,good_starts,9.0,102-3,102-4,102-3,24.4241543,23598.4551,
3,102,2,102-2,jockey_recent_top3_excess,-0.0877652243,102-5,102-6,102-5,21.9188385,4019.78491,
3,102,3,102-3,prize_money_rank,5.0,102-7,102-8,102-7,21.9640312,15394.0342,
3,102,4,102-4,hidden_sectional_run_best_3,0.334461629,102-9,102-10,102-9,14.7268553,8204.4209,
3,102,5,102-5,jockey_history_top3_excess,-0.0415324792,102-11,102-12,102-11,5.89698029,768.614197,
3,102,6,102-6,jockey_trainer_history_smoothed_top3_rate_gap_to_best,0.0678571463,102-13,102-14,102-14,9.45405674,3251.1709,
3,102,7,102-7,recent_weighted_avg_margin,2.45370197,102-15,102-16,102-16,13.8191299,6313.5498,
3,102,8,102-8,jockey_recent_top3_excess,0.104898833,102-17,102-18,102-17,15.7974501,9080.48438,
3,102,9,102-9,jockey_history_top3_excess,0.0497120917,102-19,102-20,102-19,11.4466839,7795.18018,
3,102,10,102-10,jockey_recent_top3_excess,-0.0532843061,102-21,102-22,102-21,7.4863472,409.24054,
3,102,11,102-11,historical_market_overperformance_slope_3,0.254328996,102-23,102-24,102-24,3.67145157,534.979126,
3,102,12,102-12,recent_finish_percentile_rank,6.0,102-25,102-26,102-26,5.765306,233.635071,
3,102,13,102-13,jockey_history_top3_excess,0.105548568,102-27,102-28,102-28,8.87731934,1011.97845,
3,102,14,102-14,historical_market_overperformance_slope_3,0.236742422,102-29,102-30,102-29,12.1589069,2239.19238,
3,102,15,102-15,Leaf,,,,,0.00345244235,2577.15234,
3,102,16,102-16,Leaf,,,,,0.00106753211,3736.39746,
3,102,17,102-17,Leaf,,,,,-0.000486178877,6750.75537,
3,102,18,102-18,Leaf,,,,,0.00189698639,2329.729,
3,102,19,102-19,Leaf,,,,,-0.00115880487,5427.15723,
3,102,20,102-20,Leaf,,,,,0.000920124527,2368.02271,
3,102,21,102-21,Leaf,,,,,-0.0108579472,104.92704,
3,102,22,102-22,Leaf,,,,,-0.00313254516,304.313507,
3,102,23,102-23,Leaf,,,,,-0.00872443989,407.102753,
3,102,24,102-24,Leaf,,,,,-0.00339199393,127.876343,
3,102,25,102-25,Leaf,,,,,0.00102928677,125.107681,
3,102,26,102-26,Leaf,,,,,-0.00656012958,108.52739,
3,102,27,102-27,Leaf,,,,,0.00138465257,910.354919,
3,102,28,102-28,Leaf,,,,,-0.00607826468,101.623558,
3,102,29,102-29,Leaf,,,,,-0.00311164628,1892.25903,
3,102,30,102-30,Leaf,,,,,0.00192502222,346.933319,
3,103,0,103-0,recent_finish_percentile_weighted_3_minus_race_mean,0.0979245007,103-1,103-2,103-1,46.4695778,27892.1289,
3,103,1,103-1,form_class_level_weighted_3,58.3333321,103-3,103-4,103-3,28.7909603,12782.9492,
3,103,2,103-2,jockey_history_top3_excess,0.133503571,103-5,103-6,103-5,23.1398106,15109.1797,
3,103,3,103-3,jockey_history_top3_excess,-0.0287878793,103-7,103-8,103-7,20.6563301,4919.07129,
3,103,4,103-4,good_wins,3.0,103-9,103-10,103-10,12.9368658,7863.87744,
3,103,5,103-5,recent_margin_std_6,1.76776695,103-11,103-12,103-12,20.9012146,14241.6094,
3,103,6,103-6,recent_margin_quality_weighted_3_minus_race_mean,0.223216027,103-13,103-14,103-14,14.5268478,867.570312,
3,103,7,103-7,form_class_level_weighted_3,53.3333321,103-15,103-16,103-15,12.5136909,1328.97546,
3,103,8,103-8,recent_5_weight_kg,58.0,103-17,103-18,103-18,13.7849951,3590.0957,
3,103,9,103-9,recent_weighted_win_rate_rank,4.0,103-19,103-20,103-20,11.6569128,6020.33154,
3,103,10,103-10,jockey_recent_top3_excess,-0.0980392173,103-21,103-22,103-21,16.7153549,1843.54614,
3,103,11,103-11,recent_finish_percentile_weighted_3_minus_race_mean,0.319301963,103-23,103-24,103-24,12.1570625,4412.02197,
3,103,12,103-12,current_weight_change_pct,0.0789473653,103-25,103-26,103-26,14.0360374,9829.58691,
3,103,13,103-13,current_weight_change_pct,-0.0344827585,103-27,103-28,103-28,12.5572948,518.630066,
3,103,14,103-14,recent_weighted_win_rate_rank,4.0,103-29,103-30,103-30,5.25569534,348.940247,
3,103,15,103-15,Leaf,,,,,-0.00698272511,841.811951,
3,103,16,103-16,Leaf,,,,,-0.00188818749,487.163483,
3,103,17,103-17,Leaf,,,,,-0.00372943282,1159.13782,
3,103,18,103-18,Leaf,,,,,-0.000420245196,2430.95801,
3,103,19,103-19,Leaf,,,,,0.00214630435,1857.62817,
3,103,20,103-20,Leaf,,,,,-0.000229419893,4162.70312,
3,103,21,103-21,Leaf,,,,,-0.00808216166,227.507355,
3,103,22,103-22,Leaf,,,,,-0.000962164544,1616.03882,
3,103,23,103-23,Leaf,,,,,0.00151392946,3412.31958,
3,103,24,103-24,Leaf,,,,,0.00465160562,999.702576,
3,103,25,103-25,Leaf,,,,,-0.000253819046,8217.8877,
3,103,26,103-26,Leaf,,,,,0.00229065283,1611.6991,
3,103,27,103-27,Leaf,,,,,-0.0104015768,35.25037,
3,103,28,103-28,Leaf,,,,,0.00337814353,483.3797,
3,103,29,103-29,Leaf,,,,,0.0101299621,296.8591,
3,103,30,103-30,Leaf,,,,,0.00115480693,52.0811577,
3,104,0,104-0,trainer_history_top3_excess,0.0161253326,104-1,104-2,104-1,40.4869156,27613.8262,
3,104,1,104-1,recent_weighted_avg_margin,5.12962484,104-3,104-4,104-4,26.7507381,12002.0596,
3,104,2,104-2,jockey_history_top3_excess,0.14005594,104-5,104-6,104-5,23.9317951,15611.7656,
3,104,3,104-3,recent_finish_percentile_rank,8.0,104-7,104-8,104-8,18.8445759,9403.8291,
3,104,4,104-4,jockey_trainer_history_smoothed_top3_rate_gap_to_best,0.174825177,104-9,104-10,104-10,15.8842468,2598.23047,
3,104,5,104-5,good_starts,9.0,104-11,104-12,104-12,18.8592339,14533.2178,
3,104,6,104-6,recent_weighted_win_rate_rank,2.0,104-13,104-14,104-14,16.8202934,1078.54736,
3,104,7,104-7,form_class_level_weighted_3,62.5,104-15,104-16,104-16,11.7722483,8323.64062,
3,104,8,104-8,jockey_trainer_history_smoothed_top3_rate_gap_to_best,0.106249988,104-17,104-18,104-18,11.34445,1080.18835,
3,104,9,104-9,jockey_history_starts,52.0,104-19,104-20,104-20,11.0098143,1206.17798,
3,104,10,104-10,jockey_history_top3_excess,-0.0294351485,104-21,104-22,104-22,9.73587418,1392.05261,
3,104,11,104-11,hidden_sectional_run_best_3_gap_to_best,0.135639057,104-23,104-24,104-23,25.0067806,9945.81836,
3,104,12,104-12,jockey_trainer_history_smoothed_top3_rate_gap_to_best,0.111570254,104-25,104-26,104-26,10.9155254,4587.3999,
3,104,13,104-13,trainer_history_top3_excess,0.028417483,104-27,104-28,104-28,9.34424591,295.510345,
3,104,14,104-14,jockey_history_starts,123.0,104-29,104-30,104-30,12.8840094,783.037048,
3,104,15,104-15,Leaf,,,,,-0.000824975432,4844.22314,
3,104,16,104-16,Leaf,,,,,0.00107873511,3479.41772,
3,104,17,104-17,Leaf,,,,,-0.00904652756,183.480667,
3,104,18,104-18,Leaf,,,,,-0.00230032764,896.707642,
3,104,19,104-19,Leaf,,,,,-0.0044370736,412.669067,
3,104,20,104-20,Leaf,,,,,0.000546980824,793.50885,
3,104,21,104-21,Leaf,,,,,-0.00803097058,471.263428,
3,104,22,104-22,Leaf,,,,,-0.00353677361,920.789185,
3,104,23,104-23,Leaf,,,,,3.95818897e-05,5293.14307,
3,104,24,104-24,Leaf,,,,,0.00255179964,4652.6748,
3,104,25,104-25,Leaf,,,,,0.000403440761,2479.5437,
3,104,26,104-26,Leaf,,,,,-0.00203751889,2107.85645,
3,104,27,104-27,Leaf,,,,,-0.00589351263,16.6002102,
3,104,28,104-28,Leaf,,,,,0.0105549665,278.910156,
3,104,29,104-29,Leaf,,,,,-0.00238717929,232.302917,
3,104,30,104-30,Leaf,,,,,0.00452423794,550.734131,
3,105,0,105-0,recent_finish_percentile_weighted_6_rank_in_race,6.0,105-1,105-2,105-1,47.8766441,27466.377,
3,105,1,105-1,jockey_history_top3_excess,0.105548568,105-3,105-4,105-3,22.0127296,20687.3652,
3,105,2,105-2,jockey_history_top3_excess,-0.0234851576,105-5,105-6,105-5,21.8912163,6779.01221,
3,105,3,105-3,recent_similar_distance_speed_rank,7.0,105-7,105-8,105-8,17.5465546,18451.8496,
3,105,4,105-4,recent_margin_quality_weighted_3_minus_race_mean,0.29755199,105-9,105-10,105-9,14.7712765,2235.51489,
3,105,5,105-5,recent_margin_quality_weighted_3_minus_race_mean,-0.15911907,105-11,105-12,105-12,12.4632378,1835.03027,
3,105,6,105-6,current_weight_change_pct,-0.0263157897,105-13,105-14,105-14,11.9116192,4943.98193,
3,105,7,105-7,recent_finish_percentile_rank,2.0,105-15,105-16,105-16,14.5013056,12889.5205,
3,105,8,105-8,distance_minus_recent_avg,-241.666672,105-17,105-18,105-18,9.31037903,5562.33008,
3,105,9,105-9,current_weight_change_pct,0.0423728824,105-19,105-20,105-20,10.4868536,1870.68799,
3,105,10,105-10,recent_3_distance_m,1950.0,105-21,105-22,105-22,4.55247116,364.826965,
3,105,11,105-11,current_weight_change_pct,0.00892857183,105-23,105-24,105-23,3.93397522,449.87265,
3,105,12,105-12,recent_3_distance_m,2021.0,105-25,105-26,105-25,7.83161545,1385.15759,
3,105,13,105-13,hidden_sectional_run_best_3_gap_to_best,0.0647038668,105-27,105-28,105-28,12.9826221,561.465759,
3,105,14,105-14,recent_finish_percentile_weighted_3_minus_race_mean,-0.340851933,105-29,105-30,105-30,10.8907251,4382.5166,
3,105,15,105-15,Leaf,,,,,0.00223674066,3481.26733,
3,105,16,105-16,Leaf,,,,,0.00034850571,9408.25293,
3,105,17,105-17,Leaf,,,,,-0.00489267195,320.309967,
3,105,18,105-18,Leaf,,,,,-0.00055919413,5242.02002,
3,105,19,105-19,Leaf,,,,,0.000781501119,1293.84912,
3,105,20,105-20,Leaf,,,,,0.00482650381,576.838928,
3,105,21,105-21,Leaf,,,,,0.0088552637,294.679596,
3,105,22,105-22,Leaf,,,,,0.00144121016,70.147377,
3,105,23,105-23,Leaf,,,,,-0.00966908596,267.841919,
3,105,24,105-24,Leaf,,,,,-0.00441629998,182.030716,
3,105,25,105-25,Leaf,,,,,-0.0034011309,1291.37244,
3,105,26,105-26,Leaf,,,,,0.00376907433,93.7851715,
3,105,27,105-27,Leaf,,,,,-0.00926641189,199.719482,
3,105,28,105-28,Leaf,,,,,-0.00137522747,361.746277,
3,105,29,105-29,Leaf,,,,,-0.00620771153,187.15567,
3,105,30,105-30,Leaf,,,,,-0.000192298685,4195.36084,
3,106,0,106-0,recent_margin_quality_weighted_3_minus_race_mean,-0.0418557227,106-1,106-2,106-2,41.6976089,27453.8887,
3,106,1,106-1,trainer_history_top3_excess,0.00954952464,106-3,106-4,106-3,16.3291855,5728.07031,
3,106,2,106-2,jockey_history_top3_excess,0.14005594,106-5,106-6,106-5,29.7774258,21725.8184,
3,106,3,106-3,best_finish_percentile_at_stronger_class,0.692307711,106-7,106-8,106-8,14.2717514,2741.34326,
3,106,4,106-4,jockey_history_top3_excess,-0.0642039925,106-9,106-10,106-9,10.7669516,2986.72681,
3,106,5,106-5,prize_money_rank,4.0,106-11,106-12,106-12,20.1165543,20602.0234,
3,106,6,106-6,good_starts,6.0,106-13,106-14,106-14,13.6446762,1123.79504,
3,106,7,106-7,jockey_history_top3_excess,0.02064915,106-15,106-16,106-15,8.40834808,941.905457,
3,106,8,106-8,current_weight_change_pct,0.0360360369,106-17,106-18,106-17,16.4312935,1799.43774,
3,106,9,106-9,recent_weighted_avg_margin_rank,12.0,106-19,106-20,106-20,3.78852463,163.424088,
3,106,10,106-10,current_weight_change_pct,0.0630630627,106-21,106-22,106-21,7.31929684,2823.30273,
3,106,11,106-11,good_wins,6.0,106-23,106-24,106-24,15.8053474,7385.62939,
3,106,12,106-12,best_finish_percentile_at_stronger_class,0.13333334,106-25,106-26,106-25,14.880928,13216.3945,
3,106,13,106-13,best_finish_percentile_at_equal_or_higher_weight,0.625,106-27,106-28,106-28,7.17971039,664.690002,
3,106,14,106-14,recent_weighted_win_rate_rank,3.0,106-29,106-30,106-30,7.97910881,459.105072,
3,106,15,106-15,Leaf,,,,,-0.00758964429,609.389343,
3,106,16,106-16,Leaf,,,,,-0.00252089812,332.516144,
3,106,17,106-17,Leaf,,,,,-0.00355356256,1279.86414,
3,106,18,106-18,Leaf,,,,,0.00168058823,519.573608,
3,106,19,106-19,Leaf,,,,,-0.00783979986,151.089661,
3,106,20,106-20,Leaf,,,,,0.00393053703,12.3344202,
3,106,21,106-21,Leaf,,,,,-0.000812624756,2457.38916,
3,106,22,106-22,Leaf,,,,,0.00293091871,365.913696,
3,106,23,106-23,Leaf,,,,,0.00147677236,7109.39307,
3,106,24,106-24,Leaf,,,,,-0.0045147636,276.235992,
3,106,25,106-25,Leaf,,,,,-0.00153020141,4591.32568,
3,106,26,106-26,Leaf,,,,,0.000229699028,8625.06934,
3,106,27,106-27,Leaf,,,,,-0.00166940864,54.9588165,
3,106,28,106-28,Leaf,,,,,0.00740230316,609.731201,
3,106,29,106-29,Leaf,,,,,0.00541061396,156.52681,
3,106,30,106-30,Leaf,,,,,-0.00136269338,302.578278,
3,107,0,107-0,recent_last600_best_3,34.7599983,107-1,107-2,107-2,32.7557068,27272.5762,
3,107,1,107-1,recent_finish_percentile_weighted_3_minus_race_mean,0.281823516,107-3,107-4,107-4,28.9971523,12384.3262,
3,107,2,107-2,distance_minus_recent_avg,-349.166656,107-5,107-6,107-6,17.8350868,14888.25,
3,107,3,107-3,current_weight_change_pct,-0.0344827585,107-7,107-8,107-8,15.398119,10455.1992,
3,107,4,107-4,recent_margin_std_6,2.31055546,107-9,107-10,107-10,23.4031715,1929.12732,
3,107,5,107-5,best_finish_percentile_at_equal_or_higher_weight,0.785714269,107-11,107-12,107-12,6.9171257,312.402557,
3,107,6,107-6,best_finish_percentile_at_stronger_class,0.699999988,107-13,107-14,107-13,17.7061005,14575.8477,
3,107,7,107-7,form_class_level_weighted_3,65.6666641,107-15,107-16,107-15,11.363266,918.649414,
3,107,8,107-8,jockey_history_top3_excess,-0.0208141319,107-17,107-18,107-18,15.842886,9536.5498,
3,107,9,107-9,jockey_recent_top3_excess,0.106979623,107-19,107-20,107-20,13.7790298,1191.9751,
3,107,10,107-10,recent_finish_percentile_rank,2.0,107-21,107-22,107-22,14.5263233,737.1521,
3,107,11,107-11,jockey_recent_top3_excess,0.0890827179,107-23,107-24,107-24,6.14385176,115.903183,
3,107,12,107-12,horse_jockey_win_rate_rank,3.0,107-25,107-26,107-25,7.04322052,196.499374,
3,107,13,107-13,jockey_history_top3_excess,0.133503571,107-27,107-28,107-27,16.103714,6442.46436,
3,107,14,107-14,recent_margin_std_6,0.919238806,107-29,107-30,107-30,15.630888,8133.3833,
3,107,15,107-15,Leaf,,,,,-0.00541032944,456.692657,
3,107,16,107-16,Leaf,,,,,0.000105430467,461.956726,
3,107,17,107-17,Leaf,,,,,-0.00108581071,2307.6416,
3,107,18,107-18,Leaf,,,,,0.00128864497,7228.9082,
3,107,19,107-19,Leaf,,,,,0.00418520346,875.869812,
3,107,20,107-20,Leaf,,,,,0.0103400471,316.105316,
3,107,21,107-21,Leaf,,,,,0.00319180684,427.249542,
3,107,22,107-22,Leaf,,,,,-0.0038175832,309.902588,
3,107,23,107-23,Leaf,,,,,0.000992034213,102.111046,
3,107,24,107-24,Leaf,,,,,-0.0130017987,13.7921352,
3,107,25,107-25,Leaf,,,,,-0.0120181581,145.932877,
3,107,26,107-26,Leaf,,,,,-0.000940524449,50.5664978,
3,107,27,107-27,Leaf,,,,,-0.00195535459,6089.09229,
3,107,28,107-28,Leaf,,,,,0.00346386363,353.372223,
3,107,29,107-29,Leaf,,,,,0.00566103449,294.229828,
3,107,30,107-30,Leaf,,,,,-0.000114107519,7839.15332,
3,108,0,108-0,trainer_history_top3_excess,0.0349813923,108-1,108-2,108-1,46.0813637,27382.0469,
3,108,1,108-1,recent_margin_quality_weighted_3_minus_race_mean,-0.0598349571,108-3,108-4,108-4,23.9080276,14767.3662,
3,108,2,108-2,recent_weighted_win_rate_rank,2.0,108-5,108-6,108-6,23.5911007,12614.6797,
3,108,3,108-3,form_class_level_weighted_3,51.6666679,108-7,108-8,108-7,24.7020035,3031.63013,
3,108,4,108-4,prize_money_rank,3.0,108-9,108-10,108-9,15.1113873,11735.7363,
3,108,5,108-5,hidden_sectional_run_best_3_gap_to_best,0.142155677,108-11,108-12,108-11,14.9974403,3387.6936,
3,108,6,108-6,good_starts,18.0,108-13,108-14,108-14,18.7031193,9226.98633,
3,108,7,108-7,recent_margin_std_6,3.13942671,108-15,108-16,108-15,9.88539124,667.022644,
3,108,8,108-8,recent_5_weight_kg,57.0,108-17,108-18,108-17,11.0675821,2364.60742,
3,108,9,108-9,form_class_level_weighted_3,105.0,108-19,108-20,108-20,14.4492188,3039.81836,
3,108,10,108-10,recent_margin_std_6,4.81954336,108-21,108-22,108-22,13.1332321,8695.91797,
3,108,11,108-11,recent_weighted_avg_margin,3.33197689,108-23,108-24,108-24,9.84667206,1699.55188,
3,108,12,108-12,good_starts,9.0,108-25,108-26,108-26,15.0163078,1688.14172,
3,108,13,108-13,form_class_level_weighted_3,60.7999992,108-27,108-28,108-27,18.4566994,8348.79297,
3,108,14,108-14,jockey_history_starts,262.0,108-29,108-30,108-30,9.48838425,878.193665,
3,108,15,108-15,Leaf,,,,,-0.00379354879,325.272583,
3,108,16,108-16,Leaf,,,,,-0.0100716036,341.750092,
3,108,17,108-17,Leaf,,,,,-0.00341916643,1159.15588,
3,108,18,108-18,Leaf,,,,,-6.95025832e-08,1205.45166,
3,108,19,108-19,Leaf,,,,,0.000626668567,2839.92871,
3,108,20,108-20,Leaf,,,,,0.00743303448,199.889511,
3,108,21,108-21,Leaf,,,,,-0.000547437696,7463.91064,
3,108,22,108-22,Leaf,,,,,-0.00332711241,1232.00732,
3,108,23,108-23,Leaf,,,,,-0.000697424577,832.40387,
3,108,24,108-24,Leaf,,,,,0.00308690662,867.14801,
3,108,25,108-25,Leaf,,,,,0.00570346275,1370.21045,
3,108,26,108-26,Leaf,,,,,-0.000295688224,317.931183,
3,108,27,108-27,Leaf,,,,,-0.000526306278,3549.18872,
3,108,28,108-28,Leaf,,,,,0.00184809044,4799.604,
3,108,29,108-29,Leaf,,,,,-0.00367759727,822.106018,
3,108,30,108-30,Leaf,,,,,0.00620618276,56.0876198,
3,109,0,109-0,recent_finish_percentile_rank,9.0,109-1,109-2,109-2,39.6943474,27337.041,
3,109,1,109-1,recent_weighted_avg_margin,4.39091301,109-3,109-4,109-4,23.9938812,24284.168,
3,109,2,109-2,form_class_level_weighted_3,51.0,109-5,109-6,109-6,13.6139183,3052.87158,
3,109,3,109-3,jockey_history_top3_excess,0.0787435696,109-7,109-8,109-7,19.4692535,19040.8125,
3,109,4,109-4,form_class_level_weighted_3,61.5,109-9,109-10,109-9,22.2612839,5243.35547,
3,109,5,109-5,jockey_history_top3_excess,0.128840908,109-11,109-12,109-12,4.29419899,219.449127,
3,109,6,109-6,recent_finish_percentile_weighted_3_minus_race_mean,0.0686491132,109-13,109-14,109-13,9.31896019,2833.42236,
3,109,7,109-7,recent_weighted_win_rate_rank,2.0,109-15,109-16,109-16,12.777091,15069.4648,
3,109,8,109-8,recent_finish_percentile_weighted_3_minus_race_mean,0.253948271,109-17,109-18,109-18,15.0498505,3971.3479,
3,109,9,109-9,jockey_trainer_history_smoothed_top3_rate_gap_to_best,0.153061211,109-19,109-20,109-20,11.3478088,3285.18896,
3,109,10,109-10,hidden_sectional_run_best_3,0.354511827,109-21,109-22,109-21,11.7515936,1958.16675,
3,109,11,109-11,hidden_sectional_run_best_3,0.283388406,109-23,109-24,109-24,3.06371307,207.30455,
3,109,12,109-12,Leaf,,,,,0.00333547522,12.1445732,
3,109,13,109-13,historical_market_overperformance_slope_3,0.226123869,109-25,109-26,109-25,10.2841034,2186.93506,
3,109,14,109-14,jockey_trainer_history_smoothed_top3_rate_gap_to_best,0.277777761,109-27,109-28,109-28,14.5618086,646.487488,
3,109,15,109-15,Leaf,,,,,0.00147864467,4119.00391,
3,109,16,109-16,Leaf,,,,,-0.000152827022,10950.4609,
3,109,17,109-17,Leaf,,,,,0.00132783689,2924.81372,
3,109,18,109-18,Leaf,,,,,0.00482207676,1046.5343,
3,109,19,109-19,Leaf,,,,,-0.00109138049,1777.99817,
3,109,20,109-20,Leaf,,,,,-0.00404977379,1507.1908,
3,109,21,109-21,Leaf,,,,,0.00138377387,1850.86914,
3,109,22,109-22,Leaf,,,,,-0.00677311001,107.297646,
3,109,23,109-23,Leaf,,,,,-0.0038188675,62.6027031,
3,109,24,109-24,Leaf,,,,,-0.011458043,144.701859,
3,109,25,109-25,Leaf,,,,,-0.00360150076,1959.96948,
3,109,26,109-26,Leaf,,,,,0.00193368422,226.9655,
3,109,27,109-27,Leaf,,,,,0.00247285422,495.357513,
3,109,28,109-28,Leaf,,,,,-0.00615646783,151.129974,
3,110,0,110-0,recent_margin_quality_weighted_3_minus_race_mean,0.15602529,110-1,110-2,110-1,39.1880341,27068.1934,
3,110,1,110-1,form_class_level_weighted_3,62.0,110-3,110-4,110-3,30.2253933,16867.2637,
3,110,2,110-2,recent_last600_best_3,35.2000008,110-5,110-6,110-6,23.9308014,10200.9297,
3,110,3,110-3,jockey_history_top3_excess,-0.0439526476,110-7,110-8,110-7,25.8027115,8440.83301,
3,110,4,110-4,good_starts,27.0,110-9,110-10,110-10,24.2094307,8426.42969,
3,110,5,110-5,good_starts,18.0,110-11,110-12,110-12,27.4017715,5671.50293,
3,110,6,110-6,jockey_history_starts,262.0,110-13,110-14,110-13,17.9516144,4529.42627,
3,110,7,110-7,hidden_sectional_run_best_3_gap_to_best,0.242840156,110-15,110-16,110-15,8.65074158,1606.18506,
3,110,8,110-8,recent_margin_quality_weighted_3_minus_race_mean,-0.0721538961,110-17,110-18,110-18,17.4339485,6834.64844,
3,110,9,110-9,distance_minus_recent_avg,-349.166656,110-19,110-20,110-20,13.7352295,7923.36182,
3,110,10,110-10,recent_similar_distance_speed_rank,7.0,110-21,110-22,110-22,6.67977333,503.068115,
3,110,11,110-11,jockey_history_top3_excess,0.14005594,110-23,110-24,110-23,11.21035,5162.83936,
3,110,12,110-12,horse_jockey_win_rate_rank,4.0,110-25,110-26,110-26,7.26628876,508.663727,
3,110,13,110-13,jockey_trainer_history_smoothed_top3_rate_gap_to_best,0.277777761,110-27,110-28,110-28,12.9907494,4215.39307,
3,110,14,110-14,recent_3_margin,0.200000003,110-29,110-30,110-29,8.18483829,314.033112,
3,110,15,110-15,Leaf,,,,,-0.00515983393,1501.50989,
3,110,16,110-16,Leaf,,,,,0.0020663694,104.675148,
3,110,17,110-17,Leaf,,,,,-0.00363052706,1404.1355,
3,110,18,110-18,Leaf,,,,,-0.000510787067,5430.5127,
3,110,19,110-19,Leaf,,,,,-0.00660309708,150.956787,
3,110,20,110-20,Leaf,,,,,0.000773392851,7772.40479,
3,110,21,110-21,Leaf,,,,,-0.00320554408,384.990509,
3,110,22,110-22,Leaf,,,,,-0.0100107221,118.077614,
3,110,23,110-23,Leaf,,,,,0.00249813218,4835.18213,
3,110,24,110-24,Leaf,,,,,0.00724764867,327.657501,
3,110,25,110-25,Leaf,,,,,-0.000874848745,324.240295,
3,110,26,110-26,Leaf,,,,,-0.00704674749,184.423416,
3,110,27,110-27,Leaf,,,,,0.000154178124,3249.88428,
3,110,28,110-28,Leaf,,,,,-0.00313345157,965.509094,
3,110,29,110-29,Leaf,,,,,-0.00472579943,35.4120903,
3,110,30,110-30,Leaf,,,,,0.00694262842,278.621033,
3,111,0,111-0,recent_finish_percentile_weighted_6_rank_in_race,4.0,111-1,111-2,111-2,33.9661217,27205.834,
3,111,1,111-1,recent_last600_best_3,34.7999992,111-3,111-4,111-4,25.3318367,14269.793,
3,111,2,111-2,recent_weighted_avg_margin,7.78488922,111-5,111-6,111-5,22.5975895,12936.042,
3,111,3,111-3,recent_5_weight_kg,53.5,111-7,111-8,111-8,15.4440269,6559.64209,
3,111,4,111-4,jockey_history_starts,158.0,111-9,111-10,111-10,17.9010353,7710.15039,
3,111,5,111-5,jockey_history_top3_excess,-0.0208141319,111-11,111-12,111-12,10.2272511,12069.6221,
3,111,6,111-6,hidden_sectional_run_best_3_gap_to_best,0.35643369,111-13,111-14,111-14,9.8544426,866.419189,
3,111,7,111-7,jockey_recent_top3_excess,0.0836633816,111-15,111-16,111-16,13.7173891,122.083916,
3,111,8,111-8,recent_margin_quality_weighted_3_minus_race_mean,0.323029578,111-17,111-18,111-18,14.0251923,6437.55811,
3,111,9,111-9,current_weight_change_pct,-0.0769230798,111-19,111-20,111-20,12.7656002,5661.66602,
3,111,10,111-10,recent_last600_best_3,35.4300003,111-21,111-22,111-21,9.51119709,2048.48438,
3,111,11,111-11,recent_weighted_avg_margin,4.59366512,111-23,111-24,111-24,15.2205563,3163.1604,
3,111,12,111-12,historical_market_overperformance_slope_3,0.12648809,111-25,111-26,111-26,9.20446777,8906.46191,
3,111,13,111-13,historical_market_overperformance_slope_3,0.351709008,111-27,111-28,111-27,4.59550858,578.674011,
3,111,14,111-14,recent_3_margin,31.2999992,111-29,111-30,111-29,7.55390167,287.745178,
3,111,15,111-15,Leaf,,,,,-0.0132596167,68.3964691,
3,111,16,111-16,Leaf,,,,,0.00265058875,53.6874428,
3,111,17,111-17,Leaf,,,,,0.00163259136,5582.56348,
3,111,18,111-18,Leaf,,,,,0.00506694615,854.994812,
3,111,19,111-19,Leaf,,,,,-0.00925650913,102.510643,
3,111,20,111-20,Leaf,,,,,-0.000740391377,5559.15527,
3,111,21,111-21,Leaf,,,,,0.0031714018,1244.00244,
3,111,22,111-22,Leaf,,,,,-0.000301248598,804.481995,
3,111,23,111-23,Leaf,,,,,-0.000674682611,2099.39038,
3,111,24,111-24,Leaf,,,,,-0.00434269477,1063.77002,
3,111,25,111-25,Leaf,,,,,0.000416603463,5169.91113,
3,111,26,111-26,Leaf,,,,,-0.00120970642,3736.55078,
3,111,27,111-27,Leaf,,,,,-0.00731350947,539.295471,
3,111,28,111-28,Leaf,,,,,0.00113445695,39.3785324,
3,111,29,111-29,Leaf,,,,,-0.00234753196,264.879791,
3,111,30,111-30,Leaf,,,,,0.010330894,22.8654003,
3,112,0,112-0,recent_margin_quality_weighted_3_minus_race_mean,0.107906133,112-1,112-2,112-1,41.5905609,27063.5391,
3,112,1,112-1,trainer_history_top3_excess,0.0420240685,112-3,112-4,112-3,29.1419544,13926.2754,
3,112,2,112-2,jockey_history_top3_excess,0.133503571,112-5,112-6,112-5,24.252655,13137.2646,
3,112,3,112-3,form_class_level_weighted_3,62.0,112-7,112-8,112-7,21.7424736,8501.3125,
3,112,4,112-4,good_starts,18.0,112-9,112-10,112-10,12.6581697,5424.96289,
3,112,5,112-5,prize_money_rank,2.0,112-11,112-12,112-12,26.2022629,12358.4082,
3,112,6,112-6,historical_market_overperformance_slope_3,0.190247253,112-13,112-14,112-13,19.62323,778.855713,
3,112,7,112-7,recent_margin_quality_weighted_3_minus_race_mean,-0.172357947,112-15,112-16,112-16,21.3848724,4486.45215,
3,112,8,112-8,good_starts,12.0,112-17,112-18,112-18,15.9631519,4014.86011,
3,112,9,112-9,form_class_level_weighted_3,112.0,112-19,112-20,112-19,13.2821941,4978.49268,
3,112,10,112-10,recent_3_distance_m,1205.0,112-21,112-22,112-21,11.0091467,446.470245,
3,112,11,112-11,recent_3_distance_m,3100.0,112-23,112-24,112-24,13.2421684,1553.41467,
3,112,12,112-12,jockey_history_top3_excess,-0.0189610384,112-25,112-26,112-25,13.2613974,10804.9941,
3,112,13,112-13,trainer_history_top3_excess,0.0806828439,112-27,112-28,112-27,13.1444244,677.255737,
3,112,14,112-14,recent_5_weight_kg,57.0,112-29,112-30,112-30,7.4368329,101.59996,
3,112,15,112-15,Leaf,,,,,-0.00802966952,484.260468,
3,112,16,112-16,Leaf,,,,,-0.00249075401,4002.19165,
3,112,17,112-17,Leaf,,,,,0.000737780589,2372.46265,
3,112,18,112-18,Leaf,,,,,-0.00245933863,1642.39758,
3,112,19,112-19,Leaf,,,,,0.00050488353,4750.79297,
3,112,20,112-20,Leaf,,,,,0.00656617526,227.699478,
3,112,21,112-21,Leaf,,,,,-0.00844191946,166.637314,
3,112,22,112-22,Leaf,,,,,-0.000428515807,279.832916,
3,112,23,112-23,Leaf,,,,,0.00412191823,1511.09241,
3,112,24,112-24,Leaf,,,,,-0.00873958506,42.3223343,
3,112,25,112-25,Leaf,,,,,-0.00112794887,3099.21069,
3,112,26,112-26,Leaf,,,,,0.000805656542,7705.7832,
3,112,27,112-27,Leaf,,,,,0.00327685336,356.497192,
3,112,28,112-28,Leaf,,,,,0.0103699639,320.758575,
3,112,29,112-29,Leaf,,,,,0.00465138583,29.9865513,
3,112,30,112-30,Leaf,,,,,-0.0087120682,71.6134033,
3,113,0,113-0,recent_finish_percentile_weighted_3_minus_race_mean,0.253948271,113-1,113-2,113-1,31.6138172,27159.4551,
3,113,1,113-1,jockey_history_top3_excess,-0.063271746,113-3,113-4,113-3,25.67169,21371.5508,
3,113,2,113-2,jockey_history_top3_excess,0.103238627,113-5,113-6,113-6,21.2276363,5787.90625,
3,113,3,113-3,form_class_level_weighted_3,53.0,113-7,113-8,113-8,18.5569668,2163.85303,
3,113,4,113-4,recent_margin_quality_weighted_3_minus_race_mean,-0.294749916,113-9,113-10,113-10,16.3255386,19207.6973,
3,113,5,113-5,recent_last600_best_3,35.3400002,113-11,113-12,113-12,17.6804409,5070.9248,
3,113,6,113-6,current_weight_change_pct,-0.0357142873,113-13,113-14,113-13,8.31625748,716.981262,
3,113,7,113-7,recent_last600_best_3,35.5400009,113-15,113-16,113-15,6.77257156,515.491943,
3,113,8,113-8,jockey_trainer_history_smoothed_top3_rate_gap_to_best,0.172520652,113-17,113-18,113-18,15.9569836,1648.36108,
3,113,9,113-9,good_wins,2.0,113-19,113-20,113-20,4.71927834,272.139862,
3,113,10,113-10,distance_minus_recent_avg,-116.666664,113-21,113-22,113-22,14.3189211,18935.5566,
3,113,11,113-11,historical_market_overperformance_slope_3,-0.0848484859,113-23,113-24,113-23,15.5720806,2940.46606,
3,113,12,113-12,distance_minus_recent_avg,360.0,113-25,113-26,113-26,16.4466591,2130.45874,
3,113,13,113-13,recent_last600_best_3,33.5600014,113-27,113-28,113-28,2.27603149,190.955048,
3,113,14,113-14,good_wins,3.0,113-29,113-30,113-30,7.65913391,526.026184,
3,113,15,113-15,Leaf,,,,,-0.00533368764,406.473663,
3,113,16,113-16,Leaf,,,,,-0.012543397,109.018272,
3,113,17,113-17,Leaf,,,,,0.00113546127,715.259399,
3,113,18,113-18,Leaf,,,,,-0.00379833439,933.101685,
3,113,19,113-19,Leaf,,,,,-0.008676528,162.9879,
3,113,20,113-20,Leaf,,,,,-0.00175487809,109.151947,
3,113,21,113-21,Leaf,,,,,-0.00206260872,1924.73999,
3,113,22,113-22,Leaf,,,,,0.000207019082,17010.8164,
3,113,23,113-23,Leaf,,,,,0.00476596225,1058.5741,
3,113,24,113-24,Leaf,,,,,0.000974387105,1881.89197,
3,113,25,113-25,Leaf,,,,,0.000166025711,1887.91907,
3,113,26,113-26,Leaf,,,,,-0.00662379339,242.539719,
3,113,27,113-27,Leaf,,,,,0.000440266362,16.3247223,
3,113,28,113-28,Leaf,,,,,0.0108807301,174.630325,
3,113,29,113-29,Leaf,,,,,0.00515587116,447.972595,
3,113,30,113-30,Leaf,,,,,-0.00298002665,78.0536194,
3,114,0,114-0,recent_margin_quality_weighted_3_minus_race_mean,0.161139071,114-1,114-2,114-1,35.6995354,26994.9062,
3,114,1,114-1,form_class_level_weighted_3,62.0,114-3,114-4,114-3,21.3990898,17156.5312,
3,114,2,114-2,good_starts,6.0,114-5,114-6,114-6,16.8124447,9838.375,
3,114,3,114-3,recent_margin_quality_weighted_3_minus_race_mean,-0.0701009631,114-7,114-8,114-8,22.6942253,8543.49512,
3,114,4,114-4,good_starts,10.0,114-9,114-10,114-10,23.7584095,8613.03613,
3,114,5,114-5,hidden_sectional_run_best_3,0.149464637,114-11,114-12,114-12,21.9493332,5236.23535,
3,114,6,114-6,recent_5_weight_kg,56.5,114-13,114-14,114-14,14.5867996,4602.13965,
3,114,7,114-7,jockey_trainer_history_smoothed_top3_rate_gap_to_best,0.027433455,114-15,114-16,114-16,14.0336227,1863.33679,
3,114,8,114-8,recent_3_distance_m,1950.0,114-17,114-18,114-17,14.1728878,6680.1582,
3,114,9,114-9,recent_margin_std_6,1.17416632,114-19,114-20,114-19,17.5334206,4881.93945,
3,114,10,114-10,recent_weighted_win_rate_rank,2.0,114-21,114-22,114-22,10.4427481,3731.09595,
3,114,11,114-11,best_finish_percentile_at_stronger_class,0.866666675,114-23,114-24,114-23,19.5777931,2385.61133,
3,114,12,114-12,recent_margin_quality_weighted_3_minus_race_mean,0.337773383,114-25,114-26,114-26,12.9718218,2850.62427,
3,114,13,114-13,form_class_level_weighted_3,63.6666679,114-27,114-28,114-28,9.22231483,1349.32483,
3,114,14,114-14,recent_weighted_avg_margin,2.69428611,114-29,114-30,114-30,13.2754726,3252.8147,
3,114,15,114-15,Leaf,,,,,0.000595272693,338.103577,
3,114,16,114-16,Leaf,,,,,-0.00499857171,1525.23328,
3,114,17,114-17,Leaf,,,,,-0.00113670144,6333.79883,
3,114,18,114-18,Leaf,,,,,0.00398614164,346.359711,
3,114,19,114-19,Leaf,,,,,-0.00458767684,281.296631,
3,114,20,114-20,Leaf,,,,,0.00173701008,4600.64307,
3,114,21,114-21,Leaf,,,,,0.00366199925,239.288681,
3,114,22,114-22,Leaf,,,,,-0.00163394155,3491.80737,
3,114,23,114-23,Leaf,,,,,0.00237757829,1625.45996,
3,114,24,114-24,Leaf,,,,,0.00725216419,760.151306,
3,114,25,114-25,Leaf,,,,,-8.25837851e-05,2344.26245,
3,114,26,114-26,Leaf,,,,,0.00429184362,506.361816,
3,114,27,114-27,Leaf,,,,,-0.00402238034,700.489563,
3,114,28,114-28,Leaf,,,,,8.97032733e-05,648.835205,
3,114,29,114-29,Leaf,,,,,-0.000239102286,1995.34155,
3,114,30,114-30,Leaf,,,,,0.00302905007,1257.47327,
3,115,0,115-0,recent_margin_quality_weighted_3_minus_race_mean,0.110275209,115-1,115-2,115-1,36.3372269,26973.2363,
3,115,1,115-1,recent_weighted_avg_margin,6.76053715,115-3,115-4,115-3,21.2521839,14000.543,
3,115,2,115-2,recent_margin_std_6,2.24269176,115-5,115-6,115-6,20.1079102,12972.6924,
3,115,3,115-3,good_starts,16.0,115-7,115-8,115-7,16.4399128,12444.9453,
3,115,4,115-4,form_class_level_weighted_3,56.6666679,115-9,115-10,115-9,11.4103699,1555.59802,
3,115,5,115-5,good_starts,5.0,115-11,115-12,115-12,20.5198784,6342.16309,
3,115,6,115-6,distance_minus_recent_avg,550.0,115-13,115-14,115-14,12.8028545,6630.5293,
3,115,7,115-7,jockey_recent_top3_excess,0.111307181,115-15,115-16,115-16,17.120903,10350.3945,
3,115,8,115-8,trainer_history_top3_excess,-0.0281370766,115-17,115-18,115-17,15.0811958,2094.55103,
3,115,9,115-9,recent_finish_percentile_rank,3.0,115-19,115-20,115-20,12.7320595,767.203796,
3,115,10,115-10,current_weight_change_pct,-0.017699115,115-21,115-22,115-22,10.3560705,788.394287,
3,115,11,115-11,recent_similar_distance_speed_rank,9.0,115-23,115-24,115-24,10.3954391,2861.74805,
3,115,12,115-12,hidden_sectional_run_best_3_gap_to_best,0.00201812387,115-25,115-26,115-26,14.9255733,3480.41528,
3,115,13,115-13,jockey_history_starts,307.0,115-27,115-28,115-27,11.0462399,6270.5957,
3,115,14,115-14,recent_margin_std_6,2.48435092,115-29,115-30,115-30,13.8084898,359.933533,
3,115,15,115-15,Leaf,,,,,-0.000659662008,7887.27002,
3,115,16,115-16,Leaf,,,,,0.00172385422,2463.12402,
3,115,17,115-17,Leaf,,,,,0.000306917005,753.457703,
3,115,18,115-18,Leaf,,,,,-0.0040961979,1341.09338,
3,115,19,115-19,Leaf,,,,,0.00290393038,87.5589981,
3,115,20,115-20,Leaf,,,,,-0.00689873099,679.644775,
3,115,21,115-21,Leaf,,,,,-0.00812445953,112.736443,
3,115,22,115-22,Leaf,,,,,-0.000216036802,675.657837,
3,115,23,115-23,Leaf,,,,,0.00432166038,2274.89746,
3,115,24,115-24,Leaf,,,,,0.00056805124,586.850586,
3,115,25,115-25,Leaf,,,,,-0.0135892993,35.0904655,
3,115,26,115-26,Leaf,,,,,0.000884710171,3445.32471,
3,115,27,115-27,Leaf,,,,,-0.000445073616,6051.5498,
3,115,28,115-28,Leaf,,,,,0.00514688063,219.045807,
3,115,29,115-29,Leaf,,,,,-0.0109176328,23.8830528,
3,115,30,115-30,Leaf,,,,,0.00594562246,336.050476,
3,116,0,116-0,recent_finish_percentile_weighted_3_minus_race_mean,-0.0224326849,116-1,116-2,116-1,32.3768959,26867.5625,
3,116,1,116-1,form_class_level_weighted_3,55.3333321,116-3,116-4,116-3,16.5658455,6584.36035,
3,116,2,116-2,jockey_history_top3_excess,0.0497120917,116-5,116-6,116-6,22.2057838,20283.2031,
3,116,3,116-3,jockey_history_top3_excess,0.152532846,116-7,116-8,116-7,16.3252411,1790.5293,
3,116,4,116-4,jockey_trainer_history_smoothed_top3_rate_gap_to_best,0.193979934,116-9,116-10,116-9,14.1919136,4793.83105,
3,116,5,116-5,jockey_trainer_history_smoothed_top3_rate_gap_to_best,0.145454556,116-11,116-12,116-12,16.6841507,13482.1016,
3,116,6,116-6,recent_margin_quality_weighted_3_minus_race_mean,0.34690398,116-13,116-14,116-14,17.0778503,6801.10059,
3,116,7,116-7,recent_weighted_avg_margin,7.22153616,116-15,116-16,116-15,9.79306793,1738.96985,
3,116,8,116-8,jockey_history_top3_excess,0.176586315,116-17,116-18,116-18,0.640384674,51.559391,
3,116,9,116-9,current_weight_change_pct,-0.0344827585,116-19,116-20,116-19,13.4468212,4159.67236,
3,116,10,116-10,recent_weighted_avg_margin,3.1535089,116-21,116-22,116-22,11.335453,634.158325,
3,116,11,116-11,recent_similar_distance_speed_rank,7.0,116-23,116-24,116-24,12.0863876,7304.07764,
3,116,12,116-12,prize_money_rank,3.0,116-25,116-26,116-26,10.2492228,6178.02441,
3,116,13,116-13,jockey_history_starts,19.0,116-27,116-28,116-28,14.1647921,6233.13086,
3,116,14,116-14,trainer_history_top3_excess,-0.0564615391,116-29,116-30,116-29,13.8585396,567.969971,
3,116,15,116-15,Leaf,,,,,-0.00310119404,1374.70508,
3,116,16,116-16,Leaf,,,,,-0.0077400594,364.264832,
3,116,17,116-17,Leaf,,,,,0.00326213846,22.9895687,
3,116,18,116-18,Leaf,,,,,0.0114774136,28.5698223,
3,116,19,116-19,Leaf,,,,,-0.00324740331,788.582275,
3,116,20,116-20,Leaf,,,,,0.000358833931,3371.09033,
3,116,21,116-21,Leaf,,,,,0.000902939879,181.237595,
3,116,22,116-22,Leaf,,,,,-0.00639881194,452.920746,
3,116,23,116-23,Leaf,,,,,0.0012647683,5110.24023,
3,116,24,116-24,Leaf,,,,,-0.000948926376,2193.83716,
3,116,25,116-25,Leaf,,,,,0.000580873282,1560.49634,
3,116,26,116-26,Leaf,,,,,-0.0017562703,4617.52832,
3,116,27,116-27,Leaf,,,,,-0.00345474714,380.363556,
3,116,28,116-28,Leaf,,,,,0.00146317249,5852.76709,
3,116,29,116-29,Leaf,,,,,-0.0104013076,22.9503937,
3,116,30,116-30,Leaf,,,,,0.00652066851,545.019592,
3,117,0,117-0,jockey_history_top3_excess,0.000928932161,117-1,117-2,117-2,38.9185143,26832.1309,
3,117,1,117-1,recent_finish_percentile_weighted_3_minus_race_mean,-0.0925479531,117-3,117-4,117-4,23.8780842,10390.8965,
3,117,2,117-2,recent_finish_percentile_weighted_6_rank_in_race,3.0,117-5,117-6,117-6,24.7807312,16441.2344,
3,117,3,117-3,best_finish_percentile_at_stronger_class,0.571428597,117-7,117-8,117-7,14.332489,1587.70349,
3,117,4,117-4,form_class_level_weighted_3,78.0,117-9,117-10,117-9,15.4824295,8803.19336,
3,117,5,117-5,recent_margin_std_6,2.17324638,117-11,117-12,117-12,24.8995667,6351.99707,
3,117,6,117-6,form_class_level_weighted_3,58.6666679,117-13,117-14,117-13,16.5067005,10089.2363,
3,117,7,117-7,form_class_level_weighted_3,72.0,117-15,117-16,117-15,8.9640007,766.466797,
3,117,8,117-8,trainer_history_top3_excess,-0.0841832981,117-17,117-18,117-17,9.86328793,821.236694,
3,117,9,117-9,prize_money_rank,6.0,117-19,117-20,117-20,12.6592922,7514.2002,
3,117,10,117-10,jockey_history_top3_excess,-0.00331733492,117-21,117-22,117-22,14.9689322,1288.99316,
3,117,11,117-11,recent_weighted_win_rate_rank,3.0,117-23,117-24,117-24,15.1593208,3309.83667,
3,117,12,117-12,jockey_recent_top3_excess,6.63912142e-05,117-25,117-26,117-26,14.7460833,3042.16064,
3,117,13,117-13,historical_market_overperformance_slope_3,-0.197390571,117-27,117-28,117-28,23.1740952,3891.03003,
3,117,14,117-14,recent_margin_std_6,1.60800087,117-29,117-30,117-30,11.4838295,6198.20654,
3,117,15,117-15,Leaf,,,,,-0.00825554784,533.967834,
3,117,16,117-16,Leaf,,,,,-0.00222592405,232.498917,
3,117,17,117-17,Leaf,,,,,-0.0092893308,85.1744385,
3,117,18,117-18,Leaf,,,,,-0.000708861684,736.062256,
3,117,19,117-19,Leaf,,,,,-0.000291101576,4412.80225,
3,117,20,117-20,Leaf,,,,,-0.00237605395,3101.39795,
3,117,21,117-21,Leaf,,,,,0.00250813877,1211.32581,
3,117,22,117-22,Leaf,,,,,-0.00819218066,77.6674042,
3,117,23,117-23,Leaf,,,,,0.00469971728,2127.50293,
3,117,24,117-24,Leaf,,,,,0.00115160865,1182.33362,
3,117,25,117-25,Leaf,,,,,-0.00308620278,624.142456,
3,117,26,117-26,Leaf,,,,,0.00119439769,2418.01831,
3,117,27,117-27,Leaf,,,,,0.00332961162,561.832031,
3,117,28,117-28,Leaf,,,,,-0.00211724429,3329.198,
3,117,29,117-29,Leaf,,,,,-0.00184991828,895.183411,
3,117,30,117-30,Leaf,,,,,0.00119561621,5303.02344,
3,118,0,118-0,trainer_history_top3_excess,0.0387145244,118-1,118-2,118-1,32.149929,26835.9844,
3,118,1,118-1,best_finish_percentile_at_stronger_class,0.699999988,118-3,118-4,118-3,23.0219784,15157.7334,
3,118,2,118-2,recent_finish_percentile_weighted_3_minus_race_mean,0.308223784,118-5,118-6,118-6,19.2651253,11678.25,
3,118,3,118-3,form_class_level_weighted_3,62.0,118-7,118-8,118-8,21.8431091,6705.12402,
3,118,4,118-4,good_starts,15.0,118-9,118-10,118-10,13.6212759,8452.60938,
3,118,5,118-5,trainer_history_top3_excess,0.158633247,118-11,118-12,118-12,18.8715935,9919.93164,
3,118,6,118-6,recent_last600_best_3,33.9300003,118-13,118-14,118-14,13.7970238,1758.31909,
3,118,7,118-7,prize_money_rank,13.0,118-15,118-16,118-16,13.8630753,3059.46436,
3,118,8,118-8,recent_finish_percentile_weighted_3_minus_race_mean,0.0178551674,118-17,118-18,118-17,14.2482157,3645.65991,
3,118,9,118-9,recent_last600_best_3,35.0600014,118-19,118-20,118-20,13.2703419,6431.72119,
3,118,10,118-10,best_finish_percentile_at_equal_or_higher_weight,0.0909090936,118-21,118-22,118-21,13.2474375,2020.88843,
3,118,11,118-11,prize_money_rank,5.0,118-23,118-24,118-24,15.2565002,9350.91309,
3,118,12,118-12,recent_margin_std_6,1.58965409,118-25,118-26,118-25,7.16953468,569.017883,
3,118,13,118-13,trainer_history_top3_excess,0.119646482,118-27,118-28,118-28,9.17607498,319.606964,
3,118,14,118-14,recent_finish_percentile_weighted_3_minus_race_mean,0.435119033,118-29,118-30,118-29,14.4823828,1438.71216,
3,118,15,118-15,Leaf,,,,,-0.00364150363,2950.60034,
3,118,16,118-16,Leaf,,,,,0.00510012312,108.86412,
3,118,17,118-17,Leaf,,,,,-0.00221645366,1591.52734,
3,118,18,118-18,Leaf,,,,,0.000925305008,2054.13257,
3,118,19,118-19,Leaf,,,,,0.00191450992,3169.89453,
3,118,20,118-20,Leaf,,,,,-0.000352848525,3261.82666,
3,118,21,118-21,Leaf,,,,,0.00126563571,672.058228,
3,118,22,118-22,Leaf,,,,,-0.00300565618,1348.83032,
3,118,23,118-23,Leaf,,,,,0.00148576999,4232.58301,
3,118,24,118-24,Leaf,,,,,-0.00054042082,5118.33057,
3,118,25,118-25,Leaf,,,,,-0.0,136.631088,
3,118,26,118-26,Leaf,,,,,0.00657593831,432.38681,
3,118,27,118-27,Leaf,,,,,0.00981004909,273.651764,
3,118,28,118-28,Leaf,,,,,-0.00177867804,45.9552307,
3,118,29,118-29,Leaf,,,,,0.00319642434,1310.28894,
3,118,30,118-30,Leaf,,,,,-0.00531618064,128.423218,
3,119,0,119-0,trainer_history_top3_excess,0.0161253326,119-1,119-2,119-1,32.9386063,26777.627,
3,119,1,119-1,recent_weighted_avg_margin,4.91573286,119-3,119-4,119-4,21.9953575,11591.4141,
3,119,2,119-2,recent_last600_best_3,34.7000008,119-5,119-6,119-6,18.8350716,15186.2119,
3,119,3,119-3,good_starts,11.0,119-7,119-8,119-8,14.9500284,8759.81543,
3,119,4,119-4,trainer_history_top3_excess,-0.00958582107,119-9,119-10,119-9,11.0598488,2831.59937,
3,119,5,119-5,hidden_sectional_run_best_3_gap_to_best,0.224278718,119-11,119-12,119-12,17.3191948,7005.97314,
3,119,6,119-6,hidden_sectional_run_best_3_gap_to_best,0.302492023,119-13,119-14,119-13,13.884654,8180.23926,
3,119,7,119-7,recent_margin_std_6,6.69947767,119-15,119-16,119-15,20.1538486,5818.43311,
3,119,8,119-8,jockey_recent_top3_excess,-0.0360962562,119-17,119-18,119-17,13.5522728,2941.38208,
3,119,9,119-9,jockey_history_top3_excess,0.0220648609,119-19,119-20,119-20,9.33581543,2162.81421,
3,119,10,119-10,recent_similar_distance_speed_rank,5.0,119-21,119-22,119-21,10.5338297,668.785156,
3,119,11,119-11,prize_money_rank,13.0,119-23,119-24,119-24,11.8320179,5167.15527,
3,119,12,119-12,good_starts,9.0,119-25,119-26,119-26,12.5812607,1838.81787,
3,119,13,119-13,prize_money_rank,3.0,119-27,119-28,119-28,11.6572313,7728.71436,
3,119,14,119-14,recent_weighted_win_rate_rank,2.0,119-29,119-30,119-30,15.1639357,451.525024,
3,119,15,119-15,Leaf,,,,,0.000533125771,5734.13184,
3,119,16,119-16,Leaf,,,,,-0.0111173317,84.3010178,
3,119,17,119-17,Leaf,,,,,2.04443932e-05,1334.90857,
3,119,18,119-18,Leaf,,,,,-0.00337845879,1606.47351,
3,119,19,119-19,Leaf,,,,,-0.00500469562,1394.0365,
3,119,20,119-20,Leaf,,,,,-0.00153665908,768.77771,
3,119,21,119-21,Leaf,,,,,0.00240693684,404.545349,
3,119,22,119-22,Leaf,,,,,-0.00390822673,264.239838,
3,119,23,119-23,Leaf,,,,,0.000772385276,5053.82617,
3,119,24,119-24,Leaf,,,,,0.00862085912,113.328659,
3,119,25,119-25,Leaf,,,,,0.00502431206,1349.95532,
3,119,26,119-26,Leaf,,,,,0.000327045243,488.862518,
3,119,27,119-27,Leaf,,,,,0.00200945046,1711.3136,
3,119,28,119-28,Leaf,,,,,-0.000322912849,6017.40088,
3,119,29,119-29,Leaf,,,,,0.00057284761,212.993652,
3,119,30,119-30,Leaf,,,,,-0.00846636388,238.531357,
